pmcid,issn,pubtype,pubdate
27926933,1935-2727,Journal Article,2016/12/07
27884655,2352-3964,Journal Article,2016/12/01
26934531,1935-2727,Journal Article,2016/03/02
27555815,1662-5161,Journal Article,2016/08/09
28244371,2050-084X,Journal Article,2017/02/28
27763483,0022-3859,Journal Article,2016/10/01
27654889,1935-2727,Journal Article,2016/09/21
27435464,2150-7511,Journal Article,2016/07/19
27540468,2046-1402,Journal Article,2016/06/03
27540468,2046-1402,Journal Article,2016/06/03
27643685,1935-2727,Journal Article,2016/09/19
28769893,1664-302X,Journal Article,2017/07/18
27505002,1935-2727,Journal Article,2016/08/09
27364784,2352-3964,Journal Article,2016/08/01
27111294,1935-2727,Journal Article,2016/04/25
28068342,1935-2727,Journal Article,2017/01/09
26986468,1935-2727,Journal Article,2016/03/17
27485513,2049-9957,Journal Article,2016/08/03
22389730,1935-2727,Journal Article,2012/01/01
27599469,2222-1751,Journal Article,2016/09/07
24421913,1935-2727,Journal Article,2014/01/09
28270583,2150-7511,Journal Article,2017/03/07
28033340,1935-2727,Journal Article,2016/12/29
27412129,1756-3305,Journal Article,2016/07/13
28005902,1935-2727,Journal Article,2016/12/22
28650962,1935-2727,Journal Article,2017/06/26
28742096,1935-2727,Journal Article,2017/07/24
27894320,1475-2875,Journal Article,2016/11/28
28570693,1935-2727,Journal Article,2017/06/01
28487557,2222-1751,Journal Article,2017/05/10
26998633,0003-9888,Journal Article,2016/07/01
28704362,1935-2727,Journal Article,2017/07/13
28381279,1756-3305,Journal Article,2017/04/05
28427352,1471-2334,Journal Article,2017/04/20
28448488,1935-2727,Journal Article,2017/04/27
27783682,1935-2727,Journal Article,2016/10/26
27733282,0140-6736,Comment,2016/10/08
27573623,0002-9637,Journal Article,2016/11/02
27366587,2157-3999,Journal Article,2016/06/10
28325910,2045-2322,Journal Article,2017/03/21
28345596,2041-1723,Journal Article,2017/03/27
28817610,1932-6203,Journal Article,2017/08/17
27251981,2369-2960,Journal Article,2016/06/01
27103718,2169-8287,Journal Article,2016/04/21
27312324,2045-2322,Journal Article,2016/06/17
28761900,2328-8957,Journal Article,2017/06/22
27580721,0305-1048,Journal Article,2016/10/14
27723844,1932-6203,Journal Article,2016/10/10
28087772,0737-4038,Journal Article,2017/03/01
27855636,1471-2334,Journal Article,2016/11/17
28719300,0002-9637,Journal Article,2017/07/01
28577343,2045-2322,Journal Article,2017/06/02
28086897,1471-2334,Journal Article,2017/01/13
28740159,2045-2322,Journal Article,2017/07/24
27516635,0042-9686,Journal Article,2016/08/01
28767975,0074-0276,Journal Article,2017/06/26
27584610,1517-5693,Journal Article,2016/08/01
27500641,1553-7366,Journal Article,2016/08/08
27991555,2045-2322,Journal Article,2016/12/19
27812357,1664-302X,Journal Article,2016/10/20
27994281,0042-9686,Journal Article,2016/12/01
27708473,0042-9686,Historical Article,2016/09/01
27918261,1025-496X,Journal Article,2016/11/24
27716242,1743-422X,Journal Article,2016/10/06
28481898,1935-2727,Journal Article,2017/05/08
28824594,1664-302X,Journal Article,2017/08/03
27560129,1935-2727,Journal Article,2016/08/25
28333922,1935-2727,Journal Article,2017/03/23
27148186,1664-302X,Journal Article,2016/04/19
28608813,1999-4915,Journal Article,2017/06/13
0,,,
27364935,2045-2322,Journal Article,2016/07/01
28239566,2220-3249,Journal Article,2017/02/12
28396992,0932-0067,Journal Article,2017/06/01
28217114,1664-302X,Journal Article,2017/02/03
28588942,2059-7908,Journal Article,2016/08/01
27872736,2035-3006,Journal Article,2016/11/01
28220786,2041-1723,Journal Article,2017/02/21
27336445,2092-7193,Journal Article,2016/06/16
28045901,1549-1277,Journal Article,2017/01/03
27306056,1743-422X,Journal Article,2016/06/16
27099632,1755-8166,Journal Article,2016/04/19
27244249,1932-6203,Journal Article,2016/05/31
27867910,2235-2988,Journal Article,2016/11/04
28529976,2379-5042,Journal Article,2017/05/17
27294787,1935-2727,Journal Article,2016/06/13
27423687,1742-4755,Journal Article,2016/07/16
28261663,2375-2548,Journal Article,2017/02/22
27882950,2041-1723,Journal Article,2016/11/24
28122631,1756-3305,Journal Article,2017/01/25
27774987,2045-2322,Journal Article,2016/10/24
27526349,1025-496X,Journal Article,2016/08/04
27430951,1674-800X,Journal Article,2016/08/01
28281680,2045-2322,Journal Article,2017/03/10
27339099,1529-2908,Journal Article,2016/09/01
27630820,2214-2509,Journal Article,2016/07/22
27540058,2169-8287,Journal Article,2016/08/18
23936579,1935-2727,Journal Article,2013/08/01
22953014,1935-2727,Journal Article,2012/01/01
27057874,0025-7974,Journal Article,2016/04/01
28182667,1935-2727,Journal Article,2017/02/09
27787521,2041-4889,Journal Article,2016/10/27
28125631,1932-6203,Journal Article,2017/01/26
27341420,1935-2727,Journal Article,2016/06/24
28442754,2222-1751,Journal Article,2017/04/26
28583742,2352-3964,Journal Article,2017/06/01
28250906,2008-7802,Journal Article,2017/02/07
27344225,2352-3964,Journal Article,2016/07/01
27686610,1476-0711,Journal Article,2016/09/29
27775554,2075-4450,Journal Article,2016/10/19
28325921,2222-1751,Journal Article,2017/03/22
27911897,1935-2727,Journal Article,2016/12/02
27647195,0366-6999,Journal Article,2016/10/05
28152048,1553-7366,Journal Article,2017/02/02
27633273,2045-2322,Journal Article,2016/09/16
27366020,1011-8934,Journal Article,2016/07/01
27283140,2092-7193,Journal Article,2016/05/31
28472194,1553-7366,Journal Article,2017/05/04
28747174,1471-2334,Journal Article,2017/07/26
27487767,1741-7015,Journal Article,2016/08/03
26413514,2314-6133,Journal Article,2015/01/01
28698279,2150-7511,Journal Article,2017/07/11
28746373,1553-7366,Journal Article,2017/07/26
27706105,2075-4450,Journal Article,2016/10/03
28394887,1935-2727,Journal Article,2017/04/10
27601578,2150-7511,Journal Article,2016/09/06
27878100,2220-3249,Journal Article,2016/11/12
28481883,1935-2727,Journal Article,2017/05/08
28442607,2150-7511,Journal Article,2017/04/25
28670016,0042-9686,Journal Article,2017/07/01
27688094,2352-3964,Journal Article,2016/10/01
28289727,2379-5042,Journal Article,2017/03/08
28373913,2056-5968,Journal Article,2017/03/21
27653360,0074-0276,Journal Article,2016/09/01
27578809,0261-4189,Journal Article,2016/10/17
27487998,0971-5916,Journal Article,2016/05/01
28300075,2041-1723,Journal Article,2017/03/16
28196656,2352-3964,Journal Article,2017/03/01
27955630,1471-2334,Journal Article,2016/12/12
27186984,1935-2727,Journal Article,2016/05/17
28217576,2249-4863,Journal Article,2016/07/01
27403405,2164-7844,Journal Article,2016/06/01
28085877,1935-2727,Journal Article,2017/01/13
28715409,1935-2727,Journal Article,2017/07/17
27897973,2050-084X,Journal Article,2016/11/29
27605056,1025-496X,Journal Article,2016/09/01
28326134,1860-5397,Journal Article,2017/02/09
27143490,0074-0276,Journal Article,2016/05/01
28401907,2045-2322,Journal Article,2017/04/12
27278486,1743-422X,Journal Article,2016/06/08
27818091,1517-8382,Journal Article,2016/12/01
27658737,2352-3964,Journal Article,2016/10/01
27706382,0074-0276,Journal Article,2016/10/01
28337406,2211-3355,Journal Article,2017/03/01
28100662,2046-2441,Journal Article,2017/01/01
27934901,2045-2322,Journal Article,2016/12/09
27542178,1025-496X,Journal Article,2016/08/11
28153056,1742-4755,Journal Article,2017/02/02
28209840,2169-8287,Journal Article,2017/02/16
28345656,2041-1723,Journal Article,2017/03/27
28798323,2045-2322,Journal Article,2017/08/10
28794424,2045-2322,Journal Article,2017/08/09
27893824,1932-6203,Journal Article,2016/11/28
28480282,2328-8957,Journal Article,2017/02/03
27704051,2379-5042,Journal Article,2016/09/28
28744282,1664-302X,Journal Article,2017/07/11
28068904,1471-2334,Journal Article,2017/01/10
27990321,2157-3999,Journal Article,2016/05/31
28539654,2045-2322,Journal Article,2017/05/24
27822207,1664-302X,Journal Article,2016/10/24
28562637,1932-6203,Journal Article,2017/05/31
28435428,1611-2156,Journal Article,2017/01/13
28650987,1932-6203,Journal Article,2017/06/26
27156023,1931-3128,Journal Article,2016/06/08
27293547,2045-3701,Journal Article,2016/06/10
27759009,2045-2322,Journal Article,2016/10/19
27355468,0034-8910,Journal Article,2016/06/27
27654962,1935-2727,Journal Article,2016/09/21
27541001,1935-2727,Journal Article,2016/08/19
27588756,1935-2727,Journal Article,2016/09/02
28422007,1025-496X,Journal Article,2017/04/06
28321362,2167-8359,Journal Article,2017/03/16
27553173,2222-1751,Journal Article,2016/08/24
28765581,2041-1723,Journal Article,2017/08/01
27821887,0042-9686,Journal Article,2016/11/01
28443985,0074-0276,Journal Article,2017/05/01
27143174,0100-879X,Journal Article,2016/01/01
28672028,1935-2727,Journal Article,2017/07/03
28645311,2051-5960,Journal Article,2017/06/23
27916837,1999-4915,Journal Article,2016/11/29
28388922,1743-422X,Journal Article,2017/04/07
28116673,1355-0284,Journal Article,2017/06/01
28187183,1932-6203,Journal Article,2017/02/10
25299181,1935-2727,Journal Article,2014/10/09
26101272,0002-9637,Journal Article,2015/08/01
28450714,2045-2322,Journal Article,2017/04/27
28316896,2167-8359,Journal Article,2017/03/14
28421065,1664-302X,Journal Article,2017/04/04
27693104,2352-3964,Journal Article,2016/10/01
27564232,1935-2727,Journal Article,2016/08/26
28339472,1935-2727,Journal Article,2017/03/24
28796799,1932-6203,Journal Article,2017/08/10
25310102,1932-6203,Journal Article,2014/10/13
27093860,2049-9957,Journal Article,2016/04/19
27909576,2046-1402,Journal Article,2016/10/14
28231241,1935-2727,Journal Article,2017/02/23
28656018,0044-0086,Journal Article,2017/06/23
28742068,2041-1723,Journal Article,2017/07/25
27149521,1935-2727,Journal Article,2016/05/05
27070912,1935-2727,Journal Article,2016/04/12
27835966,1471-2334,Journal Article,2016/11/11
28736678,2157-3999,Journal Article,2017/05/03
28176006,0300-8584,Journal Article,2017/04/01
27478378,1176-6328,Journal Article,2016/07/14
28275585,2235-2988,Journal Article,2017/02/22
28141843,1932-6203,Journal Article,2017/01/31
27069825,2167-8359,Journal Article,2016/04/05
26980239,2222-1751,Journal Article,2016/03/16
27717627,2352-3964,Journal Article,2016/11/01
28798738,1664-302X,Journal Article,2017/07/26
27330653,1936-900X,Journal Article,2016/05/01
28006649,1025-496X,Journal Article,2016/12/15
27418843,1178-6973,Journal Article,2016/06/28
26702627,0300-8584,Journal Article,2016/06/01
28591218,1932-6203,Journal Article,2017/06/07
28442752,2222-1751,Journal Article,2017/04/26
28700665,1932-6203,Journal Article,2017/07/10
28253931,1742-2094,Journal Article,2017/03/03
26527535,1471-2334,Journal Article,2015/11/02
27163257,1935-2727,Journal Article,2016/05/10
28090318,2050-0068,Journal Article,2016/12/16
27093158,1935-2727,Journal Article,2016/04/19
27075009,0959-8138,Journal Article,2016/04/13
27599470,2222-1751,Journal Article,2016/09/07
28771605,1553-7366,Journal Article,2017/08/03
28128342,2045-2322,Journal Article,2017/01/27
27303640,2046-1402,Journal Article,2016/05/27
28357156,2157-3999,Journal Article,2017/02/22
28599659,1743-422X,Journal Article,2017/06/09
28278237,1553-7366,Journal Article,2017/03/09
27542120,1025-496X,Journal Article,2016/08/11
28399888,1743-422X,Journal Article,2017/04/11
26020623,1932-6203,Journal Article,2015/05/28
28815211,2379-5042,Journal Article,2017/07/26
28344900,2167-8359,Journal Article,2017/03/21
28250532,0042-9686,Journal Article,2017/03/01
28127399,1754-1611,Journal Article,2017/01/23
28686621,1932-6203,Journal Article,2017/07/07
28241773,1742-4755,Journal Article,2017/02/28
24148652,1743-422X,Evaluation Studies,2013/10/22
24516683,1935-2727,Journal Article,2014/02/06
28667332,2045-2322,Journal Article,2017/06/30
28127671,1355-0284,Journal Article,2017/06/01
28413745,2168-8184,Journal Article,2017/03/16
28630032,2369-2960,Journal Article,2017/06/19
27584813,1932-6203,Journal Article,2016/09/01
28119857,2235-2988,Journal Article,2017/01/09
27279226,0028-0836,Journal Article,2016/06/09
27355570,0028-0836,Journal Article,2016/08/25
28008958,2045-2322,Journal Article,2016/12/23
28702470,2328-8957,Journal Article,2017/05/18
28094237,2352-3964,Journal Article,2017/02/01
27977671,1935-2727,Journal Article,2016/12/15
26078854,2045-7758,Journal Article,2015/06/01
27706161,1935-2727,Journal Article,2016/10/05
27453325,2352-3964,Journal Article,2016/08/01
27134732,2046-1402,Journal Article,2016/04/05
28468854,0095-1137,Journal Article,2017/07/01
27174054,1001-0602,Journal Article,2016/06/01
28500817,0002-9637,Journal Article,2017/05/01
26941134,2169-8287,Journal Article,2016/03/03
28604797,1935-2727,Journal Article,2017/06/12
28066354,1664-302X,Journal Article,2016/12/19
27352279,2041-1723,Journal Article,2016/06/28
28542585,1553-7366,Journal Article,2017/05/25
28589934,2041-1723,Journal Article,2017/06/07
27746901,2046-1402,Journal Article,2016/03/03
27746901,2046-1402,Journal Article,2016/03/03
27768698,1935-2727,Evaluation Studies,2016/10/21
27713505,2045-2322,Journal Article,2016/10/07
27555311,2150-7511,Journal Article,2016/08/23
27934884,2045-2322,Journal Article,2016/12/09
27855206,1553-7366,Journal Article,2016/11/17
28112162,2045-2322,Journal Article,2017/01/23
28643775,2041-1723,Journal Article,2017/06/23
28715413,1935-2727,Journal Article,2017/07/17
28510593,1932-6203,Journal Article,2017/05/16
27783679,1935-2727,Journal Article,2016/10/26
28610628,1471-2334,Journal Article,2017/06/13
28216147,2213-6711,Journal Article,2017/03/14
28448611,1932-6203,Journal Article,2017/04/27
27452806,1025-496X,Journal Article,2016/07/14
26938868,1935-2727,Journal Article,2016/03/03
28317856,2045-2322,Journal Article,2017/03/20
28775298,2045-2322,Journal Article,2017/08/03
27554037,2045-2322,Journal Article,2016/08/24
28420392,1743-422X,Journal Article,2017/04/18
27729643,2222-1751,Journal Article,2016/10/12
26914330,1935-2727,Journal Article,2016/02/25
28359304,1471-2334,Journal Article,2017/03/31
28649357,2045-7758,Journal Article,2017/05/15
28095443,1932-6203,Journal Article,2017/01/17
28151488,0028-0836,Journal Article,2017/03/09
27729840,1598-866X,Journal Article,2016/09/01
28775961,2235-2988,Journal Article,2017/07/20
28593119,2211-3355,Journal Article,2017/05/18
28174309,2150-7511,Journal Article,2017/02/07
27746763,1664-2295,Journal Article,2016/09/30
27134823,2214-2509,Journal Article,2016/04/07
27015222,0025-7974,Journal Article,2016/03/01
27022155,0002-9637,Journal Article,2016/06/01
28622346,1935-2727,Journal Article,2017/06/16
26061233,0074-0276,Journal Article,2015/06/01
28106528,1025-496X,Journal Article,2017/01/12
28542540,1932-6203,Journal Article,2017/05/24
28661429,1999-4915,Journal Article,2017/06/29
28278235,1553-7366,Journal Article,2017/03/09
27205899,1935-2727,Journal Article,2016/05/20
27090089,2050-084X,Journal Article,2016/04/19
27598421,1935-2727,Journal Article,2016/09/06
28231312,1553-7366,Journal Article,2017/02/23
28098253,2045-2322,Journal Article,2017/01/18
27679623,1664-302X,Journal Article,2016/09/13
27982355,0036-4665,Journal Article,2016/12/08
27306491,0003-2700,Journal Article,2016/07/19
28728607,1756-3305,Journal Article,2017/07/20
28249158,2211-1247,Journal Article,2017/02/28
28092456,2326-5094,Journal Article,2017/01/01
28081143,1935-2727,Journal Article,2017/01/12
28205633,2045-2322,Journal Article,2017/02/16
27578819,1058-4838,Journal Article,2016/12/15
28203251,1687-708X,Journal Article,2017/01/01
27080092,0256-7040,Journal Article,2016/06/01
28379952,1935-2727,Journal Article,2017/04/05
28516037,2214-2509,Journal Article,2017/05/04
28345600,2041-1723,Journal Article,2017/03/27
28542611,1932-6203,Journal Article,2017/05/24
27684526,1025-496X,Journal Article,2016/09/22
28810265,0146-0404,Journal Article,2017/08/01
27158557,2157-3999,Journal Article,2016/04/15
27209175,0300-8126,Journal Article,2016/12/01
28468671,1471-2334,Journal Article,2017/05/04
27747251,2328-8957,Journal Article,2016/08/30
28066317,1664-2295,Journal Article,2016/12/22
28325935,2045-2322,Journal Article,2017/03/21
28128730,1025-496X,Journal Article,2017/01/19
28174559,1664-302X,Journal Article,2017/01/24
28060809,1932-6203,Journal Article,2017/01/06
28264033,1553-7366,Journal Article,2017/03/06
28680856,2235-2988,Journal Article,2017/06/21
27686742,2045-2322,Journal Article,2016/09/30
27581122,0074-0276,Journal Article,2016/08/01
28114414,1935-2727,Journal Article,2017/01/23
28453839,0022-1899,Journal Article,2017/03/15
28674411,2045-2322,Journal Article,2017/07/03
28465426,2150-7511,Journal Article,2017/05/02
27997547,1935-2727,Journal Article,2016/12/20
28372356,1975-8375,Journal Article,2017/03/01
28742857,1932-6203,Journal Article,2017/07/25
28348757,2053-3721,Journal Article,2016/06/10
28719283,0002-9637,Journal Article,2017/06/01
28077143,1755-8794,Journal Article,2017/01/11
28095405,1935-2727,Journal Article,2017/01/17
28724972,2045-2322,Journal Article,2017/07/19
28302072,1471-2334,Journal Article,2017/03/16
27829439,1742-4682,Journal Article,2016/11/09
28050952,1517-5693,Journal Article,2016/12/01
28536443,2045-2322,Journal Article,2017/05/23
28283425,2352-3964,Journal Article,2017/03/01
27845325,2041-1723,Journal Article,2016/11/15
27915293,0305-1048,Journal Article,2016/12/01
28163928,2056-9920,Journal Article,2017/02/01
27833670,1936-900X,Journal Article,2016/11/01
28754167,1756-0500,Journal Article,2017/07/28
27174284,2169-8287,Journal Article,2016/05/12
28785601,2352-7714,Journal Article,2017/07/01
28232448,2169-8287,Journal Article,2017/02/23
27703544,0351-0026,Journal Article,2016/09/13
28448519,1932-6203,Journal Article,2017/04/27
27274849,2052-2975,Journal Article,2016/03/08
28747901,1664-302X,Journal Article,2017/07/12
28153043,1742-4755,Evaluation Studies,2017/02/02
28336600,2169-8287,Journal Article,2017/03/23
26884455,0002-9637,Journal Article,2016/08/03
28122329,1949-2553,Journal Article,2017/02/28
28717366,1687-9686,Journal Article,2017/01/01
28018746,2157-3999,Journal Article,2016/11/15
28051181,2045-2322,Journal Article,2017/01/04
28542603,1553-7366,Evaluation Studies,2017/05/25
27776548,1742-2094,Journal Article,2016/10/24
28656176,2379-5042,Journal Article,2017/06/21
27174274,2169-8287,Journal Article,2016/05/12
27852793,0022-1007,Journal Article,2016/12/12
28053996,2328-8957,Journal Article,2016/10/03
24944843,2157-3999,Journal Article,2014/06/02
27541989,1025-496X,Journal Article,2016/08/11
28348794,2053-3721,Journal Article,2016/12/19
27366586,2157-3999,Journal Article,2016/05/31
28740150,2045-2322,Journal Article,2017/07/24
28239447,2045-3701,Journal Article,2017/02/20
28441781,1999-4915,Journal Article,2017/04/24
27587826,2169-8287,Journal Article,2016/09/01
28424472,2045-2322,Journal Article,2017/04/19
28293228,1664-302X,Journal Article,2017/02/28
27738033,2169-8287,Journal Article,2016/10/13
28579869,1179-5735,Journal Article,2017/05/01
28534929,1415-4757,Journal Article,2017/04/01
28074025,2150-7511,Journal Article,2017/01/10
24903869,2169-8287,Journal Article,2014/06/05
28418744,2326-5094,Journal Article,2017/03/01
27692070,2050-084X,Journal Article,2016/10/01
28649242,1664-3224,Journal Article,2017/06/09
28542240,1935-2727,Journal Article,2017/05/19
28598357,2227-9067,Journal Article,2017/06/09
28448507,1935-2727,Journal Article,2017/04/27
28508009,2332-7812,Journal Article,2017/05/02
28767730,1932-6203,Journal Article,2017/08/02
28291746,2053-230X,Journal Article,2017/03/01
28418738,2326-5094,Journal Article,2017/03/01
27679739,2157-3999,Journal Article,2016/09/07
28083537,2296-889X,Journal Article,2016/12/27
27383987,0028-0836,Journal Article,2016/07/07
28347332,1742-4682,Journal Article,2017/03/27
27605159,1025-496X,Journal Article,2016/09/01
28617808,1935-2727,Journal Article,2017/06/15
28426680,1932-6203,Journal Article,2017/04/20
28123859,2157-3999,Journal Article,2016/12/13
28468299,1999-4915,Journal Article,2017/04/30
27304097,0074-0276,Journal Article,2016/06/01
27849039,2045-2322,Journal Article,2016/11/16
27832058,1935-2727,Journal Article,2016/11/10
28471403,1424-8247,Journal Article,2017/05/04
28333617,1025-496X,Journal Article,2017/03/16
27509902,0959-8138,Journal Article,2016/08/09
28450510,2169-8287,Journal Article,2017/04/27
27773535,1931-3128,Journal Article,2016/11/09
27773535,1931-3128,Journal Article,2016/11/09
28382163,1838-7640,Journal Article,2017/02/12
28651016,1932-6203,Evaluation Studies,2017/06/26
27848978,2045-2322,Journal Article,2016/11/16
27617170,2157-3999,Journal Article,2016/08/16
28036370,1553-7366,Journal Article,2016/12/30
27583097,1937-8688,Journal Article,2016/05/09
28069071,1756-0500,Journal Article,2017/01/10
27187593,1932-6203,Journal Article,2016/05/17
28577363,1756-3305,Journal Article,2017/06/02
27716414,2047-217X,Journal Article,2016/10/06
27606053,2046-1402,Journal Article,2016/08/09
28149405,1640-5544,Journal Article,2016/10/14
27633330,2211-1247,Journal Article,2016/09/20
28095414,1549-1277,Journal Article,2017/01/17
28506240,1743-422X,Journal Article,2017/05/15
28352303,1792-0981,Journal Article,2017/02/01
28703771,1999-4915,Journal Article,2017/07/13
27508088,2094-7321,Journal Article,2016/04/22
27622521,1553-7366,Journal Article,2016/09/13
28683141,1932-6203,Journal Article,2017/07/06
28606155,1743-422X,Journal Article,2017/06/12
28223455,2150-7511,Journal Article,2017/02/21
28152011,1932-6203,Journal Article,2017/02/02
28420742,2150-7511,Journal Article,2017/04/18
28487506,2045-2322,Journal Article,2017/05/09
28217117,1664-302X,Journal Article,2017/02/03
27532496,1932-6203,Journal Article,2016/08/17
27664127,1756-3305,Journal Article,2016/09/23
28579763,1178-122X,Journal Article,2017/03/15
28811345,2150-7511,Journal Article,2017/08/15
28446752,2041-1723,Journal Article,2017/04/26
28273394,1462-5814,Journal Article,2017/05/01
27654806,1935-2727,Journal Article,2016/09/21
27824100,2045-2322,Journal Article,2016/11/08
28717710,2378-9506,Journal Article,2016/04/27
28822354,1021-7770,Journal Article,2017/08/20
27459519,1935-2727,Journal Article,2016/07/26
27508060,2046-1402,Journal Article,2016/06/16
27508060,2046-1402,Journal Article,2016/06/16
27491989,2169-8287,Journal Article,2016/08/04
27809220,2075-4450,Journal Article,2016/10/30
28232955,2375-2548,Journal Article,2017/02/17
27419175,2328-8957,Journal Article,2016/05/19
27242166,0022-1007,Clinical Trial,2016/06/27
28515967,2157-3999,Journal Article,2016/03/16
28720733,2150-7511,Journal Article,2017/07/18
28239513,2157-3999,Journal Article,2017/01/25
28103802,1471-2164,Journal Article,2017/01/19
27115737,1935-2727,Journal Article,2016/04/26
28435330,1179-142X,Journal Article,2017/04/03
27464886,1756-3305,Journal Article,2016/07/27
27812601,0074-0276,Journal Article,2016/12/01
27679755,2214-2509,Journal Article,2016/09/15
26355096,0022-538X,Journal Article,2015/12/01
27473856,1743-422X,Journal Article,2016/07/29
28187780,2049-9957,Journal Article,2017/02/10
28286698,2157-3999,Journal Article,2017/01/30
28614387,1553-7366,Journal Article,2017/06/14
28199323,1932-6203,Journal Article,2017/02/15
28533023,1672-0229,Journal Article,2017/06/01
27402594,0012-1606,Journal Article,2016/12/15
27330849,2157-3999,Journal Article,2016/02/01
27685649,1935-2727,Journal Article,2016/09/29
28751385,2169-8287,Journal Article,2017/07/27
27066299,2157-3999,Journal Article,2016/03/16
28596952,2296-2360,Journal Article,2017/05/24
27871327,1744-8603,Journal Article,2016/11/21
28592864,2045-2322,Journal Article,2017/06/07
28320443,1756-3305,Journal Article,2017/03/20
27881148,1756-3305,Journal Article,2016/11/24
27273325,0018-067X,Journal Article,2016/09/01
28207819,1932-6203,Journal Article,2017/02/16
27375618,1664-3224,Journal Article,2016/06/06
28736717,2214-2509,Journal Article,2017/07/08
27280061,2157-3999,Journal Article,2016/05/09
26931565,1743-422X,Journal Article,2016/03/01
27389584,1553-7366,Journal Article,2016/07/07
26910315,2050-084X,Evaluation Studies,2016/02/24
28428164,2369-2960,Journal Article,2017/04/20
27788135,1935-2727,Journal Article,2016/10/27
28539440,0022-538X,Journal Article,2017/07/12
28421048,1664-302X,Journal Article,2017/04/03
27688710,1178-6264,Journal Article,2016/09/22
27275816,1422-0067,Journal Article,2016/06/06
28103255,1935-2727,Journal Article,2017/01/19
28187130,1935-2727,Journal Article,2017/02/10
27695107,1932-6203,Journal Article,2016/10/03
27617166,2157-3999,Journal Article,2016/06/08
28177042,0074-0276,Journal Article,2017/02/01
28262718,2045-2322,Journal Article,2017/03/06
28821226,1471-2164,Journal Article,2017/08/18
28030537,1935-2727,Journal Article,2016/12/28
28081120,1935-2727,Journal Article,2017/01/12
28740124,2045-2322,Journal Article,2017/07/24
28239382,1664-3224,Journal Article,2017/02/10
27416771,1756-3305,Journal Article,2016/07/14
28241828,1741-7007,Journal Article,2017/02/28
27764114,1935-2727,Journal Article,2016/10/20
27814732,1743-422X,Journal Article,2016/11/04
28644900,1935-2727,Journal Article,2017/06/23
28422157,2045-2322,Journal Article,2017/04/19
23410000,1743-422X,Evaluation Studies,2013/02/14
28697811,1756-3305,Journal Article,2017/07/11
27367734,2076-393X,Journal Article,2016/06/29
27643596,1935-2727,Journal Article,2016/09/19
28775720,1664-302X,Journal Article,2017/07/20
28713857,2379-5042,Journal Article,2017/07/12
28103832,1471-2334,Journal Article,2017/01/19
27647685,1600-6135,Journal Article,2017/03/01
28560177,2214-2509,Journal Article,2017/05/21
27623840,0959-8138,Journal Article,2016/09/13
27849636,0951-7375,Journal Article,2017/02/01
26406240,1935-2727,Journal Article,2015/09/25
28558030,1935-2727,Journal Article,2017/05/30
28328962,1553-7366,Journal Article,2017/03/22
28716770,1929-0748,Journal Article,2017/07/17
28676109,1471-2164,Journal Article,2017/07/05
28102850,2041-4889,Journal Article,2017/01/19
28742762,0041-1337,Journal Article,2017/08/01
28558804,1756-3305,Journal Article,2017/05/30
28347326,1756-3305,Journal Article,2017/03/27
28193291,1756-3305,Journal Article,2017/02/13
27128312,1935-2727,Journal Article,2016/04/29
28815200,2374-2895,Journal Article,2017/07/16
28761128,2045-2322,Journal Article,2017/07/31
28587300,1999-4915,Journal Article,2017/06/06
28785095,2045-2322,Journal Article,2017/08/07
28279150,1471-2334,Journal Article,2017/03/09
25421891,1999-4915,Journal Article,2014/11/24
25885461,1756-3305,Journal Article,2015/03/31
27821886,0042-9686,Journal Article,2016/11/01
27532497,1932-6203,Evaluation Studies,2016/08/17
27899678,0305-1048,Journal Article,2017/01/04
28423421,1536-2442,Journal Article,2017/01/01
27304211,1935-2727,Journal Article,2016/06/15
27834891,1999-4915,Journal Article,2016/11/09
28231846,1756-3305,Journal Article,2017/02/23
28727779,1935-2727,Journal Article,2017/07/20
27457250,1756-3305,Journal Article,2016/07/25
27212842,0973-2063,Journal Article,2016/01/31
27834855,1999-4915,Journal Article,2016/11/09
27583521,1935-2727,Journal Article,2016/09/01
28811340,2150-7511,Journal Article,2017/08/15
28330482,1742-2094,Journal Article,2017/03/22
25404070,0002-9637,Journal Article,2015/02/01
28018968,2379-3708,Journal Article,2016/12/22
27083158,1756-3305,Journal Article,2016/04/15
28570608,1544-9173,Journal Article,2017/06/01
28732048,1932-6203,Journal Article,2017/07/21
19945487,0166-3542,Journal Article,2010/08/01
28265266,1664-302X,Journal Article,2017/02/20
28092453,2326-5094,Journal Article,2017/01/01
26372010,1935-2727,Journal Article,2015/09/15
27881181,1756-3305,Journal Article,2016/11/23
27366163,1712-9532,Journal Article,2016/01/01
28534525,2041-1723,Journal Article,2017/05/23
27827425,2045-2322,Journal Article,2016/11/09
27124663,1935-2727,Journal Article,2016/04/28
28462045,2167-8359,Journal Article,2017/04/27
28394283,1999-4915,Journal Article,2017/04/10
28186093,2041-1723,Journal Article,2017/02/10
28480053,2057-1577,Journal Article,2017/05/03
27903277,1743-422X,Journal Article,2016/11/30
28676848,2235-2988,Journal Article,2017/06/20
26527283,1471-2334,Journal Article,2015/11/02
28545111,1935-2727,Journal Article,2017/05/18
26918158,2046-1402,Journal Article,2016/01/19
28443089,1664-302X,Journal Article,2017/04/11
28624906,0939-5555,Journal Article,2017/08/01
28531165,1999-4915,Journal Article,2017/05/22
27231932,1999-4915,Journal Article,2016/05/24
28646879,1756-3305,Journal Article,2017/06/24
27455096,1932-6203,Journal Article,2016/07/25
28480297,2328-8957,Journal Article,2017/03/04
27906961,1935-2727,Journal Article,2016/12/01
28819257,2045-2322,Journal Article,2017/08/17
27500084,2214-2509,Journal Article,2016/07/25
26038768,2222-1751,Journal Article,2015/03/01
28327173,1756-3305,Journal Article,2017/03/21
27008550,1932-6203,Journal Article,2016/03/23
28421042,1664-302X,Journal Article,2017/04/04
28721309,2164-2591,Journal Article,2017/07/14
28748176,2235-2988,Journal Article,2017/07/12
28289259,0962-8436,Journal Article,2017/05/05
28248978,1935-2727,Journal Article,2017/03/01
28821712,2045-2322,Journal Article,2017/08/18
27717314,1471-2334,Journal Article,2016/10/07
25522325,1935-2727,Journal Article,2014/12/18
27153063,1422-0067,Journal Article,2016/05/04
28482830,1471-2458,Journal Article,2017/05/08
28347325,1756-3305,Journal Article,2017/03/27
28650959,1935-2727,Journal Article,2017/06/26
28719659,1935-2727,Evaluation Studies,2017/07/18
27707930,0022-538X,Journal Article,2016/11/28
24917859,1664-302X,Journal Article,2014/06/03
28090535,2314-6133,Editorial,2016/01/01
28096800,1664-3224,Journal Article,2017/01/03
25722614,0974-777X,Journal Article,2015/01/01
28814655,0962-8452,Journal Article,2017/08/16
28704434,1935-2727,Journal Article,2017/07/13
28808558,2045-7758,Journal Article,2017/06/23
27690112,2075-4450,Journal Article,2016/09/28
28680095,2045-2322,Journal Article,2017/07/05
28278189,1553-7366,Journal Article,2017/03/09
28096646,1176-9343,Journal Article,2017/01/10
26075598,1932-6203,Journal Article,2015/06/15
28192520,1935-2727,Journal Article,2017/02/13
28791258,2235-2988,Journal Article,2017/07/25
28279191,1756-3305,Journal Article,2017/03/09
27345730,2045-2322,Journal Article,2016/06/27
26247366,1932-6203,Journal Article,2015/08/06
28333935,1935-2727,Journal Article,2017/03/23
28253306,1932-6203,Journal Article,2017/03/02
27783949,2211-1247,Journal Article,2016/10/25
27759770,0074-0276,Journal Article,2016/11/01
23119060,1932-6203,Journal Article,2012/01/01
28524874,2041-1723,Journal Article,2017/05/19
28122637,1756-3305,Journal Article,2017/01/25
28650973,1932-6203,Journal Article,2017/06/26
28260529,2049-9957,Journal Article,2017/03/06
27144888,1935-2727,Journal Article,2016/05/04
28058113,2057-1577,Journal Article,2016/10/26
27249063,1935-2727,Journal Article,2016/06/01
28074128,0778-7367,Journal Article,2017/01/06
27610098,1664-302X,Journal Article,2016/08/25
27135922,1935-2727,Journal Article,2016/05/02
28267749,1935-2727,Journal Article,2017/03/07
28290554,2045-2322,Journal Article,2017/03/14
28781765,2046-1402,Journal Article,2017/07/25
25774068,0165-0653,Journal Article,2015/01/01
27564984,2326-5094,Historical Article,2016/09/01
27806117,1553-7366,Journal Article,2016/11/02
27657544,1932-6203,Journal Article,2016/09/22
28662031,1935-2727,Journal Article,2017/06/29
27941985,1932-6203,Journal Article,2016/12/12
28096803,1664-3224,Journal Article,2017/01/03
27981441,1355-0284,Journal Article,2017/06/01
28059148,2045-2322,Journal Article,2017/01/06
28223982,1664-302X,Journal Article,2017/02/07
28068335,1935-2727,Journal Article,2017/01/09
28403438,0022-1899,Journal Article,2017/03/01
28591313,0074-0276,Journal Article,2017/07/01
27626642,1932-6203,Journal Article,2016/09/14
27703172,2045-2322,Journal Article,2016/10/05
28099652,0034-8910,Journal Article,2016/12/22
28539441,0022-538X,Journal Article,2017/07/12
28348067,1744-4292,Journal Article,2017/03/27
28418737,2326-5094,Journal Article,2017/03/01
28670306,1664-302X,Journal Article,2017/06/16
24478593,1348-8945,Journal Article,2013/12/01
28157234,2045-2322,Journal Article,2017/02/03
28208639,2075-4450,Journal Article,2017/02/10
27733281,0140-6736,Comment,2016/10/08
28278157,1935-2727,Journal Article,2017/03/09
28767977,0074-0276,Journal Article,2017/08/01
28400948,2047-2978,Journal Article,2017/06/01
28426723,1935-2727,Journal Article,2017/04/20
27479197,1935-2727,Journal Article,2016/08/01
28824886,2235-2988,Journal Article,2017/08/04
28369462,2047-217X,Journal Article,2017/02/01
27736884,1932-6203,Journal Article,2016/10/13
28661391,1025-496X,Journal Article,2017/06/15
27563890,1422-0067,Journal Article,2016/08/24
26784852,0074-0276,Journal Article,2016/01/01
27129407,1471-2334,Journal Article,2016/04/29
28750651,1756-3305,Journal Article,2017/07/27
28771468,1935-2727,Journal Article,2017/08/03
28699636,2041-1723,Journal Article,2017/07/12
27362353,1553-7366,Journal Article,2016/06/30
28094802,2045-2322,Journal Article,2017/01/17
28542609,1553-7366,Journal Article,2017/05/18
28350815,1932-6203,Journal Article,2017/03/28
28335410,1999-4915,Journal Article,2017/03/13
28473973,2296-2565,Journal Article,2017/04/20
28379967,1935-2727,Journal Article,2017/04/05
28791003,1664-302X,Journal Article,2017/07/25
27610227,2046-1402,Journal Article,2016/08/19
28653620,2050-084X,Journal Article,2017/06/27
28135281,1935-2727,Journal Article,2017/01/30
28261185,1664-302X,Journal Article,2017/02/15
27606960,1935-2727,Journal Article,2016/09/08
28284914,1201-9712,Journal Article,2017/05/01
28845206,1927-646X,Journal Article,2017/01/01
27906987,1935-2727,Journal Article,2016/12/01
27274912,2164-7844,Journal Article,2016/05/01
26839785,2214-2509,Journal Article,2014/11/03
27164125,1999-4915,Journal Article,2016/05/05
28635667,1999-4915,Journal Article,2017/06/21
28506207,1471-2164,Journal Article,2017/05/15
27915387,0742-2091,Journal Article,2017/04/01
28605881,2191-0855,Journal Article,2017/12/01
27805064,2045-2322,Journal Article,2016/11/02
26838717,2150-7511,Journal Article,2016/02/02
28693453,1471-2458,Journal Article,2017/07/10
28623344,2045-2322,Journal Article,2017/06/16
28222127,1935-2727,Journal Article,2017/02/21
28655327,1756-994X,Journal Article,2017/06/27
26463204,2075-4450,Journal Article,2015/06/11
27775650,2072-6694,Journal Article,2016/10/21
28301568,1932-6203,Journal Article,2017/03/16
28400768,1664-302X,Journal Article,2017/03/28
28774315,1744-8603,Journal Article,2017/08/03
28114328,1935-2727,Journal Article,2017/01/23
27979975,1469-221X,Journal Article,2017/01/01
26850640,0305-1048,Journal Article,2016/04/20
27808119,2045-2322,Journal Article,2016/11/03
26994075,0099-2240,Journal Article,2016/05/02
27884135,1476-072X,Journal Article,2016/11/25
27501302,1932-6203,Journal Article,2016/08/08
28463237,2158-3188,Journal Article,2017/05/02
27774000,1179-5557,Journal Article,2016/10/13
28143615,1743-422X,Journal Article,2017/01/31
28362820,1932-6203,Journal Article,2017/03/31
27549586,0022-1899,Evaluation Studies,2016/10/15
27494405,1935-2727,Journal Article,2016/08/05
28482806,1471-2105,Journal Article,2017/05/08
28349961,2045-2322,Journal Article,2017/03/28
27733330,2369-2960,Journal Article,2016/10/12
21994633,1999-4915,Journal Article,2010/12/01
26962084,0095-1137,Evaluation Studies,2016/05/01
28092487,2326-5094,Journal Article,2017/01/01
23418179,1759-6653,Journal Article,2013/01/01
27706377,0074-0276,Journal Article,2016/10/01
28423596,1949-2553,Journal Article,2017/04/04
24603874,1935-2727,Evaluation Studies,2014/03/06
27310141,1553-7366,Journal Article,2016/06/16
28031301,2169-575X,Journal Article,2016/12/28
27733283,0140-6736,Comment,2016/10/08
28562615,1932-6203,Journal Article,2017/05/31
27322644,1935-2727,Journal Article,2016/06/20
27651977,2157-3999,Journal Article,2016/08/25
25606971,1999-4915,Journal Article,2015/01/19
27149616,1553-7390,Journal Article,2016/05/05
28414738,1932-6203,Journal Article,2017/04/17
28650970,1935-2727,Journal Article,2017/06/26
27713106,0091-6765,Journal Article,2017/04/01
28106839,1999-4915,Journal Article,2017/01/19
28388682,1935-2727,Journal Article,2017/04/07
28038465,1949-2553,Journal Article,2017/01/31
27101839,1252-607X,Journal Article,2016/01/01
28684777,2045-2322,Journal Article,2017/07/06
28588973,2059-7908,Journal Article,2016/11/24
27627758,1935-2727,Journal Article,2016/09/14
28396469,0962-8436,Journal Article,2017/05/26
26462422,2075-4450,Journal Article,2013/07/02
28286767,2314-6133,Journal Article,2017/01/01
28740517,1687-9686,Journal Article,2017/01/01
27366585,2157-3999,Journal Article,2016/05/25
27562253,2058-5276,Journal Article,2016/06/20
28161420,0264-410X,Journal Article,2017/03/01
27333276,1935-2727,Journal Article,2016/06/22
28009841,1999-4915,Journal Article,2016/12/21
27899441,0022-1007,Journal Article,2016/12/12
28083099,2054-5703,Journal Article,2016/12/07
28729711,2045-2322,Journal Article,2017/07/20
28289251,0962-8436,Journal Article,2017/05/05
28824641,1664-3224,Journal Article,2017/08/02
27682269,2045-2322,Journal Article,2016/09/29
28660187,2296-858X,Journal Article,2017/06/12
28348606,1687-9805,Journal Article,2017/01/01
28572990,2054-5703,Journal Article,2017/05/17
27737431,0103-507X,Journal Article,2016/09/01
28413724,2167-8359,Journal Article,2017/04/11
27280803,1935-2727,Journal Article,2016/06/09
26580074,1935-2727,Journal Article,2015/11/18
27894418,2050-084X,Journal Article,2016/11/29
28556800,2076-393X,Journal Article,2017/05/30
28066439,1664-3224,Journal Article,2016/12/21
28761387,1179-7266,Journal Article,2017/07/13
27744353,2050-6201,Journal Article,2016/10/15
28665957,1935-2727,Journal Article,2017/06/30
28720113,1756-3305,Journal Article,2017/07/18
25412181,1932-6203,Journal Article,2014/11/20
28662144,1932-6203,Journal Article,2017/06/29
27294951,1999-4915,Journal Article,2016/06/11
28115625,0305-1048,Journal Article,2017/05/05
28231175,2304-8158,Journal Article,2016/11/29
28775974,2287-3651,Journal Article,2017/07/01
27881085,1471-2334,Journal Article,2016/11/24
27658883,1744-8603,Journal Article,2016/09/22
28193252,1756-3305,Journal Article,2017/02/13
28199695,0964-6906,Journal Article,2017/04/01
26821032,1660-3397,Journal Article,2016/01/25
26924208,2045-2322,Journal Article,2016/02/29
23875051,1935-2727,Journal Article,2013/07/18
28357048,2046-1402,Journal Article,2017/02/28
28357048,2046-1402,Journal Article,2017/02/28
28096531,2222-1751,Journal Article,2017/01/18
28790359,2045-2322,Journal Article,2017/08/08
26986061,1935-2727,Evaluation Studies,2016/03/17
28060952,1553-7366,Journal Article,2017/01/06
25589229,2045-2322,Journal Article,2015/01/15
27899620,0305-1048,Journal Article,2017/01/04
25859151,1348-8945,Journal Article,2015/03/01
27689449,0091-6765,Journal Article,2016/10/01
27332734,1074-7613,Journal Article,2016/06/21
27906039,1743-422X,Journal Article,2016/12/01
27404496,1932-6203,Journal Article,2016/07/12
27821884,0042-9686,Journal Article,2016/11/01
28555310,0256-7040,Journal Article,2017/07/01
28539920,1664-302X,Journal Article,2017/05/10
27267256,1471-2334,Journal Article,2016/06/07
27824550,2076-9172,Journal Article,2016/10/31
27624088,1744-8603,Journal Article,2016/09/13
27562436,1756-994X,Journal Article,2016/08/25
28761901,2328-8957,Journal Article,2017/07/28
28396480,0962-8436,Journal Article,2017/05/26
27154247,1743-422X,Journal Article,2016/05/06
28617844,1553-7366,Journal Article,2017/06/15
28114342,1935-2727,Journal Article,2017/01/23
27402888,0022-2585,Journal Article,2016/11/01
27516967,2214-2509,Journal Article,2016/07/29
27805018,2045-2322,Journal Article,2016/11/02
25880767,1935-2727,Journal Article,2015/04/16
27527230,2079-6374,Journal Article,2016/08/04
28620372,1664-3224,Journal Article,2017/06/01
28753661,1935-2727,Journal Article,2017/07/28
28651558,1756-3305,Journal Article,2017/06/26
28515869,2045-7758,Journal Article,2017/04/01
28352286,1687-9805,Journal Article,2017/01/01
27631375,1553-7390,Journal Article,2016/09/15
27502186,1674-800X,Journal Article,2016/09/01
28616503,2352-7714,Journal Article,2017/03/24
28388694,1932-6203,Journal Article,2017/04/07
28465156,2352-3964,Journal Article,2017/06/01
27627882,1744-8603,Journal Article,2016/09/14
27721393,2045-2322,Journal Article,2016/10/10
28542450,1932-6203,Journal Article,2017/05/23
23170174,1999-4915,Journal Article,2012/09/01
27429697,1936-900X,Journal Article,2016/07/01
28670015,0042-9686,Journal Article,2017/07/01
27465199,1756-3305,Journal Article,2016/07/27
27922070,2045-2322,Journal Article,2016/12/06
28497113,2379-5042,Journal Article,2017/04/26
28210416,1947-2579,Journal Article,2016/12/28
28619027,1475-9276,Journal Article,2017/06/15
28057067,1756-3305,Journal Article,2017/01/05
27100624,1932-6203,Journal Article,2016/04/21
26624008,1935-2727,Journal Article,2015/12/01
28748196,2328-8957,Journal Article,2017/07/20
28542641,1553-7366,Journal Article,2017/05/19
28053360,0042-9686,Journal Article,2017/01/01
27154554,1474-7596,Journal Article,2016/05/06
27788266,1553-7366,Journal Article,2016/10/27
27412284,0962-8452,Journal Article,2016/07/13
27909582,2047-2978,Journal Article,2016/12/01
28684846,2045-2322,Journal Article,2017/07/06
28473308,2369-2960,Journal Article,2017/05/04
27314656,2326-5094,Evaluation Studies,2016/05/01
28584171,0962-8436,Journal Article,2017/07/19
26821709,1475-2875,Journal Article,2016/01/28
28620600,2296-2565,Journal Article,2017/05/31
27716392,1756-3305,Journal Article,2016/10/04
28630417,2045-2322,Journal Article,2017/06/19
28469390,1176-9351,Journal Article,2017/03/16
28144901,1176-7529,Journal Article,2017/03/01
27165108,1756-3305,Journal Article,2016/05/10
26986201,1932-6203,Journal Article,2016/03/17
28029644,1949-2553,Journal Article,2017/02/14
27458575,2296-2565,Journal Article,2016/07/07
28439267,1664-3224,Journal Article,2017/04/07
28167999,1748-670X,Journal Article,2017/01/01
27300487,1742-464X,Journal Article,2016/09/01
28616473,2352-7714,Journal Article,2016/02/24
26122427,1756-3305,Journal Article,2015/06/30
27680699,0028-0836,Journal Article,2016/11/03
28135274,1935-2727,Journal Article,2017/01/30
27383988,0028-0836,Journal Article,2016/07/07
28405850,1612-9202,Journal Article,2017/06/01
28060848,1932-6203,Journal Article,2017/01/06
27905873,1471-2164,Journal Article,2016/12/01
26200711,0074-0276,Journal Article,2015/08/01
28567113,1754-9973,Journal Article,2017/04/01
27519588,1756-3305,Journal Article,2016/08/12
27682270,1756-3305,Journal Article,2016/09/29
27419186,2328-8957,Journal Article,2016/06/16
26911930,1756-3305,Journal Article,2016/02/25
28300181,2045-2322,Journal Article,2017/03/16
28699551,1471-2458,Journal Article,2017/05/30
27708190,0002-9637,Journal Article,2016/12/28
27703191,2045-2322,Journal Article,2016/10/05
28187142,1935-2727,Journal Article,2017/02/10
27806047,1935-2727,Journal Article,2016/11/02
28347401,2050-084X,Journal Article,2017/03/28
27493451,0962-9351,Journal Article,2016/01/01
27670679,1471-2334,Journal Article,2016/09/26
27363842,1756-3305,Journal Article,2016/06/30
27852057,1949-2553,Journal Article,2016/11/29
27585022,1715-6572,Journal Article,2016/08/01
28405582,2296-2565,Journal Article,2017/03/29
27419140,2314-6133,Journal Article,2016/01/01
28416282,2213-6711,Journal Article,2017/05/09
27689546,0091-6765,Journal Article,2016/10/01
28418741,2326-5094,Journal Article,2017/03/01
26823941,1936-900X,Journal Article,2016/01/01
27760142,1935-2727,Journal Article,2016/10/19
28650966,1932-6203,Journal Article,2017/06/26
28465693,1687-9805,Journal Article,2017/01/01
28173824,1756-3305,Journal Article,2017/02/07
27105225,1935-2727,Journal Article,2016/04/22
28742801,1935-2727,Journal Article,2017/07/25
28443981,0074-0276,Journal Article,2017/05/01
27876044,1472-6750,Journal Article,2016/11/22
28600536,2045-2322,Journal Article,2017/06/09
28588981,2059-7908,Journal Article,2016/12/02
27376056,2296-2565,Journal Article,2016/06/09
28261172,1664-302X,Journal Article,2017/02/14
28059137,2045-2322,Journal Article,2017/01/06
27863526,1756-3305,Journal Article,2016/11/18
27922096,2045-2322,Journal Article,2016/12/06
28764795,1756-3305,Journal Article,2017/08/01
27613271,0168-6445,Journal Article,2017/01/01
28557993,1544-9173,Journal Article,2017/05/30
28769991,1742-9994,Journal Article,2017/07/27
28216635,2045-2322,Journal Article,2017/02/20
28261580,2296-2565,Journal Article,2017/02/16
27760171,1932-6203,Journal Article,2016/10/19
27747219,2297-1769,Journal Article,2016/09/30
27586661,0300-9734,Journal Article,2016/09/01
27525157,2093-3681,Journal Article,2016/07/01
28239603,2296-2565,Journal Article,2017/02/10
28123917,2168-8184,Journal Article,2016/12/21
28330246,2190-572X,Journal Article,2016/12/01
28774993,2169-8287,Journal Article,2017/08/03
26399159,1547-6286,Journal Article,2015/01/01
28077980,1874-3129,Journal Article,2016/11/30
27120007,0074-0276,Journal Article,2016/05/01
28666469,2045-4015,Journal Article,2017/07/01
28830109,0022-1899,Journal Article,2016/12/01
27655611,1932-6203,Journal Article,2016/09/21
27832129,1932-6203,Journal Article,2016/11/10
27593529,2049-9957,Journal Article,2016/09/05
27443488,2045-2322,Journal Article,2016/07/21
28289253,0962-8436,Journal Article,2017/05/05
27882301,2214-2509,Journal Article,2016/11/04
26830024,1471-2334,Journal Article,2016/02/01
28491251,2008-3289,Journal Article,2016/12/01
28272423,2045-2322,Journal Article,2017/03/08
25544857,1745-7580,Journal Article,2011/01/01
28827760,2045-2322,Journal Article,2017/08/21
28638845,2328-8957,Journal Article,2017/06/16
28423140,0034-8910,Journal Article,2017/04/10
28497119,2379-5042,Journal Article,2017/05/03
27322537,1932-6203,Journal Article,2016/06/20
27933090,1664-8021,Journal Article,2016/11/23
28056065,1553-7366,Journal Article,2017/01/05
28290449,2041-1723,Journal Article,2017/03/14
28012275,2050-084X,Journal Article,2016/12/24
28646219,2045-2322,Journal Article,2017/06/23
28380060,1932-6203,Journal Article,2017/04/05
26799213,1935-2727,Journal Article,2016/01/22
28699552,1471-2458,Journal Article,2017/05/30
28398253,1999-4915,Journal Article,2017/04/11
28167595,0002-9637,Journal Article,2017/05/01
28630444,2045-2322,Journal Article,2017/06/19
27825343,1741-7007,Journal Article,2016/11/08
28526066,1756-3305,Journal Article,2017/05/19
28626536,2036-7430,Journal Article,2017/05/31
28793920,1756-3305,Journal Article,2017/08/09
26641858,1935-2727,Evaluation Studies,2015/12/07
28738838,1471-2180,Journal Article,2017/07/24
28765561,2045-2322,Journal Article,2017/08/01
27677378,2047-7724,Journal Article,2016/06/01
28592649,2160-1836,Journal Article,2017/06/07
28049478,1471-2164,Journal Article,2017/01/03
28107342,1935-2727,Journal Article,2017/01/20
28539611,2045-2322,Journal Article,2017/05/24
28042515,2157-3999,Journal Article,2016/11/15
26588076,1935-2727,Journal Article,2015/11/20
25993633,1935-2727,Journal Article,2015/05/20
27764731,1879-6257,Journal Article,2016/10/01
28538662,2073-4425,Journal Article,2017/05/24
28078104,2057-1577,Journal Article,2017/01/05
28045932,1932-6203,Journal Article,2017/01/03
28369149,1935-2727,Journal Article,2017/04/03
28623959,1756-3305,Journal Article,2017/06/17
27011352,2050-084X,Journal Article,2016/03/24
28382031,1664-302X,Journal Article,2017/03/22
28105801,2095-8137,Journal Article,2016/11/18
27999340,1999-4915,Journal Article,2016/12/18
28468604,1471-2180,Journal Article,2017/05/03
23809208,1743-422X,Evaluation Studies,2013/06/28
28672006,1935-2727,Journal Article,2017/07/03
28787446,1553-7390,Journal Article,2017/08/07
27479050,1932-6203,Journal Article,2016/08/01
28240256,2045-2322,Journal Article,2017/02/27
28101536,2379-5042,Journal Article,2017/01/11
27766141,2041-7314,Journal Article,2016/10/07
24058915,2314-6133,Journal Article,2013/01/01
28052760,1471-2334,Journal Article,2017/01/04
26447467,1932-6203,Journal Article,2015/10/08
28699561,1471-2458,Journal Article,2017/05/30
27872891,2352-5126,Journal Article,2016/11/09
28649245,1664-3224,Journal Article,2017/06/09
28539620,2045-2322,Journal Article,2017/05/24
28699555,1471-2458,Journal Article,2017/05/30
28720888,2045-2322,Journal Article,2017/07/18
27887591,1471-2334,Clinical Trial,2016/11/25
26853457,2045-2322,Journal Article,2016/02/08
28819165,2045-2322,Journal Article,2017/08/17
28241146,0028-0836,Journal Article,2017/03/09
28637474,1743-422X,Journal Article,2017/06/21
27855644,1471-2334,Journal Article,2016/11/17
27532504,1932-6203,Journal Article,2016/08/17
28211470,2041-1723,Journal Article,2017/02/17
27489798,2287-3651,Journal Article,2016/07/01
28546965,2314-6133,Journal Article,2017/01/01
28257482,1932-6203,Journal Article,2017/03/03
28784125,1476-072X,Journal Article,2017/08/07
27829399,1471-2334,Journal Article,2016/11/09
27014219,1664-302X,Journal Article,2016/03/07
27802275,1935-2727,Journal Article,2016/11/01
27350348,1756-3305,Journal Article,2016/06/27
22460397,1752-8550,Journal Article,2010/01/01
28515481,2045-2322,Journal Article,2017/05/17
28558694,1471-2164,Journal Article,2017/05/30
28810894,1756-0500,Journal Article,2017/08/15
25976325,1741-7015,Journal Article,2015/04/30
28337184,1664-302X,Journal Article,2017/03/08
26999664,1932-6203,Journal Article,2016/03/21
27595597,1756-3305,Journal Article,2016/09/05
27436286,0305-1048,Journal Article,2016/09/06
28183291,1471-2334,Evaluation Studies,2017/02/10
28599678,1743-422X,Journal Article,2017/06/09
26969623,1475-2875,Journal Article,2016/03/11
28228159,1756-3305,Journal Article,2017/02/23
28075354,2075-4450,Journal Article,2017/01/08
28715435,1932-6203,Journal Article,2017/07/17
27374320,1047-8477,Journal Article,2017/02/01
28483796,1754-8403,Journal Article,2017/07/01
28699562,1471-2458,Journal Article,2017/05/30
28284209,1471-2334,Journal Article,2017/03/11
28338097,2045-2322,Journal Article,2017/03/24
28606944,2160-1836,Journal Article,2017/08/07
27580708,2041-1723,Journal Article,2016/09/01
26217340,1664-3224,Journal Article,2015/07/08
28720801,2045-2322,Journal Article,2017/07/18
27783038,1999-4915,Journal Article,2016/10/24
27598889,1932-6203,Journal Article,2016/09/06
28710447,2045-2322,Journal Article,2017/07/14
27485992,1559-0631,Journal Article,2016/11/01
28690735,1937-8688,Journal Article,2017/04/24
28210223,1663-9812,Journal Article,2017/02/02
28693483,1471-2334,Journal Article,2017/07/10
28348833,2057-5858,Journal Article,2016/11/30
27795347,0095-1137,Journal Article,2016/12/28
26937036,0022-538X,Journal Article,2016/04/14
27229686,1756-3305,Journal Article,2016/05/26
28072762,0007-0920,Journal Article,2017/02/14
28033427,1553-7366,Journal Article,2016/12/29
27620807,2045-2322,Journal Article,2016/09/13
28785067,2045-2322,Journal Article,2017/08/07
27600087,2076-3905,Journal Article,2016/08/10
27590311,1743-422X,Journal Article,2016/09/02
28536536,1664-042X,Journal Article,2017/05/09
27744580,0312-5963,Journal Article,2017/06/01
28702473,2328-8957,Journal Article,2017/05/29
27449387,1471-2334,Journal Article,2016/07/22
28721015,1177-8881,Journal Article,2017/06/28
27631986,1553-7366,Journal Article,2016/09/15
27557120,1932-6203,Journal Article,2016/08/24
27849515,1252-607X,Journal Article,2016/01/01
26683460,1932-6203,Journal Article,2015/12/18
28007834,2160-1836,Journal Article,2017/02/09
26366194,1752-4571,Journal Article,2015/09/01
28235099,1932-6203,Journal Article,2017/02/24
28663742,1664-302X,Journal Article,2017/06/15
26843462,2045-2322,Journal Article,2016/02/04
26492265,1999-4915,Journal Article,2015/10/19
27159058,1935-2727,Journal Article,2016/05/09
25719412,1932-6203,Journal Article,2015/02/26
28757165,2213-6711,Journal Article,2017/08/08
28835919,2375-2548,Journal Article,2017/08/16
28757163,2213-6711,Journal Article,2017/08/08
28725041,2045-2322,Journal Article,2017/07/19
28580201,2168-8184,Journal Article,2017/05/01
28396468,0962-8436,Journal Article,2017/05/26
28695067,2167-8359,Journal Article,2017/07/05
27618941,1475-2875,Evaluation Studies,2016/09/13
22897918,1756-3305,Journal Article,2012/08/16
27375359,1178-6302,Journal Article,2016/06/22
27171170,1553-7366,Journal Article,2016/05/12
28761113,2045-2322,Journal Article,2017/07/31
27498856,2045-2322,Journal Article,2016/08/08
28583206,1743-422X,Journal Article,2017/06/05
28784714,1364-503X,Journal Article,2017/09/13
28738782,1471-2334,Journal Article,2017/07/24
28767976,0074-0276,Journal Article,2017/08/01
27827988,1999-4915,Journal Article,2016/11/07
27510731,2049-9957,Journal Article,2016/08/11
26905241,0971-5916,Journal Article,2015/12/01
27428993,1999-4915,Journal Article,2016/07/15
22761884,1932-6203,Journal Article,2012/01/01
28392806,1687-9686,Journal Article,2017/01/01
28472971,1756-3305,Journal Article,2017/05/04
27999291,1424-8220,Journal Article,2016/12/16
28632769,1932-6203,Journal Article,2017/06/20
28817682,1553-7366,Journal Article,2017/08/17
28286701,2157-3999,Journal Article,2017/02/14
28515627,1121-2233,Journal Article,2017/03/01
28080959,1025-496X,Journal Article,2017/01/05
28617803,1935-2727,Journal Article,2017/06/15
28620040,0300-5127,Journal Article,2017/06/15
28345667,2045-2322,Journal Article,2017/03/27
27213040,2047-2994,Journal Article,2016/05/21
28473817,1664-302X,Journal Article,2017/04/20
27862183,0360-4012,Journal Article,2017/08/01
27862183,0360-4012,Journal Article,2017/08/01
28072390,2050-084X,Journal Article,2017/01/10
27934946,2045-2322,Journal Article,2016/12/09
27161480,1471-2164,Journal Article,2016/05/10
28687779,2045-2322,Journal Article,2017/07/07
28441965,1758-9193,Journal Article,2017/04/26
28683807,1756-3305,Journal Article,2017/07/06
14711381,1475-2832,Journal Article,2004/01/07
27776345,1949-2553,Journal Article,2016/11/15
27460671,1756-3305,Journal Article,2016/07/26
27223693,1935-2727,Journal Article,2016/05/25
25355078,2045-2322,Journal Article,2014/10/30
28252804,0014-3820,Journal Article,2017/05/01
28378782,2045-2322,Journal Article,2017/04/05
28587310,1999-4915,Journal Article,2017/06/06
27784988,1177-8881,Journal Article,2016/10/11
27822922,1011-8934,Journal Article,2016/12/01
28303186,2045-7758,Journal Article,2017/01/24
27267757,1475-2875,Journal Article,2016/06/07
28588965,2059-7908,Journal Article,2016/11/09
28495775,2169-8287,Journal Article,2017/05/11
28376893,1756-3305,Journal Article,2017/04/04
22817479,1744-1692,Journal Article,2012/01/01
28287416,2077-0383,Journal Article,2017/03/10
24056604,0971-5916,Journal Article,2013/01/01
26645066,1743-422X,Journal Article,2015/12/09
28506229,1476-0711,Journal Article,2017/05/15
27619889,2045-2322,Journal Article,2016/09/13
27457156,2045-2322,Journal Article,2016/07/26
28782007,2375-2548,Journal Article,2017/06/28
28435678,2050-0068,Journal Article,2017/03/24
28740546,1838-7640,Journal Article,2017/06/01
28765541,2045-2322,Journal Article,2017/08/01
28428648,0100-3984,Journal Article,2017/03/01
27622770,1932-6203,Journal Article,2016/09/13
28727821,1553-734X,Historical Article,2017/07/20
27922001,2041-1723,Journal Article,2016/12/06
27542385,0022-2275,Journal Article,2016/10/01
28604781,1935-2727,Journal Article,2017/06/12
27007411,1932-6203,Journal Article,2016/03/23
27429555,1178-6302,Journal Article,2016/07/11
23516233,2169-8287,Journal Article,2013/03/07
28630868,2314-6133,Journal Article,2017/01/01
28640895,1935-2727,Journal Article,2017/06/22
28179007,1744-8603,Journal Article,2017/02/08
26856329,1756-3305,Journal Article,2016/02/09
28333986,1932-6203,Journal Article,2017/03/23
28418742,2326-5094,Journal Article,2017/03/01
28408497,0300-5127,Journal Article,2017/04/15
27809813,1471-2334,Journal Article,2016/11/03
28096902,1759-8753,Journal Article,2017/01/11
28482040,0305-1048,Journal Article,2017/06/20
27147424,1040-452X,Journal Article,2016/10/01
27147424,1040-452X,Journal Article,2016/10/01
28575090,1932-6203,Journal Article,2017/06/02
27056346,1008-682X,Journal Article,2016/05/01
28652811,1179-1314,Journal Article,2017/06/14
28320313,1471-2148,Journal Article,2017/03/21
27203689,1932-6203,Journal Article,2016/05/20
22823595,1744-1692,Journal Article,2012/01/01
19641608,1932-6203,Journal Article,2009/07/29
27081477,2046-1402,Journal Article,2016/03/16
27081477,2046-1402,Journal Article,2016/03/16
18275613,1743-422X,Journal Article,2008/02/14
28423090,0036-4665,Journal Article,2017/04/13
28736681,2157-3999,Journal Article,2017/05/23
27869724,2075-4450,Journal Article,2016/11/18
25255027,1932-6203,Journal Article,2014/09/25
28266580,2045-2322,Journal Article,2017/03/07
28583207,1756-3305,Journal Article,2017/06/05
27413690,2214-2509,Journal Article,2016/06/22
27402523,0002-9637,Journal Article,2016/10/05
28408671,2169-8287,Journal Article,2017/04/13
28368303,1999-4915,Journal Article,2017/04/01
27457093,0022-5193,Journal Article,2016/10/21
28103955,1756-3305,Journal Article,2017/01/19
28506274,1471-2458,Journal Article,2017/05/15
28146148,2041-1723,Journal Article,2017/02/01
28716015,1471-2458,Journal Article,2017/07/17
28520817,1932-6203,Journal Article,2017/05/16
28116530,0932-0113,Evaluation Studies,2017/03/01
26084275,1471-2458,Journal Article,2015/06/18
28030641,1932-6203,Journal Article,2016/12/28
27540724,1935-2727,Journal Article,2016/08/19
27195114,2050-0068,Journal Article,2016/04/15
21695153,1932-6203,Journal Article,2011/01/01
28285851,1471-4922,Historical Article,2017/06/01
27876005,1471-2334,Journal Article,2016/11/22
28210429,1947-2579,Journal Article,2016/12/28
28218906,1465-7392,Journal Article,2017/03/01
22570700,1932-6203,Journal Article,2012/01/01
23130961,1756-3305,Journal Article,2012/11/06
28811485,2045-2322,Journal Article,2017/08/15
28515720,1664-302X,Journal Article,2017/05/03
28387839,0305-1048,Journal Article,2017/05/19
28345587,2045-2322,Journal Article,2017/03/27
28507481,1611-2156,Journal Article,2017/03/24
26226613,1932-6203,Journal Article,2015/07/30
20740316,0962-9343,Journal Article,2011/02/01
28577575,1756-3305,Journal Article,2017/06/02
26583130,2314-6133,Journal Article,2015/01/01
28594568,0145-9740,Journal Article,2017/07/01
27348752,1932-6203,Journal Article,2016/06/27
28575035,1932-6203,Journal Article,2017/06/02
27241954,2047-7724,Journal Article,2016/03/01
28219412,2049-9957,Journal Article,2017/02/20
27642413,1937-8688,Journal Article,2016/05/24
28680381,1598-2629,Journal Article,2017/06/01
23497254,1471-2458,Journal Article,2013/03/07
27123365,2090-908X,Journal Article,2016/01/01
28584173,0962-8436,Journal Article,2017/07/19
25132548,0028-0836,Journal Article,2014/11/20
18218114,1743-422X,Journal Article,2008/01/24
28033379,1935-2727,Journal Article,2016/12/29
28379969,1935-2727,Journal Article,2017/04/05
25937916,2045-7758,Journal Article,2015/04/01
28588928,2059-7908,Journal Article,2016/06/02
28186146,2045-2322,Journal Article,2017/02/10
28759623,1932-6203,Journal Article,2017/07/31
19664282,1475-2875,Journal Article,2009/08/10
27724981,1756-3305,Journal Article,2016/10/10
27416870,2045-2322,Journal Article,2016/07/15
27803840,2157-3999,Journal Article,2016/09/21
22514548,1664-302X,Journal Article,2012/04/11
28319188,1932-6203,Journal Article,2017/03/20
28493948,1932-6203,Journal Article,2017/05/11
28588996,2059-7908,Journal Article,2017/02/21
27343289,0737-4038,Journal Article,2016/10/01
27158450,2046-1402,Journal Article,2016/02/19
27158450,2046-1402,Journal Article,2016/02/19
27158450,2046-1402,Journal Article,2016/02/19
27074809,1475-2875,Journal Article,2016/04/14
26982959,0034-8910,Journal Article,2016/01/01
27698460,2041-1723,Journal Article,2016/10/04
28057066,1756-3305,Journal Article,2017/01/05
28327792,0074-0276,Journal Article,2017/04/01
28506254,1471-2334,Journal Article,2017/05/15
28092446,2326-5094,Journal Article,2017/01/01
28699554,1471-2458,Journal Article,2017/05/30
27102015,1756-3305,Evaluation Studies,2016/04/21
27982119,2045-2322,Journal Article,2016/12/16
27101473,1935-2727,Journal Article,2016/04/21
24198941,2045-7758,Journal Article,2013/10/01
27845621,2050-084X,Journal Article,2016/11/15
22566838,1664-3224,Journal Article,2011/10/04
27115294,1545-9624,Journal Article,2016/11/01
27115294,1545-9624,Journal Article,2016/11/01
27534704,1751-7915,Journal Article,2016/09/01
27808470,1467-7644,Journal Article,2017/05/01
28092261,2050-084X,Journal Article,2017/01/16
28810908,1476-072X,Journal Article,2017/08/15
28694425,2041-1723,Journal Article,2017/07/10
28690749,1937-8688,Journal Article,2017/04/25
27906074,1756-3305,Journal Article,2016/12/01
28630551,1079-0969,Journal Article,2017/06/01
28545108,1935-2727,Journal Article,2017/05/18
0,,,
18513384,1755-8794,Journal Article,2008/05/30
28293304,1758-5996,Journal Article,2017/03/14
27508058,2046-1402,Journal Article,2016/05/09
28716074,1472-6947,Journal Article,2017/07/17
25360782,1932-6203,Journal Article,2014/10/31
25926325,2041-2851,Journal Article,2015/04/28
28536439,2045-2322,Journal Article,2017/05/23
28067294,2045-2322,Journal Article,2017/01/09
28231792,1478-4505,Journal Article,2017/02/23
28228142,1475-2875,Journal Article,2017/02/22
28076467,0074-0276,Journal Article,2017/01/01
19014417,1756-8935,Journal Article,2008/11/03
28183328,1756-3305,Evaluation Studies,2017/02/10
27659038,2045-2322,Journal Article,2016/09/23
27809228,2075-4450,Journal Article,2016/10/31
27247952,2324-9269,Journal Article,2016/05/12
28623921,1743-422X,Journal Article,2017/06/17
28610595,1758-9193,Journal Article,2017/06/13
28167491,2046-6390,Journal Article,2017/03/15
28102490,1674-800X,Journal Article,2017/05/01
27886132,2073-4425,Journal Article,2016/11/24
25524414,0022-4197,Journal Article,2015/12/01
27716041,1471-2180,Journal Article,2016/10/06
27682141,1935-2727,Journal Article,2016/09/28
22447371,0022-4197,Journal Article,2014/02/01
22701115,1664-302X,Journal Article,2012/06/07
27876758,2045-2322,Journal Article,2016/11/23
27066475,2296-2646,Journal Article,2016/03/30
27151786,2169-8287,Journal Article,2016/05/05
28819256,2045-2322,Journal Article,2017/08/17
28756767,1744-8603,Journal Article,2017/07/31
27642191,0023-8333,Journal Article,2016/09/01
28747188,1742-4682,Journal Article,2017/07/26
28798803,1741-427X,Journal Article,2017/01/01
28679443,1756-3305,Journal Article,2017/07/05
28506278,1471-2334,Journal Article,2017/05/15
28490350,1756-3305,Journal Article,2017/05/10
28438919,0962-8436,Journal Article,2017/06/05
28469456,1178-6329,Journal Article,2017/03/28
28262698,2045-2322,Journal Article,2017/03/06
28725284,1874-5490,Journal Article,2017/01/01
28178918,1087-2981,Journal Article,2017/01/01
27982373,0034-8910,Journal Article,2016/12/01
27618924,0035-9203,Journal Article,2016/08/01
26852018,1475-2875,Journal Article,2016/02/06
26610350,1471-213X,Journal Article,2015/11/26
25926808,1664-1078,Journal Article,2015/04/14
28765838,2405-8440,Journal Article,2017/07/20
28642498,2045-2322,Journal Article,2017/06/22
28596149,2369-2960,Journal Article,2017/06/08
28630546,1079-0969,Journal Article,2017/06/01
28440300,2045-2322,Journal Article,2017/04/25
27143489,0074-0276,Journal Article,2016/05/01
28241782,1756-3305,Journal Article,2017/02/28
28124296,1090-7165,Journal Article,2017/07/01
28123858,2157-3999,Journal Article,2016/12/07
27927608,1929-0748,Journal Article,2016/12/07
27814729,1744-8603,Journal Article,2016/11/04
27762541,1944-8244,Journal Article,2016/11/16
27777738,2045-7758,Journal Article,2016/08/29
26926623,1530-7026,Journal Article,2016/06/01
27660733,2157-3999,Journal Article,2016/07/05
27332714,1935-2727,Journal Article,2016/06/22
28198446,2045-2322,Journal Article,2017/02/15
27119012,2045-3701,Journal Article,2016/04/26
27158449,2046-1402,Journal Article,2016/02/18
27158449,2046-1402,Journal Article,2016/02/18
27932442,0268-1161,Journal Article,2017/01/01
28103326,1935-2727,Journal Article,2017/01/19
28207910,1553-7366,Journal Article,2017/02/16
28105304,2046-1402,Journal Article,2016/04/07
28105304,2046-1402,Journal Article,2016/04/07
28105304,2046-1402,Journal Article,2016/04/07
28614394,1935-2727,Journal Article,2017/06/14
27792777,1935-2727,Journal Article,2016/10/28
27926934,1935-2727,Journal Article,2016/12/07
27509020,1935-2727,Clinical Trial,2016/08/10
28352456,2001-0370,Journal Article,2017/02/21
28241074,1553-7366,Journal Article,2017/02/27
27333366,0074-0276,Journal Article,2016/06/20
27768689,1935-2727,Evaluation Studies,2016/10/21
28749964,1935-2727,Journal Article,2017/07/27
27353759,2150-7511,Journal Article,2016/06/28
28796789,1935-2727,Journal Article,2017/08/10
27625709,1936-900X,Journal Article,2016/09/01
27575636,1553-7366,Journal Article,2016/08/30
28017559,1473-3099,Journal Article,2017/03/01
23967358,1935-2727,Evaluation Studies,2013/08/15
28626758,2314-6133,Journal Article,2017/01/01
28542326,1553-7366,Journal Article,2017/05/25
27222466,2150-7511,Journal Article,2016/05/24
26909342,2296-2565,Journal Article,2016/02/16
28705183,1756-3305,Journal Article,2017/07/14
28644867,1553-7366,Journal Article,2017/06/23
26938618,1935-2727,Journal Article,2016/03/03
28245239,1935-2727,Journal Article,2017/02/28
28588308,2045-2322,Journal Article,2017/06/06
27334012,1742-2094,Journal Article,2016/06/22
27571201,1935-2727,Journal Article,2016/08/29
27871306,1749-8104,Journal Article,2016/11/21
28651007,1935-2727,Journal Article,2017/06/26
28095875,1756-3305,Journal Article,2017/01/17
28372566,2049-9957,Journal Article,2017/04/04
27144981,1935-2727,Journal Article,2016/05/04
27776493,1471-2458,Journal Article,2016/10/25
28099525,1932-6203,Journal Article,2017/01/18
27459322,1935-2727,Journal Article,2016/07/26
26983551,1478-4505,Journal Article,2016/03/17
28359342,1745-6215,Journal Article,2017/03/31
28095406,1553-734X,Journal Article,2017/01/17
28559234,0959-8138,Journal Article,2017/05/30
28467301,2050-084X,Journal Article,2017/05/03
28339458,1935-2727,Evaluation Studies,2017/03/24
28713453,1640-5544,Journal Article,2017/06/22
28723920,1935-2727,Journal Article,2017/07/19
27926925,1935-2727,Journal Article,2016/12/07
28515299,0022-538X,Journal Article,2017/07/27
28410388,1935-2727,Journal Article,2017/04/14
28141800,1935-2727,Journal Article,2017/01/31
27422403,1471-2458,Journal Article,2016/07/16
28085881,1935-2727,Journal Article,2017/01/13
28300076,2045-2322,Journal Article,2017/03/16
27730213,2375-2548,Journal Article,2016/10/07
27913192,0006-3002,Journal Article,2017/05/01
28616499,2352-7714,Journal Article,2017/02/09
28373872,1664-3224,Journal Article,2017/03/20
28060822,1935-2727,Journal Article,2017/01/06
27068686,1475-2875,Journal Article,2016/04/12
27556644,1935-2727,Journal Article,2016/08/24
28367220,1741-427X,Journal Article,2017/01/01
27760144,1935-2727,Journal Article,2016/10/19
27362709,1935-2727,Journal Article,2016/06/30
27028323,1932-6203,Clinical Trial,2016/03/30
28152031,1932-6203,Journal Article,2017/02/02
27732590,1935-2727,Journal Article,2016/10/12
28394886,1935-2727,Journal Article,2017/04/10
28628629,1932-6203,Journal Article,2017/06/19
28347352,1756-3305,Journal Article,2017/03/27
28699558,1471-2458,Journal Article,2017/05/30
24886160,1756-3305,Journal Article,2014/05/30
27934939,2045-2322,Journal Article,2016/12/09
28153778,0020-7519,Journal Article,2017/06/01
27820821,1935-2727,Clinical Trial,2016/11/07
28231803,1475-2875,Journal Article,2017/02/23
28610594,1756-3305,Journal Article,2017/06/13
28282378,1935-2727,Journal Article,2017/03/10
27669147,2050-084X,Journal Article,2016/09/26
28520737,1935-2727,Journal Article,2017/05/17
27096156,1935-2727,Journal Article,2016/04/20
27158456,2046-1402,Journal Article,2016/04/11
27158456,2046-1402,Journal Article,2016/04/11
27158456,2046-1402,Journal Article,2016/04/11
26225214,2052-336X,Journal Article,2015/07/29
25844007,0264-8377,Journal Article,2014/07/01
21785980,0340-6717,Journal Article,2011/09/01
25049621,1011-2367,Journal Article,2012/05/01
19915965,0047-2891,Journal Article,2010/11/01
17192185,1479-5876,Journal Article,2006/12/27
19563639,1479-5876,Journal Article,2009/06/29