uid,year
33772,1978
407675,1977
413216,1977
489960,1979
743766,1978
906078,1977
1124969,1975
1243735,1975
1245842,1976
1659238,1991
2559514,1989
2600591,1989
2841406,1988
3028713,1987
3031959,1986
4378566,1965
4403105,1972
4546521,1973
4799154,1973
4946541,1971
4976739,1969
5002906,1971
5313066,1970
6206738,1984
6268925,1981
6274526,1981
6275577,1981
6304948,1982
6306872,1983
6309104,1983
6314612,1983
6809352,1982
7406113,1980
7520190,1994
8067992,1994
8099299,1993
8758061,1996
9005840,1996
9045499,1996
9513297,1998
9738478,1998
10099030,1999
10436653,1998
11463123,2001
11681215,2001
12685070,2003
12995440,1952
12995441,1952
13077401,1953
13077697,1953
13157159,1954
13281796,1955
13337908,1956
13380987,1956
13556872,1958
14175744,1964
14230895,1964
17195954,2007
18674965,2008
18680646,2008
18771865,2008
19073551,2008
19073572,2008
19516034,2009
19725383,2009
19762169,2010
19788800,2009
21529401,2011
22305269,2012
22389730,2012
22825831,2012
22923343,2012
22953014,2012
23057269,2010
23878182,2013
23936579,2013
24148652,2013
24421913,2014
24507466,2014
24507467,2014
24516683,2014
24605459,2014
24626205,2014
24721538,2014
24739982,2014
24813217,2014
24856001,2014
24903869,2014
24909208,2014
24917859,2014
24944843,2014
24983096,2014
25001879,2014
25062427,2014
25255027,2014
25294619,2014
25299181,2014
25310102,2014
25341051,2014
25345518,2014
25404071,2015
25514122,2014
25530324,2015
25539751,2014
25559142,2015
25600600,2015
25625687,2015
25625872,2015
25706914,2015
25722614,2015
25811410,2015
25898277,2015
25996909,2015
26061233,2015
26071336,2015
26084316,2015
26085147,2015
26101272,2015
26113729,2015
26142684,2015
26194519,2015
26257029,2016
26283013,2016
26390164,2015
26401719,2015
26403318,2015
26482390,2015
26521519,2015
26527535,2015
26552108,2015
26581402,2016
26584464,2015
26601449,2015
26611910,2016
26615388,2016
26627575,2016
26674809,2016
26674815,2016
26684466,2016
26689277,2016
26696621,2016
26698165,2015
26702627,2016
26706817,2016
26710538,2015
26731034,2016
26748604,2016
26754201,2016
26761185,2016
26762624,2016
26774330,2016
26774331,2016
26774684,2016
26775124,2016
26775125,2016
26777915,2016
26778293,2016
26782128,2016
26783242,2016
26792410,2015
26794427,2016
26796813,2016
26796917,2016
26799213,2016
26812929,2016
26813766,2016
26818622,2016
26820163,2016
26820244,2016
26820387,2016
26821709,2016
26824625,2016
26825803,2016
26829957,2016
26830024,2016
26832396,2016
26837723,2016
26839177,2016
26839247,2016
26839785,2014
26840156,2016
26840174,2016
26841979,2016
26842018,2016
26842033,2016
26842604,2016
26848011,2016
26848089,2016
26849748,2015
26849762,2015
26849896,2016
26850984,2016
26852261,2016
26852727,2016
26854199,2016
26856329,2016
26856896,2016
26858259,2016
26858352,2016
26859285,2016
26860137,2016
26860150,2016
26862812,2016
26862926,2016
26863963,2016
26864175,2016
26864344,2016
26864962,2016
26865476,2016
26865554,2016
26866485,2016
26866840,2016
26868414,2016
26868672,2016
26872416,2016
26876061,2016
26876373,2016
26879565,2016
26879566,2016
26880123,2016
26884455,2016
26888897,2016
26889662,2016
26890059,2016
26890470,2016
26892436,2016
26893150,2016
26893468,2016
26895850,2016
26896047,2016
26897106,2016
26897108,2016
26897760,2016
26898198,2016
26898855,2016
26901275,2016
26902867,2016
26903031,2016
26903610,2016
26905027,2016
26906627,2016
26906886,2015
26907929,2016
26908259,2016
26911164,2016
26911655,2016
26911940,2016
26912676,2016
26913304,2016
26914330,2016
26914500,2016
26914596,2016
26914692,2016
26914810,2016
26915933,2016
26917636,2016
26917790,2016
26918506,2016
26918507,2016
26919943,2016
26920038,2016
26921165,2016
26921241,2016
26921737,2016
26921913,2016
26922438,2016
26922439,2016
26923081,2016
26923098,2016
26923117,2016
26925496,2016
26927301,2016
26927449,2016
26927450,2016
26927699,2016
26931360,2016
26932263,2016
26932976,2016
26934531,2016
26935676,2016
26937612,2016
26937739,2016
26938703,2016
26938868,2016
26939047,2016
26939607,2016
26939897,2016
26940218,2016
26940504,2016
26940642,2016
26941134,2016
26942903,2016
26943629,2016
26943916,2016
26944027,2016
26944028,2016
26944581,2016
26945482,2016
26945753,2016
26946926,2016
26947167,2016
26947168,2016
26947169,2016
26947268,2016
26948207,2016
26948432,2016
26948433,2016
26949027,2016
26950736,2015
26951454,2016
26951804,2016
26952389,2016
26952548,2016
26952646,2016
26952701,2016
26952870,2016
26953673,2016
26955231,2016
26956448,2016
26957316,2016
26958738,2016
26958936,2016
26959248,2016
26959253,2016
26959258,2016
26959259,2016
26959260,2016
26959308,2016
26960050,2016
26960051,2016
26960598,2016
26960750,2016
26961015,2016
26961437,2016
26961637,2016
26961646,2016
26961650,2016
26962217,2016
26962237,2016
26963535,2016
26963564,2016
26963593,2016
26964604,2016
26965035,2016
26965108,2016
26965596,2016
26965888,2016
26965962,2016
26966326,2016
26967758,2016
26969497,2016
26969782,2016
26969966,2016
26970698,2017
26972490,2016
26973301,2016
26975308,2016
26976611,2016
26978530,2016
26978815,2016
26979935,2016
26980239,2016
26980631,2016
26981761,2016
26985518,2016
26985587,2016
26985845,2016
26985965,2016
26986702,2016
26987769,2016
26988027,2016
26988170,2016
26988337,2016
26988905,2016
26991057,2016
26991663,2016
26993028,2016
26993436,2016
26993654,2016
26993880,2016
26993883,2016
26994075,2016
26994509,2016
26994814,2016
26996139,2016
26997578,2016
26998633,2016
27000001,2016
27000068,2016
27000244,2016
27001187,2016
27001741,2016
27004142,2016
27004695,2016
27005012,2016
27005530,2016
27005721,2015
27006779,2016
27007567,2016
27008481,2016
27009036,2016
27010422,2016
27011140,2016
27012221,2016
27012725,2016
27013108,2016
27013110,2016
27013429,2016
27013839,2016
27015222,2016
27015734,2016
27016009,2016
27016775,2016
27016785,2016
27019049,2016
27020989,2016
27021935,2016
27022155,2016
27023395,2016
27023833,2016
27025322,2016
27028271,2016
27028561,2016
27028667,2016
27028782,2016
27029595,2016
27029817,2016
27029869,2016
27029872,2016
27029927,2016
27031450,2016
27031608,2016
27031817,2016
27031943,2016
27032078,2016
27032431,2016
27032458,2016
27032485,2016
27032927,2016
27033547,2016
27036749,2016
27037098,2016
27038091,2017
27038591,2016
27039447,2016
27039875,2016
27040593,2016
27040615,2017
27041640,2017
27044278,2016
27045056,2016
27045503,2016
27046524,2016
27046925,2016
27048000,2016
27048745,2016
27048746,2016
27049675,2016
27050112,2016
27050856,2016
27052666,2017
27052792,2016
27052794,2016
27053037,2016
27053131,2016
27054688,2016
27054989,2016
27055196,2016
27055200,2016
27055374,2016
27055385,2016
27056096,2016
27056643,2016
27057874,2016
27058728,2016
27058990,2016
27060380,2016
27060381,2016
27060396,2016
27060565,2016
27060613,2016
27060691,2016
27063354,2016
27063652,2016
27063653,2016
27063794,2016
27064148,2016
27066299,2016
27066743,2016
27066744,2016
27066795,2016
27067096,2016
27067205,2016
27068488,2016
27069344,2016
27069825,2016
27070380,2016
27070735,2016
27070847,2016
27070912,2016
27071041,2016
27071531,2016
27072040,2017
27073228,2016
27074312,2016
27074330,2016
27074370,2016
27074377,2016
27075009,2016
27075309,2016
27076507,2016
27077095,2016
27078057,2016
27078190,2016
27078543,2016
27078587,2016
27079865,2016
27080092,2016
27081746,2016
27082204,2016
27083694,2016
27083981,2016
27087204,2016
27088194,2016
27088243,2016
27088298,2016
27088323,2016
27088494,2016
27088574,2016
27088817,2016
27088970,2016
27088990,2016
27089120,2016
27089202,2016
27089253,2016
27089758,2016
27089762,2016
27090089,2016
27090438,2016
27090801,2016
27091703,2016
27091724,2016
27092361,2016
27093158,2016
27093288,2016
27093766,2016
27093860,2016
27094497,2016
27096299,2016
27096300,2016
27096910,2016
27098947,2016
27099632,2016
27100826,2016
27100970,2016
27101541,2016
27102015,2016
27102780,2016
27102926,2017
27103126,2016
27103128,2016
27103718,2016
27104366,2016
27104968,2016
27104970,2016
27105225,2016
27105638,2016
27105655,2016
27105931,2016
27107300,2016
27111294,2016
27111356,2016
27111968,2016
27111981,2016
27113107,2016
27114968,2016
27115536,2016
27115737,2016
27115821,2016
27118425,2016
27118575,2016
27119012,2016
27119524,2016
27119589,2016
27119856,2016
27123558,2016
27124623,2016
27126052,2016
27128355,2016
27129450,2016
27129451,2016
27130436,2016
27130673,2016
27134728,2016
27134732,2016
27134823,2016
27135717,2016
27137695,2016
27138556,2016
27139219,2016
27139439,2016
27139440,2016
27140691,2016
27142055,2016
27143081,2016
27143174,2016
27143305,2016
27143490,2016
27144515,2016
27148186,2016
27149205,2016
27149521,2016
27149628,2016
27149896,2016
27150136,2016
27150274,2016
27150456,2016
27150532,2016
27150580,2016
27150736,2016
27150951,2016
27151137,2016
27151254,2016
27151369,2016
27152436,2016
27153063,2016
27154090,2016
27156023,2016
27156408,2016
27156435,2016
27156436,2016
27156484,2016
27156653,2016
27157106,2016
27158114,2016
27158449,2016
27158557,2016
27158761,2016
27160110,2016
27160350,2016
27160366,2016
27161480,2016
27162029,2016
27163257,2016
27163559,2016
27164708,2016
27165390,2016
27166755,2016
27167249,2016
27167537,2016
27167538,2016
27167975,2016
27168495,2016
27168917,2016
27170237,2016
27171034,2016
27171368,2016
27171533,2016
27171600,2016
27171972,2016
27172672,2016
27172823,2016
27172988,2016
27173701,2016
27173920,2016
27173929,2016
27174054,2016
27174274,2016
27174284,2016
27174386,2016
27174964,2016
27175508,2016
27175724,2016
27175927,2016
27177409,2017
27177718,2016
27179414,2016
27179424,2016
27179929,2016
27180225,2016
27180726,2016
27183312,2016
27184420,2016
27184421,2016
27184629,2016
27186984,2016
27187593,2016
27188344,2016
27188345,2016
27188346,2016
27191483,2016
27192024,2016
27192026,2016
27192031,2016
27193266,2016
27193639,2016
27193747,2016
27194600,2016
27196544,2016
27196545,2016
27197113,2016
27197311,2016
27197772,2016
27198478,2016
27198836,2016
27198837,2016
27198838,2016
27203101,2016
27203490,2016
27203498,2016
27203499,2016
27205899,2016
27207138,2016
27207189,2016
27207768,2016
27207862,2016
27208545,2016
27208632,2016
27208633,2016
27209175,2016
27209301,2016
27211476,2016
27211788,2016
27212079,2016
27212660,2016
27212842,2016
27214379,2016
27215946,2016
27216759,2016
27216764,2016
27217167,2016
27219081,2016
27220167,2016
27220937,2016
27221166,2016
27221543,2016
27222919,2016
27223135,2016
27223311,2016
27223315,2016
27224278,2016
27224471,2016
27225109,2016
27225243,2016
27226280,2016
27227971,2016
27228275,2016
27229696,2016
27230287,2016
27230852,2016
27231186,2016
27232461,2017
27232506,2016
27232529,2016
27232603,2016
27233282,2016
27234417,2016
27236271,2016
27236440,2016
27236614,2016
27236867,2016
27241952,2016
27242166,2016
27242327,2016
27244249,2016
27244952,2016
27247001,2016
27247243,2016
27247350,2016
27248295,2016
27249063,2016
27249094,2016
27249182,2016
27251981,2016
27253205,2016
27253365,2016
27253432,2016
27254248,2016
27254259,2016
27254835,2016
27255107,2016
27255410,2016
27255550,2016
27255682,2017
27255948,2016
27256555,2016
27256738,2016
27257232,2016
27257326,2016
27258065,2016
27260223,2016
27260568,2016
27260832,2016
27261195,2016
27261852,2016
27261865,2016
27262078,2016
27265325,2016
27265775,2017
27267799,2016
27268016,2016
27268504,2016
27268505,2016
27269900,2016
27270120,2016
27272118,2016
27272625,2016
27273075,2016
27273239,2016
27273325,2016
27274588,2016
27274849,2016
27278486,2016
27278855,2016
27279226,2016
27280061,2016
27280322,2016
27281566,2016
27281741,2016
27282424,2016
27282638,2016
27282681,2016
27282817,2016
27283140,2016
27283145,2016
27283801,2016
27283926,2017
27284020,2016
27285308,2017
27285427,2016
27286010,2016
27286563,2016
27287356,2016
27287830,2016
27287833,2016
27288540,2016
27289006,2016
27289428,2016
27290831,2016
27292005,2016
27293547,2016
27294787,2016
27295893,2016
27295904,2016
27296393,2015
27299167,2016
27299353,2016
27301356,2016
27303071,2016
27303663,2016
27303723,2016
27304097,2016
27305043,2016
27306056,2016
27306491,2016
27307213,2016
27309781,2016
27309791,2016
27311329,2016
27311388,2016
27311680,2016
27311776,2016
27312324,2016
27313200,2016
27314996,2016
27315005,2016
27316349,2016
27316385,2016
27316500,2016
27317419,2016
27317512,2016
27317825,2016
27318417,2016
27318605,2016
27319020,2016
27319025,2016
27321115,2016
27321961,2016
27321962,2016
27322491,2016
27322537,2016
27323483,2016
27323550,2016
27323600,2016
27323918,2016
27324390,2016
27326435,2016
27326944,2016
27327000,2016
27328974,2016
27329509,2016
27329551,2016
27330653,2016
27330849,2016
27331627,2016
27331661,2016
27332714,2016
27332734,2016
27332784,2016
27333025,2016
27333366,2016
27334910,2016
27335310,2016
27336445,2016
27336620,2016
27336950,2016
27336960,2016
27337368,2016
27337468,2016
27337505,2016
27338953,2016
27339099,2016
27339593,2016
27339887,2016
27339992,2016
27341420,2016
27341759,2016
27342126,2016
27343150,2016
27344138,2016
27344225,2016
27344400,2016
27344465,2016
27345865,2016
27347853,2016
27348136,2016
27350348,2016
27352279,2016
27352748,2016
27352749,2016
27352750,2016
27352763,2016
27353042,2016
27353759,2016
27353814,2016
27353815,2016
27353817,2016
27354440,2016
27354515,2016
27355409,2016
27355410,2016
27355411,2016
27355468,2016
27355570,2016
27356247,2016
27357348,2016
27358939,2016
27359297,2016
27359317,2016
27363326,2016
27364179,2016
27364784,2016
27364879,2016
27364935,2016
27365085,2016
27366020,2016
27366289,2016
27366585,2016
27366586,2016
27366587,2016
27366760,2016
27367003,2016
27367331,2016
27367466,2016
27368092,2016
27372395,2016
27372396,2016
27372398,2016
27372399,2016
27373766,2016
27377478,2016
27378033,2016
27378370,2016
27378764,2016
27378805,2016
27380423,2016
27381219,2016
27383459,2016
27383948,2016
27383962,2016
27383987,2016
27383988,2016
27384574,2016
27384803,2016
27384821,2016
27385228,2016
27386894,2016
27386922,2016
27387029,2016
27389584,2016
27389909,2016
27389971,2016
27389990,2016
27390166,2016
27390239,2016
27391568,2016
27392219,2016
27393087,2016
27393088,2016
27393105,2016
27393106,2016
27393681,2016
27397775,2016
27399257,2016
27399646,2016
27399828,2016
27399927,2016
27400066,2016
27400363,2016
27401144,2016
27401601,2016
27402518,2016
27403008,2016
27403405,2016
27404665,2016
27405738,2016
27411846,2016
27412023,2016
27412024,2016
27412681,2016
27412976,2016
27413190,2016
27414192,2016
27414496,2016
27416771,2016
27417493,2016
27417494,2016
27417495,2016
27417950,2016
27418575,2016
27418843,2016
27419175,2016
27419889,2016
27421544,2016
27421717,2017
27423039,2016
27423687,2016
27425793,2016
27426716,2016
27427201,2016
27427208,2016
27430951,2016
27431802,2017
27433842,2016
27434194,2016
27434361,2016
27435464,2016
27435517,2016
27435990,2016
27436433,2016
27436751,2016
27438084,2016
27438351,2016
27438661,2016
27439067,2016
27439088,2016
27441334,2016
27441778,2016
27442184,2016
27442327,2016
27443350,2016
27443522,2016
27444120,2016
27444419,2016
27447300,2016
27447397,2016
27448188,2016
27449601,2016
27452806,2016
27453325,2016
27454076,2016
27454521,2016
27454712,2016
27454745,2016
27455458,2016
27458114,2016
27459519,2016
27459560,2016
27459752,2016
27460685,2016
27460686,2016
27461305,2016
27462846,2016
27462882,2016
27463941,2016
27464346,2016
27464857,2016
27464886,2016
27466104,2016
27466468,2016
27466758,2016
27467271,2016
27467820,2016
27469112,2016
27469223,2016
27470244,2016
27471296,2016
27471954,2016
27472289,2016
27473528,2016
27473856,2016
27473981,2016
27474145,2016
27474488,2016
27475021,2016
27475895,2016
27475896,2016
27476019,2016
27476412,2016
27476595,2016
27477155,2016
27477156,2016
27477157,2016
27477452,2016
27477981,2016
27478378,2016
27478853,2016
27479173,2016
27479770,2016
27480043,2016
27480044,2016
27480321,2016
27481466,2016
27481629,2016
27482461,2016
27482554,2016
27482562,2016
27485738,2016
27485955,2017
27487767,2016
27487998,2016
27488825,2016
27489331,2016
27490087,2016
27490117,2016
27490307,2016
27490354,2016
27490430,2016
27490445,2016
27490661,2016
27491031,2016
27491635,2016
27491989,2016
27492074,2016
27492132,2016
27492477,2016
27493161,2016
27493252,2016
27494130,2016
27495006,2016
27495823,2016
27496713,2016
27496830,2016
27497951,2016
27500641,2016
27501302,2016
27503033,2016
27504617,2016
27504949,2016
27505002,2016
27507741,2016
27507747,2016
27508060,2016
27508088,2016
27508289,2016
27508290,2016
27509020,2016
27509655,2016
27509902,2016
27510169,2016
27510879,2016
27512066,2016
27512493,2016
27513625,2016
27515384,2016
27516635,2016
27517108,2016
27518688,2016
27521359,2016
27522921,2016
27524440,2016
27525286,2016
27526251,2016
27526490,2016
27526492,2016
27529422,2016
27532234,2016
27532277,2016
27532496,2016
27532497,2016
27532622,2016
27532747,2016
27532808,2016
27533717,2016
27535047,2016
27535512,2016
27538044,2016
27538321,2016
27538400,2016
27539802,2016
27540058,2016
27540152,2016
27540468,2016
27540984,2016
27541001,2016
27541191,2016
27541989,2016
27542120,2016
27542178,2016
27544075,2016
27544795,2016
27545046,2016
27545505,2016
27546187,2016
27546975,2016
27546976,2016
27547117,2016
27547128,2016
27548647,2016
27548930,2016
27549304,2016
27551005,2016
27551728,2016
27552392,2016
27552432,2016
27553173,2016
27553292,2016
27553402,2016
27554037,2016
27555094,2016
27555311,2016
27555815,2016
27555980,2016
27556383,2016
27556748,2016
27556838,2016
27557413,2017
27557815,2016
27558313,2016
27559830,2016
27560129,2016
27562089,2016
27562260,2016
27562269,2016
27564232,2016
27565347,2016
27566874,2016
27567120,2016
27567913,2016
27568284,2016
27569055,2017
27569879,2016
27570082,2016
27571349,2016
27572177,2016
27572275,2017
27572514,2017
27573074,2016
27573233,2016
27573577,2016
27573623,2016
27573961,2016
27578809,2016
27578819,2016
27579558,2016
27579616,2016
27580721,2016
27581052,2016
27581122,2016
27581255,2016
27581979,2016
27582188,2016
27582197,2016
27583097,2016
27583132,2016
27584546,2016
27584610,2016
27584813,2016
27584942,2016
27585037,2016
27585248,2016
27586510,2016
27587826,2016
27588363,2016
27588756,2016
27589583,2016
27589884,2017
27590716,2016
27590737,2017
27592842,2016
27593186,2017
27593350,2016
27593583,2016
27593584,2016
27593704,2016
27595140,2016
27596253,2016
27596376,2016
27596624,2016
27597462,2016
27598421,2016
27598870,2016
27599081,2016
27599407,2016
27599469,2016
27599470,2016
27599648,2016
27599795,2016
27600176,2017
27601223,2016
27601517,2016
27601533,2016
27601578,2016
27603093,2016
27603528,2016
27603576,2016
27604059,2016
27604081,2016
27604128,2016
27605056,2016
27605159,2016
27606053,2016
27607566,2016
27608262,2017
27609128,2016
27609862,2016
27609872,2016
27610070,2016
27610098,2016
27610587,2017
27611658,2017
27612155,2016
27612156,2016
27612157,2016
27612158,2016
27612415,2016
27613665,2016
27614319,2016
27615590,2016
27617166,2016
27617170,2016
27617189,2016
27617352,2016
27617437,2017
27617732,2016
27617787,2016
27617894,2016
27618294,2016
27618295,2016
27618573,2017
27618651,2016
27620510,2017
27621340,2016
27621342,2016
27622433,2016
27622492,2016
27623030,2016
27623452,2016
27623840,2016
27625288,2016
27626161,2016
27626374,2016
27627314,2016
27627457,2016
27627657,2016
27628851,2017
27629599,2016
27629942,2017
27630820,2016
27630846,2016
27631467,2016
27631604,2016
27632055,2016
27633273,2016
27633296,2016
27633330,2016
27633426,2016
27636525,2017
27637419,2016
27638290,2016
27639453,2016
27639850,2016
27640519,2016
27641566,2016
27641776,2016
27641777,2016
27643596,2016
27643685,2016
27644020,2016
27644171,2016
27645608,2016
27645783,2016
27645785,2016
27647195,2016
27647685,2017
27648063,2016
27650293,2017
27650447,2016
27650556,2016
27650823,2016
27651092,2016
27652985,2016
27653360,2016
27653589,2016
27653905,2016
27654889,2016
27654962,2016
27656170,2016
27656926,2016
27658737,2016
27659038,2016
27660733,2016
27662643,2017
27663284,2016
27664127,2016
27664930,2016
27665517,2017
27666816,2017
27668909,2016
27670692,2016
27671098,2017
27673286,2016
27673295,2016
27673296,2016
27673425,2017
27676336,2016
27676337,2016
27676340,2016
27676341,2016
27676342,2016
27676343,2016
27678028,2016
27679523,2016
27679623,2016
27679739,2016
27679755,2016
27681219,2016
27681334,2017
27681699,2016
27682031,2016
27682032,2016
27682065,2017
27682644,2016
27683027,2016
27683255,2016
27684046,2016
27684333,2016
27684526,2016
27684886,2016
27685812,2016
27686610,2016
27686742,2016
27687267,2016
27687478,2017
27687554,2016
27688094,2016
27688194,2016
27690112,2016
27690200,2016
27692070,2016
27692879,2016
27693104,2016
27693308,2016
27693357,2016
27693616,2016
27694072,2016
27694479,2017
27694629,2017
27694931,2016
27695847,2016
27695855,2016
27702593,2016
27702683,2016
27703544,2016
27704051,2016
27704772,2016
27704909,2017
27705077,2016
27705091,2016
27706105,2016
27706161,2016
27706382,2016
27707632,2017
27707728,2016
27708030,2016
27708058,2016
27708473,2016
27708476,2016
27711033,2016
27711041,2016
27712118,2016
27713505,2016
27714487,2016
27714789,2016
27716242,2016
27716392,2016
27716414,2016
27717314,2016
27717627,2016
27717945,2016
27719988,2016
27721110,2016
27723844,2016
27726416,2017
27729183,2016
27729201,2017
27729407,2016
27729507,2016
27729643,2016
27729840,2016
27730165,2016
27731495,2017
27731557,2016
27736642,2016
27737553,2016
27738033,2016
27741183,2016
27741537,2016
27742170,2017
27742355,2016
27743307,2017
27743310,2016
27743485,2017
27743683,2016
27743747,2016
27746763,2016
27746901,2016
27746903,2016
27747251,2016
27747912,2016
27748649,2017
27748650,2017
27748784,2016
27749669,2016
27751615,2016
27751616,2016
27751766,2016
27751882,2017
27752039,2016
27754830,2016
27755638,2016
27757256,2016
27757795,2016
27758685,2017
27759009,2016
27759344,2016
27759838,2016
27759862,2016
27763483,2016
27763656,2017
27763787,2017
27763793,2017
27763795,2017
27764076,2016
27764114,2016
27764115,2016
27765639,2016
27766638,2016
27767924,2016
27767931,2016
27768689,2016
27770704,2016
27770843,2016
27773535,2016
27773536,2016
27774987,2016
27775162,2017
27775637,2016
27776026,2016
27776548,2016
27776823,2017
27776956,2016
27779466,2017
27779781,2016
27780196,2016
27780969,2016
27781090,2016
27783679,2016
27783682,2016
27783802,2016
27784079,2016
27787288,2016
27787490,2016
27787521,2016
27788336,2017
27788396,2016
27788398,2016
27788975,2016
27789523,2016
27792777,2016
27793644,2016
27794382,2016
27794383,2016
27794731,2016
27795432,2017
27797853,2016
27798603,2016
27799296,2017
27800692,2017
27801647,2016
27801807,2016
27802398,2016
27802403,2016
27802406,2016
27802535,2016
27804004,2017
27805221,2016
27805547,2017
27806047,2016
27807228,2017
27807296,2016
27807657,2017
27808208,2016
27809220,2016
27809228,2016
27810502,2017
27811226,2016
27812357,2016
27812601,2016
27812645,2016
27812646,2016
27812648,2016
27812690,2017
27812710,2016
27814481,2016
27814732,2016
27815125,2017
27815145,2016
27815146,2016
27815235,2016
27815736,2017
27818091,2016
27819683,2016
27821513,2017
27821887,2016
27822207,2016
27822403,2016
27824100,2016
27824536,2016
27824828,2016
27825343,2016
27826073,2017
27827826,2017
27829439,2016
27829655,2016
27830429,2017
27831765,2016
27832051,2016
27832058,2016
27832129,2016
27832245,2016
27832267,2016
27832453,2016
27832715,2016
27832979,2017
27833670,2016
27834272,2016
27835759,2016
27835966,2016
27837933,2016
27838352,2017
27838728,2016
27842986,2017
27843157,2016
27843167,2016
27843766,2016
27845325,2016
27845968,2017
27846442,2016
27846847,2016
27848922,2016
27848978,2016
27849039,2016
27849599,2016
27852793,2016
27852856,2017
27853521,2016
27855041,2017
27855206,2016
27855636,2016
27855644,2016
27857129,2017
27858969,2016
27859375,2017
27860092,2017
27862008,2017
27862959,2017
27863275,2017
27864138,2017
27865425,2017
27866470,2016
27866593,2016
27866611,2016
27866627,2016
27866982,2017
27867910,2016
27868270,2017
27868318,2017
27869391,2016
27869394,2016
27869724,2016
27869959,2016
27869964,2016
27869981,2016
27869982,2016
27870688,2017
27870689,2017
27871327,2016
27871511,2016
27872364,2017
27872736,2016
27874162,2016
27875110,2017
27875460,2016
27876044,2016
27876396,2017
27876484,2017
27876643,2017
27876647,2017
27878100,2016
27878897,2017
27880747,2016
27881148,2016
27881181,2016
27881434,2016
27881649,2017
27882950,2016
27884405,2016
27884655,2016
27885280,2016
27885509,2017
27885741,2017
27885789,2017
27886338,2016
27888265,2016
27889529,2017
27889615,2017
27890363,2016
27890376,2016
27891783,2016
27891785,2016
27891786,2016
27892990,2017
27892997,2017
27893080,2017
27893824,2016
27894003,2017
27894035,2017
27894121,2017
27896560,2017
27897973,2016
27899230,2017
27899351,2016
27899620,2017
27899678,2017
27900645,2016
27901259,2016
27902358,2016
27902502,2017
27902932,2017
27902933,2017
27903317,2017
27904600,2016
27905267,2016
27906864,2017
27906905,2016
27908879,2016
27909576,2016
27911847,2016
27911897,2016
27912090,2016
27912091,2016
27914465,2016
27914622,2017
27914626,2017
27914834,2017
27914852,2017
27915293,2016
27916339,2017
27916410,2016
27916837,2016
27918261,2016
27918946,2017
27919154,2016
27919709,2017
27920162,2017
27921244,2016
27922001,2016
27922617,2017
27923187,2017
27923889,2017
27923950,2016
27926355,2017
27926933,2016
27926934,2016
27927093,2016
27927858,2017
27927917,2017
27929218,2016
27929451,2016
27929575,2016
27930336,2016
27930650,2016
27930910,2016
27932442,2017
27932779,2016
27933090,2016
27934714,2016
27934740,2016
27934765,2016
27934884,2016
27934901,2016
27936448,2017
27937012,2016
27939402,2017
27939768,2017
27940580,2016
27940708,2016
27940942,2017
27941545,2017
27942961,2017
27955630,2016
27959260,2017
27959695,2016
27960068,2016
27960197,2017
27960198,2017
27966238,2017
27966802,2017
27966815,2017
27966962,2017
27974058,2017
27974556,2017
27974560,2017
27974667,2016
27976454,2017
27977308,2017
27977548,2017
27977645,2016
27977671,2016
27977881,2017
27978904,2016
27979342,2017
27980884,2016
27981937,2016
27982119,2016
27982288,2016
27982355,2016
27984418,2017
27986688,2017
27987206,2017
27988410,2017
27989237,2016
27990003,2017
27990081,2016
27990321,2016
27991555,2016
27993851,2017
27993855,2017
27994145,2017
27994281,2016
27994533,2016
27995511,2017
27997330,2017
27997333,2017
27997515,2016
27997523,2016
27997547,2016
27997831,2016
27997935,2016
27997936,2016
27997942,2016
27998085,2016
27998553,2017
27998580,2016
27998594,2016
27998595,2016
28000206,2017
28001214,2016
28002820,2017
28004307,2017
28004846,2016
28005002,2017
28005499,2017
28005902,2016
28006649,2016
28007310,2016
28007828,2017
28008055,2016
28008958,2016
28009279,2016
28009384,2016
28011234,2017
28011725,2017
28017252,2017
28017432,2017
28017726,2017
28018746,2016
28019034,2017
28024241,2017
28024678,2016
28026036,2017
28027002,2017
28027061,2017
28027353,2016
28028709,2017
28028879,2017
28030386,2017
28030537,2016
28030682,2017
28031307,2016
28031359,2017
28032327,2017
28033340,2016
28033379,2016
28034593,2017
28034741,2017
28034743,2017
28034744,2017
28035106,2016
28035650,2017
28039355,2017
28041895,2017
28041959,2017
28042362,2017
28042515,2016
28042993,2017
28045216,2017
28045901,2017
28049006,2017
28049830,2017
28050952,2016
28050965,2016
28051181,2017
28051775,2016
28053106,2017
28053366,2017
28053996,2016
28054419,2017
28055221,2016
28056002,2017
28056005,2017
28058206,2016
28060137,2017
28060216,2017
28060809,2017
28062188,2017
28062314,2017
28062794,2017
28063994,2017
28066317,2016
28066354,2016
28067914,2017
28068342,2017
28068395,2017
28068513,2017
28068604,2017
28068904,2017
28069071,2017
28069360,2017
28069378,2017
28069884,2017
28071614,2016
28072401,2017
28072517,2017
28072676,2017
28073577,2017
28073898,2017
28074023,2017
28074025,2017
28074128,2017
28074378,2017
28074379,2017
28074988,2016
28075325,2017
28075354,2017
28075376,2017
28075694,2017
28076467,2017
28076569,2016
28076778,2017
28077143,2017
28077444,2017
28078104,2017
28078779,2017
28081143,2017
28081439,2017
28081442,2017
28081529,2016
28082294,2017
28083537,2016
28084324,2017
28084987,2017
28085877,2017
28086897,2017
28087275,2017
28087772,2017
28087875,2016
28090318,2016
28092249,2017
28092493,2017
28092859,2017
28094237,2017
28094802,2017
28095299,2017
28095405,2017
28095414,2017
28095418,2017
28095443,2017
28095684,2017
28095875,2017
28098126,2017
28098253,2017
28099714,2017
28099856,2017
28099861,2017
28100662,2017
28101877,2016
28102133,2017
28102134,2017
28102136,2017
28102503,2017
28102537,2017
28102736,2017
28102842,2017
28103000,2017
28103209,2017
28103255,2017
28103326,2017
28103802,2017
28104310,2017
28104381,2017
28105304,2016
28106528,2017
28107792,2017
28107856,2017
28108286,2017
28108947,2017
28109676,2017
28110372,2017
28111132,2017
28111270,2017
28112162,2017
28114414,2017
28114564,2017
28115671,2017
28116673,2017
28117032,2017
28117035,2017
28117038,2017
28119857,2016
28120186,2017
28120653,2017
28120806,2016
28122169,2017
28122329,2017
28122631,2017
28123079,2017
28123859,2016
28125540,2017
28125631,2017
28126366,2017
28127399,2017
28127671,2017
28128342,2017
28128730,2017
28129543,2017
28130487,2017
28132835,2017
28134669,2017
28134705,2017
28135274,2017
28137229,2017
28137230,2017
28137716,2017
28137780,2017
28137863,2017
28139388,2017
28141843,2017
28143801,2017
28145811,2017
28146192,2016
28146366,2017
28148409,2016
28148798,2017
28148804,2017
28149405,2016
28151488,2017
28151637,2017
28151953,2017
28152011,2017
28152048,2017
28152146,2017
28152376,2016
28153043,2017
28153056,2017
28153665,2017
28153732,2017
28156001,2017
28156871,2016
28159022,2017
28159620,2017
28160965,2017
28163339,2017
28163928,2017
28164300,2017
28164306,2017
28164310,2017
28166175,2017
28167751,2017
28168206,2017
28168560,2017
28170376,2017
28173851,2017
28174133,2017
28174309,2017
28174559,2017
28175986,2017
28176006,2017
28177042,2017
28177195,2017
28177969,2017
28179396,2017
28180996,2017
28182608,2017
28182667,2017
28182948,2017
28185126,2017
28185278,2017
28185815,2017
28185870,2017
28186536,2017
28187142,2017
28187183,2017
28187236,2017
28187780,2017
28187911,2017
28188305,2017
28188791,2017
28188933,2017
28189347,2017
28189390,2017
28189711,2017
28190239,2017
28191517,2016
28191786,2017
28192051,2017
28192064,2017
28192072,2017
28192520,2017
28193014,2016
28193291,2017
28193876,2017
28194799,2017
28195040,2017
28195756,2017
28196656,2017
28196970,2017
28198171,2017
28198446,2017
28198548,2017
28199323,2017
28199846,2017
28200013,2017
28200111,2017
28202376,2017
28203251,2017
28204734,2017
28205300,2017
28205302,2017
28205633,2017
28207078,2017
28207332,2017
28207337,2017
28207688,2017
28207819,2017
28207910,2017
28209336,2017
28209337,2017
28210744,2017
28212349,2017
28214373,2017
28214732,2017
28215143,2017
28216074,2017
28216147,2017
28216184,2017
28217114,2017
28217576,2016
28219763,2017
28219769,2017
28220392,2017
28220786,2017
28221261,2017
28222903,2017
28223455,2017
28224753,2017
28226004,2017
28226083,2017
28228277,2017
28228395,2017
28229397,2017
28229462,2017
28229475,2017
28229481,2017
28230496,2017
28231241,2017
28231312,2017
28231846,2017
28232248,2017
28232448,2017
28232955,2017
28235193,2017
28236744,2017
28237488,2017
28237492,2017
28237501,2017
28238029,2017
28239447,2017
28239513,2017
28239566,2017
28239662,2017
28240195,2017
28240999,2017
28241146,2017
28241170,2017
28241263,2017
28241773,2017
28241828,2017
28242036,2017
28242837,2017
28243937,2017
28244371,2017
28244380,2017
28246125,2017
28249158,2017
28250532,2017
28250906,2017
28253231,2017
28253931,2017
28253995,2017
28254839,2017
28255910,2017
28256913,2017
28257281,2017
28259231,2017
28259232,2017
28261172,2017
28261663,2017
28262332,2017
28262449,2016
28262718,2017
28263141,2017
28263312,2017
28264033,2017
28265108,2017
28266580,2017
28267109,2017
28269838,2016
28269870,2016
28270583,2017
28271980,2017
28273394,2017
28274195,2017
28274564,2017
28274708,2017
28275155,2017
28275585,2017
28277198,2017
28277199,2017
28277248,2017
28277362,2017
28278235,2017
28278237,2017
28278327,2017
28278416,2016
28279150,2017
28279337,2017
28280063,2017
28281082,2017
28281680,2017
28282358,2017
28283425,2017
28285168,2017
28285789,2017
28286698,2017
28286997,2017
28287375,2017
28288094,2017
28288192,2017
28288355,2017
28288452,2017
28289159,2017
28289727,2017
28290434,2017
28290436,2017
28291746,2017
28292840,2017
28293228,2017
28293404,2017
28293410,2017
28295400,2017
28296373,2017
28296632,2017
28297081,2017
28298448,2017
28298600,2017
28300075,2017
28300076,2017
28300361,2017
28300836,2017
28302072,2017
28302630,2017
28303999,2017
28306183,2017
28314593,2017
28315476,2017
28315708,2017
28316896,2017
28316955,2017
28317856,2017
28318141,2017
28318359,2017
28318467,2017
28318966,2017
28319087,2017
28319237,2017
28319244,2017
28319995,2017
28320169,2017
28320497,2017
28321360,2016
28321362,2017
28322519,2017
28322690,2017
28323468,2017
28324177,2017
28325910,2017
28325921,2017
28325935,2017
28327482,2016
28327795,2017
28327798,2017
28327810,2017
28328129,2017
28329257,2017
28330514,2017
28330900,2017
28331047,2017
28331488,2017
28331858,2017
28332087,2017
28332092,2017
28333910,2017
28333922,2017
28333986,2017
28335029,2017
28336347,2017
28336562,2017
28336600,2017
28337406,2017
28338754,2017
28339458,2017
28339472,2017
28340344,2017
28340908,2016
28341122,2017
28342423,2017
28342826,2017
28342876,2017
28343104,2017
28343414,2017
28343780,2017
28343845,2017
28344113,2017
28344115,2017
28344900,2017
28345596,2017
28345600,2017
28345656,2017
28347326,2017
28347332,2017
28347352,2017
28347781,2017
28348160,2017
28348757,2016
28348794,2016
28349242,2017
28351337,2017
28352047,2017
28352123,2017
28352303,2017
28356496,2017
28357156,2017
28357366,2016
28357511,2017
28357839,2017
28358795,2017
28358796,2017
28359234,2017
28359304,2017
28360135,2017
28360276,2017
28362340,2017
28362944,2017
28363252,2017
28364011,2017
28364363,2017
28365387,2017
28365456,2017
28367888,2017
28369961,2017
28370583,2017
28370966,2017
28372356,2017
28372868,2017
28373913,2017
28375541,2016
28375542,2016
28379440,2017
28379952,2017
28380070,2017
28381608,2017
28382163,2017
28383378,2017
28383800,2017
28384133,2017
28384812,2017
28385119,2017
28386524,2017
28387389,2017
28388329,2017
28388922,2017
28390691,2017
28393598,2017
28394328,2017
28394887,2017
28395143,2017
28396438,2017
28396522,2017
28396558,2017
28396992,2017
28397374,2017
28397799,2017
28398253,2017
28398303,2017
28398522,2017
28398562,2017
28398676,2017
28398681,2017
28398684,2017
28399206,2017
28399216,2017
28399278,2017
28399294,2017
28399312,2017
28399710,2017
28399888,2017
28400948,2017
28401481,2017
28401907,2017
28402153,2017
28402236,2017
28403053,2017
28403061,2017
28403439,2017
28404849,2017
28407077,2017
28408723,2017
28409618,2017
28410349,2017
28411063,2017
28413694,2017
28413745,2017
28413875,2017
28417013,2017
28417097,2017
28418292,2017
28418503,2017
28418539,2017
28418737,2017
28418738,2017
28418744,2017
28419254,2017
28419346,2017
28419888,2017
28420392,2017
28420742,2017
28420884,2017
28421048,2017
28421065,2017
28421292,2017
28422053,2017
28422157,2017
28422757,2017
28423096,2017
28423097,2017
28423109,2017
28423140,2017
28423309,2017
28423319,2017
28423421,2017
28424031,2017
28424472,2017
28425959,2017
28426114,2017
28426311,2017
28426312,2017
28426680,2017
28427352,2017
28428164,2017
28428682,2016
28429036,2017
28429099,2017
28429288,2017
28430097,2017
28430098,2017
28430562,2017
28430564,2017
28431283,2017
28432975,2017
28433358,2017
28434408,2017
28434775,2017
28435330,2017
28435428,2017
28436989,2017
28437183,2017
28437184,2017
28441244,2017
28441781,2017
28442104,2017
28442118,2017
28442561,2017
28442607,2017
28442752,2017
28442754,2017
28443546,2017
28443985,2017
28444003,2017
28444144,2017
28444557,2017
28445122,2017
28445704,2017
28445723,2017
28445832,2017
28446573,2017
28446607,2017
28446677,2017
28446685,2017
28447317,2017
28447498,2017
28448488,2017
28448507,2017
28448519,2017
28448611,2017
28448734,2017
28449047,2017
28450178,2017
28450510,2017
28450714,2017
28452113,2017
28453839,2017
28456431,2017
28457349,2017
28457610,2017
28457855,2017
28458498,2017
28459414,2017
28461069,2017
28461070,2017
28461071,2017
28462011,2016
28463081,2017
28465426,2017
28466030,2016
28466043,2016
28468299,2017
28468671,2017
28468854,2017
28468880,2017
28469032,2017
28469351,2017
28471403,2017
28472297,2017
28472623,2017
28473450,2017
28473565,2017
28473729,2017
28474860,2017
28475892,2017
28475924,2017
28476603,2017
28477675,2017
28478111,2017
28478426,2016
28479213,2017
28479349,2017
28480282,2017
28480779,2017
28481898,2017
28483386,2017
28483991,2017
28483992,2017
28484181,2016
28484182,2016
28484183,2016
28486135,2017
28486369,2017
28487032,2017
28487052,2017
28487212,2017
28487506,2017
28487557,2017
28488751,2017
28488820,2017
28488821,2017
28488960,2017
28490001,2017
28492766,2017
28493351,2017
28494235,2017
28494237,2017
28495485,2017
28495527,2017
28497119,2017
28497331,2017
28497875,2017
28498743,2017
28498965,2017
28499036,2017
28499872,2017
28500225,2017
28500814,2017
28500817,2017
28501626,2017
28501667,2017
28502333,2017
28505571,2017
28506240,2017
28506794,2017
28507114,2017
28508009,2017
28508213,2017
28509947,2017
28510593,2017
28511271,2017
28511272,2017
28513814,2017
28514227,2017
28514228,2017
28514450,2017
28514683,2017
28515302,2017
28515869,2017
28515967,2016
28516037,2017
28517033,2017
28518023,2017
28518162,2017
28520489,2017
28522665,2017
28523613,2017
28524874,2017
28525498,2017
28525510,2017
28527274,2017
28527891,2017
28527892,2017
28529970,2016
28529976,2017
28530022,2017
28531943,2017
28532852,2017
28534760,2017
28534929,2017
28534930,2017
28535184,2017
28536443,2017
28536757,2017
28537028,2017
28538722,2017
28538723,2017
28538727,2017
28538734,2017
28538739,2017
28539440,2017
28539446,2017
28539654,2017
28540930,2017
28541340,2017
28541711,2017
28541997,2017
28542240,2017
28542540,2017
28542585,2017
28542603,2017
28542609,2017
28542611,2017
28544280,2017
28545882,2017
28548637,2017
28549857,2017
28552102,2017
28553020,2017
28555074,2017
28556287,2017
28558804,2017
28560654,2017
28562249,2017
28562637,2017
28566073,2017
28566102,2017
28566316,2017
28566359,2017
28566536,2017
28570608,2017
28570693,2017
28571894,2017
28572149,2017
28572454,2017
28573466,2017
28573776,2017
28574621,2017
28574728,2017
28575689,2017
28575919,2017
28577343,2017
28577363,2017
28577370,2017
28578821,2017
28579320,2017
28579763,2017
28579764,2017
28579869,2017
28580548,2017
28582558,2017
28583207,2017
28583742,2017
28586426,2017
28586630,2017
28588942,2016
28589934,2017
28590221,2017
28590945,2017
28591218,2017
28591291,2017
28591292,2017
28591313,2017
28591470,2017
28592527,2017
28592568,2017
28592864,2017
28593119,2017
28593839,2017
28594571,2017
28594771,2017
28594778,2017
28594787,2017
28595824,2017
28596952,2017
28597088,2017
28598357,2017
28598790,2017
28598943,2017
28598944,2017
28599659,2017
28600536,2017
28601976,2017
28602240,2017
28602489,2017
28604336,2017
28604348,2017
28604797,2017
28606821,2017
28608813,2017
28610628,2017
28610843,2017
28610876,2017
28613699,2017
28614387,2017
28614394,2017
28614803,2017
28615701,2016
28617719,2017
28617773,2017
28617808,2017
28618230,2017
28620040,2017
28622038,2017
28622059,2017
28622346,2017
28623165,2017
28625886,2017
28626536,2017
28627851,2017
28628450,2017
28628464,2017
28630032,2017
28630444,2017
28630988,2017
28630989,2017
28631169,2017
28632511,2017
28632838,2017
28633549,2017
28633891,2017
28633961,2017
28634982,2017
28636449,2017
28636772,2017
28637753,2017
28638259,2017
28638845,2017
28639081,2017
28640798,2017
28641808,2017
28643775,2017
28643807,2017
28644745,2017
28645311,2017
28645459,2017
28646619,2017
28646879,2017
28647168,2017
28647172,2017
28647173,2017
28647174,2017
28648495,2017
28648813,2017
28648861,2017
28649242,2017
28649357,2017
28650987,2017
28651016,2017
28651111,2017
28652051,2017
28653620,2017
28653626,2017
28654045,2017
28654231,2017
28654862,2017
28654956,2017
28655548,2017
28655666,2017
28655823,2017
28656018,2017
28656176,2017
28657281,2017
28658408,2017
28658947,2017
28661244,2016
28661429,2017
28662753,2017
28665268,2017
28665546,2017
28666583,2017
28666829,2017
28666890,2017
28667164,2017
28667332,2017
28668266,2017
28669037,2017
28669618,2017
28670016,2017
28671343,2017
28671429,2017
28672028,2017
28673675,2017
28674411,2017
28675351,2017
28675775,2017
28676109,2017
28676282,2017
28676560,2017
28678053,2017
28679155,2016
28680473,2017
28680856,2017
28681575,2017
28683141,2017
28683393,2017
28683899,2017
28684491,2017
28684499,2017
28685770,2017
28685814,2017
28685984,2017
28686321,2017
28686621,2017
28687969,2017
28688593,2017
28688996,2017
28689970,2017
28691657,2017
28692024,2017
28692228,2016
28692229,2016
28694387,2017
28694390,2017
28695835,2017
28696532,2017
28696994,2017
28697811,2017
28697901,2017
28698028,2017
28698215,2017
28698279,2017
28699552,2017
28699857,2017
28699858,2017
28699859,2017
28700665,2017
28702470,2017
28703540,2017
28703543,2017
28703698,2017
28703771,2017
28703853,2017
28703862,2017
28704365,2017
28704657,2017
28705681,2017
28707334,2017
28708418,2017
28708997,2017
28709958,2017
28709964,2017
28710796,2017
28711586,2017
28711704,2017
28712256,2016
28712937,2017
28712942,2017
28713202,2017
28713857,2017
28715409,2017
28715413,2017
28715527,2017
28716770,2017
28716884,2017
28716913,2017
28717366,2017
28717710,2016
28718518,2017
28718976,2017
28719283,2017
28719291,2017
28719300,2017
28719313,2017
28719330,2017
28719335,2017
28719506,2017
28720531,2017
28721965,2017
28722594,2017
28722613,2017
28722623,2017
28722641,2017
28722808,2017
28724012,2017
28724343,2017
28724472,2017
28724972,2017
28726601,2017
28727526,2017
28727779,2017
28728607,2017
28728996,2017
28729493,2017
28734023,2017
28734519,2017
28736077,2017
28736184,2017
28736217,2017
28736265,2017
28736548,2017
28736678,2017
28736717,2017
28737215,2017
28737542,2017
28738211,2017
28739278,2017
28740150,2017
28740159,2017
28741545,2017
28742068,2017
28742096,2017
28742801,2017
28742857,2017
28743449,2017
28744282,2017
28745255,2017
28746373,2017
28747174,2017
28747901,2017
28748838,2017
28748906,2017
28749569,2017
28749921,2017
28749942,2017
28750247,2017
28750651,2017
28751385,2017
28751513,2017
28754167,2017
28754189,2017
28755145,2017
28755567,2017
28755588,2017
28756233,2017
28756928,2017
28758019,2017
28758222,2017
28758997,2017
28759553,2017
28760831,2017
28761900,2017
28764795,2017
28764923,2017
28765371,2017
28765581,2017
28766466,2017
28767730,2017
28767975,2017
28768434,2017
28768729,2017
28768876,2017
28769893,2017
28771605,2017
28772238,2017
28772262,2017
28774800,2017
28775298,2017
28775961,2017
28776046,2017
28776338,2017
28777090,2017
28777794,2017
28778266,2017
28778267,2017
28778659,2017
28780216,2017
28780227,2017
28780769,2017
28782432,2017
28783051,2017
28783378,2017
28783840,2017
28783843,2017
28784302,2017
28784739,2017
28784796,2017
28785095,2017
28785601,2017
28786784,2017
28787446,2017
28789826,2017
28790185,2017
28790458,2017
28792064,2017
28792206,2017
28794019,2017
28794181,2017
28794424,2017
28795266,2017
28795959,2017
28796762,2017
28796789,2017
28796799,2017
28797534,2017
28798323,2017
28798738,2017
28803069,2017
28803579,2017
28803703,2017
28803932,2017
28804687,2017
28805465,2017
28805637,2017
28806098,2017
28806105,2017
28806453,2017
28806454,2017
28806479,2017
28806481,2017
28806562,2017
28806618,2017
28806786,2017
28810265,2017
28811170,2017
28811345,2017
28813092,2017
28813216,2017
28814522,2017
28814523,2017
28815211,2017
28815404,2017
28815931,2017
28817610,2017
28818572,2017
28818921,2017
28819345,2017
28820372,2017
28820690,2017
28820694,2017
28821226,2017
28821561,2017
28823909,2017
28824594,2017
28825519,2017
28825520,2017
28826723,2017
28827581,2017
28829013,2017
28829235,2017
28829414,2017
28829735,2017
28829736,2017
28829857,2017
28830053,2018
28830111,2016
28830559,2017
28831192,2017
28831630,2017
28832434,2017
28834009,2017
28834250,2017
28835479,2017
28835502,2017
28835547,2017
28835931,2017
28837029,2017
28838147,2017
28838638,2017
28838639,2017
28839081,2017
28839084,2017
28839316,2017
28840835,2017
28841899,2017
28842610,2017
28842988,2017
28844634,2017
28845357,2017
28846484,2017
28846489,2017
28849792,2017
28851097,2017
28851293,2017
28852261,2017
28852537,2016
28852878,2017
28852982,2017
28853349,2017
28854105,2017
28854106,2017
28854113,2017
28854116,2017
28854206,2017
28855386,2017
28855646,2017
28856072,2017
28857045,2017
28859049,2017
28859086,2017
28859353,2017
28859534,2017
28860226,2017
28864425,2017
28865242,2017
28866135,2017
28867493,2017
28869076,2017
28869941,2017
28870338,2017
28870427,2017
28870816,2017
28872112,2017
28873445,2017
28874014,2017
28874392,2017
28874536,2017
28874759,2017
28875696,2017
28876240,2017
28876359,2017
28876425,2017
28877553,2017
28877637,2017
28877754,2017
28878071,2017
28878076,2017
28878742,2017
28878777,2017
28880298,2017
28880955,2017
28880974,2017
28880978,2017
28883959,2016
28884445,2017
28886944,2017
28887877,2017
28889967,2017
28890894,2017
28890978,2017
28892442,2017
28892452,2017
28892501,2017
28893603,2017
28893652,2017
28894118,2017
28894473,2017
28898286,2017
28898891,2017
28899079,2017
28899653,2017
28900143,2017
28900215,2017
28900425,2017
28900831,2017
28901598,2017
28903515,2017
28904181,2017
28910292,2017
28910635,2017
28912011,2017
28912110,2017
28913959,2017
28914749,2017
28916391,2017
28916522,2017
28916645,2017
28916719,2017
28918127,2017
28918772,2017
28919916,2017
28920574,2017
28921542,2017
28921551,2017
28922464,2017
28923507,2017
28926538,2017
28927437,2017
28927441,2017
28927458,2017
28927874,2017
28928377,2017
28928416,2017
28928720,2017
28929534,2017
28930015,2017
28930022,2017
28930027,2017
28930031,2017
28931226,2017
28931227,2017
28931684,2017
28932235,2017
28932709,2017
28932759,2014
28932814,2017
28933344,2017
28934211,2017
28934352,2017
28934370,2017
28934431,2017
28934970,2017
28937149,2017
28938115,2017
28939807,2017
28942054,2017
28942698,2017
28945244,2017
28945787,2017
28945882,2017
28945945,2017
28946911,2017
28948916,2017
28948917,2017
28950830,2017
28951247,2017
28951254,2017
28952036,2017
28953451,2017
28954062,2017
28954064,2017
28954927,2017
28956541,2017
28956764,2017
28956768,2017
28957351,2017
28958396,2017
28959246,2017
28959511,2017
28959858,2017
28961800,2017
28968270,2017
28968305,2017
28968775,2017
28968838,2017
28968863,2017
28968892,2017
28968905,2017
28969937,2017
28970482,2017
28971967,2017
28972551,2017
28973011,2017
28973235,2017
28973490,2017
28975230,2017
28975470,2017
28975876,2017
28976850,2017
28976853,2017
28977007,2017
28978707,2017
28978754,2017
28980148,2017
28980717,2017
28981650,2017
28981691,2017
28982551,2017
28982578,2017
28983567,2017
28984642,2017
28985234,2017
28985318,2017
28986822,2018
28986827,2018
28988109,2017
28988896,2017
28989510,2017
28991164,2017
28991697,2017
28991902,2017
28993172,2017
28993398,2017
28994790,2017
29017246,2017
29017275,2017
29017606,2017
29017720,2017
29018252,2017
29018589,2017
29019746,2017
29019762,2017
29020159,2017
29020226,2017
29020245,2017
29020636,2017
29020917,2017
29022864,2017
29022904,2017
29024445,2017
29024641,2017
29026637,2017
29026802,2017
29027743,2017
29027940,2017
29028178,2017
29029153,2017
29030170,2017
29030308,2017
29030319,2017
29030384,2017
29031848,2017
29033368,2017
29033372,2017
29035317,2017
29036392,2017
29036922,2017
29037541,2017
29037898,2017
29037966,2017
29037967,2017
29037978,2017
29038290,2017
29038510,2017
29039229,2017
29039731,2017
29040304,2017
29041992,2017
29042714,2017
29043960,2017
29044149,2017
29044194,2017
29044195,2017
29045206,2017
29048276,2017
29048289,2017
29048293,2017
29048558,2017
29049277,2017
29049592,2017
29049645,2017
29050846,2017
29051080,2017
29051839,2017
29052242,2017
29053013,2017
29053990,2017
29056425,2017
29057920,2017
29058107,2017
29058664,2018
29060089,2017
29062360,2017
29063232,2017
29063515,2017
29064083,2017
