<articles xmlns:xsi="http://www.w3.org/2001/XMLSchema-instance" xsi:schemaLocation="https://raw.githubusercontent.com/scieloorg/articles_meta/master/tests/xsd/scielo_sci/ThomsonReuters_publishing.xsd" dtd-version="1.10"><article lang_id="pt" article-type="research-article"><front><journal-meta><journal-id journal-id-type="publisher">mioc</journal-id><journal-title-group><journal-title>Memórias do Instituto Oswaldo Cruz</journal-title><abbrev-journal-title>Mem. Inst. Oswaldo Cruz</abbrev-journal-title></journal-title-group><issn>1678-8060</issn><collection>SciELO Brazil</collection><publisher><publisher-name>Instituto Oswaldo Cruz, Ministério da Saúde</publisher-name></publisher></journal-meta><article-meta><unique-article-id pub-id-type="publisher-id">S0074-02761927000200001</unique-article-id><article-id pub-id-type="publisher-id">S0074-02761927000200001</article-id><article-id pub-id-type="doi">10.1590/S0074-02761927000200001</article-id><article-categories><subj-group><subject>PARASITOLOGY</subject><subject>TROPICAL MEDICINE</subject></subj-group></article-categories><title-group><article-title lang_id="pt">Leishmaniose tegumentar e sua transmissão pelos phlebotomos</article-title><trans-title-group lang_id="en"><trans-title>Tegumentary Leishmaniosis and its Transmission by Phlebotomi</trans-title></trans-title-group></title-group><contrib-group><contrib contrib-type="author"><name><surname>Aragão</surname><given-names>Henrique de Beaurepaire</given-names></name><role>ND</role></contrib></contrib-group><pub-date><year>1927</year></pub-date><volume>20</volume><issue>2</issue><fpage>177</fpage><lpage>195</lpage><permissions><license license-type="open-access" href="http://creativecommons.org/licenses/by-nc/4.0/"><license-p>This work is licensed under a Creative Commons Attribution-NonCommercial 4.0 International License.</license-p></license></permissions><self-uri href="http://www.scielo.br/scielo.php?script=sci_arttext&amp;pid=S0074-02761927000200001&amp;lng=en&amp;tlng=en" content-type="full_text_page"/><self-uri href="http://www.scielo.br/scielo.php?script=sci_issuetoc&amp;pid=0074-027619270002&amp;lng=en" content-type="issue_page"/><self-uri href="http://www.scielo.br/scielo.php?script=sci_serial&amp;pid=0074-0276&amp;lng=en" content-type="journal_page"/><abstract lang_id="pt"><p>Resulta dos trabalhos até agora emprehendidos que a transmissão da leishmaniose tegumentar deve ser feita por diversas especies de Psychodidios do genero Phlebotomus, entre elles o Phlebotomus papatasü, o Phlebotomus intermedius e o Phlebotomus argentipés. A epidemiologia, a superposição geographica entre a area de disseminação desses insectos e a da disseminação da molestia, assim como o resultado da tentativa da transmissão experimental della, pelos phlebotomos, fallam de modo muito favoravel a este respeito. Os phlebotomos devem não só transmittir a leishmaniose tegumentar como demonstram as experiencias até agora feitas e, muito provavelmente tambem, são elles os transmissores até, agora, não encontrados das leishmanioses viceraes. E' sempre possivel a constituição de um foco de leishmaniose tegumentar muito activo numa zona em que os phlebotomos sejam abundantes, como succudeu nas Aguas Ferreas, no fim do valle das Larangeiras, em plena cidade do Rio de Janeiro. Os factos verificados no fóco das Aguas Ferreas affastam por completo a ideia de que as leishmanias sejam um parasito normal dos phlebotomos. Os outros arthropodes hematophagos (mosquitos, moscas, carrapatos, percevejos etc. até agora incriminados de poderem ser vehiculadores da leishmaniose tegumentar não parecem exercer essa funcção. Além dos cães não está provado a existencia de outros depositarios reaes do virus da leishmaniose tegumentar sendo absolutamente improvavel que os lacertidios possam exercer essa funcção.</p></abstract><trans-abstract lang_id="en"><p>From all that has been ascertained up to now, it would seem that the transmission of tegumentary leishmaniosis scarried out by different species of Psychodids amongst them Phlebotomus papaiasii, Phlebotomus intermedius and Phlebotomus argentipes. The epidemiollogy, the geographic superpoition between the area in which these insects exist and the area in which the disease is found, together with the results of the attempt to 'ransmit experimentally the disease by phlebotomi, all speak very much in favour of this. Phlebotomi must not only transmit tegumentary leishmaniosis, but also Indian Kala-azar, as is demonstrated by experiment made up to date and very probably they are the transmitters, as yet unproven, of leishmaniosis infantum. It is always possible for a very active focus of tegumentary leshmaniosis to arise in a zone in which phlebotomi are plentiful, as happened in Aguas Ferreas, at the end of the valley of Larangeiras and well within the town of Rio de Janeiro. Facts observed in Aguas Ferreas 'entirely exclude the idea that leishmanias might be normally harboured by phlebotomi. Other blood-sucking invertebrates (mosquitos, flies, ticks, bugs etc.) up to now accused of possibly transmitting tegumentary leihmaniosis do not appear to be able to do this. Besides dogs, no other animal is proved to be able to act as a reservoir of the virus of tegumentary leishmaniosis and it is altogether unlikely that lizards should be able to act as such.</p></trans-abstract></article-meta></front></article></articles>