<articles xmlns:xsi="http://www.w3.org/2001/XMLSchema-instance" xsi:schemaLocation="https://raw.githubusercontent.com/scieloorg/articles_meta/master/tests/xsd/scielo_sci/ThomsonReuters_publishing.xsd" dtd-version="1.10"><article lang_id="pt" article-type="research-article"><front><journal-meta><journal-id journal-id-type="publisher">mioc</journal-id><journal-title-group><journal-title>Memórias do Instituto Oswaldo Cruz</journal-title><abbrev-journal-title>Mem. Inst. Oswaldo Cruz</abbrev-journal-title></journal-title-group><issn>1678-8060</issn><collection>SciELO Brazil</collection><publisher><publisher-name>Instituto Oswaldo Cruz, Ministério da Saúde</publisher-name></publisher></journal-meta><article-meta><unique-article-id pub-id-type="publisher-id">S0074-02761924000200002</unique-article-id><article-id pub-id-type="publisher-id">S0074-02761924000200002</article-id><article-id pub-id-type="doi">10.1590/S0074-02761924000200002</article-id><article-categories><subj-group><subject>PARASITOLOGY</subject><subject>TROPICAL MEDICINE</subject></subj-group></article-categories><title-group><article-title lang_id="pt">Os escorpiões brazileiros</article-title><trans-title-group lang_id="en"><trans-title>Scorpions of Brazil</trans-title></trans-title-group></title-group><contrib-group><contrib contrib-type="author"><name><surname>Campos</surname><given-names>Oswaldo de Mello</given-names></name><role>ND</role><xref ref-type="aff" rid="A01"/></contrib></contrib-group><aff id="A01"><institution>Instituto Ezequiel Dias</institution><country>Brasil</country></aff><pub-date><year>1924</year></pub-date><volume>17</volume><issue>2</issue><fpage>237</fpage><lpage>363</lpage><permissions><license license-type="open-access" href="http://creativecommons.org/licenses/by-nc/4.0/"><license-p>This work is licensed under a Creative Commons Attribution-NonCommercial 4.0 International License.</license-p></license></permissions><self-uri href="http://www.scielo.br/scielo.php?script=sci_arttext&amp;pid=S0074-02761924000200002&amp;lng=en&amp;tlng=en" content-type="full_text_page"/><self-uri href="http://www.scielo.br/scielo.php?script=sci_issuetoc&amp;pid=0074-027619240002&amp;lng=en" content-type="issue_page"/><self-uri href="http://www.scielo.br/scielo.php?script=sci_serial&amp;pid=0074-0276&amp;lng=en" content-type="journal_page"/><abstract lang_id="pt"><p>A fauna escorpionica do Brasil é constituida de 37 especies e uma variedade, pertencentes a 4 familias e 10 generos. São as seguintes: FAM. BUTHIDAE. 1. Genero Ananteris - Com a especie A. balzani. 2 Genero Isometrus - Com a especie I. maculatus. 3. Genero Tityus - com as especies: T. microcystis, T. magnimanus, T. metuendus, T. cambridgei, T. duckei, T. paraensis, T. mattogrossensis, T. paraguavensis, T. pusillus, I. silvestris, T. intermedius, T. stigmurus, T. baiensis, T. costatus, T. trivittatus, T. dorsomaculatus, T. serrulatus. 4. Genero Rhopalurus - Com as especies: R. agamemnon, R. debilis, R. stenocuirus, R. melleipalpus, R. barythemar, R. rochai, R. acromelas, R. borelli, R. laticauda. FAM. SCORPIONIDAE. 5. Genero Diplocentrus - Com a especie: D. gundlachi. FAM. CHACTIDAE. 6. Genero Broteas. Com as especies: B. gervaisii. 7. Genero Broteochacatas - Com as especies B. parvulus e B. delicatus. FAM. BOTHRIURIDAE 8. Genero Bothriurus - Com as especies: B. bonariensis, B.signatus a var asper de B. bonariensis. 9. Genero Thestylus - Com a especie T. glasioui. 10. Genero Urophonius - Com a especie U. brachycentrus. De um modo eschematico, pode-se dizer que a fam. Bothriuridae está limitada ao sul do paiz e as fam. Chactldae e Scorpionidae limitadas ao norte (bacia amazonica). A fam. Buthidae se distribue do seguinte modo: o gen. Ananteris é limitado a Matto Grossoo gen. Isometrus é cosmopolita, o gen. Rhopalurus predomina no nordeste brazileiro e o genero Tityus é representado em todo o paiz, ao norte pelos grupos Cambridgei (bacia amazonica) e pusillus (bacia amazonica e Estado do Matto Grosso), no centro e sul pelo grupo stigmurus. No Estado de Minas predominam as especies T. bahiensis e T. serrulatus, aquella em Ouro-Preto, e esta em Bello Horizonte, Santa Barbara, Itabira. etc. Das especies referidas, 6 foram descriptas pelo auctor em collaboração ccm ADOLPHO LUTZ. São as seguintes: T serrulatus, T. dorsomaculatus, T. microcystis, T. intermedius, R. acromelas e R. melleipalpus.</p></abstract><trans-abstract lang_id="en"><p>The fauna of Brazil comprises 37 species and one variety of scorpions, belonging to 4 families and 10 genera. They are the following: FAM. BUTHIDAE 1. Genus Anateris with the species A. balzani. 2. Genus Isometrus with the species I maculatus. 3. Genus Tityus with the species: T. microcystis, T. magnimanus, T. metuendus, T. cambridgei, T. duckei, T. paraensis, T. mattogrossensis, T. paraguayensis, T. pusillus, T. silvestris, T. intermedius, T. stigmurus, T. bahiensis, T. costatus, T. trivittatus, T. dorsomaculatus, T. serrulatus. 4. Genus Rhopalurus with the species: R. agamemnon, R. debilis, R. stenochirus, R. melleipalpus, R. barythenar, R. rochai, R. acromelas, R. borellii, R. laticauda. FAM. SCORPIONIDAE. 5. Genus Dipiocentrus with the species D. gundlachi. FAM. CHACTIDAE. 6. Genus Broteas with the species B. paraensis and B. gervaisii. 7. Genus Broteochactas with the species B. parvutus and B. delicatus. FAM. BOTHRIURIDAE 8. Genus Bothriurus with the species: B. bonariensis, B. signatus and the variety B. bonariensis var asper. 9. Genus Thestylus with the species T. glasioui. 10. Genus Urophonius with the species U. brachycentrus. One may say in general terms that the fam. Bothriuridae is limited to the south of the country and the fam. Chactidae and Scorpionidae to the north (Amazon's Basin). The fam. Buthidae is distributed in the following way: the genus Ananteris is limited to Matto Grosso, the genus Isometrus is cosmopolitan, the genus Rhopalurus is dominant in  the North-wester region of Brazil whits the Genus Tytius is represented in  the whole country, in the North by the groups cambridgei (Amazons Basin) and pusillus (Amazons Basin and State of Mato Grosso, in the centre and South by the group stigmurus. Inthe state of Minas Geraes the dominant species are T. bahiensis and T. serrulatus the former in Ouro Preto the latter in Bello Horizonte, Santa Barbara, Itabira. Of the above mentioned species six were described by the author in collaboration with ADOLPHO LUTZ. These are the following: T. serrulatus, T. dorsomaculatus, T. microscystis, T. intermedius, R. acromelas and R. melleipalpus.</p></trans-abstract></article-meta></front></article></articles>