<articles xmlns:xsi="http://www.w3.org/2001/XMLSchema-instance" xsi:schemaLocation="https://raw.githubusercontent.com/scieloorg/articles_meta/master/tests/xsd/scielo_sci/ThomsonReuters_publishing.xsd" dtd-version="1.10"><article lang_id="pt" article-type="research-article"><front><journal-meta><journal-id journal-id-type="publisher">mioc</journal-id><journal-title-group><journal-title>Memórias do Instituto Oswaldo Cruz</journal-title><abbrev-journal-title>Mem. Inst. Oswaldo Cruz</abbrev-journal-title></journal-title-group><issn>1678-8060</issn><collection>SciELO Brazil</collection><publisher><publisher-name>Instituto Oswaldo Cruz, Ministério da Saúde</publisher-name></publisher></journal-meta><article-meta><unique-article-id pub-id-type="publisher-id">S0074-02761936000400001</unique-article-id><article-id pub-id-type="publisher-id">S0074-02761936000400001</article-id><article-id pub-id-type="doi">10.1590/S0074-02761936000400001</article-id><article-categories><subj-group><subject>PARASITOLOGY</subject><subject>TROPICAL MEDICINE</subject></subj-group></article-categories><title-group><article-title lang_id="pt">Carcinoma epidermoide primario do estomago</article-title><trans-title-group lang_id="en"><trans-title>Primary epidermoid carcinoma of the stomach</trans-title></trans-title-group></title-group><contrib-group><contrib contrib-type="author"><name><surname>Azevedo</surname><given-names>A. Penna de</given-names></name><role>ND</role></contrib><contrib contrib-type="author"><name><surname>Villela</surname><given-names>Eudoro</given-names></name><role>ND</role></contrib></contrib-group><pub-date><year>1936</year></pub-date><volume>31</volume><issue>4</issue><fpage>719</fpage><lpage>729</lpage><permissions><license license-type="open-access" href="http://creativecommons.org/licenses/by-nc/4.0/"><license-p>This work is licensed under a Creative Commons Attribution-NonCommercial 4.0 International License.</license-p></license></permissions><self-uri href="http://www.scielo.br/scielo.php?script=sci_arttext&amp;pid=S0074-02761936000400001&amp;lng=en&amp;tlng=en" content-type="full_text_page"/><self-uri href="http://www.scielo.br/scielo.php?script=sci_issuetoc&amp;pid=0074-027619360004&amp;lng=en" content-type="issue_page"/><self-uri href="http://www.scielo.br/scielo.php?script=sci_serial&amp;pid=0074-0276&amp;lng=en" content-type="journal_page"/><abstract lang_id="pt"><p>Os AA. chamam a attenção para a raridade deste typo histologico de tumor do estomago e descrevem um caso verificado pela autopsia, em individuo branco, brasileiro, de 67 annos de edade. O tumor localiza-se na pequena curvatura do estomago, sob o aspecto de uma formação crateriforme de 3,5 cms. de diametro e com adherencias ao pancreas. O esophago e o cardia não são de modo algum comprometidos pelo processo. Foram encontradas metastases no coração, no figado, na capsula do pancrea, no pulmão e glandulas suprarenaes. O exame histologico mostra tratar-se de um carcinoma epidermoide, não só no tumor primitivo, como tambem nos fócos metastaticos. As AA. são inclinados a acreditar que o tumor tenha se originado por intermedio de um processo d metaplasia epidermoide da mucosa gastrica.</p></abstract><trans-abstract lang_id="en"><p>Attention is called by the AA. to the rarity of this histological feature of gastric tumor verified and described, on post mortem examination, in a white Brazilian male, 57 years old. The tumor is located on the lesser curvature of the stomach under the appearance of a crateriform formation, 3.5 cms. in diameter, fast adhering to the pancreas. The esophagus and cardia are not affected by this process. Metastases were found in the heart, liver, capsule of the pancreas, lungs and adrenal glands. The histological examination reveals in te primary tumor and in the metastatic foci a carcinoma of epidermoid type. The AA. are inclined to believe that the tumor might have arisen through an epidermoid-metaplastic process of the gastric mucosa.</p></trans-abstract></article-meta></front></article></articles>