<articles xmlns:xsi="http://www.w3.org/2001/XMLSchema-instance" xsi:schemaLocation="https://raw.githubusercontent.com/scieloorg/articles_meta/master/tests/xsd/scielo_sci/ThomsonReuters_publishing.xsd" dtd-version="1.10"><article lang_id="pt" article-type="research-article"><front><journal-meta><journal-id journal-id-type="publisher">mioc</journal-id><journal-title-group><journal-title>Memórias do Instituto Oswaldo Cruz</journal-title><abbrev-journal-title>Mem. Inst. Oswaldo Cruz</abbrev-journal-title></journal-title-group><issn>1678-8060</issn><collection>SciELO Brazil</collection><publisher><publisher-name>Instituto Oswaldo Cruz, Ministério da Saúde</publisher-name></publisher></journal-meta><article-meta><unique-article-id pub-id-type="publisher-id">S0074-02761934000400003</unique-article-id><article-id pub-id-type="publisher-id">S0074-02761934000400003</article-id><article-id pub-id-type="doi">10.1590/S0074-02761934000400003</article-id><article-categories><subj-group><subject>PARASITOLOGY</subject><subject>TROPICAL MEDICINE</subject></subj-group></article-categories><title-group><article-title lang_id="pt">Novo nematodeo da sub-familia Heligmosominae Travassos, 1914, parasito de Agouti paca (L.): - Avellaria avellari n. g., n. sp</article-title></title-group><contrib-group><contrib contrib-type="author"><name><surname>Freitas</surname><given-names>J. F. Teixeira de</given-names></name><role>ND</role></contrib><contrib contrib-type="author"><name><surname>Lent</surname><given-names>Herman</given-names></name><role>ND</role></contrib></contrib-group><pub-date><month>09</month><year>1934</year></pub-date><volume>28</volume><issue>4</issue><fpage>577</fpage><lpage>583</lpage><permissions><license license-type="open-access" href="http://creativecommons.org/licenses/by-nc/4.0/"><license-p>This work is licensed under a Creative Commons Attribution-NonCommercial 4.0 International License.</license-p></license></permissions><self-uri href="http://www.scielo.br/scielo.php?script=sci_arttext&amp;pid=S0074-02761934000400003&amp;lng=en&amp;tlng=en" content-type="full_text_page"/><self-uri href="http://www.scielo.br/scielo.php?script=sci_issuetoc&amp;pid=0074-027619340004&amp;lng=en" content-type="issue_page"/><self-uri href="http://www.scielo.br/scielo.php?script=sci_serial&amp;pid=0074-0276&amp;lng=en" content-type="journal_page"/></article-meta></front></article></articles>