<articles xmlns:xsi="http://www.w3.org/2001/XMLSchema-instance" xsi:schemaLocation="https://raw.githubusercontent.com/scieloorg/articles_meta/master/tests/xsd/scielo_sci/ThomsonReuters_publishing.xsd" dtd-version="1.10"><article lang_id="pt" article-type="research-article"><front><journal-meta><journal-id journal-id-type="publisher">mioc</journal-id><journal-title-group><journal-title>Memórias do Instituto Oswaldo Cruz</journal-title><abbrev-journal-title>Mem. Inst. Oswaldo Cruz</abbrev-journal-title></journal-title-group><issn>1678-8060</issn><collection>SciELO Brazil</collection><publisher><publisher-name>Instituto Oswaldo Cruz, Ministério da Saúde</publisher-name></publisher></journal-meta><article-meta><unique-article-id pub-id-type="publisher-id">S0074-02761929000600005</unique-article-id><article-id pub-id-type="publisher-id">S0074-02761929000600005</article-id><article-id pub-id-type="doi">10.1590/S0074-02761929000600005</article-id><article-categories><subj-group><subject>PARASITOLOGY</subject><subject>TROPICAL MEDICINE</subject></subj-group></article-categories><title-group><article-title lang_id="pt">Acções phylacticas não especificas em relação aos venenos ophidicos: tratamento auxiliar dos accidentes ophidicos</article-title></title-group><contrib-group><contrib contrib-type="author"><name><surname>Vellard</surname><given-names>J.</given-names></name><role>ND</role></contrib></contrib-group><pub-date><year>1929</year></pub-date><volume>22</volume><issue>suppl 9</issue><fpage>156</fpage><lpage>167</lpage><permissions><license license-type="open-access" href="http://creativecommons.org/licenses/by-nc/4.0/"><license-p>This work is licensed under a Creative Commons Attribution-NonCommercial 4.0 International License.</license-p></license></permissions><self-uri href="http://www.scielo.br/scielo.php?script=sci_arttext&amp;pid=S0074-02761929000600005&amp;lng=en&amp;tlng=en" content-type="full_text_page"/><self-uri href="http://www.scielo.br/scielo.php?script=sci_issuetoc&amp;pid=0074-027619290006&amp;lng=en" content-type="issue_page"/><self-uri href="http://www.scielo.br/scielo.php?script=sci_serial&amp;pid=0074-0276&amp;lng=en" content-type="journal_page"/><trans-abstract lang_id="fr"><p>Dans l'intoxication expérimentale du pigeon avec les venins de Crotalus terrificus, de Lachesis jararaca et de Naya tripudians, nous avons étudié l'action de 12 médicaments, possédant des affinités neurotropes plus ou moins accusées, arrivant aux conclusions suivantes: 1 - Quelques-uns des ces médicaments exercent une action protectrice spéciale contre ces venins, permettant, injectés une heure avant le vénin, d'eviter tout symptôme d'intoxication chez le pigeon. Certains n'agissent qu'injectés em même temps que le vénin. D'autres sont complètement inactifs. Aucun d'êntre eux ne possède de propriétés curatives. 2 - En plus de ce pouvoir protecteur, ou phylactique, un certain nombre d'entre eux possède sur les venins, une action neutralisante "in vitro", s'accentuant après une heure de contact. 3 - Les conditions dans lesquelles s'exercent ces deux actions, protectrice et neutralisante, sont très variables suivant les venins et les médicaments. Sur leur mécanisme très complexe, on ne peut actuellement formuler que des hypothèses. 4 - Au point de vue pratique, certains de ces médicaments, surtout la spartéine et l'adrénaline, peuvent être utilisés avec avantage comme complément du traitement sérotérapique spécifique dans les accidents déterminés par les animaux venimeux.</p></trans-abstract></article-meta></front></article></articles>