<articles xmlns:xsi="http://www.w3.org/2001/XMLSchema-instance" xsi:schemaLocation="https://raw.githubusercontent.com/scieloorg/articles_meta/master/tests/xsd/scielo_sci/ThomsonReuters_publishing.xsd" dtd-version="1.10"><article lang_id="pt" article-type="research-article"><front><journal-meta><journal-id journal-id-type="publisher">mioc</journal-id><journal-title-group><journal-title>Memórias do Instituto Oswaldo Cruz</journal-title><abbrev-journal-title>Mem. Inst. Oswaldo Cruz</abbrev-journal-title></journal-title-group><issn>1678-8060</issn><collection>SciELO Brazil</collection><publisher><publisher-name>Instituto Oswaldo Cruz, Ministério da Saúde</publisher-name></publisher></journal-meta><article-meta><unique-article-id pub-id-type="publisher-id">S0074-02761936000400004</unique-article-id><article-id pub-id-type="publisher-id">S0074-02761936000400004</article-id><article-id pub-id-type="doi">10.1590/S0074-02761936000400004</article-id><article-categories><subj-group><subject>PARASITOLOGY</subject><subject>TROPICAL MEDICINE</subject></subj-group></article-categories><title-group><article-title lang_id="pt">Ixodidas brasileiros e de alguns paizes limitrophes</article-title></title-group><contrib-group><contrib contrib-type="author"><name><surname>Aragão</surname><given-names>Henrique de Beaurepaire</given-names></name><role>ND</role></contrib></contrib-group><pub-date><year>1936</year></pub-date><volume>31</volume><issue>4</issue><fpage>759</fpage><lpage>843</lpage><permissions><license license-type="open-access" href="http://creativecommons.org/licenses/by-nc/4.0/"><license-p>This work is licensed under a Creative Commons Attribution-NonCommercial 4.0 International License.</license-p></license></permissions><self-uri href="http://www.scielo.br/scielo.php?script=sci_arttext&amp;pid=S0074-02761936000400004&amp;lng=en&amp;tlng=en" content-type="full_text_page"/><self-uri href="http://www.scielo.br/scielo.php?script=sci_issuetoc&amp;pid=0074-027619360004&amp;lng=en" content-type="issue_page"/><self-uri href="http://www.scielo.br/scielo.php?script=sci_serial&amp;pid=0074-0276&amp;lng=en" content-type="journal_page"/><trans-abstract lang_id="en"><p>The knowledge of the Ixodidae becomes every day, more and more important owing to the fact of the increasing number of diseases of man and animals they can transmit. In Brasil besides transmitting treponemosis, piroplasmosis and anaplasmosis to several domestic animals, the ticks are also responsible fo the transmission of the brazilian rocky mountain spotted fever (A. cajennense and Amblyomma striatum) and they can also harbour the virus of the yellow fever and even to transmit it in laboratory experiments (A. cajennense, O. rostratus). The Brazilian fauna of ticks is a small one and has no more than 45 well-established species belonging to the genus Argas, Ornithodoros, Ixodes, Haemaphysalis, Rhipicephalus, Boophilus, Amblyomma and Spaelaeorhynchus. The genus Amblyomma is the best represented one, with 67% of all species of ticks known in Brazil. One of the most important species in the Amblyomma cajennense owing to its abundance and its wide parasitism in many vertebrates: reptiles, birds and mammals, incluing man, who is much attacked by the larva, the nymph and the adult of this species. The other ticks who attack the man are the Amblyomma brasiliense (the pecari tick), in the forests, and the Ornithodoros, especially the species. O. rostratus and brasiliensis. Other species can bite the man, but only occasionally, like Amblyomma fossum, striatum, oblongogutatum etc. Argas persicus, Rhipicephalus sanguineus and Boophilus are very important species not only as parasites but specially because they transmit several diseases to animals. Some of the ticks of the brazilian wild animals are now also parasites of the domestic ones and vice-versa. Arga persicus var. dissimilis is very common among the poultry and transmits the Treponema anserinum (gallinarum). Boophilus microplus is very abundant on our domestic and wild ruminants (Bos, Cervus, Mazama etc.) and can also ben found on horse, dogs, Felis onca, Felis concolor etc., and it transmits to cattle piroplasmosis and anaplasmosis. Rhipicephalus sanguineus (an introduced species) is now very common on the dog, over all the country. The author recommend to give popular names to some brazilian ticks in order to make them more acquainted with the non scientific people. The author gives a classification of the superfamilia Ixoidoidea and keys to the determination of the different species of brazilian ticks. He creates a new family of Nuttallielidae to the so interesting tick, described by Bedford with the name of Nuttaliella namaqua in South Africa, a new variety of Argas persicus, the Argas persicus var. dissimilis nov. var. owing to the differences on the segment and on the size and morphology of the peritrema. He describes also the female of Amblyomma fuscum Nn. A great part of the author's work deals with the biology, life conditions and parasitism of many of the brazilian ticks in accordance with his personal and from other author's researches, especially in reference to Argas persicus, Ornithodoros rostratus, O. brasiliensis, Boophilus microplus, Rhipicephalus sanguineus, Amblyomma cajennense, A. pseudoconcolor, A. auriculare, A. rotundatum (= A. agamum) etc. The author gives a detailed report upon the parthenogenesis of A. rotundatum (A. agamum) that he first described in 1912 and gives also many references to other species of brazilian ticks, to teratological forms etc. He also gives a detailed report of the geographical distribution of brazilian ticks and of the peculiar conditions of its parasitism. The last part of this article deals with references to the species of ticks of some of the South American Republics namely Argentina, Bolivia, Colombia, Paraguay and Venezuela. Amblyomma testudinis Conil, A. neumanni Ribaga 1902 (= A. furcula Dõnitz 1909) and A. parvitarsum Nn. 1899 (= A. altiplanum Dios 1917), are found only in Argentina. It is given a special bibliography dealing with the brazilian ticks and four text figures and one plate.</p></trans-abstract></article-meta></front></article></articles>