<articles xmlns:xsi="http://www.w3.org/2001/XMLSchema-instance" xsi:schemaLocation="https://raw.githubusercontent.com/scieloorg/articles_meta/master/tests/xsd/scielo_sci/ThomsonReuters_publishing.xsd" dtd-version="1.10"><article lang_id="pt" article-type="research-article"><front><journal-meta><journal-id journal-id-type="publisher">mioc</journal-id><journal-title-group><journal-title>Memórias do Instituto Oswaldo Cruz</journal-title><abbrev-journal-title>Mem. Inst. Oswaldo Cruz</abbrev-journal-title></journal-title-group><issn>1678-8060</issn><collection>SciELO Brazil</collection><publisher><publisher-name>Instituto Oswaldo Cruz, Ministério da Saúde</publisher-name></publisher></journal-meta><article-meta><unique-article-id pub-id-type="publisher-id">S0074-02761932000200006</unique-article-id><article-id pub-id-type="publisher-id">S0074-02761932000200006</article-id><article-id pub-id-type="doi">10.1590/S0074-02761932000200006</article-id><article-categories><subj-group><subject>PARASITOLOGY</subject><subject>TROPICAL MEDICINE</subject></subj-group></article-categories><title-group><article-title lang_id="pt">Reticulo-endotheliomatose maligna</article-title></title-group><contrib-group><contrib contrib-type="author"><name><surname>Torres</surname><given-names>C. Magarinos</given-names></name><role>ND</role></contrib><contrib contrib-type="author"><name><surname>Azevedo</surname><given-names>A. Penna de</given-names></name><role>ND</role></contrib></contrib-group><pub-date><month>08</month><year>1932</year></pub-date><volume>26</volume><issue>2</issue><fpage>239</fpage><lpage>249</lpage><permissions><license license-type="open-access" href="http://creativecommons.org/licenses/by-nc/4.0/"><license-p>This work is licensed under a Creative Commons Attribution-NonCommercial 4.0 International License.</license-p></license></permissions><self-uri href="http://www.scielo.br/scielo.php?script=sci_arttext&amp;pid=S0074-02761932000200006&amp;lng=en&amp;tlng=en" content-type="full_text_page"/><self-uri href="http://www.scielo.br/scielo.php?script=sci_issuetoc&amp;pid=0074-027619320002&amp;lng=en" content-type="issue_page"/><self-uri href="http://www.scielo.br/scielo.php?script=sci_serial&amp;pid=0074-0276&amp;lng=en" content-type="journal_page"/><trans-abstract lang_id="en"><p>A spindle-cell sarcoma (fig. 5) apparently originating from the dura (fig. 4) was found at the autopsy of a male, mulato, 17 years of age. The bones of the skull (occipital and both parietals) were penetrated and destroyed (fig. 1 and 2). The nervous tissue was not penetrated, the only change in the brain being a depressed area where the tumor was included. Metastatic nodules were found in the liver (fig. 3),hepatic lymphnodes (fig. 14), spleen (fig. 12) and suprarenal bodies (fig. 15). The structure, however, in all those different locations was that of a typical endothelioma (figs. 8, 11 and 13). The cells are of large and moderate size, of polyhedral form, with vesicular nuclei, diminutive nucleoli and clear cytoplasm. (Figs. 6 and 8). They are arranged about a central lumen which represents a rudimentary vessel (figs. 9 and 13). Other areas are composed of cells without concentric arrangement (figs. 4 and 10). In small areas, the colums of liver cells are marginated in one side by typical sinusoids, while in the other side tumor cells arranged about a narrow lumen are seen suggesting a pathological (neoplastic) sinusoid (figs. 7 and 9). The case is considered as a multiple diffuse endothelioma. The origin of the tumor is referred to the reticulo-endothelial apparatus of the liver, the spleen, the suprarenal bodies and the lymph nodes, the structure being rather uniform in those organs. In the dura, the endothelioma reproduces the structure and presents the general character of a fibroblastic sarcoma; in some places, however, the structure of endothelioma could be found (fig.6). It corresponds to the reticulo-endotheliomatosis maligna according to Puhr's grouping of progressive changes in the reticulo-endothelial apparatus which is a follows: 1. HYPERPLASTIC - 1. Mnnocytic leukemia. 2. a) Aleukemic reticulosis (Goldschmid and Isaac). b) Idiopathic sarcoma of skin (Kaposi). c) Cutaneous sarcoid (Spiegler). 3. Secretory reticulosis. a) Gaucher's disease. b) Generalized xanthomatosis. c) Spleno-hepatomegaly with lipoidic cells (Pick). II. BLASTOMATOSUS OR NEOPLASTIC - 1. Benign - a) Circumscribed tumors. a) Epulis sarcomatosa; b) Benign giant-cells sarcoma of the bone - marrow of long bones. b) Generalized brown tumors of osteitis fibrosa. 2. Malignant - a) Circumscribed haemangio - endothelioma (reticulo- endothelioma (maligum). of {liver, spleen, bone-marrow. b) Generalized haemangio-endotheliomatosis (reticulo-endotheliomatosis maligna) (Grabowski).</p></trans-abstract></article-meta></front></article></articles>