<articles xmlns:xsi="http://www.w3.org/2001/XMLSchema-instance" xsi:schemaLocation="https://raw.githubusercontent.com/scieloorg/articles_meta/master/tests/xsd/scielo_sci/ThomsonReuters_publishing.xsd" dtd-version="1.10"><article lang_id="en" article-type="research-article"><front><journal-meta><journal-id journal-id-type="publisher">mioc</journal-id><journal-title-group><journal-title>Memórias do Instituto Oswaldo Cruz</journal-title><abbrev-journal-title>Mem. Inst. Oswaldo Cruz</abbrev-journal-title></journal-title-group><issn>1678-8060</issn><collection>SciELO Brazil</collection><publisher><publisher-name>Instituto Oswaldo Cruz, Ministério da Saúde</publisher-name></publisher></journal-meta><article-meta><unique-article-id pub-id-type="publisher-id">S0074-02761934000200013</unique-article-id><article-id pub-id-type="publisher-id">S0074-02761934000200013</article-id><article-id pub-id-type="doi">10.1590/S0074-02761934000200013</article-id><article-categories><subj-group><subject>PARASITOLOGY</subject><subject>TROPICAL MEDICINE</subject></subj-group></article-categories><title-group><article-title lang_id="en">Myeloid Metaplasia of Spleen in Hookworm Disease</article-title></title-group><contrib-group><contrib contrib-type="author"><name><surname>Cruz</surname><given-names>W. O.</given-names></name><role>ND</role></contrib></contrib-group><pub-date><month>06</month><year>1934</year></pub-date><volume>28</volume><issue>2</issue><fpage>299</fpage><lpage>303</lpage><permissions><license license-type="open-access" href="http://creativecommons.org/licenses/by-nc/4.0/"><license-p>This work is licensed under a Creative Commons Attribution-NonCommercial 4.0 International License.</license-p></license></permissions><self-uri href="http://www.scielo.br/scielo.php?script=sci_arttext&amp;pid=S0074-02761934000200013&amp;lng=en&amp;tlng=en" content-type="full_text_page"/><self-uri href="http://www.scielo.br/scielo.php?script=sci_issuetoc&amp;pid=0074-027619340002&amp;lng=en" content-type="issue_page"/><self-uri href="http://www.scielo.br/scielo.php?script=sci_serial&amp;pid=0074-0276&amp;lng=en" content-type="journal_page"/><abstract lang_id="en"><p>We investigated, in the liver and the spleen of ten pures cases of ankylostomiasis haemocytopoietic elements. We verified the weight of spleen in 23 cases of individuals from 3 to 60 years old. In no case did we meet with haemopoietic cells in liver. In seven cases we found in spleen elements of the red series at an advanced evolutional stage (orthochromatic erythroblasts with pyknotic nucleus). In some of these cases we observed megakaryocytes and numerous eosinophilous myelocytes.The three cases which did not show any myeloid metaplasia in spleen were from individuals of over 50 years. Nevertheless, in another case of an individual 59 years old this metaplasia was verified. In individuals of over 20 years, the average weight of spleen in nine cases appeared to be equal to the normal weight. In 14 other cases, between 3 and 14 years of age, the weight of this organ was always sensibly higher than in normal individuals of the corresponding age. These results suggest the possibility of the myeloid metaplasia being the fact responsible for the weight increase of spleen in young individuals victimatized by hookworm anaemia. The remarkable proliferation of orthochromatic erythroblasts shows that the degree and quickness of blood regeneration after iron administration are due, essentially, to the great quantity of haemoglobin previously formed in the spleen and bone marrow of ankylostomized organisms.</p></abstract></article-meta></front></article></articles>