<articles xmlns:xsi="http://www.w3.org/2001/XMLSchema-instance" xsi:schemaLocation="https://raw.githubusercontent.com/scieloorg/articles_meta/master/tests/xsd/scielo_sci/ThomsonReuters_publishing.xsd" dtd-version="1.10"><article lang_id="pt" article-type="research-article"><front><journal-meta><journal-id journal-id-type="publisher">mioc</journal-id><journal-title-group><journal-title>Memórias do Instituto Oswaldo Cruz</journal-title><abbrev-journal-title>Mem. Inst. Oswaldo Cruz</abbrev-journal-title></journal-title-group><issn>1678-8060</issn><collection>SciELO Brazil</collection><publisher><publisher-name>Instituto Oswaldo Cruz, Ministério da Saúde</publisher-name></publisher></journal-meta><article-meta><unique-article-id pub-id-type="publisher-id">S0074-02761934000200012</unique-article-id><article-id pub-id-type="publisher-id">S0074-02761934000200012</article-id><article-id pub-id-type="doi">10.1590/S0074-02761934000200012</article-id><article-categories><subj-group><subject>PARASITOLOGY</subject><subject>TROPICAL MEDICINE</subject></subj-group></article-categories><title-group><article-title lang_id="pt">Metaplasia mieloide do baço na Ancilostomose</article-title></title-group><contrib-group><contrib contrib-type="author"><name><surname>Cruz</surname><given-names>W. O.</given-names></name><role>ND</role></contrib></contrib-group><pub-date><month>06</month><year>1934</year></pub-date><volume>28</volume><issue>2</issue><fpage>287</fpage><lpage>298</lpage><permissions><license license-type="open-access" href="http://creativecommons.org/licenses/by-nc/4.0/"><license-p>This work is licensed under a Creative Commons Attribution-NonCommercial 4.0 International License.</license-p></license></permissions><self-uri href="http://www.scielo.br/scielo.php?script=sci_arttext&amp;pid=S0074-02761934000200012&amp;lng=en&amp;tlng=en" content-type="full_text_page"/><self-uri href="http://www.scielo.br/scielo.php?script=sci_issuetoc&amp;pid=0074-027619340002&amp;lng=en" content-type="issue_page"/><self-uri href="http://www.scielo.br/scielo.php?script=sci_serial&amp;pid=0074-0276&amp;lng=en" content-type="journal_page"/><abstract lang_id="pt"><p>Pesquizamos, no figado e baço de dez casos puros de ancilostomose, elementos hemocitopoieticos; verificamos o peso do baço em 23 casos de individuos com idades compreendidas entre 3 e 60 anos; não encontramos, em nenhum caso, celulas hemoformadoras no figado. Em sete casos, encontramos, no baço, elementos da série vermelha em adiantado estado de evolução (eritroblastos ortocromaticos de nucleo picnotico). Em alguns destes casos observamos megacariocitos e numerosos mielocitos eosinofilos. Os tres casos que não apresentavam metaplasia mieloide no baço, eram os de individuos acima de 50 anos de idade. Entretanto, em outro caso de um individuo com 59 anos esta metaplasia foi verificada. Em individuos acima de 20 anos, o peso médio do baço, em nove casos, mostrou-se igual ao peso normal. Em 14 casos, compreendidos entre 3 e 14 anos, o peso deste orgão foi sempre sensivelmente mais elevado que nos normais de idade correspondente. Estes resultados sugerem a possibilidade de ser a metaplasia mieloide responsavel pelos aumentos de pezo nos baços de individuos jovens, vitimados pela anemia ancilostomica. A notavel proliferação dos eritroblastos ortocromaticos mostra que o grão e a rapidez da regeneração sanguinea, após a administração de ferro, são devidos, essencialmente, á grande quantidade de hemoglobina já preformada no baço e na medula ossea dos organismos ancilostomados.</p></abstract></article-meta></front></article></articles>