<articles xmlns:xsi="http://www.w3.org/2001/XMLSchema-instance" xsi:schemaLocation="https://raw.githubusercontent.com/scieloorg/articles_meta/master/tests/xsd/scielo_sci/ThomsonReuters_publishing.xsd" dtd-version="1.10"><article lang_id="pt" article-type="research-article"><front><journal-meta><journal-id journal-id-type="publisher">mioc</journal-id><journal-title-group><journal-title>Memórias do Instituto Oswaldo Cruz</journal-title><abbrev-journal-title>Mem. Inst. Oswaldo Cruz</abbrev-journal-title></journal-title-group><issn>1678-8060</issn><collection>SciELO Brazil</collection><publisher><publisher-name>Instituto Oswaldo Cruz, Ministério da Saúde</publisher-name></publisher></journal-meta><article-meta><unique-article-id pub-id-type="publisher-id">S0074-02761930000100004</unique-article-id><article-id pub-id-type="publisher-id">S0074-02761930000100004</article-id><article-id pub-id-type="doi">10.1590/S0074-02761930000100004</article-id><article-categories><subj-group><subject>PARASITOLOGY</subject><subject>TROPICAL MEDICINE</subject></subj-group></article-categories><title-group><article-title lang_id="pt">Um chronographo de construção simples, permittindo registrar intervallos de tempo de 1 a 60 segundos</article-title></title-group><contrib-group><contrib contrib-type="author"><name><surname>Xavier</surname><given-names>Antonio Augusto</given-names></name><role>ND</role></contrib></contrib-group><pub-date><month>01</month><year>1930</year></pub-date><volume>23</volume><issue>1</issue><fpage>59</fpage><lpage>60</lpage><permissions><license license-type="open-access" href="http://creativecommons.org/licenses/by-nc/4.0/"><license-p>This work is licensed under a Creative Commons Attribution-NonCommercial 4.0 International License.</license-p></license></permissions><self-uri href="http://www.scielo.br/scielo.php?script=sci_arttext&amp;pid=S0074-02761930000100004&amp;lng=en&amp;tlng=en" content-type="full_text_page"/><self-uri href="http://www.scielo.br/scielo.php?script=sci_issuetoc&amp;pid=0074-027619300001&amp;lng=en" content-type="issue_page"/><self-uri href="http://www.scielo.br/scielo.php?script=sci_serial&amp;pid=0074-0276&amp;lng=en" content-type="journal_page"/><trans-abstract lang_id="en"><p>Descriptive memorial of a chronograph made from a common chronoscop (Eastman Timer). The chronoscop has been modified in order to permit to adjust distinct cog-wheels, everyone in its turn, to the axis of the seconds hand. Each of these cog-wheels holds a definite number of teeth accordingly with the time interval ones desire to record. A wheel with 20 teeth, for instance, is available for recording time in periods of each three seconds, another wheel with 6 teeth, will reckon time in intervals of 10 seconds and so on. These wheels may be interchanged most easily, which enables, with the same apparatus, to have at hand a time recorder for any time interval between one and sixty seconds. To register the time the apparatus is connected with a dry cell. A wire is attached to a binding post on the metal case of the apparatus, another wire being connected with an isolated binding post placed in front of the cog-wheel and fastened to a platinum point allowing open or shut the circuit, every time one of the cogs of the wheel comes into contact with this platinum point. A signal magnet is placed also in the circuit for writing the time intervals on the revolving drum.</p></trans-abstract></article-meta></front></article></articles>