<articles xmlns:xsi="http://www.w3.org/2001/XMLSchema-instance" xsi:schemaLocation="https://raw.githubusercontent.com/scieloorg/articles_meta/master/tests/xsd/scielo_sci/ThomsonReuters_publishing.xsd" dtd-version="1.10"><article lang_id="pt" article-type="research-article"><front><journal-meta><journal-id journal-id-type="publisher">mioc</journal-id><journal-title-group><journal-title>Memórias do Instituto Oswaldo Cruz</journal-title><abbrev-journal-title>Mem. Inst. Oswaldo Cruz</abbrev-journal-title></journal-title-group><issn>1678-8060</issn><collection>SciELO Brazil</collection><publisher><publisher-name>Instituto Oswaldo Cruz, Ministério da Saúde</publisher-name></publisher></journal-meta><article-meta><unique-article-id pub-id-type="publisher-id">S0074-02761932000100001</unique-article-id><article-id pub-id-type="publisher-id">S0074-02761932000100001</article-id><article-id pub-id-type="doi">10.1590/S0074-02761932000100001</article-id><article-categories><subj-group><subject>PARASITOLOGY</subject><subject>TROPICAL MEDICINE</subject></subj-group></article-categories><title-group><article-title lang_id="pt">Bacillus serositidis, nova especie: (Isolado em cultura pura, de um caso humano de inflamação primitiva das serosas)</article-title><trans-title-group lang_id="en"><trans-title>Bacillus serositidis, new species: (Isolated from a human case of a primary inflammation of the serous membranes)</trans-title></trans-title-group></title-group><contrib-group><contrib contrib-type="author"><name><surname>Lacorte</surname><given-names>José Guilherme</given-names></name><role>ND</role></contrib></contrib-group><pub-date><month>03</month><year>1932</year></pub-date><volume>26</volume><issue>1</issue><fpage>1</fpage><lpage>13</lpage><permissions><license license-type="open-access" href="http://creativecommons.org/licenses/by-nc/4.0/"><license-p>This work is licensed under a Creative Commons Attribution-NonCommercial 4.0 International License.</license-p></license></permissions><self-uri href="http://www.scielo.br/scielo.php?script=sci_arttext&amp;pid=S0074-02761932000100001&amp;lng=en&amp;tlng=en" content-type="full_text_page"/><self-uri href="http://www.scielo.br/scielo.php?script=sci_issuetoc&amp;pid=0074-027619320001&amp;lng=en" content-type="issue_page"/><self-uri href="http://www.scielo.br/scielo.php?script=sci_serial&amp;pid=0074-0276&amp;lng=en" content-type="journal_page"/><abstract lang_id="pt"><p>De um caso anatomo-patologico curioso de inflamação primitiva das serosas, resolveram os Drs. Osvino Pena e Pena de Azevedo entregar-nos material para exame bacteriologico. Este revelou a presença de um germen com propriedades desconhecidas, o qual denominamos Bacillus serositidis, de acôrdo com a classificação norte-americana. O bacilo isolado tem os mesmos caracteres morfologicos do encontrado nas serosas, tanto nos esfregaços do pús como nos córtes, razão porque julgamos tratar-se do mesmo germen. Aventamos ainda a hipotese de ter sido ele com muita probabilidade o responsavel pela infecção de que veiu a falecer o doente de que se trata no presente, pelas seguintes razões: O doente morreu evidentemente da inflamação fibrino-purulenta das serosas. Esta só podia ter sido provocada pelo bacilo visivel dos esfregaços e nos córtes, sendo ausentes quaesquer outros elementos que expliquem o fáto. Este bacilo corresponde morfologicamente ao isolado por nós em cultura pura.</p></abstract><trans-abstract lang_id="en"><p>This is a bacteriological report of a case of a primary acute inflammation of the serous membranes (peritoneum, pericardium, pleura). A bacteria apparently not yet described in the litterature was isolated. it is here described as Bacillus serositidis, and it was classificated according to the systhem of the American Bacteriologists Society. Bacillus serositidis exhibits the same morphology either in the pus, smears and sections of the serous membranes or in the culture media. The patient, evidently, died from a fibrino-purulent inflammation of the serous membranes. This acute inflammatory process was probably caused by the bacillus found in the smears and sections as no other injury could be demonstrated.</p></trans-abstract></article-meta></front></article></articles>