<articles xmlns:xsi="http://www.w3.org/2001/XMLSchema-instance" xsi:schemaLocation="https://raw.githubusercontent.com/scieloorg/articles_meta/master/tests/xsd/scielo_sci/ThomsonReuters_publishing.xsd" dtd-version="1.10"><article lang_id="pt" article-type="research-article"><front><journal-meta><journal-id journal-id-type="publisher">mioc</journal-id><journal-title-group><journal-title>Memórias do Instituto Oswaldo Cruz</journal-title><abbrev-journal-title>Mem. Inst. Oswaldo Cruz</abbrev-journal-title></journal-title-group><issn>1678-8060</issn><collection>SciELO Brazil</collection><publisher><publisher-name>Instituto Oswaldo Cruz, Ministério da Saúde</publisher-name></publisher></journal-meta><article-meta><unique-article-id pub-id-type="publisher-id">S0074-02761931000300001</unique-article-id><article-id pub-id-type="publisher-id">S0074-02761931000300001</article-id><article-id pub-id-type="doi">10.1590/S0074-02761931000300001</article-id><article-categories><subj-group><subject>PARASITOLOGY</subject><subject>TROPICAL MEDICINE</subject></subj-group></article-categories><title-group><article-title lang_id="pt">Degeneração oxychromatica ("inclusões intranucleares") na febre amarella</article-title></title-group><contrib-group><contrib contrib-type="author"><name><surname>Torres</surname><given-names>C. Magarinos</given-names></name><role>ND</role></contrib></contrib-group><pub-date><month>05</month><year>1931</year></pub-date><volume>25</volume><issue>3</issue><fpage>227</fpage><lpage>231</lpage><permissions><license license-type="open-access" href="http://creativecommons.org/licenses/by-nc/4.0/"><license-p>This work is licensed under a Creative Commons Attribution-NonCommercial 4.0 International License.</license-p></license></permissions><self-uri href="http://www.scielo.br/scielo.php?script=sci_arttext&amp;pid=S0074-02761931000300001&amp;lng=en&amp;tlng=en" content-type="full_text_page"/><self-uri href="http://www.scielo.br/scielo.php?script=sci_issuetoc&amp;pid=0074-027619310003&amp;lng=en" content-type="issue_page"/><self-uri href="http://www.scielo.br/scielo.php?script=sci_serial&amp;pid=0074-0276&amp;lng=en" content-type="journal_page"/><abstract lang_id="pt"><p>1- No interior do nucleo de cellulas hepaticas de Macacus rhesus e M. cynomolgus (figs. 13-34) inoculado com o virus da febre amarella e de cellulas hepaticas de doentes de febre amarella (figs. 61-65 e 68-69) ocorre o processo regressivo referido na literatura sob o nome de «degeneração oxychromatica». Tal processo apresenta grande intensidade nos macacos, sendo, porém, assaz escasso no material humano colhido em autopsias. Esta alteração está intimamente associada ao effeito nocivo causado pelo proprio virus da febre amarella, sendo, neste sentido, a unica alteração verdadeiramente especifica na febre amarella. Não foram encontradas alterações do cytoplasma nem granulos intracellulares que tivessem relação com o virus da febre amarella. Assim sendo, a febre amarella pertencerá ao grupo de doenças de virus filtraveis produzindo alterações cellulares caracteristicas ou corpusculos especificos, exclusivamente limitados ao nucleo. Deve ser incluida, portanto no grupo karyo-oikon da classificação de Lipschütz, juntamente com herpes, varicella, virus III do coelho, «submaxillary disease», etc. Como acontece em geral, nas doenças de virus filtraveis, formando inclusões intracellulares, observa-se na febre amarella que a inclusão celular especifica predomina ou existe exclusivamente em determinada especie cellular. Até agora, no nosso material só conseguimos evidenciar a degeneração oxychromatica da febre amarella na cellula hepatica. Quando existe, porém, a sua abundancia é notavel, não raro attingido a quasi totalidade das cellulas hepaticas nos cortes histologicos examinados. Esse facto não poude ser observado nos casos humanos que examinamos,provavelmente em virtude de condições proprias do virus no homem e da phase da molestia na qual foi retirado o material para estudo. Nas cellulas da camada cortical das suprarenaes de M. rhesus infectados encontramos aspectos nucleares suggestivos de degeneração oxychromatica (figs. 37 e 40); são escassos e de caracterisação duvidosa em virtude da concomitancia de alterações necrobíoticas não específicas. 2- Durante a epidemia de febre amarella em 1928 no Rio de Janeiro, notamos differenças assaz pronunciadas entre as lesões hepaticas no homem e no M. rhesus. Taes differenças, existindo em material assaz homogeneo quanto ás amostras de virus em questão, nos levam a concluir que a capacidade de formar corpusculos intranucleares especificos, como tambem a já conhecida permanencia do virus no sangue e nos tecidos, depende, de modo evidente, da especie animal usada e não da propria amostra empregada, nem do numero de passagens que ella soffreu no macaco. Embora os doentes pertencessem a raças differentes (quadro VIII) e embora, possivelmente diversas amostras de virus tenham sido nelles inoculadas, estamos autorisados a concluir que a amostra ou amostras que infectaram o homem na epidemia de 1928, no Rio de janeiro, possuem nelle uma fraca capacidade de determinar inclusões intranucleares. Ao contrario, a mesma amostra ou amostras são capazes de produzir no M. rhesus, logo na primeira passagem, inclusões intranucleares assaz abundantes. Outra diferença que notamos e attribuimos a especie animal empregada foi; as alterações hepaticas de natureza toxica e circulatoria (congestão, necrose e necrobiose da cellula hepatica) são nitidamente mais intensas no homem que nos macacos injectados com as amostras brasileiras do virus da febre amarella isoladas durante a epidemia de 1928 no Rio de Janeiro. Conseguimos, no homem, evidencia de inclusões typicas na cellula hepatica, apenas em tres casos dentre dezesete examinados. Esse resultado, provavelmente, ainda não é definitivo, indicando, apenas a raridade extrema que os corpusculos podem apresentar nos casos de febre amarella que ordinariamente chegam á autopsia. Tambem não realisamos uma pesquiza exhaustiva dos corpusculos em outros orgãos além do figado. O caso no qual encontramos em maior abundancia os corpusculos intranucleares, offerecia duas circumstancias que isoladamente, e, com maior razão, associadas, não são habituaes em material de autopsia de febre amarella, a saber: trata-se de uma creança fallecida cerca de 40 horas após o inicio da molestia e a autopsia foi iniciada 30 minutos após o obito. Notamos que, quando em uma preparação é encontrada uma cellula hepatica com inclusão, o exame não tarda em demonstrar, em campos microscopicos visinhos, uma ou outra cellula tambem com inclusão, ao passo que em pontos mais distantes nenhuma cellula é encontrada apresentando inclusões. Esses «fócos» de cellulas com inclusões nem sempre são faceis de encontrar, o que está de accôrdo com as differenças topographicas de outras lesões hepaticas, referidas por Oskar Klotz (1928) e Hudson (1928). 3- A degeneração oxychromatica é um processo regressivo nuclear, no qual tomam parte predominante elementos presentes no nucleo normal de cellulas tratadas pelos fixadores habituaes. São elles: a oxychromatina, o reticulo de linina e as particulas de basichromatina neste ultimo incrustadas; de mistura e associadas á oxychromatina existem provavelmente outras albuminas nucleares acidophilas oriundas do nucleoplasma em condições pathologicas do nucleo. Apenas esses elementos se apresentam alterados, quer quantitativamente, quer em seu aspecto e disposição reciproca, quer em suas affinidades tinctoriaes. O facto importante a reter é que taes modificações regressivas interessam, no inicio, unicamente determinadas partes componentes do nucleo com exclusão de outras e reproduzem nas cellulas hepaticas de animaes infectados, de maneira constante e regular, aspectos nucleares absolutamente typicos e especificos da infecção pelo virus amarillico. 4- O corpusculo intranuclear da febre amarella, em phases typicas (figs. 69 e 71) mostra-se constituido por uma «substancia fundamental» e por um «stroma». A substancia fundamental é uma albumina nuclear basica, em parte formada pela oxychromatina ou lanthanina, em parte por outras nucleoproteinas...</p></abstract></article-meta></front></article></articles>