<articles xmlns:xsi="http://www.w3.org/2001/XMLSchema-instance" xsi:schemaLocation="https://raw.githubusercontent.com/scieloorg/articles_meta/master/tests/xsd/scielo_sci/ThomsonReuters_publishing.xsd" dtd-version="1.10"><article lang_id="pt" article-type="research-article"><front><journal-meta><journal-id journal-id-type="publisher">mioc</journal-id><journal-title-group><journal-title>Memórias do Instituto Oswaldo Cruz</journal-title><abbrev-journal-title>Mem. Inst. Oswaldo Cruz</abbrev-journal-title></journal-title-group><issn>1678-8060</issn><collection>SciELO Brazil</collection><publisher><publisher-name>Instituto Oswaldo Cruz, Ministério da Saúde</publisher-name></publisher></journal-meta><article-meta><unique-article-id pub-id-type="publisher-id">S0074-02761933000100001</unique-article-id><article-id pub-id-type="publisher-id">S0074-02761933000100001</article-id><article-id pub-id-type="doi">10.1590/S0074-02761933000100001</article-id><article-categories><subj-group><subject>PARASITOLOGY</subject><subject>TROPICAL MEDICINE</subject></subj-group></article-categories><title-group><article-title lang_id="pt">Lipoides do plasma normal</article-title></title-group><contrib-group><contrib contrib-type="author"><name><surname>Villela</surname><given-names>Gilberto G.</given-names></name><role>ND</role></contrib><contrib contrib-type="author"><name><surname>Silva</surname><given-names>Candido</given-names></name><role>ND</role></contrib></contrib-group><pub-date><month>03</month><year>1933</year></pub-date><volume>27</volume><issue>1</issue><fpage>1</fpage><lpage>15</lpage><permissions><license license-type="open-access" href="http://creativecommons.org/licenses/by-nc/4.0/"><license-p>This work is licensed under a Creative Commons Attribution-NonCommercial 4.0 International License.</license-p></license></permissions><self-uri href="http://www.scielo.br/scielo.php?script=sci_arttext&amp;pid=S0074-02761933000100001&amp;lng=en&amp;tlng=en" content-type="full_text_page"/><self-uri href="http://www.scielo.br/scielo.php?script=sci_issuetoc&amp;pid=0074-027619330001&amp;lng=en" content-type="issue_page"/><self-uri href="http://www.scielo.br/scielo.php?script=sci_serial&amp;pid=0074-0276&amp;lng=en" content-type="journal_page"/><trans-abstract lang_id="en"><p>1. In a series of 21 normal cases we found for fatty acids per 100 cc. of plasma an average of 332 mgm., being 314 mgm. for the male sex and 350 mgm. for the female sex. 2.- For lecithin, in four normal cases we found per 100 cc. of plasma 182 mgm. estimated by the contents is phosphorus which ranged from 6.12 to 9.0 mgrs. 3.- Cholesterol in 20 normal cases showed 172 mgm. per 100 cc. of plasma. The averages were 151 mgm. for men and 194 mgm. for women. 4.- The readings of the fractions were 2.01 for the ratio fatty acids divided by lecithins 0.90 for lecithin divided by cholesterol and 1.93 for fatty acids divided by cholesterol. 5.- On comparing the results obtained by us with those reported in foreign literature an absolute conformity is noted chiefly with the values supplied by Bloor and Horiuchi for the ratios among the various lipoid fractions. The average for Cholesterol is comparable with that obtained by Myers but is slightly under that of Bloor's. The lecithin contents found by us did not reach such high values as those supplied by foreign authors.</p></trans-abstract></article-meta></front></article></articles>