<articles xmlns:xsi="http://www.w3.org/2001/XMLSchema-instance" xsi:schemaLocation="https://raw.githubusercontent.com/scieloorg/articles_meta/master/tests/xsd/scielo_sci/ThomsonReuters_publishing.xsd" dtd-version="1.10"><article lang_id="pt" article-type="research-article"><front><journal-meta><journal-id journal-id-type="publisher">mioc</journal-id><journal-title-group><journal-title>Memórias do Instituto Oswaldo Cruz</journal-title><abbrev-journal-title>Mem. Inst. Oswaldo Cruz</abbrev-journal-title></journal-title-group><issn>1678-8060</issn><collection>SciELO Brazil</collection><publisher><publisher-name>Instituto Oswaldo Cruz, Ministério da Saúde</publisher-name></publisher></journal-meta><article-meta><unique-article-id pub-id-type="publisher-id">S0074-02761936000200005</unique-article-id><article-id pub-id-type="publisher-id">S0074-02761936000200005</article-id><article-id pub-id-type="doi">10.1590/S0074-02761936000200005</article-id><article-categories><subj-group><subject>PARASITOLOGY</subject><subject>TROPICAL MEDICINE</subject></subj-group></article-categories><title-group><article-title lang_id="pt">Investigações anatomicas sobre os Bradypódidas: o nervo vago no Bradypus tridactylus</article-title></title-group><contrib-group><contrib contrib-type="author"><name><surname>Baptista</surname><given-names>Benjamim Vinelli</given-names></name><role>ND</role></contrib></contrib-group><pub-date><year>1936</year></pub-date><volume>31</volume><issue>2</issue><fpage>361</fpage><lpage>371</lpage><permissions><license license-type="open-access" href="http://creativecommons.org/licenses/by-nc/4.0/"><license-p>This work is licensed under a Creative Commons Attribution-NonCommercial 4.0 International License.</license-p></license></permissions><self-uri href="http://www.scielo.br/scielo.php?script=sci_arttext&amp;pid=S0074-02761936000200005&amp;lng=en&amp;tlng=en" content-type="full_text_page"/><self-uri href="http://www.scielo.br/scielo.php?script=sci_issuetoc&amp;pid=0074-027619360002&amp;lng=en" content-type="issue_page"/><self-uri href="http://www.scielo.br/scielo.php?script=sci_serial&amp;pid=0074-0276&amp;lng=en" content-type="journal_page"/><abstract lang_id="pt"><p>I - No Bradypus tridactylus os X, direito e esquerdo, reunem-se em alça pré-esophageana. II - O nivel de formação desta alça variou nos dois casos estudados pelo autor, assim como a disposição dos ramos que della partiam. III - Ambos devem, pois, concorrer á constituição das rêdes anastomoticas terminaes vago-orthosympathicas. IV - Foi impossivel ao autor, mesmo com o auxilio de lentes, individualizar fibras vagaes na continuidade da intricada malha nervosa aortico-visceral, dependente do plexo solar.</p></abstract><trans-abstract lang_id="de"><p>In der Absicht, die vergleichende Anatomie des N. vagus der Wirbeltiere zu studieren, befasst sich V. in der vorliegenden Arbeit mit Bradypodidae, besonders mit Bradypus tridactylus. Beim Praeparieren von zwei erwachsenen Exemplaren, - ein Maennchen und ein Weibchen -, wurde folgende Anordnung beobachtet: Vom beschreibenden Standpunkte aus betrachtet, war der Verlauf in der Nacken-Strecke auf beiden Seiten aehnlich, wobei die Untersuchung in der vorliegenden Faellen keine Abweichung ergab; bemerkenswert ist das Vorhandensein eines hinablaufenden Zweiges des N. laryngeus superior, der, nach anastomotischer Verbindung mit dem N. sympathicus cervicalis, in der Richtung des Plexus cardiacus hinabging; dieser Zweig ist dem Cyon'schen depressor gleichartig. Die durch Brust und Bauch durchlaufenden Teile, welche in beiden Faellen verschieden waren, sind ausfuehrlich beschrieben. In beiden untersuchten Faellen konstatierte V. die Gestaltung einer Schlinge am vorderen Teile der Speiseroehre, gebildet vom rechten und linken N. vagus; die Hoehe dieser Schlinge-Bildung war aber verschieden in beiden Faellen, sowohl als auch die Anordnung der aus derselben auslaufenden Zweige. V. stellte fest, dass beide N. vagus zur Bildung der miteinander muendenden vago-orthosympathischen netze beigetragen haben. Die vorliegende Arbeit ist mit Zeichnungen und Aufnahmen von beiden praeparierten Faellen ausgestattet.</p></trans-abstract></article-meta></front></article></articles>