<articles xmlns:xsi="http://www.w3.org/2001/XMLSchema-instance" xsi:schemaLocation="https://raw.githubusercontent.com/scieloorg/articles_meta/master/tests/xsd/scielo_sci/ThomsonReuters_publishing.xsd" dtd-version="1.10"><article lang_id="pt" article-type="research-article"><front><journal-meta><journal-id journal-id-type="publisher">mioc</journal-id><journal-title-group><journal-title>Memórias do Instituto Oswaldo Cruz</journal-title><abbrev-journal-title>Mem. Inst. Oswaldo Cruz</abbrev-journal-title></journal-title-group><issn>1678-8060</issn><collection>SciELO Brazil</collection><publisher><publisher-name>Instituto Oswaldo Cruz, Ministério da Saúde</publisher-name></publisher></journal-meta><article-meta><unique-article-id pub-id-type="publisher-id">S0074-02761928000100003</unique-article-id><article-id pub-id-type="publisher-id">S0074-02761928000100003</article-id><article-id pub-id-type="doi">10.1590/S0074-02761928000100003</article-id><article-categories><subj-group><subject>PARASITOLOGY</subject><subject>TROPICAL MEDICINE</subject></subj-group></article-categories><title-group><article-title lang_id="pt">Ensaios de Mycologia</article-title><trans-title-group lang_id="en"><trans-title>Studies on Mycology</trans-title></trans-title-group></title-group><contrib-group><contrib contrib-type="author"><name><surname>Magalhães</surname><given-names>Octavio de</given-names></name><role>ND</role><xref ref-type="aff" rid="A01"/></contrib></contrib-group><aff id="A01"><institution>Instituto Oswaldo Cruz</institution><country>Brasil</country></aff><pub-date><year>1928</year></pub-date><volume>21</volume><issue>1</issue><fpage>173</fpage><lpage>188</lpage><permissions><license license-type="open-access" href="http://creativecommons.org/licenses/by-nc/4.0/"><license-p>This work is licensed under a Creative Commons Attribution-NonCommercial 4.0 International License.</license-p></license></permissions><self-uri href="http://www.scielo.br/scielo.php?script=sci_arttext&amp;pid=S0074-02761928000100003&amp;lng=en&amp;tlng=en" content-type="full_text_page"/><self-uri href="http://www.scielo.br/scielo.php?script=sci_issuetoc&amp;pid=0074-027619280001&amp;lng=en" content-type="issue_page"/><self-uri href="http://www.scielo.br/scielo.php?script=sci_serial&amp;pid=0074-0276&amp;lng=en" content-type="journal_page"/><trans-abstract lang_id="en"><p>Morphologically the fungus reminds one of the Microsporum species of man. The microscopic elements are: the shape of the mycelia within the hairs, size and disposition of spores intercalar and terminal chlamydospores, simple clusters, hyphae, pectinate and denticulate elements. Of the 17 species of Microsporum described up to now, none can be identified with Microsporum circuluscentrum. The microsporum described is of the pure-by human type. (Culture fairly vivacious, almost total absence of spindles.) Microscopically at first sight the culture might be taken for Microsporum fulvum URIBURU 1917 or for M. felineum. These are however from animals. The bean shaped culture on potatoes leaves a place apart for it among Microsporum fungi. The anomalous elements seen in the cultures are also found in other species of Microsporum. Besides the pseudo-perithecia described and interpreted I must mention that the pseudo-nodular organs are not an exception among these fungi, for Microsporum fulvum also shows what writers have described as nodular organs. The spiral elements are also not exclusive features of the trichophytes. Microsporum tardum also shows quite characteristic spiral forms.</p></trans-abstract></article-meta></front></article></articles>