<articles xmlns:xsi="http://www.w3.org/2001/XMLSchema-instance" xsi:schemaLocation="https://raw.githubusercontent.com/scieloorg/articles_meta/master/tests/xsd/scielo_sci/ThomsonReuters_publishing.xsd" dtd-version="1.10"><article lang_id="pt" article-type="research-article"><front><journal-meta><journal-id journal-id-type="publisher">mioc</journal-id><journal-title-group><journal-title>Memórias do Instituto Oswaldo Cruz</journal-title><abbrev-journal-title>Mem. Inst. Oswaldo Cruz</abbrev-journal-title></journal-title-group><issn>1678-8060</issn><collection>SciELO Brazil</collection><publisher><publisher-name>Instituto Oswaldo Cruz, Ministério da Saúde</publisher-name></publisher></journal-meta><article-meta><unique-article-id pub-id-type="publisher-id">S0074-02761935000900011</unique-article-id><article-id pub-id-type="publisher-id">S0074-02761935000900011</article-id><article-id pub-id-type="doi">10.1590/S0074-02761935000900011</article-id><article-categories><subj-group><subject>PARASITOLOGY</subject><subject>TROPICAL MEDICINE</subject></subj-group></article-categories><title-group><article-title lang_id="pt">Observações sobre os Ixodideos da Republica Argentina</article-title></title-group><contrib-group><contrib contrib-type="author"><name><surname>Aragão</surname><given-names>Henrique de Beaurepaire</given-names></name><role>ND</role></contrib></contrib-group><pub-date><month>12</month><year>1935</year></pub-date><volume>30</volume><issue>3</issue><fpage>519</fpage><lpage>533</lpage><permissions><license license-type="open-access" href="http://creativecommons.org/licenses/by-nc/4.0/"><license-p>This work is licensed under a Creative Commons Attribution-NonCommercial 4.0 International License.</license-p></license></permissions><self-uri href="http://www.scielo.br/scielo.php?script=sci_arttext&amp;pid=S0074-02761935000900011&amp;lng=en&amp;tlng=en" content-type="full_text_page"/><self-uri href="http://www.scielo.br/scielo.php?script=sci_issuetoc&amp;pid=0074-027619350009&amp;lng=en" content-type="issue_page"/><self-uri href="http://www.scielo.br/scielo.php?script=sci_serial&amp;pid=0074-0276&amp;lng=en" content-type="journal_page"/><trans-abstract lang_id="en"><p>Ixodidae of the Argentine Republic are studied by the Author based on 71 lots of material, sent by Prof. Salvador Mazza, comprising 13 different species, two of which are found in Argentine territory: Haemaphysalis kochi Arag. and Amblyomma parvitarsum Nn. The author admits the existence in Argentina of 23 species of Ixodidae, but such number may still increase along with the development of the studies on the subject. In this paper, the Ornithodoros classified by Barbará and Dios as Ornithodoros turicata, is sunk by the Author in synonymy with O. rostratus Arag. not merely on the strength of the material at his disposal, but also by the plates published by the Argentine authors. The following species are also placed in synonymy: Amblyomma altiplanum Dios, 1917 (= Amblyomma parvitarsum Nn., 1899), Amblyomma concolor, Nn., 1899 (=Amblyomma auriculare Conil, 1877) Amblyomma furcula Donitz, 1907 (= Amblyomma neumani Ribaga, 1902). In the Author's opinion Amblyomma striatum C. L. Koch, 1844 and Amblyomma fossum Nn. are distinct species, so that the same Amblyomma ovale for both should no longer subsist as L. C. Robinson proposes. The Author, moreover, shows his doubts upon the existence in Argentine of Aponomma laeve, Nn., 1899 and Dermacentor triangulus Nn., 1899, as they have not been seen any more and in South-America no representatives of the genera Aponomma and Dermacentor are known.</p></trans-abstract></article-meta></front></article></articles>