<articles xmlns:xsi="http://www.w3.org/2001/XMLSchema-instance" xsi:schemaLocation="https://raw.githubusercontent.com/scieloorg/articles_meta/master/tests/xsd/scielo_sci/ThomsonReuters_publishing.xsd" dtd-version="1.10"><article lang_id="pt" article-type="research-article"><front><journal-meta><journal-id journal-id-type="publisher">mioc</journal-id><journal-title-group><journal-title>Memórias do Instituto Oswaldo Cruz</journal-title><abbrev-journal-title>Mem. Inst. Oswaldo Cruz</abbrev-journal-title></journal-title-group><issn>1678-8060</issn><collection>SciELO Brazil</collection><publisher><publisher-name>Instituto Oswaldo Cruz, Ministério da Saúde</publisher-name></publisher></journal-meta><article-meta><unique-article-id pub-id-type="publisher-id">S0074-02761936000200003</unique-article-id><article-id pub-id-type="publisher-id">S0074-02761936000200003</article-id><article-id pub-id-type="doi">10.1590/S0074-02761936000200003</article-id><article-categories><subj-group><subject>PARASITOLOGY</subject><subject>TROPICAL MEDICINE</subject></subj-group></article-categories><title-group><article-title lang_id="pt">Sobre o mechanismo de formação das hyperglobulias de origem toxica</article-title></title-group><contrib-group><contrib contrib-type="author"><name><surname>Cruz</surname><given-names>W. O.</given-names></name><role>ND</role></contrib></contrib-group><pub-date><year>1936</year></pub-date><volume>31</volume><issue>2</issue><fpage>349</fpage><lpage>355</lpage><permissions><license license-type="open-access" href="http://creativecommons.org/licenses/by-nc/4.0/"><license-p>This work is licensed under a Creative Commons Attribution-NonCommercial 4.0 International License.</license-p></license></permissions><self-uri href="http://www.scielo.br/scielo.php?script=sci_arttext&amp;pid=S0074-02761936000200003&amp;lng=en&amp;tlng=en" content-type="full_text_page"/><self-uri href="http://www.scielo.br/scielo.php?script=sci_issuetoc&amp;pid=0074-027619360002&amp;lng=en" content-type="issue_page"/><self-uri href="http://www.scielo.br/scielo.php?script=sci_serial&amp;pid=0074-0276&amp;lng=en" content-type="journal_page"/><abstract lang_id="pt"><p>Tendo verificado uma acção hyperglobulinogena do tetrachloreto de carbono, thynol e essencia de chenopodio, quando administrados ao homem como vermifugos, procuramos averiguar qual o mechanismo destas hyperglobulias. Para isso tomamos duas substancias tambem hyperglobulinogenas (chloroformio e chloretona) e escolhemos o cão para animal de experiencia. Observamos que, com anesthesias prolongadas pelo chloroformio e pela chloretona, tal como naquellas substancias applicadas ao homem como vermicidas, apparecem intensas hyperglobulias no sangue circulante. constatamos ainda uma rapidez extraordinaria no augmento de hematias (1 a 2 horas após o inicio da anesthesia), e a existencia de um nivel maximo para este augmento, que não é ultrapassado apezar de novas anesthesias prolongadas. Entretanto, em cães esplenectomisados este effeito das anesthesias prolongadas desapparece inteiramente em sua acção sobre o sangue. em todos os casos, tanto em homem como em cães (esplenectomisados ou não), ao par da hyperglobulia, notou-se sempre estados hypotensivos as vezes bastantes accentuados. Estes resultados nos levaram a concluir que no mechanismo das hyperglobulias de origem toxica, o factor principal está em uma contracção esplenica, (provocada provavelmente pela hypotensão observada), contracção está, que resulta em um lançamento na corrente circulatoria do sangue concentrado (lama esplenica) que normalmente se acha em reserva no baço.</p></abstract><trans-abstract lang_id="en"><p>Having verified a hyperglobulinogenous action of carbon tetrachloride, thymol and chenopodium essence when administered to man as vermifuges, we endeavoured to verify which is the mechanism of such hyperglobuliae. For this purpose, we chose two substances (chloroform and chloretorn), also hyperglobulinogenous, and dogs were used as experimental animals. We observed that, after prolonged anesthesiae by chloroform and chloretone, in the circulating blood there appear intensive hyperglobuliae, just as occurs in man after the use of the aforesaid substances when employed as vermicides. We verified, moreover, an extraordinarily quickness in the increase of red blood cells (1 to 2 hours after the beginning of the anesthesia), and the existence of a maximum rate for such increase which is not surpassed despite new prolonged anesthesiae. Yet, from their action on blood. In all cases, both of man and dogs (the latter whether splenectomized or not), along with hyperglobulia we always observed hypotensive states which, at times, were rather pronounced. We are led to infer from these results that, in the mechanism of hyperglobuliae through toxic origin, the principal factor lies in a spleen contraction, probably induced by the hypotension observed, a contraction, which brings forth a launching into the circulatory torrent of concentrated blood (splenic slime), normally kept in reserve by the spleen.</p></trans-abstract></article-meta></front></article></articles>