<articles xmlns:xsi="http://www.w3.org/2001/XMLSchema-instance" xsi:schemaLocation="https://raw.githubusercontent.com/scieloorg/articles_meta/master/tests/xsd/scielo_sci/ThomsonReuters_publishing.xsd" dtd-version="1.10"><article lang_id="pt" article-type="research-article"><front><journal-meta><journal-id journal-id-type="publisher">mioc</journal-id><journal-title-group><journal-title>Memórias do Instituto Oswaldo Cruz</journal-title><abbrev-journal-title>Mem. Inst. Oswaldo Cruz</abbrev-journal-title></journal-title-group><issn>1678-8060</issn><collection>SciELO Brazil</collection><publisher><publisher-name>Instituto Oswaldo Cruz, Ministério da Saúde</publisher-name></publisher></journal-meta><article-meta><unique-article-id pub-id-type="publisher-id">S0074-02761934000500002</unique-article-id><article-id pub-id-type="publisher-id">S0074-02761934000500002</article-id><article-id pub-id-type="doi">10.1590/S0074-02761934000500002</article-id><article-categories><subj-group><subject>PARASITOLOGY</subject><subject>TROPICAL MEDICINE</subject></subj-group></article-categories><title-group><article-title lang_id="pt">Glutathion no sangue humano normal</article-title><trans-title-group lang_id="en"><trans-title>Glutathione of normal blood</trans-title></trans-title-group></title-group><contrib-group><contrib contrib-type="author"><name><surname>Villela</surname><given-names>Gilberto G.</given-names></name><role>ND</role></contrib><contrib contrib-type="author"><name><surname>Campos</surname><given-names>J. Gomes</given-names></name><role>ND</role></contrib></contrib-group><pub-date><month>11</month><year>1934</year></pub-date><volume>29</volume><issue>1</issue><fpage>1</fpage><lpage>17</lpage><permissions><license license-type="open-access" href="http://creativecommons.org/licenses/by-nc/4.0/"><license-p>This work is licensed under a Creative Commons Attribution-NonCommercial 4.0 International License.</license-p></license></permissions><self-uri href="http://www.scielo.br/scielo.php?script=sci_arttext&amp;pid=S0074-02761934000500002&amp;lng=en&amp;tlng=en" content-type="full_text_page"/><self-uri href="http://www.scielo.br/scielo.php?script=sci_issuetoc&amp;pid=0074-027619340005&amp;lng=en" content-type="issue_page"/><self-uri href="http://www.scielo.br/scielo.php?script=sci_serial&amp;pid=0074-0276&amp;lng=en" content-type="journal_page"/><trans-abstract lang_id="en"><p>1.) - Woodward-Fry's and Okuda-Hess technics were employed in the determination of blood glutathione in normal healthy adults of both sexes. 2.) - It was found more accurately results with the technic of Woodward and Fry than of any others for the dosage of G. S. H. of blood. 3.) - When the process of Okuda-Hess is modified by the use of an intern indicator (starch) the readings of the end-point are much more easy and therefore the results more exacts. 4.) - The averages of the data obtained for normal blood by the technic of Woodward and Fry were for men per hundred cubic cent. 27 mgrs (G.S.H); 6.6 mgrs. (G.S.S) and 33.6 mges. (G. T) and for women: 28.4 mgrs. (G.S.H), 7.8 mgrs. (G.S.S) and 36,2 mgrs. (G.T). 5.) - Autoxidation in the blood filtrate is only apreciated after 24 hs. In the first eight hours autoxidation is never observed. 6.) - The increase of glutathione in hyperglobulia is a function of the amount of red corpuscles. In acrocyanosis arterial blood is richest in these component than venous blood and this fact is in accordance with the observation of Blanchetière, Mélon and Binet for the experimental asphyxia of dogs.</p></trans-abstract></article-meta></front></article></articles>