<articles xmlns:xsi="http://www.w3.org/2001/XMLSchema-instance" xsi:schemaLocation="https://raw.githubusercontent.com/scieloorg/articles_meta/master/tests/xsd/scielo_sci/ThomsonReuters_publishing.xsd" dtd-version="1.10"><article lang_id="pt" article-type="research-article"><front><journal-meta><journal-id journal-id-type="publisher">mioc</journal-id><journal-title-group><journal-title>Memórias do Instituto Oswaldo Cruz</journal-title><abbrev-journal-title>Mem. Inst. Oswaldo Cruz</abbrev-journal-title></journal-title-group><issn>1678-8060</issn><collection>SciELO Brazil</collection><publisher><publisher-name>Instituto Oswaldo Cruz, Ministério da Saúde</publisher-name></publisher></journal-meta><article-meta><unique-article-id pub-id-type="publisher-id">S0074-02761917000100007</unique-article-id><article-id pub-id-type="publisher-id">S0074-02761917000100007</article-id><article-id pub-id-type="doi">10.1590/S0074-02761917000100007</article-id><article-categories><subj-group><subject>PARASITOLOGY</subject><subject>TROPICAL MEDICINE</subject></subj-group></article-categories><title-group><article-title lang_id="pt">Estudos sobre tuberculose</article-title></title-group><contrib-group><contrib contrib-type="author"><name><surname>Fontes</surname><given-names>A.</given-names></name><role>ND</role><xref ref-type="aff" rid="A01"/></contrib></contrib-group><aff id="A01"><institution>Instituto Oswaldo Cruz</institution><country>Brasil</country></aff><pub-date><year>1917</year></pub-date><volume>9</volume><issue>1</issue><fpage>143</fpage><lpage>154</lpage><permissions><license license-type="open-access" href="http://creativecommons.org/licenses/by-nc/4.0/"><license-p>This work is licensed under a Creative Commons Attribution-NonCommercial 4.0 International License.</license-p></license></permissions><self-uri href="http://www.scielo.br/scielo.php?script=sci_arttext&amp;pid=S0074-02761917000100007&amp;lng=en&amp;tlng=en" content-type="full_text_page"/><self-uri href="http://www.scielo.br/scielo.php?script=sci_issuetoc&amp;pid=0074-027619170001&amp;lng=en" content-type="issue_page"/><self-uri href="http://www.scielo.br/scielo.php?script=sci_serial&amp;pid=0074-0276&amp;lng=en" content-type="journal_page"/><abstract lang_id="pt"><p>Assim em resumo pensamos que a hipersensibilidade na infeção tuberculosa é a  expressão duma reação celular, autonoma e individual, consequente á agressão brusca e á destruição (dijestão) incompleta dos toxicos bacilares (proteinas, globulinas e lipoides), em combinação intima ou isoladamente; a adição aos toxicos bacilares de lipoides diversos (cholesterina, lecitina, esters) e principios mal definidos existentes no oleo de figado de bacalhau, atenua a sua função hipersensibilidade porque torna esses toxicos mais facilmente incorporaveis á celula sensivel por adsorpção da substancia toxica  ao lipoide. Esses corpos penetram assim no interior das celulas levando comsigo ativadores dos processos enzimaticos que não so favorecem uma elaboração dijestiva mais perfeita como ainda uma melhor produção de anticorpos. O aparecimento de pequenas modalidades reacionarias no decurso duma immunisação ativa contra os antijenos saturados por lipoides mostra a necessidade dum processo de desintegração para que a função toxica se manifeste.</p></abstract></article-meta></front></article></articles>