<articles xmlns:xsi="http://www.w3.org/2001/XMLSchema-instance" xsi:schemaLocation="https://raw.githubusercontent.com/scieloorg/articles_meta/master/tests/xsd/scielo_sci/ThomsonReuters_publishing.xsd" dtd-version="1.10"><article lang_id="pt" article-type="research-article"><front><journal-meta><journal-id journal-id-type="publisher">mioc</journal-id><journal-title-group><journal-title>Memórias do Instituto Oswaldo Cruz</journal-title><abbrev-journal-title>Mem. Inst. Oswaldo Cruz</abbrev-journal-title></journal-title-group><issn>1678-8060</issn><collection>SciELO Brazil</collection><publisher><publisher-name>Instituto Oswaldo Cruz, Ministério da Saúde</publisher-name></publisher></journal-meta><article-meta><unique-article-id pub-id-type="publisher-id">S0074-02761934000300003</unique-article-id><article-id pub-id-type="publisher-id">S0074-02761934000300003</article-id><article-id pub-id-type="doi">10.1590/S0074-02761934000300003</article-id><article-categories><subj-group><subject>PARASITOLOGY</subject><subject>TROPICAL MEDICINE</subject></subj-group></article-categories><title-group><article-title lang_id="pt">Patogenia da anemia na Ancilostomose: portadores de parasitos - relação entre a atividade do helminto e a deficiencia de ferro na genese da doença</article-title><trans-title-group lang_id="en"><trans-title>Pathogenesis of Anaemia in Hookworm Disease: Parasite carriers: - Relationship between the activity of the helminth and iron deficiency in the genesis of the disease</trans-title></trans-title-group></title-group><contrib-group><contrib contrib-type="author"><name><surname>Cruz</surname><given-names>W. O.</given-names></name><role>ND</role></contrib></contrib-group><pub-date><month>07</month><year>1934</year></pub-date><volume>28</volume><issue>3</issue><fpage>391</fpage><lpage>486</lpage><permissions><license license-type="open-access" href="http://creativecommons.org/licenses/by-nc/4.0/"><license-p>This work is licensed under a Creative Commons Attribution-NonCommercial 4.0 International License.</license-p></license></permissions><self-uri href="http://www.scielo.br/scielo.php?script=sci_arttext&amp;pid=S0074-02761934000300003&amp;lng=en&amp;tlng=en" content-type="full_text_page"/><self-uri href="http://www.scielo.br/scielo.php?script=sci_issuetoc&amp;pid=0074-027619340003&amp;lng=en" content-type="issue_page"/><self-uri href="http://www.scielo.br/scielo.php?script=sci_serial&amp;pid=0074-0276&amp;lng=en" content-type="journal_page"/><abstract lang_id="pt"><p>Recapitulamos, neste trabalho, os principais  dados que documentam a existencia de portadores de parasitos na ancilostomose, o papel da nutrição nesta doença e nas anemias em geral, e tambem as diversas concepções sôbre a patogenia dessa verminose. Apresentamos cinco casos de ancilostomose com graves anemias (Hb. de 13 a 30%), curados e assim conservados mediante diaria administração de ferro, durante lomgo tempo (3 a 10 mêses), apesár da persistencia de infestações muito intensas (25 a 40 mil ovos de ancilostomo por gr. de fezes). No periodo da manutenção fôram feitos diferentes exames, que mostraram quasi sempre cifras normais ou muito proximamente normais, persistindo, entretanto, uma intensa eosinofilia no sangue periferico. Fica assim constatado quais as perturbações corrigidas pelo ferro e quais as derivadas de uma ação direta do verme parasito. Discutimos, finalmente, a pouca ação dos processos diretos resultante da atividade do helminto, em relação á influencia preponderante da alimentação, salientando-se nesta última a importancia essencial da riqueza em ferro.</p></abstract><trans-abstract lang_id="en"><p>we epitomized the principal data which document the existence of parasite carriers in ankylostomiasis, the rôle of nutrion in this disease and in anaemia in general, and also the various ideas concerning the pathogenesis of this verminosis. We presented five cases of ankylostomiasis associated by severe anaemia (Hb. from 13 to 30%), cured and so preserved by means of daily iron administration for a long time (3 to 10 months), despite the persistence of very intense infestations (25 to 40 thousand eggs of ankylostoma per gr. of faeces). During the period of maintenance, different examinations were made which always presented normal readings or approaching normal. The only exception was the verification of intense eosinophilia in peripheral blood. Thus then are determined which disturbances may be corrected by iron and which derive from a direct action of the parasite worm. Finally, the secondary action of the helminth is discussed with regard to the preponderant influence of food, laying stress on the essential importance of the richness of diet in iron.</p></trans-abstract></article-meta></front></article></articles>