<articles xmlns:xsi="http://www.w3.org/2001/XMLSchema-instance" xsi:schemaLocation="https://raw.githubusercontent.com/scieloorg/articles_meta/master/tests/xsd/scielo_sci/ThomsonReuters_publishing.xsd" dtd-version="1.10"><article lang_id="pt" article-type="research-article"><front><journal-meta><journal-id journal-id-type="publisher">mioc</journal-id><journal-title-group><journal-title>Memórias do Instituto Oswaldo Cruz</journal-title><abbrev-journal-title>Mem. Inst. Oswaldo Cruz</abbrev-journal-title></journal-title-group><issn>1678-8060</issn><collection>SciELO Brazil</collection><publisher><publisher-name>Instituto Oswaldo Cruz, Ministério da Saúde</publisher-name></publisher></journal-meta><article-meta><unique-article-id pub-id-type="publisher-id">S0074-02761937000100006</unique-article-id><article-id pub-id-type="publisher-id">S0074-02761937000100006</article-id><article-id pub-id-type="doi">10.1590/S0074-02761937000100006</article-id><article-categories><subj-group><subject>PARASITOLOGY</subject><subject>TROPICAL MEDICINE</subject></subj-group></article-categories><title-group><article-title lang_id="pt">Pseudomyxoma peritonei de origem appendicular</article-title><trans-title-group lang_id="en"><trans-title>Pseudomyxoma peritonei ex processu vermiformi</trans-title></trans-title-group></title-group><contrib-group><contrib contrib-type="author"><name><surname>Azevedo</surname><given-names>A. Penna de</given-names></name><role>ND</role></contrib><contrib contrib-type="author"><name><surname>Silveira</surname><given-names>S. Coutinho da</given-names></name><role>ND</role></contrib></contrib-group><pub-date><year>1937</year></pub-date><volume>32</volume><issue>1</issue><fpage>59</fpage><lpage>68</lpage><permissions><license license-type="open-access" href="http://creativecommons.org/licenses/by-nc/4.0/"><license-p>This work is licensed under a Creative Commons Attribution-NonCommercial 4.0 International License.</license-p></license></permissions><self-uri href="http://www.scielo.br/scielo.php?script=sci_arttext&amp;pid=S0074-02761937000100006&amp;lng=en&amp;tlng=en" content-type="full_text_page"/><self-uri href="http://www.scielo.br/scielo.php?script=sci_issuetoc&amp;pid=0074-027619370001&amp;lng=en" content-type="issue_page"/><self-uri href="http://www.scielo.br/scielo.php?script=sci_serial&amp;pid=0074-0276&amp;lng=en" content-type="journal_page"/><abstract lang_id="pt"><p>Os autores descrevem um caso de pseudomyxoma do peritoneo, originario do appendice ileo-cecal, em individuo do sexo masculino, de 58 anos de edade. O processo teve evolução lenta, caracterizando-se clinicamente, por symptomas peritoneas (ventre augmentado, encerrando conteúdo gelatinoso e presença de um tumor palpavel ao nivel da região hepatica). O aspecto histologico do tumor corresponde ao do Pseudomyxoma peritonei. Levando em conta a systematização dos casos de pseudomyxoma do peritoneo, proposta por Trotter, o caso presente deve ser enquadrado entre aqueles que constituem o primeiro grupo (distribuição  universal do tumor sobre o peritoneo).</p></abstract><trans-abstract lang_id="en"><p>The present paper deals with a case of Pseudomyxoma peritonei arising from the appendix in a Brazilian, white, 58 years old, male. The growth amply spreads over the peritoneum, giving rise to strong adhesions amongst the peritoneal viscera, particularly on the part of the liver, spleen and pancreas (Ills. 4, 5 and 6). In certain spots, the growth even forms a mass the size of a foetus head, made up of a great number of blisterlike formations, well delimited by septa of connective tissue and full of a substance the appearance and consistency of the white of egg (Ill. 1). On microscopical examination, the majority of the formations present smooth walls; in some of them an epithelial covering is met with, the cells of which are cylindrical and ranged along a single layer (Ills. 2 and 3). The contents of the formations give the positive reactions of mucicarmine. The tumour stroma is infiltrated by mononuclear cellular elements, particularly by lymphocytes (Ill. 7); there are also found giant cells the type of those of foreign body (Ills. 8 and 9). In accordance with the anatomicopathological aspects met with, we consider the case as pseudomyxoma peritonei ex processu vermiformi, the same having to be classified in Group I of Trotter's systematization (dissemination of the tumour all over the peritoneum).</p></trans-abstract></article-meta></front></article></articles>