<articles xmlns:xsi="http://www.w3.org/2001/XMLSchema-instance" xsi:schemaLocation="https://raw.githubusercontent.com/scieloorg/articles_meta/master/tests/xsd/scielo_sci/ThomsonReuters_publishing.xsd" dtd-version="1.10"><article lang_id="pt" article-type="research-article"><front><journal-meta><journal-id journal-id-type="publisher">mioc</journal-id><journal-title-group><journal-title>Memórias do Instituto Oswaldo Cruz</journal-title><abbrev-journal-title>Mem. Inst. Oswaldo Cruz</abbrev-journal-title></journal-title-group><issn>1678-8060</issn><collection>SciELO Brazil</collection><publisher><publisher-name>Instituto Oswaldo Cruz, Ministério da Saúde</publisher-name></publisher></journal-meta><article-meta><unique-article-id pub-id-type="publisher-id">S0074-02761930000500001</unique-article-id><article-id pub-id-type="publisher-id">S0074-02761930000500001</article-id><article-id pub-id-type="doi">10.1590/S0074-02761930000500001</article-id><article-categories><subj-group><subject>PARASITOLOGY</subject><subject>TROPICAL MEDICINE</subject></subj-group></article-categories><title-group><article-title lang_id="pt">Do phenomeno de endomixis em ciliados do genero Balantidium: observações sobre o enkystamento desses ciliados e descripção de uma nova especie parasita do Macacus rhesus</article-title><trans-title-group lang_id="en"><trans-title>On the endomixis phenomenon in ciliata of the genus Balantidium: observations concerning the encystment of these ciliata and description of a new parasitic species of Macacus rhesus</trans-title></trans-title-group></title-group><contrib-group><contrib contrib-type="author"><name><surname>Cunha</surname><given-names>Aristides Marques da</given-names></name><role>ND</role></contrib><contrib contrib-type="author"><name><surname>Muniz</surname><given-names>Julio</given-names></name><role>ND</role></contrib></contrib-group><pub-date><month>06</month><year>1930</year></pub-date><volume>23</volume><issue>5</issue><fpage>189</fpage><lpage>235</lpage><permissions><license license-type="open-access" href="http://creativecommons.org/licenses/by-nc/4.0/"><license-p>This work is licensed under a Creative Commons Attribution-NonCommercial 4.0 International License.</license-p></license></permissions><self-uri href="http://www.scielo.br/scielo.php?script=sci_arttext&amp;pid=S0074-02761930000500001&amp;lng=en&amp;tlng=en" content-type="full_text_page"/><self-uri href="http://www.scielo.br/scielo.php?script=sci_issuetoc&amp;pid=0074-027619300005&amp;lng=en" content-type="issue_page"/><self-uri href="http://www.scielo.br/scielo.php?script=sci_serial&amp;pid=0074-0276&amp;lng=en" content-type="journal_page"/></article-meta></front></article></articles>