<articles xmlns:xsi="http://www.w3.org/2001/XMLSchema-instance" xsi:schemaLocation="https://raw.githubusercontent.com/scieloorg/articles_meta/master/tests/xsd/scielo_sci/ThomsonReuters_publishing.xsd" dtd-version="1.10"><article lang_id="pt" article-type="research-article"><front><journal-meta><journal-id journal-id-type="publisher">mioc</journal-id><journal-title-group><journal-title>Memórias do Instituto Oswaldo Cruz</journal-title><abbrev-journal-title>Mem. Inst. Oswaldo Cruz</abbrev-journal-title></journal-title-group><issn>1678-8060</issn><collection>SciELO Brazil</collection><publisher><publisher-name>Instituto Oswaldo Cruz, Ministério da Saúde</publisher-name></publisher></journal-meta><article-meta><unique-article-id pub-id-type="publisher-id">S0074-02761937000200011</unique-article-id><article-id pub-id-type="publisher-id">S0074-02761937000200011</article-id><article-id pub-id-type="doi">10.1590/S0074-02761937000200011</article-id><article-categories><subj-group><subject>PARASITOLOGY</subject><subject>TROPICAL MEDICINE</subject></subj-group></article-categories><title-group><article-title lang_id="pt">Dermatite verrucosa leprotica (Estudo de 3 casos)</article-title></title-group><contrib-group><contrib contrib-type="author"><name><surname>Souza-Araujo</surname><given-names>H. C. de</given-names></name><role>ND</role><xref ref-type="aff" rid="A01"/></contrib></contrib-group><aff id="A01"><institution>instituto Oswaldo Cruz</institution><country>Brasil</country></aff><pub-date><year>1937</year></pub-date><volume>32</volume><issue>2</issue><fpage>311</fpage><lpage>320</lpage><permissions><license license-type="open-access" href="http://creativecommons.org/licenses/by-nc/4.0/"><license-p>This work is licensed under a Creative Commons Attribution-NonCommercial 4.0 International License.</license-p></license></permissions><self-uri href="http://www.scielo.br/scielo.php?script=sci_arttext&amp;pid=S0074-02761937000200011&amp;lng=en&amp;tlng=en" content-type="full_text_page"/><self-uri href="http://www.scielo.br/scielo.php?script=sci_issuetoc&amp;pid=0074-027619370002&amp;lng=en" content-type="issue_page"/><self-uri href="http://www.scielo.br/scielo.php?script=sci_serial&amp;pid=0074-0276&amp;lng=en" content-type="journal_page"/><trans-abstract lang_id="en"><p>The writer has discovered in Curupaity (National Leprosarium, Rio de Janeiro), three cases of verrucous dermatitis in C 3 type lepers. He suspected it to be an association of leprosy with Dermatilis verrucosa blastomycetica (Chromoblastocycosis) but various attempts to cultivate the fungus (Acrotheca or Hormodendrum Pedrosoi) responsible for the disease gave negative results and also the histopathologic aspect of the verrucous tissue proved it to be a leprotic granuloma without mycotic association. The writer's conclusion, based upon the cultural and histopathological studies, is that the verrucous dermatitis observed is due to leprosy alone, considering it as a new syndrome of the disease and not a new clinical form. He has called it « Dermatitis verrucosa leprotica » and made suggestions to all doctors of leprosaria to look for new cases and to study their etiology and pathogeny. Electrocoagulation improved the lesions.</p></trans-abstract></article-meta></front></article></articles>