<articles xmlns:xsi="http://www.w3.org/2001/XMLSchema-instance" xsi:schemaLocation="https://raw.githubusercontent.com/scieloorg/articles_meta/master/tests/xsd/scielo_sci/ThomsonReuters_publishing.xsd" dtd-version="1.10"><article lang_id="pt" article-type="research-article"><front><journal-meta><journal-id journal-id-type="publisher">mioc</journal-id><journal-title-group><journal-title>Memórias do Instituto Oswaldo Cruz</journal-title><abbrev-journal-title>Mem. Inst. Oswaldo Cruz</abbrev-journal-title></journal-title-group><issn>1678-8060</issn><collection>SciELO Brazil</collection><publisher><publisher-name>Instituto Oswaldo Cruz, Ministério da Saúde</publisher-name></publisher></journal-meta><article-meta><unique-article-id pub-id-type="publisher-id">S0074-02761935000800003</unique-article-id><article-id pub-id-type="publisher-id">S0074-02761935000800003</article-id><article-id pub-id-type="doi">10.1590/S0074-02761935000800003</article-id><article-categories><subj-group><subject>PARASITOLOGY</subject><subject>TROPICAL MEDICINE</subject></subj-group></article-categories><title-group><article-title lang_id="pt">Estudo comparativo das inclusões do alastrim e da variola vera</article-title><trans-title-group lang_id="en"><trans-title>A comparison of the inclusion bodies of alastrim and variola vera</trans-title></trans-title-group></title-group><contrib-group><contrib contrib-type="author"><name><surname>Torres</surname><given-names>C. Magarinos</given-names></name><role>ND</role></contrib><contrib contrib-type="author"><name><surname>Teixeira</surname><given-names>J. de Castro</given-names></name><role>ND</role></contrib></contrib-group><pub-date><month>09</month><year>1935</year></pub-date><volume>30</volume><issue>2</issue><fpage>183</fpage><lpage>240</lpage><permissions><license license-type="open-access" href="http://creativecommons.org/licenses/by-nc/4.0/"><license-p>This work is licensed under a Creative Commons Attribution-NonCommercial 4.0 International License.</license-p></license></permissions><self-uri href="http://www.scielo.br/scielo.php?script=sci_arttext&amp;pid=S0074-02761935000800003&amp;lng=en&amp;tlng=en" content-type="full_text_page"/><self-uri href="http://www.scielo.br/scielo.php?script=sci_issuetoc&amp;pid=0074-027619350008&amp;lng=en" content-type="issue_page"/><self-uri href="http://www.scielo.br/scielo.php?script=sci_serial&amp;pid=0074-0276&amp;lng=en" content-type="journal_page"/><abstract lang_id="pt"><p>Resulta das descripções e documentos examinados que as inclusões cytoplasmaticas da variola vera, no material humano examinado, apresentam caracteres geraes que poderão ser assim resumidos: 1. intensa coloração pela safranina nos preparados pelo methodo de Unna modificado (Fig. 42), mostrando a inclusão matiz semelhante ao dos nucleolos da mesma cellula. 2. reacção predominantemente acidophila nos preparados pela hematoxylina-eosina, traduzida pela tonalidade rosea ou vermelha de coloração (Figs. 27, 29, 30, 31 e 31). 3. frequente multiplicidade de inclusões de fórma e dimensões variadas na mesma cellula (Figs. 29 e 30), as maiores inclusões (Figs. 29 e 32), sendo menores que as grandes inclusões cytoplasmaticas solitarias do alastrim (Figs. 15, 16 e 18). É a regra, ainda, observar-se desapparecimento de qualquer estructura no cytoplasma das cellulas com inclusões em zona muito extensa, tornando-se difficil explicar tal aspecto unicamente pela retracção das inclusões no acto da fixação (Figs. 31 e 32). Quanto ás inclusões intranucleares, ellas se apresentam sob tres aspectos, dois dos quaes bem reconhecidos por Luger e Lauda (1926). Em um primeiro aspecto, o nucleo conserva, em parte, o reticulo de linina e encerra uma massa irregular (Fig. 35) ou, então, pequenas massas e granulos de dimensões variaveis (Figs. 33 e 34) constituidos por material acidophilo que ali não existe em condições normaes. A membrana nuclear tem espessura visinha do normal. Em um segundo aspecto, a inclusão occupa a totalidade do nucleoplasma (Fig. 3), apenas separado da membrana nuclear, em alguns casos (Fig. 38), por um estreito espaço claro (zona de retracção). Por vezes apresenta um aspecto homogeneo (Fig. 37); outras vezes a inclusão mostra pequenas areas chromophobas ( Fig. 38). A hyperchromatose da membrana nuclear é accentuada, tanto neste como no aspecto seguinte. No terceiro aspecto (aspecto corpuscular) (Figs. 39, 40, 48 e 50), a inclusão intranuiclear é formada por um ou mais corpusculos acidophilos, de contornos muito nitidos e fórma regular, ora ovoide, ora espherica. No interior de cada corpusculo, apparecem zonas chromophobas multiplas, sendo ordinariamente uma maior que as outras (Figs. 39, 40, 48 e 50). Fóra desses corpusculos, o nucleoplasma contem, por vezes material menos intensamente corado pelo eosina ou pela safranina (Figs. 40). O reticulo de linina, porém, acha-se completamente desapparecido, e não raro se observa, em torno dos corpusculos acidophilos, uma zona algum tanto extensa de nucleoplasma sem nenhuma estructura apparente (Fig. 48, á direita). Frisamos o modo peculiar de se comportar o nucleolo nas cellulas epidermicas com inclusões intranucleares da variola. Recalcado, a principio, de encontro á membrana nuclear (Fig. 36), elle em seguida é englobado pela propria membrana nuclear, parecendo incluso nessa estructura (Figs. 37, 35, 38 e 48, á direita). A « marginação » do nucleolo, e o seu englobamento ou inclusão na membrana nuclear, bem como o terceiro aspecto que descrevemos, de corpusculos intranucleares esphericos ou ovoides com zonas chromophobas, são caracteres que differenciam, de modo nitido, as inclusões intranucleares da variola vera da das demais inclusões das doenças de virus. Nem sempre, porém, os aspectos encontrados podem ser incluidos, com facilidade, em um dos tres grupos atraz mencionados, o que indica a existencia de phases de transição entre elles. Tal como assignalou Ewing, as cellulas epidermicas com inclusões intranucleares são geralmente as attingidas pela « ballonierende Degeneration ». Em geral taes elementos revestem o fundo da vesicula, ás vezes formando uma unica camada, e representando tudo o que resta da epiderme. Comtudo, em nosso material, conseguimos encontrar inclusões intranucleares em cellulas espinhosas do corpo mucoso de Malpighi que ainda conservaram relações normaes com os elementos contiguos e não eram attingidas pela « ballonierende Degeneration ». Em taes inclusões é que, de preferencia, observamos o aspecto de granulos mencionado no grupo I (Fig. 34). A hyperchromatose da membrana nuclear é, então, pouco notavel, constratando como o grau pronunciado que apresenta nos dois outros aspectos. Existiam, ellas em «lambeaux » epitheliaes, presos em certos pontos, por extreito pediculo, á camada basal, no fundo da vesicula.</p></abstract></article-meta></front></article></articles>