<articles xmlns:xsi="http://www.w3.org/2001/XMLSchema-instance" xsi:schemaLocation="https://raw.githubusercontent.com/scieloorg/articles_meta/master/tests/xsd/scielo_sci/ThomsonReuters_publishing.xsd" dtd-version="1.10"><article lang_id="fr" article-type="research-article"><front><journal-meta><journal-id journal-id-type="publisher">mioc</journal-id><journal-title-group><journal-title>Memórias do Instituto Oswaldo Cruz</journal-title><abbrev-journal-title>Mem. Inst. Oswaldo Cruz</abbrev-journal-title></journal-title-group><issn>1678-8060</issn><collection>SciELO Brazil</collection><publisher><publisher-name>Instituto Oswaldo Cruz, Ministério da Saúde</publisher-name></publisher></journal-meta><article-meta><unique-article-id pub-id-type="publisher-id">S0074-02761929000400002</unique-article-id><article-id pub-id-type="publisher-id">S0074-02761929000400002</article-id><article-id pub-id-type="doi">10.1590/S0074-02761929000400002</article-id><article-categories><subj-group><subject>PARASITOLOGY</subject><subject>TROPICAL MEDICINE</subject></subj-group></article-categories><title-group><article-title lang_id="fr">Modifications de la coagulation sanguine dans la fièvre jaune</article-title></title-group><contrib-group><contrib contrib-type="author"><name><surname>Vellard</surname><given-names>J.</given-names></name><role>ND</role></contrib><contrib contrib-type="author"><name><surname>Vianna</surname><given-names>Miguelote</given-names></name><role>ND</role></contrib></contrib-group><pub-date><year>1929</year></pub-date><volume>22</volume><issue>suppl 7</issue><fpage>87</fpage><lpage>99</lpage><permissions><license license-type="open-access" href="http://creativecommons.org/licenses/by-nc/4.0/"><license-p>This work is licensed under a Creative Commons Attribution-NonCommercial 4.0 International License.</license-p></license></permissions><self-uri href="http://www.scielo.br/scielo.php?script=sci_arttext&amp;pid=S0074-02761929000400002&amp;lng=en&amp;tlng=en" content-type="full_text_page"/><self-uri href="http://www.scielo.br/scielo.php?script=sci_issuetoc&amp;pid=0074-027619290004&amp;lng=en" content-type="issue_page"/><self-uri href="http://www.scielo.br/scielo.php?script=sci_serial&amp;pid=0074-0276&amp;lng=en" content-type="journal_page"/><abstract lang_id="fr"><p>L'étude des modifications de la coagulation sanguine à l'aide de la technique BRAZIL-VELLARD, réalisée chez 25 malades atteints de formes diverses, mortelles, graves, et bénignes, entre le lléme et le XIIIéme jour de maladie, et chez 12 convalescents, a permis d'arriver aux conclusions suivantes: 1º. Les variations du pouvoir coagulant du serum sont très irrégulières et peu différentes des celles observées chez de sujets normaux. 2º. La coagulabilité du plasma, dès le IIème jour de la maladie, présente une diminution marquée, constante chez tous les malades, atteignant son chiffre le plus bas entre le VIIème et le IXème jour et revenant progressivement á la normale pendant la convalescence. 3º. Cette diminution de la coagulabilité est due principalement á l'apparition de grandes quantités d'antithrombines dans la circulation; la diminution du fibrinogène observée dans quelques cas, est toujours peu accusée. 4º. La diminution de la coagulabilité du plasma, qui n'a jusqu'ici été observée avec cette intensité que dans la fièvre jaune, peut être d'un certain secours pour le diagnostic précoce de cette affection; elle n'a jamais été vérifiée chez des malades atteints d'autres affections fébriles. 5º. Au point de vue du pronostic, la diminution précoce et très accentuée de la coagulabilité est un symptôme grave, indiquant une lésion profonde de la cellule hépatique. 6º. Dans la fièvre jaune expérimentale du Macacus rhesus, les altérations de la coagulation sanguine sont de même nature, mais paraissent plus tardives et moins accusées que chez l'homme.</p></abstract></article-meta></front></article></articles>