<articles xmlns:xsi="http://www.w3.org/2001/XMLSchema-instance" xsi:schemaLocation="https://raw.githubusercontent.com/scieloorg/articles_meta/master/tests/xsd/scielo_sci/ThomsonReuters_publishing.xsd" dtd-version="1.10"><article lang_id="pt" article-type="research-article"><front><journal-meta><journal-id journal-id-type="publisher">mioc</journal-id><journal-title-group><journal-title>Memórias do Instituto Oswaldo Cruz</journal-title><abbrev-journal-title>Mem. Inst. Oswaldo Cruz</abbrev-journal-title></journal-title-group><issn>1678-8060</issn><collection>SciELO Brazil</collection><publisher><publisher-name>Instituto Oswaldo Cruz, Ministério da Saúde</publisher-name></publisher></journal-meta><article-meta><unique-article-id pub-id-type="publisher-id">S0074-02761936000400008</unique-article-id><article-id pub-id-type="publisher-id">S0074-02761936000400008</article-id><article-id pub-id-type="doi">10.1590/S0074-02761936000400008</article-id><article-categories><subj-group><subject>PARASITOLOGY</subject><subject>TROPICAL MEDICINE</subject></subj-group></article-categories><title-group><article-title lang_id="pt">Neurinoma retropharyngeo contendo cystos em communicação com a circulaççao arterial</article-title></title-group><contrib-group><contrib contrib-type="author"><name><surname>Torres</surname><given-names>C. Magarinos</given-names></name><role>ND</role></contrib><contrib contrib-type="author"><name><surname>Monteiro</surname><given-names>Aristides</given-names></name><role>ND</role></contrib></contrib-group><pub-date><year>1936</year></pub-date><volume>31</volume><issue>4</issue><fpage>873</fpage><lpage>882</lpage><permissions><license license-type="open-access" href="http://creativecommons.org/licenses/by-nc/4.0/"><license-p>This work is licensed under a Creative Commons Attribution-NonCommercial 4.0 International License.</license-p></license></permissions><self-uri href="http://www.scielo.br/scielo.php?script=sci_arttext&amp;pid=S0074-02761936000400008&amp;lng=en&amp;tlng=en" content-type="full_text_page"/><self-uri href="http://www.scielo.br/scielo.php?script=sci_issuetoc&amp;pid=0074-027619360004&amp;lng=en" content-type="issue_page"/><self-uri href="http://www.scielo.br/scielo.php?script=sci_serial&amp;pid=0074-0276&amp;lng=en" content-type="journal_page"/><abstract lang_id="pt"><p>Apresentamos um caso de neurinoma retropharyngeo que offereceu consideravel difficuldade no diagnostico em vida do paciente. A existencia, em sua espessura, de cavidades que, punccionadas, davam sahida a sangue rutilante, constituio feição clinica peculiar. O diganostico só foi possivel post-mortem, o estudo histologico revelando um neurinoma com extensas áreas de necrose, inflammação purulenta e hemorrhagica. As cavidades encontradas são a consequencia desses processos. No momento da autopsia ellas apresentavam conteúdo francamente purulento, sendo a quantidade de coagulos sanguineos relativamente pequena, destacando-se os coagulos facilmente das paredes internas das cavidades. O diagnostico de aneurysma foi excluido pelo exame microscopico, o qual, tambem, não revelou, no tumor, a estructura de angioma ou de angiosarcoma. As hemorrhagias processadas nas áreas necrosadas reconhecem, provavelmente, como ponto de partida arterias ou arteriolas englobadas na massa tumoral. Estas se conservariam em communicação permanente com algumas cavidades originadas por necrose e desintegração dos tecidos do tumor. Assim seria explicada a sahida de sangue rutilante pela puncção das cavidades em vida do doente, a pressão do sangue em seu interior, e a rapida desapparição do meio de contraste na arteriographia. A origem do tumor não poude ser precisada. Não é fóra de proposito recordar o que dizem Wahl (1914) e Dawydow (1932). Segundo Wahl, embora os tumores compostos de elementos especificos do tecido nervoso possam derivar de qualquer ponto do systema nervoso, o maior numero delles tem sua origem, contudo, no systema sympathico. Estructuras cysticas são referidas em dois dentre quarenta e cinco casos de ganglioneuremas por elle colligidos na litteratura até aquella epocha. Em um delles, são: « cystic structures that are probably softened fibroma ». Dawydow (1932) refere um neurinoma retropharyngeo tendo origem no ganglío sympathico cervícal superior.</p></abstract><trans-abstract lang_id="en"><p>A retropharyngeal neurinome, occurring in a Portuguese, male, aged 50 is reported. The tumour of slow growth (about six years) was single, measures about 6,5 - 5 - 4,5 cms., and occupies the retropharyngeal space. It contains several quite large cavities filled by pus at the autopsy, while in the living subject they apparently filled by arterial blood, as shown by arteriography as well as by several exploratory punctures. The structure presents interlacing fibers between which lie regular, long, tortuous, apparently free nuclei. The Ieddeloh stain for muscle tissue was negative. An origin from the superior sympathetic ganglion is suggested, but was not proved.</p></trans-abstract></article-meta></front></article></articles>