<articles xmlns:xsi="http://www.w3.org/2001/XMLSchema-instance" xsi:schemaLocation="https://raw.githubusercontent.com/scieloorg/articles_meta/master/tests/xsd/scielo_sci/ThomsonReuters_publishing.xsd" dtd-version="1.10"><article lang_id="pt" article-type="research-article"><front><journal-meta><journal-id journal-id-type="publisher">mioc</journal-id><journal-title-group><journal-title>Memórias do Instituto Oswaldo Cruz</journal-title><abbrev-journal-title>Mem. Inst. Oswaldo Cruz</abbrev-journal-title></journal-title-group><issn>1678-8060</issn><collection>SciELO Brazil</collection><publisher><publisher-name>Instituto Oswaldo Cruz, Ministério da Saúde</publisher-name></publisher></journal-meta><article-meta><unique-article-id pub-id-type="publisher-id">S0074-02761935000900001</unique-article-id><article-id pub-id-type="publisher-id">S0074-02761935000900001</article-id><article-id pub-id-type="doi">10.1590/S0074-02761935000900001</article-id><article-categories><subj-group><subject>PARASITOLOGY</subject><subject>TROPICAL MEDICINE</subject></subj-group></article-categories><title-group><article-title lang_id="pt">Estudos sobre o xanthoma: biochimica e pathogenia</article-title><trans-title-group lang_id="en"><trans-title>Studies in xanthoma: biochemistry and pathogenesis</trans-title></trans-title-group></title-group><contrib-group><contrib contrib-type="author"><name><surname>Villela</surname><given-names>Gilberto G.</given-names></name><role>ND</role></contrib><contrib contrib-type="author"><name><surname>Junior</surname><given-names>Rabello</given-names></name><role>ND</role></contrib></contrib-group><pub-date><month>12</month><year>1935</year></pub-date><volume>30</volume><issue>3</issue><fpage>285</fpage><lpage>325</lpage><permissions><license license-type="open-access" href="http://creativecommons.org/licenses/by-nc/4.0/"><license-p>This work is licensed under a Creative Commons Attribution-NonCommercial 4.0 International License.</license-p></license></permissions><self-uri href="http://www.scielo.br/scielo.php?script=sci_arttext&amp;pid=S0074-02761935000900001&amp;lng=en&amp;tlng=en" content-type="full_text_page"/><self-uri href="http://www.scielo.br/scielo.php?script=sci_issuetoc&amp;pid=0074-027619350009&amp;lng=en" content-type="issue_page"/><self-uri href="http://www.scielo.br/scielo.php?script=sci_serial&amp;pid=0074-0276&amp;lng=en" content-type="journal_page"/><abstract lang_id="pt"><p>1. No presente trabalho são descriptos dois casos de xanthelasmatose (xanthoma) com perturbações accentuadas do metabolismo dos lipides e esteroes. 2. Um dos casos apresentou notavel cholesteroluria não mostrando o doente lesões renaes, ao passo que o outro caso sendo portador de pyelonephrite não eliminava cholesterol. 3. Foram feitas dosagens de cholesterol, acidos graxos totaes e lecithina, no sangue, urina e tumores, obtendo-se valores muito elevados. As demais provas (histo-chimicas, polarização microscopica) confirmaram a presença de abundante infiltração de lipides e cholesterol nos tecidos. 4. A prova de carga de Bürger feita no caso I demonstrou diminuição da tolerancia para o cholesterol. 5. A therapeutica insulinica fez baixar o cholesterol e a glycose do sangue sem, comtudo, offerecer melhora clinica do paciente. No caso II houve baixa da cholesterolemia e da glycemia com desapparecimento dos tumores, evidenciando a diversidade das formas clinicas destes casos. 6. A intradermo-reacção feita com o cholesterol no caso I produziu reacção positiva, suggerindo um estado de hypensensibilidade para as substancias de infiltração no xanthelasma (xanthoma). 7. Os aspectos clinico-morphologicos dos casos estudados indicam tambem a ocorrencia de processos de sensibilisação cutanea. 8. As lipidoses são encaradas neste trabalho como toxicodermias hematogenicas, sendo proposto para seu estudo os mesmos methodos de exploração cutanea.</p></abstract><trans-abstract lang_id="en"><p>1. In the present paper two cases of xanthelasmatosis (xanthoma) with marked changes in lipid and sterol metabolism are studied. 2. One of the cases without injuries shows accentuated cholester-oluria, while the other with renal injuries presented pyelonephritis without cholesteroluria. 3. Cholesterol, total fatty acids and lecithine give high values in both cases. Histo-chemical and polariscopic researches confirmed a real infiltration of cholesterol and lipids in tissues. 4. Burger's test in case I may be seen as a lack of tolerance to cholesterol. 5. Although insulin treatment decreased the cholesterol and glucose content of the blood in case I, it was not effective in relieving the clinical picture. In case II a reduction of cholesterol and glucose of the blood and a rapid desappearance of the growths was obtained. 6. Intradermal reaction with cholesterol in case I was positive, showing, therefore, a hypensensibilization, og the skin to infiltration substances. 7. Clinico-morphological aspects of the cases studies indicated a clear cutaneous sinsitisation. 8. Xanthelasmatosis (xanthoma) has been compared with toxic cutaneous diseases with be conclusion that the same methods must be adapted for the study of skin lipidosis as for toxidermic diseases.</p></trans-abstract></article-meta></front></article></articles>