<articles xmlns:xsi="http://www.w3.org/2001/XMLSchema-instance" xsi:schemaLocation="https://raw.githubusercontent.com/scieloorg/articles_meta/master/tests/xsd/scielo_sci/ThomsonReuters_publishing.xsd" dtd-version="1.10"><article lang_id="pt" article-type="research-article"><front><journal-meta><journal-id journal-id-type="publisher">mioc</journal-id><journal-title-group><journal-title>Memórias do Instituto Oswaldo Cruz</journal-title><abbrev-journal-title>Mem. Inst. Oswaldo Cruz</abbrev-journal-title></journal-title-group><issn>1678-8060</issn><collection>SciELO Brazil</collection><publisher><publisher-name>Instituto Oswaldo Cruz, Ministério da Saúde</publisher-name></publisher></journal-meta><article-meta><unique-article-id pub-id-type="publisher-id">S0074-02761937000100008</unique-article-id><article-id pub-id-type="publisher-id">S0074-02761937000100008</article-id><article-id pub-id-type="doi">10.1590/S0074-02761937000100008</article-id><article-categories><subj-group><subject>PARASITOLOGY</subject><subject>TROPICAL MEDICINE</subject></subj-group></article-categories><title-group><article-title lang_id="pt">Conjugação e Endomixis em ciliados do genero Balantidium</article-title></title-group><contrib-group><contrib contrib-type="author"><name><surname>Cunha</surname><given-names>Aristides Marques da</given-names></name><role>ND</role></contrib><contrib contrib-type="author"><name><surname>Muniz</surname><given-names>Julio</given-names></name><role>ND</role></contrib></contrib-group><pub-date><year>1937</year></pub-date><volume>32</volume><issue>1</issue><fpage>75</fpage><lpage>93</lpage><permissions><license license-type="open-access" href="http://creativecommons.org/licenses/by-nc/4.0/"><license-p>This work is licensed under a Creative Commons Attribution-NonCommercial 4.0 International License.</license-p></license></permissions><self-uri href="http://www.scielo.br/scielo.php?script=sci_arttext&amp;pid=S0074-02761937000100008&amp;lng=en&amp;tlng=en" content-type="full_text_page"/><self-uri href="http://www.scielo.br/scielo.php?script=sci_issuetoc&amp;pid=0074-027619370001&amp;lng=en" content-type="issue_page"/><self-uri href="http://www.scielo.br/scielo.php?script=sci_serial&amp;pid=0074-0276&amp;lng=en" content-type="journal_page"/><abstract lang_id="pt"><p>No presente trabalho estudamos o comportamento de alguns ciliados do genero Balantidium nas culturas em meios artificiaes. Utilisamos de preferencia nesses estudos o meio para ameba de Dobell e Laidlaw, enriquecidos com amido de arroz. As especies com que trabalhamos foram: B. coli isolado do homem; Balantidium sp. do porco e B. simile do Macaca mulatta. A especie originaria do homem, foi por nós cultivada com grande facilidade durante um tempo bastante longo, fazendo-se os repiques com o espaço de 24 e 48 horas. Observamos com grande constancia nessa especie o apparecimento do phenomeno de conjugação nas culturas de 24 horas (cultura original ou repiques). Os pares eram constituidos por fórmas pequenas medindo em média 38,6 X 32,1 micra ao contrario das fórmas neutras que mediam em média 75,5 X 57,8 micra, sendo de notar que fórmas pequenas eram tambem encontradas em grande numero isoladas (preconjugantes). Essas fórmas se caracterisavam nos preparados corados, não só pelo seu tamanho como tambem pela grande dimensão do micronucleo que tinha em média 6 micra de diametro. Pelo estudo do material corado verificamos que os elementos depois de se reunirem pela região do peristoma dando origem aos pares, soffrem 2 divisões successivas (mitoses) do micronucleo e dos 4 elementos assim formados, 3 soffrem degeneração, vindo o restante novamente a se dividir para formar os pronucleos em torno dos quaes se processa uma condensação do plasma. Depois da troca dos pronucleos migradores que se vão collocar em cada um dos elementos em conjugação ao lado dos pronucleos estacionarios, dá-se a formação de 2 fuzos de divisão, parallelos (gonomeria) só então processando a fuzão dos 2 pronucleos (estacionario e migrador). Dos 2 novos elementos originados dessa divisão, um vae constituir o novo micronucleo e o outro depois de soffrer nova mitose, vae dar origem  a duas placentas que crescendo pouco a pouco vão se fundir mais tarde para dar origem ao novo macronucleo. Os macronucleos dos elementos que entraram em conjugação, permanecem durante quasi todo o phenomeno embora em via de degeneração por picnose, fragmentando-se mais tarde para serem reabsorvidos na pahse em que se processa a fusão dos pronucleos. O Balantidium sp. existente nas fézes do porco, foi tambem por nós cultivado com grande facilidade, occorrendo o phenomeno de conjugação constantemente nas culturas de 24 horas. Com o B. simile parasita do M. mulatta o resultado foi completamente differente. Essa especie é dificil de cultivar e só se obtem resultados usando certos artificios de technica taes como juncção de uma substancia tampão ao meio de cultura conseguindo-se então uma intensa proliferação do ciliado 24 horas depois da sementeira, quer nos tubos iniciaes como nos repiques (4ª a 5ª passagem). Essa especie ao contrario da do homem e da do porco absolutamente não conjunga nas culturas e isso podemos affirmar baseados em longa observação. Nas culturas se passa identico facto ao que já foi por nós observado e descripto em material de fézes de M. mulatta, isto é, a « Endomixia ». Nos preparados corados feitos com o material das primeiras culturas como dos repiques, pudemos observar toda a evolução do phenomeno, isto é, desde as fórmas iniciaes (mitose do micronucleo e inicio de degeneração do macronucleo) até as phases finaes do processo. Nesse material verificamos mais uma vez, de maneira clara que a formação do micronucleo se faz a custa de uma das placentas como já tivemos occasião de assignalar em nosso trabalho acima referido. Nelson em recente trabalho (Observations and Experiments on Conjugation of the Balantidium from the Chimpanzee - Amer, Jour. of Hyg., Vol. 20, nº 1, 1934), põe em duvida o phenomeno de endomixia estudado por nós nessa especie de Balantidium. A affirmação desse autor não merece ser discutida por não ter elle apresentado a unica prova que poderia invalidar a nossa observação e que seria, a demonstração da existencia de pares de conjugantes, facto esse que o proprio autor declara nunca ter observado em material que teve occasião de estudar. Quanto ao nosso material que Nelson diz ter examinado temos a declarar se tratar apenas de algumas laminas nas quaes podiam ser vistas algumas das phases do phenomeno e que foram cedidas por nós ao Professor Hegner quando de passagem pelo Brasil. Baseados em longas pesquisas, concluimos que o Ealantidium simile representa uma especie de ciliado em que a conjugação parece tersido substituida de maneira permanente, pelo phenomeno de endomixia. Facto identico occorre, segundo estudos nossos ainda ineditos, em um grupo de ciliados, ito é, na familia Cyathodiniidae. Para esses ciliados propomos aqui a denominação de ciliados azygoticos ou parthenogeneticos.</p></abstract><trans-abstract lang_id="en"><p>We report here on the behaviour of some Ciliates of te genus Balantidium in artificial culture media. For this study we have employed mainly Dobell and Laidlaw's amoeba medium to which rice starch was added. We investigated Balantidium coli, isolated from man; Balantidium sp., from the pig; and Balantidium simile, from Macaca mulatta, the Rhesus monkey. We could cultivate the human parasite very casily for a long time, transplanting it every 24 to 48 hours. Conjugation was very constantly observed in this species in culture about 24 hours old, either original cultures or transplants. The conjugants are found in pairs as small forms about 38,6 X 32,1 micra. The neutral individuals reach an average size of 75,5 X 57,8 micra. Small isolated preconjugant forms were also found in large numbers. These pre-conjugant forms in stained slides could be distinguished not only by their small size but also by the large size of their micronulcei which reached an average of 6 micra in diameter. The study of the stained material shows that the conjugants associate in pairs attaching themselves one to another by their peristomal region. Then their micronuclei divide twice by mitosis. From the four micronuclei thus three degenerate the remaining one dividing again in order to form the pronuclei around which a condensation of the cytoplasm is produced. After the exchange og the migratory pronuclei takes place, they are found in cach of the conjugants side by side with the stationary pronuclei. In each pair of pronuclei two mitotic spindles are formed, paralled one to another (gonomery) the fusion of both pronuclei (stationary and migratory) only then taking place. From both nuclei formed by this mitotic division simultaneous to the nuclear fusion, two new nuclei result one of which will become the new micronucleus. The other new nucleus divide again to form two placentae which will slowly grow and then fuse again to form the new macronucleus. The macronuclei originally found in both conjugants in spite of being found to degenerate by pycnosis are usually seen throughout almost all the conjugating process. Later on they break up in fragments which are reabsorved during the stage of pronuclear fusion. The species of Balantidium occurring in the pig was also very easily cultivated, conjugation being constantly observed in 24 hours old cultures. In Balantidium simile things were quite different. This species is difficult to cultivate, good results being obtained only when special technique is used as, for instance, when a buffer is added to the culture medium. In such a case abundant growth and multiplication of the Ciliate is seen after 24 hours either in the original cultures or in the transplants to the 4th. or 5th. subcultures. On the ground of a prolonged observation we can assert that Balantidium simile, in opposition to what one sees in the human and pig parasites, never conjugate in culture. In the original cultures and transplants of Balantidium simile the same phaenomena occur that we described from the faeces of Macaca mulatta, the Rhesus monkey, that is endomixis. On the stained slides we could observe the entire process, since the appearance of the initial forms (mitosis of the micronucleus and beginning of the degeneration of the macronucleus) until the final stages. Once more in this material we could see in a very clear way that the micronucleus is formed from one of the placentae, as we had the opportunity to show in a previous paper. Nelson in a recent paper (Observations and Experiments on Conjugation of the Balantidium from the Chimpanzee - American Journal of Hygiene, vol 20, n. 1, 1934), express his doubts about the phaenomena of endomixis we described in Balantidium simile. This author's opinion does not deserve discussion since he did not present the only proof that could invalidate our conclusions, that is the demonstration of the occurrence of pairs of conjugants, a fact he never succeeded to observe in the material at his disposal. As for our material that Nelson says to have examined it consists only in a few slides we gave to Professor Hegner when he visited Brazil. In these slides some stages of endomixis could be seen. On the ground of long lasting researches we conclude that Balantidium simile is a Ciliate in which conjugation seems to have disappeared and been relaced entirely and permanently by endomixis. According to our researches a similar fact accurs among another group of Ciliates, the families Cyathodiniidae and Enterophrydae. We propose to name azygotic or parthenogenetic the Ciliates in which this phaenomenon is observed.</p></trans-abstract></article-meta></front></article></articles>