<articles xmlns:xsi="http://www.w3.org/2001/XMLSchema-instance" xsi:schemaLocation="https://raw.githubusercontent.com/scieloorg/articles_meta/master/tests/xsd/scielo_sci/ThomsonReuters_publishing.xsd" dtd-version="1.10"><article lang_id="pt" article-type="research-article"><front><journal-meta><journal-id journal-id-type="publisher">mioc</journal-id><journal-title-group><journal-title>Memórias do Instituto Oswaldo Cruz</journal-title><abbrev-journal-title>Mem. Inst. Oswaldo Cruz</abbrev-journal-title></journal-title-group><issn>1678-8060</issn><collection>SciELO Brazil</collection><publisher><publisher-name>Instituto Oswaldo Cruz, Ministério da Saúde</publisher-name></publisher></journal-meta><article-meta><unique-article-id pub-id-type="publisher-id">S0074-02761913000300001</unique-article-id><article-id pub-id-type="publisher-id">S0074-02761913000300001</article-id><article-id pub-id-type="doi">10.1590/S0074-02761913000300001</article-id><article-categories><subj-group><subject>PARASITOLOGY</subject><subject>TROPICAL MEDICINE</subject></subj-group></article-categories><title-group><article-title lang_id="pt">Sobre o bi-iodeto de cobre: ensaios de farmacodinamica</article-title><trans-title-group lang_id="de"><trans-title>Ueber Kupferjodid: Pharmakodynamische Untersuchungen</trans-title></trans-title-group></title-group><contrib-group><contrib contrib-type="author"><name><surname>Fontes</surname><given-names>A.</given-names></name><role>ND</role></contrib></contrib-group><pub-date><year>1913</year></pub-date><volume>5</volume><issue>3</issue><fpage>239</fpage><lpage>251</lpage><permissions><license license-type="open-access" href="http://creativecommons.org/licenses/by-nc/4.0/"><license-p>This work is licensed under a Creative Commons Attribution-NonCommercial 4.0 International License.</license-p></license></permissions><self-uri href="http://www.scielo.br/scielo.php?script=sci_arttext&amp;pid=S0074-02761913000300001&amp;lng=en&amp;tlng=en" content-type="full_text_page"/><self-uri href="http://www.scielo.br/scielo.php?script=sci_issuetoc&amp;pid=0074-027619130003&amp;lng=en" content-type="issue_page"/><self-uri href="http://www.scielo.br/scielo.php?script=sci_serial&amp;pid=0074-0276&amp;lng=en" content-type="journal_page"/><abstract lang_id="pt"><p>O Cul² prepara-se sob a forma de hidrosol cuja dosagem pode ser rigorosa. De suas propriedades quimicas já estudadas por TRAUBE é mais notavel a sensibilidade desse corpo ao oxijeno nacente. Basta em verdade 0,00001 de H²O² para que o Cul² se decomponha desprendendo-se I. Inversamente ele decompõe a agua oxijenada em solução neutra a 1 % (Perhydrol MERCK). O oxijeno do ar atmosferico só o decompõe muito lentamente. As soluções se conservam bem por 6 mezes em vidro escuro. Mesmo em 24 horas, uma corrente de ar não o altera. A ação hemolitica desse hidrosol depende principalmente da H²O distilada que entra em sua composição. Em uma solução isotonisada pelo NaCl, a ação hemolitica diminue proporcionalmente ao aumento de concentração de NaCl, ainda mesmo que se aumente a concentração em Cul². A concentração em Cul² só tem influencia manifesta sobre o fenomeno da precipitação da hemoglobina, sobre a qual ele aje como redutor. Tem ação fixadora sobre os leucocitos, e aglutinante sobre as hematias. Não destroe o fermento da fibrina nem a catalase do sangue. Precipita os albuminoides do soro, pelo menos in vitro. In vivo, esses fenomenos não são aparentes. Foi possivel a aplicação do Cul² por via venosa, sem que isso tivesse determinado acidentes nos animais experimentados (cão, cobaia, coelho, rato). Por via peritoneal não era suportado pelo coelho, nem pela cobaia, morrendo os animais dentro das primeiras 24 horas. Por via subcutanea não era tolerado facilmente por cobaias e ratos. Formava-se sempre escara no ponto da inoculação. O cão tolerava bem as inoculaçõis subcutaneas. Mostrou-se esse hidrosol ineficaz na esporotricose e tuberculose experimentais. Ao terminar, deixo aqui consignado ao distinto colega Dr. ANTONIO PINTO JNR. os meus agradecimentos pelo valioso concurso prestado em toda a parte experimental por ele acompanhada com a maior dedicação e boa vontade.</p></abstract><trans-abstract lang_id="de"><p>Kupferjodid wird als Hydrosol hergestellt und gestattet eine genaue Dosierung. Von den chemischen Eigenschaften, deren Studium schon TRAUBE gemacht hat, ist die auffallendste die Sensibilitaet fuer Sauerstoff in statu nascendi, denn es genuegt schon ein Zusatz von 0,00001 H²O², um eine Zersetzung, mit Freiwerden von Jod, herbeizufuehren. Der Luftsauerstoff zersetzt es nur sehr langsam; in Loesung und in einem dunklen Glase aufbewahrt, haelt es sich waehrend einer Zeit von 6 Monaten. Auch 24-stuendiges Durchleiten von Luft zersetzt es nicht. Die haemolytische Wirkung dieses Hydrosols haengt in erster Linie, von dem dest. Wasser ab. Die haemolytische Kraft einer durch Chlornatrium isotonischen Loesung nimmt im Verhaeltnis zur steigenden NaCl-Konzentrierung stetig ab, selbst wem die Konzentration der CuJ²-Loesung gesteigert wird. Der Konzentrationsgrad der Kupferjodidloesung uebt nur auf die Faellung des Haemoglobins einen deutlichen Einfluss aus; dasselbe wird durch CuJ² reduziert. Die weissen Blutkoerperchen werden fixiert und die roten agglutiniert. Es zerstoert weder das Fibrinferment, noch die Katalase des Blutes. Serumalbuminoide werden gefaellt, wenigstens in vitro; in vivo kann man dies nicht beobachten. Die intravenose Injektion von CuJ² ging glatt von statten, ohne irgend einen schaedlichen Einfluss auf die Tiere (Hunde, Meerschweinchen, Kaninchen u. Ratten) erkennen zu lassen. Die intraperitoneale Injektion hatte beim Kaninchen und Meerschweinchen binnen 24 Stunden den Tod zur Folge. Auch die subkutane Injektion war bei Meerschweinchen und Ratten keineswegs guenstig, denn es entstanden immer Geschwuere an den Injektionsstellen. Hunde ertrugen die subkutanen Injektionen ohne Nachwirkungen. Das hydrosol erwies sich bei experimenteller Sporotrichose und Tuberkulose ganz wirkungslos. Zum Schlusse bezeuge ich meinem geehrten Kollegen, Dr. ANTONIO PINTO JR., meinen verbindlichsten Dank fuer seine werthvolle Mitarbeit bei den Experimenten, welche er mit groessten Eifer verfolgte.</p></trans-abstract></article-meta></front></article></articles>