<articles xmlns:xsi="http://www.w3.org/2001/XMLSchema-instance" xsi:schemaLocation="https://raw.githubusercontent.com/scieloorg/articles_meta/master/tests/xsd/scielo_sci/ThomsonReuters_publishing.xsd" dtd-version="1.10"><article lang_id="pt" article-type="undefined"><front><journal-meta><journal-id journal-id-type="publisher">mioc</journal-id><journal-title-group><journal-title>Memórias do Instituto Oswaldo Cruz</journal-title><abbrev-journal-title>Mem. Inst. Oswaldo Cruz</abbrev-journal-title></journal-title-group><issn>1678-8060</issn><collection>SciELO Brazil</collection><publisher><publisher-name>Instituto Oswaldo Cruz, Ministério da Saúde</publisher-name></publisher></journal-meta><article-meta><unique-article-id pub-id-type="publisher-id">S0074-02761931000100005</unique-article-id><article-id pub-id-type="publisher-id">S0074-02761931000100005</article-id><article-id pub-id-type="doi">10.1590/S0074-02761931000100005</article-id><article-categories><subj-group><subject>PARASITOLOGY</subject><subject>TROPICAL MEDICINE</subject></subj-group></article-categories><title-group><article-title lang_id="pt">A regulação do lobo anterior da hypophyse por um hormonio testicular, especialmente sob o ponto de vista morphologico</article-title><trans-title-group lang_id="en"><trans-title>The regulation of the anterior hypophysis by a testicular hormone, principally under morphological consideration</trans-title></trans-title-group></title-group><contrib-group><contrib contrib-type="author"><name><surname>Martins</surname><given-names>Thales</given-names></name><role>ND</role><xref ref-type="aff" rid="A01"/></contrib><contrib contrib-type="author"><name><surname>Rocha</surname><given-names>Arnoldo</given-names></name><role>ND</role><xref ref-type="aff" rid="A01"/></contrib></contrib-group><aff id="A01"><institution>Instituto Oswaldo Cruz</institution><country>Brasil</country></aff><pub-date><month>02</month><year>1931</year></pub-date><volume>25</volume><issue>1</issue><fpage>73</fpage><lpage>80</lpage><permissions><license license-type="open-access" href="http://creativecommons.org/licenses/by-nc/4.0/"><license-p>This work is licensed under a Creative Commons Attribution-NonCommercial 4.0 International License.</license-p></license></permissions><self-uri href="http://www.scielo.br/scielo.php?script=sci_arttext&amp;pid=S0074-02761931000100005&amp;lng=en&amp;tlng=en" content-type="full_text_page"/><self-uri href="http://www.scielo.br/scielo.php?script=sci_issuetoc&amp;pid=0074-027619310001&amp;lng=en" content-type="issue_page"/><self-uri href="http://www.scielo.br/scielo.php?script=sci_serial&amp;pid=0074-0276&amp;lng=en" content-type="journal_page"/><trans-abstract lang_id="en"><p>The authors summarize the results of former works, based on the technics of parabiosis. After parabiotic union of two infantile rats, normal + castrate, the normal fellow enters into precocious puberty in about 7 days (Kallas). In the case of pairs: castrated male + normal female, the implants of testicles, or injection of maceration or aqueous extracts of testis in the castrated fellow, prevents the induction of early puberty in the normal female. In the case: castrated female + normal female, no inhibiting effect is provoked by that treatment. There is therefore a testicular hormone that regulates the hypophysis. After castration, this gland manifests a hyper-function and shows histological alterations, the chief character of these being the appearing in the anterior lobe, of the so-called castration cells, probably originated from basophile cells. Implants or injections of testis material prevent those alterations. This is a useful test; the effect is controlled by estimating the castration cells in the microscopic field. The testicular hormone that regulates the anterior lobe is probably another one, quite different from that which regulates the accessory genitalia. On account of the facts and experiments, it may be assumed that this new hormone is elaborated by the germinal epithelium of the testicles.</p></trans-abstract></article-meta></front></article></articles>