<articles xmlns:xsi="http://www.w3.org/2001/XMLSchema-instance" xsi:schemaLocation="https://raw.githubusercontent.com/scieloorg/articles_meta/master/tests/xsd/scielo_sci/ThomsonReuters_publishing.xsd" dtd-version="1.10"><article lang_id="pt" article-type="research-article"><front><journal-meta><journal-id journal-id-type="publisher">mioc</journal-id><journal-title-group><journal-title>Memórias do Instituto Oswaldo Cruz</journal-title><abbrev-journal-title>Mem. Inst. Oswaldo Cruz</abbrev-journal-title></journal-title-group><issn>1678-8060</issn><collection>SciELO Brazil</collection><publisher><publisher-name>Instituto Oswaldo Cruz, Ministério da Saúde</publisher-name></publisher></journal-meta><article-meta><unique-article-id pub-id-type="publisher-id">S0074-02761914000300006</unique-article-id><article-id pub-id-type="publisher-id">S0074-02761914000300006</article-id><article-id pub-id-type="doi">10.1590/S0074-02761914000300006</article-id><article-categories><subj-group><subject>PARASITOLOGY</subject><subject>TROPICAL MEDICINE</subject></subj-group></article-categories><title-group><article-title lang_id="pt">Estudos sobre tuberculose: variações do poder catalasico do sangue na infeção tuberculosa e relações que esse poder mantem com a cráse morfolojica sanguinea</article-title><trans-title-group lang_id="de"><trans-title>Studien ueber Tuberkulose: Katalasenwertschwankungen des Blutes bei tuberkuloeser Infektion und die Beziehungen dieses Wertes zur morphologischen Blutkrase</trans-title></trans-title-group></title-group><contrib-group><contrib contrib-type="author"><name><surname>Fontes</surname><given-names>A.</given-names></name><role>ND</role></contrib><contrib contrib-type="author"><name><surname>Pinto Junior</surname><given-names>A.</given-names></name><role>ND</role></contrib></contrib-group><pub-date><year>1914</year></pub-date><volume>6</volume><issue>3</issue><fpage>192</fpage><lpage>205</lpage><permissions><license license-type="open-access" href="http://creativecommons.org/licenses/by-nc/4.0/"><license-p>This work is licensed under a Creative Commons Attribution-NonCommercial 4.0 International License.</license-p></license></permissions><self-uri href="http://www.scielo.br/scielo.php?script=sci_arttext&amp;pid=S0074-02761914000300006&amp;lng=en&amp;tlng=en" content-type="full_text_page"/><self-uri href="http://www.scielo.br/scielo.php?script=sci_issuetoc&amp;pid=0074-027619140003&amp;lng=en" content-type="issue_page"/><self-uri href="http://www.scielo.br/scielo.php?script=sci_serial&amp;pid=0074-0276&amp;lng=en" content-type="journal_page"/><abstract lang_id="pt"><p>Fermentos oxidantes-Fermentos oxidantes diretos e indiretos. Peroxidases e catalases-Localização desses fermentos-Distribuição desses fermentos nos organs dos animais são e dos infectados por tuberculose cronica. Catalases do sangue-Catalase do sangue nos casos de tuberculose pulmonar-Tecnica de JOLLES-Variações do poder catalasico do sangue do coelho normal-Observações-Variações do poder catalasico do sangue do coelho com infeção tuberculosa aguda (tipo YERSIN). Observações. Conclusões. Bibliografia.</p></abstract><trans-abstract lang_id="de"><p>Oxydationsfermente-Direkte und indirekte Oxydationsfermente. Peroxydasen und Katalasen-Lokalisierung dieser Fermente-Verbreitung dieser Fermente in den Organen der gesunden und der mit chronischer Tuberkulose infizierten Tiere. Katalasen des Blutes. Katalase des Blutes in Faellen von Lungentuberkulose-JOLLESsches Verfahren-Schwankungen des Katalasenwertes des Blutes des normalen Kaninchens-Beobachtungen-Schwankungen des Katalasenwertes des Blutes des mit akuter Tuberkulose infizierten Kaninchens (Typus VERSIN).-Beobachtungen. Schlussfolgerungen. Bibliographie.</p></trans-abstract></article-meta></front></article></articles>