<articles xmlns:xsi="http://www.w3.org/2001/XMLSchema-instance" xsi:schemaLocation="https://raw.githubusercontent.com/scieloorg/articles_meta/master/tests/xsd/scielo_sci/ThomsonReuters_publishing.xsd" dtd-version="1.10"><article lang_id="pt" article-type="research-article"><front><journal-meta><journal-id journal-id-type="publisher">mioc</journal-id><journal-title-group><journal-title>Memórias do Instituto Oswaldo Cruz</journal-title><abbrev-journal-title>Mem. Inst. Oswaldo Cruz</abbrev-journal-title></journal-title-group><issn>1678-8060</issn><collection>SciELO Brazil</collection><publisher><publisher-name>Instituto Oswaldo Cruz, Ministério da Saúde</publisher-name></publisher></journal-meta><article-meta><unique-article-id pub-id-type="publisher-id">S0074-02761936000300002</unique-article-id><article-id pub-id-type="publisher-id">S0074-02761936000300002</article-id><article-id pub-id-type="doi">10.1590/S0074-02761936000300002</article-id><article-categories><subj-group><subject>PARASITOLOGY</subject><subject>TROPICAL MEDICINE</subject></subj-group></article-categories><title-group><article-title lang_id="pt">O grupo pullorum-gallinarum em provas bacteriologicas comparativas</article-title><trans-title-group lang_id="en"><trans-title>The pullorum-gallinarum group in comparative bacteriological tests</trans-title></trans-title-group></title-group><contrib-group><contrib contrib-type="author"><name><surname>Pacheco</surname><given-names>Genesio</given-names></name><role>ND</role><xref ref-type="aff" rid="A01"/></contrib><contrib contrib-type="author"><name><surname>Rodrigues</surname><given-names>Celso</given-names></name><role>ND</role><xref ref-type="aff" rid="A02"/></contrib></contrib-group><aff id="A01"><institution>Instituto Oswaldo Cruz</institution><country>Brasil</country></aff><aff id="A02"><institution> Instituto Biologico de São Paulo</institution><country>Brasil</country></aff><pub-date><year>1936</year></pub-date><volume>31</volume><issue>3</issue><fpage>591</fpage><lpage>705</lpage><permissions><license license-type="open-access" href="http://creativecommons.org/licenses/by-nc/4.0/"><license-p>This work is licensed under a Creative Commons Attribution-NonCommercial 4.0 International License.</license-p></license></permissions><self-uri href="http://www.scielo.br/scielo.php?script=sci_arttext&amp;pid=S0074-02761936000300002&amp;lng=en&amp;tlng=en" content-type="full_text_page"/><self-uri href="http://www.scielo.br/scielo.php?script=sci_issuetoc&amp;pid=0074-027619360003&amp;lng=en" content-type="issue_page"/><self-uri href="http://www.scielo.br/scielo.php?script=sci_serial&amp;pid=0074-0276&amp;lng=en" content-type="journal_page"/><abstract lang_id="pt"><p>Foram examinadas 38  amostras de germens do grupo pullorumgallinarum, de origem européa, americana ou isoladas no Brasil, acompanhadas bacteriologicamente durante 3 annos, na fixidez de suas propriedades ou na possibilidade de sua transformação dum typo em outro. a) Distinguiram-se no estudo das propriedades cinco typos de germens no grupo pullorumgallinarum - 1) pullorum gazogeno, 2) pullorum não gazogeno, 3) intermedius, 4) gallinarum ou intermedius? gazogeno, 5) gallinarum não gazogeno. Os 2 primeiros e o 5º já bem cinhecidos e acceitos; o 4º admittido por Beck &amp; Eber, em 1929, o 3º evidenciado por nós em 1935. b) O typo gallinarum gazogeno deve ser mais propriamente talvez considerado como typo intermedius gazogeno a vista de sua acção sobre sorbita e a xylose e sobre o meio de Jordan. c) O quadro final resume as caracteristicas mais importantes destes cinco typos, baseando-se a differenciação principalmente na alteração do vermelho neutro, na produção de H²S, na fermentação de glycerina, rhamnose, xylose, dulcita, sorbita e maltose, na acção sobre o tartaro, na producção de gaz e no aspecto das colonias na superficie de certos meios de cultura. d) Outras propriedades biologicas examinadas - acção sobre o leite, sôro de leite, dextrina, etc, admitidos por varios pesquizadores na differenciação, parecem distituidas de valor. e) As amostras mantiveram fixas as suas propriedades durante todo o tempo em que foram acompanhadas. A hypothese de uma possivel transformação de um typo em outro não foi confirmada em nenhuma das amostras estudadas, justificando a entidade dos varios typos admittidos. f) Discrepancias observadas na fermentação da maltose, referidas por varios pesquizadores com germens desse grupo, não foram confirmadas no presente trabalho. g) Encontrou-se no sôro sanguineo um factor capaz de transformar a maltose em glycose, tornando aquelle assucar fermentescivel. Essa substancia é thermo-estavel e resiste á acção de substancias antidiastasicas. h) A analyse sôrologica das amostras estudadas não permittiu differenciar os typos entre si.</p></abstract><trans-abstract lang_id="en"><p>Thirty eight strains of microorganisms of the pullorum-gallinarum group, of European, American or Brazilian origin were investigated bacteriologically in order to ascertain as to the fixity of their properties and the possibility of transforming a strain in another. a) Five types could be distinguished in our strains: 1 - gasogenic pullorum; 2 - non-gasogenic pullorum; 3 - intermedius; 4 - gasogenic gallinarum?; 5 - non-gasogenic gallinarum. The first, two and fifth types are well known and recognized by specialists; the fourth group has been recognized by Beck &amp; Eber, in 1920; the third group was recognized by ourselves, in 1935. b) The table found in this paper summarizes the most important characteristics of these five types. The changes produced on neutral red, H²S production, fermentation of glycerol, isodulcitol, xylose, dulcite, sorbitol and maltose, the activity upon Seignette salt, gas production and appearance of the colonies, are among the characteristics on which the distinction of these five types is founded. c) The gasogenic gallinarum type, on account of its action on sorbitol and xylose, and also on Jordan's medium, must be rather considered as a gasogenic intermedius type. d) Other biological characteristics, such as activity upon milk, milk-whey, dextrin, etc., accepted by several specialists, appeared as of no practical value to the distinction of the different types of our strains. e) The strains kept their properties invariable during all the time of our investigations. The hypothesis of a possible transformation of one type into another has not been confirmed in any of the studied strains and this justifies the idea of independence of each one of the accepted types. f) Some discrepances in fermentation of maltose as found by several authors in microorganisms of this group, have been not confirmed in this paper. g) In blood horse serum a factor capable of transforming maltose was found making it fermentative. This substance is thermostable and resistent to some antidiastatic substances. h) The serological analysis of the studied strains did not allow a antigenic distinction among the different types of the bacterial group.</p></trans-abstract></article-meta></front></article></articles>