<articles xmlns:xsi="http://www.w3.org/2001/XMLSchema-instance" xsi:schemaLocation="https://raw.githubusercontent.com/scieloorg/articles_meta/master/tests/xsd/scielo_sci/ThomsonReuters_publishing.xsd" dtd-version="1.10"><article lang_id="pt" article-type="research-article"><front><journal-meta><journal-id journal-id-type="publisher">mioc</journal-id><journal-title-group><journal-title>Memórias do Instituto Oswaldo Cruz</journal-title><abbrev-journal-title>Mem. Inst. Oswaldo Cruz</abbrev-journal-title></journal-title-group><issn>1678-8060</issn><collection>SciELO Brazil</collection><publisher><publisher-name>Instituto Oswaldo Cruz, Ministério da Saúde</publisher-name></publisher></journal-meta><article-meta><unique-article-id pub-id-type="publisher-id">S0074-02761934000600004</unique-article-id><article-id pub-id-type="publisher-id">S0074-02761934000600004</article-id><article-id pub-id-type="doi">10.1590/S0074-02761934000600004</article-id><article-categories><subj-group><subject>PARASITOLOGY</subject><subject>TROPICAL MEDICINE</subject></subj-group></article-categories><title-group><article-title lang_id="pt">Pathogenia da anemia na Ancylostomose: III - modificações hematicas e organicas, provocadas pelas simples eliminação do Ancylostomo e do Necator, em individuos fortemente anemiados</article-title><trans-title-group lang_id="en"><trans-title>Pathogenesis of Anaemia in Hookworm Disease: III - hematic and organic modifications, induced by mere elimination of Anchylostoma and Necator, in individuals presenting intense anaemia</trans-title></trans-title-group></title-group><contrib-group><contrib contrib-type="author"><name><surname>Cruz</surname><given-names>W. O.</given-names></name><role>ND</role></contrib></contrib-group><pub-date><month>12</month><year>1934</year></pub-date><volume>29</volume><issue>2</issue><fpage>487</fpage><lpage>561</lpage><permissions><license license-type="open-access" href="http://creativecommons.org/licenses/by-nc/4.0/"><license-p>This work is licensed under a Creative Commons Attribution-NonCommercial 4.0 International License.</license-p></license></permissions><self-uri href="http://www.scielo.br/scielo.php?script=sci_arttext&amp;pid=S0074-02761934000600004&amp;lng=en&amp;tlng=en" content-type="full_text_page"/><self-uri href="http://www.scielo.br/scielo.php?script=sci_issuetoc&amp;pid=0074-027619340006&amp;lng=en" content-type="issue_page"/><self-uri href="http://www.scielo.br/scielo.php?script=sci_serial&amp;pid=0074-0276&amp;lng=en" content-type="journal_page"/><abstract lang_id="pt"><p>Estudamos sob um ponto de vista hematologico, 10 casos puros de Ancylostomose, durante um largo tempo. Um dos doentes foi observado por mais de 2 annos, justificando esta larga observação a segurança que almejavamos alcançar de que a simples eliminação dos helminthos não trouxesse nenhuma modificação hematica, mesmo longiqua. O estudo hematologico constou de 200 exames rotineiros (determinação do numero de globulos, da taxa de Hb., do hematocrito, e, em muitos casos, da taxa dos reticulocytos e exame de esfregaços), praticados em todos os doentes, e de determinações da resistencia globular e outras pesquizas hematologicas praticadas em alguns delles. A grande parte do estudo constou de uma minuciosa (observação sanguinea e clinica dos casos, antes e após administração de vermifugos, até uma completa eliminação dos parasitos intestinaes. Procurou-se averiguar tambem, por meio da administração de diversas dietas, a influencia sobre o quadro hematico da dita eliminação combinada ao effeito de differentes factores nutritivos contidos nestas dietas. Procuramos verificar os phenomenos regenerativos com a administração de ferro, e tambem tivemos opportunidade de observar a marcha da anemia, e assim confirmar resultados que já publicamos. Os resultados mostraram a importancia da absorpção dos medicamentos vermicidas empregados, e por isso focalizamos varios factos similares, procurando relacional-os com aquelle aqui verificado. Discutimos a seguir o methodo therapeutico á luz dos resultados apresentados, e nos referimos á importancia destes na elucidação correcta de pathogenia da doença.</p></abstract><trans-abstract lang_id="en"><p>We studied, from the hematological viewpoint, 10 straightforward cases of anchylostomiasis for a long time. One of tha patients was under observation for more than 2 years, this ample observation being justified by the reliability at which we aimed that the mere elimination of helminthes conveys no hematic modification, not even a remote one. The hematological study consisted of 200 routine examinations (determination of the number of red cells, of Hb. rate, hematokrit, and in many a case of the rate of reticulocytosis and examination of slides), practised on all our patients, and of determinations of globular resistance and other hematological investigations practised in some of our cases. The greater part of our study consisted in a careful observation of the blood and of the clinical symptoms of our cases, prior to and after the administration of vermifuges until complete elimination of the intestinal parasites. By means of various diets we also sought to verify the influence on the hematic aspect of the said elimination combined with the effect of different nutritive factors contained in these diets. We endeavoured to verify the regenerative phenomena after iron adminisration and we also had the opportunity of observing the course of the anemia and of confirming thus the results already published. The results showed the importance of the absorption of the vermicidal medicaments employed and therefore we focalized several similar facts endeavouring to connect them with the fact here verified. We then discussed the therapeutical method in the light of the results presented, and we referred to the importance of same for the correct elucidation of the pathogenesis of the disease.</p></trans-abstract></article-meta></front></article></articles>