<articles xmlns:xsi="http://www.w3.org/2001/XMLSchema-instance" xsi:schemaLocation="https://raw.githubusercontent.com/scieloorg/articles_meta/master/tests/xsd/scielo_sci/ThomsonReuters_publishing.xsd" dtd-version="1.10"><article lang_id="pt" article-type="research-article"><front><journal-meta><journal-id journal-id-type="publisher">mioc</journal-id><journal-title-group><journal-title>Memórias do Instituto Oswaldo Cruz</journal-title><abbrev-journal-title>Mem. Inst. Oswaldo Cruz</abbrev-journal-title></journal-title-group><issn>1678-8060</issn><collection>SciELO Brazil</collection><publisher><publisher-name>Instituto Oswaldo Cruz, Ministério da Saúde</publisher-name></publisher></journal-meta><article-meta><unique-article-id pub-id-type="publisher-id">S0074-02761928000200001</unique-article-id><article-id pub-id-type="publisher-id">S0074-02761928000200001</article-id><article-id pub-id-type="doi">10.1590/S0074-02761928000200001</article-id><article-categories><subj-group><subject>PARASITOLOGY</subject><subject>TROPICAL MEDICINE</subject></subj-group></article-categories><title-group><article-title lang_id="pt">Estudos sobre thrombose cardiaca e endocardite parietal de origem não valvular</article-title><trans-title-group lang_id="en"><trans-title>On thrombosis of heart and on mural endocarditis of non-valvular origin</trans-title></trans-title-group></title-group><contrib-group><contrib contrib-type="author"><name><surname>Torres</surname><given-names>C. Magarinos</given-names></name><role>ND</role><xref ref-type="aff" rid="A01"/></contrib></contrib-group><aff id="A01"><institution>Instituto Oswaldo Cruz</institution><country>Brasil</country></aff><pub-date><year>1928</year></pub-date><volume>21</volume><issue>2</issue><fpage>219</fpage><lpage>308</lpage><permissions><license license-type="open-access" href="http://creativecommons.org/licenses/by-nc/4.0/"><license-p>This work is licensed under a Creative Commons Attribution-NonCommercial 4.0 International License.</license-p></license></permissions><self-uri href="http://www.scielo.br/scielo.php?script=sci_arttext&amp;pid=S0074-02761928000200001&amp;lng=en&amp;tlng=en" content-type="full_text_page"/><self-uri href="http://www.scielo.br/scielo.php?script=sci_issuetoc&amp;pid=0074-027619280002&amp;lng=en" content-type="issue_page"/><self-uri href="http://www.scielo.br/scielo.php?script=sci_serial&amp;pid=0074-0276&amp;lng=en" content-type="journal_page"/><trans-abstract lang_id="en"><p>1.-Since the parietal endocarditis represents a chapter generally neglected, owing to the relative lack of cases, and somewhat confused because there various terms have been applied to a very same morbid condition, it justifies the work which previously we tried to accomplish, of nosographic classification. Taking into account the functional disturbances and the anatomical changes, all cases of parietal endocarditis referred to in the litterature were distributed by the following groups: A-Group-Valvulo-parietal endocarditis. 1st . type-Valvulo-parietal endocarditis per continuum. 2nd. type-Metastatic valvulo-parietal endocarditis. 3rd. type-Valvulo-parietal endocarditis of the mitral stenosis. B-Group-Genuine parietal endocarditis. a) with primary lesions in the myocardium. b) with primary lesions in the endocardium. 4th type-Fibrous chronic parietal endocarditis (B A Ü M L E R), « endocarditis parietalis simplex».  5th type-Septic acute parietal endocarditis (LESCHKE), «endocarditis parietalis septica». 6th type-Subacute parietal endocarditis (MAGARINOS TORRES), «endocarditis muralis lenta».  2.-Studying a group of 14 cases of fibrous endomyocarditis with formation of thrombi, and carrying together pathological and bacteriological examinations it has been found that some of such cases represent an infectious parietal endocarditis, sometimes post-puerperal, of subacute or slow course, the endocardic vegetations being contamined by pathogenic microörganisms of which the most frequent is the Diplococcus pneumoniae, in most cases of attenuated virulence. Along with the infectious parietal endocarditis, there occur arterial and venous thromboses (abdominal aorta, common illiac and femural arteries and external jugular veins).  The case 5,120 is a typical one of this condition which we name subacute parietal endocarditis (endocarditis parietalis s. muralis lenta). 3.-The endocarditis muralis lenta encloses an affection reputed to be of rare occurrence, the «myocardite subaigüe primitive», of which JOSSERAND and GALLAVARDIN published in 1901 the first cases, and ROQUE and LEVY, another, in 1914. The «myocardite subaigüe primitive» was, wrongly, in our opinion, included by WALZER in the syndrome of myocardia of LAUBRY and WALZER, considering that, in the refered cases of JOSSERAND and GALLAVARDIN and in that of ROQUE and LEVY, there are described rather considerable inflammatory changes in the myocardium and endocardium. The designation «myocardia» was however especially created by LAUBRY and WALZER for the cases of heart failure in which the most careful aetiologic inquiries and the most minucious clinical examination were unable to explain, and in which, yet, the post-mortem examination did not reveal any anatomical change at all, it being forcible to admit, then, a primary functional change of the cardiac muscle fibre.  This special cardiac condition is thoroughly exemplified in the observation that WALZER reproduces on pages 1 to 7 of his book. 4.-The clinical picture of the subacute parietal endocarditis is that of heart failure with oedemas, effusion in the serous cavities and passive chronic congestion of the lungs, liver, kideys and spleen associated, to that of an infectious disease of subacute course. The fever is rather transient oscillating around 99.5 F., being intersected with apyretic periods of irregular duration; it is not dependent on any evident extracardiac septic infection. In other  cases the fever is slight, particularly in the final stage of the disease, when the heart failure is well established. The rule is to observe then, hypothermy. The cardiac-vascular signs consist of enlargement of the cardiac dullness, smoothing of the cardiac sounds, absence of organic murmurs and accentuated and persistent tachycardia up to a certain point independent of fever. The galloprhythm is present, in most cases. The signs of the pulmonary infarct are rather expressed by the aspect of the sputum, which is foamy and blood-streaked than by the classic signs. Cerebral embolism was a terminal accident on various cases. Yet, in some of them, along with the signs of septicemia and of cardiac insufficiency, occurred vascular, arterial (abdominal aorta, common illiac  and femurals arteries) and venous (extern jugular veins) thromboses. 5. The autopsy revealed an inflammatory process located on the parietal endocardium, accompanied by abundant formation of ancient and recent thrombi, being the apex of the left ventricle, the junction of the anterior wall of the same ventricle, with the interventricular septum, and the right auricular appendage, the usual seats of the inflammatory changes. The region of the left branch of HIS’ bundle is spared.  The other changes found consist of fibrosis of the myocardium (healed infarcts and circumscribed interstitial myocarditis), of recent visceral infarcts chiefly in lungs, spleen and brain, of recent or old infarcts in the kidneys (embolic nephrocirrhosis) and in the spleen, and of vascular thromboses (abdominal aorta, common illiacs and femurals arteries and external jugular veins), aside from hydrothorax, hydroperitoneum, cutaneous oedema, chronic passive congestion of the liver, lungs, spleen and kidneys and slight ictericia. 6. In the subacute parietal endocarditis the primary lesions sometimes locate themselves at the myocardium, depending on the ischemic necrosis associated to the arteriosclerosis of the coronariae arteries, or on an specific myocarditis. Other times, the absence of these conditions is suggestive of a primary attack to the parietal endocardium which is then the primary seat of the lesions. It matters little whatever may be the initial pathogenic mechanism; once injured the parietal endocardium and there being settled the infectious injury, the endocarditis develops with peculiar clinical and anatomical characters of remarkable uniformity, constituting an anatomo-clinical  syndrome. 7.-The histologic sections show that recent lesions…</p></trans-abstract></article-meta></front></article></articles>