<articles xmlns:xsi="http://www.w3.org/2001/XMLSchema-instance" xsi:schemaLocation="https://raw.githubusercontent.com/scieloorg/articles_meta/master/tests/xsd/scielo_sci/ThomsonReuters_publishing.xsd" dtd-version="1.10"><article lang_id="pt" article-type="research-article"><front><journal-meta><journal-id journal-id-type="publisher">mioc</journal-id><journal-title-group><journal-title>Memórias do Instituto Oswaldo Cruz</journal-title><abbrev-journal-title>Mem. Inst. Oswaldo Cruz</abbrev-journal-title></journal-title-group><issn>1678-8060</issn><collection>SciELO Brazil</collection><publisher><publisher-name>Instituto Oswaldo Cruz, Ministério da Saúde</publisher-name></publisher></journal-meta><article-meta><unique-article-id pub-id-type="publisher-id">S0074-02761933000100005</unique-article-id><article-id pub-id-type="publisher-id">S0074-02761933000100005</article-id><article-id pub-id-type="doi">10.1590/S0074-02761933000100005</article-id><article-categories><subj-group><subject>PARASITOLOGY</subject><subject>TROPICAL MEDICINE</subject></subj-group></article-categories><title-group><article-title lang_id="pt">Cardite rheumatica especifica com nodulos necroticos macroscopicos</article-title><trans-title-group lang_id="de"><trans-title>Spezifische rheumatische Karditis mit makroskopischen nekrotischen Knötchen</trans-title></trans-title-group></title-group><contrib-group><contrib contrib-type="author"><name><surname>Azevedo</surname><given-names>A. Penna de</given-names></name><role>ND</role></contrib></contrib-group><pub-date><month>03</month><year>1933</year></pub-date><volume>27</volume><issue>1</issue><fpage>61</fpage><lpage>80</lpage><permissions><license license-type="open-access" href="http://creativecommons.org/licenses/by-nc/4.0/"><license-p>This work is licensed under a Creative Commons Attribution-NonCommercial 4.0 International License.</license-p></license></permissions><self-uri href="http://www.scielo.br/scielo.php?script=sci_arttext&amp;pid=S0074-02761933000100005&amp;lng=en&amp;tlng=en" content-type="full_text_page"/><self-uri href="http://www.scielo.br/scielo.php?script=sci_issuetoc&amp;pid=0074-027619330001&amp;lng=en" content-type="issue_page"/><self-uri href="http://www.scielo.br/scielo.php?script=sci_serial&amp;pid=0074-0276&amp;lng=en" content-type="journal_page"/><trans-abstract lang_id="de"><p>In einem Falle von Rheumatismus infectiosus specificus, der bei einem 10 Jahre alten Kinde in kaum 2 Monaten sich abwickelte, konnten wir ausser dem typischen histologischen Bilde einer spezifischen rheumatischen Karditis auch das Vorhandensein von makroskopischen nekrotischen Knoetchen feststellen, die bei der Veroeffentlichung der vorliegenden Arbeit das Hauptinteresse beanspruchen. Die rheumatischen Veraenderungen finden sich sowohl im Myokard als auch im Peri-und Endokard. Die im Myokard vorgefundenen Veraenderungen lassen sich wie folgt einteilen: 1) Schaedigungen einer spezifischen knoetchenfoermigen Myokarditis, die durch die Gegenwart von zahlreichen, zwischen den Muskelfasern und in der Umgebung der Gefaesse gelegenen, typischen Aschoff'schen Knoetchen ausgepraegt sind. (Fig. 2-3). 2) Schaedigungen einer akuten exsudativen herdfoermigen Myokarditis mit Aschoff'schen Knoetchen. (Fig. 5-6). Derartige Veraenderungen offenbaren sich durch das Vorhandensein von polymorphonukleaeren neutrophilen und besonders eosinophilen Leukocyten, und zwar in nicht zusammenhaengenden Herden zerstreut mit Zerstoerung von Herzfasern. In den entzuendlichen Herden kommen noch typische Aschoff'sche Zellen vor, die sich manchmal in Aschoff'sche Knoetchen umorganisieren. (Fig. 5). Weder narbenfoermige Herde noch Verschwielung werden in irgend einem Teile des Herzmuskels angetroffen. 3) Makroskopisch sichtbare nekrotische Knoetchen. - Diese Knoetchen sind der wichtigste Befund der vorliegenden Arbeit. Bei der makroskopischen Betrachtung des Herzens, findet man an verschiedenen Stellen der Innenseite des linken Ventrikels Knoetchen vorliegen, deren gelbliche Faerbung lebhalf von der der benachbarten Muskulatur absticht. Wenn auch an der Oberflaeche des Endokards leicht hervorragend, sind diese Gebilde glatt, von derber Konsistenz, wobei die groessten 1 mm im Durchmesser aufweisen. (Fig. 1). Aehnliche Knoetchen werden im verdickten Teil der beiden Papillarmuskel der Mitratis angetroffen, jedoch weisen diese groessere Dimensionen und einem Durchmesser von 4 mm auf. Die Trikuspidal-und Mitralklappe sind frei, zart und elastisch, bei makroskopischer Betrachtung sind keinerlei aeltere oder juengere warzenfoermige Auflagerungen festzustellen Indessen die mikroskopische Untersuchung der Mitralis ergab einen akuten entzuendlichen Prozess mit reichlichen polymorphonukleaeren neutrophilen und eosinophilen Zellen, jedoch ohne Aschoff'sche Knoetchen. Die vorgefundene Veraenderung entspricht also dem Bilde einer akuten unspezifischen Valvulitis. Die Knoetchen praegen sich durch das Vorhandensein einer zentral gelegenenn nekrotischen Masse, umgeben von einer durch epithelioide Zellen gebildeten Schicht aus. Eines dieser im verdickten Abschnitt des linken Ventrikels angetroffenen Knoetchen misst in seinen groessten Durchmessern 1700 - 1200 µ (Fig. 7). Die ihn befallende Nekrose ist eine typische Verkaesungsnekrose, mit einer Ausdehnung von 700 - 1000 µ in ihren verschiedenen Durchmessern. In einem bestimmten Abschnitt hat sich die Nekrose noch nicht vollstaendig ausgebildet, wobei zahlreiche Kerne sich in dem Zustand von Karyorhexis befinden. Zwischen dem Rand der nekrotisierten Schicht und der Peripherie des Knoetchens sieht man zahlreiche epithelioide Zellen. (Figs. 7-12), unter denen einige zweikernige, den Aschoff'schen aehnliche Gebilde zu erkennen sind. In der Umgebung des Knoetchens sind weder tuberkuloese Follikel noch milliare Gummata zu beobachten. Aschoff'sche Knoetchen sind in dem Teile, dem das Endokardknoetchen am naechsten liegt, nachzuweisen. Anstossend an die epithelioiden, das Knoetchen in einem regelmaessigen Streifen umgebenden Zellen besteht lymphocytaere Infiltration, wobei auch polymorphonukleaere eosinophile und neutrophile Leukocyten sich vorfinden. Auf gleicher Hoehe des nekrotisierten Knoetchens sind die Herzfasern zum groessten Teil zerstoert. Die noch erkennbar sind, sind zersplittert und nekrotisch, wobei von der Querstreifung nichts mehr zu bemerken ist und ein hyalines und homogenes Aussehen Platz greift. Die bei der makroskopischen Untersuchung am verdickten Teil der Papillarmuskeln der Mitratis festgestellten Knoetchen erscheinen durch Verschmelzung verschiedener anderer kleinerer Knoetchen entstanden und zwar konnten wir bis zu vier solcher Knoetchen nachweisen. (Fig. 9) Diese Knoetchen haben eine laengliche Form, ihre Ausdehnung schwankt in ihren groessten Durchmesser zwischen 700 bis 1200 µ. in ihren kleinsten zwischen 180 bis 400 µ. Ihr morphologischer Aufbau ist dem des bereits geschilderten knoetchens sehr aehnlich. Sie weisen gleichfalls eine zentrale nekrotische Schicht, umgeben von einer anderen epithelioider Zellen, auf, wobei an der Peripherie Infiltration von Lymphocyten und polymorphonuklearen neutrophilen und eosinophilen Zellen besteht. Die nekrotische Schicht indessen laesst nicht deutlich das Bild der Verkaesungsnekrose erkennen. Es sind noch veraenderte, homogene Muskelfasern unter Beibehaltung lineaerer Anordnung zu beobachten. An anderen Stellen wiederum ist die Muskelfaser nicht mehr zu erkennen, es finden sich dann nekrotisierte Gebilde von granulierten Aussehen. Die Herzfasern zeigen, nach Massgabe der Entfernung von der Mitte des Knoetchens, ebenfalls homogenes Aussehen, wobei sie eine gleichmaessige durch Eosin bewirkte Rosafaerbung aufweisen. Die histologischen Unterschiede zwischen den genannten Knoetchen und dem geschilderten ersten Knoetchen beruhen nur darauf, dass sich in den erstaren noch keine staerkere Nekrose abgespielt hat, so dass es den Anschein hat als ob das Entstehen der Knoetchen juengeren Datums sei. Den gleichen Unterschied des nekrotischen Bildes bieten sogar die verschiedenen Knoetchen ein und desselben Abschnittes dar, wobei eine wahrhafte Abstufung in den nekrotischen Herden, die in einigen Knoetchen mehr fortgeschritten, in anderen kaum begonnen erscheint, sich feststellen laesst. Unter Anwendung geeigneter Methodiik konnten wir weder das Vorhandensein von Treponemas, Bakterien, noch von saeurefesten Keimen in keinen der Knoetchen nachweisen. Diese fraglichen Knoetchen muessen als eine weite fortgeschrittene rheumatische Schaedigung aufgefasst werden. An dieser Ansicht halten wir fest, wobei wir uns auf aeusserst bedeutungsvolle Befunde stuetzen, wie den Nachweis der Knoetchen in einem typischen Falle von rheumatischer Myokarditis, den Aufbau der erwaehnten Knoetchen auf Kosten von, den Aschoff'schen Zellen morphologisch aehnlichen Zellen; schliesslich halten die Knoetchen immer eine unmittelbare Beziehung zum Endokard aufrecht, wo die Aschoff'schen Knoetchen sich zahlreich vorfinden. Tuberkuloese  Follikel sind nicht anzutreffen noch sind Gummatas oder sonstige Veraenderungen syphílítíscher Art vorhanden. Ausserdem fehlen saeurefeste Keime und Spirochaeten. Aus diesen Gruenden muss die Hypothese, als ob es sich hier um tuberkuloese oder syphilitische Gebilde handle, fallen gelassen werden.</p></trans-abstract></article-meta></front></article></articles>