<articles xmlns:xsi="http://www.w3.org/2001/XMLSchema-instance" xsi:schemaLocation="https://raw.githubusercontent.com/scieloorg/articles_meta/master/tests/xsd/scielo_sci/ThomsonReuters_publishing.xsd" dtd-version="1.10"><article lang_id="pt" article-type="research-article"><front><journal-meta><journal-id journal-id-type="publisher">mioc</journal-id><journal-title-group><journal-title>Memórias do Instituto Oswaldo Cruz</journal-title><abbrev-journal-title>Mem. Inst. Oswaldo Cruz</abbrev-journal-title></journal-title-group><issn>1678-8060</issn><collection>SciELO Brazil</collection><publisher><publisher-name>Instituto Oswaldo Cruz, Ministério da Saúde</publisher-name></publisher></journal-meta><article-meta><unique-article-id pub-id-type="publisher-id">S0074-02761909000200008</unique-article-id><article-id pub-id-type="publisher-id">S0074-02761909000200008</article-id><article-id pub-id-type="doi">10.1590/S0074-02761909000200008</article-id><article-categories><subj-group><subject>PARASITOLOGY</subject><subject>TROPICAL MEDICINE</subject></subj-group></article-categories><title-group><article-title lang_id="pt">Nova tripanozomiaze humana: estudos sobre a morfolojia e o ciclo evolutivo do Schizotrypanum cruzi n. gen., n. sp., ajente etiolojico de nova entidade morbida do homem</article-title><trans-title-group lang_id="de"><trans-title>Ueber eine neue Trypanosomiasis des Menschen: Studien über Morphologie und Entwicklungszyklus des Schizotrypanum cruzi n. gen., n. sp., Erreger einer neuen Krankheit des Menschen</trans-title></trans-title-group></title-group><contrib-group><contrib contrib-type="author"><name><surname>Chagas</surname><given-names>Carlos</given-names></name><role>ND</role></contrib></contrib-group><pub-date><month>08</month><year>1909</year></pub-date><volume>1</volume><issue>2</issue><fpage>159</fpage><lpage>218</lpage><permissions><license license-type="open-access" href="http://creativecommons.org/licenses/by-nc/4.0/"><license-p>This work is licensed under a Creative Commons Attribution-NonCommercial 4.0 International License.</license-p></license></permissions><self-uri href="http://www.scielo.br/scielo.php?script=sci_arttext&amp;pid=S0074-02761909000200008&amp;lng=en&amp;tlng=en" content-type="full_text_page"/><self-uri href="http://www.scielo.br/scielo.php?script=sci_issuetoc&amp;pid=0074-027619090002&amp;lng=en" content-type="issue_page"/><self-uri href="http://www.scielo.br/scielo.php?script=sci_serial&amp;pid=0074-0276&amp;lng=en" content-type="journal_page"/><abstract lang_id="pt"><p>1º O Schizotrypanum cruzi apresenta, no organismo do conorrino, duas modalidades de desenvolvimento, reprezentando a primeira simples cultura do parazito; a outra, provavelmente precedida de fenomenos sexuais não surpreendidos, será, talvez, o ciclo evolutivo, eficaz na transmissão entre os vertebrados. 2º O Conorhinus é um verdadeiro hospede intermediario do Schizotrypanum, cujo ciclo é realizado num prazo minimo de 8 dias. 3º Os flajelados, com tipo de critidias encontrados nos conorrinos em liberdade, podem reprezentar estádios culturais do Schizotrypanum ou serão parazitos excluzivos do inséto. 4º A ocurrencia do ciclo evolutivo sexuado, no organismo do conorrino, depende de condição não explicada, dos flajelados no sangue dos vertebrados. Ao terminar, cumprimos o grato dever de afirmar o maior reconhecimento ao nosso mestre e Diretor Dr. Gonçalves Cruz, a cuja orientação devemos o rezultado destas pesquizas. Somos ainda profundamente grato aos nosso mestres, Professores S. von PROWAZEK e M. HARTMANN, de quem recebemos os melhores ensinamentos para concluzão deste trabalho. Tambem somos em extremo obrigado ao Dr. ADOLPHO LUTZ, cujo auxilio nos foi do mais alto proveito. Tivemos sempre, como esforçado companheiro de trabalho na zona infestada pela nova especie morbida, o Dr. BELISARIO PENNA, a quem devemos os inestimaveis proveitos de um auxilio eficaz.</p></abstract><trans-abstract lang_id="de"><p>1. Das Schizotrypanum cruzi im Organismus des Conorhinus zwei Arten der Entwicklung, von denen die erste eine einfache Kultur des Parasiten darstellt, während die andere - wahrscheinlich durch nicht beobachtete sexuelle Vorgänge eingeleitete - vielleicht den richtigen Entwicklungszyklus zeigt, welcher bei der Uebertragung von Wirbeltier zu Wirbeltier in Tätigkeit tritt. 2. Ist der Conorhinus der eigentliche Zwischenwirt des Schizotrypanum cruzi, dessen Entwicklungskreis in einer Periode von 8 Tagen (im Minimum) abläuft. 3. Können die Flagellaten von Crithidientypus, welche in freilebenden Conorhinen vorkommen, Kulturstadien des Schizotrypanum darstellen oder ausschliessliche Insektenparasiten sein. 4. Hängt das Auftreten des sexuellen Entwicklungszyklus im Organismus der Conorhinen von noch unaufgeklärten Zuständen der Flagellaten im Blute der Wirbeltiere ab. Zum Schlusse erfülle ich die angenehme Pflicht, unserem Direktor, Herrn Dr. GONÇALVES CRUZ meinen besten Dank auszusprechen. Seiner Leitung verdanke ich die Resultate meiner Untersuchungen. Auch meinen Lehrern, den Herren Dr. S. von PROWAZEK und Dr. M. HARTMANN, von denen ich bei Vollendung dieser Arbeit vielfache Belehrung erhielt, bin ich sehr dankbar. Auch Herrn Dr. ADOLPH LUTZ, dessen Hilfe mir von grösstem Nutzen war, bin ich bestens verpflichtet. In der Zone in welcher die neue Krankheitsform herrscht hatte ich beständig als Mitarbeiter Dr. BELISARIO PENNA, dem ich für seine unschätzbare Unterstützung meiner Nachforschungen verpflichtet bin.</p></trans-abstract></article-meta></front></article></articles>