<articles xmlns:xsi="http://www.w3.org/2001/XMLSchema-instance" xsi:schemaLocation="https://raw.githubusercontent.com/scieloorg/articles_meta/master/tests/xsd/scielo_sci/ThomsonReuters_publishing.xsd" dtd-version="1.10"><article lang_id="pt" article-type="research-article"><front><journal-meta><journal-id journal-id-type="publisher">mioc</journal-id><journal-title-group><journal-title>Memórias do Instituto Oswaldo Cruz</journal-title><abbrev-journal-title>Mem. Inst. Oswaldo Cruz</abbrev-journal-title></journal-title-group><issn>1678-8060</issn><collection>SciELO Brazil</collection><publisher><publisher-name>Instituto Oswaldo Cruz, Ministério da Saúde</publisher-name></publisher></journal-meta><article-meta><unique-article-id pub-id-type="publisher-id">S0074-02761935000700003</unique-article-id><article-id pub-id-type="publisher-id">S0074-02761935000700003</article-id><article-id pub-id-type="doi">10.1590/S0074-02761935000700003</article-id><article-categories><subj-group><subject>PARASITOLOGY</subject><subject>TROPICAL MEDICINE</subject></subj-group></article-categories><title-group><article-title lang_id="pt">Ascaridiose hepatica</article-title></title-group><contrib-group><contrib contrib-type="author"><name><surname>Azevedo</surname><given-names>A. Penna de</given-names></name><role>ND</role></contrib></contrib-group><pub-date><month>06</month><year>1935</year></pub-date><volume>30</volume><issue>1</issue><fpage>115</fpage><lpage>122</lpage><permissions><license license-type="open-access" href="http://creativecommons.org/licenses/by-nc/4.0/"><license-p>This work is licensed under a Creative Commons Attribution-NonCommercial 4.0 International License.</license-p></license></permissions><self-uri href="http://www.scielo.br/scielo.php?script=sci_arttext&amp;pid=S0074-02761935000700003&amp;lng=en&amp;tlng=en" content-type="full_text_page"/><self-uri href="http://www.scielo.br/scielo.php?script=sci_issuetoc&amp;pid=0074-027619350007&amp;lng=en" content-type="issue_page"/><self-uri href="http://www.scielo.br/scielo.php?script=sci_serial&amp;pid=0074-0276&amp;lng=en" content-type="journal_page"/><trans-abstract lang_id="en"><p>The author describes a case of liver ascaridiasis in a girl, 1 year old, who also presented intestinal parasitism by 54 adult specimens pf Ascaris lumbricoides. The hepatic lesions consisted in several abscesses containing living adult worms along with dead specimens and in the formation of an inflammatory condition with pronounced production of fibrous connective tissue and lymphocytic infiltration. Special attention is attracted by the fact of the existence of numerous eggs of Ascaris lumbricoides in the innermost of the inflammatory tissue. The inflammatory foci met with are closely connected with the biliary ducts; the presence of eggs of Ascaris lumbricoides is found even within the epithelium. Apart from the zones affected by the process of ascaridiasis, the hepatic tissue is seen to be well preserved.</p></trans-abstract></article-meta></front></article></articles>