<articles xmlns:xsi="http://www.w3.org/2001/XMLSchema-instance" xsi:schemaLocation="https://raw.githubusercontent.com/scieloorg/articles_meta/master/tests/xsd/scielo_sci/ThomsonReuters_publishing.xsd" dtd-version="1.10"><article lang_id="pt" article-type="research-article"><front><journal-meta><journal-id journal-id-type="publisher">mioc</journal-id><journal-title-group><journal-title>Memórias do Instituto Oswaldo Cruz</journal-title><abbrev-journal-title>Mem. Inst. Oswaldo Cruz</abbrev-journal-title></journal-title-group><issn>1678-8060</issn><collection>SciELO Brazil</collection><publisher><publisher-name>Instituto Oswaldo Cruz, Ministério da Saúde</publisher-name></publisher></journal-meta><article-meta><unique-article-id pub-id-type="publisher-id">S0074-02761932000200004</unique-article-id><article-id pub-id-type="publisher-id">S0074-02761932000200004</article-id><article-id pub-id-type="doi">10.1590/S0074-02761932000200004</article-id><article-categories><subj-group><subject>PARASITOLOGY</subject><subject>TROPICAL MEDICINE</subject></subj-group></article-categories><title-group><article-title lang_id="pt">Investigações sobre doenças de Psittacideos</article-title></title-group><contrib-group><contrib contrib-type="author"><name><surname>Pacheco</surname><given-names>Genesio</given-names></name><role>ND</role></contrib></contrib-group><pub-date><month>08</month><year>1932</year></pub-date><volume>26</volume><issue>2</issue><fpage>169</fpage><lpage>233</lpage><permissions><license license-type="open-access" href="http://creativecommons.org/licenses/by-nc/4.0/"><license-p>This work is licensed under a Creative Commons Attribution-NonCommercial 4.0 International License.</license-p></license></permissions><self-uri href="http://www.scielo.br/scielo.php?script=sci_arttext&amp;pid=S0074-02761932000200004&amp;lng=en&amp;tlng=en" content-type="full_text_page"/><self-uri href="http://www.scielo.br/scielo.php?script=sci_issuetoc&amp;pid=0074-027619320002&amp;lng=en" content-type="issue_page"/><self-uri href="http://www.scielo.br/scielo.php?script=sci_serial&amp;pid=0074-0276&amp;lng=en" content-type="journal_page"/><trans-abstract lang_id="en"><p>The present paper colligates the notions acquired in previous investigations, already published, and new observations upon diseases of the psittacidae, liable to be confused with psittacosis of parrots. The author calls attention to the indifference with regard to this question shown by investigators, even by those who dealt with the study of this disease on the occasion of the latest outbreak of psittacosis, in flagrant contrast with the researches upon the alterations induced by pathogenic agents of other diseases transmissible to man, when these agents pass through animals or when the latter are depositaries of the virus. This remark considerably enhances the importance of the presence paper from a hygienic and epidemiologic point of view, representing moreover a contribution to general knowledge and to veterinary medicine. The researches carried out since the appearance of the latest outbreak of psittacosis,-which occurred simultaneously with an epizooty in parrots lodged in aviary of the park of Agua Branca (Directory of Animal Industry of the State São Paulo)-led to the verification of the frequent existence in these animals of various diseases liable to be confused with psittacosis. These diseases are due to two kinds of pathogenic agents: virus and bacteria. In the first group there are to be found the diseases occasioned by the virus of human psittacosis, discovered by Western, Bedson and Simpson, and the disease me with in parrots coming from traders in S. Paulo. The infections by bacteria of the genus Salmonella and by those of other genera belong to the second group. As differential characters of the two infections due to virus, delineated on the strength of notions drawn from a detailed experimental study and from the literature on this subject, the following are given: ¹ Samples of our virus were sent, for comparison, to various investigators of psittacosis. Amongst them, Prof. M. Rivers acceded to our request; he found its nature to be different from that of the virus of psittacosis studiedby  him. We are very much obliged to him for the attention he paid to this verification. Virus of psittacosis - Infectiousness: man, monkey, rabbit, mouse, hen, canary. Neurotropic affinity. Inclusions: small, protoplasmic. Exsiccation: the virus has good power of preservation. Symptoms: inactivity, drowsiness, frequent diarrhoea, oculo-nasal discharge and cough, coma. Duration: 4 to 5 days. Bodily lesions: congestion of intestines, splenomegaly. Virus of S. Paulo - Infects only psittacidae, particularly those of the genus Amazona. No localization in the nervous system. Large, nuclear. Is rapidly destroyed. Inactivity, inappetency, adynamia (drooping of the wings, indifference, leaning its beak against the bars of the cage in order not to fall down); profuse diarrhoea, of whitish stools, at times enterorrhagia; prolonged coma. 2 to 8 days. Foci of yellowish necrosis in liver, spleen and lung. At times, congestion of intestines. Characteristic features common to the two viruses.-They act in great dilutions, filter through tight candles though being partly retained, are preserved under glycerine or Bedson's solution, are stable at 55°C. heat and are destroyed by physical and chemical agents. Both virus diseases are very seldom met with in psittacidae: only once, amongst numberless sick parrots, the author met with a disease of the virus differring from that of psittacosis. This disease, greatly transmissible to man, ought to be more frequent, if it were common in parrots. On the contrary, bacteria cause diseases in these animals with great frequency, presenting variable characters, from a severe epizootic form, rapidly mortal, to ambulatory or silent forms, for the most part developing towards a cure or assuming a chronic character. Amongst the bacteria which cause the infection of this group the salmonellae predominate and amongst them the bacterium discovered by Nocard, as well as a species which in the course of this study is characterized under the name of Salmonella nocardi. The author believes that in the epizooty from which Nocard isolated his bacterium there was association of the virus-disease inducing the epizooty of that epoch in Paris with the bacterial disease, as must have happened in Argentina, where the disease was transmitted to man, and Santillan, according to Barros, isolated from the sick parrots bacteria of the genus Salmonella. The diseases of the two groups, that due to virus and that due to bacteria, are differentiated: Virus-diseases - Evolution: rapid, nearly always followed by death. Symptoms: sadness, profuse diarrhoea, of whitish stools, at times enterorrhagia, complete inappetency, adynamia, indifference, prolonged coma. Clinical forms: acute and subacute. Lesions: Foci of necrosis in liver and spleen without cellular reaction around the focus, yellow liver, multiple serositis. Presence of protoplasmic or nuclear granulations. Bacteriology: Complete lack or inconstant presence of bacteria in the organs and blood. Infectiousness of the organs and blood after filtration: positive. Bacterial diseases - Varies from one week to a month or more, not always fatal. Sadness, partial inappetency, tremblings, intensive thirst, mucous or mucosanguineous diarrhoea, lack of adynamia (reacts to stimulations and moves well at any time of the disease, though showing little disposition to locomotion), soiling of feathers. Frustrate, acute, subacute and chronic. Hepatic and intestinal cogestion, foci of necrosis in liver, spleen and lung with cellular reaction around the focus. Lack of granulations. Constant presence of bacteria in the organs and blood. Negative. The analysis of the litterature shows that the characteristic features of the diseases in parrots referred to parrot psittacosis, more frequently approach the bacterial diseases here described of these animals, a hypothesis which is reinforced by the observation of the greater frequency of infections...</p></trans-abstract></article-meta></front></article></articles>