<articles xmlns:xsi="http://www.w3.org/2001/XMLSchema-instance" xsi:schemaLocation="https://raw.githubusercontent.com/scieloorg/articles_meta/master/tests/xsd/scielo_sci/ThomsonReuters_publishing.xsd" dtd-version="1.10"><article lang_id="pt" article-type="research-article"><front><journal-meta><journal-id journal-id-type="publisher">mioc</journal-id><journal-title-group><journal-title>Memórias do Instituto Oswaldo Cruz</journal-title><abbrev-journal-title>Mem. Inst. Oswaldo Cruz</abbrev-journal-title></journal-title-group><issn>1678-8060</issn><collection>SciELO Brazil</collection><publisher><publisher-name>Instituto Oswaldo Cruz, Ministério da Saúde</publisher-name></publisher></journal-meta><article-meta><unique-article-id pub-id-type="publisher-id">S0074-02761927000100001</unique-article-id><article-id pub-id-type="publisher-id">S0074-02761927000100001</article-id><article-id pub-id-type="doi">10.1590/S0074-02761927000100001</article-id><article-categories><subj-group><subject>PARASITOLOGY</subject><subject>TROPICAL MEDICINE</subject></subj-group></article-categories><title-group><article-title lang_id="pt">Sobre alguns casos de carcinoma primitivo do pulmão, do bronchio e da trachéa</article-title></title-group><contrib-group><contrib contrib-type="author"><name><surname>Torres</surname><given-names>C. Magarinos</given-names></name><role>ND</role><xref ref-type="aff" rid="A01"/></contrib><contrib contrib-type="author"><name><surname>Azevedo</surname><given-names>A. Penna de</given-names></name><role>ND</role><xref ref-type="aff" rid="A02"/></contrib></contrib-group><aff id="A01"><institution>Instituto Oswaldo Cruz</institution><country>Brasil</country></aff><aff id="A02"><institution>Hospital São Francisco de Assis</institution><country>Brasil</country></aff><pub-date><year>1927</year></pub-date><volume>20</volume><issue>1</issue><fpage>5</fpage><lpage>17</lpage><permissions><license license-type="open-access" href="http://creativecommons.org/licenses/by-nc/4.0/"><license-p>This work is licensed under a Creative Commons Attribution-NonCommercial 4.0 International License.</license-p></license></permissions><self-uri href="http://www.scielo.br/scielo.php?script=sci_arttext&amp;pid=S0074-02761927000100001&amp;lng=en&amp;tlng=en" content-type="full_text_page"/><self-uri href="http://www.scielo.br/scielo.php?script=sci_issuetoc&amp;pid=0074-027619270001&amp;lng=en" content-type="issue_page"/><self-uri href="http://www.scielo.br/scielo.php?script=sci_serial&amp;pid=0074-0276&amp;lng=en" content-type="journal_page"/><trans-abstract lang_id="en"><p>1-Out of 1531 autopsies at Rio de Janeiro, Brazil, recorded in the Section of Pathology of «Instituto OSWALDO CRUZ», we found three cases of primary carcinoma of the lung, which gives the incidence of 0,195 per cent. They were not associated with tuberculos's and anthracos's was not marked. 2-The gross and microscopical features indicate that they are in reality primary cancers of the larger bronchi arising probably, from the bronchial lining epithelium. There is a striking similarity both macro and microscopical in Cases I and II, where the structure is that of cylindrical cell alveolar carcinoma. Mucus formation was never a prominent feature in these tumors. As in HENRICI's case they apparently invade the lung along the alveolar wall in more or less considerable extension retaining the alveolar septa as stroma. In case III the structure is that of squamous cell carcinoma, and the tumor mass, usually ulcerating, lies in the immediate vicinity of the bronchi, the extension to the lung tissue being not widespread. 3-Cases IV and V are tumors of the lower and median portion of the trachéa, squamous cell carcinoma in structure, which form marked contrast with the tumors originating in the larger bronchi: the tumor process never invades the lung parenchyma by continuous extension. In Case V extension to the mediastinal lymph-nodes is observed, and a tumor of the size of an orange is found in the anterior mediastinum: that tumor mass and the upper lobe of the right lung were only adherent by fibrous tissue of inflammatory origin and the tumor did not extend into the lung tissue.</p></trans-abstract></article-meta></front></article></articles>