<articles xmlns:xsi="http://www.w3.org/2001/XMLSchema-instance" xsi:schemaLocation="https://raw.githubusercontent.com/scieloorg/articles_meta/master/tests/xsd/scielo_sci/ThomsonReuters_publishing.xsd" dtd-version="1.10"><article lang_id="pt" article-type="research-article"><front><journal-meta><journal-id journal-id-type="publisher">mioc</journal-id><journal-title-group><journal-title>Memórias do Instituto Oswaldo Cruz</journal-title><abbrev-journal-title>Mem. Inst. Oswaldo Cruz</abbrev-journal-title></journal-title-group><issn>1678-8060</issn><collection>SciELO Brazil</collection><publisher><publisher-name>Instituto Oswaldo Cruz, Ministério da Saúde</publisher-name></publisher></journal-meta><article-meta><unique-article-id pub-id-type="publisher-id">S0074-02761928000400003</unique-article-id><article-id pub-id-type="publisher-id">S0074-02761928000400003</article-id><article-id pub-id-type="doi">10.1590/S0074-02761928000400003</article-id><article-categories><subj-group><subject>PARASITOLOGY</subject><subject>TROPICAL MEDICINE</subject></subj-group></article-categories><title-group><article-title lang_id="pt">Alterações nucleares das cellulas do figado nas infecções de Macacus Rhesus e M. Cynomolgus pelo virus da febre amarella</article-title></title-group><contrib-group><contrib contrib-type="author"><name><surname>Torres</surname><given-names>C. Magarinos</given-names></name><role>ND</role></contrib></contrib-group><pub-date><year>1928</year></pub-date><volume>21</volume><issue>suppl 2</issue><fpage>55</fpage><lpage>61</lpage><permissions><license license-type="open-access" href="http://creativecommons.org/licenses/by-nc/4.0/"><license-p>This work is licensed under a Creative Commons Attribution-NonCommercial 4.0 International License.</license-p></license></permissions><self-uri href="http://www.scielo.br/scielo.php?script=sci_arttext&amp;pid=S0074-02761928000400003&amp;lng=en&amp;tlng=en" content-type="full_text_page"/><self-uri href="http://www.scielo.br/scielo.php?script=sci_issuetoc&amp;pid=0074-027619280004&amp;lng=en" content-type="issue_page"/><self-uri href="http://www.scielo.br/scielo.php?script=sci_serial&amp;pid=0074-0276&amp;lng=en" content-type="journal_page"/><abstract lang_id="pt"><p>No figado de um Macacus rhesus inoculado por BEAUREPAIRE ARAGÃO com sangue deum caso benigno de febre amarella e no qual elle descreveu symptomas e lesões typicas semelhantes ás obidas por STOKES, BAUER e HUDSON pela inoculação com o virus africano no mesmo animal, encontrámos alterações nucleares da mesma natureza das assignaladas, no herpes zoster, herpes symptomatico, varicella e virus III do coelho e descriptas ora sob o nome de "inclusões acidophilas intranucleares" (LIPSCHÜTZ, GOODPASTURE), ora sob o de "degeneração oxychromatica" (LAUDA e LUGER). Alterações nucleares semelhantes da cellula hepatica encontrámos, posteriormente em 13 M. rhesus e 2 M. cynomolgus inoculados com e virus brasileiro da febre amarella  o qual fôra isolado independentemente por BEAUREPAIRE ARAGÂO e depois por A. MARQUES DA CUNHA e J. MUNIZ de dois casos benignos de febre amarella, tendo sido um dos macacos injectado directamente com o sangue do doente; dois macacos foram inoculados com Aedes aegypti infectados em homem e em macaco; os animais foram anímaes empregados em passagens em serie do virus pelo macaco, e talvez esse facto explique até certo ponto, as notaveis differenças por vezes encontradas nas alterações histopathologicas do figado, visto como, em condições naturaes, o virus nunca passa directamente de homem para homem. A intensidade com que se apresenta a degeneração oxychromatica de modo algum está na dependencia das alterações do conteúdo gorduroso, necrose e necrobiose encontradas; em um caso, ella era a unica alteração presente no figado, sendo então particularmente intensa. As inclusões acidophilas intranucleares (degeneração oxychromatica) não foram encontradas em diversos M. rhesus não inoculados e mortos por causas obscuras; no entanto, em taes figados eram presentes infiltração e degeneração gordurosas associadas a alterações de necrose e necrobiose. Alguns estadios (figuras intranucleares "em borboleta" e "em ameba", v. fig. g e h, Est. colorida) sendo abundantes, facilitam, em virtude de sua configuração especial, o reconhecimento da degeneração oxychromatica em córtes feitos segundo uma technica rapida (pequenos fragmentos de figado fixados em formol aquecido a 60°C.-trinta minutos, córtes em congelação, hematoxylina, eosina, alcool absoluto, phenol-xylol-creosoto, xylol, balsamo), não tendo, afóra isso, importancia especial. Ao passo que a degeneração e infiltração gordurosa, bem como a necrose e a necrobiose da cellula hepatica apresentam variações consideraveis em sua intensidade de um para outro animal em uma passagem em serie não interrompida do virus pelo M. rhesus, chegando mesmo a faltar interamente em dois animaes cujo figado, no entanto, mostrou-se capaz de reproduzir symptomas e lesões typicas na passagem seguinte, as inclusões acidophilas intranucleares (degeneração oxychromatica), de regra, se encontram com muito maior regularidade...</p></abstract><trans-abstract lang_id="en"><p>In the liver of one Macacus rhesus injected by BEAUREPAIRE ARAGÂO with blood of one benign case of yellow fever and in which he described (1) symptoms and typical lesions similar to those obtained by STOKES, BAUER and HUDSON in M. rhesus injected with the African virus, it has been found (2) changes in the nuclei analogous to those refered to in herpes zoster, symptomatic herpes, varicella and virus III infection of rabbits, and described either under the name of "acidophilic intranuclear inclusions" (LIPSCHÜTZ, GOODPASTURE), either as "oxychromatic degeneration" (LAUDA and LUGER). Similar changes inthe nuclei of liver cells were afterwards found by me in 13 M. rhesus and 2 M. cynomolgus injected with the Brazilian virus of yellow fever recovered independently by BEAUREPAIRE ARAGÂO (3) and A. MARQUES DA CUNHA and J. MUNIZ (4) from two benign cases of yellow fever; one of these monkeys was directly injected with the blood from the patient; two were injected with Aedes aegypti  after having fed upon the blood of yellow fever patients or experimentally infected M. rhesus; the others were monkeys used in an unbroken series of passages of the virus through M. rhesus, and perhaps this accounts for notable differences found in the histopathology of the liver from case to case, as under natural conditions the virus never passes directly from man to man. The degree in which the oxychromatic degeneration occurs is in no way dependent upon the degree in which fatty and necrobiotic changes are found; in one instance it was the only change present in the liver, being there particularly intense. The acidophilic intranuclear inclusions (oxychromatic degeneration) were not present in several M. rhesus not inoculated and dying of tuberculosis or obscure causes; notwithstanding in these livers, fatty infiltration and degeneration associated to necrobiotic changes were found. Some stages ("butterfly" and "entamoeba-like" intranuclear figures, s. coloured Plate figs. g, and h) are rather frequent and by its characteristic shape facilitate the recognition of oxychromatic degeneration in sections made by a rapid technique (small pieces of liver fixed in folmaldehyde heated to 60ºC-thirty minutes, frozen sections, hematoxylin, eosin, absolute alcohol, phenol-xylol-creosote, xylol, balsam) having no peculiar importance besides this. Since the fatty degeneration and infiltration, necrosis and necrobiosis of the cells present considerable variations in degree from case to case in an unbroken series of passages of the virus through M. rhesus,  lacking in two animals the liver of which was able to reproduce typical symptoms and lesions in the following passage, the acidophilic intranuclear inclusions (oxychromatic degeneration), as a rule, were found with much more regularity...</p></trans-abstract></article-meta></front></article></articles>