<articles xmlns:xsi="http://www.w3.org/2001/XMLSchema-instance" xsi:schemaLocation="https://raw.githubusercontent.com/scieloorg/articles_meta/master/tests/xsd/scielo_sci/ThomsonReuters_publishing.xsd" dtd-version="1.10"><article lang_id="pt" article-type="research-article"><front><journal-meta><journal-id journal-id-type="publisher">tes</journal-id><journal-title-group><journal-title>Trabalho, Educação e Saúde</journal-title><abbrev-journal-title>Trab. educ. saúde</abbrev-journal-title></journal-title-group><issn>1981-7746</issn><collection>SciELO Brazil</collection><publisher><publisher-name>Fundação Oswaldo Cruz, Escola Politécnica de Saúde Joaquim Venâncio</publisher-name></publisher></journal-meta><article-meta><unique-article-id pub-id-type="publisher-id">S1981-77462011000400008</unique-article-id><article-id pub-id-type="publisher-id">S1981-77462011000400008</article-id><article-id pub-id-type="doi">10.1590/S1981-77462011000400008</article-id><article-categories><subj-group><subject>EDUCATION &amp; EDUCATIONAL RESEARCH</subject><subject>PUBLIC, ENVIRONMENTAL &amp; OCCUPATIONAL HEALTH</subject></subj-group></article-categories><title-group><article-title lang_id="pt">Condições de trabalho e renormalizações nas atividades das enfermeiras na saúde da família</article-title><trans-title-group lang_id="en"><trans-title>Work conditions and renormalization of nursing activities in family health</trans-title></trans-title-group></title-group><contrib-group><contrib contrib-type="author"><name><surname>Bertoncini</surname><given-names>Judite Hennemann</given-names></name><role>ND</role></contrib><contrib contrib-type="author"><name><surname>Pires</surname><given-names>Denise Elvira Pires de</given-names></name><role>ND</role></contrib><contrib contrib-type="author"><name><surname>Scherer</surname><given-names>Magda Duarte dos Anjos</given-names></name><role>ND</role></contrib></contrib-group><pub-date><year>2011</year></pub-date><volume>9</volume><issue>suppl 1</issue><fpage>157</fpage><lpage>173</lpage><permissions><license license-type="open-access" href="http://creativecommons.org/licenses/by-nc/4.0/"><license-p>This work is licensed under a Creative Commons Attribution-NonCommercial 4.0 International License.</license-p></license></permissions><self-uri href="http://www.scielo.br/scielo.php?script=sci_arttext&amp;pid=S1981-77462011000400008&amp;lng=en&amp;tlng=en" content-type="full_text_page"/><self-uri href="http://www.scielo.br/scielo.php?script=sci_issuetoc&amp;pid=1981-774620110004&amp;lng=en" content-type="issue_page"/><self-uri href="http://www.scielo.br/scielo.php?script=sci_serial&amp;pid=1981-7746&amp;lng=en" content-type="journal_page"/><abstract lang_id="pt"><p>Este artigo tem como objetivo analisar a influência das condições de trabalho nas atividades das enfermeiras na Saúde da Família e nas renormalizações que produzem. Trata-se de um estudo qualitativo realizado em um município do sul do Brasil, envolvendo uma amostra intencional de dez enfermeiras. Utilizou-se triangulação metodológica com dados colhidos através de estudo documental, observação e entrevistas de autoconfrontação. Para tratamento e análise dos dados, usaram-se recursos do software Atlasti 5 e os fundamentos do materialismo histórico dialético e da ergologia. Os resultados mostraram que condições de trabalho inadequadas, como força de trabalho insuficiente e precariedade dos instrumentos de trabalho, contrariam ou impedem o alcance dos objetivos de promoção da saúde e integralidade prescritos pela Saúde da Família. Conclui-se que, nessas condições, as enfermeiras renormalizam suas atividades com base nos valores de direito à saúde, acesso e integralidade, acarretando sobrecarga de trabalho.</p></abstract><trans-abstract lang_id="en"><p>The objective of this article is to analyze the influence of work conditions in Family Health Nursing activities and the renormalizations they produce. It is a qualitative study carried out in a municipality in southern Brazil, involving an intentional sample of ten registered nurses. Methodological triangulation was used with the data collected through documental research, observation, and self-facing interviews. The software Atlasti 5 and the foundations of historical dialectic materialism, was used to treat and analyze the data, as well as ergology. The results demonstrate that inadequate work conditions such as insufficient workforce and precariousness in work instruments contradict or impede reaching the objectives of promoting health and integrity, as prescribed by the Family Health norms. We conclude that given these conditions, nurses renormalize their activities based on the values of one's right to health, access to health, and integrality, and become overloaded in their nursing work.</p></trans-abstract><kwd-group lang_id="en" kwd-group-type="author-generated"><kwd>Family Health</kwd><kwd>work conditions</kwd><kwd>role of nursing professional</kwd><kwd>health management</kwd><kwd>ergology</kwd></kwd-group><kwd-group lang_id="pt" kwd-group-type="author-generated"><kwd>Saúde da Família</kwd><kwd>condições de trabalho</kwd><kwd>papel do profissional de enfermagem</kwd><kwd>gestão em saúde</kwd><kwd>ergologia</kwd></kwd-group></article-meta></front><back><ref-list><ref id="B1"><element-citation publication-type="book"><source>The qualitative data analysis software</source><ext-link>www.atlasti.com</ext-link></element-citation></ref><ref id="B2"><element-citation publication-type="thesis"><source>Da intenção ao gesto: análise da implantação do Programa Saúde da Família em Blumenau</source><date><year>2000</year></date><person-group><name><surname>BERTONCINI</surname><given-names>Judite Hennemann</given-names></name><name><surname>BERTONCINI</surname><given-names>Judite Hennemann</given-names></name></person-group></element-citation></ref><ref id="B3"><element-citation publication-type="book"><source>Relação das unidades da rede municipal de saúde</source><date><year>2010</year></date></element-citation></ref><ref id="B4"><element-citation publication-type="book"><source>Política Nacional da Atenção Básica</source><date><year>2006</year></date><volume>4</volume></element-citation></ref><ref id="B5"><element-citation publication-type="book"><source>Dicionário da educação profissional em saúde</source><date><year>2008</year></date><fpage>453</fpage><lpage>459</lpage><person-group><name><surname>BRITO</surname><given-names>Jussara Cruz de</given-names></name><name><surname>PEREIRA</surname><given-names>Isabel Brasil</given-names></name><name><surname>LIMA</surname><given-names>Júlio César França</given-names></name><name><surname>PEREIRA</surname><given-names>Isabel Brasil</given-names></name><name><surname>LIMA</surname><given-names>Júlio César França</given-names></name></person-group></element-citation></ref><ref id="B6"><element-citation publication-type="article"><article-title>Satisfação no trabalho e rotatividade dos médicos do Programa de Saúde da Família</article-title><source>Revista de Administração Pública</source><date><year>2008</year></date><fpage>347</fpage><lpage>368</lpage><issue>2</issue><volume>42</volume><person-group><name><surname>CAMPOS</surname><given-names>Cláudia Valentina de Arruda</given-names></name><name><surname>MALIK</surname><given-names>Ana Maria</given-names></name></person-group></element-citation></ref><ref id="B7"><element-citation publication-type="book"><source>A função psicológica do trabalho</source><date><year>2006</year></date><person-group><name><surname>CLOT</surname><given-names>Yves</given-names></name><name><surname>CLOT</surname><given-names>Yves</given-names></name></person-group></element-citation></ref><ref id="B8"><element-citation publication-type="book"><source>Consolidação da legislação e ética profissional</source><date><year>2010</year></date><fpage>51</fpage><lpage>96</lpage><person-group><name><surname>PIRES</surname><given-names>Denise Elvira Pires de</given-names></name><name><surname>PIRES</surname><given-names>Denise Elvira Pires de</given-names></name></person-group></element-citation></ref><ref id="B9"><element-citation publication-type="article"><article-title>Organização do trabalho de enfermagem na atenção básica: uma questão para a saúde do trabalhador</article-title><source>Texto &amp; Contexto Enfermagem</source><date><month>06</month><year>2009</year></date><fpage>206</fpage><lpage>214</lpage><issue>2</issue><volume>18</volume><person-group><name><surname>DAVID</surname><given-names>Helena Maria Scherlowski Leal</given-names></name></person-group></element-citation></ref><ref id="B10"><element-citation publication-type="book"><source>Metodologias qualitativas na sociologia</source><date><year>1987</year></date><person-group><name><surname>DENZIN</surname><given-names>Norman K</given-names></name><name><surname>HAGUETTE</surname><given-names>Teresa Maria Frota</given-names></name><name><surname>DENZIN</surname><given-names>Norman K</given-names></name><name><surname>HAGUETTE</surname><given-names>Teresa Maria Frota</given-names></name></person-group></element-citation></ref><ref id="B11"><element-citation publication-type="book"><source>Trabalho e ergologia: conversas sobre a atividade humana</source><date><year>2007</year></date><fpage>47</fpage><lpage>82</lpage><person-group><name><surname>DUC</surname><given-names>Marcelle</given-names></name><name><surname>DURAFFOURG</surname><given-names>Jacques</given-names></name><name><surname>DURRIVE</surname><given-names>Louis</given-names></name><name><surname>SCHWATZ</surname><given-names>Yves</given-names></name><name><surname>DURRIVE</surname><given-names>Louis</given-names></name><name><surname>Brito</surname><given-names>Jussara</given-names></name><name><surname>SCHWATZ</surname><given-names>Yves</given-names></name><name><surname>DURRIVE</surname><given-names>Louis</given-names></name><name><surname>Brito</surname><given-names>Jussara</given-names></name></person-group></element-citation></ref><ref id="B12"><element-citation publication-type="article"><article-title>Glossário da ergologia</article-title><source>Laboreal</source><date><month>06</month><year>2008</year></date><fpage>23</fpage><lpage>28</lpage><issue>1</issue><volume>4</volume><person-group><name><surname>DURRIVE</surname><given-names>Louis</given-names></name><name><surname>SCHWARTZ</surname><given-names>Yves</given-names></name></person-group></element-citation></ref><ref id="B13"><element-citation publication-type="book"><source>Introduccíon al programa de análisis de datos cualitativos Atlasti 5.0</source><date><year>2006</year></date><person-group><name><surname>ESTEBAN</surname><given-names>Maria Paz Sandín</given-names></name><name><surname>ESTEBAN</surname><given-names>Maria Paz Sandín</given-names></name></person-group></element-citation></ref><ref id="B14"><element-citation publication-type="article"><article-title>Gestão dos processos de trabalho e humanização em saúde: reflexões a partir da ergologia</article-title><source>Revista de Saúde Pública</source><date><month>06</month><year>2008</year></date><fpage>555</fpage><lpage>561</lpage><issue>3</issue><volume>42</volume><person-group><name><surname>HENNINGTON</surname><given-names>Élida Azevedo</given-names></name></person-group></element-citation></ref><ref id="B15"><element-citation publication-type="article"><article-title>O trabalho cotidiano da enfermeira na saúde da família: utilização de ferramentas da gestão</article-title><source>Texto &amp; Contexto Enfermagem</source><date><month>06</month><year>2009</year></date><fpage>313</fpage><lpage>320</lpage><issue>2</issue><volume>18</volume><person-group><name><surname>KAWATA</surname><given-names>Lauren Suemi</given-names></name></person-group></element-citation></ref><ref id="B16"><element-citation publication-type="book"><source>O capital: crítica da economia política</source><date><year>1988</year></date><volume>1</volume><person-group><name><surname>MARX</surname><given-names>Karl</given-names></name><name><surname>MARX</surname><given-names>Karl</given-names></name></person-group></element-citation></ref><ref id="B17"><element-citation publication-type="book"><source>Avaliação por triangulação de métodos: abordagens de programas sociais</source><date><year>2005</year></date><fpage>71</fpage><lpage>103</lpage><person-group><name><surname>MINAYO</surname><given-names>Maria Cecília de Souza</given-names></name><name><surname>MINAYO</surname><given-names>Maria Cecília de Souza</given-names></name><name><surname>MINAYO</surname><given-names>Maria Cecília de Souza</given-names></name></person-group></element-citation></ref><ref id="B18"><element-citation publication-type="article"><article-title>A prática da enfermeira no Programa de Saúde da Família: a interface da vigilância da saúde versus as ações programáticas em saúde</article-title><source>Ciência &amp; Saúde Coletiva</source><date><month>06</month><year>2005</year></date><fpage>333</fpage><lpage>345</lpage><issue>2</issue><volume>10</volume><person-group><name><surname>NASCIMENTO</surname><given-names>Maristella Santos</given-names></name><name><surname>NASCIMENTO</surname><given-names>Maria Angela Alves do</given-names></name></person-group></element-citation></ref><ref id="B19"><element-citation publication-type="article"><article-title>Recursos humanos e gestão do trabalho em saúde: da teoria para a prática</article-title><source>Cadernos de Recursos Humanos em Saúde</source><date><year>2006</year></date><fpage>27</fpage><lpage>38</lpage><issue>1</issue><volume>3</volume><person-group><name><surname>PIERANTONI</surname><given-names>Célia Regina</given-names></name><name><surname>VARELLA</surname><given-names>Thereza Christina</given-names></name><name><surname>FRANÇA</surname><given-names>Tânia</given-names></name></person-group></element-citation></ref><ref id="B20"><element-citation publication-type="article"><article-title>A enfermagem enquanto disciplina, trabalho e profissão</article-title><source>Revista Brasileira de Enfermagem</source><date><year>2008</year></date><fpage>739</fpage><lpage>744</lpage><issue>5</issue><volume>62</volume><person-group><name><surname>PIRES</surname><given-names>Denise Elvira Pires de</given-names></name></person-group></element-citation></ref><ref id="B21"><element-citation publication-type="book"><source>Reestruturação produtiva e trabalho em saúde no Brasil</source><date><year>2010</year></date><person-group><name><surname>PIRES</surname><given-names>Denise Elvira Pires de</given-names></name></person-group></element-citation></ref><ref id="B22"><element-citation publication-type="conference"><source>Anais...</source><date><year>2010</year></date><person-group><name><surname>PIRES</surname><given-names>Denise Elvira Pires de</given-names></name><name><surname>LORENZETTI</surname><given-names>Jorge</given-names></name><name><surname>GELBCKE</surname><given-names>Francine Lima</given-names></name></person-group></element-citation></ref><ref id="B23"><element-citation publication-type="article"><article-title>Organização e trabalho: padrões de comprometimento dos profissionais que atuam na estratégia saúde da família</article-title><source>Revista Eletrônica de Enfermagem</source><date><year>2010</year></date><fpage>294</fpage><lpage>300</lpage><issue>2</issue><volume>12</volume><person-group><name><surname>SANCHES</surname><given-names>Elizabeth Navas</given-names></name></person-group></element-citation></ref><ref id="B24"><element-citation publication-type="thesis"><source>O trabalho na Equipe de Saúde da Família: possibilidades de construção da interdisciplinaridade</source><date><year>2006</year></date><person-group><name><surname>SCHERER</surname><given-names>Magda Duarte dos Anjos</given-names></name><name><surname>SCHERER</surname><given-names>Magda Duarte dos Anjos</given-names></name></person-group></element-citation></ref><ref id="B25"><element-citation publication-type="article"><article-title>Trabalho coletivo: um desafio para a gestão em saúde</article-title><source>Revista de Saúde Pública</source><date><year>2009</year></date><fpage>721</fpage><lpage>725</lpage><issue>4</issue><volume>43</volume><person-group><name><surname>SCHERER</surname><given-names>Magda Duarte dos Anjos</given-names></name><name><surname>PIRES</surname><given-names>Denise Elvira Pires de</given-names></name><name><surname>SCHWARTZ</surname><given-names>Yves</given-names></name></person-group></element-citation></ref><ref id="B26"><element-citation publication-type="article"><article-title>Entrevista: Yves Schwartz</article-title><source>Trabalho, Educação e Saúde</source><date><year>2006</year></date><fpage>457</fpage><lpage>466</lpage><issue>2</issue><volume>4</volume><person-group><name><surname>SCHWARTZ</surname><given-names>Yves</given-names></name></person-group></element-citation></ref><ref id="B27"><element-citation publication-type="article"><article-title>Un bref aperçu de l'histoire culturelle du concept d'activité</article-title><source>Activités</source><date><year>2007</year></date><fpage>122</fpage><lpage>133</lpage><issue>2</issue><volume>4</volume><person-group><name><surname>SCHWARTZ</surname><given-names>Yves</given-names></name></person-group><ext-link>&lt;www.activites.org/v4n2/v4n2.pdf&amp;gt;</ext-link></element-citation></ref><ref id="B28"><element-citation publication-type="book"><source>Trabalho e ergologia: conversas sobre a atividade humana</source><date><year>2007</year></date><fpage>37</fpage><lpage>46</lpage><person-group><name><surname>SCHWARTZ</surname><given-names>Yves</given-names></name><name><surname>DURRIVE</surname><given-names>Louis</given-names></name><name><surname>Brito</surname><given-names>Jussara</given-names></name><name><surname>DURRIVE</surname><given-names>Louis</given-names></name><name><surname>Brito</surname><given-names>Jussara</given-names></name></person-group></element-citation></ref><ref id="B29"><element-citation publication-type="book"><source>Trabalho e ergologia: conversas sobre a atividade humana</source><date><year>2007</year></date><fpage>23</fpage><lpage>47</lpage><person-group><name><surname>SCHWARTZ</surname><given-names>Yves</given-names></name><name><surname>SCHWARTZ</surname><given-names>Yves</given-names></name><name><surname>DURRIVE</surname><given-names>Louis</given-names></name><name><surname>Brito</surname><given-names>Jussara</given-names></name><name><surname>SCHWARTZ</surname><given-names>Yves</given-names></name><name><surname>DURRIVE</surname><given-names>Louis</given-names></name><name><surname>Brito</surname><given-names>Jussara</given-names></name></person-group></element-citation></ref><ref id="B30"><element-citation publication-type="book"><source>L'activité en dialogues: entretiens sur l'activité humaine (II)</source><date><year>2009</year></date><person-group><name><surname>SCHWARTZ</surname><given-names>Yves</given-names></name><name><surname>DURRIVE</surname><given-names>Louis</given-names></name><name><surname>SCHWARTZ</surname><given-names>Yves</given-names></name><name><surname>DURRIVE</surname><given-names>Louis</given-names></name></person-group></element-citation></ref><ref id="B31"><element-citation publication-type="book"><source>Labirintos do trabalho: interrogações e olhares sobre o trabalho vivo.</source><date><year>2004</year></date><fpage>63</fpage><lpage>90</lpage><person-group><name><surname>TELLES</surname><given-names>Ana Luiza</given-names></name><name><surname>ALVAREZ</surname><given-names>Denise</given-names></name><name><surname>FIGUEIREDO</surname><given-names>Marcelo</given-names></name><name><surname>FIGUEIREDO</surname><given-names>Marcelo</given-names></name></person-group></element-citation></ref><ref id="B32"><element-citation publication-type="book"><source>Labirintos do trabalho: interrogações e olhares sobre o trabalho vivo</source><date><year>2004</year></date><fpage>214</fpage><lpage>237</lpage><person-group><name><surname>VIEIRA</surname><given-names>Marco Antônio</given-names></name><name><surname>FIGUEIREDO</surname><given-names>Marcelo</given-names></name><name><surname>FIGUEIREDO</surname><given-names>Marcelo</given-names></name></person-group></element-citation></ref></ref-list></back></article></articles>