<articles xmlns:xsi="http://www.w3.org/2001/XMLSchema-instance" xsi:schemaLocation="https://raw.githubusercontent.com/scieloorg/articles_meta/master/tests/xsd/scielo_sci/ThomsonReuters_publishing.xsd" dtd-version="1.10"><article lang_id="pt" article-type="research-article"><front><journal-meta><journal-id journal-id-type="publisher">tes</journal-id><journal-title-group><journal-title>Trabalho, Educação e Saúde</journal-title><abbrev-journal-title>Trab. educ. saúde</abbrev-journal-title></journal-title-group><issn>1981-7746</issn><collection>SciELO Brazil</collection><publisher><publisher-name>Fundação Oswaldo Cruz, Escola Politécnica de Saúde Joaquim Venâncio</publisher-name></publisher></journal-meta><article-meta><unique-article-id pub-id-type="publisher-id">S1981-77462011000400013</unique-article-id><article-id pub-id-type="publisher-id">S1981-77462011000400013</article-id><article-id pub-id-type="doi">10.1590/S1981-77462011000400013</article-id><article-categories><subj-group><subject>EDUCATION &amp; EDUCATIONAL RESEARCH</subject><subject>PUBLIC, ENVIRONMENTAL &amp; OCCUPATIONAL HEALTH</subject></subj-group></article-categories><title-group><article-title lang_id="pt">A dimensão gestionária do trabalho e o debate de normas e valores no teleatendimento</article-title><trans-title-group lang_id="en"><trans-title>The managerial dimension of the work and the debate on standards and values in telemarketing</trans-title></trans-title-group></title-group><contrib-group><contrib contrib-type="author"><name><surname>Oliveira</surname><given-names>Simone Santos</given-names></name><role>ND</role></contrib><contrib contrib-type="author"><name><surname>Brito</surname><given-names>Jussara Cruz de</given-names></name><role>ND</role></contrib></contrib-group><pub-date><year>2011</year></pub-date><volume>9</volume><issue>suppl 1</issue><fpage>265</fpage><lpage>284</lpage><permissions><license license-type="open-access" href="http://creativecommons.org/licenses/by-nc/4.0/"><license-p>This work is licensed under a Creative Commons Attribution-NonCommercial 4.0 International License.</license-p></license></permissions><self-uri href="http://www.scielo.br/scielo.php?script=sci_arttext&amp;pid=S1981-77462011000400013&amp;lng=en&amp;tlng=en" content-type="full_text_page"/><self-uri href="http://www.scielo.br/scielo.php?script=sci_issuetoc&amp;pid=1981-774620110004&amp;lng=en" content-type="issue_page"/><self-uri href="http://www.scielo.br/scielo.php?script=sci_serial&amp;pid=1981-7746&amp;lng=en" content-type="journal_page"/><abstract lang_id="pt"><p>Evidenciar a 'dimensão gestionária' na atividade de teleatendimento é o principal objetivo deste artigo. A perspectiva ergológica entende o trabalho como encontro singular com uma tarefa a ser realizada, que com suas variabilidades sempre possui uma gestão a ser feita pelos trabalhadores(as). Essa gestão está intimamente relacionada à capacidade de definir e produzir a saúde e a doença. Para apreender a complexidade e a singularidade do trabalho em teleatendimento, para além do visível e quantificável das prescrições, buscou-se a utilização da técnica de Instruções ao Sósia e dos Encontros sobre o Trabalho, na perspectiva de propiciar uma reflexão e um discurso sobre o trabalho pelos(as) trabalhadores(as). As renormatizações foram observadas em outro uso das prescrições: pausas, script e voz, através dos quais os(as) operadores(as) imprimem sua marca. O valor do emprego se contrapõe às repercussões negativas para a saúde, o adoecimento e o sofrimento, com controle rigoroso do espaço, do tempo e do comportamento. Conclui-se que a consideração da 'dimensão gestionária', vista na sua singularidade, deve ser reconhecida pelos(as) próprios(as) trabalhadores(as), profissionais da saúde e pesquisadores, como elemento fundamental para a prevenção dos adoecimentos e para a promoção da saúde.</p></abstract><trans-abstract lang_id="en"><p>The principal objective of this study is to highlight the 'managerial dimension' in telemarketing activity. The ergological perspective understands work as a unique encounter with a task to be performed, which, within its variability, always requires management by the workers. This management is intimately related to the capacity to define and produce illness and health. In order to grasp the complexity and singularity of working in telemarketing, beyond that which is visible and quantifiable in the prescriptions, the use of the Instructions for the Double technique and Meetings about Work was tried, with a view to providing the workers with a reflection upon and a discourse about the work. Restandardizations were observed in another use of the prescriptions: pauses, script and voice, by means of which telemarketers make their mark. The value of the jobin contrasts to the negative repercussions on health, falling ill and suffering, with close monitoring of behavior, time and space. The conclusion is that health professionals, researchers and the workers themselves must acknowledge the considering of the 'managerial dimension', in its singularity, as a fundamental element for preventing illnesses and promoting health.</p></trans-abstract><kwd-group lang_id="pt" kwd-group-type="author-generated"><kwd>teleatendimento</kwd><kwd>saúde do trabalhador</kwd><kwd>ergologia</kwd></kwd-group><kwd-group lang_id="en" kwd-group-type="author-generated"><kwd>telemarketing</kwd><kwd>occupational health</kwd><kwd>ergology</kwd></kwd-group></article-meta></front><back><ref-list><ref id="B1"><element-citation publication-type="thesis"><source>As práticas de linguagem em situação de trabalho de operadores de telemarketing ativo de uma editora</source><date><year>2002</year></date><person-group><name><surname>ALGODOAL</surname><given-names>Maria Juliana</given-names></name><name><surname>ALGODOAL</surname><given-names>Maria Juliana</given-names></name></person-group></element-citation></ref><ref id="B2"><element-citation publication-type="book"><source>Labirintos do trabalho: interrogações e olhares sobre o trabalho vivo</source><date><year>2004</year></date><fpage>91</fpage><lpage>114</lpage><person-group><name><surname>BRITO</surname><given-names>Jussara</given-names></name><name><surname>FIGUEIREDO</surname><given-names>Marcelo</given-names></name><name><surname>FIGUEIREDO</surname><given-names>Marcelo</given-names></name></person-group></element-citation></ref><ref id="B3"><element-citation publication-type="book"><source>O normal e o patológico</source><date><year>1990</year></date><person-group><name><surname>CANGUILHEM</surname><given-names>George</given-names></name><name><surname>CANGUILHEM</surname><given-names>George</given-names></name></person-group></element-citation></ref><ref id="B4"><element-citation publication-type="article"><article-title>Meios e normas do homem no trabalho</article-title><source>Proposições</source><date><month>11</month><year>2001</year></date><fpage>109</fpage><lpage>121</lpage><issue>2-3</issue><volume>12</volume><person-group><name><surname>CANGUILHEM</surname><given-names>George</given-names></name></person-group></element-citation></ref><ref id="B5"><element-citation publication-type="book"><source>A função psicológica do trabalho</source><date><year>2006</year></date><person-group><name><surname>CLOT</surname><given-names>Yves</given-names></name><name><surname>CLOT</surname><given-names>Yves</given-names></name></person-group></element-citation></ref><ref id="B6"><element-citation publication-type="book"><source>Trabalho &amp; ergologia: conversas sobre a atividade humana</source><date><year>2010</year></date><fpage>309</fpage><lpage>318</lpage><person-group><name><surname>DURRIVE</surname><given-names>Louis</given-names></name><name><surname>SCHWARTZ</surname><given-names>Yves</given-names></name><name><surname>DURRIVE</surname><given-names>Louis</given-names></name><name><surname>SCHWARTZ</surname><given-names>Yves</given-names></name><name><surname>DURRIVE</surname><given-names>Louis</given-names></name></person-group></element-citation></ref><ref id="B7"><element-citation publication-type="book"><source>Adeus ao proletariado: para além do socialismo</source><date><year>1987</year></date><person-group><name><surname>GORZ</surname><given-names>André</given-names></name><name><surname>GORZ</surname><given-names>André</given-names></name></person-group></element-citation></ref><ref id="B8"><element-citation publication-type="book"><source>O imaterial: conhecimento, valor e capital</source><date><year>2005</year></date><person-group><name><surname>GORZ</surname><given-names>André</given-names></name></person-group></element-citation></ref><ref id="B9"><element-citation publication-type="book"><source>Tratado das ciências e das técnicas da formação: horizontes pedagógicos</source><date><year>1999</year></date><fpage>223</fpage><lpage>239</lpage><person-group><name><surname>JOBERT</surname><given-names>Guy</given-names></name><name><surname>CARRÉ</surname><given-names>Philippe</given-names></name><name><surname>CASPAR</surname><given-names>Pierre</given-names></name><name><surname>CARRÉ</surname><given-names>Philippe</given-names></name><name><surname>CASPAR</surname><given-names>Pierre</given-names></name></person-group></element-citation></ref><ref id="B10"><element-citation publication-type="article"><article-title>Le travailler et son double</article-title><source>Les territoires du travail</source><date><year>1999</year></date><fpage>53</fpage><lpage>59</lpage><issue>3</issue><person-group><name><surname>MAGNIER</surname><given-names>Jacqueline</given-names></name></person-group></element-citation></ref><ref id="B11"><element-citation publication-type="book"><source>O capital</source><date><year>1974</year></date><volume>1</volume><person-group><name><surname>MARX</surname><given-names>Karl</given-names></name><name><surname>MARX</surname><given-names>Karl</given-names></name></person-group></element-citation></ref><ref id="B12"><element-citation publication-type="book"><source>Redécouvrir l'expérience ouvrière: vers une autre psychologie du travail?</source><date><year>1981</year></date><person-group><name><surname>ODDONE</surname><given-names>Ivar</given-names></name><name><surname>RE</surname><given-names>Alessandra</given-names></name><name><surname>BRIANTI</surname><given-names>Gianni</given-names></name><name><surname>ODDONE</surname><given-names>Ivar</given-names></name><name><surname>RE</surname><given-names>Alessandra</given-names></name><name><surname>BRIANTI</surname><given-names>Gianni</given-names></name></person-group></element-citation></ref><ref id="B13"><element-citation publication-type="article"><article-title>A comunidade científica ampliada e o regime de produção de saberes</article-title><source>Trabalho &amp; Educação</source><date><month>12</month><year>2000</year></date><fpage>38</fpage><lpage>46</lpage><issue>7</issue><person-group><name><surname>SCHWARTZ</surname><given-names>Yves</given-names></name></person-group></element-citation></ref><ref id="B14"><element-citation publication-type="book"><source>Le paradigme ergologique ou un métier de philosophe</source><date><year>2000</year></date><person-group><name><surname>SCHWARTZ</surname><given-names>Yves</given-names></name></person-group></element-citation></ref><ref id="B15"><element-citation publication-type="article"><article-title>Circulações, dramáticas, eficácias da atividade industriosa</article-title><source>Trabalho, Educação e Saúde</source><date><year>2004</year></date><fpage>33</fpage><lpage>55</lpage><issue>1</issue><volume>2</volume><person-group><name><surname>SCHWARTZ</surname><given-names>Yves</given-names></name></person-group></element-citation></ref><ref id="B16"><element-citation publication-type="article"><article-title>Actividade</article-title><source>Plur(e)al</source><date><year>2005</year></date><fpage>63</fpage><lpage>64</lpage><issue>1</issue><volume>1</volume><person-group><name><surname>SCHWARTZ</surname><given-names>Yves</given-names></name></person-group><ext-link>http://plureal.up.pt/revista/artigo.php?id=37t45nSU547112245:2:383381</ext-link></element-citation></ref><ref id="B17"><element-citation publication-type="article"><article-title>Le travail dans une perspective philosophique</article-title><source>Revue Ergologie</source><date><year>2008</year></date><fpage>121</fpage><lpage>154</lpage><volume>0</volume><person-group><name><surname>SCHWARTZ</surname><given-names>Yves</given-names></name></person-group><ext-link>http://sites.univ-provence.fr/ergolog/Bibliotheque/Ergologia/Numero_0//Ergologia_0_YvesSchwartz.pdf</ext-link></element-citation></ref><ref id="B18"><element-citation publication-type="book"><source>Trabalho &amp; ergologia: conversas sobre a atividade humana</source><date><year>2010</year></date><fpage>249</fpage><lpage>276</lpage><person-group><name><surname>SCHWARTZ</surname><given-names>Yves</given-names></name><name><surname>SCHWARTZ</surname><given-names>Yves</given-names></name><name><surname>DURRIVE</surname><given-names>Louis</given-names></name><name><surname>SCHWARTZ</surname><given-names>Yves</given-names></name><name><surname>DURRIVE</surname><given-names>Louis</given-names></name></person-group></element-citation></ref><ref id="B19"><element-citation publication-type="book"><source>Trabalho &amp; ergologia: conversas sobre a atividade humana</source><date><year>2010</year></date><person-group><name><surname>SCHWARTZ</surname><given-names>Yves</given-names></name><name><surname>DURRIVE</surname><given-names>Louis</given-names></name><name><surname>SCHWARTZ</surname><given-names>Yves</given-names></name><name><surname>DURRIVE</surname><given-names>Louis</given-names></name></person-group></element-citation></ref><ref id="B20"><element-citation publication-type="article"><article-title>Negociações sociais para melhoria das condições de trabalho no setor de teleatendimento: o descompasso entre a posição das empresas e a realidade do trabalho</article-title><source>Interface - Comunicação, Saúde, Educação</source><date><month>12</month><year>2005</year></date><fpage>553</fpage><lpage>570</lpage><issue>18</issue><volume>9</volume><person-group><name><surname>SILVA</surname><given-names>Airton Marinho</given-names></name><name><surname>ASSUNÇÃO</surname><given-names>Ada Ávila</given-names></name></person-group></element-citation></ref><ref id="B21"><element-citation publication-type="book"><source>Linguagem e Trabalho</source><date><year>2002</year></date><fpage>61</fpage><lpage>76</lpage><person-group><name><surname>SOUZA E SILVA</surname><given-names>Maria Cecília</given-names></name><name><surname>SOUZA E SILVA</surname><given-names>Maria Cecília</given-names></name><name><surname>FAÏTA</surname><given-names>Daniel</given-names></name><name><surname>SOUZA E SILVA</surname><given-names>Maria Cecília</given-names></name><name><surname>FAÏTA</surname><given-names>Daniel</given-names></name></person-group></element-citation></ref><ref id="B22"><element-citation publication-type="book"><source>A ergonomia em busca de seus princípios: debates epistemológicos</source><date><year>2004</year></date><fpage>79</fpage><lpage>104</lpage><person-group><name><surname>TERSSAC</surname><given-names>Gilbert</given-names></name><name><surname>MAGGI</surname><given-names>Bruno.</given-names></name><name><surname>DANIELLOU</surname><given-names>François</given-names></name><name><surname>DANIELLOU</surname><given-names>François</given-names></name></person-group></element-citation></ref><ref id="B23"><element-citation publication-type="book"><source>Trabalho, qualificação e formação profissional</source><date><year>1998</year></date><fpage>21</fpage><lpage>30</lpage><person-group><name><surname>ZARIFIAN</surname><given-names>Philippe</given-names></name><name><surname>LEITE</surname><given-names>Márcia</given-names></name><name><surname>NEVES</surname><given-names>Magda</given-names></name><name><surname>LEITE</surname><given-names>Márcia</given-names></name><name><surname>NEVES</surname><given-names>Magda</given-names></name></person-group></element-citation></ref><ref id="B24"><element-citation publication-type="article"><article-title>O tempo do trabalho: o tempo devir frente ao tempo espacializado</article-title><source>Tempo Social</source><date><month>10</month><year>2002</year></date><fpage>1</fpage><lpage>18</lpage><issue>2</issue><volume>14</volume><person-group><name><surname>ZARIFIAN</surname><given-names>Philippe</given-names></name></person-group></element-citation></ref></ref-list></back></article></articles>