<articles xmlns:xsi="http://www.w3.org/2001/XMLSchema-instance" xsi:schemaLocation="https://raw.githubusercontent.com/scieloorg/articles_meta/master/tests/xsd/scielo_sci/ThomsonReuters_publishing.xsd" dtd-version="1.10"><article lang_id="pt" article-type="research-article"><front><journal-meta><journal-id journal-id-type="publisher">tes</journal-id><journal-title-group><journal-title>Trabalho, Educação e Saúde</journal-title><abbrev-journal-title>Trab. educ. saúde</abbrev-journal-title></journal-title-group><issn>1981-7746</issn><collection>SciELO Brazil</collection><publisher><publisher-name>Fundação Oswaldo Cruz, Escola Politécnica de Saúde Joaquim Venâncio</publisher-name></publisher></journal-meta><article-meta><unique-article-id pub-id-type="publisher-id">S1981-77462011000400002</unique-article-id><article-id pub-id-type="publisher-id">S1981-77462011000400002</article-id><article-id pub-id-type="doi">10.1590/S1981-77462011000400002</article-id><article-categories><subj-group><subject>EDUCATION &amp; EDUCATIONAL RESEARCH</subject><subject>PUBLIC, ENVIRONMENTAL &amp; OCCUPATIONAL HEALTH</subject></subj-group></article-categories><title-group><article-title lang_id="pt">Conceituando o trabalho, o visível e o invisível</article-title><trans-title-group lang_id="en"><trans-title>Conceptualizing the work, the visible and invisible</trans-title></trans-title-group></title-group><contrib-group><contrib contrib-type="author"><name><surname>Schwartz</surname><given-names>Yves</given-names></name><role>ND</role></contrib></contrib-group><pub-date><year>2011</year></pub-date><volume>9</volume><issue>suppl 1</issue><fpage>19</fpage><lpage>45</lpage><permissions><license license-type="open-access" href="http://creativecommons.org/licenses/by-nc/4.0/"><license-p>This work is licensed under a Creative Commons Attribution-NonCommercial 4.0 International License.</license-p></license></permissions><self-uri href="http://www.scielo.br/scielo.php?script=sci_arttext&amp;pid=S1981-77462011000400002&amp;lng=en&amp;tlng=en" content-type="full_text_page"/><self-uri href="http://www.scielo.br/scielo.php?script=sci_issuetoc&amp;pid=1981-774620110004&amp;lng=en" content-type="issue_page"/><self-uri href="http://www.scielo.br/scielo.php?script=sci_serial&amp;pid=1981-7746&amp;lng=en" content-type="journal_page"/><abstract lang_id="pt"><p>Neste artigo discutimos, na perspectiva da ergologia, o conceito de trabalho. Situamos as definições dele ao longo da história por diferentes correntes de pensamento e polemizamos sobre o caráter inédito, invisível e visível do trabalho. O que ele pressupõe e o que ele permite inferir em termos de investimento humano pessoal e coletivo. O que ele revela em termos de continuidades de modos de fazer e o que ele omite em termos de saberes investidos. Procuramos retrabalhar a noção de trabalho, tentando explicar os impasses evocados. Ao final, sugerimos como esta reapreciação da noção de trabalho poderia reinterrogar também o trabalho do historiador.</p></abstract><trans-abstract lang_id="en"><p>This paper discusses, from the perspective of ergology, the concept of work. We place the definitions of it throughout history by different currents of thought and debate about the unprecedented nature, invisible and visible of labor. What it entails and what it allows us to infer in terms of collective and personal human investment. What it reveals in terms of continuity of ways of doing and what it omits in terms of knowledge invested. We seek to rework the notion of work, trying to explain the dilemmas evoked. Finally, we suggest how this review of the concept of work could also interrogate the historian's work.</p></trans-abstract><kwd-group lang_id="en" kwd-group-type="author-generated"><kwd>ergology</kwd><kwd>work activity</kwd><kwd>history</kwd></kwd-group><kwd-group lang_id="pt" kwd-group-type="author-generated"><kwd>ergologia</kwd><kwd>atividade de trabalho</kwd><kwd>história</kwd></kwd-group></article-meta></front><back><ref-list><ref id="B1"><element-citation publication-type="thesis"><source>A temporalidade, a organização do trabalho e avaliação da produção científica: o caso do Instituto de Física da Universidade Federal do Rio de Janeiro</source><date><month>08</month><year>2000</year></date><person-group><name><surname>ALVAREZ</surname><given-names>Denise</given-names></name><name><surname>ALVAREZ</surname><given-names>Denise</given-names></name></person-group></element-citation></ref><ref id="B2"><element-citation publication-type="book"><source>L'économie, service de la vie</source><date><year>1996</year></date><person-group><name><surname>BÁRTOLI</surname><given-names>Henri</given-names></name><name><surname>BÁRTOLI</surname><given-names>Henri</given-names></name></person-group></element-citation></ref><ref id="B3"><element-citation publication-type="article"><article-title>Milieu et normes de l'homme au travail</article-title><source>Cahiers Internationaux de Sociologie</source><date><year>1947</year></date><fpage>120</fpage><lpage>136</lpage><volume>3</volume><person-group><name><surname>CANGUILHEM</surname><given-names>Georges</given-names></name></person-group></element-citation></ref><ref id="B4"><element-citation publication-type="book"><source>Le normal et le pathologique</source><date><year>1966</year></date><person-group><name><surname>CANGUILHEM</surname><given-names>Georges</given-names></name></person-group></element-citation></ref><ref id="B5"><element-citation publication-type="book"><source>Travail productif et productivité du travail chez Marx</source><date><year>1974</year></date><person-group><name><surname>BERTHOUD</surname><given-names>Alain</given-names></name><name><surname>BERTHOUD</surname><given-names>Alain</given-names></name></person-group></element-citation></ref><ref id="B6"><element-citation publication-type="book"><source>Naissances des divinités, naissance de l'agriculture</source><date><year>1994</year></date><person-group><name><surname>CAUVIN</surname><given-names>Jacques</given-names></name><name><surname>CAUVIN</surname><given-names>Jacques</given-names></name></person-group></element-citation></ref><ref id="B7"><element-citation publication-type="book"><source>La naissance de la civilisation</source><date><year>1964</year></date><person-group><name><surname>CHILDE</surname><given-names>Gordon</given-names></name><name><surname>Gonthier</surname><given-names>P. H.</given-names></name><name><surname>CHILDE</surname><given-names>Gordon</given-names></name><name><surname>Gonthier</surname><given-names>P. H.</given-names></name></person-group></element-citation></ref><ref id="B8"><element-citation publication-type="undefined"><date><year>2002</year></date></element-citation></ref><ref id="B9"><element-citation publication-type="book"><source>L'ergonomie en quête de ses principes</source><date><year>1996</year></date><person-group><name><surname>DANIELLOU</surname><given-names>François</given-names></name><name><surname>DANIELLOU</surname><given-names>François</given-names></name></person-group></element-citation></ref><ref id="B10"><element-citation publication-type="book"><source>Histoire du travail</source><date><year>2001</year></date><person-group><name><surname>DEWERPE</surname><given-names>Alain</given-names></name><name><surname>DEWERPE</surname><given-names>Alain</given-names></name></person-group></element-citation></ref><ref id="B11"><element-citation publication-type="book"><source>Essai sur l'histoire de la société civile</source><date><year>2000</year></date><person-group><name><surname>FERGUSON</surname><given-names>Adam</given-names></name><name><surname>FERGUSON</surname><given-names>Adam</given-names></name></person-group></element-citation></ref><ref id="B12"><element-citation publication-type="book"><source>L'homme et la charrue à travers le monde</source><date><year>1986</year></date><person-group><name><surname>HAUDRICOURT</surname><given-names>André-Georges</given-names></name><name><surname>HAUDRICOURT</surname><given-names>André-Georges</given-names></name></person-group></element-citation></ref><ref id="B13"><element-citation publication-type="thesis"><source>Comment écrire l'histoire d'une activité de travail: réflexions à partir de l'exemple de l'histoire de l'activité de travail agricole</source><date><year>2000</year></date><person-group><name><surname>JAFFRÈS</surname><given-names>Erwan</given-names></name><name><surname>JAFFRÈS</surname><given-names>Erwan</given-names></name></person-group></element-citation></ref><ref id="B14"><element-citation publication-type="article"><source>Bulletin de la Société Indust rielle de Mulhouse</source><date><year>1873</year></date></element-citation></ref><ref id="B15"><element-citation publication-type="book"><source>Histoire économique et sociale du monde</source><date><year>1978</year></date><person-group><name><surname>LÉON</surname><given-names>Pierre</given-names></name><name><surname>LÉON</surname><given-names>Pierre</given-names></name></person-group></element-citation></ref><ref id="B16"><element-citation publication-type="book"><source>Evolution et techniques</source><date><year>1945</year></date><volume>II</volume><person-group><name><surname>LEROI-GOURHAN</surname><given-names>André</given-names></name><name><surname>LEROI-GOURHAN</surname><given-names>André</given-names></name></person-group></element-citation></ref><ref id="B17"><element-citation publication-type="book"><source>L'etabli</source><date><year>1978</year></date><person-group><name><surname>LINHART</surname><given-names>Robert</given-names></name><name><surname>LINHART</surname><given-names>Robert</given-names></name></person-group></element-citation></ref><ref id="B18"><element-citation publication-type="book"><source>La Revolution Industrielle au XVIIIè siècle: essai sur les commencements de la grande industrie moderne en Angleterre</source><date><year>1973</year></date><person-group><name><surname>MANTOUX</surname><given-names>Paul</given-names></name><name><surname>MANTOUX</surname><given-names>Paul</given-names></name></person-group></element-citation></ref><ref id="B19"><element-citation publication-type="book"><source>Le capital</source><date><year>1976</year></date><volume>I</volume><person-group><name><surname>MARX</surname><given-names>Karl</given-names></name><name><surname>MARX</surname><given-names>Karl</given-names></name></person-group></element-citation></ref><ref id="B20"><element-citation publication-type="book"><source>La misère de la philosophie</source><date><year>1976</year></date><person-group><name><surname>MARX</surname><given-names>Karl</given-names></name></person-group></element-citation></ref><ref id="B21"><element-citation publication-type="book"><source>Le capital</source><date><year>1983</year></date><volume>I</volume><person-group><name><surname>MARX</surname><given-names>Karl</given-names></name></person-group></element-citation></ref><ref id="B22"><element-citation publication-type="book"><source>Technique et cultures: comment s'approprieton des techniques transférées</source><date><year>2001</year></date><person-group><name><surname>NOUROUDINE</surname><given-names>Abdallah</given-names></name><name><surname>NOUROUDINE</surname><given-names>Abdallah</given-names></name></person-group></element-citation></ref><ref id="B23"><element-citation publication-type="book"><source>Redécouvrir l'expérience ouvrière</source><date><year>1981</year></date><person-group><name><surname>ODDONE</surname><given-names>Ivar</given-names></name><name><surname>ODDONE</surname><given-names>Ivar</given-names></name></person-group></element-citation></ref><ref id="B24"><element-citation publication-type="article"><source>Sublime</source><date><year>1870</year></date></element-citation></ref><ref id="B25"><element-citation publication-type="article"><source>Comptes rendus de l'Academie des Sciences de Paris</source><date><year>1871</year></date></element-citation></ref><ref id="B26"><element-citation publication-type="article"><source>Nature</source><date><day>06</day><month>05</month><year>2000</year></date></element-citation></ref><ref id="B27"><element-citation publication-type="book"><source>Expérience et connaissance du travail</source><date><year>1988</year></date><person-group><name><surname>SCHWARTZ</surname><given-names>Yves</given-names></name><name><surname>SCHWARTZ</surname><given-names>Yves</given-names></name></person-group></element-citation></ref><ref id="B28"><element-citation publication-type="book"><source>Les femmes ont toujours travaillé</source><date><year>2002</year></date><person-group><name><surname>SCHWEITZER</surname><given-names>Sylvie</given-names></name><name><surname>SCHWEITZER</surname><given-names>Sylvie</given-names></name></person-group></element-citation></ref><ref id="B29"><element-citation publication-type="article"><source>Nature</source><date><day>23</day><month>01</month><year>1997</year></date></element-citation></ref><ref id="B30"><element-citation publication-type="book"><source>Recherches sur la nature et les causes de la richesse des nations</source><date><year>1991</year></date><volume>I</volume><person-group><name><surname>SMITH</surname><given-names>Adam</given-names></name><name><surname>SMITH</surname><given-names>Adam</given-names></name></person-group></element-citation></ref><ref id="B31"><element-citation publication-type="book"><source>La direction scientifique des ateliers</source><date><year>1971</year></date><person-group><name><surname>TAYLOR</surname><given-names>Frederick Winslow</given-names></name><name><surname>TAYLOR</surname><given-names>Frederick Winslow</given-names></name></person-group></element-citation></ref><ref id="B32"><element-citation publication-type="article"><source>Préhistoire de la pierre taillée</source><date><year>1980</year></date><volume>1</volume></element-citation></ref><ref id="B33"><element-citation publication-type="book"><source>A formação da classe operária inglesa</source><date><year>1987</year></date><volume>3</volume><person-group><name><surname>THOMPSON</surname><given-names>Edward Palmer</given-names></name><name><surname>THOMPSON</surname><given-names>Edward Palmer</given-names></name></person-group></element-citation></ref><ref id="B34"><element-citation publication-type="book"><source>The Scottish enlightment and Hegel's account of 'civil society'</source><date><year>1988</year></date><person-group><name><surname>WASZEK</surname><given-names>Norbet</given-names></name><name><surname>WASZEK</surname><given-names>Norbet</given-names></name></person-group></element-citation></ref><ref id="B35"><element-citation publication-type="book"><source>L' imposture du travail manuel</source><date><year>1992</year></date><person-group><name><surname>WISNER</surname><given-names>Alain</given-names></name><name><surname>WISNER</surname><given-names>Alain</given-names></name></person-group></element-citation></ref></ref-list></back></article></articles>