<articles xmlns:xsi="http://www.w3.org/2001/XMLSchema-instance" xsi:schemaLocation="https://raw.githubusercontent.com/scieloorg/articles_meta/master/tests/xsd/scielo_sci/ThomsonReuters_publishing.xsd" dtd-version="1.10"><article lang_id="pt" article-type="research-article"><front><journal-meta><journal-id journal-id-type="publisher">tes</journal-id><journal-title-group><journal-title>Trabalho, Educação e Saúde</journal-title><abbrev-journal-title>Trab. educ. saúde</abbrev-journal-title></journal-title-group><issn>1981-7746</issn><collection>SciELO Brazil</collection><publisher><publisher-name>Fundação Oswaldo Cruz, Escola Politécnica de Saúde Joaquim Venâncio</publisher-name></publisher></journal-meta><article-meta><unique-article-id pub-id-type="publisher-id">S1981-77462007000200008</unique-article-id><article-id pub-id-type="publisher-id">S1981-77462007000200008</article-id><article-id pub-id-type="doi">10.1590/S1981-77462007000200008</article-id><article-categories><subj-group><subject>EDUCATION &amp; EDUCATIONAL RESEARCH</subject><subject>PUBLIC, ENVIRONMENTAL &amp; OCCUPATIONAL HEALTH</subject></subj-group></article-categories><title-group><article-title lang_id="pt">Projeto de extensão universitária: um espaço para formação profissional e promoção da saúde</article-title><trans-title-group lang_id="en"><trans-title>University extension project: a venue for professional qualification and health promotion</trans-title></trans-title-group></title-group><contrib-group><contrib contrib-type="author"><name><surname>Brêtas</surname><given-names>José Roberto da Silva</given-names></name><role>ND</role><xref ref-type="aff" rid="A01"/></contrib><contrib contrib-type="author"><name><surname>Pereira</surname><given-names>Sônia Regina</given-names></name><role>ND</role><xref ref-type="aff" rid="A02"/></contrib></contrib-group><aff id="A02"><institution>Universidade Federal de São Paulo</institution><country>Brazil</country></aff><aff id="A01"><institution>Universidade Federal de São Paulo</institution><country>Brazil</country></aff><pub-date><month>07</month><year>2007</year></pub-date><volume>5</volume><issue>2</issue><fpage>367</fpage><lpage>380</lpage><permissions><license license-type="open-access" href="http://creativecommons.org/licenses/by-nc/4.0/"><license-p>This work is licensed under a Creative Commons Attribution-NonCommercial 4.0 International License.</license-p></license></permissions><self-uri href="http://www.scielo.br/scielo.php?script=sci_arttext&amp;pid=S1981-77462007000200008&amp;lng=en&amp;tlng=en" content-type="full_text_page"/><self-uri href="http://www.scielo.br/scielo.php?script=sci_issuetoc&amp;pid=1981-774620070002&amp;lng=en" content-type="issue_page"/><self-uri href="http://www.scielo.br/scielo.php?script=sci_serial&amp;pid=1981-7746&amp;lng=en" content-type="journal_page"/><abstract lang_id="pt"><p>Abordam-se aqui aspectos teóricos e práticos que envolvem um projeto de extensão da Universidade Federal de São Paulo (Unifesp) intitulado Corporalidade e Promoção da Saúde, cuja principal finalidade é articular ações nos campos do ensino, assistência e pesquisa. Este projeto tem por objetivos: proporcionar aos alunos dos cursos de graduação e pós-graduação aprendizagem e vivências no campo da educação em saúde com adolescentes; promover a elaboração e confecção de tecnologias de ensino destinadas à orientação de adolescentes na temática; desenvolver atividades educativas junto a adolescentes e jovens que freqüentam equipamentos sociais e escolas da rede pública; desenvolver pesquisas junto aos serviços que revertam em novas práticas de ensino, intervenção e geração de conhecimento. Seu desenvolvimento ocorre no campo da promoção da saúde, por meio de ações com ênfase nas questões do corpo e sexualidade, direcionadas a adolescentes e jovens que freqüentam escolas de ensino fundamental e médio do município de Embu, São Paulo.</p></abstract><trans-abstract lang_id="en"><p>This article covers the theoretical and practical aspects involved in a Federal University of São Paulo (Unifesp) extension project called Corporality and Health Promotion, the main purpose of which is to articulate actions in the fields of teaching, assistance, and research. This project is aimed at providing undergraduate and graduate students learning and experience opportunities in the field of health education with adolescents; providing the elaboration of teaching technologies that will be used to guide adolescents in the theme; undertake educational activities among students, teenagers and young people who attend social projects and public schools; develop research projects among the services that will revert to new teaching, intervention, and know-ledge generation practices. The project is carried out in the health promotion field, by means of actions that emphasize issues related to the body and to sexuality and aimed at teenagers and young people who attend elementary and high schools in Embu, State of São Paulo.</p></trans-abstract><kwd-group lang_id="en" kwd-group-type="author-generated"><kwd>health education</kwd><kwd>human resource qualification</kwd><kwd>health promotion</kwd><kwd>community-institution relations</kwd><kwd>collective health</kwd></kwd-group><kwd-group lang_id="pt" kwd-group-type="author-generated"><kwd>educação em saúde</kwd><kwd>formação de recursos humanos</kwd><kwd>promoção da saúde</kwd><kwd>relações comunidade-instituição</kwd><kwd>saúde coletiva</kwd></kwd-group></article-meta></front><back><ref-list><ref id="B1"><element-citation publication-type="book"><source>Adolescência normal</source><date><year>1981</year></date><person-group><name><surname>ABERASTURY</surname><given-names>Arminda</given-names></name><name><surname>KNOBEL</surname><given-names>Maurício</given-names></name><name><surname>ABERASTURY</surname><given-names>Arminda</given-names></name><name><surname>KNOBEL</surname><given-names>Maurício</given-names></name></person-group></element-citation></ref><ref id="B2"><element-citation publication-type="book"><source>A deseducação sexual</source><date><year>1985</year></date><person-group><name><surname>BERNARDI</surname><given-names>Marcelo</given-names></name><name><surname>BERNARDI</surname><given-names>Marcelo</given-names></name></person-group></element-citation></ref><ref id="B3"><element-citation publication-type="article"><article-title>A mudança corporal na adolescência: a grande metamorfose</article-title><source>Temas sobre Desenvolvimento</source><date><year>2004</year></date><fpage>29</fpage><lpage>38</lpage><issue>72</issue><volume>12</volume><person-group><name><surname>BRÊTAS</surname><given-names>José R. S.</given-names></name></person-group></element-citation></ref><ref id="B4"><element-citation publication-type="article"><article-title>Orientação sexual para adolescentes: um relato de experiência</article-title><source>Acta Paulista de Enfermagem</source><date><year>2005</year></date><fpage>326</fpage><lpage>33</lpage><issue>3</issue><volume>18</volume><person-group><name><surname>BRÊTAS</surname><given-names>José R. S.</given-names></name><name><surname>SILVA</surname><given-names>Conceição V.</given-names></name></person-group></element-citation></ref><ref id="B5"><element-citation publication-type="book"><source>Enfermagem e saúde do adulto</source><date><year>2006</year></date><fpage>11</fpage><lpage>25</lpage><person-group><name><surname>BRÊTAS</surname><given-names>José R. S.</given-names></name><name><surname>LIMA</surname><given-names>Renata C.</given-names></name><name><surname>YAMAGUTI</surname><given-names>Lie</given-names></name><name><surname>BRÊTAS</surname><given-names>Ana C. P.</given-names></name><name><surname>GAMBA</surname><given-names>Mônica A.</given-names></name><name><surname>BRÊTAS</surname><given-names>Ana C. P.</given-names></name><name><surname>GAMBA</surname><given-names>Mônica A.</given-names></name></person-group></element-citation></ref><ref id="B6"><element-citation publication-type="book"><source>Microfísica do poder</source><date><year>1979</year></date><person-group><name><surname>FOUCAULT</surname><given-names>Michel</given-names></name><name><surname>FOUCAULT</surname><given-names>Michel</given-names></name></person-group></element-citation></ref><ref id="B7"><element-citation publication-type="book"><source>Vigiar e punir: história da violência nas prisões</source><date><year>1987</year></date><person-group><name><surname>FOUCAULT</surname><given-names>Michel</given-names></name></person-group></element-citation></ref><ref id="B8"><element-citation publication-type="book"><source>História da sexualidade I: a vontade de saber</source><date><year>1988</year></date><person-group><name><surname>FOUCAULT</surname><given-names>Michel</given-names></name></person-group></element-citation></ref><ref id="B9"><element-citation publication-type="book"><source>Pedagogia da autonomia: saberes necessários à prática educativa</source><date><year>1996</year></date><person-group><name><surname>FREIRE</surname><given-names>Paulo</given-names></name><name><surname>FREIRE</surname><given-names>Paulo</given-names></name></person-group></element-citation></ref><ref id="B10"><element-citation publication-type="article"><article-title>Educação sexual formal na adolescência: contribuições à construção de projetos educativos</article-title><source>Acta Paulista de Enfermagem</source><date><year>2000</year></date><fpage>27</fpage><lpage>37</lpage><issue>1</issue><volume>13</volume><person-group><name><surname>MANDÚ</surname><given-names>Edir N. T.</given-names></name><name><surname>CORRÊA</surname><given-names>Áurea C. P.</given-names></name></person-group></element-citation></ref><ref id="B11"><element-citation publication-type="book"><source>Sexualidade na escola: alternativas teóricas e práticas</source><date><year>1997</year></date><fpage>71</fpage><lpage>86</lpage><person-group><name><surname>MEIRELLES</surname><given-names>João A. B.</given-names></name><name><surname>AQUINO</surname><given-names>Julio G.</given-names></name><name><surname>AQUINO</surname><given-names>Julio G.</given-names></name></person-group></element-citation></ref><ref id="B12"><element-citation publication-type="book"><source>Representações sociais: investigações em psicologia social</source><date><year>2003</year></date><person-group><name><surname>MOSCOVICI</surname><given-names>Serge</given-names></name><name><surname>MOSCOVICI</surname><given-names>Serge</given-names></name></person-group></element-citation></ref><ref id="B13"><element-citation publication-type="book"><source>Psicologia de massas do fascismo</source><date><year>1988</year></date><person-group><name><surname>REICH</surname><given-names>Wilhelm</given-names></name><name><surname>REICH</surname><given-names>Wilhelm</given-names></name></person-group></element-citation></ref><ref id="B14"><element-citation publication-type="book"><source>Políticas públicas de/para/com juventudes</source><date><year>2004</year></date><person-group><name><surname>RODRIGUEZ</surname><given-names>Ernesto</given-names></name><name><surname>RODRIGUEZ</surname><given-names>Ernesto</given-names></name></person-group></element-citation></ref><ref id="B15"><element-citation publication-type="book"><source>Guia de orientação sexual: diretrizes e metodologia</source><date><year>1994</year></date><person-group><name><surname>SUPLICY</surname><given-names>Marta</given-names></name><name><surname>SUPLICY</surname><given-names>Marta</given-names></name></person-group></element-citation></ref></ref-list></back></article></articles>