<articles xmlns:xsi="http://www.w3.org/2001/XMLSchema-instance" xsi:schemaLocation="https://raw.githubusercontent.com/scieloorg/articles_meta/master/tests/xsd/scielo_sci/ThomsonReuters_publishing.xsd" dtd-version="1.10"><article lang_id="pt" article-type="research-article"><front><journal-meta><journal-id journal-id-type="publisher">tes</journal-id><journal-title-group><journal-title>Trabalho, Educação e Saúde</journal-title><abbrev-journal-title>Trab. educ. saúde</abbrev-journal-title></journal-title-group><issn>1981-7746</issn><collection>SciELO Brazil</collection><publisher><publisher-name>Fundação Oswaldo Cruz, Escola Politécnica de Saúde Joaquim Venâncio</publisher-name></publisher></journal-meta><article-meta><unique-article-id pub-id-type="publisher-id">S1981-77462014000200006</unique-article-id><article-id pub-id-type="publisher-id">S1981-77462014000200006</article-id><article-id pub-id-type="doi">10.1590/S1981-77462014000200006</article-id><article-categories><subj-group><subject>EDUCATION &amp; EDUCATIONAL RESEARCH</subject><subject>PUBLIC, ENVIRONMENTAL &amp; OCCUPATIONAL HEALTH</subject></subj-group></article-categories><title-group><article-title lang_id="pt">Modelo de atenção primária à saúde na Venezuela, misión barrio adentro I: 2003-2006</article-title><trans-title-group lang_id="es"><trans-title>Modelo de atención primaria de salud en Venezuela, misión barrio adentro I: 2003-2006</trans-title></trans-title-group><trans-title-group lang_id="en"><trans-title>Model of primary health care in Venezuela, misión barrio adentro I: 2003-2006</trans-title></trans-title-group></title-group><contrib-group><contrib contrib-type="author"><name><surname>Henrique</surname><given-names>Flávia</given-names></name><role>ND</role><xref ref-type="aff" rid="A01"/></contrib><contrib contrib-type="author"><name><surname>Da Ros</surname><given-names>Marco Aurélio</given-names></name><role>ND</role><xref ref-type="aff" rid="A02"/></contrib><contrib contrib-type="author"><name><surname>Goronzi</surname><given-names>Thaise Alana</given-names></name><role>ND</role><xref ref-type="aff" rid="A03"/></contrib><contrib contrib-type="author"><name><surname>Soares</surname><given-names>Giovana Bacilieri</given-names></name><role>ND</role><xref ref-type="aff" rid="A04"/></contrib><contrib contrib-type="author"><name><surname>Gama</surname><given-names>Lígia de Almeida</given-names></name><role>ND</role><xref ref-type="aff" rid="A05"/></contrib></contrib-group><aff id="A05"><institution>Universidade Federal de Santa Catarina</institution><country>Brazil</country></aff><aff id="A01"><institution>Prefeitura Municipal de Florianópolis</institution><country>Brazil</country></aff><aff id="A02"><institution>Universidade Federal de Santa Catarina</institution><country>Brazil</country></aff><aff id="A04"><institution>Universidade Federal de Santa Catarina</institution><country>Brazil</country></aff><aff id="A03"><institution>Universidade Federal de Santa Catarina</institution><country>Brazil</country></aff><pub-date><month>08</month><year>2014</year></pub-date><volume>12</volume><issue>2</issue><fpage>305</fpage><lpage>326</lpage><permissions><license license-type="open-access" href="http://creativecommons.org/licenses/by-nc/4.0/"><license-p>This work is licensed under a Creative Commons Attribution-NonCommercial 4.0 International License.</license-p></license></permissions><self-uri href="http://www.scielo.br/scielo.php?script=sci_arttext&amp;pid=S1981-77462014000200006&amp;lng=en&amp;tlng=en" content-type="full_text_page"/><self-uri href="http://www.scielo.br/scielo.php?script=sci_issuetoc&amp;pid=1981-774620140002&amp;lng=en" content-type="issue_page"/><self-uri href="http://www.scielo.br/scielo.php?script=sci_serial&amp;pid=1981-7746&amp;lng=en" content-type="journal_page"/><abstract lang_id="pt"><p>Este artigo descreve o modelo de atenção primária à saúde da Venezuela: Misión Barrio Adentro I. O método utilizado foi o estudo de caso por meio de análise documental, roteiro de observação e entrevistas obtidas em campo durante os meses de julho e agosto de 2006. Os resultados mostram que a Misión Barrio Adentro está se estruturando rapidamente, com a construção de consultórios populares e desenvolvimento do Sistema Público Nacional de Saúde, que garantem referência e contrarreferência. O processo está baseado no trabalho em equipe, predominam atividades curativas, com desenvolvimento de atividades de prevenção e forte participação popular. Embora as metas estejam sendo atingidas, têm sido pouco documentadas. Este estudo permitiu ampliar o conhecimento acerca dos diferentes modelos de atenção primária em saúde implantados na América Latina, em um contexto de transformação social.</p></abstract><trans-abstract lang_id="es"><p>Este artículo describe el modelo de atención primaria de la salud de Venezuela: Misión Barrio Adentro I. El método utilizado fue el estudio de caso a través del análisis documental, guía de observación y entrevistas obtenidas en campo, durante los meses de julio y agosto de 2006. Los resultados muestran que la Misión Barrio Adentro está tomando forma rápidamente, con la construcción de consultorios populares y el desarrollo del Sistema Público Nacional de Salud, que aseguran referencia y contrarreferencia. El proceso se basa en el trabajo en equipo, predominan las actividades curativas, con el desarrollo de actividades de prevención y fuerte participación popular. Aunque se están logrando las metas, éstas han sido poco documentadas. Este estudio permitió ampliar el conocimiento sobre los diferentes modelos de atención primaria de la salud implantados en América Latina, en un ámbito de transformación social.</p></trans-abstract><trans-abstract lang_id="en"><p>This article describes the model of primary health care in Venezuela: Misión Barrio Adentro I. This is a case study analyzing documents, observation guidelines, and interviews obtained in the field during the months of July and August, 2006. The results show that Misión Barrio Adentro is taking shape rapidly, with the construction of popular practices and the development of the National Public Health System, which ensure references and counterreferences. The process is based on teamwork, under which healing activities predominate, with prevention activities and strong community participation. Although the goals are being achieved, they have been poorly documented. This study allowed knowledge concerning the different models of primary health care deployed in Latin America in a context of social transformation to be enhanced.</p></trans-abstract><kwd-group lang_id="pt" kwd-group-type="author-generated"><kwd>sistemas de saúde</kwd><kwd>atenção primária à saúde</kwd><kwd>estudos de caso</kwd></kwd-group><kwd-group lang_id="es" kwd-group-type="author-generated"><kwd>sistemas de salud</kwd><kwd>atención primaria de la salud</kwd><kwd>estudios de caso</kwd></kwd-group><kwd-group lang_id="en" kwd-group-type="author-generated"><kwd>health systems</kwd><kwd>primary health care</kwd><kwd>case studies</kwd></kwd-group></article-meta></front><back><ref-list><ref id="B1"><element-citation publication-type="book"><source>Sala situacional: instrumento para la vigilancia en salud pública</source><date><year>2006</year></date><person-group><name><surname>BERGONZOLI</surname><given-names>Gustavo</given-names></name><name><surname>BERGONZOLI</surname><given-names>Gustavo</given-names></name></person-group><ext-link>www.msal.gov.ar/saladesituacion/Biblio/Sala_situacional.G.Bergonzoli.pdf</ext-link></element-citation></ref><ref id="B2"><element-citation publication-type="article"><article-title>Un nuevo modelo formativo de médicos en la Universidad Barrio Adentro, República Bolivariana de Venezuela</article-title><source>Educación Medica Superior [on line]</source><date><year>2010</year></date><fpage>111</fpage><lpage>135</lpage><issue>1</issue><volume>24</volume><person-group><name><surname>BORROTO CRUZ</surname><given-names>Eugenio R</given-names></name><name><surname>SALAS PEREA</surname><given-names>Ramón S</given-names></name><name><surname>DIAZ ROJAS</surname><given-names>Pedro A</given-names></name></person-group><ext-link>http://scielo.sld.cu/scielo.php?script=sci_arttext&amp;pid=S0864-21412010000100013&amp;lng=es&amp;nrm=iso</ext-link></element-citation></ref><ref id="B3"><element-citation publication-type="book"><source>Chávez: un hombre que anda por ahí - una entrevista com Hugo Chávez</source><date><year>2005</year></date><person-group><name><surname>GUEVARA</surname><given-names>Aleida</given-names></name><name><surname>GUEVARA</surname><given-names>Aleida</given-names></name></person-group></element-citation></ref><ref id="B4"><element-citation publication-type="article"><article-title>O referendo na Venezuela: um ato em um drama inacabado</article-title><source>Novos Estudos: Cebrap</source><date><year>2005</year></date><fpage>5</fpage><lpage>18</lpage><issue>72</issue><person-group><name><surname>McCOY</surname><given-names>Jennifer</given-names></name></person-group></element-citation></ref><ref id="B5"><element-citation publication-type="book"><source>Barrio Adentro: derecho a la salud e inclusión social en Venezuela</source><date><year>2006</year></date><ext-link>www.bvs.org.ve/libros/Barrio_Adentro_Derecho_a_la_Salud_e_Inclusion_Social.pdf</ext-link></element-citation></ref><ref id="B6"><element-citation publication-type="book"><source>Salud en las Américas. Volumen II - Países</source><date><year>2007</year></date><ext-link>www.paho.org/cor/index.php?option=com_docman&amp;task=doc_view&amp;gid=257&amp;Itemid</ext-link></element-citation></ref><ref id="B7"><element-citation publication-type="book"><source>Situación de salud en las Americas: indicadores básicos, 2011</source><date><year>2011</year></date><ext-link>www.paho.org/arg/images/Gallery/publicaciones/IndicadoresBsicos2011Amricas.pdf</ext-link></element-citation></ref><ref id="B8"><element-citation publication-type="book"><source>Misión Barrio Adentro: rescate de la Atención Primaria de Salud en Venezuela</source><date><year>2005</year></date><person-group><name><surname>RODRÍGUEZ</surname><given-names>Robert</given-names></name><name><surname>RODRÍGUEZ</surname><given-names>Robert</given-names></name></person-group></element-citation></ref><ref id="B9"><element-citation publication-type="book"><source>Una interpretación de la Misión Barrio Adentro: salud, medicina general integral y formación de talento humano desde la perspectiva de un trabajador de la salud</source><date><year>2004</year></date><person-group><name><surname>SINTES</surname><given-names>Roberto A</given-names></name><name><surname>PINA</surname><given-names>Indira B</given-names></name><name><surname>SINTES</surname><given-names>Roberto A</given-names></name><name><surname>PINA</surname><given-names>Indira B</given-names></name></person-group></element-citation></ref><ref id="B10"><element-citation publication-type="book"><source>Constituición de la República Bolivariana de Venezuela con exposición de motivos</source><date><year>2000</year></date></element-citation></ref><ref id="B11"><element-citation publication-type="book"><source>Acordo Cuba-Venezuela</source><date><year>2000</year></date><ext-link>www.embajadacuba.com.ve/cubavenezuela/conveniocolaboracion</ext-link></element-citation></ref><ref id="B12"><element-citation publication-type="book"><source>Barrio Adentro: Expresión de Atención Primaria de Salud (Un proceso de construcción permanente)</source><date><year>2005</year></date><ext-link>http://cybersais.unlugar.com/BarrioadentroIdocumentobase1.pdf</ext-link></element-citation></ref><ref id="B13"><element-citation publication-type="book"><source>Introducción a la situación de salud en Venezuela: texto básico</source><date><year>2005</year></date></element-citation></ref><ref id="B14"><element-citation publication-type="book"><source>Las misiones bolivarianas</source><date><month>07</month><year>2005</year></date></element-citation></ref><ref id="B15"><element-citation publication-type="book"><source>Algo más que la salud. Programa de televisão transmitido pela TV VEN, produzido pelo Ministério da Saúde e Desenvolvimento Social da Venezuela. Esp. 90 minutos</source><date><year>2006</year></date></element-citation></ref></ref-list></back></article></articles>