<articles xmlns:xsi="http://www.w3.org/2001/XMLSchema-instance" xsi:schemaLocation="https://raw.githubusercontent.com/scieloorg/articles_meta/master/tests/xsd/scielo_sci/ThomsonReuters_publishing.xsd" dtd-version="1.10"><article lang_id="pt" article-type="research-article"><front><journal-meta><journal-id journal-id-type="publisher">tes</journal-id><journal-title-group><journal-title>Trabalho, Educação e Saúde</journal-title><abbrev-journal-title>Trab. educ. saúde</abbrev-journal-title></journal-title-group><issn>1981-7746</issn><collection>SciELO Brazil</collection><publisher><publisher-name>Fundação Oswaldo Cruz, Escola Politécnica de Saúde Joaquim Venâncio</publisher-name></publisher></journal-meta><article-meta><unique-article-id pub-id-type="publisher-id">S1981-77462014000100003</unique-article-id><article-id pub-id-type="publisher-id">S1981-77462014000100003</article-id><article-id pub-id-type="doi">10.1590/S1981-77462014000100003</article-id><article-categories><subj-group><subject>EDUCATION &amp; EDUCATIONAL RESEARCH</subject><subject>PUBLIC, ENVIRONMENTAL &amp; OCCUPATIONAL HEALTH</subject></subj-group></article-categories><title-group><article-title lang_id="pt">Apoio Institucional Paideia como estratégia para educação permanente em saúde</article-title><trans-title-group lang_id="en"><trans-title>Paideia Institutional Support as a strategy for continuous education in health</trans-title></trans-title-group><trans-title-group lang_id="es"><trans-title>Apoyo Institucional Paideia como estrategia para la educación continua en la salud</trans-title></trans-title-group></title-group><contrib-group><contrib contrib-type="author"><name><surname>Castro</surname><given-names>Cristiane Pereira de</given-names></name><role>ND</role></contrib><contrib contrib-type="author"><name><surname>Campos</surname><given-names>Gastão Wagner de Sousa</given-names></name><role>ND</role></contrib></contrib-group><aff id="A01"><institution>Universidade Estadual de Campinas</institution><country>Brazil</country></aff><aff id="A02"><institution>Universidade Estadual de Campinas</institution><country>Brazil</country></aff><pub-date><month>04</month><year>2014</year></pub-date><volume>12</volume><issue>1</issue><fpage>29</fpage><lpage>50</lpage><permissions><license license-type="open-access" href="http://creativecommons.org/licenses/by-nc/4.0/"><license-p>This work is licensed under a Creative Commons Attribution-NonCommercial 4.0 International License.</license-p></license></permissions><self-uri href="http://www.scielo.br/scielo.php?script=sci_arttext&amp;pid=S1981-77462014000100003&amp;lng=en&amp;tlng=en" content-type="full_text_page"/><self-uri href="http://www.scielo.br/scielo.php?script=sci_issuetoc&amp;pid=1981-774620140001&amp;lng=en" content-type="issue_page"/><self-uri href="http://www.scielo.br/scielo.php?script=sci_serial&amp;pid=1981-7746&amp;lng=en" content-type="journal_page"/><abstract lang_id="pt"><p>Trata-se de uma pesquisa-intervenção do tipo apoio. Nesta investigação, avaliaram-se os efeitos do curso-intervenção Cogestão da Clínica Ampliada e Compartilhada, especialmente no que se refere à incorporação de saberes que auxiliam os profissionais a desenvolverem a capacidade de trabalhar em rede, em equipe e com cogestão do trabalho em saúde. O curso foi oferecido aos profissionais que compunham as equipes do Centro de Saúde Aeroporto e do Centro de Atenção Psicossocial David Capistrano e a apoiadores institucionais do Distrito Sudoeste de Campinas, São Paulo. Para a produção de dados, utilizaram-se duas técnicas: observação e realização de grupos focais de avaliação com os profissionais que participaram do curso. Constataram-se mudanças relevantes nos profissionais no que diz respeito às dimensões clínica, político-institucional e do governo de si mesmos.</p></abstract><trans-abstract lang_id="en"><p>This is a support-type research intervention. This study evaluated the effects of the Extended and Shared Clinic Comanagement course-intervention, especially with regard to the incorporation of knowledge that helps professionals develop the ability to network, to work in teams, and to co-manage health work. The course was offered to professionals comprising the Airport Health Center and the David Capistrano Psychosocial Care Center teams and institutional supporters of the Southwest District of Campinas, São Paulo. Two techniques were used to generate the data: Observation and conducting assessment focus groups with the professionals who took part in the course. Relevant changes were noted among the professionals with regard to their own clinical, political-institutional and government dimensions.</p></trans-abstract><trans-abstract lang_id="es"><p>Se trata de una investigación-intervención, de tipo apoyo. En esta investigación se evaluaron los efectos del curso-intervención Cogestión de la Clínica Ampliada y Compartida, especialmente en lo tocante a la incorporación de saberes que ayudan a los profesionales a desarrollar la capacidad de trabajar en red, en equipo y con cogestión del trabajo en la salud. El curso se ofreció a los profesionales integrantes de los equipos del Centro de Salud Aeropuerto y del Centro de Atención Psicosocial David Capistrano y a colaboradores institucionales del Distrito Sudoeste de Campinas, San Pablo. Para la producción de datos, se utilizaron dos técnicas: observación y realización de grupos focales de evaluación con los profesionales que participaron en el curso. Se constataron cambios relevantes en los profesionales en lo que respecta a las dimensiones clínica, política e institucional y del gobierno de sí mismos.</p></trans-abstract><kwd-group lang_id="en" kwd-group-type="author-generated"><kwd>health education</kwd><kwd>institutional support</kwd><kwd>Paideia Method</kwd><kwd>continuing health education</kwd></kwd-group><kwd-group lang_id="es" kwd-group-type="author-generated"><kwd>capacitación en salud</kwd><kwd>apoyo institucional</kwd><kwd>Método Paideia</kwd><kwd>educación permanente en salud</kwd></kwd-group><kwd-group lang_id="pt" kwd-group-type="author-generated"><kwd>formação em saúde</kwd><kwd>apoio institucional</kwd><kwd>Método Paideia</kwd><kwd>educação permanente em saúde</kwd></kwd-group></article-meta></front><back><ref-list><ref id="B1"><element-citation publication-type="book"><source>O médico, o paciente e sua doença</source><date><year>1988</year></date><person-group><name><surname>BALINT</surname><given-names>Michael</given-names></name><name><surname>BALINT</surname><given-names>Michael</given-names></name></person-group></element-citation></ref><ref id="B2"><element-citation publication-type="book"><source>Pesquisa participante</source><date><year>1981</year></date><person-group><name><surname>BRANDÃO</surname><given-names>Carlos R.</given-names></name><name><surname>BRANDÃO</surname><given-names>Carlos R.</given-names></name></person-group></element-citation></ref><ref id="B3"><element-citation publication-type="book"><source>Um método para análise e cogestão de coletivos</source><date><year>2005</year></date><person-group><name><surname>CAMPOS</surname><given-names>Gastão W. de S.</given-names></name><name><surname>CAMPOS</surname><given-names>Gastão W. de S.</given-names></name></person-group></element-citation></ref><ref id="B4"><element-citation publication-type="book"><source>Cadernos HumanizaSUS</source><date><year>2010</year></date><fpage>129</fpage><lpage>141</lpage><person-group><name><surname>CAMPOS</surname><given-names>Gastão W. de S.</given-names></name></person-group></element-citation></ref><ref id="B5"><element-citation publication-type="thesis"><source>Avaliação da utilização do método de Apoio Paidéia para a formação em saúde: clínica ampliada e cogestão</source><date><year>2012</year></date><person-group><name><surname>CASTRO</surname><given-names>Cristiane de P.</given-names></name><name><surname>CASTRO</surname><given-names>Cristiane de P.</given-names></name></person-group></element-citation></ref><ref id="B6"><element-citation publication-type="article"><article-title>Educação permanente em saúde: descentralização e disseminação de capacidade pedagógica na saúde</article-title><source>Ciência &amp; Saúde Coletiva</source><date><year>2005</year></date><fpage>975</fpage><lpage>986</lpage><volume>10</volume><person-group><name><surname>CECCIM</surname><given-names>Ricardo Burg</given-names></name></person-group></element-citation></ref><ref id="B7"><element-citation publication-type="thesis"><source>Grupos Balint Paidéia: uma contribuição para a cogestão e a clínica ampliada na Atenção Básica</source><date><year>2009</year></date><person-group><name><surname>CUNHA</surname><given-names>Gustavo T.</given-names></name><name><surname>CUNHA</surname><given-names>Gustavo T.</given-names></name></person-group></element-citation></ref><ref id="B8"><element-citation publication-type="book"><source>Repensando a pesquisa participante</source><date><year>1999</year></date><fpage>15</fpage><lpage>50</lpage><person-group><name><surname>GAJARDO</surname><given-names>Marcela</given-names></name><name><surname>BRANDÃO</surname><given-names>Carlos R.</given-names></name><name><surname>BRANDÃO</surname><given-names>Carlos R.</given-names></name></person-group></element-citation></ref><ref id="B9"><element-citation publication-type="thesis"><source>O método do apoio Paidéia no hospital: descrição e análise de uma experiência no HC-Unicamp</source><date><year>2010</year></date><person-group><name><surname>MASSUDA</surname><given-names>Adriano</given-names></name><name><surname>MASSUDA</surname><given-names>Adriano</given-names></name></person-group></element-citation></ref><ref id="B10"><element-citation publication-type="book"><source>O desafio do conhecimento: pesquisa qualitativa em saúde</source><date><year>2000</year></date><person-group><name><surname>MINAYO</surname><given-names>Maria Cecília S.</given-names></name><name><surname>MINAYO</surname><given-names>Maria Cecília S.</given-names></name></person-group></element-citation></ref><ref id="B11"><element-citation publication-type="book"><source>Avaliação por triangulação de métodos: abordagem de programas sociais</source><date><year>2005</year></date><person-group><name><surname>MINAYO</surname><given-names>Maria Cecília S.</given-names></name><name><surname>MINAYO</surname><given-names>Maria Cecília S.</given-names></name><name><surname>ASSIS</surname><given-names>Simone G;</given-names></name><name><surname>SOUZA</surname><given-names>Ednilsa R.</given-names></name><name><surname>MINAYO</surname><given-names>Maria Cecília S.</given-names></name><name><surname>ASSIS</surname><given-names>Simone G;</given-names></name><name><surname>SOUZA</surname><given-names>Ednilsa R.</given-names></name></person-group></element-citation></ref><ref id="B12"><element-citation publication-type="article"><article-title>Transformar as práticas para conhecê-las: pesquisa-ação e profissionalização docente</article-title><source>Revista Educação e Pesquisa</source><date><year>2005</year></date><fpage>467</fpage><lpage>482</lpage><issue>3</issue><volume>31</volume><person-group><name><surname>MONCEAU</surname><given-names>Gilles</given-names></name></person-group></element-citation></ref><ref id="B13"><element-citation publication-type="book"><source>Focus groups as qualitative research</source><date><year>1997</year></date><person-group><name><surname>MORGAN</surname><given-names>David</given-names></name><name><surname>MORGAN</surname><given-names>David</given-names></name></person-group></element-citation></ref><ref id="B14"><element-citation publication-type="book"><source>Manual de práticas de atenção básica: saúde ampliada e compartilhada</source><date><year>2008</year></date><fpage>247</fpage><lpage>272</lpage><person-group><name><surname>OLIVEIRA</surname><given-names>Gustavo N.</given-names></name><name><surname>FURLAN</surname><given-names>Paula G.</given-names></name><name><surname>CAMPOS</surname><given-names>Gastão W. de S.</given-names></name><name><surname>GUERRERO</surname><given-names>André V. P.</given-names></name><name><surname>CAMPOS</surname><given-names>Gastão W. de S.</given-names></name><name><surname>GUERRERO</surname><given-names>André V. P.</given-names></name></person-group></element-citation></ref><ref id="B15"><element-citation publication-type="book"><source>Pesquisa qualitativa em saúde: múltiplos olhares</source><date><year>2005</year></date><fpage>261</fpage><lpage>71</lpage><person-group><name><surname>ONOCKO</surname><given-names>Rosana C.</given-names></name><name><surname>BARROS</surname><given-names>Nelson F.</given-names></name><name><surname>CECATTI</surname><given-names>José G.</given-names></name><name><surname>TURATO</surname><given-names>Egberto R.</given-names></name><name><surname>BARROS</surname><given-names>Nelson F.</given-names></name><name><surname>CECATTI</surname><given-names>José G.</given-names></name><name><surname>TURATO</surname><given-names>Egberto R.</given-names></name></person-group></element-citation></ref><ref id="B16"><element-citation publication-type="book"><source>Tratado de Saúde Coletiva</source><date><year>2007</year></date><fpage>669</fpage><lpage>88</lpage><person-group><name><surname>ONOCKO</surname><given-names>Rosana C.</given-names></name><name><surname>CAMPOS</surname><given-names>Gastão W. de S.</given-names></name><name><surname>CAMPOS</surname><given-names>Gastão W. de S.</given-names></name><name><surname>CAMPOS</surname><given-names>Gastão W. de S.</given-names></name></person-group></element-citation></ref><ref id="B17"><element-citation publication-type="book"><source>Tempo e narrativa</source><date><year>1997</year></date><person-group><name><surname>RICOEUR</surname><given-names>Paul</given-names></name><name><surname>RICOEUR</surname><given-names>Paul</given-names></name></person-group></element-citation></ref><ref id="B18"><element-citation publication-type="article"><article-title>Pesquisa-intervenção e a produção de novas análises</article-title><source>Psicologia: Ciência e Profissão</source><date><year>2003</year></date><fpage>64</fpage><lpage>73</lpage><issue>4</issue><volume>23</volume><person-group><name><surname>ROCHA</surname><given-names>Marisa L.</given-names></name><name><surname>AGUIAR</surname><given-names>Katia F.</given-names></name></person-group></element-citation></ref></ref-list></back></article></articles>