<articles xmlns:xsi="http://www.w3.org/2001/XMLSchema-instance" xsi:schemaLocation="https://raw.githubusercontent.com/scieloorg/articles_meta/master/tests/xsd/scielo_sci/ThomsonReuters_publishing.xsd" dtd-version="1.10"><article lang_id="pt" article-type="research-article"><front><journal-meta><journal-id journal-id-type="publisher">tes</journal-id><journal-title-group><journal-title>Trabalho, Educação e Saúde</journal-title><abbrev-journal-title>Trab. educ. saúde</abbrev-journal-title></journal-title-group><issn>1981-7746</issn><collection>SciELO Brazil</collection><publisher><publisher-name>Fundação Oswaldo Cruz, Escola Politécnica de Saúde Joaquim Venâncio</publisher-name></publisher></journal-meta><article-meta><unique-article-id pub-id-type="publisher-id">S1981-77462015000200301</unique-article-id><article-id pub-id-type="publisher-id">S1981-77462015000200301</article-id><article-id pub-id-type="doi">10.1590/1981-7746-sip00011</article-id><article-categories><subj-group><subject>EDUCATION &amp; EDUCATIONAL RESEARCH</subject><subject>PUBLIC, ENVIRONMENTAL &amp; OCCUPATIONAL HEALTH</subject></subj-group></article-categories><title-group><article-title lang_id="pt">O legado da construção do sistema de proteção social brasileiro para a intersetorialidade</article-title><trans-title-group lang_id="es"><trans-title>El legado de la construcción del sistema de protección social brasileño para la intersectorialidad</trans-title></trans-title-group><trans-title-group lang_id="en"><trans-title>The legacy of the construction of the brazilian social protection system for intersectoriality</trans-title></trans-title-group></title-group><contrib-group><contrib contrib-type="author"><name><surname>Rezende</surname><given-names>Mônica de</given-names></name><role>ND</role><xref ref-type="aff" rid="AFF1"/></contrib><contrib contrib-type="author"><name><surname>Baptista</surname><given-names>Tatiana Wargas de Faria</given-names></name><role>ND</role><xref ref-type="aff" rid="AFF2"/></contrib><contrib contrib-type="author"><name><surname>Amâncio Filho</surname><given-names>Antenor</given-names></name><role>ND</role><xref ref-type="aff" rid="AFF3"/></contrib></contrib-group><aff id="AFF3"><institution>Fundação Oswaldo Cruz</institution><country>Brazil</country></aff><aff id="AFF1"><institution>Fundação Oswaldo Cruz</institution><country>Brazil</country></aff><aff id="AFF2"><institution>Fundação Oswaldo Cruz</institution><country>Brazil</country></aff><pub-date><month>08</month><year>2015</year></pub-date><volume>13</volume><issue>2</issue><fpage>301</fpage><lpage>322</lpage><permissions><license license-type="open-access" href="http://creativecommons.org/licenses/by-nc/4.0/"><license-p>This work is licensed under a Creative Commons Attribution-NonCommercial 4.0 International License.</license-p></license></permissions><self-uri href="http://www.scielo.br/scielo.php?script=sci_arttext&amp;pid=S1981-77462015000200301&amp;lng=en&amp;tlng=en" content-type="full_text_page"/><self-uri href="http://www.scielo.br/scielo.php?script=sci_issuetoc&amp;pid=1981-774620150002&amp;lng=en" content-type="issue_page"/><self-uri href="http://www.scielo.br/scielo.php?script=sci_serial&amp;pid=1981-7746&amp;lng=en" content-type="journal_page"/><abstract lang_id="pt"><p>Este estudo buscou compreender quais os limites e possibilidades para a intersetorialidade foram gerados no processo de conformação do sistema de proteção social brasileiro. Ele se justifica pela potencialidade atribuída à intersetorialidade de superar a fragmentação dos conhecimentos e estruturas da sociedade, criando espaços de compartilhamento e diálogo necessários à solução dos problemas complexos, bem como pela possibilidade de entender os desafios que se colocam diante do dilema de operar questões intersetoriais em ambientes tradicionalmente setoriais. O texto dividese em três partes: primeiro, trabalhase a noção de 'intersetorialidade'; em seguida, delineiase a construção e as características do sistema de proteção social brasileiro; finalmente, discutese como a conformação institucional resultante de sua configuração interfere na forma de articular políticas sociais. Concluiuse que o processo de desenvolvimento e a trajetória de construção do sistema de proteção social brasileiro foram marcados por elementos que produziram um ambiente pouco favorável à intersetorialidade. Um primeiro esboço de articulação intersetorial ocorreu no escopo da discussão sobre o 'desenvolvimento social', que aconteceu tardiamente no Brasil, e parece ter tentado reverter o estigma de baixa eficácia e efetividade das políticas sociais. Entretanto, pouco se avançou nessa direção, e a forma corrente de designar a intervenção social do Estado continua sendo no plural (políticas sociais) e setorialmente referida.</p></abstract><trans-abstract lang_id="es"><p>Este estudio tuvo como objetivo comprender qué límites y posibilidades para la intersectorialidad se generaron en el proceso de conformación del sistema de protección social brasileño. Se justifica por el potencial atribuido a la intersectorialidad para superar la fragmentación de los conocimientos y de las estructuras de la sociedad, creando espacios de intercambio y diálogo necesarios para la solución de los problemas complejos, así como por la posibilidad de entender los desafíos que se enfrentan al dilema de operar cuestiones intersectoriales en ambientes tradicionalmente sectoriales. El texto está dividido en tres partes: primero, se trabaja la noción de ‘intersectorialialidad’; luego se esboza la construcción y las características del sistema de protección social brasileño; finalmente, se discute cómo la conformación institucional resultante de la configuración interfiere en la forma de articular políticas sociales. Se concluyó que el proceso de desarrollo y la trayectoria de la construcción del sistema de protección social brasileño fueron marcados por elementos que produjeron un ambiente poco favorable a la intersectorialidad. Un primer esbozo de articulación intersectorial se produjo en el marco de la discusión sobre el ‘desarrollo social’, que ocurrió tardíamente en Brasil, y parece que ha tratado de revertir el estigma de baja eficacia y eficiencia de las políticas sociales. Sin embargo, se han hecho pocos progresos en esta dirección, y la forma corriente de designar la intervención social del Estado continúa siendo en plural (políticas sociales) y referida sectorialmente.</p></trans-abstract><trans-abstract lang_id="en"><p>This study aimed to understand the limits and possibilities for intersectorality that were created in the process of structuring the Brazilian social protection system. It is justified on the account of the potential attributed to intersectorality to overcome the fragmentation of knowledge and structures of society, creating the sharing and dialog spaces needed to solve complex issues and the ability to understand the challenges faced with the dilemma of operating intersectoral issues in traditionally sectoral environments. The text is divided into three parts: First, the notion of 'intersectionality' is worked on; the authors then outline the construction and characteristics of the Brazilian social protection system; finally, they discuss how the institutional conformation resulting from its configuration interferes in the form of joint social policies. It was concluded that the development process and the history of the construction of the Brazilian social protection system were marked by elements that produced an environment that is little favorable to intersectorality. A first draft of the intersectoral coordination occurred under the scope of the discussion on 'social development,' which took place late in Brazil and seems to have tried to reverse the stigma of little efficient and effective social policies. However, little progress has been made in this direction, and the current way of designating the State's social intervention remains plural (social policies) and sectorally referenced.</p></trans-abstract><kwd-group lang_id="es" kwd-group-type="author-generated"><kwd>intersectorialidad</kwd><kwd>protección social</kwd><kwd>política social</kwd><kwd>seguridad social</kwd></kwd-group><kwd-group lang_id="en" kwd-group-type="author-generated"><kwd>intersectorality</kwd><kwd>social protection</kwd><kwd>social policy</kwd><kwd>social security</kwd></kwd-group><kwd-group lang_id="pt" kwd-group-type="author-generated"><kwd>intersetorialidade</kwd><kwd>proteção social</kwd><kwd>política social</kwd><kwd>seguridade social</kwd></kwd-group></article-meta></front><back><ref-list><ref id="B1"><element-citation publication-type="book"><source>Políticas e sistemas de saúde no Brasil</source><date><year>2008</year></date><fpage>871</fpage><lpage>922</lpage><person-group><name><surname>ALMEIDA</surname><given-names>Célia</given-names></name><name><surname>GIOVANELLA</surname><given-names>Lígia</given-names></name><name><surname>GIOVANELLA</surname><given-names>Lígia</given-names></name></person-group></element-citation></ref><ref id="B2"><element-citation publication-type="book"><source>A democracia brasileira: balanço e perspectivas para o século 21</source><date><year>2007</year></date><fpage>17</fpage><lpage>37</lpage><person-group><name><surname>ALMEIDA</surname><given-names>Maria H. T. de</given-names></name><name><surname>MELO</surname><given-names>Carlos R.</given-names></name><name><surname>SÁEZ</surname><given-names>Manuel A.</given-names></name><name><surname>MELO</surname><given-names>Carlos R.</given-names></name><name><surname>SÁEZ</surname><given-names>Manuel A.</given-names></name></person-group></element-citation></ref><ref id="B3"><element-citation publication-type="article"><article-title>Intersetorialidade, transdisciplinaridade e saúde coletiva: atualizando um debate em aberto</article-title><source>Revista de Administração Pública</source><date><year>2000</year></date><fpage>11</fpage><lpage>34</lpage><issue>6</issue><volume>34</volume><person-group><name><surname>ALMEIDA FILHO</surname><given-names>Naomar D</given-names></name><name><surname>ALMEIDA FILHO</surname><given-names>Naomar D</given-names></name></person-group></element-citation></ref><ref id="B4"><element-citation publication-type="book"><source>A saúde e o dilema da intersetorialidade</source><date><year>2004</year></date><person-group><name><surname>ANDRADE</surname><given-names>Luiz O. M. de</given-names></name><name><surname>ANDRADE</surname><given-names>Luiz O. M. de</given-names></name></person-group></element-citation></ref><ref id="B5"><element-citation publication-type="book"><source>Caminhos e percalços da política de saúde no Brasil: vinte anos da Reforma Sanitária</source><date><year>1997</year></date><person-group><name><surname>BAPTISTA</surname><given-names>Tatiana W. de F</given-names></name><name><surname>BAPTISTA</surname><given-names>Tatiana W. de F</given-names></name></person-group></element-citation></ref><ref id="B6"><element-citation publication-type="article"><article-title>Análise das portarias ministeriais da saúde e reflexões sobre a condução nacional da política de saúde</article-title><source>Cadernos de Saúde Pública</source><date><year>2007</year></date><fpage>615</fpage><lpage>626</lpage><issue>3</issue><volume>23</volume><person-group><name><surname>BAPTISTA</surname><given-names>Tatiana W. de F.</given-names></name><name><surname>BAPTISTA</surname><given-names>Tatiana W. de F.</given-names></name></person-group></element-citation></ref><ref id="B7"><element-citation publication-type="book"><source>Dicionário de política</source><date><year>1998</year></date><person-group><name><surname>BOBBIO</surname><given-names>Norberto</given-names></name><name><surname>MATTEUCCI</surname><given-names>Nicola</given-names></name><name><surname>PASQUINO</surname><given-names>Gianfranco</given-names></name><name><surname>BOBBIO</surname><given-names>Norberto</given-names></name><name><surname>MATTEUCCI</surname><given-names>Nicola</given-names></name><name><surname>PASQUINO</surname><given-names>Gianfranco</given-names></name></person-group></element-citation></ref><ref id="B8"><element-citation publication-type="book"><source>Constituição Federal</source><date><year>1988</year></date></element-citation></ref><ref id="B9"><element-citation publication-type="article"><article-title>Dividir ou multiplicar: a distribuição de renda e a recuperação da economia brasileira</article-title><source>Visão</source><date><year>1970</year></date><person-group><name><surname>BRESSERPEREIRA</surname><given-names>Luiz C.</given-names></name><name><surname>BRESSERPEREIRA</surname><given-names>Luiz C.</given-names></name></person-group><ext-link>http://www.bresserpereira.org.br/papers/1970/ 979.Dividir_Multiplicar.70.pdf</ext-link></element-citation></ref><ref id="B10"><element-citation publication-type="book"><source>Promoción de la salud y la salud pública: una contribución para el debate entre las escuelas de salud pública de América Latina y el Caribe</source><date><year>2000</year></date><person-group><name><surname>BUSS</surname><given-names>Paulo M.</given-names></name><name><surname>BUSS</surname><given-names>Paulo M.</given-names></name></person-group></element-citation></ref><ref id="B11"><element-citation publication-type="book"><source>Cidadania no Brasil: o longo caminho</source><date><year>2004</year></date><person-group><name><surname>CARVALHO</surname><given-names>José M. de</given-names></name><name><surname>CARVALHO</surname><given-names>José M. de</given-names></name></person-group></element-citation></ref><ref id="B12"><element-citation publication-type="article"><article-title>A reforma da previdência social: virando a página da história?</article-title><source>São Paulo em Perspectiva</source><date><year>1995</year></date><fpage>54</fpage><lpage>59</lpage><issue>4</issue><volume>9</volume><person-group><name><surname>COHN</surname><given-names>Amélia</given-names></name><name><surname>COHN</surname><given-names>Amélia</given-names></name></person-group></element-citation></ref><ref id="B13"><element-citation publication-type="article"><article-title>O "welfare state" no Brasil: características e perspectivas</article-title><source>Cadernos de Pesquisas</source><date><year>1993</year></date><issue>8</issue><person-group><name><surname>DRAIBE</surname><given-names>Sônia. M.</given-names></name><name><surname>DRAIBE</surname><given-names>Sônia. M.</given-names></name></person-group></element-citation></ref><ref id="B14"><element-citation publication-type="book"><source>Brasil 19802000: proteção e insegurança sociais em tempos difíceis</source><date><year>2002</year></date><person-group><name><surname>DRAIBE</surname><given-names>Sônia M</given-names></name><name><surname>DRAIBE</surname><given-names>Sônia M</given-names></name></person-group><ext-link>http://www.enap.gov.br/downloads/ec43ea4fProtecao_e_Inseguranca_social_em_tempos_dificeis. pdf</ext-link></element-citation></ref><ref id="B15"><element-citation publication-type="book"><source>Políticas públicas no Brasil</source><date><year>2007</year></date><fpage>27</fpage><lpage>64</lpage><person-group><name><surname>DRAIBE</surname><given-names>Sônia M.</given-names></name><name><surname>HOCHMAN</surname><given-names>Gilberto</given-names></name><name><surname>HOCHMAN</surname><given-names>Gilberto</given-names></name></person-group></element-citation></ref><ref id="B16"><element-citation publication-type="book"><source>Economia e desenvolvimento</source><date><year>1989</year></date><fpage>86</fpage><lpage>p.177</lpage><volume>3</volume><person-group><name><surname>DRAIBE</surname><given-names>Sônia M.</given-names></name><name><surname>AURELIANO</surname><given-names>Liana</given-names></name></person-group></element-citation></ref><ref id="B17"><element-citation publication-type="book"><source>Políticas e sistemas de saúde no Brasil</source><date><year>2008</year></date><fpage>385</fpage><lpage>434</lpage><person-group><name><surname>ESCOREL</surname><given-names>Sarah</given-names></name><name><surname>GIOVANELLA</surname><given-names>Lígia</given-names></name><name><surname>GIOVANELLA</surname><given-names>Lígia</given-names></name></person-group></element-citation></ref><ref id="B18"><element-citation publication-type="book"><source>Saúde e democracia: história e perspectiva do SUS</source><date><year>2005</year></date><fpage>59</fpage><lpage>81</lpage><person-group><name><surname>ESCOREL</surname><given-names>Sarah</given-names></name><name><surname>LIMA</surname><given-names>Nísia T.</given-names></name><name><surname>LIMA</surname><given-names>Nísia T.</given-names></name></person-group></element-citation></ref><ref id="B19"><element-citation publication-type="book"><source>Políticas e sistemas de saúde no Brasil</source><date><year>2008</year></date><fpage>333</fpage><lpage>384</lpage><person-group><name><surname>ESCOREL</surname><given-names>Sarah</given-names></name><name><surname>TEIXEIRA</surname><given-names>Luiz A.</given-names></name><name><surname>GIOVANELLA</surname><given-names>Lígia</given-names></name><name><surname>GIOVANELLA</surname><given-names>Lígia</given-names></name></person-group></element-citation></ref><ref id="B20"><element-citation publication-type="article"><article-title>As três economias políticas dowelfare state</article-title><source>Lua Nova</source><date><year>1991</year></date><fpage>85</fpage><lpage>p.116</lpage><issue>24</issue><person-group><name><surname>ESPINGANDERSEN</surname><given-names>Gosta</given-names></name><name><surname>ESPINGANDERSEN</surname><given-names>Gosta</given-names></name></person-group></element-citation></ref><ref id="B21"><element-citation publication-type="article"><article-title>O Estado como problema e solução</article-title><source>Lua Nova</source><date><year>1993</year></date><fpage>107</fpage><lpage>156</lpage><issue>2829</issue><person-group><name><surname>EVANS</surname><given-names>Peter</given-names></name><name><surname>EVANS</surname><given-names>Peter</given-names></name></person-group></element-citation></ref><ref id="B22"><element-citation publication-type="book"><source>Em busca do dissenso perdido: ensaios críticos sobre a festejada crise do Estado</source><date><year>1995</year></date><fpage>121</fpage><lpage>161</lpage><person-group><name><surname>FIORI</surname><given-names>José Luís</given-names></name><name><surname>FIORI</surname><given-names>José Luís</given-names></name><name><surname>FIORI</surname><given-names>José Luís</given-names></name></person-group></element-citation></ref><ref id="B23"><element-citation publication-type="book"><source>Estado, sociedade e formação profissional em saúde: contradições e desafios em 20 anos de SUS</source><date><year>2008</year></date><fpage>49</fpage><lpage>87</lpage><person-group><name><surname>FLEURY</surname><given-names>Sonia</given-names></name><name><surname>MATTA</surname><given-names>Gustavo C.</given-names></name><name><surname>LIMA</surname><given-names>Júlio C. F.</given-names></name><name><surname>MATTA</surname><given-names>Gustavo C.</given-names></name><name><surname>LIMA</surname><given-names>Júlio C. F.</given-names></name></person-group></element-citation></ref><ref id="B24"><element-citation publication-type="article"><article-title>Reforma sanitária brasileira: dilemas entre o instituinte e o instituído</article-title><source>Ciência &amp; Saúde Coletiva</source><date><year>2009</year></date><fpage>743</fpage><lpage>752</lpage><issue>3</issue><volume>14</volume><person-group><name><surname>FLEURY</surname><given-names>Sonia</given-names></name><name><surname>FLEURY</surname><given-names>Sonia</given-names></name></person-group></element-citation></ref><ref id="B25"><element-citation publication-type="article"><article-title>Intersetorialidade e a configuração de um novo paradigma organizacional</article-title><source>RevistadeAdministraçãoPública</source><date><year>1998</year></date><fpage>35</fpage><lpage>48</lpage><issue>2</issue><volume>32</volume><person-group><name><surname>INOJOSA</surname><given-names>Rose Marie</given-names></name><name><surname>INOJOSA</surname><given-names>Rose Marie</given-names></name></person-group></element-citation></ref><ref id="B26"><element-citation publication-type="book"><source>A new perspective on health of Canadians. Ottawa information</source><date><year>1974</year></date><person-group><name><surname>LALONDE</surname><given-names>Marc</given-names></name><name><surname>LALONDE</surname><given-names>Marc</given-names></name></person-group></element-citation></ref><ref id="B27"><element-citation publication-type="book"><source>Saúde e democracia: história e perspectivas do SUS</source><date><year>2005</year></date><fpage>27</fpage><lpage>58</lpage><person-group><name><surname>LIMA</surname><given-names>Nísia T.</given-names></name><name><surname>LIMA</surname><given-names>Nísia T.</given-names></name><name><surname>LIMA</surname><given-names>Nísia T.</given-names></name></person-group></element-citation></ref><ref id="B28"><element-citation publication-type="book"><source>A gramática política do Brasil: clientelismo e insulamento burocrático</source><date><year>1997</year></date><fpage>21</fpage><lpage>46</lpage><person-group><name><surname>NUNES</surname><given-names>Edson</given-names></name><name><surname>NUNES</surname><given-names>Edson</given-names></name><name><surname>NUNES</surname><given-names>Edson</given-names></name></person-group></element-citation></ref><ref id="B29"><element-citation publication-type="book"><source>(Im)previdência social: 60 anos de história da previdência no Brasil</source><date><year>1986</year></date><person-group><name><surname>OLIVEIRA</surname><given-names>Jaime A.</given-names></name><name><surname>FLEURY</surname><given-names>Sonia M. T.</given-names></name><name><surname>OLIVEIRA</surname><given-names>Jaime A.</given-names></name><name><surname>FLEURY</surname><given-names>Sonia M. T.</given-names></name></person-group></element-citation></ref><ref id="B30"><element-citation publication-type="book"><source>Public Policy: An Introduction to the Theory and Practice of Policy Analysis</source><date><year>1995</year></date><person-group><name><surname>PARSONS</surname><given-names>Wayne</given-names></name><name><surname>PARSONS</surname><given-names>Wayne</given-names></name></person-group></element-citation></ref><ref id="B31"><element-citation publication-type="book"><source>Filosofia e história da educação</source><date><year>2008</year></date><person-group><name><surname>PILETTI</surname><given-names>Claudino</given-names></name><name><surname>PILETTI</surname><given-names>Nelson</given-names></name><name><surname>PILETTI</surname><given-names>Claudino</given-names></name><name><surname>PILETTI</surname><given-names>Nelson</given-names></name></person-group></element-citation></ref><ref id="B32"><element-citation publication-type="article"><article-title>O Estado nacional como ideologia: o caso brasileiro</article-title><source>Estudos Históricos</source><date><year>1988</year></date><fpage>187</fpage><lpage>203</lpage><issue>2</issue><volume>1</volume><person-group><name><surname>REIS</surname><given-names>Elisa M. P.</given-names></name><name><surname>REIS</surname><given-names>Elisa M. P.</given-names></name></person-group></element-citation></ref><ref id="B33"><element-citation publication-type="book"><source>Caminhos da saúde pública no Brasil</source><date><year>2002</year></date><fpage>117</fpage><lpage>234</lpage><person-group><name><surname>RISI JUNIOR</surname><given-names>João B.</given-names></name><name><surname>NOGUEIRA</surname><given-names>Roberto P.</given-names></name><name><surname>FINKELMAN</surname><given-names>Jacobo</given-names></name><name><surname>FINKELMAN</surname><given-names>Jacobo</given-names></name></person-group></element-citation></ref><ref id="B34"><element-citation publication-type="book"><source>História das ideias pedagógicas no Brasil</source><date><year>2008</year></date><person-group><name><surname>SAVIANI</surname><given-names>Dermeval</given-names></name><name><surname>SAVIANI</surname><given-names>Dermeval</given-names></name></person-group></element-citation></ref><ref id="B35"><element-citation publication-type="conference"><source>Anais...</source><date><year>2005</year></date><fpage>110</fpage><lpage>110</lpage><person-group><name><surname>TÔRRES</surname><given-names>José J. M.</given-names></name><name><surname>TÔRRES</surname><given-names>José J. M.</given-names></name></person-group><ext-link>http://wp.ufpel.edu.br/consagro/files/2010/ 09/TORRESTeoriaDaComplexidadeeEstrategia.pdf</ext-link></element-citation></ref><ref id="B36"><element-citation publication-type="book"><source>Proteção social: dilemas e desafios</source><date><year>2005</year></date><fpage>1557</fpage><lpage>1557</lpage><person-group><name><surname>VIANA</surname><given-names>Ana L. D.</given-names></name><name><surname>LEVCOVITZ</surname><given-names>Eduardo</given-names></name><name><surname>VIANA</surname><given-names>Ana Luiza D.</given-names></name><name><surname>VIANA</surname><given-names>Ana Luiza D.</given-names></name></person-group></element-citation></ref><ref id="B37"><element-citation publication-type="book"><source>Política educacional no Brasil: introdução histórica</source><date><year>2007</year></date><person-group><name><surname>VIEIRA</surname><given-names>Sofia L.</given-names></name><name><surname>FARIAS</surname><given-names>Isabel M. S. de</given-names></name><name><surname>VIEIRA</surname><given-names>Sofia L.</given-names></name><name><surname>FARIAS</surname><given-names>Isabel M. S. de</given-names></name></person-group></element-citation></ref><ref id="B38"><element-citation publication-type="book"><source>Assembleia Mundial da Saúde, 30</source><date><year>1977</year></date></element-citation></ref><ref id="B39"><element-citation publication-type="book"><source>Declaration of AlmaAta. International Conference on Primary Health Care</source><date><year>1978</year></date></element-citation></ref><ref id="B40"><element-citation publication-type="book"><source>The Ottawa charter for health promotion</source><date><year>1986</year></date></element-citation></ref></ref-list></back></article></articles>