<articles xmlns:xsi="http://www.w3.org/2001/XMLSchema-instance" xsi:schemaLocation="https://raw.githubusercontent.com/scieloorg/articles_meta/master/tests/xsd/scielo_sci/ThomsonReuters_publishing.xsd" dtd-version="1.10"><article lang_id="pt" article-type="research-article"><front><journal-meta><journal-id journal-id-type="publisher">tes</journal-id><journal-title-group><journal-title>Trabalho, Educação e Saúde</journal-title><abbrev-journal-title>Trab. educ. saúde</abbrev-journal-title></journal-title-group><issn>1981-7746</issn><collection>SciELO Brazil</collection><publisher><publisher-name>Fundação Oswaldo Cruz, Escola Politécnica de Saúde Joaquim Venâncio</publisher-name></publisher></journal-meta><article-meta><unique-article-id pub-id-type="publisher-id">S1981-77462007000300003</unique-article-id><article-id pub-id-type="publisher-id">S1981-77462007000300003</article-id><article-id pub-id-type="doi">10.1590/S1981-77462007000300003</article-id><article-categories><subj-group><subject>EDUCATION &amp; EDUCATIONAL RESEARCH</subject><subject>PUBLIC, ENVIRONMENTAL &amp; OCCUPATIONAL HEALTH</subject></subj-group></article-categories><title-group><article-title lang_id="pt">A trajetória do GT Trabalho e Educação da Anped: alguns elementos de análise</article-title><trans-title-group lang_id="en"><trans-title>The trajectory of anped's Work &amp; Education Workgroup: a few elements of analysis</trans-title></trans-title-group></title-group><contrib-group><contrib contrib-type="author"><name><surname>Handfas</surname><given-names>Anita</given-names></name><role>ND</role><xref ref-type="aff" rid="A01"/></contrib></contrib-group><aff id="A01"><institution>Universidade Federal do Rio de Janeiro</institution><country>Brazil</country></aff><pub-date><month>11</month><year>2007</year></pub-date><volume>5</volume><issue>3</issue><fpage>375</fpage><lpage>398</lpage><permissions><license license-type="open-access" href="http://creativecommons.org/licenses/by-nc/4.0/"><license-p>This work is licensed under a Creative Commons Attribution-NonCommercial 4.0 International License.</license-p></license></permissions><self-uri href="http://www.scielo.br/scielo.php?script=sci_arttext&amp;pid=S1981-77462007000300003&amp;lng=en&amp;tlng=en" content-type="full_text_page"/><self-uri href="http://www.scielo.br/scielo.php?script=sci_issuetoc&amp;pid=1981-774620070003&amp;lng=en" content-type="issue_page"/><self-uri href="http://www.scielo.br/scielo.php?script=sci_serial&amp;pid=1981-7746&amp;lng=en" content-type="journal_page"/><abstract lang_id="pt"><p>O objetivo do artigo é fazer uma breve reconstituição da trajetória do GT Trabalho e Educação da Associação Nacional de Pós-Graduação e Pesquisa em Educação (Anped), identificando os princípios teóricos que serviram de base para os estudos que buscaram compreender, sob diferentes aspectos, a relação entre trabalho e educação. Para tal, percorro a trajetória de conformação do pensamento educacional crítico brasileiro, notadamente o período de redemocratização do país após o golpe militar de 1964, assim como analiso o contexto político em que se deu a difusão da teoria marxista na pesquisa educacional. Com base em alguns elementos políticos e teóricos identificados neste processo, busco problematizar os limites teóricos dos estudos sobre trabalho e educação que têm como referência a teoria marxista.</p></abstract><trans-abstract lang_id="en"><p>The purpose of the article is to make a brief reconstitution of the trajectory of the National Association for Post-Graduation and Research in Education Work &amp; Education's (Anped) Workgroup, identifying the theoretical principles that served as the base for the studies that attempted to understand, from different viewpoints, the work/education relationship. To do so, I cover the path followed by the conformation of the Brazilian critical educational thought, notably the period of re-democratization Brazil went through after the 1964 military coup. Furthermore, I also analyze the political context in which the Marxist theory was disseminated in educational research. Based on a few political and theoretical elements identified in this process, I attempt to problematize the theoretical limits of the studies on work and education that refer to the Marxist theory.</p></trans-abstract><kwd-group lang_id="pt" kwd-group-type="author-generated"><kwd>trabalho e educação</kwd><kwd>pensamento educacional</kwd><kwd>teoria marxista</kwd></kwd-group><kwd-group lang_id="en" kwd-group-type="author-generated"><kwd>work and education</kwd><kwd>educational thought</kwd><kwd>Marxist theory</kwd></kwd-group></article-meta></front><back><ref-list><ref id="B1"><element-citation publication-type="article"><article-title>A propósito de educação e desenvolvimento social no Brasil</article-title><source>Educação &amp; Sociedade,</source><date><year>1981</year></date><fpage>155</fpage><lpage>163</lpage><issue>9</issue><person-group><name><surname>CURY</surname><given-names>Carlos Roberto Jamil</given-names></name></person-group></element-citation></ref><ref id="B2"><element-citation publication-type="book"><source>A produtividade da escola improdutiva: um (re)exame das relações entre educação e estrutura econômico-social e capitalista</source><date><year>1999</year></date><person-group><name><surname>FRIGOTTO</surname><given-names>Gaudêncio</given-names></name><name><surname>FRIGOTTO</surname><given-names>Gaudêncio</given-names></name></person-group></element-citation></ref><ref id="B3"><element-citation publication-type="thesis"><source>Uma leitura crítica das pesquisas sobre as mudanças nas condições capitalistas de produção e a educação do trabalhador</source><date><year>2006</year></date><person-group><name><surname>HANDFAS</surname><given-names>Anita</given-names></name><name><surname>HANDFAS</surname><given-names>Anita</given-names></name></person-group></element-citation></ref><ref id="B4"><element-citation publication-type="book"><source>Educação e trabalho no Brasil: o estado da questão</source><date><year>1991</year></date><person-group><name><surname>KUENZER</surname><given-names>Acacia Zeneida</given-names></name><name><surname>KUENZER</surname><given-names>Acacia Zeneida</given-names></name></person-group></element-citation></ref><ref id="B5"><element-citation publication-type="book"><source>Obras escolhidas</source><date><year>1961</year></date><fpage>205</fpage><lpage>236</lpage><volume>2</volume><person-group><name><surname>MARX</surname><given-names>Karl</given-names></name><name><surname>MARX</surname><given-names>Karl</given-names></name><name><surname>ENGELS</surname><given-names>Friedrich</given-names></name><name><surname>MARX</surname><given-names>Karl</given-names></name><name><surname>ENGELS</surname><given-names>Friedrich</given-names></name></person-group></element-citation></ref><ref id="B6"><element-citation publication-type="book"><source>Educação em debate: uma proposta de pós-graduação</source><date><year>1987</year></date><person-group><name><surname>RIBEIRO</surname><given-names>Maria Luisa S</given-names></name><name><surname>RIBEIRO</surname><given-names>Maria Luisa S</given-names></name></person-group></element-citation></ref><ref id="B7"><element-citation publication-type="book"><source>Capitalismo e educação: contribuição ao estudo crítico da economia da educação capitalista</source><date><year>1980</year></date><person-group><name><surname>ROSSI</surname><given-names>Wagner Gonçalves</given-names></name><name><surname>ROSSI</surname><given-names>Wagner Gonçalves</given-names></name></person-group></element-citation></ref><ref id="B8"><element-citation publication-type="article"><article-title>Educação e socialismo</article-title><source>Crítica Marxista</source><date><year>2004</year></date><fpage>73</fpage><lpage>83</lpage><issue>18</issue><person-group><name><surname>SAES</surname><given-names>Decio</given-names></name></person-group></element-citation></ref><ref id="B9"><element-citation publication-type="book"><source>Escola e trabalho</source><date><year>1980</year></date><person-group><name><surname>SALM</surname><given-names>Cláudio</given-names></name><name><surname>SALM</surname><given-names>Cláudio</given-names></name></person-group></element-citation></ref><ref id="B10"><element-citation publication-type="article"><article-title>O choque teórico da politecnia</article-title><source>Trabalho, Educação e Saúde</source><date><year>2003</year></date><fpage>131</fpage><lpage>152</lpage><issue>1</issue><volume>1</volume><person-group><name><surname>SAVIANI</surname><given-names>Dermeval</given-names></name></person-group></element-citation></ref><ref id="B11"><element-citation publication-type="conference"><source>O GT Trabalho e Educação</source><date><month>09</month><year>1995</year></date><fpage>87</fpage><lpage>90</lpage><person-group><name><surname>TREIN</surname><given-names>Eunice S.</given-names></name><name><surname>PICANÇO</surname><given-names>Iracy S.</given-names></name><name><surname>TREIN</surname><given-names>Eunice S.</given-names></name><name><surname>PICANÇO</surname><given-names>Iracy S.</given-names></name></person-group></element-citation></ref><ref id="B12"><element-citation publication-type="article"><article-title>Metamorfose no mundo do trabalho: revisão de algumas linhas de análise</article-title><source>Revista Educação &amp; Sociedade</source><date><month>08</month><year>1997</year></date><fpage>333</fpage><lpage>350</lpage><issue>59</issue><person-group><name><surname>TUMOLO</surname><given-names>Paulo Sergio</given-names></name></person-group></element-citation></ref><ref id="B13"><element-citation publication-type="article"><article-title>A educação frente s metamorfoses no mundo do trabalho: uma proposta de método de análise</article-title><source>Revista Trabalho e Educação,</source><date><month>12</month><year>1997</year></date><fpage>156</fpage><lpage>170</lpage><issue>2</issue><person-group><name><surname>TUMOLO</surname><given-names>Paulo Sergio</given-names></name></person-group></element-citation></ref><ref id="B14"><element-citation publication-type="article"><article-title>Socialismo e tecnologia: uma visão setorial</article-title><source>Crítica Marxista</source><date><year>2006</year></date><fpage>55</fpage><lpage>74</lpage><issue>22</issue><person-group><name><surname>WALLIS</surname><given-names>Victor</given-names></name></person-group></element-citation></ref><ref id="B15"><element-citation publication-type="thesis"><source>Educação e a tradição marxista: a produção educacional marxista no Brasil dos anos 70/80</source><date><year>1994</year></date><person-group><name><surname>YAMAMOTO</surname><given-names>Oswaldo Hajime</given-names></name><name><surname>YAMAMOTO</surname><given-names>Oswaldo Hajime</given-names></name></person-group></element-citation></ref></ref-list></back></article></articles>