<articles xmlns:xsi="http://www.w3.org/2001/XMLSchema-instance" xsi:schemaLocation="https://raw.githubusercontent.com/scieloorg/articles_meta/master/tests/xsd/scielo_sci/ThomsonReuters_publishing.xsd" dtd-version="1.10"><article lang_id="pt" article-type="research-article"><front><journal-meta><journal-id journal-id-type="publisher">tes</journal-id><journal-title-group><journal-title>Trabalho, Educação e Saúde</journal-title><abbrev-journal-title>Trab. educ. saúde</abbrev-journal-title></journal-title-group><issn>1981-7746</issn><collection>SciELO Brazil</collection><publisher><publisher-name>Fundação Oswaldo Cruz, Escola Politécnica de Saúde Joaquim Venâncio</publisher-name></publisher></journal-meta><article-meta><unique-article-id pub-id-type="publisher-id">S1981-77462011000200007</unique-article-id><article-id pub-id-type="publisher-id">S1981-77462011000200007</article-id><article-id pub-id-type="doi">10.1590/S1981-77462011000200007</article-id><article-categories><subj-group><subject>EDUCATION &amp; EDUCATIONAL RESEARCH</subject><subject>PUBLIC, ENVIRONMENTAL &amp; OCCUPATIONAL HEALTH</subject></subj-group></article-categories><title-group><article-title lang_id="pt">Valores atribuídos ao trabalho e expectativa de futuro: como os jovens se posicionam?</article-title><trans-title-group lang_id="en"><trans-title>Values attributed to work and expectations for the future: how young people position themselves?</trans-title></trans-title-group></title-group><contrib-group><contrib contrib-type="author"><name><surname>Lachtim</surname><given-names>Sheila Aparecida Ferreira</given-names></name><role>ND</role></contrib><contrib contrib-type="author"><name><surname>Soares</surname><given-names>Cássia Baldini</given-names></name><role>ND</role></contrib></contrib-group><pub-date><month>10</month><year>2011</year></pub-date><volume>9</volume><issue>2</issue><fpage>277</fpage><lpage>294</lpage><permissions><license license-type="open-access" href="http://creativecommons.org/licenses/by-nc/4.0/"><license-p>This work is licensed under a Creative Commons Attribution-NonCommercial 4.0 International License.</license-p></license></permissions><self-uri href="http://www.scielo.br/scielo.php?script=sci_arttext&amp;pid=S1981-77462011000200007&amp;lng=en&amp;tlng=en" content-type="full_text_page"/><self-uri href="http://www.scielo.br/scielo.php?script=sci_issuetoc&amp;pid=1981-774620110002&amp;lng=en" content-type="issue_page"/><self-uri href="http://www.scielo.br/scielo.php?script=sci_serial&amp;pid=1981-7746&amp;lng=en" content-type="journal_page"/><abstract lang_id="pt"><p>A inserção dos jovens no mundo do trabalho vem sendo matizada pela reestruturação produtiva, fenômeno que situa o trabalho e o futuro em patamares cada vez mais instáveis e inseguros. Partindo da consideração teórica de que valores são histórica e socialmente situados, e que a ideologia liberal sobre o trabalho impregna a vida social, o objetivo desta investigação foi identificar e analisar os valores atribuídos ao trabalho por jovens de diferentes grupos sociais. Trata-se de uma pesquisa qualitativa que apreendeu o objeto empírico por meio da análise de conteúdo de entrevistas com 86 jovens de diferentes grupos sociais de um município da região metropolitana de São Paulo. De modo geral, os jovens de todos os grupos percebem o trabalho como algo valoroso, essencial para o crescimento e amadurecimento que se espera na fase adulta. Houve diferentes posicionamentos entre os grupos sociais quanto à finalidade do trabalho, variando entre caminho para a realização de valores de consumo e posição social e meio para suprir necessidades básicas de sobrevivência. Porém, a ideologia liberal sobre inserção no trabalho marcou todos os grupos. O futuro encontra-se condicionado ao rumo que tomarem no mercado de trabalho, meio principal para conseguir realizar os sonhos.</p></abstract><trans-abstract lang_id="en"><p>The integration of young people to the labor world has been colored by the restructuring of production, a phenomenon that ranks both work and the future at increasingly unstable and insecure levels. Based on the theoretical consideration that social values are historically and socially situated, and that the liberal ideology of work pervades social life, this investigation aimed to analyze the work values of young people from different social groups. It is a qualitative study that captured the empirical object by analyzing the content of interviews carried out with 86 young people from different social groups in a municipality located in the São Paulo metropolitan region. In general, young people from all groups perceive work as something that is valuable, essential to attain the growth and maturation that is expected in adulthood. The purpose of the study proved to be a little different, since while for some work is the means through which it is possible to achieve the values of consumption and social position, to others it is a means to meet basic survival needs. Thus, the future depends on the direction they take in the labor market, since this is believed to be the main means to materialize other dreams.</p></trans-abstract><kwd-group lang_id="pt" kwd-group-type="author-generated"><kwd>juventude</kwd><kwd>trabalho</kwd><kwd>valores sociais</kwd><kwd>pesquisa qualitativa</kwd></kwd-group><kwd-group lang_id="en" kwd-group-type="author-generated"><kwd>youth</kwd><kwd>work</kwd><kwd>social values</kwd></kwd-group></article-meta></front><back><ref-list><ref id="B1"><element-citation publication-type="article"><article-title>O fetiche do capital intelectual: a ideologia do conhecimento e da adaptação no contexto da reestruturação produtiva do capital</article-title><source>Revista HISTEDBR (on line)</source><date><month>08</month><year>2010</year></date><fpage>154</fpage><lpage>174</lpage><issue>esp.</issue><person-group><name><surname>ALVES</surname><given-names>Giovanni</given-names></name><name><surname>BATISTA</surname><given-names>Roberto Leme</given-names></name></person-group></element-citation></ref><ref id="B2"><element-citation publication-type="article"><article-title>El sentido del estudio y el trabajo para los jóvenes que finalizan la escuela de nivel medio: un análisis desde la perspectiva de la psicología de la orientación. Facultad de Psicología-UBA/Secretaría de Investigaciones</article-title><source>Anuario de Investigaciones</source><date><year>2008</year></date><fpage>71</fpage><lpage>80</lpage><volume>XV</volume><person-group><name><surname>AISENSON</surname><given-names>Diana</given-names></name></person-group></element-citation></ref><ref id="B3"><element-citation publication-type="conference"><date><year>2005</year></date><person-group><name><surname>ALMEIDA</surname><given-names>Elmir</given-names></name><name><surname>VILLAR</surname><given-names>Maria Elena</given-names></name></person-group></element-citation></ref><ref id="B4"><element-citation publication-type="book"><source>Os sentidos do trabalho: ensaio sobre a afirmação e a negação do trabalho</source><date><year>1999</year></date><person-group><name><surname>ANTUNES</surname><given-names>Ricardo</given-names></name><name><surname>ANTUNES</surname><given-names>Ricardo</given-names></name></person-group></element-citation></ref><ref id="B5"><element-citation publication-type="book"><source>Adeus ao trabalho?: Ensaio sobre as metamorfoses e a centralidade do mundo do trabalho</source><date><year>2000</year></date><person-group><name><surname>ANTUNES</surname><given-names>Ricardo</given-names></name></person-group></element-citation></ref><ref id="B6"><element-citation publication-type="article"><article-title>O caráter polissêmico e multifacetado do mundo do trabalho</article-title><source>Trabalho, Educação e Saúde</source><date><year>2003</year></date><fpage>53</fpage><lpage>61</lpage><issue>2</issue><volume>1</volume><person-group><name><surname>ANTUNES</surname><given-names>Ricardo</given-names></name></person-group></element-citation></ref><ref id="B7"><element-citation publication-type="book"><source>Juventude e políticas sociais no Brasil</source><date><year>2009</year></date><person-group><name><surname>AQUINO</surname><given-names>Luseni Maria Cordeiro de</given-names></name><name><surname>CASTRO</surname><given-names>Jorge Abrahão de</given-names></name><name><surname>AQUINO</surname><given-names>Luseni Maria Cordeiro de</given-names></name><name><surname>ANDRADE</surname><given-names>Carla Coelho de</given-names></name><name><surname>CASTRO</surname><given-names>Jorge Abrahão de</given-names></name><name><surname>AQUINO</surname><given-names>Luseni Maria Cordeiro de</given-names></name><name><surname>ANDRADE</surname><given-names>Carla Coelho de</given-names></name></person-group></element-citation></ref><ref id="B8"><element-citation publication-type="book"><source>Análise de conteúdo</source><date><year>1977</year></date><person-group><name><surname>BARDIN</surname><given-names>Lawrence</given-names></name><name><surname>Antero Neto</surname><given-names>Luís</given-names></name><name><surname>Pinheiro</surname><given-names>Augusto</given-names></name><name><surname>BARDIN</surname><given-names>Lawrence</given-names></name><name><surname>Antero Neto</surname><given-names>Luís</given-names></name><name><surname>Pinheiro</surname><given-names>Augusto</given-names></name></person-group></element-citation></ref><ref id="B9"><element-citation publication-type="book"><source>Modelo neoliberal e políticas educacionais</source><date><year>1997</year></date><person-group><name><surname>BIANCHETTI</surname><given-names>Roberto G.</given-names></name><name><surname>BIANCHETTI</surname><given-names>Roberto G.</given-names></name></person-group></element-citation></ref><ref id="B10"><element-citation publication-type="book"><source>Retratos da juventude brasileira: análise de uma pesquisa nacional</source><date><year>2005</year></date><fpage>129</fpage><lpage>148</lpage><person-group><name><surname>BRANCO</surname><given-names>Pedro Paulo Martoni</given-names></name><name><surname>ABRAMO</surname><given-names>Helena Wendel</given-names></name><name><surname>BRANCO</surname><given-names>Pedro Paulo Martoni</given-names></name><name><surname>ABRAMO</surname><given-names>Helena Wendel</given-names></name><name><surname>BRANCO</surname><given-names>Pedro Paulo Martoni</given-names></name></person-group></element-citation></ref><ref id="B11"><element-citation publication-type="conference"><date><year>2002</year></date><person-group><name><surname>CORROCHANO</surname><given-names>Maria Carla</given-names></name></person-group></element-citation></ref><ref id="B12"><element-citation publication-type="book"><source>Trabalho decente e juventude no Brasil</source><date><year>2009</year></date><person-group><name><surname>COSTANZI</surname><given-names>Rogério Nagamine</given-names></name><name><surname>COSTANZI</surname><given-names>Rogério Nagamine</given-names></name></person-group></element-citation></ref><ref id="B13"><element-citation publication-type="article"><article-title>Trabalho infantojuvenil e formação humana: limites na potência ontológica e banalização do sujeito de direitos</article-title><source>Trabalho, Educação e Saúde</source><date><month>06</month><year>2010</year></date><fpage>137</fpage><lpage>153</lpage><issue>1</issue><volume>8</volume><person-group><name><surname>FONSECA</surname><given-names>Laura Souza</given-names></name></person-group></element-citation></ref><ref id="B14"><element-citation publication-type="article"><article-title>Educar o trabalhador cidadão produtivo ou o ser humano emancipado?</article-title><source>Trabalho, Educação e Saúde</source><date><year>2003</year></date><fpage>45</fpage><lpage>60</lpage><issue>1</issue><volume>1</volume><person-group><name><surname>FRIGOTTO</surname><given-names>Gaudêncio</given-names></name><name><surname>CIAVATTA</surname><given-names>Maria</given-names></name></person-group></element-citation></ref><ref id="B15"><element-citation publication-type="article"><article-title>Trabalho de jovens estudantes de uma escola pública: fortalecimento ou desgastes?</article-title><source>Revista Brasileira de Enfermagem</source><date><year>2009</year></date><fpage>179</fpage><lpage>186</lpage><issue>2</issue><volume>62</volume><person-group><name><surname>LACHTIM</surname><given-names>Sheila Aparecida Ferreira</given-names></name><name><surname>SOARES</surname><given-names>Cássia Baldini</given-names></name></person-group></element-citation></ref><ref id="B16"><element-citation publication-type="article"><article-title>Trabalho, sociabilidade e individuação</article-title><source>Trabalho, Educação e Saúde</source><date><year>2006</year></date><fpage>231</fpage><lpage>246</lpage><issue>2</issue><volume>4</volume><person-group><name><surname>LESSA</surname><given-names>Sergio</given-names></name></person-group></element-citation></ref><ref id="B17"><element-citation publication-type="book"><source>Atlas da exclusão social no Brasil</source><date><year>2005</year></date><person-group><name><surname>POCHMANN</surname><given-names>Márcio</given-names></name><name><surname>POCHMANN</surname><given-names>Márcio</given-names></name></person-group></element-citation></ref><ref id="B18"><element-citation publication-type="book"><source>A família como espelho: um estudo sobre a moral dos pobres</source><date><year>2003</year></date><person-group><name><surname>SARTI</surname><given-names>Cynthia Andersen</given-names></name><name><surname>SARTI</surname><given-names>Cynthia Andersen</given-names></name></person-group></element-citation></ref><ref id="B19"><element-citation publication-type="book"><source>A cultura do novo capitalismo</source><date><year>2008</year></date><person-group><name><surname>SENNETT</surname><given-names>Richard</given-names></name><name><surname>SENNETT</surname><given-names>Richard</given-names></name></person-group></element-citation></ref><ref id="B20"><element-citation publication-type="article"><article-title>Avaliação de ações educativas sobre consumo de drogas e juventude: a práxis no trabalho e na vida</article-title><source>Trabalho, Educação e Saúde</source><date><year>2011</year></date><fpage>41</fpage><lpage>60</lpage><volume>9</volume><person-group><name><surname>SOARES</surname><given-names>Cassia Baldini</given-names></name><name><surname>CAMPOS</surname><given-names>Célia Maria Sivalli</given-names></name><name><surname>BERTO</surname><given-names>Juliana Sette</given-names></name><name><surname>PEREIRA</surname><given-names>Érica Gomes</given-names></name></person-group></element-citation></ref><ref id="B21"><element-citation publication-type="book"><source>Os jovens no Brasil: desigualdades multiplicadas e novas demandas políticas</source><date><year>2003</year></date><person-group><name><surname>SPOSITO</surname><given-names>Marília Pontes</given-names></name><name><surname>SPOSITO</surname><given-names>Marília Pontes</given-names></name></person-group></element-citation></ref><ref id="B22"><element-citation publication-type="article"><article-title>A pobreza como condição de vida: família, trabalho e direitos entre as classes trabalhadoras urbanas</article-title><source>São Paulo em Perspectiva</source><date><month>06</month><year>1990</year></date><fpage>37</fpage><lpage>45</lpage><issue>2</issue><volume>4</volume><person-group><name><surname>TELLES</surname><given-names>Vera da Silva</given-names></name></person-group></element-citation></ref><ref id="B23"><element-citation publication-type="book"><source>Introdução à pesquisa em ciências sociais: a pesquisa qualitativa em educação</source><date><year>1987</year></date><person-group><name><surname>TRIVIÑOS</surname><given-names>Augusto Nibaldo da Silva</given-names></name><name><surname>TRIVIÑOS</surname><given-names>Augusto Nibaldo da Silva</given-names></name></person-group></element-citation></ref><ref id="B24"><element-citation publication-type="book"><source>Os valores na sociedade moderna</source><date><year>2007</year></date><person-group><name><surname>VIANA</surname><given-names>Nildo</given-names></name><name><surname>VIANA</surname><given-names>Nildo</given-names></name></person-group></element-citation></ref><ref id="B25"><element-citation publication-type="book"><source>Juventude contemporânea: perspectivas nacionais e internacionais</source><date><year>2005</year></date><fpage>203</fpage><lpage>229</lpage><person-group><name><surname>VULTUR</surname><given-names>Mircea</given-names></name><name><surname>CASTRO</surname><given-names>Lucia Rabello de</given-names></name><name><surname>CORREA</surname><given-names>Jane</given-names></name><name><surname>CASTRO</surname><given-names>Lucia Rabello de</given-names></name><name><surname>CORREA</surname><given-names>Jane</given-names></name></person-group></element-citation></ref><ref id="B26"><element-citation publication-type="article"><article-title>Mapa das juventudes de Santo André</article-title><source>Revista de Saúde Pública</source><date><year>2010</year></date><fpage>45</fpage><lpage>52</lpage><issue>1</issue><volume>4</volume><person-group><name><surname>YONEKURA</surname><given-names>Tatiana</given-names></name></person-group></element-citation></ref></ref-list></back></article></articles>