<articles xmlns:xsi="http://www.w3.org/2001/XMLSchema-instance" xsi:schemaLocation="https://raw.githubusercontent.com/scieloorg/articles_meta/master/tests/xsd/scielo_sci/ThomsonReuters_publishing.xsd" dtd-version="1.10"><article lang_id="pt" article-type="case-report"><front><journal-meta><journal-id journal-id-type="publisher">tes</journal-id><journal-title-group><journal-title>Trabalho, Educação e Saúde</journal-title><abbrev-journal-title>Trab. educ. saúde</abbrev-journal-title></journal-title-group><issn>1981-7746</issn><collection>SciELO Brazil</collection><publisher><publisher-name>Fundação Oswaldo Cruz, Escola Politécnica de Saúde Joaquim Venâncio</publisher-name></publisher></journal-meta><article-meta><unique-article-id pub-id-type="publisher-id">S1981-77462009000300014</unique-article-id><article-id pub-id-type="publisher-id">S1981-77462009000300014</article-id><article-id pub-id-type="doi">10.1590/S1981-77462009000300014</article-id><article-categories><subj-group><subject>EDUCATION &amp; EDUCATIONAL RESEARCH</subject><subject>PUBLIC, ENVIRONMENTAL &amp; OCCUPATIONAL HEALTH</subject></subj-group></article-categories><title-group><article-title lang_id="pt">Formação técnica do agente comunitário de saúde: desafios e conquistas da Escola Técnica de Saúde do Tocantins</article-title><trans-title-group lang_id="en"><trans-title>Technical training of community health agents: challenges and achievements of the Technical School of Health of Tocantins</trans-title></trans-title-group></title-group><contrib-group><contrib contrib-type="author"><name><surname>Silva</surname><given-names>Clemilson Antonio da</given-names></name><role>ND</role><xref ref-type="aff" rid="A01"/></contrib><contrib contrib-type="author"><name><surname>Rocha</surname><given-names>Iolanda Querido</given-names></name><role>ND</role><xref ref-type="aff" rid="A02"/></contrib><contrib contrib-type="author"><name><surname>Siqueira</surname><given-names>Márcia Cristina Godoy</given-names></name><role>ND</role><xref ref-type="aff" rid="A03"/></contrib><contrib contrib-type="author"><name><surname>Modesto</surname><given-names>Maria do Socorro Andrade</given-names></name><role>ND</role><xref ref-type="aff" rid="A04"/></contrib><contrib contrib-type="author"><name><surname>Silva</surname><given-names>Fernanda Pereira da</given-names></name><role>ND</role><xref ref-type="aff" rid="A05"/></contrib><contrib contrib-type="author"><name><surname>Costa</surname><given-names>Ana Maria Ferreira</given-names></name><role>ND</role><xref ref-type="aff" rid="A06"/></contrib></contrib-group><aff id="A02"><institution>Escola Técnica de Saúde do Tocantins</institution><country>Brazil</country></aff><aff id="A03"><institution>Escola Técnica de Saúde do Tocantins</institution><country>Brazil</country></aff><aff id="A05"><institution>Escola Técnica de Saúde do Tocantins</institution><country>Brazil</country></aff><aff id="A06"><institution>Escola Técnica de Saúde do Tocantins</institution><country>Brazil</country></aff><aff id="A04"><institution>Escola Técnica de Saúde do Tocantins</institution><country>Brazil</country></aff><aff id="A01"><institution>Escola Técnica de Saúde do Tocantins</institution><country>Brazil</country></aff><pub-date><month>11</month><year>2009</year></pub-date><volume>7</volume><issue>3</issue><fpage>609</fpage><lpage>621</lpage><permissions><license license-type="open-access" href="http://creativecommons.org/licenses/by-nc/4.0/"><license-p>This work is licensed under a Creative Commons Attribution-NonCommercial 4.0 International License.</license-p></license></permissions><self-uri href="http://www.scielo.br/scielo.php?script=sci_arttext&amp;pid=S1981-77462009000300014&amp;lng=en&amp;tlng=en" content-type="full_text_page"/><self-uri href="http://www.scielo.br/scielo.php?script=sci_issuetoc&amp;pid=1981-774620090003&amp;lng=en" content-type="issue_page"/><self-uri href="http://www.scielo.br/scielo.php?script=sci_serial&amp;pid=1981-7746&amp;lng=en" content-type="journal_page"/><abstract lang_id="pt"><p>Este relato versa sobre a experiência da Escola Técnica de Saúde do Tocantins no processo educativo de formação técnica dos agentes comunitários de saúde. Trata-se aqui de apresentar como esses agentes foram capacitados para atuar junto à equipe multiprofissional de saúde em uma perspectiva profissional transformadora da realidade, crítica, reflexiva e ética, destacando-se o desenvolvimento das ações de integração social, promoção da saúde e prevenção de agravos na família e na comunidade. A formação técnica do agente comunitário de saúde incluiu três módulos, totalizando uma carga horária de 1.200 horas. No primeiro módulo, foram contemplados temas como a contextualização, aproximação e dimensionamento do perfil profissional do agente; no segundo, a promoção da saúde e a prevenção de doenças dirigidas a grupos específicos e doenças prevalentes; e no terceiro, a promoção, a prevenção e o monitoramento das situações em Vigilância em Saúde. Para esta formação, a Escola Técnica de Saúde do Tocantins optou pela descentralização das salas de aula (69 turmas) em 18 polos formativos, atendendo a demanda dos 139 municípios do estado, facilitando a participação dos 2.219 alunos-servidores que concluíram o itinerário completo da formação.</p></abstract><trans-abstract lang_id="en"><p>This report deals with the experience of the Technical School of Health of Tocantins in the educational process of technical training of community health agents. It presents how these agents were trained to work with the multidisciplinary health care team in a critical, reflective, and ethical reality changing professional approach. The report also highlights the development of actions of social integration, health promotion and the prevention of disorders in the family and community. Technical training of community health agents includes three modules, with a total workload of 1,200 hours. In the first module issues such as background, approach and design of the professional profile of the agent were contemplated; in the second, health promotion and disease prevention targeted at specific groups and prevalent diseases, and in the third, the promotion, prevention and monitoring of situations of Health Surveillance. The Technical School of Health of Tocantins opted for the decentralization of classrooms (69 classes) in 18 training poles, meeting the demand of the 139 municipalities in the state, facilitating the participation of 2,219 students/civil servants who have completed the entire training curriculum.</p></trans-abstract><kwd-group lang_id="en" kwd-group-type="author-generated"><kwd>community health agents</kwd><kwd>technical schools</kwd><kwd>training of human resources</kwd><kwd>national health care system</kwd><kwd>health strategy of the family</kwd></kwd-group><kwd-group lang_id="pt" kwd-group-type="author-generated"><kwd>agente comunitário de saúde</kwd><kwd>escolas técnicas de saúde</kwd><kwd>formação de recursos humanos</kwd><kwd>sistema único de saúde</kwd><kwd>estratégia de saúde da família</kwd></kwd-group></article-meta></front><back><ref-list><ref id="B1"><element-citation publication-type="book"><source>Formação de recursos humanos para a saúde: antigos problemas, novos desafios</source><date><year>2003</year></date><person-group><name><surname>AMÂNCIO FILHO</surname><given-names>Antenor</given-names></name><name><surname>TELLES</surname><given-names>José Luiz</given-names></name><name><surname>AMÂNCIO FILHO</surname><given-names>Antenor</given-names></name><name><surname>TELLES</surname><given-names>José Luiz</given-names></name></person-group></element-citation></ref><ref id="B2"><element-citation publication-type="article"><article-title>Políticas de recursos humanos e a (re)significação das práticas dos trabalhadores no Sistema Único de Saúde (SUS): apontamentos para o debate</article-title><source>Revista Baiana de Saúde Pública</source><date><year>2008</year></date><fpage>7</fpage><lpage>14</lpage><volume>32</volume><person-group><name><surname>ASSIS</surname><given-names>Marluce M. A.</given-names></name><name><surname>ALVES</surname><given-names>Josenildo de S.</given-names></name><name><surname>SANTOS</surname><given-names>Adriano M. dos</given-names></name></person-group></element-citation></ref><ref id="B3"><element-citation publication-type="article"><article-title>Metodologia da problematização: uma alternativa metodológica apropriada para o ensino superior</article-title><source>Revista Semina: Ciências Sociais e Humanas</source><date><month>10</month><year>1995</year></date><fpage>9</fpage><lpage>19</lpage><issue>2</issue><volume>16</volume><person-group><name><surname>BERBEL</surname><given-names>Neusi A. N.</given-names></name></person-group></element-citation></ref><ref id="B4"><element-citation publication-type="book"><source>Siab: manual do sistema de informação de Atenção Básica</source><date><year>2006</year></date></element-citation></ref><ref id="B5"><element-citation publication-type="book"><source>Educação profissional em saúde</source><date><year>2006</year></date><volume>1</volume><person-group><name><surname>PEREIRA</surname><given-names>Isabel B.</given-names></name><name><surname>RAMOS</surname><given-names>Marise N.</given-names></name><name><surname>PEREIRA</surname><given-names>Isabel B.</given-names></name><name><surname>RAMOS</surname><given-names>Marise N.</given-names></name></person-group></element-citation></ref><ref id="B6"><element-citation publication-type="book"><source>Educação profissional em saúde</source><ext-link>www.retsus.epsjv.fiocruz.br/ index.php?Area=Escola</ext-link></element-citation></ref><ref id="B7"><element-citation publication-type="article"><article-title>Fazendo história na história da enfermagem brasileira</article-title><source>Revista da Escola de Enfermagem da USP</source><date><month>12</month><year>2007</year></date><issue>spe</issue><volume>41</volume><person-group><name><surname>SANTOS</surname><given-names>Isabel dos</given-names></name></person-group></element-citation></ref><ref id="B8"><element-citation publication-type="book"><source>Habilidades básicas e específicas: educação profissional: a construção coletiva do conhecimento</source><date><year>2000</year></date><person-group><name><surname>SANTOS</surname><given-names>Isabel dos</given-names></name></person-group></element-citation></ref><ref id="B9"><element-citation publication-type="article"><article-title>Educação profissional em saúde no Brasil: a proposta das Escolas Técnicas de Saúde do Sistema Único de Saúde</article-title><source>Formação</source><date><month>05</month><year>2002</year></date><fpage>45</fpage><lpage>58</lpage><issue>5</issue><person-group><name><surname>SÓRIO</surname><given-names>Rita E. R.</given-names></name></person-group></element-citation></ref><ref id="B10"><element-citation publication-type="article"><article-title>O agente comunitário de saúde não deve ser um 'super-herói'</article-title><source>Revista Interface - Comunicação, Saúde, Educação</source><date><month>02</month><year>2002</year></date><fpage>75</fpage><lpage>94</lpage><issue>10</issue><volume>6</volume><person-group><name><surname>TOMAZ</surname><given-names>José. B. C.</given-names></name></person-group></element-citation></ref></ref-list></back></article></articles>