<articles xmlns:xsi="http://www.w3.org/2001/XMLSchema-instance" xsi:schemaLocation="https://raw.githubusercontent.com/scieloorg/articles_meta/master/tests/xsd/scielo_sci/ThomsonReuters_publishing.xsd" dtd-version="1.10"><article lang_id="pt" article-type="research-article"><front><journal-meta><journal-id journal-id-type="publisher">tes</journal-id><journal-title-group><journal-title>Trabalho, Educação e Saúde</journal-title><abbrev-journal-title>Trab. educ. saúde</abbrev-journal-title></journal-title-group><issn>1981-7746</issn><collection>SciELO Brazil</collection><publisher><publisher-name>Fundação Oswaldo Cruz, Escola Politécnica de Saúde Joaquim Venâncio</publisher-name></publisher></journal-meta><article-meta><unique-article-id pub-id-type="publisher-id">S1981-77462005000100010</unique-article-id><article-id pub-id-type="publisher-id">S1981-77462005000100010</article-id><article-id pub-id-type="doi">10.1590/S1981-77462005000100010</article-id><article-categories><subj-group><subject>EDUCATION &amp; EDUCATIONAL RESEARCH</subject><subject>PUBLIC, ENVIRONMENTAL &amp; OCCUPATIONAL HEALTH</subject></subj-group></article-categories><title-group><article-title lang_id="pt">Educacão a distância e inovacão tecnológica</article-title><trans-title-group lang_id="en"><trans-title>Distance education and technological innovation</trans-title></trans-title-group></title-group><contrib-group><contrib contrib-type="author"><name><surname>Belloni</surname><given-names>Maria Luiza</given-names></name><role>ND</role><xref ref-type="aff" rid="A01"/></contrib></contrib-group><aff id="A01"><institution>Universidade Federal de Santa Catarina</institution><country>Brazil</country></aff><pub-date><month>03</month><year>2005</year></pub-date><volume>3</volume><issue>1</issue><fpage>187</fpage><lpage>198</lpage><permissions><license license-type="open-access" href="http://creativecommons.org/licenses/by-nc/4.0/"><license-p>This work is licensed under a Creative Commons Attribution-NonCommercial 4.0 International License.</license-p></license></permissions><self-uri href="http://www.scielo.br/scielo.php?script=sci_arttext&amp;pid=S1981-77462005000100010&amp;lng=en&amp;tlng=en" content-type="full_text_page"/><self-uri href="http://www.scielo.br/scielo.php?script=sci_issuetoc&amp;pid=1981-774620050001&amp;lng=en" content-type="issue_page"/><self-uri href="http://www.scielo.br/scielo.php?script=sci_serial&amp;pid=1981-7746&amp;lng=en" content-type="journal_page"/><abstract lang_id="pt"><p>A crescente integração das Tecnologias de Informação e Comunicação (TIC) aos processos de comunicação e educação torna necessária a concepção de novas formas de se organizar e ofertar o ensino. Neste contexto, o presente artigo aborda a educação a distância (Ead) apontando para os riscos implicados em se confundir inovação técnica com inovação pedagógica e destacando a importância de se transferir o foco da discussão sobre a EaD da 'modalidade' para o 'método', da organização do ensino para os modos de ensinar e aprender. Para isso, é preciso considerar a técnica em sua dupla dimensão - objeto de estudo e ferramenta pedagógica - e a educação em seu caráter interdisciplinar. A abordagem aqui apresentada contrapõe-se à concepção tecnicista do ensino, deslocando a tecnologia do centro do processo educacional e colocando em destaque a dimensão histórica e social da educação. Acredita-se que, mais que uma forma de preencher as lacunas do sistema educacional, a EaD tende a se tornar um elemento regular dos atuais sistemas de ensino, podendo contribuir para a democratização do acesso à educação, caso se realize na perspectiva da aprendizagem aberta e de forma integrada com o ensino convencional.</p></abstract><trans-abstract lang_id="en"><p>The growing integration of the Information and Communication Technologies with communication and educational processes requires new forms of organizing and transmitting knowledge. With this in mind, the present article examines distance education (educação a distância - EaD) pointing to the risks involved in mistaking technical innovation for pedagogical innovation; and it also gives emphasis to the importance of transferring the focus of the debate on EaD from 'modality' to 'method', and from teaching organization to forms of teaching and of learning. For this purpose, we must consider the two dimensions of technique - as an object of study and as a pedagogical tool - and also the interdisciplinary character of education. The approach we present here is set over against the technicist conception of teaching. It removes technology from the centre of the educational process and emphasizes the latter's historical and social dimension. In our view, more than being a way to fill the gaps in the educational system, EaD tends to become a regular element in the current teaching systems and, if it is carried out with a open teaching perspective and integrated with conventional teaching, it can help to make the access to education more democratic.</p></trans-abstract><kwd-group lang_id="en" kwd-group-type="author-generated"><kwd>distance education</kwd><kwd>media-education</kwd><kwd>Technologies of Information and Communication</kwd></kwd-group><kwd-group lang_id="pt" kwd-group-type="author-generated"><kwd>educação a distância</kwd><kwd>mídia-educação</kwd><kwd>Tecnologias de Informação e Comunicação</kwd></kwd-group></article-meta></front><back><ref-list><ref id="B1"><element-citation publication-type="book"><source>Media and technology in European distance education</source><fpage>17</fpage><lpage>26</lpage><person-group><name><surname>BATES</surname><given-names>Anthony W.</given-names></name><name><surname>BATES</surname><given-names>Anthony W.</given-names></name><name><surname>BATES</surname><given-names>Anthony W.</given-names></name></person-group></element-citation></ref><ref id="B2"><element-citation publication-type="book"><source>Educação a distância</source><date><year>1999</year></date><person-group><name><surname>BELLONI</surname><given-names>Maria Luiza</given-names></name><name><surname>BELLONI</surname><given-names>Maria Luiza</given-names></name></person-group></element-citation></ref><ref id="B3"><element-citation publication-type="book"><source>O que é mídia-educação</source><date><year>2001</year></date><volume>78</volume><person-group><name><surname>BELLONI</surname><given-names>Maria Luiza</given-names></name></person-group></element-citation></ref><ref id="B4"><element-citation publication-type="book"><source>Tecnologias educacionais e educação a distância: avaliando políticas e práticas</source><fpage>54</fpage><lpage>73</lpage><person-group><name><surname>BELLONI</surname><given-names>Maria Luiza</given-names></name><name><surname>BARRETO</surname><given-names>Raquel G.</given-names></name><name><surname>BARRETO</surname><given-names>Raquel G.</given-names></name></person-group></element-citation></ref><ref id="B5"><element-citation publication-type="article"><article-title>Ensaio sobre a educação a distância no Brasil</article-title><source>Educação &amp; Sociedade</source><fpage>117</fpage><lpage>142</lpage><issue>78</issue><volume>23</volume><person-group><name><surname>BELLONI</surname><given-names>Maria Luiza</given-names></name></person-group></element-citation></ref><ref id="B6"><element-citation publication-type="book"><source>A formação na sociedade do espetáculo</source><fpage>151</fpage><lpage>168</lpage><person-group><name><surname>BELLONI</surname><given-names>Maria Luiza</given-names></name><name><surname>BELLONI</surname><given-names>Maria Luiza</given-names></name><name><surname>BELLONI</surname><given-names>Maria Luiza</given-names></name></person-group></element-citation></ref><ref id="B7"><element-citation publication-type="book"><source>A formação na sociedade do espetáculo</source><fpage>27</fpage><lpage>46</lpage><person-group><name><surname>BELLONI</surname><given-names>Maria Luiza</given-names></name><name><surname>SUBTIL</surname><given-names>Maria José</given-names></name><name><surname>BELLONI</surname><given-names>Maria Luiza</given-names></name><name><surname>BELLONI</surname><given-names>Maria Luiza</given-names></name></person-group></element-citation></ref><ref id="B8"><element-citation publication-type="book"><source>Formateurs et formation multimedia: les métiers, les fonctions, l'ingénierie</source><date><year>1990</year></date><person-group><name><surname>BLANDIN</surname><given-names>Bernard</given-names></name><name><surname>BLANDIN</surname><given-names>Bernard</given-names></name></person-group></element-citation></ref><ref id="B9"><element-citation publication-type="article"><article-title>Post-fordism: neither panacea nor placebo</article-title><source>Open Learning</source><fpage>59</fpage><lpage>60</lpage><issue>2</issue><volume>8</volume><person-group><name><surname>CAMPION</surname><given-names>Mick</given-names></name></person-group></element-citation></ref><ref id="B10"><element-citation publication-type="article"><article-title>The supposed demise of bureaucracy: implication for distance education and open learning-more on the post-fordism debate</article-title><source>Distance Education</source><fpage>192</fpage><lpage>216</lpage><issue>2</issue><volume>16</volume><person-group><name><surname>CAMPION</surname><given-names>Mick</given-names></name></person-group></element-citation></ref><ref id="B11"><element-citation publication-type="article"><article-title>The supposed demise of fordism: implications for distance education and higher education</article-title><source>Distance Education</source><fpage>7</fpage><lpage>28</lpage><issue>1</issue><volume>13</volume><person-group><name><surname>CAMPION</surname><given-names>Mick</given-names></name><name><surname>RENNER</surname><given-names>William</given-names></name></person-group></element-citation></ref><ref id="B12"><element-citation publication-type="book"><source>Ensino superior a distância</source><date><year>1997</year></date><person-group><name><surname>CARMO</surname><given-names>Hermano</given-names></name><name><surname>CARMO</surname><given-names>Hermano</given-names></name></person-group></element-citation></ref><ref id="B13"><element-citation publication-type="article"><article-title>Globalization, post-fordism and open and distance education</article-title><source>Distance Education</source><fpage>245</fpage><lpage>269</lpage><issue>2</issue><volume>16</volume><person-group><name><surname>EVANS</surname><given-names>Terry</given-names></name></person-group></element-citation></ref><ref id="B14"><element-citation publication-type="article"><article-title>Dialogue in practice, research and theory in distance education</article-title><source>Open Learning</source><fpage>37</fpage><lpage>41</lpage><issue>2</issue><volume>4</volume><person-group><name><surname>EVANS</surname><given-names>Terry</given-names></name><name><surname>NATION</surname><given-names>Daryl</given-names></name></person-group></element-citation></ref><ref id="B15"><element-citation publication-type="article"><article-title>Los aportes que hubiera dado Jean Piaget si se hubiera ocupado de la tecnologia educativa</article-title><source>Revista de Educación a Distancia</source><issue>11</issue><person-group><name><surname>FAINHOLC</surname><given-names>Beatriz</given-names></name></person-group></element-citation></ref><ref id="B16"><element-citation publication-type="article"><article-title>A motivação nos adultos: factor fundamental de aproveitamento no ensino a distância</article-title><source>Sinal</source><fpage>29</fpage><lpage>43</lpage><issue>1</issue><person-group><name><surname>FERREIRA</surname><given-names>Maria Luísa R.</given-names></name></person-group></element-citation></ref><ref id="B17"><element-citation publication-type="book"><source>Vídeo e educação</source><date><year>1996</year></date><person-group><name><surname>FERRÉS</surname><given-names>Joan</given-names></name><name><surname>FERRÉS</surname><given-names>Joan</given-names></name></person-group></element-citation></ref><ref id="B18"><element-citation publication-type="article"><article-title>Globalization, consumption and the learning business</article-title><source>Distance Education</source><fpage>270</fpage><lpage>283</lpage><issue>2</issue><volume>16</volume><person-group><name><surname>FIELD</surname><given-names>John</given-names></name></person-group></element-citation></ref><ref id="B19"><element-citation publication-type="conference"><source>Anais</source><fpage>68</fpage><person-group><name><surname>FUSARI</surname><given-names>Maria Felisminda de R</given-names></name></person-group></element-citation></ref><ref id="B20"><element-citation publication-type="book"><source>As conseqüências da modernidade</source><date><year>1994</year></date><person-group><name><surname>GIDDENS</surname><given-names>Anthony</given-names></name><name><surname>GIDDENS</surname><given-names>Anthony</given-names></name></person-group></element-citation></ref><ref id="B21"><element-citation publication-type="book"><source>Aprendendo com as inovações na escola</source><person-group><name><surname>HERNANDEZ</surname><given-names>H.</given-names></name><name><surname>HERNANDEZ</surname><given-names>H.</given-names></name></person-group></element-citation></ref><ref id="B22"><element-citation publication-type="book"><source>Les genres televisuels dans i'enseignement</source><date><year>1990</year></date><person-group><name><surname>JACQUINOT</surname><given-names>Geneviève</given-names></name><name><surname>JACQUINOT</surname><given-names>Geneviève</given-names></name></person-group></element-citation></ref><ref id="B23"><element-citation publication-type="book"><source>Des machines et des hommes</source><date><year>1996</year></date><person-group><name><surname>LINARD</surname><given-names>Monique</given-names></name><name><surname>LINARD</surname><given-names>Monique</given-names></name></person-group></element-citation></ref><ref id="B24"><element-citation publication-type="article"><article-title>Distance education in a modern society</article-title><source>Open Learning</source><fpage>23</fpage><lpage>30</lpage><issue>2</issue><volume>7</volume><person-group><name><surname>LJOSÄ</surname><given-names>Erling</given-names></name></person-group></element-citation></ref><ref id="B25"><element-citation publication-type="book"><source>Dimed 86: discurso dos media e ensino a distância</source><fpage>101</fpage><lpage>145</lpage><person-group><name><surname>MAHIEU</surname><given-names>Monique</given-names></name></person-group></element-citation></ref><ref id="B26"><element-citation publication-type="article"><article-title>Time, space and distance education</article-title><source>Distance Education</source><fpage>222</fpage><lpage>246</lpage><issue>2</issue><volume>17</volume><person-group><name><surname>MARSDEN</surname><given-names>R</given-names></name></person-group></element-citation></ref><ref id="B27"><element-citation publication-type="thesis"><source>Complexité et éthique médicale</source><date><year>2005</year></date><person-group><name><surname>MORIN</surname><given-names>Edgar</given-names></name><name><surname>MORIN</surname><given-names>Edgar</given-names></name></person-group></element-citation></ref><ref id="B28"><element-citation publication-type="article"><article-title>Open learning and misuse of language: some comments on the Rumble/Lewis debate</article-title><source>Open Learning</source><fpage>40</fpage><lpage>45</lpage><issue>2</issue><volume>5</volume><person-group><name><surname>NATION</surname><given-names>Daryl</given-names></name></person-group></element-citation></ref><ref id="B29"><element-citation publication-type="book"><source>La communication du savoir à distance</source><date><year>1996</year></date><person-group><name><surname>PERRIAULT</surname><given-names>Jacques</given-names></name><name><surname>PERRIAULT</surname><given-names>Jacques</given-names></name></person-group></element-citation></ref><ref id="B30"><element-citation publication-type="book"><source>Distance education: international perspectives</source><fpage>95</fpage><lpage>111</lpage><person-group><name><surname>PETERS</surname><given-names>Otto</given-names></name><name><surname>SEWART</surname><given-names>D.</given-names></name><name><surname>SEWART</surname><given-names>D.</given-names></name></person-group></element-citation></ref><ref id="B31"><element-citation publication-type="article"><article-title>The iceberg has not melted: further reflections on the concept of industrialization and distance teaching</article-title><source>Open Learning</source><fpage>3</fpage><lpage>8</lpage><issue>3</issue><volume>4</volume><person-group><name><surname>PETERS</surname><given-names>Otto</given-names></name></person-group></element-citation></ref><ref id="B32"><element-citation publication-type="article"><article-title>Mediatização do discurso científico</article-title><source>Análise Social</source><fpage>1149</fpage><lpage>1160</lpage><issue>103-104</issue><volume>24</volume><person-group><name><surname>ROCHA-TRINDADE</surname><given-names>Maria Beatriz</given-names></name></person-group></element-citation></ref><ref id="B33"><element-citation publication-type="book"><source>Innovaciones andragógicas en la concepción del participante en la educación superior a distancia</source><date><year>1993</year></date><person-group><name><surname>SAYERS DE ZAA</surname><given-names>J</given-names></name><name><surname>SAYERS DE ZAA</surname><given-names>J</given-names></name></person-group><ext-link>mail.udlap.mx/~asantos/Mem2000/data/Sayers.pdf</ext-link></element-citation></ref><ref id="B34"><element-citation publication-type="book"><source>Formação de professores e TV Escola</source><date><year>2000</year></date><person-group><name><surname>TOSCHI</surname><given-names>Mirza Seabra</given-names></name><name><surname>TOSCHI</surname><given-names>Mirza Seabra</given-names></name></person-group><ext-link>www.anped.org.br/23/textos/1626t.pdf</ext-link></element-citation></ref><ref id="B35"><element-citation publication-type="conference"><source>The salami concept: the proceedings of EADTU</source><date><year>1991</year></date><person-group><name><surname>TRINDADE</surname><given-names>Armando R.</given-names></name><name><surname>TRINDADE</surname><given-names>Armando R.</given-names></name></person-group></element-citation></ref><ref id="B36"><element-citation publication-type="book"><source>Distance education for Europe</source><date><year>1992</year></date><person-group><name><surname>TRINDADE</surname><given-names>Armando R.</given-names></name></person-group></element-citation></ref></ref-list></back></article></articles>