<articles xmlns:xsi="http://www.w3.org/2001/XMLSchema-instance" xsi:schemaLocation="https://raw.githubusercontent.com/scieloorg/articles_meta/master/tests/xsd/scielo_sci/ThomsonReuters_publishing.xsd" dtd-version="1.10"><article lang_id="pt" article-type="research-article"><front><journal-meta><journal-id journal-id-type="publisher">tes</journal-id><journal-title-group><journal-title>Trabalho, Educação e Saúde</journal-title><abbrev-journal-title>Trab. educ. saúde</abbrev-journal-title></journal-title-group><issn>1981-7746</issn><collection>SciELO Brazil</collection><publisher><publisher-name>Fundação Oswaldo Cruz, Escola Politécnica de Saúde Joaquim Venâncio</publisher-name></publisher></journal-meta><article-meta><unique-article-id pub-id-type="publisher-id">S1981-77462007000200002</unique-article-id><article-id pub-id-type="publisher-id">S1981-77462007000200002</article-id><article-id pub-id-type="doi">10.1590/S1981-77462007000200002</article-id><article-categories><subj-group><subject>EDUCATION &amp; EDUCATIONAL RESEARCH</subject><subject>PUBLIC, ENVIRONMENTAL &amp; OCCUPATIONAL HEALTH</subject></subj-group></article-categories><title-group><article-title lang_id="pt">Propaganda de medicamentos: como conciliar uso racional e a permanente necessidade de expandir mercado?</article-title><trans-title-group lang_id="en"><trans-title>Medication advertising: how to reconcile rational use and the permanent need for market expansions?</trans-title></trans-title-group></title-group><contrib-group><contrib contrib-type="author"><name><surname>Nascimento</surname><given-names>Álvaro</given-names></name><role>ND</role><xref ref-type="aff" rid="A01"/></contrib></contrib-group><aff id="A01"><institution>Fundação Oswaldo Cruz</institution><country>Brazil</country></aff><pub-date><month>07</month><year>2007</year></pub-date><volume>5</volume><issue>2</issue><fpage>189</fpage><lpage>250</lpage><permissions><license license-type="open-access" href="http://creativecommons.org/licenses/by-nc/4.0/"><license-p>This work is licensed under a Creative Commons Attribution-NonCommercial 4.0 International License.</license-p></license></permissions><self-uri href="http://www.scielo.br/scielo.php?script=sci_arttext&amp;pid=S1981-77462007000200002&amp;lng=en&amp;tlng=en" content-type="full_text_page"/><self-uri href="http://www.scielo.br/scielo.php?script=sci_issuetoc&amp;pid=1981-774620070002&amp;lng=en" content-type="issue_page"/><self-uri href="http://www.scielo.br/scielo.php?script=sci_serial&amp;pid=1981-7746&amp;lng=en" content-type="journal_page"/><abstract lang_id="pt"><p>A indústria farmacêutica, agências de publicidade, empresas de comunicação e o comércio varejista têm implementado uma intensa estratégia de marketing com vistas a elevar o consumo de medicamentos. A revolução científica e tecnológica, por sua vez, altera o padrão de enfrentamento terapêutico de doenças e seu impacto no setor saúde faz surgir o fenômeno da medicalização e da lógica de que estes bens e serviços devam ser considerados mercadorias como as demais. Esta realidade impõe um desafio: na utilização de medicamentos, até onde prevalece a exigência terapêutica estritamente voltada para o controle de enfermidades e começa a pressão mercadológica a estimular o seu consumo? A exploração do valor simbólico do medicamento pela grande mídia passa a representar um poderoso instrumento de indução de hábitos para elevar seu consumo. A magnitude do problema levou a que o Estado há muito busque regular a propaganda de medicamentos por meio de leis, decretos e códigos, que vêm sendo desrespeitados ao longo do tempo. Em 30 de novembro de 2000, a Agência Nacional de Vigilância Sanitária (Anvisa) publica a Resolução de Diretoria Colegiada (RDC) 102, tentando novamente impor limites ao setor. Para além de um maior esforço fiscalizador, este trabalho discute o próprio modelo regulador adotado, que não tem conseguido alcançar o objetivo a que se propõe.</p></abstract><trans-abstract lang_id="en"><p>The pharmaceutical industry, advertising agencies, communication companies, and the retail market have implemented an intense marketing strategy aimed at boosting medication consumption. The scientific and technological revolution, in turn, changed illnesses treatment standards and its impact on the health sector gave rise both to the medicalization phenomenon and to the logic that these goods and services should be considered as merchandise, as any other. This fact brings a challenge about: in medication use, to what extent should therapeutic requirements aimed strictly at controlling diseases prevail? At what point does market pressure begin encouraging drug consumption? The media's exploitation of the symbolic value there is behind the drugs is a powerful instrument to induce behavior to increase product consumption. The magnitude of the problem has forced the State to regulate drug advertisements via laws, decrees, and codes which, through the years, have been being disrespected. On November 30 2000, the National Health Surveillance Agency (Anvisa) published Collegiate Board Resolution (CBR) 102, once again in an attempt to impose limits on the sector. Over and beyond the stepped-up inspection efforts, this article discusses the regulation model itself, which has been unable to reach the goals it was designed to achieve.</p></trans-abstract><kwd-group lang_id="pt" kwd-group-type="author-generated"><kwd>medicamento</kwd><kwd>vigilância sanitária</kwd><kwd>ética na propaganda</kwd><kwd>regulação</kwd><kwd>mídia</kwd></kwd-group><kwd-group lang_id="en" kwd-group-type="author-generated"><kwd>medication</kwd><kwd>health surveillance</kwd><kwd>ethics in advertising</kwd><kwd>regulation</kwd><kwd>media</kwd></kwd-group></article-meta></front><back><ref-list><ref id="B1"><element-citation publication-type="book"><source>Pelo direito universal à saúde: contribuição da Abrasco aos debates da 8a Conferência Nacional de Saúde</source><date><year>1985</year></date></element-citation></ref><ref id="B2"><element-citation publication-type="book"><source>Resolução de Diretoria Colegiada (RDC) 102/2000</source><ext-link>http://www.anvisa.gov.br/legis/resol/2000/102</ext-link></element-citation></ref><ref id="B3"><element-citation publication-type="book"><source>Projeto de monitoração de propaganda e publicidade de medicamentos</source><date><year>2002</year></date></element-citation></ref><ref id="B4"><element-citation publication-type="book"><source>Análise de conteúdo</source><date><year>1995</year></date><person-group><name><surname>BARDIN</surname><given-names>Laurence</given-names></name><name><surname>BARDIN</surname><given-names>Laurence</given-names></name></person-group></element-citation></ref><ref id="B5"><element-citation publication-type="book"><source>Propaganda de medicamentos: atentado à saúde?</source><date><year>1995</year></date><person-group><name><surname>BARROS</surname><given-names>José Augusto Cabral de</given-names></name><name><surname>BARROS</surname><given-names>José Augusto Cabral de</given-names></name></person-group></element-citation></ref><ref id="B6"><element-citation publication-type="book"><source>Indústria farmacêutica, Estado e sociedade</source><date><year>1995</year></date><person-group><name><surname>BERMUDEZ</surname><given-names>Jorge</given-names></name><name><surname>BERMUDEZ</surname><given-names>Jorge</given-names></name></person-group></element-citation></ref><ref id="B7"><element-citation publication-type="book"><source>A teoria da regulação: uma análise crítica</source><date><year>1990</year></date><person-group><name><surname>BOYER</surname><given-names>Robert</given-names></name><name><surname>BOYER</surname><given-names>Robert</given-names></name></person-group></element-citation></ref><ref id="B8"><element-citation publication-type="book"><source>Lei no 6.360 de 23 de setembro de 1976: Dispõe sobre vigilância sanitária a que ficam sujeitos os medicamentos, as drogas, os insumos farmacêuticos e correlatos, cosméticos, saneantes e outros produtos</source><ext-link>http://www. cff.org.br/legis/leis/lei_ 6360_76.html</ext-link></element-citation></ref><ref id="B9"><element-citation publication-type="book"><source>Decreto no 79.094, de 5 de janeiro de 1977: Regulamenta a lei no 6.360 de 23 setembro 1976, que submete ao sistema de vigilância sanitária os medicamentos, insumos farmacêuticos, drogas, correlatos, cosméticos, produtos de higiene, saneamento e outros</source><ext-link>http://www.cff.org.br/legis/decretos/decreto_79094_77.html</ext-link></element-citation></ref><ref id="B10"><element-citation publication-type="article"><article-title>A nova política de recursos humanos</article-title><source>Cadernos do Mare da Reforma do Estado</source><date><year>1998</year></date><fpage>7</fpage><issue>11</issue></element-citation></ref><ref id="B11"><element-citation publication-type="book"><source>Portaria 3.916, de 30 de outubro de 1998b: Estabelece a Política Nacional de Medicamentos</source><ext-link>http://dtr 2001.saude.gov.br/doc/Portarias/ 3916 %20.rtf</ext-link></element-citation></ref><ref id="B12"><element-citation publication-type="book"><source>Voto em Separado dos Deputados Arlindo Chinaglia (PT-SP), Geraldo Magela (PT-DF), Henrique Fontana (PT-RS) Marcio Matos (PT-PR), Sérgio Novais (PSB-CE) e Vanessa Grazziotin (PCdoB-AM)</source><date><year>2000</year></date></element-citation></ref><ref id="B13"><element-citation publication-type="book"><source>Relatório final da CPI de Medicamentos</source><date><year>2000</year></date></element-citation></ref><ref id="B14"><element-citation publication-type="book"><source>Resolução de Diretoria Colegiada 102/2000c</source><ext-link>http://elegis.anvisa.gov. br/leisref/public/showAct.php? id = 16627&amp;word=propaganda#'</ext-link></element-citation></ref><ref id="B15"><element-citation publication-type="book"><source>Projeto de modernização da produção pública de medicamentos</source><date><year>2000</year></date></element-citation></ref><ref id="B16"><element-citation publication-type="book"><source>Relatório final da 11a Conferência Nacional de Saúde</source><date><year>2001</year></date><ext-link>http://conselho.saude.gov.br/11conferencia/11c_relatorio. htm</ext-link></element-citation></ref><ref id="B17"><element-citation publication-type="book"><source>I Conferência Nacional de Vigilância Sanitária: Relatório final</source><date><year>2001</year></date></element-citation></ref><ref id="B18"><element-citation publication-type="book"><source>Estudo comparado: regulamentação da propaganda de medicamentos. Série E. Legislação de Saúde</source><date><year>2005</year></date><fpage>53</fpage><lpage>6</lpage></element-citation></ref><ref id="B19"><element-citation publication-type="book"><source>Vigilância sanitária: proteção e defesa da saúde</source><date><year>1999</year></date><person-group><name><surname>COSTA</surname><given-names>Ediná Alves</given-names></name><name><surname>COSTA</surname><given-names>Ediná Alves</given-names></name></person-group></element-citation></ref><ref id="B20"><element-citation publication-type="article"><article-title>O novo enfoque do Banco Mundial sobre o Estado</article-title><source>Lua Nova: revista de cultura e política</source><date><year>1998</year></date><fpage>5 </fpage><lpage> 26</lpage><issue>44</issue><person-group><name><surname>COSTA</surname><given-names>Valeriano Mendes</given-names></name></person-group></element-citation></ref><ref id="B21"><element-citation publication-type="link"><date><day>28</day><month>04</month><year>2007</year></date><ext-link>http://www.febrafarma.org.br/divisoes.php?area=ec&amp;secao=tc&amp;modulo=arqs_economia</ext-link></element-citation></ref><ref id="B22"><element-citation publication-type="book"><source>Promotion by the British pharmaceutical industry, 1983-8: a critical analysis of self regulation</source><date><year>1990</year></date><person-group><name><surname>HERXHEIMER</surname><given-names>Andrew</given-names></name><name><surname>COLLIER</surname><given-names>Joe</given-names></name><name><surname>HERXHEIMER</surname><given-names>Andrew</given-names></name><name><surname>COLLIER</surname><given-names>Joe</given-names></name></person-group></element-citation></ref><ref id="B23"><element-citation publication-type="book"><source>A expropriação da saúde: nêmesis da medicina</source><date><year>1975</year></date><person-group><name><surname>ILLICH</surname><given-names>Ivan</given-names></name><name><surname>ILLICH</surname><given-names>Ivan</given-names></name></person-group></element-citation></ref><ref id="B24"><element-citation publication-type="book"><source>Estatística anual de casos de intoxicação e envenenamento</source><date><year>2004</year></date></element-citation></ref><ref id="B25"><element-citation publication-type="book"><source>Princípios de marketing</source><date><year>2003</year></date><person-group><name><surname>KOTLER</surname><given-names>Philip</given-names></name><name><surname>ARMSTRONG</surname><given-names>Gary</given-names></name><name><surname>KOTLER</surname><given-names>Philip</given-names></name><name><surname>ARMSTRONG</surname><given-names>Gary</given-names></name></person-group></element-citation></ref><ref id="B26"><element-citation publication-type="book"><source>O medicamento como mercadoria simbólica</source><date><year>1991</year></date><person-group><name><surname>LEFÉVRE</surname><given-names>Fernando</given-names></name><name><surname>LEFÉVRE</surname><given-names>Fernando</given-names></name></person-group></element-citation></ref><ref id="B27"><element-citation publication-type="book"><source>O capital: crítica da economia política. Livro I, v. 1. O processo de produção do capital</source><date><year>2002</year></date><person-group><name><surname>MARX</surname><given-names>Karl</given-names></name><name><surname>MARX</surname><given-names>Karl</given-names></name></person-group></element-citation></ref><ref id="B28"><element-citation publication-type="book"><source>O manifesto comunista</source><date><year>1998</year></date><person-group><name><surname>MARX</surname><given-names>Karl</given-names></name><name><surname>ENGELS</surname><given-names>Friedrich</given-names></name><name><surname>MARX</surname><given-names>Karl</given-names></name><name><surname>ENGELS</surname><given-names>Friedrich</given-names></name></person-group></element-citation></ref><ref id="B29"><element-citation publication-type="book"><source>Propaganda de medicamentos no Brasil: análise das manifestações públicas sobre Regulamentação</source><date><year>2000</year></date><person-group><name><surname>MAXIMIANO</surname><given-names>Adriana de Araújo</given-names></name><name><surname>CARDOSO</surname><given-names>Luciano Alves. A.</given-names></name><name><surname>MAXIMIANO</surname><given-names>Adriana de Araújo</given-names></name><name><surname>CARDOSO</surname><given-names>Luciano Alves. A.</given-names></name></person-group></element-citation></ref><ref id="B30"><element-citation publication-type="book"><source>"Ao persistirem os sintomas o médico deverá ser consultado": Isto é regulação?</source><date><year>2005</year></date><person-group><name><surname>NASCIMENTO</surname><given-names>Álvaro</given-names></name><name><surname>NASCIMENTO</surname><given-names>Álvaro</given-names></name></person-group></element-citation></ref><ref id="B31"><element-citation publication-type="thesis"><source>A centralidade do medicamento na terapêutica contemporânea</source><date><year>2002</year></date><person-group><name><surname>NASCIMENTO</surname><given-names>Marilene Cabral</given-names></name><name><surname>NASCIMENTO</surname><given-names>Marilene Cabral</given-names></name></person-group></element-citation></ref><ref id="B32"><element-citation publication-type="book"><source>Critérios éticos para la promoción de medicamentos</source><date><year>1988</year></date><ext-link>http://www.who.int/ medicines/espanol/criterios/criterioseticos. pdf</ext-link></element-citation></ref><ref id="B33"><element-citation publication-type="book"><source>Estudos de utilização de medicamentos: noções básicas</source><date><year>2000</year></date><person-group><name><surname>OSÓRIO-DE-CASTRO</surname><given-names>Claudia</given-names></name><name><surname>OSÓRIO-DE-CASTRO</surname><given-names>Claudia</given-names></name></person-group></element-citation></ref><ref id="B34"><element-citation publication-type="book"><source>A prescrição médica</source><date><year>1995</year></date><person-group><name><surname>PEPE</surname><given-names>Vera Lucia Edais</given-names></name><name><surname>VERAS</surname><given-names>Claudia Maria Travassos</given-names></name><name><surname>PEPE</surname><given-names>Vera Lucia Edais</given-names></name><name><surname>VERAS</surname><given-names>Claudia Maria Travassos</given-names></name></person-group></element-citation></ref><ref id="B35"><element-citation publication-type="undefined"><date><month>12</month><year>2004</year></date></element-citation></ref><ref id="B36"><element-citation publication-type="book"><source>Fundamentos da vigilância sanitária</source><date><year>2000</year></date><person-group><name><surname>ROZENFELD</surname><given-names>Suely</given-names></name><name><surname>ROZENFELD</surname><given-names>Suely</given-names></name></person-group></element-citation></ref><ref id="B37"><element-citation publication-type="thesis"><source>Reações adversas aos medicamentos na terceira idade: as quedas em mulheres com iatrogenia farmacoterapêutica</source><date><year>1987</year></date><person-group><name><surname>ROZENFELD</surname><given-names>Suely</given-names></name></person-group></element-citation></ref><ref id="B38"><element-citation publication-type="book"><source>Epidemiologia do medicamento: princípios gerais</source><date><year>1989</year></date><person-group><name><surname>ROZENFELD</surname><given-names>Suely</given-names></name><name><surname>LAPORTE</surname><given-names>J. R.</given-names></name><name><surname>TOGNONI</surname><given-names>G.</given-names></name><name><surname>LAPORTE</surname><given-names>J. R.</given-names></name><name><surname>TOGNONI</surname><given-names>G.</given-names></name></person-group></element-citation></ref><ref id="B39"><element-citation publication-type="article"><article-title>Vigilância: as mudanças necessárias</article-title><source>Revista Riopharma</source><date><month>04</month><year>2003</year></date><fpage>15</fpage><issue>54</issue><person-group><name><surname>ROZENFELD</surname><given-names>Suely</given-names></name></person-group></element-citation></ref><ref id="B40"><element-citation publication-type="book"><source>Agencificação, publicização, contratualização e controle social: possibilidades no âmbito da reforma do aparelho do Estado</source><date><year>2000</year></date><person-group><name><surname>SANTOS</surname><given-names>Luiz Alberto</given-names></name><name><surname>SANTOS</surname><given-names>Luiz Alberto</given-names></name></person-group></element-citation></ref><ref id="B41"><element-citation publication-type="book"><source>Cuidado com os medicamentos</source><date><year>1991</year></date><person-group><name><surname>SCHENKEL</surname><given-names>Eloir Paulo</given-names></name><name><surname>SCHENKEL</surname><given-names>Eloir Paulo</given-names></name></person-group></element-citation></ref><ref id="B42"><element-citation publication-type="book"><source>O que é uso racional de medicamentos</source><date><year>2001</year></date></element-citation></ref><ref id="B43"><element-citation publication-type="book"><source>A propaganda de medicamentos e o mito da saúde</source><date><year>1986</year></date><person-group><name><surname>TEMPORÃO</surname><given-names>José Gomes</given-names></name><name><surname>TEMPORÃO</surname><given-names>José Gomes</given-names></name></person-group></element-citation></ref></ref-list></back></article></articles>