<articles xmlns:xsi="http://www.w3.org/2001/XMLSchema-instance" xsi:schemaLocation="https://raw.githubusercontent.com/scieloorg/articles_meta/master/tests/xsd/scielo_sci/ThomsonReuters_publishing.xsd" dtd-version="1.10"><article lang_id="pt" article-type="research-article"><front><journal-meta><journal-id journal-id-type="publisher">tes</journal-id><journal-title-group><journal-title>Trabalho, Educação e Saúde</journal-title><abbrev-journal-title>Trab. educ. saúde</abbrev-journal-title></journal-title-group><issn>1981-7746</issn><collection>SciELO Brazil</collection><publisher><publisher-name>Fundação Oswaldo Cruz, Escola Politécnica de Saúde Joaquim Venâncio</publisher-name></publisher></journal-meta><article-meta><unique-article-id pub-id-type="publisher-id">S1981-77462008000300013</unique-article-id><article-id pub-id-type="publisher-id">S1981-77462008000300013</article-id><article-id pub-id-type="doi">10.1590/S1981-77462008000300013</article-id><article-categories><subj-group><subject>EDUCATION &amp; EDUCATIONAL RESEARCH</subject><subject>PUBLIC, ENVIRONMENTAL &amp; OCCUPATIONAL HEALTH</subject></subj-group></article-categories><title-group><article-title lang_id="pt">Os impasses do financiamento fiscal do SUS</article-title><trans-title-group lang_id="en"><trans-title>The impasses of the fiscal funding of the SUS</trans-title></trans-title-group></title-group><contrib-group><contrib contrib-type="author"><name><surname>Dain</surname><given-names>Sulamis</given-names></name><role>ND</role><xref ref-type="aff" rid="A01"/></contrib></contrib-group><aff id="A01"><institution>Universidade do Estado do Rio de Janeiro</institution><country>Brazil</country></aff><pub-date><year>2008</year></pub-date><volume>6</volume><issue>3</issue><fpage>623</fpage><lpage>632</lpage><permissions><license license-type="open-access" href="http://creativecommons.org/licenses/by-nc/4.0/"><license-p>This work is licensed under a Creative Commons Attribution-NonCommercial 4.0 International License.</license-p></license></permissions><self-uri href="http://www.scielo.br/scielo.php?script=sci_arttext&amp;pid=S1981-77462008000300013&amp;lng=en&amp;tlng=en" content-type="full_text_page"/><self-uri href="http://www.scielo.br/scielo.php?script=sci_issuetoc&amp;pid=1981-774620080003&amp;lng=en" content-type="issue_page"/><self-uri href="http://www.scielo.br/scielo.php?script=sci_serial&amp;pid=1981-7746&amp;lng=en" content-type="journal_page"/><abstract lang_id="pt"><p>Este comentário inspira-se no artigo de Luciana Dias de Lima sobre as relações entre o federalismo fiscal e o processo de descentralização do Sistema Único de Saúde. Destaca e desdobra aspectos relativos às transformações no contexto das relações intergovernamentais e às mudanças na institucionalidade pública que marcam o período analisado pela autora. O comentário chama a atenção para o potencial de desconstrução das relações federativas do Sistema Único de Saúde descritas e analisadas no texto proposto para debate, se aprovado o novo projeto de reforma tributária do Executivo, em tramitação.</p></abstract><trans-abstract lang_id="en"><p>This comment is inspired in the article written by Luciana Dias de Lima regarding the relationships between fiscal federalism and the process of decentralization of the Single Health System. It highlights and expands issues regarding the transformations that have taken place in the intergovernmental relationships and the changes in public institutionality that marked the period the author analyzed. The comment calls the reader's attention to the potential deconstruction of the federative relationships of the Single Health System described and analyzed in the text proposed for, if the Executive's new tax reform, which is currently proceduring, is approved.</p></trans-abstract><kwd-group lang_id="en" kwd-group-type="author-generated"><kwd>public funding</kwd><kwd>federalism and health</kwd><kwd>intergovernmental relationships</kwd><kwd>SUS</kwd></kwd-group><kwd-group lang_id="pt" kwd-group-type="author-generated"><kwd>financiamento público</kwd><kwd>federalismo e saúde</kwd><kwd>relações intergovernamentais</kwd><kwd>SUS</kwd></kwd-group></article-meta></front><back><ref-list><ref id="B1"><element-citation publication-type="article"><article-title>Carga tributária global no Brasil, 2000/2005: cálculos revisitados?</article-title><source>NEPP Caderno</source><date><month>03</month><year>2006</year></date><issue>61</issue><person-group><name><surname>AFONSO</surname><given-names>José Roberto R.</given-names></name><name><surname>MEIRELLES</surname><given-names>Beatriz Barbosa</given-names></name></person-group></element-citation></ref><ref id="B2"><element-citation publication-type="book"><source>A polêmica sobre o déficit público brasileiro</source><date><year>1999</year></date><person-group><name><surname>BIASOTO</surname><given-names>Geraldo</given-names></name><name><surname>BIASOTO</surname><given-names>Geraldo</given-names></name></person-group></element-citation></ref><ref id="B3"><element-citation publication-type="book"><source>Do direito social à mercadoria</source><date><year>2000</year></date><person-group><name><surname>DAIN</surname><given-names>Sulamis</given-names></name><name><surname>DAIN</surname><given-names>Sulamis</given-names></name></person-group></element-citation></ref><ref id="B4"><element-citation publication-type="article"><article-title>O financiamento público na perspectiva da política social</article-title><source>Economia e Sociedade</source><date><year>2001</year></date><fpage>113</fpage><lpage>140</lpage><volume>17</volume><person-group><name><surname>DAIN</surname><given-names>Sulamis</given-names></name></person-group></element-citation></ref><ref id="B5"><element-citation publication-type="book"><source>Diagnóstico do financiamento do MS aos governos subnacionais</source><date><year>2007</year></date><person-group><name><surname>DAIN</surname><given-names>Sulamis</given-names></name><name><surname>LIMA</surname><given-names>Luciana Dias de</given-names></name><name><surname>PACHECO</surname><given-names>Kleber</given-names></name></person-group></element-citation></ref><ref id="B6"><element-citation publication-type="book"><source>Nota sobre a reforma tributária e suas implicações para os direitos sociais</source><date><year>2008</year></date><person-group><name><surname>DELGADO</surname><given-names>Guilherme</given-names></name><name><surname>DELGADO</surname><given-names>Guilherme</given-names></name></person-group></element-citation></ref><ref id="B7"><element-citation publication-type="thesis"><source>Padrões de financiamento e descentralização na federação brasileira: saúde e educação fundamental nos anos 90</source><date><year>2002</year></date><person-group><name><surname>FAVERET</surname><given-names>Ana Cecília de Sá Campelo</given-names></name><name><surname>FAVERET</surname><given-names>Ana Cecília de Sá Campelo</given-names></name></person-group></element-citation></ref><ref id="B8"><element-citation publication-type="article"><article-title>A vinculação constitucional de recursos para a saúde: avanços, entraves e perspectivas</article-title><source>Ciência &amp; Saúde Coletiva</source><date><year>2003</year></date><fpage>371</fpage><lpage>378</lpage><issue>2</issue><volume>8</volume><person-group><name><surname>FAVERET</surname><given-names>Ana Cecília de Sá Campelo</given-names></name></person-group></element-citation></ref><ref id="B9"><element-citation publication-type="article"><article-title>Conexões entre o federalismo fiscal e o financiamento da política de saúde no Brasil</article-title><source>Ciência &amp; Saúde Coletiva</source><date><year>2007</year></date><fpage>511</fpage><lpage>522</lpage><volume>12</volume><person-group><name><surname>LIMA</surname><given-names>Luciana Dias de</given-names></name></person-group></element-citation></ref><ref id="B10"><element-citation publication-type="book"><source>Federalismo, relações fiscais e financiamento do Sistema Único de Saúde: a distribuição de receitas vinculadas à saúde nos orçamentos municipais e estaduais</source><date><year>2007</year></date><volume>1</volume><person-group><name><surname>LIMA</surname><given-names>Luciana Dias de</given-names></name></person-group></element-citation></ref><ref id="B11"><element-citation publication-type="thesis"><source>A descentralização da política de saúde no Estado do Rio: uma avaliação da gestão plena do sistema municipal</source><date><year>2003</year></date><person-group><name><surname>PASTRANA</surname><given-names>Rosa</given-names></name><name><surname>PASTRANA</surname><given-names>Rosa</given-names></name></person-group></element-citation></ref></ref-list></back></article></articles>