<articles xmlns:xsi="http://www.w3.org/2001/XMLSchema-instance" xsi:schemaLocation="https://raw.githubusercontent.com/scieloorg/articles_meta/master/tests/xsd/scielo_sci/ThomsonReuters_publishing.xsd" dtd-version="1.10"><article lang_id="pt" article-type="undefined"><front><journal-meta><journal-id journal-id-type="publisher">tes</journal-id><journal-title-group><journal-title>Trabalho, Educação e Saúde</journal-title><abbrev-journal-title>Trab. educ. saúde</abbrev-journal-title></journal-title-group><issn>1981-7746</issn><collection>SciELO Brazil</collection><publisher><publisher-name>Fundação Oswaldo Cruz, Escola Politécnica de Saúde Joaquim Venâncio</publisher-name></publisher></journal-meta><article-meta><unique-article-id pub-id-type="publisher-id">S1981-77462015000200533</unique-article-id><article-id pub-id-type="publisher-id">S1981-77462015000200533</article-id><article-id pub-id-type="doi">10.1590/1981-7746-sip00071</article-id><article-categories><subj-group><subject>EDUCATION &amp; EDUCATIONAL RESEARCH</subject><subject>PUBLIC, ENVIRONMENTAL &amp; OCCUPATIONAL HEALTH</subject></subj-group></article-categories><title-group><article-title lang_id="pt">Entrevista: Jaime Breilh</article-title><trans-title-group lang_id="es"><trans-title>Entrevista: Jaime Breilh</trans-title></trans-title-group><trans-title-group lang_id="en"><trans-title>Interview: Jaime Breilh</trans-title></trans-title-group></title-group><pub-date><month>08</month><year>2015</year></pub-date><volume>13</volume><issue>2</issue><fpage>533</fpage><lpage>540</lpage><permissions><license license-type="open-access" href="http://creativecommons.org/licenses/by-nc/4.0/"><license-p>This work is licensed under a Creative Commons Attribution-NonCommercial 4.0 International License.</license-p></license></permissions><self-uri href="http://www.scielo.br/scielo.php?script=sci_arttext&amp;pid=S1981-77462015000200533&amp;lng=en&amp;tlng=en" content-type="full_text_page"/><self-uri href="http://www.scielo.br/scielo.php?script=sci_issuetoc&amp;pid=1981-774620150002&amp;lng=en" content-type="issue_page"/><self-uri href="http://www.scielo.br/scielo.php?script=sci_serial&amp;pid=1981-7746&amp;lng=en" content-type="journal_page"/><abstract lang_id="pt"><p>Jaime Breilh é professor da Universidade Andina Simón Bolivar, no Equador. Entretanto, para a saúde coletiva, o nome desse pesquisador equatoriano se conecta diretamente com o pensamento crítico em epidemiologia, que não se resume a afirmar a saúde como uma produção social, mas investiga e adverte quanto aos modos pelos quais a sociedade capitalista consolida desigualdades profundamente vinculadas a uma ‘economia da morte’. Nesta entrevista,1,2 concedida em março, quando ele esteve no Brasil para participar do V Seminário da Frente Nacional contra a Privatização da Saúde, Breilh faz uma análise crítica dos caminhos que a epidemiologia tem trilhado e propõe reposicioná-la como uma área de conhecimento comprometida com uma ‘economia da vida’. Para tanto, discute as relações que se estabelecem entre opções teóricas e uma ação política e ética direcionada ao enfrentamento das iniquidades sociais.</p></abstract><trans-abstract lang_id="es"><p>Jaime Breilh es profesor de la Universidad Andina Simón Bolívar (Ecuador). Sin embargo, en el caso de la salud pública, el nombre de este investigador se vincula directamente con el pensamiento crítico en epidemiología, es decir que no ve simplemente a la salud como una producción social, sino que investiga y advierte acerca de las maneras en que la sociedad capitalista consolida la desigualdad, profundamente ligada a una “economía de la muerte”. En esta entrevista,1 concedida en el mes de marzo, cuando se encontraba en Brasil para participar en el V Seminario del Frente Nacional contra la Privatización de la Salud, Breilh hace un análisis crítico de los caminos que la epidemiología ha recorrido y propone reubicarla como un área de conocimiento comprometida con una “economía de vida”. Con esa finalidad, analiza las relaciones que se establecen entre las opciones teóricas y una acción política y ética dirigida al enfrentamiento de las inequidades sociales.</p></trans-abstract><trans-abstract lang_id="en"><p>Jaime Breilh is a professor at Universidad Andina Simón Bolivar (Ecuador). However, for collective health, this Ecuadorian researcher's name is directly linked to the critical thought on epidemiology that is not limited to affirming health as social production, rather investigates and warns about the extent to which the way the capitalistic society consolidates inequalities that are deeply connected to an ‘economics of death.’ In this interview,1,2 granted in March, when he was in Brazil to take part in the 5th Seminar of the National Front against the Privatization of Health, Breilh made a critical analysis of the paths epidemiology has followed and proposes to reposition it as an area of knowledge committed to an “economics of life.” To this end, he discusses the relationships that are established between theoretical options and political and ethical action directed towards facing social inequalities.</p></trans-abstract></article-meta></front></article></articles>