<articles xmlns:xsi="http://www.w3.org/2001/XMLSchema-instance" xsi:schemaLocation="https://raw.githubusercontent.com/scieloorg/articles_meta/master/tests/xsd/scielo_sci/ThomsonReuters_publishing.xsd" dtd-version="1.10"><article lang_id="pt" article-type="research-article"><front><journal-meta><journal-id journal-id-type="publisher">tes</journal-id><journal-title-group><journal-title>Trabalho, Educação e Saúde</journal-title><abbrev-journal-title>Trab. educ. saúde</abbrev-journal-title></journal-title-group><issn>1981-7746</issn><collection>SciELO Brazil</collection><publisher><publisher-name>Fundação Oswaldo Cruz, Escola Politécnica de Saúde Joaquim Venâncio</publisher-name></publisher></journal-meta><article-meta><unique-article-id pub-id-type="publisher-id">S1981-77462012000200004</unique-article-id><article-id pub-id-type="publisher-id">S1981-77462012000200004</article-id><article-id pub-id-type="doi">10.1590/S1981-77462012000200004</article-id><article-categories><subj-group><subject>EDUCATION &amp; EDUCATIONAL RESEARCH</subject><subject>PUBLIC, ENVIRONMENTAL &amp; OCCUPATIONAL HEALTH</subject></subj-group></article-categories><title-group><article-title lang_id="pt">Promoção da saúde: a concepção dos profissionais de uma unidade de saúde da família</article-title><trans-title-group lang_id="en"><trans-title>Health promotion: the concept of professionals at a family health unit</trans-title></trans-title-group></title-group><contrib-group><contrib contrib-type="author"><name><surname>Rodrigues</surname><given-names>Carol Cardoso</given-names></name><role>ND</role><xref ref-type="aff" rid="A01"/></contrib><contrib contrib-type="author"><name><surname>Ribeiro</surname><given-names>Kátia Suely Queiroz Silva</given-names></name><role>ND</role><xref ref-type="aff" rid="A02"/></contrib></contrib-group><aff id="A01"><institution>Universidade Estadual de Ciências da Saúde de Alagoas</institution><country>Brazil</country></aff><aff id="A02"><institution>Universidade Federal da Paraíba</institution><country>Brazil</country></aff><pub-date><month>10</month><year>2012</year></pub-date><volume>10</volume><issue>2</issue><fpage>235</fpage><lpage>255</lpage><permissions><license license-type="open-access" href="http://creativecommons.org/licenses/by-nc/4.0/"><license-p>This work is licensed under a Creative Commons Attribution-NonCommercial 4.0 International License.</license-p></license></permissions><self-uri href="http://www.scielo.br/scielo.php?script=sci_arttext&amp;pid=S1981-77462012000200004&amp;lng=en&amp;tlng=en" content-type="full_text_page"/><self-uri href="http://www.scielo.br/scielo.php?script=sci_issuetoc&amp;pid=1981-774620120002&amp;lng=en" content-type="issue_page"/><self-uri href="http://www.scielo.br/scielo.php?script=sci_serial&amp;pid=1981-7746&amp;lng=en" content-type="journal_page"/><abstract lang_id="pt"><p>Este artigo tem como objetivo analisar as concepções que norteiam as práticas de promoção da saúde dos profissionais de uma unidade de saúde da família em João Pessoa, Paraíba, Brasil. Realizou-se uma pesquisa qualitativa, com técnicas de entrevista e observação participante, tendo como instrumentos a entrevista semiestruturada e o diário de campo. A coleta dos dados ocorreu em abril e maio de 2010. Os informantes-chave foram seis membros da comissão gestora de uma atividade de promoção da saúde e outros dois profissionais, indicados pela comissão, totalizando oito entrevistados. As entrevistas e o diário de campo foram analisados com base no método de análise de discurso. As categorias de análise foram concepções de promoção da saúde, conhecimento da Política Nacional de Promoção da Saúde e ações de promoção da saúde do planejamento à execução. Teve como referencial teórico os documentos das conferências internacionais sobre promoção da saúde e a Política Nacional de Promoção da Saúde. Percebeu-se que os entrevistados tinham um conceito ampliado de saúde, que influencia diretamente a concepção de promoção da saúde; entretanto, há incoerência entre o discurso e a prática. Espera-se que este estudo contribua para uma reflexão das atividades de promoção da saúde desenvolvidas pelos profissionais.</p></abstract><trans-abstract lang_id="en"><p>The purpose of this article is to analyze the concepts that guide the practices of health promotion by professionals at a family health unit in the city of João Pessoa, state of Paraíba, Brazil. A qualitative survey was carried out, with interview techniques and participatory observations, involving semi-structured interviews and field diaries. Data was collected between April and May, 2010. The key participants were six members of a health promotion management commission and another two professionals, recommended by the commission, thus totaling eight interviewees. The interviews and the field diaries were analyzed based on the discourse analysis method. The analysis categories were concepts of health promotion, knowledge of the National Health Promotion Policy and health promotion initiatives, from planning to execution. Documents from international conferences on health promotion and the National Health Promotion Policy were all used as theoretical references. The interviewees proved to have an extensive knowledge of health care, which directly influenced their concept of health promotion; however, there is incoherence between the discourse and the practice. This study is expected to contribute to a reflection on the health promotion activities undertaken by these professionals.</p></trans-abstract><kwd-group lang_id="en" kwd-group-type="author-generated"><kwd>health promotion</kwd><kwd>quality of life</kwd><kwd>health education</kwd></kwd-group><kwd-group lang_id="pt" kwd-group-type="author-generated"><kwd>promoção da saúde</kwd><kwd>qualidade de vida</kwd><kwd>educação em saúde</kwd></kwd-group></article-meta></front><back><ref-list><ref id="B1"><element-citation publication-type="thesis"><source>As concepções do agente comunitário de saúde sobre promoção da saúde</source><date><year>2008</year></date><person-group><name><surname>ALMEIDA</surname><given-names>Eugênia Zilioli de</given-names></name><name><surname>ALMEIDA</surname><given-names>Eugênia Zilioli de</given-names></name></person-group></element-citation></ref><ref id="B2"><element-citation publication-type="article"><article-title>Um modelo de educação em saúde para o programa saúde da família: pela integridade da atenção e reorientação do modelo assistencial</article-title><source>Interface - Comunicação, Saúde, Educação</source><date><year>2004</year></date><fpage>39</fpage><lpage>52</lpage><issue>16</issue><volume>9</volume><person-group><name><surname>ALVES</surname><given-names>Vânia Sampaio</given-names></name></person-group></element-citation></ref><ref id="B3"><element-citation publication-type="article"><article-title>Trabalho em equipe: um desafio para a consolidação da estratégia de saúde da família</article-title><source>Ciência &amp; Saúde Coletiva</source><date><year>2007</year></date><fpage>455</fpage><lpage>464</lpage><issue>2</issue><volume>12</volume><person-group><name><surname>ARAÚJO</surname><given-names>Marize B. de Souza</given-names></name><name><surname>ROCHA</surname><given-names>Paulo de Medeiros</given-names></name></person-group></element-citation></ref><ref id="B4"><element-citation publication-type="book"><source>As Cartas da Promoção da Saúde</source><date><year>2002</year></date></element-citation></ref><ref id="B5"><element-citation publication-type="book"><source>Política Nacional de Promoção da Saúde</source><date><year>2006</year></date></element-citation></ref><ref id="B6"><element-citation publication-type="article"><article-title>Promoção da saúde e qualidade de vida</article-title><source>Ciência &amp; Saúde Coletiva</source><date><year>2000</year></date><fpage>163</fpage><lpage>177</lpage><issue>1</issue><volume>5</volume><person-group><name><surname>BUSS</surname><given-names>Paulo Marchiori</given-names></name></person-group></element-citation></ref><ref id="B7"><element-citation publication-type="thesis"><source>O lazer como uma das possíveis estratégias de promoção da saúde nas classes subalternas: um estudo de caso na zona leste de São Paulo</source><date><year>2008</year></date><person-group><name><surname>CANTON</surname><given-names>Giselle Alice Martins</given-names></name><name><surname>CANTON</surname><given-names>Giselle Alice Martins</given-names></name></person-group></element-citation></ref><ref id="B8"><element-citation publication-type="article"><article-title>Promoção à saúde e empoderamento: uma reflexão a partir das perspectivas crítico-social pós-estruturalista</article-title><source>Ciência &amp; Saúde Coletiva</source><date><year>2008</year></date><fpage>2.029</fpage><lpage>2.040</lpage><volume>13</volume><person-group><name><surname>CARVALHO</surname><given-names>Sérgio Resende</given-names></name><name><surname>GASTALDO</surname><given-names>Denise</given-names></name></person-group><ext-link>http://www.scielo.br/pdf/csc/v13s2/v13s2a07.pdf</ext-link></element-citation></ref><ref id="B9"><element-citation publication-type="article"><article-title>Educação em saúde: percepção dos enfermeiros da atenção básica em Uberaba (MG)</article-title><source>Ciência &amp; Saúde Coletiva</source><date><year>2011</year></date><fpage>1.547</fpage><lpage>1.554</lpage><volume>16</volume><person-group><name><surname>CERVERA</surname><given-names>Diana Patricia Patino</given-names></name><name><surname>PARREIRA</surname><given-names>Bibiane Dias Miranda</given-names></name><name><surname>GOULART</surname><given-names>Bethania Ferreira</given-names></name></person-group><ext-link>http://www.scielo. br/pdf/csc/v16s1/a90v16s1.pdf</ext-link></element-citation></ref><ref id="B10"><element-citation publication-type="book"><source>Pedagogia do oprimido</source><date><year>2005</year></date><person-group><name><surname>FREIRE</surname><given-names>Paulo</given-names></name><name><surname>FREIRE</surname><given-names>Paulo</given-names></name></person-group></element-citation></ref><ref id="B11"><element-citation publication-type="article"><article-title>Promoção à saúde: trajetória histórica de suas concepções</article-title><source>Texto &amp; Contexto Enfermagem</source><date><day>16</day><month>06</month><year>2012</year></date><fpage>352</fpage><lpage>358</lpage><issue>2</issue><volume>15</volume><person-group><name><surname>HEIDMANN</surname><given-names>Ivonete T. S. Buss</given-names></name></person-group><ext-link>www.scielo.br/pdf/tce/v15n2/a20v15n2.pdf</ext-link></element-citation></ref><ref id="B12"><element-citation publication-type="article"><article-title>A prática das equipes de saúde da família: desafios para a promoção de saúde</article-title><source>Revista Brasileira de Enfermagem</source><date><month>08</month><year>2009</year></date><fpage>524</fpage><lpage>529</lpage><issue>4</issue><volume>62</volume><person-group><name><surname>HORTA</surname><given-names>Natália de Cássia</given-names></name></person-group></element-citation></ref><ref id="B13"><element-citation publication-type="article"><article-title>A prática de grupos como ação de promoção da saúde na Estratégia Saúde da Família</article-title><source>Revista de Atenção Primária à Saúde</source><date><month>09</month><year>2009</year></date><fpage>293</fpage><lpage>301</lpage><issue>3</issue><volume>12</volume><person-group><name><surname>HORTA</surname><given-names>Natália de Cássia</given-names></name></person-group></element-citation></ref><ref id="B14"><element-citation publication-type="book"><source>A New Perspective on the Health of Canadians: a working document</source><date><year>1974</year></date><person-group><name><surname>LALONDE</surname><given-names>M.</given-names></name><name><surname>LALONDE</surname><given-names>M.</given-names></name></person-group><ext-link>http://www.nescon.medicina.ufmg.br/biblioteca/imagem/2130.pdf</ext-link></element-citation></ref><ref id="B15"><element-citation publication-type="article"><article-title>Potencialidades da educação permanente para a transformação das práticas de saúde</article-title><source>Comunicação em Ciências da Saúde</source><date><year>2007</year></date><fpage>147</fpage><lpage>155</lpage><issue>2</issue><volume>18</volume><person-group><name><surname>LOPES</surname><given-names>Sara Regina Souto</given-names></name></person-group></element-citation></ref><ref id="B16"><element-citation publication-type="article"><article-title>Entendimento e prática de ações educativas de profissionais do Programa Saúde da Família de São Sebastião-AL: detectando dificuldades</article-title><source>Revista Brasileira de Enfermagem</source><date><month>06</month><year>2005</year></date><fpage>290</fpage><lpage>295</lpage><issue>3</issue><volume>58</volume><person-group><name><surname>MELO</surname><given-names>Gilberto</given-names></name><name><surname>SANTOS</surname><given-names>Regina Maria dos</given-names></name><name><surname>TREZZA</surname><given-names>Maria Cristina S. Figueiredo</given-names></name></person-group></element-citation></ref><ref id="B17"><element-citation publication-type="article"><article-title>O desafio que a educação permanente tem em si: a pedagogia da implicação</article-title><source>Interface - Comunicação, Saúde, Educação</source><date><month>09</month><year>2004</year></date><fpage>172</fpage><lpage>174</lpage><issue>16</issue><volume>9</volume><person-group><name><surname>MERHY</surname><given-names>Emerson Elias</given-names></name></person-group></element-citation></ref><ref id="B18"><element-citation publication-type="book"><source>O desafio do conhecimento: pesquisa qualitativa em saúde</source><date><year>2008</year></date><person-group><name><surname>MINAYO</surname><given-names>Maria Cecília de Souza</given-names></name><name><surname>MINAYO</surname><given-names>Maria Cecília de Souza</given-names></name></person-group></element-citation></ref><ref id="B19"><element-citation publication-type="book"><source>Pesquisa social: métodos e técnicas</source><date><year>1999</year></date><person-group><name><surname>RICHARDSON</surname><given-names>Roberto Jarry</given-names></name><name><surname>RICHARDSON</surname><given-names>Roberto Jarry</given-names></name></person-group></element-citation></ref><ref id="B20"><element-citation publication-type="article"><article-title>A interdisciplinaridade e o trabalho em equipe no Programa de Saúde da Família</article-title><source>Catarinenses de Medicina</source><date><year>2004</year></date><fpage>31</fpage><lpage>40</lpage><issue>3</issue><volume>33</volume><person-group><name><surname>SANTOS</surname><given-names>Marco Antônio Merechia</given-names></name><name><surname>CUTOLO</surname><given-names>Luiz Roberto Agea</given-names></name></person-group></element-citation></ref><ref id="B21"><element-citation publication-type="article"><article-title>Promoção de saúde: concepções, princípios e operacionalização</article-title><source>Interface - Comunicação, Saúde, Educação</source><date><year>2003</year></date><fpage>91</fpage><lpage>112</lpage><issue>12</issue><volume>7</volume><person-group><name><surname>SÍCOLI</surname><given-names>Juliana Lordello</given-names></name><name><surname>NASCIMENTO</surname><given-names>Paulo Roberto do</given-names></name></person-group></element-citation></ref><ref id="B22"><element-citation publication-type="thesis"><source>Empoderamento de idosos em grupos de Promoção da Saúde</source><date><year>2002</year></date><person-group><name><surname>TEIXEIRA</surname><given-names>Mirna Barros</given-names></name><name><surname>TEIXEIRA</surname><given-names>Mirna Barros</given-names></name></person-group></element-citation></ref><ref id="B23"><element-citation publication-type="book"><source>Tratado de saúde coletiva</source><date><year>2008</year></date><fpage>635</fpage><lpage>667</lpage><person-group><name><surname>WESTPHAL</surname><given-names>Márcia Faria</given-names></name><name><surname>CAMPOS</surname><given-names>Gastão Wagner de Souza</given-names></name><name><surname>CAMPOS</surname><given-names>Gastão Wagner de Souza</given-names></name></person-group></element-citation></ref></ref-list></back></article></articles>