<articles xmlns:xsi="http://www.w3.org/2001/XMLSchema-instance" xsi:schemaLocation="https://raw.githubusercontent.com/scieloorg/articles_meta/master/tests/xsd/scielo_sci/ThomsonReuters_publishing.xsd" dtd-version="1.10"><article lang_id="pt" article-type="research-article"><front><journal-meta><journal-id journal-id-type="publisher">tes</journal-id><journal-title-group><journal-title>Trabalho, Educação e Saúde</journal-title><abbrev-journal-title>Trab. educ. saúde</abbrev-journal-title></journal-title-group><issn>1981-7746</issn><collection>SciELO Brazil</collection><publisher><publisher-name>Fundação Oswaldo Cruz, Escola Politécnica de Saúde Joaquim Venâncio</publisher-name></publisher></journal-meta><article-meta><unique-article-id pub-id-type="publisher-id">S1981-77462008000200003</unique-article-id><article-id pub-id-type="publisher-id">S1981-77462008000200003</article-id><article-id pub-id-type="doi">10.1590/S1981-77462008000200003</article-id><article-categories><subj-group><subject>EDUCATION &amp; EDUCATIONAL RESEARCH</subject><subject>PUBLIC, ENVIRONMENTAL &amp; OCCUPATIONAL HEALTH</subject></subj-group></article-categories><title-group><article-title lang_id="pt">Educação de qualidade: um dos dilemas fundamentais para a definição das políticas educativas</article-title><trans-title-group lang_id="en"><trans-title>Education of quality: one of the fundamental dilemmas for the definiton of educational policies</trans-title></trans-title-group></title-group><contrib-group><contrib contrib-type="author"><name><surname>Bianchetti</surname><given-names>Roberto Gerardo</given-names></name><role>ND</role><xref ref-type="aff" rid="A01"/></contrib></contrib-group><aff id="A01"><institution>Universidad Nacional de Salta</institution><country>Argentina</country></aff><pub-date><month>10</month><year>2008</year></pub-date><volume>6</volume><issue>2</issue><fpage>233</fpage><lpage>258</lpage><permissions><license license-type="open-access" href="http://creativecommons.org/licenses/by-nc/4.0/"><license-p>This work is licensed under a Creative Commons Attribution-NonCommercial 4.0 International License.</license-p></license></permissions><self-uri href="http://www.scielo.br/scielo.php?script=sci_arttext&amp;pid=S1981-77462008000200003&amp;lng=en&amp;tlng=en" content-type="full_text_page"/><self-uri href="http://www.scielo.br/scielo.php?script=sci_issuetoc&amp;pid=1981-774620080002&amp;lng=en" content-type="issue_page"/><self-uri href="http://www.scielo.br/scielo.php?script=sci_serial&amp;pid=1981-7746&amp;lng=en" content-type="journal_page"/><abstract lang_id="pt"><p>'Educação de qualidade' e 'qualidade da educação' são termos repetidos nos documentos e discursos que acompanham as propostas de ação no terreno educativo e que são utilizados para justificar determinadas estratégias de políticas educativas. Este artigo busca explicitar estes conceitos, considerando que os diferentes usos ou suas diferentes interpretações podem ser conseqüência dos processos histórico-sociais que atravessaram os países nas últimas décadas. O estudo afirma que o conceito de 'qualidade' converte-se num dilema para a definição das políticas educacionais, já que pode ser utilizado com sentidos e conteúdos muito diferentes, e, em alguns casos, antagônicos. Reconhece também a existência de um conteúdo ideológico do conceito quando vinculado à educação.</p></abstract><trans-abstract lang_id="en"><p>'Education of quality' and 'quality of education' are terms repeated in documents and speeches that go with propositions of action in educational field and that are used to justify specific strategies of educational policies. This article intends to explain these concepts, considering that the different uses or different interpretations might be consequences of historical-social processes that pervaded countries in the last decades. The study sustains that the concept of 'quality' becomes a dilemma for the definition of educational policies, because it can be used with very different senses and contents and, in some cases, antagonical, and recognizes the existence of an ideological content of the concept when linked to education.</p></trans-abstract><kwd-group lang_id="en" kwd-group-type="author-generated"><kwd>quality education</kwd><kwd>education and ideology</kwd><kwd>educational estrategies policies</kwd></kwd-group><kwd-group lang_id="pt" kwd-group-type="author-generated"><kwd>educação de qualidade</kwd><kwd>qualidade da educação</kwd><kwd>estratégias políticas educacionais</kwd><kwd>educação e ideologia</kwd></kwd-group></article-meta></front><back><ref-list><ref id="B1"><element-citation publication-type="book"><source>Educar: ese acto político</source><date><year>2005</year></date><person-group><name><surname>ALMANDOZ</surname><given-names>María Rosa</given-names></name><name><surname>FRIGERIO</surname><given-names>Graciela</given-names></name><name><surname>DICKER</surname><given-names>Gabriela</given-names></name><name><surname>FRIGERIO</surname><given-names>Graciela</given-names></name><name><surname>DICKER</surname><given-names>Gabriela</given-names></name></person-group></element-citation></ref><ref id="B2"><element-citation publication-type="article"><article-title>La calidad de la educación: Ejes para su definición y evaluación. La educación</article-title><source>Revista Interamericana de Desarrollo Educativo</source><date><year>1993</year></date><issue>116</issue><person-group><name><surname>AGUERRONDO</surname><given-names>Inés</given-names></name></person-group><ext-link>www.oei.es/calidad2/aguerrondo.htm</ext-link></element-citation></ref><ref id="B3"><element-citation publication-type="book"><source>La escuela y la (des)igualdad</source><date><year>2003</year></date><person-group><name><surname>CASASSUS</surname><given-names>Juan</given-names></name><name><surname>CASASSUS</surname><given-names>Juan</given-names></name></person-group></element-citation></ref><ref id="B4"><element-citation publication-type="book"><source>La Educación según el Banco Mundial</source><date><year>1997</year></date><person-group><name><surname>CORAGGIO</surname><given-names>José Luis</given-names></name><name><surname>TORRES</surname><given-names>Rosa María</given-names></name><name><surname>CORAGGIO</surname><given-names>José Luis</given-names></name><name><surname>TORRES</surname><given-names>Rosa María</given-names></name></person-group></element-citation></ref><ref id="B5"><element-citation publication-type="book"><source>Accountability educacional: posibilidades y desafíos para América Latina a partir de la experiencia internacional</source><date><year>2006</year></date><person-group><name><surname>CORVALÁN</surname><given-names>Javier</given-names></name><name><surname>MCMEEKIN</surname><given-names>Robert W.</given-names></name><name><surname>CORVALÁN</surname><given-names>Javier</given-names></name><name><surname>MCMEEKIN</surname><given-names>Robert W.</given-names></name></person-group></element-citation></ref><ref id="B6"><element-citation publication-type="link"><date><day>01</day><month>05</month><year>2008</year></date><ext-link>http://buscon.rae.es/draeI</ext-link></element-citation></ref><ref id="B7"><element-citation publication-type="book"><source>La construcción del Espectáculo Político</source><date><year>1991</year></date><person-group><name><surname>EDELMAN</surname><given-names>Murray</given-names></name><name><surname>EDELMAN</surname><given-names>Murray</given-names></name></person-group></element-citation></ref><ref id="B8"><element-citation publication-type="article"><article-title>Calidad de la educación entre la seducción y las sospechas</article-title><source>Heuresis</source><date><year>1999</year></date><issue>5</issue><volume>2</volume><person-group><name><surname>ESCUDERO</surname><given-names>Juan Manuel</given-names></name></person-group><ext-link>www2.uca.es/HEURESIS/heuresis99/v2.html</ext-link></element-citation></ref><ref id="B9"><element-citation publication-type="book"><source>La Educación en las cumbres de las Américas</source><date><year>2005</year></date><person-group><name><surname>FELDFEBER</surname><given-names>Myriam</given-names></name><name><surname>SAFORCADA</surname><given-names>Fernanda</given-names></name><name><surname>FELDFEBER</surname><given-names>Myriam</given-names></name><name><surname>SAFORCADA</surname><given-names>Fernanda</given-names></name></person-group></element-citation></ref><ref id="B10"><element-citation publication-type="book"><source>Teoría Sociológica de la Educación</source><date><year>1994</year></date><person-group><name><surname>GIL VILLA</surname><given-names>Fernando</given-names></name><name><surname>GIL VILLA</surname><given-names>Fernando</given-names></name></person-group></element-citation></ref><ref id="B11"><element-citation publication-type="book"><source>Enseñanza y sociedad</source><date><year>2003</year></date><person-group><name><surname>GUERRERO SERÓN</surname><given-names>Antonio</given-names></name><name><surname>GUERRERO SERÓN</surname><given-names>Antonio</given-names></name></person-group></element-citation></ref><ref id="B12"><element-citation publication-type="book"><source>Los retos de la enseñanza pública</source><date><year>2001</year></date><person-group><name><surname>GIMENO SACRISTÁN</surname><given-names>José</given-names></name><name><surname>GIMENO SACRISTÁN</surname><given-names>José</given-names></name></person-group></element-citation></ref><ref id="B13"><element-citation publication-type="book"><source>La educación en América Latina: entre la calidad y la equidad</source><date><year>2005</year></date><person-group><name><surname>MARTINEZ USARRALDE</surname><given-names>Maria Jesus</given-names></name><name><surname>MARTINEZ USARRALDE</surname><given-names>Maria Jesus</given-names></name></person-group></element-citation></ref><ref id="B14"><element-citation publication-type="book"><source>Accountability educacional: posibilidades y desafíos para América Latina a partir de la experiencia internacional</source><date><year>2006</year></date><fpage>19</fpage><lpage>49</lpage><person-group><name><surname>MCMEEKIN</surname><given-names>Robert W.</given-names></name><name><surname>CORVALÁN</surname><given-names>Javier</given-names></name><name><surname>MCMEEKIN</surname><given-names>Robert W.</given-names></name><name><surname>CORVALÁN</surname><given-names>Javier</given-names></name><name><surname>MCMEEKIN</surname><given-names>Robert W.</given-names></name></person-group></element-citation></ref><ref id="B15"><element-citation publication-type="book"><source>Historia de la Educación (Edad Contemporánea)</source><date><year>2005</year></date><fpage>21</fpage><lpage>43</lpage><person-group><name><surname>MCMEEKIN</surname><given-names>Robert W.</given-names></name><name><surname>TIANA FERRER</surname><given-names>Alejandro</given-names></name><name><surname>SANZ FERNÁNDEZ</surname><given-names>Florentino</given-names></name><name><surname>TIANA FERRER</surname><given-names>Alejandro</given-names></name><name><surname>SANZ FERNÁNDEZ</surname><given-names>Florentino</given-names></name></person-group></element-citation></ref><ref id="B16"><element-citation publication-type="book"><source>Las reformas educativas</source><date><year>1998</year></date><person-group><name><surname>PEDRÓ</surname><given-names>Francesc</given-names></name><name><surname>PUIG</surname><given-names>Irene</given-names></name><name><surname>PEDRÓ</surname><given-names>Francesc</given-names></name><name><surname>PUIG</surname><given-names>Irene</given-names></name></person-group></element-citation></ref><ref id="B17"><element-citation publication-type="book"><source>Gramsci y el bloque histórico</source><date><year>1997</year></date><person-group><name><surname>PORTELLI</surname><given-names>Hugues</given-names></name><name><surname>PORTELLI</surname><given-names>Hugues</given-names></name></person-group></element-citation></ref><ref id="B18"><element-citation publication-type="book"><source>Renovar la teoría crítica y reinventar la emancipación social</source><date><year>2006</year></date><person-group><name><surname>SOUZA SANTOS</surname><given-names>Boaventura de</given-names></name><name><surname>SOUZA SANTOS</surname><given-names>Boaventura de</given-names></name></person-group></element-citation></ref><ref id="B19"><element-citation publication-type="article"><article-title>Buscando la calidad educativa</article-title><source>Crítica Educativa</source><date><year>1997</year></date><issue>2</issue><person-group><name><surname>SVERDLICK</surname><given-names>Ingrid</given-names></name></person-group></element-citation></ref><ref id="B20"><element-citation publication-type="article"><article-title>La evaluación universitaria: La calidad como asunto político</article-title><source>Revista Páginas del área educación</source><date><year>2001</year></date><issue>2</issue><person-group><name><surname>SVERDLICK</surname><given-names>Ingrid</given-names></name></person-group></element-citation></ref><ref id="B21"><element-citation publication-type="book"><source>Nuevos temas en la agenda de Política Educativa</source><date><year>2008</year></date><person-group><name><surname>TENTI FANFANI</surname><given-names>Emilio</given-names></name><name><surname>TENTI FANFANI</surname><given-names>Emilio</given-names></name></person-group></element-citation></ref><ref id="B22"><element-citation publication-type="article"><article-title>Nation at Risk: La educación neoconservadora</article-title><source>Nueva Sociedad</source><date><year>1986</year></date><issue>84</issue><person-group><name><surname>TORRES</surname><given-names>Carlos Alberto</given-names></name></person-group></element-citation></ref><ref id="B23"><element-citation publication-type="book"><source>Itinerarios por la educación latinoamericana: cuaderno de viajes</source><date><year>2005</year></date><person-group><name><surname>TORRES</surname><given-names>Rosa María</given-names></name><name><surname>TORRES</surname><given-names>Rosa María</given-names></name></person-group></element-citation></ref></ref-list></back></article></articles>