<articles xmlns:xsi="http://www.w3.org/2001/XMLSchema-instance" xsi:schemaLocation="https://raw.githubusercontent.com/scieloorg/articles_meta/master/tests/xsd/scielo_sci/ThomsonReuters_publishing.xsd" dtd-version="1.10"><article lang_id="pt" article-type="case-report"><front><journal-meta><journal-id journal-id-type="publisher">tes</journal-id><journal-title-group><journal-title>Trabalho, Educação e Saúde</journal-title><abbrev-journal-title>Trab. educ. saúde</abbrev-journal-title></journal-title-group><issn>1981-7746</issn><collection>SciELO Brazil</collection><publisher><publisher-name>Fundação Oswaldo Cruz, Escola Politécnica de Saúde Joaquim Venâncio</publisher-name></publisher></journal-meta><article-meta><unique-article-id pub-id-type="publisher-id">S1981-77462013000200010</unique-article-id><article-id pub-id-type="publisher-id">S1981-77462013000200010</article-id><article-id pub-id-type="doi">10.1590/S1981-77462013000200010</article-id><article-categories><subj-group><subject>EDUCATION &amp; EDUCATIONAL RESEARCH</subject><subject>PUBLIC, ENVIRONMENTAL &amp; OCCUPATIONAL HEALTH</subject></subj-group></article-categories><title-group><article-title lang_id="pt">Memorial de formação: um dispositivo de aprendizagem reflexiva para o cuidado em saúde</article-title><trans-title-group lang_id="en"><trans-title>Training brief: a tool for reflective learning in health care</trans-title></trans-title-group></title-group><contrib-group><contrib contrib-type="author"><name><surname>Buogo</surname><given-names>Miriam</given-names></name><role>ND</role><xref ref-type="aff" rid="A01"/></contrib><contrib contrib-type="author"><name><surname>Castro</surname><given-names>Gardenia de</given-names></name><role>ND</role><xref ref-type="aff" rid="A02"/></contrib></contrib-group><aff id="A01"><institution>Centro Universitário Metodista do IPA</institution><country>Brazil</country></aff><aff id="A02"><institution>Universidade Estadual de Ciências da Saúde de Alagoas</institution><country>Brazil</country></aff><pub-date><month>08</month><year>2013</year></pub-date><volume>11</volume><issue>2</issue><fpage>431</fpage><lpage>449</lpage><permissions><license license-type="open-access" href="http://creativecommons.org/licenses/by-nc/4.0/"><license-p>This work is licensed under a Creative Commons Attribution-NonCommercial 4.0 International License.</license-p></license></permissions><self-uri href="http://www.scielo.br/scielo.php?script=sci_arttext&amp;pid=S1981-77462013000200010&amp;lng=en&amp;tlng=en" content-type="full_text_page"/><self-uri href="http://www.scielo.br/scielo.php?script=sci_issuetoc&amp;pid=1981-774620130002&amp;lng=en" content-type="issue_page"/><self-uri href="http://www.scielo.br/scielo.php?script=sci_serial&amp;pid=1981-7746&amp;lng=en" content-type="journal_page"/><abstract lang_id="pt"><p>O objetivo deste trabalho é apresentar as experiências docentes no emprego do memorial de formação do cuidado como metodologia de pesquisa-formação na elaboração de trabalhos de conclusão de curso do Curso de Enfermagem. Por meio dessa abordagem de ensino, pretende-se que o estudante reflita sobre o seu próprio processo de formação a fim de tomar consciência dos acontecimentos, estratégias e espaços que, para ele, ao longo da sua vida, contribuíram como formadores. Nesse sentido, a construção do memorial oportuniza o resgate de leituras a respeito do cuidado, possibilitando aos estudantes a narrativa de suas experiências de formação, de modo significativo, no decorrer do ensino. A reflexão sobre os aprendizados durante a elaboração do memorial de formação permite que o processo de narrar e de escutar a si e ao Outro seja fator de busca de novas identidades profissionais e de novos conhecimentos. Assim, o memorial é um dispositivo pedagógico de reflexão crítica que reinventa o cuidado da pessoa consigo mesma e o cuidado com o Outro, fato que é de extre ma relevância para o futuro profissional de saúde e para o educador.</p></abstract><trans-abstract lang_id="en"><p>This paper aimed to present teaching experiences that used the care training brief as a research-training methodology in preparing course completion papers in the College of Nursing. This teaching approach is intended to cause the students to reflect on their own training process in order to become aware of events, strategies and spaces that, to them, throughout their lives, contributed to their training. In this regard, the process of building the brief favors readings regarding care to be brought up again, enabling students to narrate their training experiences, in a significant manner, in the course of their education. Reflecting on the learning made while preparing the training brief allows the process of narrating and listening to oneself and to Others to be a factor is seeking new professional identities and new knowledge. Thus, the brief is a pedagogical tool for critical reflection that reinvents the person's care with him or herself and the care for Others, a fact that is extremely important both for the future health professional and for the educator.</p></trans-abstract><kwd-group lang_id="en" kwd-group-type="author-generated"><kwd>training brief</kwd><kwd>autobiography</kwd><kwd>health education</kwd><kwd>nursing education</kwd></kwd-group><kwd-group lang_id="pt" kwd-group-type="author-generated"><kwd>memorial de formação</kwd><kwd>autobiografia</kwd><kwd>educação em saúde</kwd><kwd>educação em enfermagem</kwd></kwd-group></article-meta></front><back><ref-list><ref id="B1"><element-citation publication-type="article"><article-title>Memoriais de formação: a (re)significação das imagens-lembranças/recordações-referências para a pedagoga em formação</article-title><source>Educação</source><date><month>08</month><year>2011</year></date><fpage>165</fpage><lpage>172</lpage><volume>34</volume><person-group><name><surname>ABRAHÃO</surname><given-names>Maria Helena Menna Barreto</given-names></name></person-group></element-citation></ref><ref id="B2"><element-citation publication-type="book"><source>Memórias, memoriais: pesquisa e formação docente</source><date><year>2008</year></date><fpage>153</fpage><lpage>179</lpage><person-group><name><surname>ABRAHÃO</surname><given-names>Maria Helena Menna Barreto</given-names></name><name><surname>PASSEGGI</surname><given-names>Maria da Conceição</given-names></name><name><surname>BARBOSA</surname><given-names>Tatyana Mabel Nobre</given-names></name><name><surname>PASSEGGI</surname><given-names>Maria da Conceição</given-names></name><name><surname>BARBOSA</surname><given-names>Tatyana Mabel Nobre</given-names></name></person-group></element-citation></ref><ref id="B3"><element-citation publication-type="book"><source>A aventura (auto)biográfica: teoria e empiria</source><date><year>2004</year></date><fpage>201</fpage><lpage>224</lpage><person-group><name><surname>ABRAHÃO</surname><given-names>Maria Helena Menna Barreto</given-names></name></person-group></element-citation></ref><ref id="B4"><element-citation publication-type="article"><article-title>Apresentação: cuidado humano e educação</article-title><source>Educação e Realidade</source><date><month>04</month><year>2012</year></date><fpage>11</fpage><lpage>18</lpage><issue>1</issue><volume>37</volume><person-group><name><surname>ABRAHÃO</surname><given-names>Maria Helena Menna Barreto</given-names></name><name><surname>ROSA</surname><given-names>Miriam Suzéte de Oliveira</given-names></name></person-group><ext-link>www.ufrgs. br/edu_realidade</ext-link></element-citation></ref><ref id="B5"><element-citation publication-type="article"><article-title>O cuidado essencial: princípio de um novo ethos</article-title><source>Inclusão Social</source><date><month>03</month><year>2005</year></date><fpage>28</fpage><lpage>35</lpage><issue>1</issue><volume>1</volume><person-group><name><surname>BOFF</surname><given-names>Leonardo</given-names></name></person-group></element-citation></ref><ref id="B6"><element-citation publication-type="article"><article-title>Sobre o conceito de formação na abordagem (auto)biográfica</article-title><source>Educação</source><date><month>08</month><year>2011</year></date><fpage>157</fpage><lpage>164</lpage><issue>2</issue><volume>34</volume><person-group><name><surname>BRAGANÇA</surname><given-names>Inês Ferreira de Souza</given-names></name></person-group></element-citation></ref><ref id="B7"><element-citation publication-type="book"><source>(Auto)biografia: formação, territórios e saberes</source><date><year>2008</year></date><fpage>253</fpage><lpage>271</lpage><person-group><name><surname>BRAGANÇA</surname><given-names>Inês Ferreira de Souza</given-names></name><name><surname>MAURÍCIO</surname><given-names>Lúcia Velloso</given-names></name><name><surname>PASSEGGI</surname><given-names>Maria da Conceição</given-names></name><name><surname>SOUZA</surname><given-names>Elizeu Clementino de</given-names></name><name><surname>PASSEGGI</surname><given-names>Maria da Conceição</given-names></name><name><surname>SOUZA</surname><given-names>Elizeu Clementino de</given-names></name></person-group></element-citation></ref><ref id="B8"><element-citation publication-type="book"><source>Resolução CNE/CES n. 3, de 7 de novembro de 2001</source><date><year>2001</year></date></element-citation></ref><ref id="B9"><element-citation publication-type="article"><article-title>Pesquisa qualitativa crítica: conceitos básicos</article-title><source>Educação &amp; Realidade</source><date><month>08</month><year>2011</year></date><fpage>395</fpage><lpage>424</lpage><issue>2</issue><volume>36</volume><person-group><name><surname>CARSPECKEN</surname><given-names>Phil Francis</given-names></name></person-group><ext-link>http://seer.ufrgs.br/educacaoerealidade/article/view/20698/12920?</ext-link></element-citation></ref><ref id="B10"><element-citation publication-type="book"><source>Projeto político pedagógico do Curso de Enfermagem</source><date><year>2011</year></date></element-citation></ref><ref id="B11"><element-citation publication-type="book"><source>Biografia e educação: figuras do indivíduo-projeto</source><date><year>2008</year></date><person-group><name><surname>DELORY-MOMBERGER</surname><given-names>Christine.</given-names></name><name><surname>DELORY-MOMBERGER</surname><given-names>Christine.</given-names></name></person-group></element-citation></ref><ref id="B12"><element-citation publication-type="book"><source>A experiência de vida e formação</source><date><year>2010</year></date><person-group><name><surname>JOSSO</surname><given-names>Marie-Christine</given-names></name><name><surname>JOSSO</surname><given-names>Marie-Christine</given-names></name></person-group></element-citation></ref><ref id="B13"><element-citation publication-type="book"><source>Caminhar para si</source><date><year>2010</year></date><person-group><name><surname>JOSSO</surname><given-names>Marie-Christine</given-names></name></person-group></element-citation></ref><ref id="B14"><element-citation publication-type="book"><source>O método (auto)biográfico e a formação</source><date><year>2010</year></date><fpage>59</fpage><lpage>79</lpage><person-group><name><surname>JOSSO</surname><given-names>Marie-Christine</given-names></name><name><surname>NÓVOA</surname><given-names>António</given-names></name><name><surname>FINGER</surname><given-names>Matthias</given-names></name><name><surname>NÓVOA</surname><given-names>António</given-names></name><name><surname>FINGER</surname><given-names>Matthias</given-names></name></person-group></element-citation></ref><ref id="B15"><element-citation publication-type="book"><source>Experiências de vida e formação</source><date><year>2002</year></date><person-group><name><surname>JOSSO</surname><given-names>Marie-Christine</given-names></name></person-group></element-citation></ref><ref id="B16"><element-citation publication-type="book"><source>Memórias, memoriais: pesquisa e formação docente</source><date><year>2008</year></date><fpage>31</fpage><lpage>42</lpage><person-group><name><surname>LINHARES</surname><given-names>Célia</given-names></name><name><surname>NUNES</surname><given-names>Clarice</given-names></name><name><surname>PASSEGGI</surname><given-names>Maria da Conceição</given-names></name><name><surname>BARBOSA</surname><given-names>Tatyana Mabel Nobre</given-names></name><name><surname>PASSEGGI</surname><given-names>Maria da Conceição</given-names></name><name><surname>BARBOSA</surname><given-names>Tatyana Mabel Nobre</given-names></name></person-group></element-citation></ref><ref id="B17"><element-citation publication-type="book"><source>Emoções e linguagem na educação e na política</source><date><year>2005</year></date><person-group><name><surname>MATURANA</surname><given-names>Humberto.</given-names></name><name><surname>MATURANA</surname><given-names>Humberto.</given-names></name></person-group></element-citation></ref><ref id="B18"><element-citation publication-type="book"><source>A aventura (auto)biográfica: teoria e empiria</source><date><year>2004</year></date><fpage>119</fpage><lpage>142</lpage><person-group><name><surname>MOURA</surname><given-names>Eliana Perez Gonçalves de</given-names></name><name><surname>ABRAHÃO</surname><given-names>Maria Helena Menna Barreto</given-names></name><name><surname>ABRAHÃO</surname><given-names>Maria Helena Menna Barreto</given-names></name></person-group></element-citation></ref><ref id="B19"><element-citation publication-type="thesis"><source>Memorial de formação: um dispositivo de pesquisa-ação-formação</source><date><year>2010</year></date><person-group><name><surname>NASCIMENTO</surname><given-names>Gilcilene Lélia Souza do</given-names></name><name><surname>NASCIMENTO</surname><given-names>Gilcilene Lélia Souza do</given-names></name></person-group></element-citation></ref><ref id="B20"><element-citation publication-type="book"><source>O método(auto)biográfico e a formação</source><date><year>2010</year></date><person-group><name><surname>NÓVOA</surname><given-names>António</given-names></name><name><surname>FINGER</surname><given-names>Matthias</given-names></name><name><surname>NÓVOA</surname><given-names>António</given-names></name><name><surname>FINGER</surname><given-names>Matthias</given-names></name></person-group></element-citation></ref><ref id="B21"><element-citation publication-type="article"><article-title>Pesquisa em educação como processo dinâmico, aberto e imaginativo: uma entrevista com António Nóvoa</article-title><source>Educação e Realidade</source><date><month>08</month><year>2011</year></date><fpage>533</fpage><lpage>543</lpage><issue>2</issue><volume>36</volume><person-group><name><surname>NÓVOA</surname><given-names>António</given-names></name></person-group><ext-link>www.ufrgs.br/edu_realidade</ext-link></element-citation></ref><ref id="B22"><element-citation publication-type="book"><source>(Auto)biografia: formação, territórios e saberes</source><date><year>2008</year></date><fpage>103</fpage><lpage>131</lpage><person-group><name><surname>PASSEGGI</surname><given-names>Maria</given-names></name><name><surname>PASSEGGI</surname><given-names>Maria da Conceição</given-names></name><name><surname>SOUZA</surname><given-names>Eliseu Clementino de</given-names></name><name><surname>PASSEGGI</surname><given-names>Maria da Conceição</given-names></name><name><surname>SOUZA</surname><given-names>Eliseu Clementino de</given-names></name></person-group></element-citation></ref><ref id="B23"><element-citation publication-type="article"><article-title>A experiência em formação</article-title><source>Educação</source><date><month>08</month><year>2011</year></date><fpage>147</fpage><lpage>156</lpage><issue>2</issue><volume>34</volume><person-group><name><surname>PASSEGGI</surname><given-names>Maria</given-names></name></person-group></element-citation></ref><ref id="B24"><element-citation publication-type="book"><source>Cuidando da vida: olhar integrativo sobre o ambiente e o ser humano</source><date><year>2009</year></date><person-group><name><surname>PEÇANHA</surname><given-names>Dóris Lieth</given-names></name><name><surname>SANTOS</surname><given-names>Luciana Stoppa dos.</given-names></name><name><surname>PEÇANHA</surname><given-names>Dóris Lieth</given-names></name><name><surname>SANTOS</surname><given-names>Luciana Stoppa dos.</given-names></name></person-group></element-citation></ref><ref id="B25"><element-citation publication-type="book"><source>Porque escrever é fazer história: revelações, subversões, superações</source><date><year>2007</year></date><fpage>45</fpage><lpage>59</lpage><person-group><name><surname>SANTOS</surname><given-names>Luciana Stoppa dos.</given-names></name><name><surname>PEÇANHA</surname><given-names>Dóris Lieth</given-names></name></person-group><ext-link>www.fe.unicamp.br/ensino/graduacao/downloads/proesf-memorial_GuilhermePrado_RosauraSoligo.pdf</ext-link></element-citation></ref><ref id="B26"><element-citation publication-type="book"><source>Memórias, memoriais: pesquisa e formação docente</source><date><year>2008</year></date><fpage>135</fpage><lpage>152</lpage><person-group><name><surname>PRADO</surname><given-names>Guilherme do Val Toledo</given-names></name><name><surname>CUNHA</surname><given-names>Renata Cristina Barrichelo</given-names></name><name><surname>SOLIGO</surname><given-names>Rosaura.</given-names></name><name><surname>PASSEGGI</surname><given-names>Maria da Conceição</given-names></name><name><surname>BARBOSA</surname><given-names>Tatyana Mabel Nobre</given-names></name><name><surname>PASSEGGI</surname><given-names>Maria da Conceição</given-names></name><name><surname>BARBOSA</surname><given-names>Tatyana Mabel Nobre</given-names></name></person-group></element-citation></ref><ref id="B27"><element-citation publication-type="book"><source>Antropologia do cuidar</source><date><year>2009</year></date><person-group><name><surname>ROSELLÓ</surname><given-names>Francesc Torralba.</given-names></name><name><surname>ROSELLÓ</surname><given-names>Francesc Torralba.</given-names></name></person-group></element-citation></ref><ref id="B28"><element-citation publication-type="article"><article-title>Tempos de auto(crono) formação</article-title><source>Poíesis Pedagógica</source><date><month>06</month><year>2010</year></date><fpage>7</fpage><lpage>18</lpage><issue>1</issue><volume>8</volume><person-group><name><surname>SANCHES</surname><given-names>Roberto.</given-names></name></person-group></element-citation></ref><ref id="B29"><element-citation publication-type="book"><source>Narrativas de formação e saberes biográficos</source><date><year>2008</year></date><fpage>89</fpage><lpage>100</lpage><person-group><name><surname>SCHOLZE</surname><given-names>Lia.</given-names></name><name><surname>PASSEGUI</surname><given-names>Maria da Conceição</given-names></name><name><surname>BARBOSA</surname><given-names>Tatyana Mabel Nobre</given-names></name><name><surname>PASSEGUI</surname><given-names>Maria da Conceição</given-names></name><name><surname>BARBOSA</surname><given-names>Tatyana Mabel Nobre</given-names></name></person-group></element-citation></ref><ref id="B30"><element-citation publication-type="book"><source>Cuidado transdimensional: um novo paradigma para a saúde</source><date><year>2007</year></date><person-group><name><surname>SOUZA</surname><given-names>Alcione Leite da.</given-names></name><name><surname>SOUZA</surname><given-names>Alcione Leite da.</given-names></name></person-group></element-citation></ref><ref id="B31"><element-citation publication-type="article"><article-title>(Auto)biografia, identidades e alteridade: modos de narração, escritas de si e práticas de formação na pós-graduação</article-title><source>Revista Fórum Identidades</source><date><month>12</month><year>2008</year></date><fpage>37</fpage><lpage>50</lpage><issue>4</issue><volume>2</volume><person-group><name><surname>SOUZA</surname><given-names>Eliseu Clementino de.</given-names></name></person-group></element-citation></ref><ref id="B32"><element-citation publication-type="book"><source>A aventura (auto)biográfica: teoria e empiria</source><date><year>2004</year></date><fpage>387</fpage><lpage>417</lpage><person-group><name><surname>SOUZA</surname><given-names>Eliseu Clementino de.</given-names></name><name><surname>ABRAHÃO</surname><given-names>Maria Helena Menna Barreto</given-names></name><name><surname>ABRAHÃO</surname><given-names>Maria Helena Menna Barreto</given-names></name></person-group></element-citation></ref><ref id="B33"><element-citation publication-type="book"><source>Cuidado humano: o resgate necessário</source><date><year>2001</year></date><person-group><name><surname>WALDOW</surname><given-names>Vera Regina</given-names></name><name><surname>WALDOW</surname><given-names>Vera Regina</given-names></name></person-group></element-citation></ref><ref id="B34"><element-citation publication-type="book"><source>Estratégias de ensino na enfermagem: enfoque no cuidado e no pensamento crítico</source><date><year>2005</year></date><person-group><name><surname>WALDOW</surname><given-names>Vera Regina</given-names></name></person-group></element-citation></ref></ref-list></back></article></articles>