<articles xmlns:xsi="http://www.w3.org/2001/XMLSchema-instance" xsi:schemaLocation="https://raw.githubusercontent.com/scieloorg/articles_meta/master/tests/xsd/scielo_sci/ThomsonReuters_publishing.xsd" dtd-version="1.10"><article lang_id="pt" article-type="research-article"><front><journal-meta><journal-id journal-id-type="publisher">tes</journal-id><journal-title-group><journal-title>Trabalho, Educação e Saúde</journal-title><abbrev-journal-title>Trab. educ. saúde</abbrev-journal-title></journal-title-group><issn>1981-7746</issn><collection>SciELO Brazil</collection><publisher><publisher-name>Fundação Oswaldo Cruz, Escola Politécnica de Saúde Joaquim Venâncio</publisher-name></publisher></journal-meta><article-meta><unique-article-id pub-id-type="publisher-id">S1981-77462014000300483</unique-article-id><article-id pub-id-type="publisher-id">S1981-77462014000300483</article-id><article-id pub-id-type="doi">10.1590/1981-7746-sip00001</article-id><article-categories><subj-group><subject>EDUCATION &amp; EDUCATIONAL RESEARCH</subject><subject>PUBLIC, ENVIRONMENTAL &amp; OCCUPATIONAL HEALTH</subject></subj-group></article-categories><title-group><article-title lang_id="pt">Contribuições epistemológicas da ergologia para a regulação em saúde</article-title><trans-title-group lang_id="en"><trans-title>Epistemological contributions of ergology for regulating health</trans-title></trans-title-group><trans-title-group lang_id="es"><trans-title>Contribuciones epistemológicas de la ergología para la regulación en la salud</trans-title></trans-title-group></title-group><contrib-group><contrib contrib-type="author"><name><surname>Gamarra</surname><given-names>Tatiana Pereira das Neves</given-names></name><role>ND</role><xref ref-type="aff" rid="AFF1"/><xref ref-type="aff" rid="AFF2"/></contrib></contrib-group><aff id="AFF1"><institution>Agência Nacional de Saúde Suplementar</institution><country>Brazil</country></aff><aff id="AFF2"><institution>Fundação Oswaldo Cruz</institution><country>Brazil</country></aff><pub-date><month>12</month><year>2014</year></pub-date><volume>12</volume><issue>3</issue><fpage>483</fpage><lpage>498</lpage><permissions><license license-type="open-access" href="http://creativecommons.org/licenses/by-nc/4.0/"><license-p>This work is licensed under a Creative Commons Attribution-NonCommercial 4.0 International License.</license-p></license></permissions><self-uri href="http://www.scielo.br/scielo.php?script=sci_arttext&amp;pid=S1981-77462014000300483&amp;lng=en&amp;tlng=en" content-type="full_text_page"/><self-uri href="http://www.scielo.br/scielo.php?script=sci_issuetoc&amp;pid=1981-774620140003&amp;lng=en" content-type="issue_page"/><self-uri href="http://www.scielo.br/scielo.php?script=sci_serial&amp;pid=1981-7746&amp;lng=en" content-type="journal_page"/><abstract lang_id="pt"><p>A regulação em saúde consiste em uma atividade complexa que compreende diversos instrumentos e estratégias e pode ser dividida em duas dimensões: socioeconômica e gerencial. Este estudo teórico-conceitual busca discutir como os referenciais da abordagem ergológica contribuem epistemologicamente para a regulação em saúde. A ergologia é considerada uma tentativa de compreensão do ir e vir do microcosmo da atividade humana ao macrocosmo da vida social. Tal perspectiva discute o debate de normas e valores e as crises permanentes entre o econômico, o político, o jurídico e a atividade humana que existem na sociedade. Nesse sentido, o presente estudo discute como a abordagem dialética da ergologia, isto é, uma perspectiva que considera que o avanço histórico-social ocorre por meio de oposições, pode contribuir no entendimento da arena de disputas em que se converte a atividade regulatória em saúde, no consequente fortalecimento dos seus objetivos sociais, econômicos e gerenciais e na minimização de seus principais limites.</p></abstract><trans-abstract lang_id="en"><p>Healthcare regulation is a complex activity that includes many tools and strategies and can be divided into two dimensions: Socioeconomic and managerial. This theoretical-conceptual study discusses how the references of the ergological approach contribute epistemologically to healthcare regulation. Ergology is considered as an attempt to understand how the microcosm of human activity flows into and out of the macrocosm of social life. This perspective discusses the debate concerning norms and values and the ongoing crisis among the economic, political, legal and human activity that exists in society. In this sense, this study discusses how the dialectic approach of ergology, i.e. a perspective that considers that historical and social progress occurs through opposition, can contribute to the understanding of the arena of disputes that the regulatory activity in health is turned into, in the consequent strengthening of its social, economic and managerial objectives, and in minimizing its main limitations.</p></trans-abstract><trans-abstract lang_id="es"><p>La regulación en la salud es una actividad compleja que incluye diferentes instrumentos y estrategias, y se puede dividir en dos dimensiones: socioeconómica y gerencial. Este estudio teórico-conceptual busca discutir cómo las referencias del abordaje ergológico contribuyen, epistemológicamente, a la regulación de la salud. La ergología se considera un intento de comprender el ir y venir del microcosmos de la actividad humana hacia el macrocosmo de la vida social. Tal perspectiva discute el debate sobre las normas y los valores y las crisis permanentes entre lo económico, político, jurídico y la actividad humana que existen en la sociedad. En este sentido, el presente estudio discute cómo el enfoque dialéctico de la ergología, es decir, una perspectiva que considera que el progreso histórico y social ocurre a través de oposiciones, puede contribuir a la comprensión de la arena de controversias en que se convierte la actividad reguladora en materia de salud, en el consiguiente fortalecimiento de sus objetivos sociales, económicos y gerenciales, y en la minimización de sus principales límites.</p></trans-abstract><kwd-group lang_id="en" kwd-group-type="author-generated"><kwd>government regulation</kwd><kwd>regulation and supervision in health</kwd><kwd>knowledge</kwd><kwd>ergology</kwd></kwd-group><kwd-group lang_id="es" kwd-group-type="author-generated"><kwd>reglamentación gubernamental</kwd><kwd>regulación y fiscalización en la salud</kwd><kwd>conocimiento</kwd><kwd>ergología</kwd></kwd-group><kwd-group lang_id="pt" kwd-group-type="author-generated"><kwd>regulamentação governamental</kwd><kwd>regulação e fiscalização em saúde</kwd><kwd>conhecimento</kwd><kwd>ergologia</kwd></kwd-group></article-meta></front><back><ref-list><ref id="B1"><element-citation publication-type="article"><article-title>A situação atual do mercado de saúde suplementar no Brasil e apontamentos para o futuro</article-title><source>Ciência &amp; Saúde Coletiva</source><date><year>2008</year></date><fpage>1.4211.430</fpage><lpage>1.4211.430</lpage><issue>5</issue><volume>13</volume><person-group><name><surname>ALBUQUERQUE</surname><given-names>Ceres</given-names></name><name><surname>ALBUQUERQUE</surname><given-names>Ceres</given-names></name></person-group></element-citation></ref><ref id="B2"><element-citation publication-type="article"><article-title>Tempo</article-title><source>Laboreal</source><date><year>2010</year></date><fpage>71</fpage><lpage>75</lpage><issue>2</issue><volume>6</volume><person-group><name><surname>ALVAREZ</surname><given-names>Denise</given-names></name><name><surname>ALVAREZ</surname><given-names>Denise</given-names></name></person-group><ext-link>http://laboreal.up.pt/files/editions/2010_12/laboreal_2010_12_pt.pdf</ext-link></element-citation></ref><ref id="B3"><element-citation publication-type="book"><source>Epidemiologia &amp; saúde</source><date><year>2011</year></date><fpage>678</fpage><lpage>686</lpage><person-group><name><surname>BARRETO</surname><given-names>Mauricio L.</given-names></name><name><surname>GUIMARÃES</surname><given-names>Reinaldo</given-names></name><name><surname>ALMEIDA FILHO</surname><given-names>Naomar</given-names></name><name><surname>BARRETO</surname><given-names>Mauricio L</given-names></name><name><surname>ALMEIDA FILHO</surname><given-names>Naomar</given-names></name><name><surname>BARRETO</surname><given-names>Mauricio L</given-names></name></person-group></element-citation></ref><ref id="B4"><element-citation publication-type="book"><source>Segredos e truques da pesquisa</source><date><year>2007</year></date><person-group><name><surname>BECKER</surname><given-names>Howard S</given-names></name><name><surname>BECKER</surname><given-names>Howard S</given-names></name></person-group></element-citation></ref><ref id="B5"><element-citation publication-type="book"><source>Regulação em saúde</source><date><year>2007</year></date></element-citation></ref><ref id="B6"><element-citation publication-type="book"><source>Agenda Nacional de Gestão Pública</source><date><year>2009</year></date><ext-link>www.planejamento.gov.br/secretarias/upload/Arquivos/seges/091207_SEGES_agenda_gestao.pdf</ext-link></element-citation></ref><ref id="B7"><element-citation publication-type="book"><source>Labirintos do trabalho: interrogações e olhares sobre o trabalho vivo</source><date><year>2004</year></date><fpage>91</fpage><lpage>114</lpage><person-group><name><surname>BRITO</surname><given-names>Jussara</given-names></name><name><surname>FIGUEIREDO</surname><given-names>Marcelo</given-names></name><name><surname>FIGUEIREDO</surname><given-names>Marcelo</given-names></name></person-group></element-citation></ref><ref id="B8"><element-citation publication-type="article"><article-title>Risco e contingência</article-title><source>Revista Brasileira de Ciências Sociais</source><date><year>2007</year></date><fpage>69</fpage><lpage>80</lpage><issue>63</issue><volume>22</volume><person-group><name><surname>BRÜSEKE</surname><given-names>Franz J</given-names></name><name><surname>BRÜSEKE</surname><given-names>Franz J</given-names></name></person-group></element-citation></ref><ref id="B9"><element-citation publication-type="article"><article-title>Healthcrude concept and philosophical question</article-title><source>Public Culture</source><date><year>2008</year></date><fpage>p. 467</fpage><lpage>p. 477</lpage><issue>n. 3</issue><volume>v. 20</volume><person-group><name><surname>CANGUILHEM</surname><given-names>Georges</given-names></name><name><surname>CANGUILHEM</surname><given-names>Georges</given-names></name></person-group></element-citation></ref><ref id="B10"><element-citation publication-type="article"><article-title>Regulação em saúde: análise de conceitos fundamentais</article-title><source>Sociologias</source><date><year>2002</year></date><fpage>p. 122</fpage><lpage>p. 135</lpage><issue>n. 7</issue><person-group><name><surname>CASTRO</surname><given-names>Janice D</given-names></name><name><surname>CASTRO</surname><given-names>Janice D</given-names></name></person-group></element-citation></ref><ref id="B11"><element-citation publication-type="article"><article-title>O regime regulatório e o mercado de planos de saúde no Brasil</article-title><source>Ciência &amp; Saúde Coletiva</source><date><year>2008</year></date><fpage>p. 1.4531.462</fpage><lpage>p. 1.4531.462</lpage><issue>n. 5</issue><volume>v. 13</volume><person-group><name><surname>COSTA</surname><given-names>Nilson R</given-names></name><name><surname>COSTA</surname><given-names>Nilson R</given-names></name></person-group></element-citation></ref><ref id="B12"><element-citation publication-type="article"><article-title>Leadership for health: developing a canny nanny state</article-title><source>The New Zealand Medical Journal</source><date><year>2011</year></date><fpage>p. 66</fpage><lpage>p. 72</lpage><issue>n. 1.329</issue><volume>v. 124</volume><person-group><name><surname>CRAMPTON</surname><given-names>Peter</given-names></name><name><surname>HOEK</surname><given-names>Janet</given-names></name><name><surname>BEAGLE-HOLE</surname><given-names>Robert</given-names></name><name><surname>CRAMPTON</surname><given-names>Peter</given-names></name><name><surname>HOEK</surname><given-names>Janet</given-names></name><name><surname>BEAGLE-HOLE</surname><given-names>Robert</given-names></name></person-group></element-citation></ref><ref id="B13"><element-citation publication-type="book"><source>Trabalho e ergologia: conversas sobre a atividade humana</source><date><year>2007</year></date><fpage>p. 133</fpage><lpage>p. 166</lpage><person-group><name><surname>DURRIVE</surname><given-names>Louis</given-names></name><name><surname>DUC</surname><given-names>Marcelle</given-names></name><name><surname>SCHWARTZ</surname><given-names>Yves</given-names></name><name><surname>SCHWARTZ</surname><given-names>Yves</given-names></name><name><surname>DURRIVE</surname><given-names>Louis</given-names></name><name><surname>SCHWARTZ</surname><given-names>Yves</given-names></name><name><surname>DURRIVE</surname><given-names>Louis</given-names></name></person-group></element-citation></ref><ref id="B14"><element-citation publication-type="book"><source>Proposition de vocabulaire ergologique</source><date><year>2001</year></date><person-group><name><surname>DURRIVE</surname><given-names>Louis</given-names></name><name><surname>SCHWARTZ</surname><given-names>Yves</given-names></name><name><surname>DURRIVE</surname><given-names>Louis</given-names></name><name><surname>SCHWARTZ</surname><given-names>Yves</given-names></name></person-group><ext-link>http://sites.univprovence.fr/ergolog/html/vocabulaire.php</ext-link></element-citation></ref><ref id="B15"><element-citation publication-type="article"><article-title>Glossário da ergologia</article-title><source>Laboreal</source><date><year>2008</year></date><fpage>p. 23</fpage><lpage>p. 28</lpage><issue>n. 1</issue><volume>v.4</volume><person-group><name><surname>DURRIVE</surname><given-names>Louis</given-names></name><name><surname>SCHWARTZ</surname><given-names>Yves</given-names></name><name><surname>DURRIVE</surname><given-names>Louis</given-names></name><name><surname>SCHWARTZ</surname><given-names>Yves</given-names></name></person-group><ext-link>http://laboreal.up.pt/revista/artigo.php?id=48u56oTV6582234;;5763;23882</ext-link></element-citation></ref><ref id="B16"><element-citation publication-type="article"><article-title>A abordagem ergológica e o mundo do trabalho dos comunicadores</article-title><source>Trabalho, Educação e Saúde</source><date><year>2011</year></date><fpage>p. 285</fpage><lpage>p. 297</lpage><volume>v. 9</volume><person-group><name><surname>FÍGARO</surname><given-names>Roseli</given-names></name><name><surname>FÍGARO</surname><given-names>Roseli</given-names></name></person-group></element-citation></ref><ref id="B17"><element-citation publication-type="article"><article-title>General justifications for public health regulation</article-title><source>BMC Public Health</source><date><year>2007</year></date><fpage>p. 11</fpage><lpage>p. 11</lpage><volume>v. 121</volume><person-group><name><surname>GOSTIN</surname><given-names>Lawrence O</given-names></name><name><surname>GOSTIN</surname><given-names>Lawrence O</given-names></name></person-group></element-citation></ref><ref id="B18"><element-citation publication-type="article"><article-title>Risk regulation and healthcare</article-title><source>Health, Risk &amp; Society</source><date><year>2008</year></date><fpage>p. 1</fpage><lpage>p. 7</lpage><issue>n. 1</issue><volume>v. 10</volume><person-group><name><surname>HUTTER</surname><given-names>Bridget</given-names></name><name><surname>HUTTER</surname><given-names>Bridget</given-names></name></person-group></element-citation></ref><ref id="B19"><element-citation publication-type="article"><article-title>A regulação em saúde no Brasil: um breve exame das décadas de 1999 a 2008</article-title><source>Physis: Revista de Saúde Coletiva</source><date><year>2011</year></date><fpage>p. 1.077</fpage><lpage>p. 1.101</lpage><issue>n. 3</issue><volume>v. 21</volume><person-group><name><surname>KORNIS</surname><given-names>George E. M.</given-names></name><name><surname>KORNIS</surname><given-names>George E. M.</given-names></name></person-group></element-citation></ref><ref id="B20"><element-citation publication-type="article"><article-title>Counting the costs: the risks of regulating and accounting for health care provision</article-title><source>Health, Risk &amp; Society</source><date><year>2008</year></date><fpage>p. 9</fpage><lpage>p.21</lpage><issue>n. 1</issue><volume>v. 10</volume><person-group><name><surname>KURUNMAKI</surname><given-names>Liisa</given-names></name><name><surname>MILLER</surname><given-names>Peter</given-names></name><name><surname>KURUNMAKI</surname><given-names>Liisa</given-names></name><name><surname>MILLER</surname><given-names>Peter</given-names></name></person-group></element-citation></ref><ref id="B21"><element-citation publication-type="book"><source>Estudos de filosofia e história das ciências biomédicas</source><date><year>2006</year></date><fpage>p. 293</fpage><lpage>p. 303</lpage><person-group><name><surname>LECOURT</surname><given-names>Dominique</given-names></name><name><surname>RUSSO</surname><given-names>Maria</given-names></name><name><surname>CAPONI</surname><given-names>Sandra</given-names></name><name><surname>RUSSO</surname><given-names>Maria</given-names></name><name><surname>CAPONI</surname><given-names>Sandra</given-names></name></person-group></element-citation></ref><ref id="B22"><element-citation publication-type="article"><article-title>Why science cannot be value-free: understanding the rationality and responsibility of science</article-title><source>Science and Engineering Ethics</source><date><year>2010</year></date><fpage>p. 33</fpage><lpage>p. 41</lpage><issue>n. 1</issue><volume>v. 16</volume><person-group><name><surname>LEKKA-KOWALIK</surname><given-names>Agnieszka</given-names></name><name><surname>LEKKA-KOWALIK</surname><given-names>Agnieszka</given-names></name></person-group></element-citation></ref><ref id="B23"><element-citation publication-type="article"><article-title>Legitimating beliefs: sources and indicators</article-title><source>Regulation &amp; Governance</source><date><year>2009</year></date><fpage>p. 311</fpage><lpage>p. 333</lpage><issue>n. 4</issue><volume>v. 3</volume><person-group><name><surname>LEVI</surname><given-names>Margaret</given-names></name><name><surname>SACKS</surname><given-names>Audrey</given-names></name><name><surname>LEVI</surname><given-names>Margaret</given-names></name><name><surname>SACKS</surname><given-names>Audrey</given-names></name></person-group></element-citation></ref><ref id="B24"><element-citation publication-type="book"><source>Desafios da regulação no Brasil</source><date><year>2009</year></date><fpage>p. 17</fpage><lpage>p. 37</lpage><person-group><name><surname>LODGE</surname><given-names>Martin</given-names></name><name><surname>WEGRICH</surname><given-names>Kai</given-names></name><name><surname>PROENÇA</surname><given-names>Jadir D.</given-names></name><name><surname>COSTA</surname><given-names>Patrícia V.</given-names></name><name><surname>MONTAGNER</surname><given-names>Paula</given-names></name><name><surname>PROENÇA</surname><given-names>Jadir D.</given-names></name><name><surname>COSTA</surname><given-names>Patrícia V.</given-names></name><name><surname>MONTAGNER</surname><given-names>Paula</given-names></name></person-group></element-citation></ref><ref id="B25"><element-citation publication-type="book"><source>Polifonia do Dom</source><date><year>2006</year></date><fpage>p. 89</fpage><lpage>p.123</lpage><person-group><name><surname>MARTINS</surname><given-names>Paulo H</given-names></name><name><surname>MARTINS</surname><given-names>Paulo H.</given-names></name><name><surname>CAMPOS</surname><given-names>Roberta B.C.</given-names></name><name><surname>MARTINS</surname><given-names>Paulo H.</given-names></name><name><surname>CAMPOS</surname><given-names>Roberta B.C.</given-names></name></person-group></element-citation></ref><ref id="B26"><element-citation publication-type="article"><article-title>Conceitos de regulação em saúde no Brasil</article-title><source>Revista de Saúde Pública</source><date><year>2012</year></date><fpage>p. 571</fpage><lpage>p. 576</lpage><issue>n. 3</issue><volume>v. 46</volume><person-group><name><surname>OLIVEIRA</surname><given-names>Robson R.</given-names></name><name><surname>ELIAS</surname><given-names>Paulo E. M.</given-names></name><name><surname>OLIVEIRA</surname><given-names>Robson R.</given-names></name><name><surname>ELIAS</surname><given-names>Paulo E. M.</given-names></name></person-group></element-citation></ref><ref id="B27"><element-citation publication-type="article"><article-title>A dimensão gestionária do trabalho e o debate de valores e normas no teleatendimento</article-title><source>Trabalho, Educação e Saúde</source><date><year>2011</year></date><fpage>p. 265</fpage><lpage>p. 284</lpage><volume>v. 9</volume><person-group><name><surname>OLIVEIRA</surname><given-names>Simone S.</given-names></name><name><surname>BRITO</surname><given-names>Jussara C.</given-names></name><name><surname>OLIVEIRA</surname><given-names>Simone S.</given-names></name><name><surname>BRITO</surname><given-names>Jussara C.</given-names></name></person-group></element-citation></ref><ref id="B28"><element-citation publication-type="article"><article-title>L'espace public. Individu, marché et politeia</article-title><source>Psicologia Política</source><date><year>2006</year></date><fpage>p. 139</fpage><lpage>p. 168</lpage><issue>n. 11</issue><volume>v.6</volume><person-group><name><surname>ORBAN</surname><given-names>Edouard</given-names></name><name><surname>ORBAN</surname><given-names>Edouard</given-names></name></person-group></element-citation></ref><ref id="B29"><element-citation publication-type="article"><article-title>The benefits of capture</article-title><source>Wake Forest Law Review</source><date><year>2012</year></date><fpage>p. 569</fpage><lpage>p. 610</lpage><volume>v. 47</volume><person-group><name><surname>REISS</surname><given-names>Dorit R</given-names></name><name><surname>REISS</surname><given-names>Dorit R</given-names></name></person-group><ext-link>htt p://w akefore stlawrevie w.com/ wpcontent/uploads/2012/10/w06_Reiss.pdf</ext-link></element-citation></ref><ref id="B30"><element-citation publication-type="article"><article-title>A regulação pública da saúde no Estado brasileiro: uma revisão</article-title><source>Interface: Comunicação,Saúde, Educação</source><date><year>2006</year></date><fpage>p. 25</fpage><lpage>p. 41</lpage><issue>n. 19</issue><volume>v.10</volume><person-group><name><surname>SANTOS</surname><given-names>Fausto P.</given-names></name><name><surname>MEHRY</surname><given-names>Emerson E</given-names></name><name><surname>SANTOS</surname><given-names>Fausto P.</given-names></name><name><surname>MEHRY</surname><given-names>Emerson E</given-names></name></person-group></element-citation></ref><ref id="B31"><element-citation publication-type="book"><source>(Des)Construindo a sociedade civil na América Latina</source><date><year>2010</year></date><fpage>p. 7</fpage><lpage>p.16</lpage><person-group><name><surname>SORJ</surname><given-names>Bernardo</given-names></name><name><surname>SORJ</surname><given-names>Bernardo</given-names></name><name><surname>SORJ</surname><given-names>Bernardo</given-names></name></person-group></element-citation></ref><ref id="B32"><element-citation publication-type="article"><article-title>Actividade</article-title><source>Laboreal</source><date><year>2005</year></date><fpage>p. 63</fpage><lpage>p. 64</lpage><issue>n. 1</issue><volume>v. 1</volume><person-group><name><surname>SCHWARTZ</surname><given-names>Yves</given-names></name><name><surname>SCHWARTZ</surname><given-names>Yves</given-names></name></person-group><ext-link>http://laboreal.up.pt/revista/artigo.php?id=37t45nSU547112291227657511</ext-link></element-citation></ref><ref id="B33"><element-citation publication-type="article"><article-title>Health care and new governance: the quest for effective regulation</article-title><source>Regulation &amp; Governance</source><date><year>2008</year></date><fpage>p. 1</fpage><lpage>p. 8</lpage><issue>n. 1</issue><volume>v. 2</volume><person-group><name><surname>TRUBEK</surname><given-names>Louise G</given-names></name><name><surname>TRUBEK</surname><given-names>Louise G</given-names></name></person-group></element-citation></ref><ref id="B34"><element-citation publication-type="article"><article-title>Health as a resource for everyday life: advancing the conceptualization</article-title><source>Critical Public Health</source><date><year>2009</year></date><fpage>p. 107</fpage><lpage>p. 122</lpage><issue>n.1</issue><volume>v.19</volume><person-group><name><surname>WILLIAMSON</surname><given-names>Deane L.</given-names></name><name><surname>CARR</surname><given-names>Jeff</given-names></name><name><surname>WILLIAMSON</surname><given-names>Deane L.</given-names></name><name><surname>CARR</surname><given-names>Jeff</given-names></name></person-group></element-citation></ref></ref-list></back></article></articles>