<articles xmlns:xsi="http://www.w3.org/2001/XMLSchema-instance" xsi:schemaLocation="https://raw.githubusercontent.com/scieloorg/articles_meta/master/tests/xsd/scielo_sci/ThomsonReuters_publishing.xsd" dtd-version="1.10"><article lang_id="pt" article-type="research-article"><front><journal-meta><journal-id journal-id-type="publisher">tes</journal-id><journal-title-group><journal-title>Trabalho, Educação e Saúde</journal-title><abbrev-journal-title>Trab. educ. saúde</abbrev-journal-title></journal-title-group><issn>1981-7746</issn><collection>SciELO Brazil</collection><publisher><publisher-name>Fundação Oswaldo Cruz, Escola Politécnica de Saúde Joaquim Venâncio</publisher-name></publisher></journal-meta><article-meta><unique-article-id pub-id-type="publisher-id">S1981-77462009000300005</unique-article-id><article-id pub-id-type="publisher-id">S1981-77462009000300005</article-id><article-id pub-id-type="doi">10.1590/S1981-77462009000300005</article-id><article-categories><subj-group><subject>EDUCATION &amp; EDUCATIONAL RESEARCH</subject><subject>PUBLIC, ENVIRONMENTAL &amp; OCCUPATIONAL HEALTH</subject></subj-group></article-categories><title-group><article-title lang_id="pt">Qualificação de agentes comunitários de saúde: instrumento de inclusão social</article-title><trans-title-group lang_id="en"><trans-title>Qualification of community health agents: an instrument for social inclusion</trans-title></trans-title-group></title-group><contrib-group><contrib contrib-type="author"><name><surname>Melo</surname><given-names>Marilene Barros de</given-names></name><role>ND</role><xref ref-type="aff" rid="A01"/></contrib><contrib contrib-type="author"><name><surname>Brant</surname><given-names>Luiz Carlos</given-names></name><role>ND</role><xref ref-type="aff" rid="A02"/></contrib><contrib contrib-type="author"><name><surname>Oliveira</surname><given-names>Lucas Azevedo de</given-names></name><role>ND</role><xref ref-type="aff" rid="A03"/></contrib><contrib contrib-type="author"><name><surname>Santos</surname><given-names>Alessandra Patrícia de Souza</given-names></name><role>ND</role><xref ref-type="aff" rid="A04"/></contrib></contrib-group><aff id="A01"><institution>Escola de Saúde Publica do Estado de Minas Gerais</institution><country>Brazil</country></aff><aff id="A02"><institution>Escola de Saúde Publica do Estado de Minas Gerais</institution><country>Brazil</country></aff><aff id="A04"><institution>Escola de Saúde Publica do Estado de Minas Gerais</institution><country>Brazil</country></aff><aff id="A03"><institution>Escola de Saúde Publica do Estado de Minas Gerais</institution><country>Brazil</country></aff><pub-date><month>11</month><year>2009</year></pub-date><volume>7</volume><issue>3</issue><fpage>463</fpage><lpage>477</lpage><permissions><license license-type="open-access" href="http://creativecommons.org/licenses/by-nc/4.0/"><license-p>This work is licensed under a Creative Commons Attribution-NonCommercial 4.0 International License.</license-p></license></permissions><self-uri href="http://www.scielo.br/scielo.php?script=sci_arttext&amp;pid=S1981-77462009000300005&amp;lng=en&amp;tlng=en" content-type="full_text_page"/><self-uri href="http://www.scielo.br/scielo.php?script=sci_issuetoc&amp;pid=1981-774620090003&amp;lng=en" content-type="issue_page"/><self-uri href="http://www.scielo.br/scielo.php?script=sci_serial&amp;pid=1981-7746&amp;lng=en" content-type="journal_page"/><abstract lang_id="pt"><p>A prática do agente comunitário de saúde (ACS) se estabelece como profissão na esfera do Sistema Único de Saúde (SUS) em 2002. Suas atividades contribuem para o diagnóstico demográfico de comunidades; promoção de ações educativas; participação da população nas políticas públicas e visitas domiciliares. A formação é de responsabilidade das escolas técnicas e centros formadores de recursos humanos do SUS. Essa investigação busca identificar, analisar e compreender as transformações operadas na vida dos ACS a partir de sua inserção no Programa de Qualificação e Desenvolvimento Profissional e do seu exercício profissional. Metodologicamente, constitui-se como estudo qualitativo, utilizando grupo focal. Para análise dos dados, empregou-se a técnica de Análise de Conteúdo. Constatou-se que o programa favorece a consolidação de políticas de atenção à saúde e contribui para a construção coletiva do conhecimento. O Ministério da Saúde, ao profissionalizar as ações do ACS, legitima um saber favorecedor de sua inserção nos serviços de saúde e aumenta a governabilidade local. Para os ACS, a formação propicia a superação de limites impostos pelas práticas tradicionais e demarca a produção do saber. O ACS se reconhece como um sujeito de ação, e a formação constitui meio de acesso à profissionalização e de mobilidade social.</p></abstract><trans-abstract lang_id="en"><p>The work of community health agents (CHA) was established as a profession in the sphere of the National Health System (SUS) in 2002. Its activities contribute to the demographic diagnosis of communities, the promotion of educational activities, the participation of the population in public policy, and home visits. Training is the responsibility of technical schools and human resources education centers of the SUS. This research seeks to identify, analyze and understand the changes in the life of the CHA since the agent's insertion in the Qualification and Professional Development Program and of his/ her professional practice. Methodologically, this is a qualitative study that uses focus groups. For data analysis, we used the technique of content analysis. It was found that the Program favors the consolidation of attention to health policies and contributes to the collective construction of knowledge. The Ministry of Health, by professionalizing the practice of the CHA, legitimizes the CHA´s knowledge supporting their inclusion in health services and increasing the local governance. For the CHA, training contributes to the overcoming of limits imposed by traditional practices and marks the production of knowledge. The ACS recognizes itself as a subject of action, and that training is a means of access to professionalization and social mobility.</p></trans-abstract><kwd-group lang_id="pt" kwd-group-type="author-generated"><kwd>agentes comunitários de saúde</kwd><kwd>educação em saúde</kwd><kwd>SUS</kwd><kwd>políticas públicas</kwd><kwd>mobilidade social</kwd></kwd-group><kwd-group lang_id="en" kwd-group-type="author-generated"><kwd>community health agents</kwd><kwd>health education</kwd><kwd>SUS</kwd><kwd>public policies</kwd><kwd>social mobility</kwd></kwd-group></article-meta></front><back><ref-list><ref id="B1"><element-citation publication-type="book"><source>Análise de Conteúdo</source><date><year>1977</year></date><person-group><name><surname>BARDIN</surname><given-names>Lawrance</given-names></name><name><surname>Reto</surname><given-names>Luís Antero</given-names></name><name><surname>Pinheiro</surname><given-names>Augusto</given-names></name><name><surname>BARDIN</surname><given-names>Lawrance</given-names></name><name><surname>Reto</surname><given-names>Luís Antero</given-names></name><name><surname>Pinheiro</surname><given-names>Augusto</given-names></name></person-group></element-citation></ref><ref id="B2"><element-citation publication-type="book"><source>Portaria federal n.º 1886, de 18 de dezembro de 1997: Aprova as normas e diretrizes do Programa de Agentes Comunitários de Saúde e do Programa de Saúde da Família</source><date><day>18</day><month>12</month><year>1997</year></date><ext-link>http://dtr2004.saude.gov. br/dab/docs/legislacao/portaria1886_18_ 12_97.pdf</ext-link></element-citation></ref><ref id="B3"><element-citation publication-type="book"><source>Decreto n.º 3189, de 4 de outubro de 1999: Fixa diretrizes para o exercício da atividade de Agente Comunitário de Saúde (ACS) e dá outras providências</source><date><day>04</day><month>10</month><year>1999</year></date><ext-link>www.planalto.gov.br/ccivil_03/decreto/D3189.htm</ext-link></element-citation></ref><ref id="B4"><element-citation publication-type="article"><article-title>Lei n.º 10.507, de 10 de julho de 2002: Cria a Profissão de Agente Comunitário de Saúde e dá outras providências</article-title><source>Diário Oficial [da] República Federativa do Brasil</source><date><day>11</day><month>04</month><year>2002</year></date><ext-link>www3.dataprev.gov.br/SISLEX/paginas/42/2002/10507.htm</ext-link></element-citation></ref><ref id="B5"><element-citation publication-type="book"><source>Proposta de formação do agente comunitário de saúde: habilitação profissional técnica - versão preliminar</source><date><year>2004</year></date></element-citation></ref><ref id="B6"><element-citation publication-type="book"><source>Qualificação de agentes comunitários: Ministério da Saúde, estados e municípios vão qualificar agentes comunitários de saúde</source><ext-link>http://portal.saude.gov.br/saude/visualizar_ texto.cfm?idtxt=18404(qualificação2004)</ext-link></element-citation></ref><ref id="B7"><element-citation publication-type="book"><source>Saúde e loucura, 4</source><date><year>1994</year></date><person-group><name><surname>CASTEL</surname><given-names>Robert</given-names></name><name><surname>LANCETTI</surname><given-names>A.</given-names></name><name><surname>LANCETTI</surname><given-names>A.</given-names></name></person-group></element-citation></ref><ref id="B8"><element-citation publication-type="book"><source>A inocência e o vício: estudos sobre o homoerotismo</source><date><year>1992</year></date><person-group><name><surname>COSTA</surname><given-names>Jurandir Freire</given-names></name><name><surname>COSTA</surname><given-names>Jurandir Freire</given-names></name></person-group></element-citation></ref><ref id="B9"><element-citation publication-type="book"><source>A casa &amp; a rua: espaço, cidadania, mulher e morte no Brasil</source><date><year>1987</year></date><person-group><name><surname>COSTA</surname><given-names>Jurandir Freire</given-names></name></person-group></element-citation></ref><ref id="B10"><element-citation publication-type="book"><source>Charme da exclusão social</source><date><year>2002</year></date><person-group><name><surname>DEMO</surname><given-names>Pedro</given-names></name><name><surname>DEMO</surname><given-names>Pedro</given-names></name></person-group></element-citation></ref><ref id="B11"><element-citation publication-type="book"><source>Curso Técnico de Agente Comunitário de Saúde: Módulo I: formação inicial do agente comunitário de saúde para a prefeitura de Belo Horizonte</source><date><year>2007</year></date></element-citation></ref><ref id="B12"><element-citation publication-type="book"><source>Renascimento do profissionalismo: teoria, profecia e política</source><date><year>1988</year></date><person-group><name><surname>FREIDSON</surname><given-names>Eliot</given-names></name><name><surname>Paciornik</surname><given-names>Celso Mauro</given-names></name><name><surname>FREIDSON</surname><given-names>Eliot</given-names></name><name><surname>Paciornik</surname><given-names>Celso Mauro</given-names></name></person-group></element-citation></ref><ref id="B13"><element-citation publication-type="book"><source>Santé et maladie: analyse d'une représentation sociale</source><date><year>1984</year></date><person-group><name><surname>HERZLICH</surname><given-names>Claudine</given-names></name><name><surname>HERZLICH</surname><given-names>Claudine</given-names></name></person-group></element-citation></ref><ref id="B14"><element-citation publication-type="book"><source>Illness and self in society</source><date><year>1987</year></date><person-group><name><surname>HERZLICH</surname><given-names>Claudine</given-names></name><name><surname>PIERRET</surname><given-names>J.</given-names></name><name><surname>HERZLICH</surname><given-names>Claudine</given-names></name><name><surname>PIERRET</surname><given-names>J.</given-names></name></person-group></element-citation></ref><ref id="B15"><element-citation publication-type="book"><source>Focus group: a practical guide for applied research</source><date><year>1994</year></date><person-group><name><surname>KRUEGER</surname><given-names>Richard</given-names></name><name><surname>KRUEGER</surname><given-names>Richard</given-names></name></person-group></element-citation></ref><ref id="B16"><element-citation publication-type="article"><article-title>A inclusão social e digital de pessoas com limitação visual e o uso das tecnologias de informação e de comunicação na produção de páginas para a internet</article-title><source>Ciência da Informação</source><date><year>2006</year></date><fpage>94</fpage><lpage>101</lpage><issue>1</issue><volume>35</volume><person-group><name><surname>ESTABEL</surname><given-names>Lizandra Brasil</given-names></name><name><surname>MORO</surname><given-names>Eliane Lourdes Silva</given-names></name><name><surname>SANTAROSA</surname><given-names>Lucila Maria Costi</given-names></name></person-group></element-citation></ref><ref id="B17"><element-citation publication-type="book"><source>As palavras e as coisas</source><date><year>1999</year></date><person-group><name><surname>FOUCAULT</surname><given-names>Michel</given-names></name><name><surname>Muchail</surname><given-names>Selma Tannus</given-names></name><name><surname>FOUCAULT</surname><given-names>Michel</given-names></name><name><surname>Muchail</surname><given-names>Selma Tannus</given-names></name></person-group></element-citation></ref><ref id="B18"><element-citation publication-type="book"><source>The rise of profissionalism</source><date><year>1977</year></date><person-group><name><surname>LARSON</surname><given-names>Magali Sarfatti</given-names></name><name><surname>LARSON</surname><given-names>Magali Sarfatti</given-names></name></person-group></element-citation></ref><ref id="B19"><element-citation publication-type="article"><article-title>Proletarianization and educated labor</article-title><source>Theory and Society</source><date><year>1980</year></date><fpage>131</fpage><lpage>175</lpage><volume>9</volume><person-group><name><surname>LARSON</surname><given-names>Magali Sarfatti</given-names></name></person-group></element-citation></ref><ref id="B20"><element-citation publication-type="book"><source>O discurso do sujeito coletivo: uma nova abordagem metodológica em pesquisa qualitativa</source><date><year>2000</year></date><person-group><name><surname>LEFÈVRE</surname><given-names>Fernando</given-names></name><name><surname>LEFÈVRE</surname><given-names>Ana Maria Cavalcanti</given-names></name><name><surname>TEIXEIRA</surname><given-names>Jorge Juarez Vieira</given-names></name><name><surname>LEFÈVRE</surname><given-names>Fernando</given-names></name><name><surname>LEFÈVRE</surname><given-names>Ana Maria Cavalcanti</given-names></name><name><surname>TEIXEIRA</surname><given-names>Jorge Juarez Vieira</given-names></name></person-group></element-citation></ref><ref id="B21"><element-citation publication-type="book"><source>Cibercultura</source><date><year>1999</year></date><person-group><name><surname>LÉVY</surname><given-names>Pierre</given-names></name><name><surname>LÉVY</surname><given-names>Pierre</given-names></name></person-group></element-citation></ref><ref id="B22"><element-citation publication-type="article"><article-title>Mobilidade entre estados de pobreza e inserção no mercado de trabalho: uma análise para o Brasil metropolitano em 2004</article-title><source>Economia Aplicada</source><date><year>2007</year></date><fpage>253</fpage><lpage>279</lpage><issue>2</issue><volume>11</volume><person-group><name><surname>MACHADO</surname><given-names>Ana Flávia</given-names></name><name><surname>RIBAS</surname><given-names>Rafael Perez</given-names></name><name><surname>PENIDO</surname><given-names>Mariângela</given-names></name></person-group></element-citation></ref><ref id="B23"><element-citation publication-type="thesis"><source>Os médicos e sua prática profissional: as metamorfoses de uma profissão</source><date><year>1996</year></date><person-group><name><surname>MACHADO</surname><given-names>Maria Helena</given-names></name><name><surname>MACHADO</surname><given-names>Maria Helena</given-names></name></person-group></element-citation></ref><ref id="B24"><element-citation publication-type="book"><source>Exclusão social e a nova desigualdade</source><date><year>1997</year></date><person-group><name><surname>MARTINS</surname><given-names>José Souza</given-names></name><name><surname>MARTINS</surname><given-names>José Souza</given-names></name></person-group></element-citation></ref><ref id="B25"><element-citation publication-type="article"><article-title>Saúde coletiva e pós-graduação em Odontologia</article-title><source>RBPG Revista Brasileira de Pós-Graduação</source><date><year>2005</year></date><fpage>55</fpage><lpage>74</lpage><issue>3</issue><volume>2</volume><person-group><name><surname>MELO</surname><given-names>Marilene Barros</given-names></name></person-group></element-citation></ref><ref id="B26"><element-citation publication-type="book"><source>Agir em saúde</source><date><year>1997</year></date><fpage>71</fpage><lpage>112</lpage><person-group><name><surname>MERHY</surname><given-names>Emerson</given-names></name><name><surname>MERHY</surname><given-names>Emerson E.</given-names></name><name><surname>ONOCKO</surname><given-names>R.</given-names></name><name><surname>MERHY</surname><given-names>Emerson E.</given-names></name><name><surname>ONOCKO</surname><given-names>R.</given-names></name></person-group></element-citation></ref><ref id="B27"><element-citation publication-type="book"><source>O desafio do conhecimento: pesquisa qualitativa em saúde</source><date><year>1996</year></date><person-group><name><surname>MINAYO</surname><given-names>Maria Cecília Souza</given-names></name><name><surname>MINAYO</surname><given-names>Maria Cecília Souza</given-names></name></person-group></element-citation></ref><ref id="B28"><element-citation publication-type="book"><source>Fala, galera: juventude, violência e cidadania</source><date><year>1999</year></date><person-group><name><surname>MINAYO</surname><given-names>Maria Cecília Souza</given-names></name><name><surname>MINAYO</surname><given-names>Maria Cecília Souza</given-names></name></person-group></element-citation></ref><ref id="B29"><element-citation publication-type="book"><source>The professions: roles and rules</source><date><year>1970</year></date><person-group><name><surname>MOORE</surname><given-names>Wilbert</given-names></name><name><surname>MOORE</surname><given-names>Wilbert</given-names></name></person-group></element-citation></ref><ref id="B30"><element-citation publication-type="book"><source>A crise da saúde pública e a utopia da saúde coletiva</source><date><year>2000</year></date><person-group><name><surname>PAIM</surname><given-names>Jairnilson Silva</given-names></name><name><surname>ALMEIDA-FILHO</surname><given-names>Naomar</given-names></name><name><surname>PAIM</surname><given-names>Jairnilson Silva</given-names></name><name><surname>ALMEIDA-FILHO</surname><given-names>Naomar</given-names></name></person-group></element-citation></ref><ref id="B31"><element-citation publication-type="article"><article-title>O Brasil que sobe e desce: uma análise da mobilidade sócio-ocupacional e realização de êxito no mercado de trabalho urbano</article-title><source>Dados</source><date><year>2007</year></date><fpage>393</fpage><lpage>433</lpage><issue>2</issue><volume>50</volume><person-group><name><surname>PICANÇO</surname><given-names>Felícia</given-names></name></person-group></element-citation></ref><ref id="B32"><element-citation publication-type="book"><source>A crítica da razão indolente: contra o desperdício da experiência</source><date><year>2000</year></date><volume>1</volume><person-group><name><surname>SANTOS</surname><given-names>Boaventura Souza</given-names></name><name><surname>SANTOS</surname><given-names>Boaventura Souza</given-names></name></person-group></element-citation></ref><ref id="B33"><element-citation publication-type="book"><source>Mapa da exclusão/inclusão na cidade de São Paulo</source><date><year>1996</year></date><person-group><name><surname>SPOSATI</surname><given-names>Aldaiza Oliveira</given-names></name><name><surname>SPOSATI</surname><given-names>Aldaiza Oliveira</given-names></name></person-group></element-citation></ref><ref id="B34"><element-citation publication-type="article"><article-title>Deficiência e trabalho no setor informal: considerações sobre processos de inclusão e exclusão social</article-title><source>Saúde e Sociedade</source><date><month>12</month><year>2000</year></date><fpage>77</fpage><lpage>86</lpage><issue>1-2</issue><volume>9</volume><person-group><name><surname>TISSE</surname><given-names>Maria Cristina</given-names></name></person-group></element-citation></ref><ref id="B35"><element-citation publication-type="book"><source>Ciências Sociais em Saúde</source><date><year>1997</year></date><fpage>87</fpage><lpage>109</lpage><person-group><name><surname>UCHOA</surname><given-names>Elizabeth</given-names></name><name><surname>Canesqui</surname><given-names>Ana Maria</given-names></name><name><surname>Canesqui</surname><given-names>Ana Maria</given-names></name></person-group></element-citation></ref><ref id="B36"><element-citation publication-type="book"><source>Economia e sociedade</source><date><year>1999</year></date><person-group><name><surname>WEBER</surname><given-names>Max</given-names></name><name><surname>WEBER</surname><given-names>Max</given-names></name></person-group></element-citation></ref><ref id="B37"><element-citation publication-type="book"><source>Manual sobre desenvolvimento inclusivo para a mídia e profissionais de comunicação</source><date><year>2004</year></date><person-group><name><surname>WERNECK</surname><given-names>Cláudia</given-names></name><name><surname>WERNECK</surname><given-names>Cláudia</given-names></name></person-group></element-citation></ref></ref-list></back></article></articles>