<articles xmlns:xsi="http://www.w3.org/2001/XMLSchema-instance" xsi:schemaLocation="https://raw.githubusercontent.com/scieloorg/articles_meta/master/tests/xsd/scielo_sci/ThomsonReuters_publishing.xsd" dtd-version="1.10"><article lang_id="pt" article-type="research-article"><front><journal-meta><journal-id journal-id-type="publisher">tes</journal-id><journal-title-group><journal-title>Trabalho, Educação e Saúde</journal-title><abbrev-journal-title>Trab. educ. saúde</abbrev-journal-title></journal-title-group><issn>1981-7746</issn><collection>SciELO Brazil</collection><publisher><publisher-name>Fundação Oswaldo Cruz, Escola Politécnica de Saúde Joaquim Venâncio</publisher-name></publisher></journal-meta><article-meta><unique-article-id pub-id-type="publisher-id">S1981-77462015000100031</unique-article-id><article-id pub-id-type="publisher-id">S1981-77462015000100031</article-id><article-id pub-id-type="doi">10.1590/1981-7746-sip00028</article-id><article-categories><subj-group><subject>EDUCATION &amp; EDUCATIONAL RESEARCH</subject><subject>PUBLIC, ENVIRONMENTAL &amp; OCCUPATIONAL HEALTH</subject></subj-group></article-categories><title-group><article-title lang_id="pt">A atenção primária em saúde na agenda da organização panamericana de saúde nos anos 2000</article-title><trans-title-group lang_id="es"><trans-title>La atención primaria de la salud en la agenda de la organización panamericana de la salud en los años 2000</trans-title></trans-title-group><trans-title-group lang_id="en"><trans-title>Primary health care in the agenda of the pan american health organization in the 2000s</trans-title></trans-title-group></title-group><contrib-group><contrib contrib-type="author"><name><surname>Silveira</surname><given-names>Alessandra Camargo da</given-names></name><role>ND</role><xref ref-type="aff" rid="AFF1"/></contrib><contrib contrib-type="author"><name><surname>Machado</surname><given-names>Cristiani Vieira</given-names></name><role>ND</role><xref ref-type="aff" rid="AFF2"/></contrib><contrib contrib-type="author"><name><surname>Matta</surname><given-names>Gustavo Correa</given-names></name><role>ND</role><xref ref-type="aff" rid="AFF3"/></contrib></contrib-group><aff id="AFF3"><institution>Fundação Oswaldo Cruz</institution><country>Brazil</country></aff><aff id="AFF1"><institution>Ministério da Saúde</institution><country>Brazil</country></aff><aff id="AFF2"><institution>Fundação Oswaldo Cruz</institution><country>Brazil</country></aff><pub-date><month>04</month><year>2015</year></pub-date><volume>13</volume><issue>1</issue><fpage>31</fpage><lpage>44</lpage><permissions><license license-type="open-access" href="http://creativecommons.org/licenses/by-nc/3.0/"><license-p>This work is licensed under a Creative Commons Attribution-NonCommercial 3.0 International License.</license-p></license></permissions><self-uri href="http://www.scielo.br/scielo.php?script=sci_arttext&amp;pid=S1981-77462015000100031&amp;lng=en&amp;tlng=en" content-type="full_text_page"/><self-uri href="http://www.scielo.br/scielo.php?script=sci_issuetoc&amp;pid=1981-774620150001&amp;lng=en" content-type="issue_page"/><self-uri href="http://www.scielo.br/scielo.php?script=sci_serial&amp;pid=1981-7746&amp;lng=en" content-type="journal_page"/><abstract lang_id="pt"><p>O artigo aborda a agenda da Organização Pan-Americana da Saúde para a atenção primária em saúde e suas possíveis implicações na proteção social na América Latina nos anos 2000. O estudo, de natureza exploratória, partiu da literatura sobre proteção social e compreendeu como estratégias metodológicas a revisão bibliográfica e a análise documental, cujo referencial técnico foi a análise de retórica. A pesquisa procurou identificar as concepções e significados subjacentes à proposta de 'atenção primária em saúde renovada' no que concerne à perspectiva da proteção social, considerando três aspectos: a população-alvo (universal ou focalizada), o escopo (abrangente ou restrito) e a forma de organização dos serviços (relações público—privadas). Os resultados indicam que a agenda política da Organização Pan-Americana da Saúde apresenta historicamente continuidades e descontinuidades. O movimento de renovação da atenção primária em saúde expressa uma inflexão importante nessa agenda, pois sugere uma visão da atenção primária em saúde como estratégia de reestruturação dos sistemas nacionais de saúde, para além da abordagem programática. Porém, no que se refere à proteção social, as propostas apresentadas parecem compatíveis com diferentes arranjos de sistemas de saúde no que tange à concepção sobre o universalismo, o escopo das ações e as parcerias público-privadas.</p></abstract><trans-abstract lang_id="es"><p>El artículo trata sobre la agenda de la Organización Panamericana de la Salud para la atención primaria de la salud y sus posibles implicaciones en la protección social en América Latina en los años 2000. El estudio, de naturaleza exploratoria, surgió de la literatura sobre protección social y comprendió como estrategias metodológicas la revisión bibliográfica y el análisis documental, cuya referencia técnica fue el análisis de retórica. La investigación buscó identificar las concepciones y los significados subyacentes a la propuesta de atención primaria de la salud renovada, en lo que concierne a la perspectiva de la protección social, considerando tres aspectos: la población objetivo (universal o focalizada), el alcance (amplio o restringido) y la forma de organización de los servicios (relaciones público-privadas). Los resultados indican que la agenda política de la Organización Panamericana de la Salud presenta históricamente continuidades y discontinuidades. El movimiento de renovación de la atención primaria de la salud manifiesta una inflexión importante en esta agenda, pues sugiere una visión de la atención primaria de la salud como estrategia de restructuración de los sistemas nacionales de salud, más allá del enfoque programático. Sin embargo, en lo que se refiere a la protección social, las propuestas presentadas parecen compatibles con diferentes arreglos de sistemas de salud en lo que atañe a la concepción sobre el universalismo, el alcance de las acciones y las asociaciones público-privadas.</p></trans-abstract><trans-abstract lang_id="en"><p>The article discusses the agenda of the Pan American Health Organization for primary health care and its implications for social protection in Latin America in the 2000s. Exploratory in nature, the study was based on the literature concerning social protection and included the review of the literature and documental analysis as methodological strategies, the technical reference for which was rhetoric analysis. The research sought to identify the concepts and meanings underlying the proposal for 'renewed health in primary care' insofar as the perspective of social protection is concerned, considering three aspects: target population (universal or targeted), scope (comprehensive or limited), and the way the services are organized (public-private relations). Results indicate that, historically, the Pan American Health Organization's political agenda has had continuities and discontinuities. The movement for the renewal of primary health care expresses an important inflection on this agenda, as it suggests a vision for primary health care as a restructuring strategy for the national health systems, in addition to the programmatic approach. However, concerning social protection, the proposals that have been made seem to be compatible with different health system arrangements with regard to the concept of universalism, action scope, and public-private partnerships.</p></trans-abstract><kwd-group lang_id="es" kwd-group-type="author-generated"><kwd>atención primaria de la salud</kwd><kwd>Organización Panamericana de la Salud</kwd><kwd>política social</kwd><kwd>servicios de salud</kwd><kwd>Américas</kwd></kwd-group><kwd-group lang_id="en" kwd-group-type="author-generated"><kwd>primary health care</kwd><kwd>Pan American Health Organization</kwd><kwd>social policy</kwd><kwd>health services</kwd><kwd>Americas</kwd></kwd-group><kwd-group lang_id="pt" kwd-group-type="author-generated"><kwd>atenção primária em saúde</kwd><kwd>Organização Pan-Americana da Saúde</kwd><kwd>política social</kwd><kwd>serviços de saúde</kwd><kwd>Américas</kwd></kwd-group></article-meta></front><back><ref-list><ref id="B1"><element-citation publication-type="book"><source>Políticas públicas, justiça distributiva e inovação: saúde e saneamento na agenda social</source><date><year>1998</year></date><fpage>125</fpage><lpage>145</lpage><person-group><name><surname>COSTA</surname><given-names>Nilson do R</given-names></name></person-group></element-citation></ref><ref id="B2"><element-citation publication-type="book"><source>O valor da saúde: história da Organização Pan-Americana da Saúde</source><date><year>2007</year></date><person-group><name><surname>CUETO</surname><given-names>Marcos</given-names></name><name><surname>CUETO</surname><given-names>Marcos</given-names></name></person-group></element-citation></ref><ref id="B3"><element-citation publication-type="book"><source>Dos programas de medicina comunitária ao Sistema Único de Saúde: uma análise histórica da atenção primária na política de saúde brasileira</source><date><year>2005</year></date><person-group><name><surname>FAUSTO</surname><given-names>Márcia C. R</given-names></name><name><surname>FAUSTO</surname><given-names>Márcia C. R</given-names></name></person-group></element-citation></ref><ref id="B4"><element-citation publication-type="book"><source>O Sistema Único de Saúde em dez anos de desafio: o passo a passo de uma reforma que alarga o desenvolvimento e estreita a desigualdade social</source><date><year>2002</year></date><fpage>45</fpage><lpage>64</lpage><person-group><name><surname>FREEMAN</surname><given-names>Richard</given-names></name><name><surname>MORAN</surname><given-names>Michael</given-names></name><name><surname>NEGRI</surname><given-names>Barjas</given-names></name><name><surname>VIANA</surname><given-names>Ana Luiza d'Ávila</given-names></name><name><surname>NEGRI</surname><given-names>Barjas</given-names></name><name><surname>VIANA</surname><given-names>Ana Luiza d'Ávila</given-names></name></person-group></element-citation></ref><ref id="B5"><element-citation publication-type="book"><source>Universalismo básico/basic universalism: una nueva política social para América Latina</source><date><year>2007</year></date><fpage>19</fpage><lpage>55</lpage><person-group><name><surname>FILGUEIRAS</surname><given-names>Fernando</given-names></name><name><surname>MOLINA</surname><given-names>Carlos G</given-names></name><name><surname>MOLINA</surname><given-names>Carlos G</given-names></name></person-group></element-citation></ref><ref id="B6"><element-citation publication-type="book"><source>Agendas, Alternatives and Public Policies</source><date><year>1995</year></date><fpage>196</fpage><lpage>208</lpage><person-group><name><surname>KINGDON</surname><given-names>John W</given-names></name><name><surname>KINGDON</surname><given-names>John W</given-names></name><name><surname>KINGDON</surname><given-names>John W</given-names></name></person-group></element-citation></ref><ref id="B7"><element-citation publication-type="book"><source>A medida política da vida: a invenção do WHOQOL e a construção de políticas de saúde globais</source><date><year>2005</year></date><person-group><name><surname>MATTA</surname><given-names>Gustavo C</given-names></name><name><surname>MATTA</surname><given-names>Gustavo C</given-names></name></person-group></element-citation></ref><ref id="B8"><element-citation publication-type="article"><article-title>As agências internacionais e as políticas de saúde nos anos 90: um panorama geral da oferta de ideias</article-title><source>Ciência &amp; Saúde Coletiva</source><date><year>2001</year></date><fpage>377</fpage><lpage>389</lpage><issue>2</issue><volume>6</volume><person-group><name><surname>MATTOS</surname><given-names>Ruben A. de</given-names></name></person-group></element-citation></ref><ref id="B9"><element-citation publication-type="book"><source>Caminhos da saúde pública no Brasil</source><date><year>2002</year></date><fpage>23</fpage><lpage>116</lpage><person-group><name><surname>LIMA</surname><given-names>Nísia T</given-names></name><name><surname>FRINKELMAN</surname><given-names>Jacobo</given-names></name><name><surname>FRINKELMAN</surname><given-names>Jacobo</given-names></name></person-group></element-citation></ref><ref id="B10"><element-citation publication-type="book"><source>Conheça a ONU</source><date><year>2000</year></date><ext-link>www.onu.org.br/conheca-a-onu</ext-link></element-citation></ref><ref id="B11"><element-citation publication-type="book"><source>Renovação da atenção primária em saúde nas Américas: documento de posicionamento da Organização Pan-Americana da Saúde (Opas)/Organização Mundial da Saúde (OMS)</source><date><year>2007</year></date></element-citation></ref><ref id="B12"><element-citation publication-type="book"><source>La formación en medicina orientada hacia la atención primaria de salud</source><date><year>2008</year></date></element-citation></ref><ref id="B13"><element-citation publication-type="book"><source>Sistemas de saúde com base na atenção primária: estratégias para o desenvolvimento de equipes de atenção primária em saúde</source><date><year>2009</year></date></element-citation></ref><ref id="B14"><element-citation publication-type="book"><source>Redes integradas de servicios de salud: conceptos, opciones de política y hoja de ruta para su implementación en las Américas</source><date><year>2010</year></date></element-citation></ref><ref id="B15"><element-citation publication-type="book"><source>Tratado da argumentação: a nova retórica</source><date><year>2000</year></date><person-group><name><surname>PERELMAN</surname><given-names>Chaim</given-names></name><name><surname>OLBRECHTS-TYTECA</surname><given-names>Lucie</given-names></name><name><surname>PERELMAN</surname><given-names>Chaim</given-names></name><name><surname>OLBRECHTS-TYTECA</surname><given-names>Lucie</given-names></name></person-group></element-citation></ref><ref id="B16"><element-citation publication-type="book"><source>Proteção social: dilemas e desafios</source><date><year>2005</year></date><fpage>150</fpage><lpage>167</lpage><person-group><name><surname>VIANA</surname><given-names>Ana Luiza d'Ávila</given-names></name><name><surname>FAUSTO</surname><given-names>Márcia C. R</given-names></name><name><surname>VIANA</surname><given-names>Ana Luiza d'Ávila</given-names></name><name><surname>ELIAS</surname><given-names>Paulo Eduardo M</given-names></name><name><surname>IBANEZ</surname><given-names>Nelson</given-names></name><name><surname>VIANA</surname><given-names>Ana Luiza d'Ávila</given-names></name><name><surname>ELIAS</surname><given-names>Paulo Eduardo M</given-names></name><name><surname>IBANEZ</surname><given-names>Nelson</given-names></name></person-group></element-citation></ref><ref id="B17"><element-citation publication-type="article"><article-title>Saúde e desenvolvimento</article-title><source>Ciência &amp; Saúde Coletiva</source><date><year>2007</year></date><fpage>1.765</fpage><lpage>1.776</lpage><volume>12</volume><person-group><name><surname>VIANA</surname><given-names>Ana Luiza d'Ávila</given-names></name><name><surname>SILVA</surname><given-names>Hudson P. da</given-names></name><name><surname>ELIAS</surname><given-names>Paulo Eduardo M</given-names></name></person-group></element-citation></ref><ref id="B18"><element-citation publication-type="book"><source>Health Policy: An Introduction to Process and Power</source><date><year>1994</year></date><fpage>122</fpage><lpage>152</lpage><person-group><name><surname>WALT</surname><given-names>Gill</given-names></name><name><surname>WALT</surname><given-names>Gill</given-names></name><name><surname>WALT</surname><given-names>Gill</given-names></name></person-group></element-citation></ref></ref-list></back></article></articles>