<articles xmlns:xsi="http://www.w3.org/2001/XMLSchema-instance" xsi:schemaLocation="https://raw.githubusercontent.com/scieloorg/articles_meta/master/tests/xsd/scielo_sci/ThomsonReuters_publishing.xsd" dtd-version="1.10"><article lang_id="pt" article-type="research-article"><front><journal-meta><journal-id journal-id-type="publisher">tes</journal-id><journal-title-group><journal-title>Trabalho, Educação e Saúde</journal-title><abbrev-journal-title>Trab. educ. saúde</abbrev-journal-title></journal-title-group><issn>1981-7746</issn><collection>SciELO Brazil</collection><publisher><publisher-name>Fundação Oswaldo Cruz, Escola Politécnica de Saúde Joaquim Venâncio</publisher-name></publisher></journal-meta><article-meta><unique-article-id pub-id-type="publisher-id">S1981-77462013000300009</unique-article-id><article-id pub-id-type="publisher-id">S1981-77462013000300009</article-id><article-id pub-id-type="doi">10.1590/S1981-77462013000300009</article-id><article-categories><subj-group><subject>EDUCATION &amp; EDUCATIONAL RESEARCH</subject><subject>PUBLIC, ENVIRONMENTAL &amp; OCCUPATIONAL HEALTH</subject></subj-group></article-categories><title-group><article-title lang_id="pt">Programa educacional para unidades de terapia intensiva neonatais e pediátricas brasileiras</article-title><trans-title-group lang_id="en"><trans-title>Educational program for Brazilian neonatal and pediatric intensive care units</trans-title></trans-title-group></title-group><contrib-group><contrib contrib-type="author"><name><surname>Bussotti</surname><given-names>Edna Aparecida</given-names></name><role>ND</role><xref ref-type="aff" rid="A01"/><xref ref-type="aff" rid="A02"/></contrib><contrib contrib-type="author"><name><surname>Leão</surname><given-names>Eliseth Ribeiro</given-names></name><role>ND</role><xref ref-type="aff" rid="A03"/></contrib><contrib contrib-type="author"><name><surname>Cristensen</surname><given-names>Kellen</given-names></name><role>ND</role><xref ref-type="aff" rid="A04"/></contrib><contrib contrib-type="author"><name><surname>Ramos Filho</surname><given-names>Luiz Maria</given-names></name><role>ND</role><xref ref-type="aff" rid="A05"/></contrib><contrib contrib-type="author"><name><surname>Belem</surname><given-names>Teresa Maria Uras</given-names></name><role>ND</role><xref ref-type="aff" rid="A06"/></contrib><contrib contrib-type="author"><name><surname>Santos</surname><given-names>Katia Jarandilha dos</given-names></name><role>ND</role><xref ref-type="aff" rid="A07"/></contrib></contrib-group><aff id="A01"><institution>Hospital Samaritano</institution><country>Brazil</country></aff><aff id="A07"><institution>Hospital Samaritano</institution><country>Brazil</country></aff><aff id="A06"><institution>Hospital Samaritano</institution><country>Brazil</country></aff><aff id="A02"><institution>Universidade Federal de São Paulo</institution><country>Brazil</country></aff><aff id="A03"><institution>Hospital Israelita Albert Einstein</institution><country>Brazil</country></aff><aff id="A04"><institution>Hospital Samaritano</institution><country>Brazil</country></aff><aff id="A05"><institution>Hospital Samaritano</institution><country>Brazil</country></aff><pub-date><month>12</month><year>2013</year></pub-date><volume>11</volume><issue>3</issue><fpage>611</fpage><lpage>631</lpage><permissions><license license-type="open-access" href="http://creativecommons.org/licenses/by-nc/4.0/"><license-p>This work is licensed under a Creative Commons Attribution-NonCommercial 4.0 International License.</license-p></license></permissions><self-uri href="http://www.scielo.br/scielo.php?script=sci_arttext&amp;pid=S1981-77462013000300009&amp;lng=en&amp;tlng=en" content-type="full_text_page"/><self-uri href="http://www.scielo.br/scielo.php?script=sci_issuetoc&amp;pid=1981-774620130003&amp;lng=en" content-type="issue_page"/><self-uri href="http://www.scielo.br/scielo.php?script=sci_serial&amp;pid=1981-7746&amp;lng=en" content-type="journal_page"/><abstract lang_id="pt"><p>Trata-se de um estudo descritivo e exploratório que objetivou avaliar os padrões de qualidade em saúde em 13 unidades de terapia intensiva neonatal e pediátrica da rede pública brasileira nos períodos anteriores (diagnóstico situacional) e posteriores (reavaliação) ao desenvolvimento do Programa de Apoio ao Desenvolvimento Institucional do Sistema Único de Saúde. Foi elaborado um instrumento para avaliação diagnóstica com base na portaria n. 3.432, de 12 de agosto de 1998. A capacitação foi planejada mediante o diagnóstico situacional. Foram mensurados dez critérios de avaliação e, na fase diagnóstica, cinco apresentavam 40 % de índice de conformidade. O programa de capacitação foi estruturado em treinamento on the job (12 horas), totalizando 290 horas, e curso com visitas monitoradas (30 horas), totalizando 810 horas/homem e média de 180 horas/homem. Na reavaliação houve elevação dos índices em nove dos dez critérios avaliados. A metodologia adotada possibilitou o desenvolvimento de um programa educacional com base no diagnóstico situacional, com indicadores de treinamento satisfatórios, considerando a peculiaridade do setor público de saúde. A participação dos profissionais do hospital de excelência foi relevante para o alcance dos resultados, proporcionando espaços para discussão e troca de experiências.</p></abstract><trans-abstract lang_id="en"><p>This is an exploratory and descriptive study that aimed to evaluate the quality standards in health in 13 Brazilian public neonatal and pediatric intensive care units in periods prior (situational diagnosis) and subsequent (reassessment) to the development of the Program for Support for the Institutional Development of the Unified Health System. A diagnostic assessment tool was prepared based on decree n. 3432, of August 12, 1998. Training was planned based on the situational diagnosis. Ten assessment criteria were measured and, in the diagnostic phase, five had a 40 percent compliance rate. The training program was structured with on-the-job training (12 hours), which added up to 290 hours, and on a course with guided visits (30 hours), totaling 810 man hours and with an average of 180 man hours. During the reassessment, it was noted that there was an increase in nine of the ten criteria evaluated. The methodology that was adopted enabled the development of an educational program based on situational analysis, with satisfactory training indicators, considering the peculiarity of the public health sector. The participation of professionals from the hospital of excellence was relevant to the achievement of the results, as this provided space for discussion and for the exchange of experiences.</p></trans-abstract><kwd-group lang_id="en" kwd-group-type="author-generated"><kwd>social responsibility</kwd><kwd>Unified Health System</kwd><kwd>continuing education</kwd><kwd>management indicators</kwd><kwd>health care quality</kwd></kwd-group><kwd-group lang_id="pt" kwd-group-type="author-generated"><kwd>responsabilidade social</kwd><kwd>Sistema Único de Saúde</kwd><kwd>educação continuada</kwd><kwd>indicadores de gestão</kwd><kwd>qualidade da assistência à saúde</kwd></kwd-group></article-meta></front><back><ref-list><ref id="B1"><element-citation publication-type="article"><article-title>Relação entre as causas de morte evitáveis por atenção à saúde e a implementação do Sistema Único de Saúde no Brasil</article-title><source>Revista Panamericana de Salud Pública</source><date><year>2007</year></date><fpage>282</fpage><lpage>289</lpage><issue>5</issue><volume>21</volume><person-group><name><surname>ABREU</surname><given-names>Daisy M. X.</given-names></name><name><surname>CÉSAR</surname><given-names>Cibele C.</given-names></name><name><surname>FRANÇA</surname><given-names>Elisabeth B.</given-names></name></person-group></element-citation></ref><ref id="B2"><element-citation publication-type="book"><source>Programa de reanimação neonatal da sociedade brasileira de pediatria: condutas 2011</source><person-group><name><surname>ALMEIDA</surname><given-names>Maria F. B.</given-names></name><name><surname>GUINSBURG</surname><given-names>Ruth</given-names></name><name><surname>ALMEIDA</surname><given-names>Maria F. B.</given-names></name><name><surname>GUINSBURG</surname><given-names>Ruth</given-names></name></person-group><ext-link>www.sbp.com.br/pdfs/PRN-SBP-ReanimaçãoNeonatalFinal2011-25mar11.pdf</ext-link></element-citation></ref><ref id="B3"><element-citation publication-type="book"><source>Censo AMIB, 2008</source><ext-link>www.amib.org.br</ext-link></element-citation></ref><ref id="B4"><element-citation publication-type="article"><article-title>Terapia intensiva neonatal e pediátrica no Brasil: o ideal, o real e o possível</article-title><source>Jornal de Pediatria</source><date><year>2004</year></date><fpage>437</fpage><lpage>438</lpage><issue>6</issue><volume>80</volume><person-group><name><surname>BARBOSA</surname><given-names>Arnaldo P.</given-names></name></person-group></element-citation></ref><ref id="B5"><element-citation publication-type="book"><source>Programas de residência médica beneficiarão regiões carentes</source><date><day>02</day><month>12</month><year>2010</year></date><ext-link>http://portaLmec.gov.br</ext-link></element-citation></ref><ref id="B6"><element-citation publication-type="book"><source>RDC n. 50, de 21 de fevereiro de 2002: Dispõe sobre o Regulamento Técnico para planejamento, programação, elaboração e avaliação de projetos físicos de estabelecimentos assistenciais de saúde</source><ext-link>www.anvisa.gov.br/legis/resol/2002/50_02rdc.pdf</ext-link></element-citation></ref><ref id="B7"><element-citation publication-type="article"><article-title>Portaria n. 3.432, de 12 de agosto de 1998: Estabelece Critérios de Classificação de Unidade de Terapia Intensiva (UTI)</article-title><source>Diário Oficial da União</source><date><day>13</day><month>08</month><year>1998</year></date><issue>154</issue><ext-link>www.medicinaintensiva.com.br/portaria-3432.htm</ext-link></element-citation></ref><ref id="B8"><element-citation publication-type="book"><source>Portaria n. 1.996, de 20 de agosto de 2007: Dispõe sobre as diretrizes para a implementação da Política Nacional de Educação Permanente em Saúde e dá outras providências</source><date><year>2007</year></date><ext-link>http://bvsms.saude.gov.br/bvs/publicacoes/politica_nacional_educacao_permanente_saude.pdf</ext-link></element-citation></ref><ref id="B9"><element-citation publication-type="book"><source>Sistema de Informação sobre Mortalidade (SIM): painel de monitoramento da mortalidade infantil e neonatal</source><ext-link>http://svs.aids.gov.br/dashboard/mortalidade/infantil.show.mtw</ext-link></element-citation></ref><ref id="B10"><element-citation publication-type="article"><article-title>Lei n. 12.101, de 27 de novembro de 2009: Dispõe sobre a certificação das entidades beneficentes de assistência social; regula os procedimentos de isenção de contribuições para a seguridade social; altera a Lei n. 8.742, de 7 de dezembro de 1993; revoga dispositivos das Leis nos 8.212, de 24 de julho de 1991, 9.429, de 26 de dezembro de 1996, 9.732, de 11 de dezembro de 1998, 10.684, de 30 de maio de 2003, e da Medida Provisória n. 2.187-13, de 24 de agosto de 2001; e dá outras providências</article-title><source>Diário Oficial da União</source><date><day>30</day><month>11</month><year>2009</year></date><ext-link>http://legislacao.planalto.gov.br/legisla/legislacao.nsf/Viw_Identificacao/lei%2012.101-2009?OpenDocument</ext-link></element-citation></ref><ref id="B11"><element-citation publication-type="article"><article-title>Decreto n. 7.237, de 20 de julho, de 2010: Regulamenta a lei n. 12.101, de 27 de Novembro de 2009, para dispor sobre o processo de certificação das entidades beneficentes de assistência social para obtenção da isenção das contribuições para a seguridade social, e dá outras providencias</article-title><source>Diário Oficial da União</source><date><day>21</day><month>07</month><year>2010</year></date><ext-link>http://legislacao.planalto.gov.br/legisla/legslacao.nsf/Viw_Identificacao/DEC%207.237-2010?OpenDocument</ext-link></element-citation></ref><ref id="B12"><element-citation publication-type="book"><source>Lei n. 936, de 27 de abril de 2011: Dispõe sobre as regras e critérios para apresentação, monitoramento, acompanhamento e avaliação de projetos do programa de apoio ao desenvolvimento do Sistema Único de Saúde (PROADI/SUS)</source><date><day>28</day><month>04</month><year>2011</year></date><ext-link>http://portal.saude.gov.br/portal/arquivos/pdf/nota_hosp_excelencia.pdf</ext-link></element-citation></ref><ref id="B13"><element-citation publication-type="book"><source>Lei n. 8.069, de 13 de julho de 1990: Estatuto da criança e do adolescente</source><date><year>2008</year></date></element-citation></ref><ref id="B14"><element-citation publication-type="article"><article-title>O quadrilátero da formação para a área da saúde: ensino, gestão, atenção e controle social</article-title><source>Physis: Revista de Saúde Coletiva</source><date><year>2004</year></date><fpage>41</fpage><lpage>65</lpage><issue>1</issue><volume>14</volume><person-group><name><surname>CECCIM</surname><given-names>Ricardo B.</given-names></name><name><surname>FEUERWERKER</surname><given-names>Laura C. M.</given-names></name></person-group></element-citation></ref><ref id="B15"><element-citation publication-type="article"><article-title>Treinamento admissional</article-title><source>Einstein: educação continuada em saúde</source><date><year>2009</year></date><fpage>49</fpage><lpage>51</lpage><issue>1</issue><volume>7</volume><person-group><name><surname>CUNHA</surname><given-names>Lissandra B.</given-names></name><name><surname>VALÉRIO</surname><given-names>Selma T.</given-names></name></person-group></element-citation></ref><ref id="B16"><element-citation publication-type="book"><source>Educação: um tesouro a descobrir</source><date><year>1998</year></date><person-group><name><surname>DELORS</surname><given-names>Jacques</given-names></name><name><surname>DELORS</surname><given-names>Jacques</given-names></name></person-group></element-citation></ref><ref id="B17"><element-citation publication-type="article"><article-title>The Quality of Care: Who Can it Be Assessed?</article-title><source>JAMA</source><date><year>1988</year></date><fpage>1743</fpage><lpage>1748</lpage><issue>12</issue><volume>260</volume><person-group><name><surname>DONABEDIAN</surname><given-names>Avedis</given-names></name></person-group></element-citation></ref><ref id="B18"><element-citation publication-type="article"><article-title>Experiência de grupo de pais em uma unidade de terapia intensiva neonatal</article-title><source>Pediatria (São Paulo)</source><date><year>2009</year></date><fpage>20</fpage><lpage>25</lpage><issue>1</issue><volume>31</volume><person-group><name><surname>FERREIRA</surname><given-names>Juliana C. O. A.</given-names></name><name><surname>SAKITA</surname><given-names>Neusa K.</given-names></name><name><surname>CECCON</surname><given-names>Maria E. J. R.</given-names></name></person-group></element-citation></ref><ref id="B19"><element-citation publication-type="book"><source>Mortalidade infantil neonatal no Brasil: situação, tendências e perspectivas. Rede Interagencial de Informação para a Saúde Demografia e saúde: contribuição para análise de situação e tendências</source><date><year>2009</year></date><fpage>83</fpage><lpage>112</lpage><person-group><name><surname>FRANÇA</surname><given-names>Elisabeth</given-names></name><name><surname>LANSKY</surname><given-names>Sônia</given-names></name><name><surname>FRANÇA</surname><given-names>Elisabeth</given-names></name><name><surname>LANSKY</surname><given-names>Sônia</given-names></name></person-group></element-citation></ref><ref id="B20"><element-citation publication-type="book"><source>Treinamento do recém-admitido: Entrevista ao Portal da Enfermagem</source><date><day>06</day><month>01</month><year>2011</year></date><person-group><name><surname>GARCIA</surname><given-names>Simone C</given-names></name><name><surname>GARCIA</surname><given-names>Simone C</given-names></name></person-group><ext-link>www.portaldaenfermagem.com.br/entrevistas_read.asp?id=62</ext-link></element-citation></ref><ref id="B21"><element-citation publication-type="book"><source>Qualidade em saúde e indicadores como ferramenta de gestão</source><date><year>2008</year></date><fpage>75</fpage><lpage>86</lpage><person-group><name><surname>GARCIA</surname><given-names>Simone C.</given-names></name><name><surname>LAURINO</surname><given-names>Patrícia S.</given-names></name><name><surname>BITTENCOURT</surname><given-names>Claudia M.</given-names></name><name><surname>LEÃO</surname><given-names>Eliseth R.</given-names></name><name><surname>LEÃO</surname><given-names>Eliseth R.</given-names></name></person-group></element-citation></ref><ref id="B22"><element-citation publication-type="article"><article-title>Lista de causas de mortes evitáveis por intervenções do Sistema Único de Saúde do Brasil</article-title><source>Epidemiologia em Serviços de Saúde</source><date><month>12</month><year>2007</year></date><fpage>233</fpage><lpage>244</lpage><issue>4</issue><volume>16</volume><person-group><name><surname>MALTA</surname><given-names>Deborah C.</given-names></name></person-group></element-citation></ref><ref id="B23"><element-citation publication-type="article"><article-title>Presença da família nas unidades de terapia intensiva pediátrica e neonatal: visão da equipe multidisciplinar</article-title><source>Revista de Enfermagem da Escola Anna Nery</source><date><month>09</month><year>2007</year></date><fpage>437</fpage><lpage>442</lpage><issue>3</issue><volume>11</volume><person-group><name><surname>MOLINA</surname><given-names>Rosemeire C. M.</given-names></name></person-group></element-citation></ref><ref id="B24"><element-citation publication-type="article"><article-title>Educação permanente em enfermagem: levantamento de necessidades e resultados esperados segundo a concepção dos trabalhadores</article-title><source>Revista da Escola de Enfermagem da Universidade de São Paulo</source><date><year>2010</year></date><fpage>597</fpage><lpage>604</lpage><issue>3</issue><volume>44</volume><person-group><name><surname>MONTANHA</surname><given-names>Dionize</given-names></name><name><surname>PEDUZZI</surname><given-names>Marina</given-names></name></person-group></element-citation></ref><ref id="B25"><element-citation publication-type="article"><article-title>Uso de indicador de qualidade para fundamentar programa de capacitação de profissionais de enfermagem</article-title><source>Revista da Escola de Enfermagem da Universidade de São Paulo</source><date><year>2008</year></date><fpage>665</fpage><lpage>672</lpage><issue>4</issue><volume>42</volume><person-group><name><surname>NEPOMUCENO</surname><given-names>Lilian M. R.</given-names></name><name><surname>KURCGANT</surname><given-names>Paulina</given-names></name></person-group></element-citation></ref><ref id="B26"><element-citation publication-type="article"><article-title>A responsabilidade corporativa dos gestores de organizações de saúde e a segurança do paciente</article-title><source>Revista de Administração em Saúde</source><date><year>2008</year></date><fpage>140</fpage><lpage>6</lpage><issue>41</issue><volume>10</volume><person-group><name><surname>QUINTO</surname><given-names>Antônio N.</given-names></name></person-group></element-citation></ref><ref id="B27"><element-citation publication-type="book"><source>Terceiro Setor e parcerias na área de saúde</source><date><year>2011</year></date><fpage>207</fpage><lpage>208</lpage><person-group><name><surname>RAMOS FILHO</surname><given-names>Luiz M.</given-names></name><name><surname>MODESTO</surname><given-names>Paulo</given-names></name><name><surname>CUNHA JUNIOR</surname><given-names>Luiz Arnaldo</given-names></name><name><surname>MODESTO</surname><given-names>Paulo</given-names></name><name><surname>CUNHA JUNIOR</surname><given-names>Luiz Arnaldo</given-names></name></person-group></element-citation></ref><ref id="B28"><element-citation publication-type="article"><article-title>A proposta da educação permanente em saúde na atualização da equipe de saúde em diabetes mellitus</article-title><source>Revista da Escola de Enfermagem da Universidade de São Paulo</source><date><year>2010</year></date><fpage>531</fpage><lpage>537</lpage><issue>2</issue><volume>44</volume><person-group><name><surname>RODRIGUES</surname><given-names>Andreia C. S.</given-names></name><name><surname>VIEIRA</surname><given-names>Gisele L. C.</given-names></name><name><surname>TORRES</surname><given-names>Heloisa C.</given-names></name></person-group></element-citation></ref><ref id="B29"><element-citation publication-type="article"><article-title>Mortalidade infantil no Brasil: uma revisão de literatura antes e após a implantação do Sistema Único de Saúde</article-title><source>Pediatria</source><date><year>2010</year></date><fpage>131</fpage><lpage>143</lpage><issue>2</issue><volume>32</volume><person-group><name><surname>SANTOS</surname><given-names>Hellen G.</given-names></name></person-group></element-citation></ref><ref id="B30"><element-citation publication-type="article"><article-title>Disponibilidade de unidades de terapia intensiva pediátrica e neonatal no município de São Paulo</article-title><source>Jornal de Pediatria</source><date><year>2004</year></date><fpage>453</fpage><lpage>460</lpage><issue>6</issue><volume>80</volume><person-group><name><surname>SOUZA</surname><given-names>Daniela C.</given-names></name></person-group></element-citation></ref><ref id="B31"><element-citation publication-type="article"><article-title>Patient Safety: More than Words: Conceptual Framework for the International Classification for Patient Safety: version 1.1</article-title><source>Final Technical Report</source><date><month>01</month><year>2009</year></date></element-citation></ref></ref-list></back></article></articles>