<articles xmlns:xsi="http://www.w3.org/2001/XMLSchema-instance" xsi:schemaLocation="https://raw.githubusercontent.com/scieloorg/articles_meta/master/tests/xsd/scielo_sci/ThomsonReuters_publishing.xsd" dtd-version="1.10"><article lang_id="pt" article-type="research-article"><front><journal-meta><journal-id journal-id-type="publisher">tes</journal-id><journal-title-group><journal-title>Trabalho, Educação e Saúde</journal-title><abbrev-journal-title>Trab. educ. saúde</abbrev-journal-title></journal-title-group><issn>1981-7746</issn><collection>SciELO Brazil</collection><publisher><publisher-name>Fundação Oswaldo Cruz, Escola Politécnica de Saúde Joaquim Venâncio</publisher-name></publisher></journal-meta><article-meta><unique-article-id pub-id-type="publisher-id">S1981-77462011000400010</unique-article-id><article-id pub-id-type="publisher-id">S1981-77462011000400010</article-id><article-id pub-id-type="doi">10.1590/S1981-77462011000400010</article-id><article-categories><subj-group><subject>EDUCATION &amp; EDUCATIONAL RESEARCH</subject><subject>PUBLIC, ENVIRONMENTAL &amp; OCCUPATIONAL HEALTH</subject></subj-group></article-categories><title-group><article-title lang_id="pt">A gestão coletiva dos serviços de saúde pública: uma perspectiva ergológica</article-title><trans-title-group lang_id="en"><trans-title>The colective management of public health services: an ergological perspective</trans-title></trans-title-group></title-group><contrib-group><contrib contrib-type="author"><name><surname>França</surname><given-names>Maristela Botelho</given-names></name><role>ND</role></contrib><contrib contrib-type="author"><name><surname>Muniz</surname><given-names>Hélder Pordeus</given-names></name><role>ND</role></contrib></contrib-group><pub-date><year>2011</year></pub-date><volume>9</volume><issue>suppl 1</issue><fpage>201</fpage><lpage>221</lpage><permissions><license license-type="open-access" href="http://creativecommons.org/licenses/by-nc/4.0/"><license-p>This work is licensed under a Creative Commons Attribution-NonCommercial 4.0 International License.</license-p></license></permissions><self-uri href="http://www.scielo.br/scielo.php?script=sci_arttext&amp;pid=S1981-77462011000400010&amp;lng=en&amp;tlng=en" content-type="full_text_page"/><self-uri href="http://www.scielo.br/scielo.php?script=sci_issuetoc&amp;pid=1981-774620110004&amp;lng=en" content-type="issue_page"/><self-uri href="http://www.scielo.br/scielo.php?script=sci_serial&amp;pid=1981-7746&amp;lng=en" content-type="journal_page"/><abstract lang_id="pt"><p>A partir da análise de situações de trabalho, observa-se que a gestão do trabalho não é responsabilidade do indivíduo, mas das entidades coletivas relativamente pertinentes. São elas que possibilitam as renormatizações, construindo negociações de modo que as renormatizações não ocorram em um movimento individualista, mas na sinergia da construção de um patrimônio histórico. São retomadas reflexões realizadas em dois serviços de um hospital público no Brasil e, com uma perspectiva ergológica, discute-se que essas entidades coletivas não são previamente estabelecidas, pois emergem do debate de normas e de valores que acontecem no desenvolver das atividades. No serviço de marcação de exames e no serviço de enfermaria, as normas correspondem simultaneamente a normas relativas aos procedimentos e à organização do trabalho, mas também dizem respeito ao tratamento singular de situações específicas dos pacientes que colocam em debate valores sem escala de medida (do bem comum) e valores mensuráveis (mercantis). O processo que se dá tem consequência tanto para o trabalho de gerentes e trabalhadores dos serviços quanto para o do interventor-ergologista, para os quais compreender melhor em conjunto a interrelação entre esses valores e como melhor trabalhar com eles no processo de gestão torna-se uma tarefa primordial.</p></abstract><trans-abstract lang_id="en"><p>From the analysis of work situations, it is observed that the management of work is not the responsibility of the individual but of relatively pertinent collective entities. They are what enable the renormalizations, building talks so that the renormalizations do not occur in an individualistic movement, but in the synergy of the construction of a historical heritage. Reflexions concerning two services of a public hospital in Brazil are retaken and, with an ergological perspective, it is discussed that these collective entities are not predetermined, as they emerge from the debates of norms and values that occur in developing activities. In the service of marking of exams and the ward service, the norms correspond simultaneously to norms related to procedures and organization of work, but they also correspond to the singular treatment of specific situations of the patients who pose a debate without measurement scale (the common good) and measurable values (market). The process that happens has consequences in the work of managers and workers of the services, and also the work of the intervener-ergologist, for whom it's a primary task to better understand collectively the interrelationship of these values and how to better work with them in the management process.</p></trans-abstract><kwd-group lang_id="pt" kwd-group-type="author-generated"><kwd>trabalho em saúde</kwd><kwd>gestão</kwd><kwd>entidades coletivas relativamente pertinentes</kwd><kwd>debate de valores</kwd><kwd>perspectiva ergológica</kwd></kwd-group><kwd-group lang_id="en" kwd-group-type="author-generated"><kwd>health work</kwd><kwd>management</kwd><kwd>relatively pertinent collective entity</kwd><kwd>values debate</kwd><kwd>ergological perspective</kwd></kwd-group></article-meta></front><back><ref-list><ref id="B1"><element-citation publication-type="book"><source>A perda da razão social do trabalho: terceirização e precarização</source><date><year>2007</year></date><fpage>13</fpage><lpage>22</lpage><person-group><name><surname>ANTUNES</surname><given-names>Ricardo</given-names></name><name><surname>DRUCK</surname><given-names>Graça</given-names></name><name><surname>FRANCO</surname><given-names>Tânia</given-names></name><name><surname>DRUCK</surname><given-names>Graça</given-names></name><name><surname>FRANCO</surname><given-names>Tânia</given-names></name></person-group></element-citation></ref><ref id="B2"><element-citation publication-type="thesis"><source>Processo produtivo, espaço educativo: um campo de lutas</source><date><year>1988</year></date><person-group><name><surname>ATHAYDE</surname><given-names>Milton</given-names></name><name><surname>ATHAYDE</surname><given-names>Milton</given-names></name></person-group></element-citation></ref><ref id="B3"><element-citation publication-type="thesis"><source>Gestão de coletivos de trabalho e modernidade</source><date><year>1996</year></date><person-group><name><surname>ATHAYDE</surname><given-names>Milton</given-names></name></person-group></element-citation></ref><ref id="B4"><element-citation publication-type="book"><source>Trabalho e poder de agir</source><date><year>2010</year></date><person-group><name><surname>CLOT</surname><given-names>Yves</given-names></name><name><surname>CLOT</surname><given-names>Yves</given-names></name></person-group></element-citation></ref><ref id="B5"><element-citation publication-type="article"><article-title>Genres et styles en analyse du travail: Concepts et méthodes</article-title><source>Travailler, Revue Internationale de Psychopathologie et de Psychodynamique du Travail</source><date><year>2000</year></date><fpage>7</fpage><lpage>42</lpage><issue>4</issue><person-group><name><surname>CLOT</surname><given-names>Yves</given-names></name><name><surname>FAÏTA</surname><given-names>Daniel</given-names></name></person-group></element-citation></ref><ref id="B6"><element-citation publication-type="book"><source>Règles de Métier, Langue de Métier: dimension symbolique au travail et démarche participative de prévention</source><date><year>1995</year></date><person-group><name><surname>CRU</surname><given-names>Damien</given-names></name><name><surname>CRU</surname><given-names>Damien</given-names></name></person-group></element-citation></ref><ref id="B7"><element-citation publication-type="book"><source>L'Ergonomie en Quête de ses Principes</source><date><year>1996</year></date><fpage>1</fpage><lpage>18</lpage><person-group><name><surname>CRU</surname><given-names>Damien</given-names></name></person-group></element-citation></ref><ref id="B8"><element-citation publication-type="book"><source>Plaisir et Souffrance dans le Travail</source><date><year>1987</year></date><person-group><name><surname>CRU</surname><given-names>Damien</given-names></name></person-group></element-citation></ref><ref id="B9"><element-citation publication-type="book"><source>Sobre o modelo japonês: automatização, novas formas de organização e de relações de trabalho</source><date><year>1993</year></date><fpage>280</fpage><lpage>309</lpage><person-group><name><surname>CRU</surname><given-names>Damien</given-names></name><name><surname>HIRATA</surname><given-names>Helena</given-names></name><name><surname>HIRATA</surname><given-names>Helena</given-names></name></person-group></element-citation></ref><ref id="B10"><element-citation publication-type="book"><source>Paroles au Travail</source><date><year>1995</year></date><fpage>181</fpage><lpage>224</lpage><person-group><name><surname>CRU</surname><given-names>Damien</given-names></name><name><surname>BOUTET</surname><given-names>Josiane</given-names></name><name><surname>BOUTET</surname><given-names>Josiane</given-names></name></person-group></element-citation></ref><ref id="B11"><element-citation publication-type="book"><source>Análise dialógica da atividade profissional</source><date><year>2003</year></date><person-group><name><surname>FAÏTA</surname><given-names>Daniel</given-names></name><name><surname>FAÏTA</surname><given-names>Daniel</given-names></name></person-group></element-citation></ref><ref id="B12"><element-citation publication-type="thesis"><source>Uma comunidade dialógica de pesquisa: atividade e discurso em guichê de atendimento hospitalar</source><date><year>2002</year></date><person-group><name><surname>FRANÇA</surname><given-names>Maristela B.</given-names></name><name><surname>FRANÇA</surname><given-names>Maristela B.</given-names></name></person-group></element-citation></ref><ref id="B13"><element-citation publication-type="thesis"><source>O trabalho no Programa Saúde da Família do ponto de vista da atividade: a potência, os dilemas e os riscos de ser responsável pela transformação do modelo assistencial</source><date><year>2009</year></date><person-group><name><surname>GOMES</surname><given-names>Rafael da S.</given-names></name><name><surname>GOMES</surname><given-names>Rafael da S.</given-names></name></person-group></element-citation></ref><ref id="B14"><element-citation publication-type="article"><article-title>L'ilusion de la faculté technique</article-title><source>L'Ecologiste</source><date><year>2001</year></date><fpage>26</fpage><lpage>33</lpage><issue>5</issue><volume>2</volume><person-group><name><surname>GRAS</surname><given-names>Alain</given-names></name></person-group></element-citation></ref><ref id="B15"><element-citation publication-type="book"><source>Compreender o trabalho para transformá-lo: a prática da ergonomia</source><date><year>2001</year></date><person-group><name><surname>GUÉRIN</surname><given-names>François</given-names></name><name><surname>GUÉRIN</surname><given-names>François</given-names></name></person-group></element-citation></ref><ref id="B16"><element-citation publication-type="article"><article-title>Gestão dos processos de trabalho e humanização em saúde: reflexões a partir da ergologia</article-title><source>Revista de Saúde Pública</source><date><month>06</month><year>2008</year></date><fpage>555</fpage><lpage>561</lpage><issue>3</issue><volume>42</volume><person-group><name><surname>HENNINGTON</surname><given-names>Élida A.</given-names></name></person-group></element-citation></ref><ref id="B17"><element-citation publication-type="thesis"><source>Formação no trabalho do estágio supervisionado em Serviço Social na saúde pública: desafios</source><date><year>2002</year></date><person-group><name><surname>JOAZEIRO</surname><given-names>Edna M. G.</given-names></name><name><surname>JOAZEIRO</surname><given-names>Edna M. G.</given-names></name></person-group></element-citation></ref><ref id="B18"><element-citation publication-type="thesis"><source>Serviço social e supervisão de estágio: saberes, formação e temporalidades</source><date><year>2008</year></date><person-group><name><surname>JOAZEIRO</surname><given-names>Edna M. G.</given-names></name></person-group></element-citation></ref><ref id="B19"><element-citation publication-type="book"><source>O capital</source><date><year>1985</year></date><volume>I</volume><person-group><name><surname>MARX</surname><given-names>Karl</given-names></name><name><surname>MARX</surname><given-names>Karl</given-names></name></person-group></element-citation></ref><ref id="B20"><element-citation publication-type="thesis"><source>A dimensão relacional do trabalho de auxiliares de enfermagem de unidade neonatal: uma análise do ponto de vista da atividade</source><date><year>2007</year></date><person-group><name><surname>MASSON</surname><given-names>Letícia P.</given-names></name><name><surname>MASSON</surname><given-names>Letícia P.</given-names></name></person-group></element-citation></ref><ref id="B21"><element-citation publication-type="thesis"><source>Setor de emergência: modos de trabalhar nas interfaces de um cotidiano hospitalar</source><date><year>2008</year></date><person-group><name><surname>MONTEIRO DA SILVA</surname><given-names>Nair</given-names></name><name><surname>MONTEIRO DA SILVA</surname><given-names>Nair</given-names></name></person-group></element-citation></ref><ref id="B22"><element-citation publication-type="thesis"><source>A gestão do tempo de permanência do paciente de neurocirurgia no Hospital Universitário Clementino Fraga Filho</source><date><year>2000</year></date><person-group><name><surname>MUNIZ</surname><given-names>Hélder. P.</given-names></name><name><surname>MUNIZ</surname><given-names>Hélder. P.</given-names></name></person-group></element-citation></ref><ref id="B23"><element-citation publication-type="book"><source>Redécouvrir l'Experience Ouvrière: Vers une autre psychologie du travail?</source><date><year>1981</year></date><person-group><name><surname>ODDONE</surname><given-names>Ivar</given-names></name><name><surname>RE</surname><given-names>Alessandra</given-names></name><name><surname>BRIANTE</surname><given-names>Gianni</given-names></name><name><surname>ODDONE</surname><given-names>Ivar</given-names></name><name><surname>RE</surname><given-names>Alessandra</given-names></name><name><surname>BRIANTE</surname><given-names>Gianni</given-names></name></person-group></element-citation></ref><ref id="B24"><element-citation publication-type="thesis"><source>'Cada Caps é um Caps': a importância dos saberes investidos na atividade para o desenvolvimento do trabalho em saúde mental</source><date><year>2009</year></date><person-group><name><surname>RAMMINGER</surname><given-names>Tatiana</given-names></name><name><surname>RAMMINGER</surname><given-names>Tatiana</given-names></name></person-group></element-citation></ref><ref id="B25"><element-citation publication-type="thesis"><source>Pelas fendas do trabalho vivo: textos, contextos e atos na atividade de vigilância em saúde do trabalhador</source><date><year>2006</year></date><person-group><name><surname>SANTORUM</surname><given-names>Kátia</given-names></name><name><surname>SANTORUM</surname><given-names>Kátia</given-names></name></person-group></element-citation></ref><ref id="B26"><element-citation publication-type="thesis"><source>O trabalho da equipe de saúde da família: possibilidades de construção da interdisciplinaridade</source><date><year>2006</year></date><person-group><name><surname>SCHERER</surname><given-names>Magda D. A.</given-names></name><name><surname>SCHERER</surname><given-names>Magda D. A.</given-names></name></person-group></element-citation></ref><ref id="B27"><element-citation publication-type="article"><article-title>Trabalho coletivo: um desafio para a gestão em saúde</article-title><source>Revista de Saúde Pública</source><date><year>2009</year></date><fpage>721</fpage><lpage>725</lpage><issue>4</issue><volume>43</volume><person-group><name><surname>SCHERER</surname><given-names>Magda D. A</given-names></name><name><surname>PIRES</surname><given-names>Denise</given-names></name><name><surname>SCHWARTZ</surname><given-names>Yves</given-names></name></person-group></element-citation></ref><ref id="B28"><element-citation publication-type="book"><source>L'Évaluation Économique a l'Épreuve des Services: l'activité entre efficacité et efficience</source><date><year>1992</year></date><fpage>69</fpage><lpage>82</lpage><person-group><name><surname>SCHWARTZ</surname><given-names>Yves</given-names></name></person-group></element-citation></ref><ref id="B29"><element-citation publication-type="book"><source>L'Ergonomie en Quête de ses Principes</source><date><year>1996</year></date><fpage>141</fpage><lpage>182</lpage><person-group><name><surname>SCHWARTZ</surname><given-names>Yves</given-names></name><name><surname>DANIELLOU</surname><given-names>François</given-names></name><name><surname>DANIELLOU</surname><given-names>François</given-names></name></person-group></element-citation></ref><ref id="B30"><element-citation publication-type="book"><source>Le Paradigme Ergologique ou un Métier de Philosophe</source><date><year>2000</year></date><person-group><name><surname>SCHWARTZ</surname><given-names>Yves</given-names></name></person-group></element-citation></ref><ref id="B31"><element-citation publication-type="book"><source>Reconnaissances du Travail: pour une approche ergologique</source><date><year>1997</year></date><fpage>1</fpage><lpage>37</lpage><person-group><name><surname>SCHWARTZ</surname><given-names>Yves</given-names></name></person-group></element-citation></ref><ref id="B32"><element-citation publication-type="book"><source>Labirintos do trabalho: interrogações e olhares sobre o trabalho vivo</source><date><year>2004</year></date><fpage>23</fpage><lpage>33</lpage><person-group><name><surname>SCHWARTZ</surname><given-names>Yves</given-names></name><name><surname>FIGUEIREDO</surname><given-names>M.</given-names></name><name><surname>FIGUEIREDO</surname><given-names>M.</given-names></name></person-group></element-citation></ref><ref id="B33"><element-citation publication-type="book"><source>L'Activité en Dialogues: entretiens sur l'activité humaine (II)</source><date><year>2009</year></date><fpage>9</fpage><lpage>33</lpage><person-group><name><surname>SCHWARTZ</surname><given-names>Yves</given-names></name><name><surname>DURRIVE</surname><given-names>Louis</given-names></name><name><surname>DURRIVE</surname><given-names>Louis</given-names></name></person-group></element-citation></ref><ref id="B34"><element-citation publication-type="book"><source>L'Activité en Dialogues: entretiens sur l'activité humaine (II)</source><date><year>2009</year></date><fpage>35</fpage><lpage>99</lpage><person-group><name><surname>SCHWARTZ</surname><given-names>Yves</given-names></name><name><surname>DURRIVE</surname><given-names>Louis</given-names></name><name><surname>DURRIVE</surname><given-names>Louis</given-names></name></person-group></element-citation></ref><ref id="B35"><element-citation publication-type="book"><source>Trabalho e ergologia: conversas sobre atividade humana</source><date><year>2010</year></date><fpage>149</fpage><lpage>164</lpage><person-group><name><surname>SCHWARTZ</surname><given-names>Yves</given-names></name><name><surname>DURRIVE</surname><given-names>Louis</given-names></name><name><surname>DURRIVE</surname><given-names>Louis</given-names></name></person-group></element-citation></ref><ref id="B36"><element-citation publication-type="book"><source>Trabalho e ergologia: conversas sobre atividade humana</source><date><year>2010</year></date><fpage>247</fpage><lpage>273</lpage><person-group><name><surname>SCHWARTZ</surname><given-names>Yves</given-names></name><name><surname>DURRIVE</surname><given-names>Louis</given-names></name><name><surname>DURRIVE</surname><given-names>Louis</given-names></name></person-group></element-citation></ref><ref id="B37"><element-citation publication-type="thesis"><source>A gestão de unidades básicas de saúde frente ao desafio da estratégia de saúde da família</source><date><year>2006</year></date><person-group><name><surname>SILVA</surname><given-names>Ana Cláudia B.</given-names></name><name><surname>SILVA</surname><given-names>Ana Cláudia B.</given-names></name></person-group></element-citation></ref><ref id="B38"><element-citation publication-type="thesis"><source>Gestão em saúde, uma perspectiva ergológica: com quantos gestos se faz uma gestão</source><date><year>2009</year></date><person-group><name><surname>SOUZA</surname><given-names>Wladimir. F.</given-names></name><name><surname>SOUZA</surname><given-names>Wladimir. F.</given-names></name></person-group></element-citation></ref><ref id="B39"><element-citation publication-type="book"><source>Ergonomia e novas tecnologias: implantação e consolidação do Gente/Coppe</source><date><year>1997</year></date><person-group><name><surname>VIDAL</surname><given-names>Mario C.</given-names></name><name><surname>VIDAL</surname><given-names>Mario C.</given-names></name></person-group></element-citation></ref><ref id="B40"><element-citation publication-type="book"><source>Ação ergonômica com vistas à informatização do fluxo de exames complementares de diagnóstico e tratamento: Programa de Capacitação em Ergonomia Hospitalar: Projeto 1</source><date><year>1997</year></date><person-group><name><surname>VIDAL</surname><given-names>Mario C.</given-names></name><name><surname>VIDAL</surname><given-names>Mario C.</given-names></name></person-group></element-citation></ref><ref id="B41"><element-citation publication-type="thesis"><source>Pedagogia do cuidado: a relação de saberes e valores no trabalho do Programa Saúde da Família</source><date><year>2008</year></date><person-group><name><surname>VILLA</surname><given-names>Eliana A.</given-names></name><name><surname>VILLA</surname><given-names>Eliana A.</given-names></name></person-group></element-citation></ref></ref-list></back></article></articles>