<articles xmlns:xsi="http://www.w3.org/2001/XMLSchema-instance" xsi:schemaLocation="https://raw.githubusercontent.com/scieloorg/articles_meta/master/tests/xsd/scielo_sci/ThomsonReuters_publishing.xsd" dtd-version="1.10"><article lang_id="pt" article-type="research-article"><front><journal-meta><journal-id journal-id-type="publisher">tes</journal-id><journal-title-group><journal-title>Trabalho, Educação e Saúde</journal-title><abbrev-journal-title>Trab. educ. saúde</abbrev-journal-title></journal-title-group><issn>1981-7746</issn><collection>SciELO Brazil</collection><publisher><publisher-name>Fundação Oswaldo Cruz, Escola Politécnica de Saúde Joaquim Venâncio</publisher-name></publisher></journal-meta><article-meta><unique-article-id pub-id-type="publisher-id">S1981-77462013000100011</unique-article-id><article-id pub-id-type="publisher-id">S1981-77462013000100011</article-id><article-id pub-id-type="doi">10.1590/S1981-77462013000100011</article-id><article-categories><subj-group><subject>EDUCATION &amp; EDUCATIONAL RESEARCH</subject><subject>PUBLIC, ENVIRONMENTAL &amp; OCCUPATIONAL HEALTH</subject></subj-group></article-categories><title-group><article-title lang_id="pt">O atual resgate crítico da teoria marxista da dependência</article-title><trans-title-group lang_id="en"><trans-title>The current critical retrieval of the marxist theory of dependence</trans-title></trans-title-group></title-group><contrib-group><contrib contrib-type="author"><name><surname>Carcanholo</surname><given-names>Marcelo Dias</given-names></name><role>ND</role></contrib></contrib-group><pub-date><month>04</month><year>2013</year></pub-date><volume>11</volume><issue>1</issue><fpage>191</fpage><lpage>205</lpage><permissions><license license-type="open-access" href="http://creativecommons.org/licenses/by-nc/4.0/"><license-p>This work is licensed under a Creative Commons Attribution-NonCommercial 4.0 International License.</license-p></license></permissions><self-uri href="http://www.scielo.br/scielo.php?script=sci_arttext&amp;pid=S1981-77462013000100011&amp;lng=en&amp;tlng=en" content-type="full_text_page"/><self-uri href="http://www.scielo.br/scielo.php?script=sci_issuetoc&amp;pid=1981-774620130001&amp;lng=en" content-type="issue_page"/><self-uri href="http://www.scielo.br/scielo.php?script=sci_serial&amp;pid=1981-7746&amp;lng=en" content-type="journal_page"/><abstract lang_id="pt"><p>O objetivo central deste artigo é discutir as principais categorias da teoria marxista da dependência. Tal esforço se justifica por causa do resgate que essa perspectiva teórica vem recebendo nos últimos anos. Em primeiro lugar, discute-se o significado original do que a teoria entende por dependência e, a partir disso, a natureza específica da inserção das economias dependentes no capitalismo mundial. Em seguida, além de se reafirmar o caráter central da superexploração da força de trabalho como característica específica dessas economias, argumenta-se que esse caráter só é inteligível quando entendido como a resposta do capitalismo dependente às diferentes formas de transferência de valor para as economias centrais. Em virtude do anterior, o trabalho conclui com apontamentos sobre as direções que podem ser seguidas por um resgate crítico da teoria marxista da dependência.</p></abstract><trans-abstract lang_id="en"><p>The central purpose of this article is to discuss the main categories of the Marxist Theory of Dependence. This effort is justified because this the-oretical perspective has been being retrieved in recent years. Firstly, there is a discussion on the original meaning of what the theory understands by dependence and, based on that, the specific nature of the integration of economies dependent on world capitalism. Then, in addition to reaffirming the central character of the overexploitation of labor as a specific feature of these economies, it is argued that this is only intelligible when understood as the response of dependent capitalism to different forms of transfer of value to the central economies. In view of the fore-going, the article concludes with notes on the directions that can be taken by a critical recovery of the Marxist theory of dependence.</p></trans-abstract><kwd-group lang_id="en" kwd-group-type="author-generated"><kwd>dependence</kwd><kwd>overexploitation</kwd><kwd>Marxism</kwd></kwd-group><kwd-group lang_id="pt" kwd-group-type="author-generated"><kwd>dependência</kwd><kwd>superexploração</kwd><kwd>marxismo</kwd></kwd-group></article-meta></front><back><ref-list><ref id="B1"><element-citation publication-type="thesis"><source>A investida neoliberal na América Latina e as novas determinações da dependência</source><date><year>2006</year></date><person-group><name><surname>AMARAL</surname><given-names>Marisa Silva</given-names></name><name><surname>AMARAL</surname><given-names>Marisa Silva</given-names></name></person-group></element-citation></ref><ref id="B2"><element-citation publication-type="thesis"><source>Teorias do imperialismoe da dependência: a atualização necessária ante a financeirização do capitalismo</source><date><year>2012</year></date><person-group><name><surname>AMARAL</surname><given-names>Marisa Silva</given-names></name></person-group></element-citation></ref><ref id="B3"><element-citation publication-type="article"><article-title>A superexploração do trabalho em economias periféricas dependentes</article-title><source>Katalysis</source><date><year>2009</year></date><fpage>216</fpage><lpage>225</lpage><issue>2</issue><volume>12</volume><person-group><name><surname>AMARAL</surname><given-names>Marisa Silva</given-names></name><name><surname>CARCANHOLO</surname><given-names>Marcelo Dias</given-names></name></person-group></element-citation></ref><ref id="B4"><element-citation publication-type="book"><source>Teoría de la dependencia: una anticrítica</source><date><year>1978</year></date><person-group><name><surname>BAMBIRRA</surname><given-names>Vânia</given-names></name><name><surname>BAMBIRRA</surname><given-names>Vânia</given-names></name></person-group></element-citation></ref><ref id="B5"><element-citation publication-type="thesis"><source>Desenvolvimento em Marx e na teoria econômica: por uma crítica negativa do desenvolvimento capitalista</source><date><year>2012</year></date><person-group><name><surname>BONENTE</surname><given-names>Bianca Imbiriba</given-names></name><name><surname>BONENTE</surname><given-names>Bianca Imbiriba</given-names></name></person-group></element-citation></ref><ref id="B6"><element-citation publication-type="book"><source>Imperialismo, dependencia y relaciones económicas internacionales</source><date><year>1970</year></date><person-group><name><surname>CAPUTO</surname><given-names>Orlando</given-names></name><name><surname>PIZARRO</surname><given-names>Roberto</given-names></name><name><surname>CAPUTO</surname><given-names>Orlando</given-names></name><name><surname>PIZARRO</surname><given-names>Roberto</given-names></name></person-group></element-citation></ref><ref id="B7"><element-citation publication-type="conference"><source>Anais...</source><date><year>2007</year></date><person-group><name><surname>DUARTE</surname><given-names>Pedro Henrique</given-names></name><name><surname>GRACIOLLI</surname><given-names>Edílson</given-names></name></person-group></element-citation></ref><ref id="B8"><element-citation publication-type="book"><source>Padrão de reprodução do capital: contribuições da teoria marxista da dependência</source><date><year>2012</year></date><person-group><name><surname>FERREIRA</surname><given-names>Carla</given-names></name><name><surname>OSORIO</surname><given-names>Jaime</given-names></name><name><surname>LUCE</surname><given-names>Mathias Seibel</given-names></name><name><surname>FERREIRA</surname><given-names>Carla</given-names></name><name><surname>OSORIO</surname><given-names>Jaime</given-names></name><name><surname>LUCE</surname><given-names>Mathias Seibel</given-names></name></person-group></element-citation></ref><ref id="B9"><element-citation publication-type="thesis"><source>A teoria do subimperialismo em Ruy Mauro Marini: contradições do capitalismo dependente e a questão do padrão de reprodução do capital</source><date><year>2011</year></date><person-group><name><surname>LUCE</surname><given-names>Mathias Seibel</given-names></name><name><surname>LUCE</surname><given-names>Mathias Seibel</given-names></name></person-group></element-citation></ref><ref id="B10"><element-citation publication-type="book"><source>América Latina: dependência e integração</source><date><year>1992</year></date><person-group><name><surname>MARINI</surname><given-names>Ruy Mauro</given-names></name><name><surname>MARINI</surname><given-names>Ruy Mauro</given-names></name></person-group></element-citation></ref><ref id="B11"><element-citation publication-type="book"><source>Ruy Mauro Marini: vida e obra</source><date><year>2005</year></date><fpage>137</fpage><lpage>180</lpage><person-group><name><surname>MARINI</surname><given-names>Ruy Mauro</given-names></name><name><surname>TRASPADINI</surname><given-names>Roberta</given-names></name><name><surname>STEDILE</surname><given-names>João Pedro</given-names></name><name><surname>TRASPADINI</surname><given-names>Roberta</given-names></name><name><surname>STEDILE</surname><given-names>João Pedro</given-names></name></person-group></element-citation></ref><ref id="B12"><element-citation publication-type="book"><source>Ruy Mauro Marini: vida e obra</source><date><year>2005</year></date><fpage>181</fpage><lpage>194</lpage><person-group><name><surname>MARINI</surname><given-names>Ruy Mauro</given-names></name><name><surname>TRASPADINI</surname><given-names>Roberta</given-names></name><name><surname>STEDILE</surname><given-names>João Pedro</given-names></name><name><surname>TRASPADINI</surname><given-names>Roberta</given-names></name><name><surname>STEDILE</surname><given-names>João Pedro</given-names></name></person-group></element-citation></ref><ref id="B13"><element-citation publication-type="book"><source>Subdesenvolvimento e revolução</source><date><year>2012</year></date><person-group><name><surname>MARINI</surname><given-names>Ruy Mauro</given-names></name></person-group></element-citation></ref><ref id="B14"><element-citation publication-type="book"><source>Globalização, dependência e neoliberalismo na América Latina</source><date><year>2011</year></date><person-group><name><surname>MARTINS</surname><given-names>Carlos Eduardo</given-names></name><name><surname>MARTINS</surname><given-names>Carlos Eduardo</given-names></name></person-group></element-citation></ref><ref id="B15"><element-citation publication-type="book"><source>Valencia, Adrián Sotelo. A América Latina e os desafios da globalização: ensaios dedicados a Ruy Mauro Marini</source><date><year>2009</year></date><person-group><name><surname>MARTINS</surname><given-names>Carlos Eduardo</given-names></name></person-group></element-citation></ref><ref id="B16"><element-citation publication-type="book"><source>O capital: crítica da economia política</source><date><year>1983</year></date><person-group><name><surname>MARX</surname><given-names>Karl</given-names></name><name><surname>MARX</surname><given-names>Karl</given-names></name></person-group></element-citation></ref><ref id="B17"><element-citation publication-type="book"><source>Crítica de la economía vulgar: reproducción del capital y dependencia</source><date><year>2004</year></date><person-group><name><surname>OSORIO</surname><given-names>Jaime</given-names></name><name><surname>OSORIO</surname><given-names>Jaime</given-names></name></person-group></element-citation></ref><ref id="B18"><element-citation publication-type="book"><source>Encruzilhadas da América Latina no século XXI</source><date><year>2010</year></date><fpage>169</fpage><lpage>190</lpage><person-group><name><surname>PRADO</surname><given-names>Fernando</given-names></name><name><surname>MEIRELES</surname><given-names>Monika</given-names></name><name><surname>CASTELO</surname><given-names>Rodrigo</given-names></name><name><surname>CASTELO</surname><given-names>Rodrigo</given-names></name></person-group></element-citation></ref><ref id="B19"><element-citation publication-type="book"><source>The Structure of Dependence</source><date><year>1970</year></date><person-group><name><surname>SANTOS</surname><given-names>Theotonio dos</given-names></name><name><surname>SANTOS</surname><given-names>Theotonio dos</given-names></name></person-group></element-citation></ref><ref id="B20"><element-citation publication-type="book"><source>América Latina: de crisis y paradigmas. La teoría de la dependencia en el siglo XXI</source><date><year>2005</year></date><person-group><name><surname>VALENCIA</surname><given-names>Adrián Sotelo</given-names></name><name><surname>VALENCIA</surname><given-names>Adrián Sotelo</given-names></name></person-group></element-citation></ref><ref id="B21"><element-citation publication-type="book"><source>El mundo del trabajo en tensión: flexibilidad laboral y fracturación social en la década de 2000</source><date><year>2007</year></date><person-group><name><surname>VALENCIA</surname><given-names>Adrián Sotelo</given-names></name></person-group></element-citation></ref><ref id="B22"><element-citation publication-type="book"><source>La reestructuración del mundo del trabajo: superexplotación y nuevos paradigmas de la organización del trabajo</source><date><year>2003</year></date><person-group><name><surname>VALENCIA</surname><given-names>Adrián Sotelo</given-names></name></person-group></element-citation></ref></ref-list></back></article></articles>