<articles xmlns:xsi="http://www.w3.org/2001/XMLSchema-instance" xsi:schemaLocation="https://raw.githubusercontent.com/scieloorg/articles_meta/master/tests/xsd/scielo_sci/ThomsonReuters_publishing.xsd" dtd-version="1.10"><article lang_id="pt" article-type="research-article"><front><journal-meta><journal-id journal-id-type="publisher">tes</journal-id><journal-title-group><journal-title>Trabalho, Educação e Saúde</journal-title><abbrev-journal-title>Trab. educ. saúde</abbrev-journal-title></journal-title-group><issn>1981-7746</issn><collection>SciELO Brazil</collection><publisher><publisher-name>Fundação Oswaldo Cruz, Escola Politécnica de Saúde Joaquim Venâncio</publisher-name></publisher></journal-meta><article-meta><unique-article-id pub-id-type="publisher-id">S1981-77462014000200010</unique-article-id><article-id pub-id-type="publisher-id">S1981-77462014000200010</article-id><article-id pub-id-type="doi">10.1590/S1981-77462014000200010</article-id><article-categories><subj-group><subject>EDUCATION &amp; EDUCATIONAL RESEARCH</subject><subject>PUBLIC, ENVIRONMENTAL &amp; OCCUPATIONAL HEALTH</subject></subj-group></article-categories><title-group><article-title lang_id="pt">O desafio da implementação da educação permanente na gestão da educação na saúde</article-title><trans-title-group lang_id="en"><trans-title>The challenge of implementing continuing education in health education management</trans-title></trans-title-group><trans-title-group lang_id="es"><trans-title>El reto de implementar la educación permanente en la gestión de la educación en salud</trans-title></trans-title-group></title-group><contrib-group><contrib contrib-type="author"><name><surname>Macêdo</surname><given-names>Neuza Buarque de</given-names></name><role>ND</role><xref ref-type="aff" rid="A01"/></contrib><contrib contrib-type="author"><name><surname>Albuquerque</surname><given-names>Paulette Cavalcanti de</given-names></name><role>ND</role><xref ref-type="aff" rid="A02"/></contrib><contrib contrib-type="author"><name><surname>Medeiros</surname><given-names>Kátia Rejane de</given-names></name><role>ND</role><xref ref-type="aff" rid="A03"/></contrib></contrib-group><aff id="A01"><institution>Fundação Oswaldo Cruz</institution><country>Brazil</country></aff><aff id="A03"><institution>Fundação Oswaldo Cruz</institution><country>Brazil</country></aff><aff id="A02"><institution>Fundação Oswaldo Cruz</institution><country>Brazil</country></aff><pub-date><month>08</month><year>2014</year></pub-date><volume>12</volume><issue>2</issue><fpage>379</fpage><lpage>401</lpage><permissions><license license-type="open-access" href="http://creativecommons.org/licenses/by-nc/4.0/"><license-p>This work is licensed under a Creative Commons Attribution-NonCommercial 4.0 International License.</license-p></license></permissions><self-uri href="http://www.scielo.br/scielo.php?script=sci_arttext&amp;pid=S1981-77462014000200010&amp;lng=en&amp;tlng=en" content-type="full_text_page"/><self-uri href="http://www.scielo.br/scielo.php?script=sci_issuetoc&amp;pid=1981-774620140002&amp;lng=en" content-type="issue_page"/><self-uri href="http://www.scielo.br/scielo.php?script=sci_serial&amp;pid=1981-7746&amp;lng=en" content-type="journal_page"/><abstract lang_id="pt"><p>O caminho utilizado neste estudo foi a revisão sistemática de literatura da produção científica e do marco normativo, com o objetivo de identificar as principais concepções teórico-conceituais referentes à gestão da educação na saúde no Brasil no período de 2003 a 2009. A gestão do Sistema Único de Saúde aponta para a necessidade de qualificação de gestores e profissionais para atuar no setor desde a graduação, incluindo a integração ensino-serviço e a formação profissional no ambiente de trabalho. Após a aplicação de critérios de inclusão, 16 artigos e seis portarias foram incluídos na revisão. No âmbito da gestão da educação na saúde, o debate gira em torno de duas principais concepções, a educação continuada e a educação permanente, centradas respectivamente no modelo acadêmico e na aprendizagem em equipe, inerente aos grupos de trabalhadores. A análise da produção científica e do marco normativo sugere que as transformações conceituais desafiam todos os atores da saúde a realizarem uma ruptura teórico-conceitual e de posicionamento subjetivo, superando uma posição de 'recurso humano', realizador de tarefas, para a de sujeito capaz de refletir sobre os processos de trabalho.</p></abstract><trans-abstract lang_id="en"><p>This study undertook a systematic review of the scientific literature and of the regulatory framework to pinpoint key theoretical and conceptual ideas on health education management in Brazil in the period of 20032009. The management of the National Health System points to the need of training managers and professionals to work in the industry from the moment they graduate, including teaching-service integration and professional training in the workplace. After applying the inclusion criteria, 16 articles and six ordinances were included in the review. Insofar as health education management is concerned, the debate revolves around two main concepts, permanent education and continuing education centered, respectively, on the academic model and in team learning, inherent to the groups of workers. The analysis of the scientific literature and of the regulatory framework suggests that conceptual transformations challenge all players in health to a theoretical-conceptual break away and subjective stance, extending beyond a position of 'human resource,' undertaker of tasks, and reaching a subject capable of reflecting on the work processes.</p></trans-abstract><trans-abstract lang_id="es"><p>El camino utilizado en este estudio fue la revisión sistemática de literatura de la producción científica y del marco normativo, con el fin de identificar las principales ideas teóricas y conceptuales referidas a la gestión de la educación en salud en Brasil, en el período de 2003 a 2009. La gestión del Sistema Único de Salud señala la necesidad de capacitación de gestores y profesionales para trabajar en el sector desde su graduación, incluyendo la integración entre enseñanza y servicio, y la formación profesional en el ambiente de trabajo. Después de aplicar los criterios de inclusión, 16 artículos y seis ordenanzas fueron incorporados a la revisión. En el ámbito de la gestión de la educación en salud, el debate gira en torno a dos principales concepciones, la educación continua y la educación permanente, centradas respectivamente en el modelo académico y en el aprendizaje en equipo, inherente a los grupos de trabajadores. El análisis de la producción científica y del marco normativo sugiere que las transformaciones conceptuales desafían a todos los actores de la salud para llevar a cabo una ruptura teórica y conceptual, y posicionamiento subjetivo, superando una condición de 'recurso humano', realizador de tareas para un sujeto capaz de reflexionar sobre los procesos de trabajo.</p></trans-abstract><kwd-group lang_id="en" kwd-group-type="author-generated"><kwd>training of human resources</kwd><kwd>professional qualifications</kwd><kwd>health management</kwd></kwd-group><kwd-group lang_id="es" kwd-group-type="author-generated"><kwd>formación de recursos humanos</kwd><kwd>calificación profesional</kwd><kwd>gestión en salud</kwd></kwd-group><kwd-group lang_id="pt" kwd-group-type="author-generated"><kwd>formação de recursos humanos</kwd><kwd>qualificação profissional</kwd><kwd>gestão em saúde</kwd></kwd-group></article-meta></front><back><ref-list><ref id="B1"><element-citation publication-type="article"><article-title>Dilemas e desafios da formação profissional em saúde</article-title><source>Interface: Comunicação, Saúde, Educação</source><date><month>08</month><year>2004</year></date><fpage>375</fpage><lpage>380</lpage><issue>15</issue><volume>8</volume><person-group><name><surname>AMÂNCIO FILHO</surname><given-names>Antenor</given-names></name></person-group></element-citation></ref><ref id="B2"><element-citation publication-type="article"><article-title>Relações federativas nas políticas sociais</article-title><source>Educação e Sociedade</source><date><month>09</month><year>2002</year></date><fpage>25</fpage><lpage>48</lpage><issue>80</issue><volume>23</volume><person-group><name><surname>ARRETCHE</surname><given-names>Marta</given-names></name></person-group></element-citation></ref><ref id="B3"><element-citation publication-type="article"><article-title>Educação permanente: uma estratégia metodológica para os professores da saúde</article-title><source>Revista Brasileira de Educação Médica</source><date><month>12</month><year>2008</year></date><fpage>518</fpage><lpage>524</lpage><issue>4</issue><volume>32</volume><person-group><name><surname>ARRUDA</surname><given-names>Marina P</given-names></name></person-group></element-citation></ref><ref id="B4"><element-citation publication-type="article"><article-title>Competência dos enfermeiros em problematizar a realidade do serviço de saúde no contexto do Sistema Único de Saúde</article-title><source>Texto &amp; Contexto: Enfermagem</source><date><month>12</month><year>2007</year></date><fpage>727</fpage><lpage>736</lpage><issue>4</issue><volume>16</volume><person-group><name><surname>BACKES</surname><given-names>Vânia M. S</given-names></name></person-group></element-citation></ref><ref id="B5"><element-citation publication-type="article"><article-title>A Estratégia Saúde da Família como objeto de educação em saúde</article-title><source>Saúde e Sociedade</source><date><month>04</month><year>2007</year></date><fpage>57</fpage><lpage>68</lpage><issue>1</issue><volume>16</volume><person-group><name><surname>BESEN</surname><given-names>Candice B</given-names></name></person-group></element-citation></ref><ref id="B6"><element-citation publication-type="book"><source>Portaria n. 1.298, de 28 de novembro de 2000. Institui a Rede de Escolas Técnicas e Centros Formadores vinculados às instâncias gestoras do Sistema Único de Saúde (RETSUS)</source><ext-link>http://dtr2001.saude.gov.br/sas/PORTARIAS/Port2005/GM/GM1168.htm</ext-link></element-citation></ref><ref id="B7"><element-citation publication-type="book"><source>Portaria n. 650, de 27 de maio de 2003. Institui o Programa de Interiorização do Trabalho em Saúde</source><ext-link>www.saude.gov.br/saudelegis</ext-link></element-citation></ref><ref id="B8"><element-citation publication-type="book"><source>Portaria n. 198, de 13 de fevereiro de 2004. Institui a Política Nacional de Educação Permanente em Saúde como estratégia do Sistema Único de Saúde para a formação e o desenvolvimento de trabalhadores para o setor</source><ext-link>http://dtr2001.saude.gov.br/sas/PORTARAS/Port2004/GM/GM198.htm</ext-link></element-citation></ref><ref id="B9"><element-citation publication-type="book"><source>Portaria Interministerial n. 2.101, de 3 de novembro de 2005. Institui o Programa Nacional de Reorientação da Formação Profissional em Saúde - Pró-Saúde - para os cursos de graduação em Medicina, Enfermagem e Odontologia</source><ext-link>www.saude.gov.br/saudelegis</ext-link></element-citation></ref><ref id="B10"><element-citation publication-type="book"><source>Portaria n. 3.332, de 28 de dezembro de 2006. Aprova orientações gerais relativas aos instrumentos do Sistema de Planejamento do SUS</source><ext-link>www.saude.gov.br/saudelegis</ext-link></element-citation></ref><ref id="B11"><element-citation publication-type="book"><source>Portaria n. 1.996, de 20 de agosto de 2007a. Estabelece as diretrizes para a implementação da Política Nacional de Educação Permanente em Saúde</source><ext-link>www.saude.gov.br/saudelegis</ext-link></element-citation></ref><ref id="B12"><element-citation publication-type="book"><source>Portaria Interministerial n. 3.019, de 26 de novembro de 2007b. Dispõe sobre o Programa Nacional de Reorientação da Formação Profissional em Saúde - Pró-Saúde - para os cursos de graduação da área da saúde</source><ext-link>www.saude.gov.br/saudelegis</ext-link></element-citation></ref><ref id="B13"><element-citation publication-type="book"><source>Portaria Interministerial n. 1.082, de 26 de agosto de 2008. Institui o Programa de Educação pelo Trabalho para a Saúde - PET-Saúde</source><ext-link>www.saude.gov.br/saudelegis</ext-link></element-citation></ref><ref id="B14"><element-citation publication-type="book"><source>Portaria n. 2.970, de 25 de novembro de 2009. Institui a Rede de Escolas Técnicasdo SUS(RETSUS)</source><ext-link>www.saude.gov.br/saudelegis</ext-link></element-citation></ref><ref id="B15"><element-citation publication-type="article"><article-title>Políticas de formação de pessoal para o SUS: reflexões fragmentadas</article-title><source>Cadernos RH Saúde</source><date><month>03</month><year>2006</year></date><fpage>5256</fpage><issue>1</issue><volume>3</volume><person-group><name><surname>CAMPOS</surname><given-names>Gastão W. S</given-names></name></person-group></element-citation></ref><ref id="B16"><element-citation publication-type="book"><source>Revisão sistemática e metaanálise</source><date><day>16</day><month>05</month><year>2011</year></date><person-group><name><surname>CASTRO</surname><given-names>Aldemar A</given-names></name><name><surname>CASTRO</surname><given-names>Aldemar A</given-names></name></person-group><ext-link>http://metodologia.org/wpcontent/uploads/2010/08/meta1.PDF</ext-link></element-citation></ref><ref id="B17"><element-citation publication-type="article"><article-title>Educação permanente em saúde: desafio ambicioso e necessário</article-title><source>Interface: Comunicação, Saúde, Educação</source><date><month>02</month><year>2005</year></date><fpage>161</fpage><lpage>177</lpage><issue>16</issue><volume>9</volume><person-group><name><surname>CECCIM</surname><given-names>Ricardo B</given-names></name></person-group></element-citation></ref><ref id="B18"><element-citation publication-type="article"><article-title>Educação permanente em saúde: descentralização e disseminação de capacidade pedagógica na saúde</article-title><source>Ciência &amp; Saúde Coletiva</source><date><month>12</month><year>2005</year></date><fpage>975</fpage><lpage>986</lpage><issue>4</issue><volume>10</volume><person-group><name><surname>CECCIM</surname><given-names>Ricardo B</given-names></name></person-group></element-citation></ref><ref id="B19"><element-citation publication-type="article"><source>Interface: Comunicação, Saúde, Educação</source><date><month>08</month><year>2007</year></date><fpage>358</fpage><lpage>361</lpage><issue>22</issue><volume>11</volume></element-citation></ref><ref id="B20"><element-citation publication-type="book"><source>Dicionário da educação profissional em saúde</source><date><year>2008</year></date><fpage>162</fpage><lpage>168</lpage><person-group><name><surname>CECCIM</surname><given-names>Ricardo B</given-names></name><name><surname>FERLA</surname><given-names>Alcindo A</given-names></name><name><surname>PEREIRA</surname><given-names>Isabel B</given-names></name><name><surname>LIMA</surname><given-names>Julio C. F</given-names></name><name><surname>PEREIRA</surname><given-names>Isabel B</given-names></name><name><surname>LIMA</surname><given-names>Julio C. F</given-names></name></person-group></element-citation></ref><ref id="B21"><element-citation publication-type="article"><article-title>O quadrilátero da formação para a área da saúde: ensino, gestão, atenção e controle social</article-title><source>Physis: Revista de Saúde Coletiva</source><date><month>06</month><year>2004</year></date><fpage>41</fpage><lpage>65</lpage><issue>1</issue><volume>14</volume><person-group><name><surname>CECCIM</surname><given-names>Ricardo B</given-names></name><name><surname>FEUERWERKER</surname><given-names>Laura C. M</given-names></name></person-group></element-citation></ref><ref id="B22"><element-citation publication-type="article"><article-title>O gestor municipal na atual etapa de implantação do SUS: características e desafios</article-title><source>Reciis: Revista Eletrônica de Comunicação, Informação e Inovação em Saúde</source><date><month>12</month><year>2007</year></date><fpage>200207</fpage><issue>2</issue><volume>1</volume><person-group><name><surname>CECÍLIO</surname><given-names>Luiz C. O</given-names></name></person-group><ext-link>www.reciis.icict.fiocruz.br/index.php/reciis/article/viewFile/84/79</ext-link></element-citation></ref><ref id="B23"><element-citation publication-type="article"><article-title>Educação em serviço para profissionais de saúde do Serviço de Atendimento Móvel de Urgência (Samu): relato da experiência de Porto Alegre-RS</article-title><source>Interface: Comunicação, Saúde, Educação</source><date><month>09</month><year>2008</year></date><fpage>659</fpage><lpage>666</lpage><issue>26</issue><volume>12</volume><person-group><name><surname>CICONET</surname><given-names>Rosane M</given-names></name><name><surname>MARQUES</surname><given-names>Giselda Q</given-names></name><name><surname>LIMA</surname><given-names>Maria A. D. da S</given-names></name></person-group></element-citation></ref><ref id="B24"><element-citation publication-type="book"><source>Gestão do trabalho na saúde</source><date><year>2007</year></date></element-citation></ref><ref id="B25"><element-citation publication-type="book"><source>Política Nacional de Educação Permanente em Saúde</source><date><year>2009</year></date><fpage>39</fpage><lpage>58</lpage><person-group><name><surname>DAVINI</surname><given-names>Maria C</given-names></name></person-group></element-citation></ref><ref id="B26"><element-citation publication-type="article"><article-title>A gestão dos serviços públicos de saúde: características e exigências</article-title><source>Revista de Administração Pública</source><date><month>06</month><year>1992</year></date><fpage>8</fpage><lpage>19</lpage><issue>2</issue><volume>26</volume><person-group><name><surname>DUSSAULT</surname><given-names>Gilles</given-names></name></person-group></element-citation></ref><ref id="B27"><element-citation publication-type="article"><article-title>Produção do cuidado e produção pedagógica: integração de cenários do sistema de saúde no Brasil</article-title><source>Interface: Comunicação, Saúde, Educação</source><date><month>12</month><year>2007</year></date><fpage>427</fpage><lpage>438</lpage><issue>23</issue><volume>11</volume><person-group><name><surname>FRANCO</surname><given-names>Túlio Batista</given-names></name></person-group></element-citation></ref><ref id="B28"><element-citation publication-type="article"><article-title>Educação continuada em enfermagem psiquiátrica: reflexão sobre conceitos</article-title><source>Revista da Escola de Enfermagem da USP</source><date><month>03</month><year>2006</year></date><fpage>105</fpage><lpage>110</lpage><issue>1</issue><volume>40</volume><person-group><name><surname>GIRADE</surname><given-names>Maria G</given-names></name><name><surname>CRUZ</surname><given-names>Emirene M. N. T</given-names></name><name><surname>STEFANELLI</surname><given-names>aguida C</given-names></name></person-group></element-citation></ref><ref id="B29"><element-citation publication-type="book"><source>Dicionário da educação profissional em saúde</source><date><year>2008</year></date><fpage>227</fpage><lpage>231</lpage><person-group><name><surname>MACHADO</surname><given-names>Maria H</given-names></name><name><surname>PEREIRA</surname><given-names>Isabel B</given-names></name><name><surname>LIMA</surname><given-names>Julio C. F</given-names></name><name><surname>PEREIRA</surname><given-names>Isabel B</given-names></name><name><surname>LIMA</surname><given-names>Julio C. F</given-names></name></person-group></element-citation></ref><ref id="B30"><element-citation publication-type="article"><article-title>Educação permanente no contexto da enfermagem e na saúde</article-title><source>Revista Brasileira de Enfermagem</source><date><month>10</month><year>2004</year></date><fpage>227</fpage><lpage>231</lpage><issue>5</issue><volume>57</volume><person-group><name><surname>MANCIA</surname><given-names>Joel R</given-names></name><name><surname>CABRAL</surname><given-names>Leila C</given-names></name><name><surname>KOERICH</surname><given-names>Magda S</given-names></name></person-group></element-citation></ref><ref id="B31"><element-citation publication-type="article"><article-title>O desafio que a educação permanente tem em si: a pedagogia da implicação</article-title><source>Interface: Comunicação, Saúde, Educação</source><date><month>02</month><year>2005</year></date><fpage>172</fpage><lpage>174</lpage><issue>16</issue><volume>9</volume><person-group><name><surname>MERHY</surname><given-names>Emerson E</given-names></name></person-group></element-citation></ref><ref id="B32"><element-citation publication-type="conference"><source>Anais</source><date><year>2002</year></date><person-group><name><surname>MUÑOZ</surname><given-names>Susana I</given-names></name></person-group><ext-link>http://www.proceedings.scielo.br/scielo.php?pid=MSC0000000052002000200010&amp;script=sci_abstract&amp;tlng=pt</ext-link></element-citation></ref><ref id="B33"><element-citation publication-type="article"><article-title>Educação a distância como estratégia para a educação permanente em saúde: possibilidades e desafios</article-title><source>Revista Brasileira de Enfermagem</source><date><month>10</month><year>2007</year></date><fpage>585</fpage><lpage>589</lpage><issue>5</issue><volume>60</volume><person-group><name><surname>OLIVEIRA</surname><given-names>Marluce A. N</given-names></name></person-group></element-citation></ref><ref id="B34"><element-citation publication-type="article"><article-title>Configuração institucional e gestão do Sistema Único de Saúde: problemas e desafios</article-title><source>Ciência &amp; Saúde Coletiva [on line]</source><date><year>2007</year></date><fpage>1.819</fpage><lpage>1.829</lpage><volume>12</volume><person-group><name><surname>PAIM</surname><given-names>Jairnilson S</given-names></name><name><surname>TEIXEIRA</surname><given-names>Carmen F</given-names></name></person-group><ext-link>http://www.scielo.br/scielo.php?pid=S141381232007000700005&amp;script=sci_arttext</ext-link></element-citation></ref><ref id="B35"><element-citation publication-type="article"><article-title>Atividades educativas de trabalhadores na atenção primária: concepções de educação permanente e de educação continuada em saúde presentes no cotidiano de unidades básicas de saúde em São Paulo</article-title><source>Interface: Comunicação, Saúde, Educação</source><date><month>09</month><year>2009</year></date><fpage>121</fpage><lpage>134</lpage><issue>30</issue><volume>13</volume><person-group><name><surname>PEDUZZI</surname><given-names>Marina</given-names></name></person-group></element-citation></ref><ref id="B36"><element-citation publication-type="article"><article-title>As tendências pedagógicas e a prática educativa nas ciências da saúde</article-title><source>Cadernos de Saúde Pública</source><date><month>08</month><year>2003</year></date><fpage>1.527</fpage><lpage>1.534</lpage><issue>5</issue><volume>19</volume><person-group><name><surname>PEREIRA</surname><given-names>Adriana L. F</given-names></name></person-group></element-citation></ref><ref id="B37"><element-citation publication-type="article"><article-title>As reformas do Estado, da saúde e recursos humanos: limites e possibilidades</article-title><source>Ciência &amp; Saúde Coletiva</source><date><year>2001</year></date><fpage>341</fpage><lpage>360</lpage><issue>2</issue><volume>6</volume><person-group><name><surname>PIERANTONI</surname><given-names>Celia R</given-names></name></person-group></element-citation></ref><ref id="B38"><element-citation publication-type="article"><article-title>A educação permanente da equipe de enfermagem para o cuidado nos serviços de saúde mental</article-title><source>Texto &amp; Contexto: Enfermagem</source><date><month>06</month><year>2006</year></date><fpage>287</fpage><lpage>295</lpage><issue>2</issue><volume>15</volume><person-group><name><surname>TAVARES</surname><given-names>Cláudia M. M</given-names></name></person-group></element-citation></ref><ref id="B39"><element-citation publication-type="book"><source>Dicionário da educação profissional em saúde</source><date><year>2008</year></date><fpage>343</fpage><lpage>347</lpage><person-group><name><surname>VIEIRA</surname><given-names>Monica</given-names></name><name><surname>PEREIRA</surname><given-names>Isabel B</given-names></name><name><surname>LIMA</surname><given-names>Julio C. F</given-names></name><name><surname>PEREIRA</surname><given-names>Isabel B</given-names></name><name><surname>LIMA</surname><given-names>Julio C. F</given-names></name></person-group></element-citation></ref></ref-list></back></article></articles>