<articles xmlns:xsi="http://www.w3.org/2001/XMLSchema-instance" xsi:schemaLocation="https://raw.githubusercontent.com/scieloorg/articles_meta/master/tests/xsd/scielo_sci/ThomsonReuters_publishing.xsd" dtd-version="1.10"><article lang_id="pt" article-type="research-article"><front><journal-meta><journal-id journal-id-type="publisher">tes</journal-id><journal-title-group><journal-title>Trabalho, Educação e Saúde</journal-title><abbrev-journal-title>Trab. educ. saúde</abbrev-journal-title></journal-title-group><issn>1981-7746</issn><collection>SciELO Brazil</collection><publisher><publisher-name>Fundação Oswaldo Cruz, Escola Politécnica de Saúde Joaquim Venâncio</publisher-name></publisher></journal-meta><article-meta><unique-article-id pub-id-type="publisher-id">S1981-77462009000200002</unique-article-id><article-id pub-id-type="publisher-id">S1981-77462009000200002</article-id><article-id pub-id-type="doi">10.1590/S1981-77462009000200002</article-id><article-categories><subj-group><subject>EDUCATION &amp; EDUCATIONAL RESEARCH</subject><subject>PUBLIC, ENVIRONMENTAL &amp; OCCUPATIONAL HEALTH</subject></subj-group></article-categories><title-group><article-title lang_id="pt">Determinação, história e materialidade</article-title><trans-title-group lang_id="en"><trans-title>Determinism, history and materialism</trans-title></trans-title-group></title-group><contrib-group><contrib contrib-type="author"><name><surname>Fontes</surname><given-names>Virgínia</given-names></name><role>ND</role><xref ref-type="aff" rid="A01"/></contrib></contrib-group><aff id="A01"><institution>Fundação Oswaldo Cruz</institution></aff><aff id="A02"><institution>Universidade Federal Fluminense</institution><country>Brazil</country></aff><aff id="A03"><institution>Escola Nacional Florestan Fernandes</institution></aff><pub-date><month>10</month><year>2009</year></pub-date><volume>7</volume><issue>2</issue><fpage>209</fpage><lpage>229</lpage><permissions><license license-type="open-access" href="http://creativecommons.org/licenses/by-nc/4.0/"><license-p>This work is licensed under a Creative Commons Attribution-NonCommercial 4.0 International License.</license-p></license></permissions><self-uri href="http://www.scielo.br/scielo.php?script=sci_arttext&amp;pid=S1981-77462009000200002&amp;lng=en&amp;tlng=en" content-type="full_text_page"/><self-uri href="http://www.scielo.br/scielo.php?script=sci_issuetoc&amp;pid=1981-774620090002&amp;lng=en" content-type="issue_page"/><self-uri href="http://www.scielo.br/scielo.php?script=sci_serial&amp;pid=1981-7746&amp;lng=en" content-type="journal_page"/><abstract lang_id="pt"><p>O ensaio critica algumas modalidades de determinismo atualmente dominantes, fugindo do pensamento aleatório ou pós-moderno. Procuramos contribuir para a explicação objetiva, porém sensível, do mundo, de modo a manter aberta a intervenção efetiva e consciente no processo histórico. O argumento apresenta a contraposição paradoxal e dolorosa entre determinismo econômico e uma liberdade amputada que o acompanha e, em seguida, mostra como a reflexão marxiana permite superar os impasses nos quais recaíram tanto os deterministas naturalistas quanto os antideterministas pós-modernos. Essa superação exige a demonstração da historicidade constitutiva do processo de trabalho, tanto no seu viés ontológico (Lukacs) quanto no viés histórico (Marx), apontando para a materialidade efetiva das relações sociais como forma de distribuição dos seres singulares no conjunto das atividades da produção de sua existência social. Concluímos mostrando como a determinação, em Marx, não é redutora e, portanto, não repousa sobre um econômico entificado.</p></abstract><trans-abstract lang_id="en"><p>The article criticizes some currently dominant modalities of determinism, distancing itself from randomized and post-modern thinking. We look to contribute to the sensitive objective explanation of the world in order to keep effective intervention open and conscious in the historical process. The argument presents a paradoxical and painful contrast between economic determinism and a restricted freedom that accompanies it, and then shows how Marxist thought allowed them to overcome the impasses in which both the deterministic naturalists, as well as the post- modern anti-determinists had found themselves. This step requires the demonstration of the development of the work process, in its ontological view (Lukacs), as well as the historic view (Marx), pointing to the effective materialism of social relations, as a means of distribution of singular beings together with the activities of production of its social existence. We conclude by showing how determination in Marxism is not simplistic, and therefore, is not based on an economic truism.</p></trans-abstract><kwd-group lang_id="pt" kwd-group-type="author-generated"><kwd>Marx</kwd><kwd>determinismo</kwd><kwd>historicidade</kwd><kwd>determinação</kwd><kwd>trabalho</kwd></kwd-group><kwd-group lang_id="en" kwd-group-type="author-generated"><kwd>Marxism</kwd><kwd>determinism</kwd><kwd>history</kwd><kwd>determination</kwd><kwd>work</kwd></kwd-group></article-meta></front><back><ref-list><ref id="B1"><element-citation publication-type="article"><article-title>Livros - The open: man and animal</article-title><source>Interface - Comunicação, Saúde, Educação</source><date><month>09</month><year>2008</year></date><issue>26</issue><volume>12</volume><person-group><name><surname>BASQUES</surname><given-names>Messias</given-names></name></person-group><ext-link>www.scielo.br/scielo.php?pid=S1414-32832008000300018&amp;script=sci_arttext</ext-link></element-citation></ref><ref id="B2"><element-citation publication-type="book"><source>A evolução do capitalismo</source><date><year>1981</year></date><person-group><name><surname>DOBB</surname><given-names>Maurice</given-names></name><name><surname>DOBB</surname><given-names>Maurice</given-names></name></person-group></element-citation></ref><ref id="B3"><element-citation publication-type="book"><source>Analisis del pasado y proyecto social</source><date><year>1982</year></date><person-group><name><surname>FONTANA</surname><given-names>Josep</given-names></name><name><surname>FONTANA</surname><given-names>Josep</given-names></name></person-group></element-citation></ref><ref id="B4"><element-citation publication-type="article"><article-title>Biotecnologia e biocapitalismo global</article-title><source>Análise Social</source><date><year>2006</year></date><fpage>981</fpage><lpage>1.009</lpage><issue>181</issue><volume>XLI</volume><person-group><name><surname>GARCIA</surname><given-names>José Luiz</given-names></name></person-group><ext-link>www.scielo.oces.mctes.pt/scielo.php?pid=S0003-25732006000400002&amp;script=sci_arttext</ext-link></element-citation></ref><ref id="B5"><element-citation publication-type="book"><source>Cadernos do cárcere</source><date><year>2001</year></date><volume>1</volume><person-group><name><surname>GRAMSCI</surname><given-names>Antonio</given-names></name><name><surname>GRAMSCI</surname><given-names>Antonio</given-names></name></person-group></element-citation></ref><ref id="B6"><element-citation publication-type="book"><source>O novo imperialismo</source><date><year>2004</year></date><person-group><name><surname>HARVEY</surname><given-names>David</given-names></name><name><surname>HARVEY</surname><given-names>David</given-names></name></person-group></element-citation></ref><ref id="B7"><element-citation publication-type="book"><source>As paixões e os interesses</source><date><year>1979</year></date><person-group><name><surname>HIRSCHMANN</surname><given-names>Albert O</given-names></name><name><surname>HIRSCHMANN</surname><given-names>Albert O</given-names></name></person-group></element-citation></ref><ref id="B8"><element-citation publication-type="book"><source>Estudos de história do pensamento científico</source><date><year>1991</year></date><person-group><name><surname>KOYRÉ</surname><given-names>Alexandre</given-names></name><name><surname>KOYRÉ</surname><given-names>Alexandre</given-names></name></person-group></element-citation></ref><ref id="B9"><element-citation publication-type="book"><source>Os desafios das emancipações em um contexto militarizado</source><date><year>2008</year></date><person-group><name><surname>LANDER</surname><given-names>Edgardo</given-names></name><name><surname>CECEÑA</surname><given-names>Ana Esther</given-names></name><name><surname>CECEÑA</surname><given-names>Ana Esther</given-names></name></person-group></element-citation></ref><ref id="B10"><element-citation publication-type="book"><source>L'impérialisme, stade suprême du capitalisme</source><date><year>1975</year></date><person-group><name><surname>LÊNIN</surname><given-names>Vladimir</given-names></name><name><surname>LÊNIN</surname><given-names>Vladimir</given-names></name></person-group></element-citation></ref><ref id="B11"><element-citation publication-type="book"><source>Ontología del ser social: el trabajo</source><date><year>2004</year></date><person-group><name><surname>LUKACS</surname><given-names>Georg</given-names></name><name><surname>LUKACS</surname><given-names>Georg</given-names></name></person-group></element-citation></ref><ref id="B12"><element-citation publication-type="book"><source>La théorie politique de l'individualisme possessif: De Hobbes à Locke</source><date><year>2004</year></date><person-group><name><surname>MACPHERSON</surname><given-names>Crawford B</given-names></name><name><surname>MACPHERSON</surname><given-names>Crawford B</given-names></name></person-group></element-citation></ref><ref id="B13"><element-citation publication-type="book"><source>Manuscritos econômico-filosóficos e outros escritos</source><date><year>1985</year></date><person-group><name><surname>MARX</surname><given-names>Karl</given-names></name><name><surname>MARX</surname><given-names>Karl</given-names></name><name><surname>MARX</surname><given-names>Karl</given-names></name></person-group></element-citation></ref><ref id="B14"><element-citation publication-type="book"><source>A ideologia alemã</source><date><year>2007</year></date><person-group><name><surname>MARX</surname><given-names>Karl</given-names></name><name><surname>ENGELS</surname><given-names>Friedrich</given-names></name><name><surname>MARX</surname><given-names>Karl</given-names></name><name><surname>ENGELS</surname><given-names>Friedrich</given-names></name></person-group></element-citation></ref><ref id="B15"><element-citation publication-type="book"><source>Para além do capital: rumo a uma teoria da transição</source><date><year>2002</year></date><person-group><name><surname>MÉSZÁROS</surname><given-names>István</given-names></name><name><surname>MÉSZÁROS</surname><given-names>István</given-names></name></person-group></element-citation></ref><ref id="B16"><element-citation publication-type="thesis"><source>O Banco Mundial como ator político, intelectual e financeiro</source><date><year>2009</year></date><person-group><name><surname>PEREIRA</surname><given-names>João Márcio Mendes</given-names></name><name><surname>PEREIRA</surname><given-names>João Márcio Mendes</given-names></name></person-group></element-citation></ref><ref id="B17"><element-citation publication-type="book"><source>A formação da classe operária inglesa</source><date><year>1987</year></date><person-group><name><surname>THOMPSON</surname><given-names>Edward Palmer</given-names></name><name><surname>THOMPSON</surname><given-names>Edward Palmer</given-names></name></person-group></element-citation></ref><ref id="B18"><element-citation publication-type="book"><source>La pensée hiérarchique et l'évolution</source><date><year>1983</year></date><person-group><name><surname>TORT</surname><given-names>Patrick</given-names></name><name><surname>TORT</surname><given-names>Patrick</given-names></name></person-group></element-citation></ref><ref id="B19"><element-citation publication-type="book"><source>Essais sur la théorie de la science</source><date><year>1992</year></date><person-group><name><surname>WEBER</surname><given-names>Max</given-names></name><name><surname>WEBER</surname><given-names>Max</given-names></name></person-group></element-citation></ref><ref id="B20"><element-citation publication-type="book"><source>Democracia contra capitalismo</source><date><year>2003</year></date><person-group><name><surname>WOOD</surname><given-names>Ellen M.</given-names></name><name><surname>WOOD</surname><given-names>Ellen M.</given-names></name></person-group></element-citation></ref></ref-list></back></article></articles>