<articles xmlns:xsi="http://www.w3.org/2001/XMLSchema-instance" xsi:schemaLocation="https://raw.githubusercontent.com/scieloorg/articles_meta/master/tests/xsd/scielo_sci/ThomsonReuters_publishing.xsd" dtd-version="1.10"><article lang_id="pt" article-type="research-article"><front><journal-meta><journal-id journal-id-type="publisher">tes</journal-id><journal-title-group><journal-title>Trabalho, Educação e Saúde</journal-title><abbrev-journal-title>Trab. educ. saúde</abbrev-journal-title></journal-title-group><issn>1981-7746</issn><collection>SciELO Brazil</collection><publisher><publisher-name>Fundação Oswaldo Cruz, Escola Politécnica de Saúde Joaquim Venâncio</publisher-name></publisher></journal-meta><article-meta><unique-article-id pub-id-type="publisher-id">S1981-77462007000300007</unique-article-id><article-id pub-id-type="publisher-id">S1981-77462007000300007</article-id><article-id pub-id-type="doi">10.1590/S1981-77462007000300007</article-id><article-categories><subj-group><subject>EDUCATION &amp; EDUCATIONAL RESEARCH</subject><subject>PUBLIC, ENVIRONMENTAL &amp; OCCUPATIONAL HEALTH</subject></subj-group></article-categories><title-group><article-title lang_id="pt">Competências gerenciais do enfermeiro nas perspectivas de um curso de graduação de enfermagem e do mercado de trabalho</article-title><trans-title-group lang_id="en"><trans-title>Nurse managerial competencies from the perspectives of an undergraduate nursing course and of the work market</trans-title></trans-title-group></title-group><contrib-group><contrib contrib-type="author"><name><surname>Peres</surname><given-names>Aida Maris</given-names></name><role>ND</role><xref ref-type="aff" rid="A01"/></contrib><contrib contrib-type="author"><name><surname>Ciampone</surname><given-names>Maria Helena Trench</given-names></name><role>ND</role><xref ref-type="aff" rid="A02"/></contrib><contrib contrib-type="author"><name><surname>Wolff</surname><given-names>Lillian Daisy Gonçalves</given-names></name><role>ND</role><xref ref-type="aff" rid="A03"/></contrib></contrib-group><aff id="A02"><institution>Universidade de São Paulo</institution><country>Brazil</country></aff><aff id="A03"><institution>Universidade Federal do Paraná</institution><country>Brazil</country></aff><aff id="A01"><institution>Universidade Federal do Paraná</institution><country>Brazil</country></aff><pub-date><month>11</month><year>2007</year></pub-date><volume>5</volume><issue>3</issue><fpage>453</fpage><lpage>472</lpage><permissions><license license-type="open-access" href="http://creativecommons.org/licenses/by-nc/4.0/"><license-p>This work is licensed under a Creative Commons Attribution-NonCommercial 4.0 International License.</license-p></license></permissions><self-uri href="http://www.scielo.br/scielo.php?script=sci_arttext&amp;pid=S1981-77462007000300007&amp;lng=en&amp;tlng=en" content-type="full_text_page"/><self-uri href="http://www.scielo.br/scielo.php?script=sci_issuetoc&amp;pid=1981-774620070003&amp;lng=en" content-type="issue_page"/><self-uri href="http://www.scielo.br/scielo.php?script=sci_serial&amp;pid=1981-7746&amp;lng=en" content-type="journal_page"/><abstract lang_id="pt"><p>A formação de competências gerenciais do enfermeiro e conteúdos de disciplinas de Administração em Enfermagem motivaram reflexões sobre as relações entre o projeto político-pedagógico de um curso de graduação e o perfil do egresso proposto nas Diretrizes Curriculares Nacionais com o mercado de trabalho de enfermeiros em Curitiba, no Paraná. Na pesquisa descritivo-exploratória e qualitativa, objetivou-se apontar convergências e divergências entre as expectativas identificadas no projeto político-pedagógico e as de gerentes que contratam enfermeiros. As políticas de educação e de saúde no Brasil foram apresentadas como determinantes de modelos de formação e de ensino de Administração, na área de enfermagem. A análise hermenêutico-dialética das competências gerenciais esperadas nos âmbitos do ensino e do mercado de trabalho norteou-se pelos eixos dos determinantes: da dimensão estrutural, que abrangem essas políticas; da dimensão particular, representada pelo mercado de trabalho local e pela instituição de ensino; e da dimensão singular, pertinentes ao âmbito do ensino de Administração em Enfermagem. Os resultados mostram a necessidade de o ensino estreitar relações com o mercado de trabalho, no sentido de ampliar a valorização de competências gerenciais do enfermeiro para além da dimensão técnica, contemplando as dimensões: comunicativas, ética, política e de desenvolvimento da cidadania.</p></abstract><trans-abstract lang_id="en"><p>Developing nurse managerial competencies and Nursing Administration syllabuses led to reflections on the relationship between a political and pedagogical project for a graduate course and the profile of those who graduate from it, as proposed in the National Curricular Guidelines, and the nurse work market in Curitiba, in the Brazilian state of Paraná. The purpose of the descriptive-exploratory and qualitative survey was to identify convergences and divergences between the expectations identified in the political-pedagogical project and those of the managers who hire nurses. The Brazilian education and health policies were singled-out as determinant factors for qualification and teaching in Administration in the nursing area. The hermeneutic-dialectic analysis of the managerial competencies that are expected in the teaching and work market ambits was guided by the determinant axis, i.e., that of the structural dimension which covers these policies; of the particular dimension, represented by the local work market and by the teaching institution; and of the singular dimension, pertinent to the ambit of teaching Administration in Nursing. The results show the need for teaching to close the gap with the work market with regard to boosting the nurses' managerial competency beyond the technical dimension to include the communicational, ethical, political, and citizenship development realms.</p></trans-abstract><kwd-group lang_id="en" kwd-group-type="author-generated"><kwd>nursing</kwd><kwd>education</kwd><kwd>work market</kwd><kwd>administration in nursing</kwd><kwd>professional competency</kwd></kwd-group><kwd-group lang_id="pt" kwd-group-type="author-generated"><kwd>enfermagem</kwd><kwd>educação</kwd><kwd>mercado de trabalho</kwd><kwd>administração em enfermagem</kwd><kwd>competência profissional</kwd></kwd-group></article-meta></front><back><ref-list><ref id="B1"><element-citation publication-type="article"><article-title>A formação que temos e a que queremos</article-title><source>Revista Brasileira de Enfermagem</source><date><year>2004</year></date><fpage>371</fpage><lpage>379</lpage><issue>3</issue><volume>7</volume><person-group><name><surname>BONETTI</surname><given-names>Osvaldo Peralta</given-names></name><name><surname>KRUSE</surname><given-names>Maria Henriqueta Luce</given-names></name></person-group></element-citation></ref><ref id="B2"><element-citation publication-type="book"><source>Diretrizes curriculares nacionais do curso de graduação em enfermagem</source><ext-link>www.mec.gov.br/sesu/diretriz.htm</ext-link></element-citation></ref><ref id="B3"><element-citation publication-type="book"><source>Educação: um tesouro a descobrir</source><date><year>2001</year></date><person-group><name><surname>DELORS</surname><given-names>Jacques</given-names></name><name><surname>DELORS</surname><given-names>Jacques</given-names></name></person-group></element-citation></ref><ref id="B4"><element-citation publication-type="conference"><source>Anais...</source><date><day>01</day><month>08</month><year>1989</year></date><person-group><name><surname>EGRY</surname><given-names>Emiko Yoshizawa</given-names></name></person-group></element-citation></ref><ref id="B5"><element-citation publication-type="thesis"><source>Ensinar e aprender ética na graduação em enfermagem: da conduta latente à manifesta</source><date><year>2004</year></date><person-group><name><surname>FERREIRA</surname><given-names>Heliane Moura</given-names></name><name><surname>FERREIRA</surname><given-names>Heliane Moura</given-names></name></person-group></element-citation></ref><ref id="B6"><element-citation publication-type="book"><source>Gestão estratégica do conhecimento: integrando aprendizagem, conhecimento e competências</source><date><year>2001</year></date><fpage>189</fpage><lpage>211</lpage><person-group><name><surname>FLEURY</surname><given-names>Maria Tereza Leme</given-names></name><name><surname>FLEURY</surname><given-names>Afonso</given-names></name><name><surname>FLEURY</surname><given-names>Maria Tereza Leme</given-names></name><name><surname>OLIVEIRA JUNIOR</surname><given-names>Moacir de Miranda</given-names></name><name><surname>FLEURY</surname><given-names>Maria Tereza Leme</given-names></name><name><surname>OLIVEIRA JUNIOR</surname><given-names>Moacir de Miranda</given-names></name></person-group></element-citation></ref><ref id="B7"><element-citation publication-type="article"><article-title>Valores culturais do ensino da administração em enfermagem: uma análise crítica frente ao mercado de trabalho e privatização</article-title><source>Texto &amp; Contexto Enfermagem</source><date><year>2001</year></date><fpage>116</fpage><lpage>131</lpage><issue>1</issue><volume>10</volume><person-group><name><surname>FORTE</surname><given-names>Benedita Pessoa</given-names></name><name><surname>PAGLIUCA</surname><given-names>Lorita Marlena Freitag</given-names></name></person-group></element-citation></ref><ref id="B8"><element-citation publication-type="book"><source>The core competence of the corporation</source><date><year>1990</year></date><person-group><name><surname>HAMEL</surname><given-names>Gary</given-names></name><name><surname>PRAHALAD</surname><given-names>Coimbatore Krishnarao</given-names></name><name><surname>HAMEL</surname><given-names>Gary</given-names></name><name><surname>PRAHALAD</surname><given-names>Coimbatore Krishnarao</given-names></name></person-group></element-citation></ref><ref id="B9"><element-citation publication-type="book"><source>O desafio do conhecimento: pesquisa qualitativa em saúde</source><date><year>2004</year></date><person-group><name><surname>MINAYO</surname><given-names>Maria Cecíclia de Souza</given-names></name><name><surname>MINAYO</surname><given-names>Maria Cecíclia de Souza</given-names></name></person-group></element-citation></ref><ref id="B10"><element-citation publication-type="book"><source>O trabalho de enfermagem</source><date><year>1997</year></date><fpage>251</fpage><lpage>296</lpage><person-group><name><surname>MISHIMA</surname><given-names>Silvana Martins</given-names></name><name><surname>ALMEIDA</surname><given-names>Maria Cecília Puntel</given-names></name><name><surname>ROCHA</surname><given-names>Semírames Melani</given-names></name><name><surname>ALMEIDA</surname><given-names>Maria Cecília Puntel</given-names></name><name><surname>ROCHA</surname><given-names>Semírames Melani</given-names></name></person-group></element-citation></ref><ref id="B11"><element-citation publication-type="thesis"><source>O ensino de enfermagem em saúde coletiva: redescobrindo caminhos para novas práticas</source><date><year>2003</year></date><person-group><name><surname>MORAES</surname><given-names>Maria Julia Barbosa de</given-names></name><name><surname>MORAES</surname><given-names>Maria Julia Barbosa de</given-names></name></person-group></element-citation></ref><ref id="B12"><element-citation publication-type="book"><source>A competência essencial</source><date><year>2000</year></date><person-group><name><surname>NISEMBAUM</surname><given-names>Hugo</given-names></name><name><surname>NISEMBAUM</surname><given-names>Hugo</given-names></name></person-group></element-citation></ref><ref id="B13"><element-citation publication-type="book"><source>Profae: Educação Profissional em Saúde e Cidadania</source><date><year>2002</year></date><fpage>33</fpage><lpage>43</lpage><person-group><name><surname>NOGUEIRA</surname><given-names>Roberto Passos</given-names></name><name><surname>CASTRO</surname><given-names>Janete Lima de</given-names></name><name><surname>CASTRO</surname><given-names>Janete Lima de</given-names></name></person-group></element-citation></ref><ref id="B14"><element-citation publication-type="thesis"><source>Competências gerenciais do enfermeiro: relação entre as expectativas da instituição formadora e do mercado de trabalho</source><date><year>2006</year></date><person-group><name><surname>PERES</surname><given-names>Aida Maris</given-names></name><name><surname>PERES</surname><given-names>Aida Maris</given-names></name></person-group></element-citation></ref><ref id="B15"><element-citation publication-type="book"><source>A pedagogia das competências: autonomia ou adaptação</source><date><year>2002</year></date><person-group><name><surname>RAMOS</surname><given-names>Marise Nogueira</given-names></name><name><surname>RAMOS</surname><given-names>Marise Nogueira</given-names></name></person-group></element-citation></ref><ref id="B16"><element-citation publication-type="book"><source>Pesquisa social: métodos e técnicas</source><date><year>1999</year></date><person-group><name><surname>RICHARDSON</surname><given-names>Roberto Jarry</given-names></name><name><surname>RICHARDSON</surname><given-names>Roberto Jarry</given-names></name></person-group></element-citation></ref><ref id="B17"><element-citation publication-type="thesis"><source>Teoria e prática assistencial na enfermagem: o ensino e o mercado de trabalho</source><date><year>2000</year></date><person-group><name><surname>RODRIGUES</surname><given-names>Rosa Maria</given-names></name><name><surname>RODRIGUES</surname><given-names>Rosa Maria</given-names></name></person-group></element-citation></ref><ref id="B18"><element-citation publication-type="book"><source>Projeto político-pedagógico do curso de enfermagem</source><date><year>2003</year></date></element-citation></ref></ref-list></back></article></articles>