<articles xmlns:xsi="http://www.w3.org/2001/XMLSchema-instance" xsi:schemaLocation="https://raw.githubusercontent.com/scieloorg/articles_meta/master/tests/xsd/scielo_sci/ThomsonReuters_publishing.xsd" dtd-version="1.10"><article lang_id="pt" article-type="research-article"><front><journal-meta><journal-id journal-id-type="publisher">tes</journal-id><journal-title-group><journal-title>Trabalho, Educação e Saúde</journal-title><abbrev-journal-title>Trab. educ. saúde</abbrev-journal-title></journal-title-group><issn>1981-7746</issn><collection>SciELO Brazil</collection><publisher><publisher-name>Fundação Oswaldo Cruz, Escola Politécnica de Saúde Joaquim Venâncio</publisher-name></publisher></journal-meta><article-meta><unique-article-id pub-id-type="publisher-id">S1981-77462013000100003</unique-article-id><article-id pub-id-type="publisher-id">S1981-77462013000100003</article-id><article-id pub-id-type="doi">10.1590/S1981-77462013000100003</article-id><article-categories><subj-group><subject>EDUCATION &amp; EDUCATIONAL RESEARCH</subject><subject>PUBLIC, ENVIRONMENTAL &amp; OCCUPATIONAL HEALTH</subject></subj-group></article-categories><title-group><article-title lang_id="pt">Parâmetros curriculares nacionais: uma revisita aos temas transversais meio ambiente e saúde</article-title><trans-title-group lang_id="en"><trans-title>National curriculum parameters: revisiting health and environment cross-cutting issues</trans-title></trans-title-group></title-group><contrib-group><contrib contrib-type="author"><name><surname>Bomfim</surname><given-names>Alexandre Maia do</given-names></name><role>ND</role></contrib><contrib contrib-type="author"><name><surname>Anjos</surname><given-names>Maylta Brandão dos</given-names></name><role>ND</role></contrib><contrib contrib-type="author"><name><surname>Floriano</surname><given-names>Marcio Douglas</given-names></name><role>ND</role></contrib><contrib contrib-type="author"><name><surname>Figueiredo</surname><given-names>Carmen Simone Macedo</given-names></name><role>ND</role></contrib><contrib contrib-type="author"><name><surname>Santos</surname><given-names>Denise Azevedo dos</given-names></name><role>ND</role></contrib><contrib contrib-type="author"><name><surname>Silva</surname><given-names>Carolina Luiza de Castro da</given-names></name><role>ND</role></contrib></contrib-group><pub-date><month>04</month><year>2013</year></pub-date><volume>11</volume><issue>1</issue><fpage>27</fpage><lpage>52</lpage><permissions><license license-type="open-access" href="http://creativecommons.org/licenses/by-nc/4.0/"><license-p>This work is licensed under a Creative Commons Attribution-NonCommercial 4.0 International License.</license-p></license></permissions><self-uri href="http://www.scielo.br/scielo.php?script=sci_arttext&amp;pid=S1981-77462013000100003&amp;lng=en&amp;tlng=en" content-type="full_text_page"/><self-uri href="http://www.scielo.br/scielo.php?script=sci_issuetoc&amp;pid=1981-774620130001&amp;lng=en" content-type="issue_page"/><self-uri href="http://www.scielo.br/scielo.php?script=sci_serial&amp;pid=1981-7746&amp;lng=en" content-type="journal_page"/><abstract lang_id="pt"><p>Nosso estudo parte do legado dos temas transversais deixado pelos Parâmetros Curriculares Nacionais, especificamente os de meio ambiente e saúde, procurando entender como foram processados em documentos oficiais - como as Diretrizes Curriculares Nacionais, as Orientações Curriculares para o Ensino Médio etc. - e como foram absorvidos e ressignificados no interior das escolas, principalmente nos projetos político-pedagógicos. Procurou-se problematizar esses temas com base no momento atual, sem desconsiderar, no entanto, o contexto em que foram criados. Para essa releitura, o suporte veio de autores que trabalham com análise de textos e pesquisa qualitativa. O estudo das partes 'meio ambiente' e 'saúde' mostrou que os textos, de maneira geral, são pouco atraentes; pouco práticos; apresentam dificuldades em dar pistas de ação; não mostram bem as diferentes interfaces com as diferentes áreas; não facilitam a visualização do sentido em que ocorre a trans e a interdisciplinaridade; apresentam-se em alguns momentos lacunares ou superficiais; e têm uma proposta de educação comportamentalista. Nesse limite, a educação serve mais à conformação do que à transformação da realidade; responsabiliza demasiadamente o indivíduo e isenta o Estado; promove uma cidadania passiva, que alcança a compreensão do direito, mas não a sua realização.</p></abstract><trans-abstract lang_id="en"><p>Our study begins with the legacy of the cross-cutting issues left by the National Curriculum Parameters, specifically concerning environment and health, in an attempt to understand how they were processed in official documents - such as the National Curriculum Guidelines, the Curriculum Instructions for Secondary Education, etc. - and how they were absorbed and resignified within the schools, particularly in the political-pedagogical projects. An attempt was made to problematize these topics based on the current moment, never neglecting, however, the context in which they were created. For this new reading, support came from authors working with text analysis and qualitative research. The study of the 'environment' and 'health' portions showed that the texts are largely unattractive; impractical; have difficulties in giving clues for action; do not show the different interfaces with the different areas well; do not facilitate viewing the direction in which trans and interdisciplinarity take place; at times, are insufficient or superficial, and bring a behaviorist proposal for education. Within these limitations, education is more useful for conformity than to actually transform reality; it attributes too much responsibility to the individual and exempts the State from its duties; it fosters passive citizenship, which indeed affords an understanding of one's rights, but does not actually achieve them.</p></trans-abstract><kwd-group lang_id="pt" kwd-group-type="author-generated"><kwd>educação ambiental</kwd><kwd>educação e saúde</kwd><kwd>temas transversais</kwd><kwd>PCNs</kwd><kwd>DCNs</kwd></kwd-group><kwd-group lang_id="en" kwd-group-type="author-generated"><kwd>environmental education</kwd><kwd>education and health</kwd><kwd>cross-cutting issues</kwd><kwd>NCPs</kwd><kwd>DCNs</kwd></kwd-group></article-meta></front><back><ref-list><ref id="B1"><element-citation publication-type="article"><article-title>Influências do Banco Mundial no projeto educacional brasileiro</article-title><source>Educação e Pesquisa</source><date><month>06</month><year>2002</year></date><fpage>77</fpage><lpage>89</lpage><issue>1</issue><volume>28</volume><person-group><name><surname>ALTMANN</surname><given-names>Helena</given-names></name></person-group></element-citation></ref><ref id="B2"><element-citation publication-type="article"><article-title>Diretrizes e Parâmetros Curriculares Nacionais para o Ensino Fundamental: a participação das instâncias políticas do Estado</article-title><source>Educação e Sociedade</source><date><month>09</month><year>2002</year></date><fpage>368</fpage><lpage>385</lpage><issue>80</issue><volume>23</volume><person-group><name><surname>BONAMINO</surname><given-names>Alicia</given-names></name><name><surname>MARTÍNEZ</surname><given-names>Silvia Alícia</given-names></name></person-group></element-citation></ref><ref id="B3"><element-citation publication-type="article"><article-title>O (sub)desenvolvimento (in)sustentável: a questão ambiental nos países periféricos latinoamericanos</article-title><source>Trabalho Necessário</source><date><year>2010</year></date><issue>10</issue><volume>8</volume><person-group><name><surname>BOMFIM</surname><given-names>Alexandre Maia do.</given-names></name></person-group><ext-link>www.uff.br/trabalhonecessario/images/TN10BONFIM.pdf</ext-link></element-citation></ref><ref id="B4"><element-citation publication-type="conference"><source>Anais...</source><date><year>2009</year></date><person-group><name><surname>BOMFIM</surname><given-names>Alexandre Maia do</given-names></name><name><surname>PICCOLO</surname><given-names>Fernanda Delvalhas</given-names></name></person-group></element-citation></ref><ref id="B5"><element-citation publication-type="book"><source>Lei de Diretrizes e Bases da Educação Nacional. Lei n. 9.9394, de 20 de dezembro de 1996</source><date><year>1996</year></date><ext-link>www.planalto.gov.br/ccivil_03/Leis/L9394.htm</ext-link></element-citation></ref><ref id="B6"><element-citation publication-type="book"><source>Parâmetros Curriculares Nacionais: introdução aos Parâmetros Curriculares Nacio-nais</source><date><year>1997</year></date></element-citation></ref><ref id="B7"><element-citation publication-type="book"><source>Parâmetros Curriculares Nacionais: apresentação dos temas transversais, ética</source><date><year>1997</year></date></element-citation></ref><ref id="B8"><element-citation publication-type="book"><source>Diretrizes Curriculares Nacionais para o Ensino Fundamental. Resolução n. 2, de 7 abril de 1998. Institui as Diretrizes Curriculares Nacionais para o Ensino Fundamental</source><date><day>15</day><month>04</month><year>1998</year></date><ext-link>http://portal.mec.gov.br/dmdocuments/resolucao_ceb_0298.pdf</ext-link></element-citation></ref><ref id="B9"><element-citation publication-type="book"><source>Diretrizes Curriculares Nacionais para o Ensino Médio. Resolução CEB n. 3, de 26 de junho de 1998</source><date><year>1998</year></date><ext-link>http://portal.mec.gov.br/cne/arquivos/pdf/rceb03_98.pdf</ext-link></element-citation></ref><ref id="B10"><element-citation publication-type="book"><source>Parecer CEB n. 04/98. Diretrizes Curriculares Nacionais para o Ensino Fundamental</source><date><year>1998</year></date></element-citation></ref><ref id="B11"><element-citation publication-type="book"><source>Parâmetros Curriculares Nacionais - terceiro e quarto ciclos: apresentação dos temas transversais</source><date><year>1998</year></date></element-citation></ref><ref id="B12"><element-citation publication-type="book"><source>Parâmetros Curriculares para o Ensino Médio</source><date><year>1999</year></date></element-citation></ref><ref id="B13"><element-citation publication-type="book"><source>Parâmetros Nacionais Curriculares Ensino Médio: bases legais</source><date><year>2000</year></date><ext-link>http://portal.mec.gov.br/seb/arquivos/pdf/blegais.pdf</ext-link></element-citation></ref><ref id="B14"><element-citation publication-type="book"><source>PCN + Ensino Médio: orientações complementares aos Parâmetros Curriculares Nacionais - ciências da natureza, matemática e suas tecnologias</source><date><year>2002</year></date><ext-link>http://portal.mec.gov.br/seb/arquivos/pdf/CienciasNatureza.pdf</ext-link></element-citation></ref><ref id="B15"><element-citation publication-type="book"><source>PCN + Ensino Médio: orientações complementares aos Parâmetros Curriculares Nacionais - ciências humanas e suas tecnologias</source><date><year>2002</year></date><ext-link>http://portal.mec.gov.br/seb/arquivos/pdf/CienciasHumanas.pdf</ext-link></element-citation></ref><ref id="B16"><element-citation publication-type="book"><source>PCN + Ensino Médio: orientações complementares aos Parâmetros Curriculares Nacionais - linguagens, códigos e suas tecnologias</source><date><year>2002</year></date><ext-link>http://portal.mec.gov.br/seb/arquivos/pdf/linguagens02.pdf</ext-link></element-citation></ref><ref id="B17"><element-citation publication-type="book"><source>Orientações curriculares para o ensino médio: linguagem, códigos e suas tecnologias</source><date><year>2006</year></date><volume>1</volume></element-citation></ref><ref id="B18"><element-citation publication-type="book"><source>Orientações curriculares para o ensino médio: ciências da natureza, matemática e suas tecnologias</source><date><year>2006</year></date><volume>2</volume></element-citation></ref><ref id="B19"><element-citation publication-type="book"><source>Orientações curriculares para o ensino médio: ciências humanas e suas tecnologias</source><date><year>2006</year></date><volume>3</volume></element-citation></ref><ref id="B20"><element-citation publication-type="book"><source>Casos de dengue. Brasil, grandes regiões e unidades federadas. 1997 a 2009</source><date><year>2010</year></date><ext-link>http://portal.saude.gov.br/portal/arquivos/pdf/tab_casos_dengue_bra_gr_uf_97_09.pdf</ext-link></element-citation></ref><ref id="B21"><element-citation publication-type="article"><article-title>Conceitos de educação e promoção em saúde</article-title><source>Revista Saúde Pública</source><date><year>1997</year></date><fpage>209</fpage><lpage>213</lpage><issue>2</issue><volume>31</volume><person-group><name><surname>CANDEIAS</surname><given-names>Nelly Martins Ferreira</given-names></name></person-group></element-citation></ref><ref id="B22"><element-citation publication-type="article"><article-title>'Ecologia' e condições físicas de reprodução social: alguns fios condutores marxistas</article-title><source>Crítica Marxista</source><date><month>03</month><year>2003</year></date><fpage>39</fpage><lpage>75</lpage><issue>16</issue><person-group><name><surname>CHESNAIS</surname><given-names>François</given-names></name><name><surname>SERFATI</surname><given-names>Claude</given-names></name></person-group></element-citation></ref><ref id="B23"><element-citation publication-type="article"><article-title>A luta pela ética no ensino fundamental: religiosa ou laica?</article-title><source>Cadernos de Pesquisa</source><date><month>08</month><year>2009</year></date><fpage>401</fpage><lpage>419</lpage><issue>137</issue><volume>39</volume><person-group><name><surname>CUNHA</surname><given-names>Luiz Antônio</given-names></name></person-group><ext-link>www.scielo.br/pdf/cp/v39n137/v39n137a05.pdf</ext-link></element-citation></ref><ref id="B24"><element-citation publication-type="article"><article-title>Parâmetros Curriculares Nacionais e o ensino fundamental</article-title><source>Revista Brasileira de Educação</source><date><month>08</month><year>1996</year></date><fpage>4</fpage><lpage>17</lpage><volume>2</volume><person-group><name><surname>CURY</surname><given-names>Carlos Roberto Jamil</given-names></name></person-group><ext-link>www.anped.org.br/rbe/rbedigital/rbde02/rbde02_03_carlos_roberto_ jamil_cury.pdf</ext-link></element-citation></ref><ref id="B25"><element-citation publication-type="article"><article-title>O modelo de competências profissionais no mundo do trabalho e na educação: implicações para o currículo</article-title><source>Boletim Técnico do Senac</source><date><month>12</month><year>2001</year></date><issue>3</issue><volume>27</volume><person-group><name><surname>DELUIZ</surname><given-names>Neise</given-names></name></person-group></element-citation></ref><ref id="B26"><element-citation publication-type="article"><article-title>Trabalho, meio ambiente e desenvolvimento sustentável: implicações para uma proposta de formação crítica</article-title><source>Boletim Técnico do Senac</source><date><month>08</month><year>2004</year></date><fpage>19</fpage><lpage>29</lpage><issue>2</issue><volume>30</volume><person-group><name><surname>DELUIZ</surname><given-names>Neise</given-names></name><name><surname>NOVICKI</surname><given-names>Victor</given-names></name></person-group></element-citation></ref><ref id="B27"><element-citation publication-type="book"><source>Limites do desenvolvimento sustentável</source><date><year>2001</year></date><person-group><name><surname>FOLADORI</surname><given-names>Guillermo</given-names></name><name><surname>FOLADORI</surname><given-names>Guillermo</given-names></name></person-group></element-citation></ref><ref id="B28"><element-citation publication-type="article"><article-title>O Banco Mundial como referência para a justiça social no Terceiro Mundo: evidências do caso brasileiro</article-title><source>Revista da Faculdade de Educação</source><date><month>06</month><year>1998</year></date><fpage>37</fpage><lpage>69</lpage><issue>1</issue><volume>24</volume><person-group><name><surname>FONSECA</surname><given-names>Marília</given-names></name></person-group></element-citation></ref><ref id="B29"><element-citation publication-type="book"><source>A ecologia de Marx: materialismo e natureza</source><date><year>2005</year></date><person-group><name><surname>FOSTER</surname><given-names>John Bellamy</given-names></name><name><surname>FOSTER</surname><given-names>John Bellamy</given-names></name></person-group></element-citation></ref><ref id="B30"><element-citation publication-type="article"><article-title>Educação básica no Brasil na década de 1990: subordinação ativa e consentida à lógica do mercado</article-title><source>Educação e Sociedade</source><date><month>04</month><year>2003</year></date><fpage>93</fpage><lpage>130</lpage><issue>82</issue><volume>24</volume><person-group><name><surname>FRIGOTTO</surname><given-names>Gaudêncio</given-names></name><name><surname>CIAVATTA</surname><given-names>Maria</given-names></name></person-group></element-citation></ref><ref id="B31"><element-citation publication-type="book"><source>A arte de pesquisar: como fazer pesquisa qualitativa em ciências sociais</source><date><year>2003</year></date><person-group><name><surname>GOLDENBERG</surname><given-names>Mirian</given-names></name><name><surname>GOLDENBERG</surname><given-names>Mirian</given-names></name></person-group></element-citation></ref><ref id="B32"><element-citation publication-type="book"><source>Concepção dialética da História</source><date><year>1981</year></date><person-group><name><surname>GRAMSCI</surname><given-names>Antonio</given-names></name><name><surname>GRAMSCI</surname><given-names>Antonio</given-names></name></person-group></element-citation></ref><ref id="B33"><element-citation publication-type="book"><source>Climate Change 2007</source><date><month>02</month><year>2007</year></date><ext-link>www.ipcc.ch</ext-link></element-citation></ref><ref id="B34"><element-citation publication-type="book"><source>Dialética do concreto</source><date><year>1976</year></date><person-group><name><surname>KOSIK</surname><given-names>Karel</given-names></name><name><surname>KOSIK</surname><given-names>Karel</given-names></name></person-group></element-citation></ref><ref id="B35"><element-citation publication-type="article"><article-title>Do ecodesenvolvimento ao desenvolvimento sustentável: evolução de um conceito?</article-title><source>Proposta</source><date><month>02</month><year>1997</year></date><fpage>1</fpage><lpage>5</lpage><issue>71</issue><volume>24</volume><person-group><name><surname>LAYRARGUES</surname><given-names>Philippe Pomier</given-names></name></person-group></element-citation></ref><ref id="B36"><element-citation publication-type="conference"><date><year>2004</year></date><person-group><name><surname>LOMÔNACO</surname><given-names>Aparecida de Fátima Soane</given-names></name></person-group><ext-link>www.anped.org.br/reunioes/27/gt06/t063.pdf</ext-link></element-citation></ref><ref id="B37"><element-citation publication-type="article"><article-title>Competências na organização curricular da reforma do ensino médio</article-title><source>Boletim Técnico do Senac</source><date><month>12</month><year>2001</year></date><issue>3</issue><volume>27</volume><person-group><name><surname>LOPES</surname><given-names>Alice Casimiro</given-names></name></person-group></element-citation></ref><ref id="B38"><element-citation publication-type="book"><source>Ecologia e socialismo</source><date><year>2005</year></date><person-group><name><surname>LÖWY</surname><given-names>Michael</given-names></name><name><surname>LÖWY</surname><given-names>Michael</given-names></name></person-group></element-citation></ref><ref id="B39"><element-citation publication-type="book"><source>Novas tendências em análise do discurso</source><date><year>1997</year></date><person-group><name><surname>MAINGUENEAU</surname><given-names>Dominique</given-names></name><name><surname>MAINGUENEAU</surname><given-names>Dominique</given-names></name></person-group></element-citation></ref><ref id="B40"><element-citation publication-type="book"><source>O princípio educativo em Gramsci</source><date><year>1990</year></date><person-group><name><surname>MANACORDA</surname><given-names>Mario</given-names></name><name><surname>MANACORDA</surname><given-names>Mario</given-names></name></person-group></element-citation></ref><ref id="B41"><element-citation publication-type="conference"><date><year>2006</year></date><person-group><name><surname>MELO</surname><given-names>Savana Diniz Gomes</given-names></name></person-group><ext-link>www.anped.org.br/reunioes/29ra/trabalhos/trabalho/GT05-2016-Int.pdf</ext-link></element-citation></ref><ref id="B42"><element-citation publication-type="book"><source>Dicionário da educação profissional em saúde</source><date><year>2009</year></date><fpage>155</fpage><lpage>162</lpage><person-group><name><surname>MOROSINI</surname><given-names>Márcia Valéria</given-names></name><name><surname>FONSECA</surname><given-names>Angélica Ferreira</given-names></name><name><surname>PEREIRA</surname><given-names>Isabel Brasil</given-names></name><name><surname>PEREIRA</surname><given-names>Isabel Brasil</given-names></name><name><surname>LIMA</surname><given-names>Julio César França</given-names></name><name><surname>PEREIRA</surname><given-names>Isabel Brasil</given-names></name><name><surname>LIMA</surname><given-names>Julio César França</given-names></name></person-group><ext-link>www.epsjv.fiocruz.br/dicionario/verbetes/edusau.html</ext-link></element-citation></ref><ref id="B43"><element-citation publication-type="book"><source>Crítica à razão dualista/O ornitorrinco</source><date><year>2003</year></date><person-group><name><surname>OLIVEIRA</surname><given-names>Francisco de</given-names></name><name><surname>OLIVEIRA</surname><given-names>Francisco de</given-names></name></person-group></element-citation></ref><ref id="B44"><element-citation publication-type="book"><source>Análise do discurso: princípios e procedimentos</source><date><year>2005</year></date><person-group><name><surname>ORLANDI</surname><given-names>Eni</given-names></name><name><surname>ORLANDI</surname><given-names>Eni</given-names></name></person-group></element-citation></ref><ref id="B45"><element-citation publication-type="article"><article-title>Bullying: mais uma epidemia invisível</article-title><source>Revista Brasileira de Educação Médica</source><date><month>04</month><year>2006</year></date><fpage>3</fpage><lpage>5</lpage><issue>1</issue><volume>30</volume><person-group><name><surname>PALÁCIOS</surname><given-names>Marisa</given-names></name><name><surname>REGO</surname><given-names>Sérgio</given-names></name></person-group></element-citation></ref><ref id="B46"><element-citation publication-type="article"><article-title>Bioética da proteção e papel do Estado: problemas morais no acesso desigual à água potável</article-title><source>Cadernos de Saúde Pública</source><date><month>10</month><year>2004</year></date><fpage>1.319</fpage><lpage>1.327</lpage><issue>5</issue><volume>20</volume><person-group><name><surname>PONTES</surname><given-names>Carlos Antonio Alves</given-names></name><name><surname>SCHRAMM</surname><given-names>Fermin Roland</given-names></name></person-group></element-citation></ref><ref id="B47"><element-citation publication-type="article"><article-title>A pedagogia das competências e a psicologização das questões sociais</article-title><source>Boletim Técnico do Senac</source><date><month>12</month><year>2001</year></date><issue>3</issue><volume>27</volume><person-group><name><surname>RAMOS</surname><given-names>M.</given-names></name></person-group></element-citation></ref><ref id="B48"><element-citation publication-type="book"><source>Livro II - Ciências da Natureza e Matemática</source><date><year>2006</year></date></element-citation></ref><ref id="B49"><element-citation publication-type="article"><article-title>Práticas emergentes de um novo paradigma de saúde: o papel da universidade</article-title><source>Estudos Avançados</source><date><month>04</month><year>1999</year></date><fpage>71</fpage><lpage>88</lpage><issue>35</issue><volume>13</volume><person-group><name><surname>SANTOS</surname><given-names>Jair Lício Ferreira</given-names></name><name><surname>WESTPHAL</surname><given-names>Marcia Faria</given-names></name></person-group></element-citation></ref><ref id="B50"><element-citation publication-type="book"><source>A nova lei da educação - LDB: trajetórias, limites e perspectivas</source><date><year>1997</year></date><person-group><name><surname>SAVIANI</surname><given-names>Dermeval</given-names></name><name><surname>SAVIANI</surname><given-names>Dermeval</given-names></name></person-group></element-citation></ref><ref id="B51"><element-citation publication-type="article"><article-title>Rupturas e resoluções no modelo de atenção à saúde: reflexões sobre a Estratégia Saúde da Família com base nas categorias kuhnianas</article-title><source>Interface - Comunicação, Saúde, Educação</source><date><month>02</month><year>2005</year></date><fpage>53</fpage><lpage>66</lpage><issue>16</issue><volume>9</volume><person-group><name><surname>SCHERER</surname><given-names>Magda Duarte dos Anjos</given-names></name></person-group></element-citation></ref><ref id="B52"><element-citation publication-type="book"><source>Política educacional</source><date><year>2002</year></date><person-group><name><surname>SHIROMA</surname><given-names>Eneida Oto</given-names></name><name><surname>MORAES</surname><given-names>Maria Célia</given-names></name><name><surname>EVANGELISTA</surname><given-names>Olinda</given-names></name><name><surname>SHIROMA</surname><given-names>Eneida Oto</given-names></name><name><surname>MORAES</surname><given-names>Maria Célia</given-names></name><name><surname>EVANGELISTA</surname><given-names>Olinda</given-names></name></person-group></element-citation></ref><ref id="B53"><element-citation publication-type="book"><source>Ajuste neoliberal e desajuste social na América Latina</source><date><year>2001</year></date><person-group><name><surname>SOARES</surname><given-names>Laura Tavares Ribeiro</given-names></name><name><surname>SOARES</surname><given-names>Laura Tavares Ribeiro</given-names></name></person-group></element-citation></ref><ref id="B54"><element-citation publication-type="book"><source>Desafios da globalização</source><date><year>1997</year></date><fpage>140</fpage><lpage>146</lpage><person-group><name><surname>SOBRAL</surname><given-names>Helena Robeiro</given-names></name><name><surname>DOWBOR</surname><given-names>Ladislau</given-names></name><name><surname>IANNI</surname><given-names>Octávio</given-names></name><name><surname>RESENDE</surname><given-names>Paulo Edgar</given-names></name><name><surname>DOWBOR</surname><given-names>Ladislau</given-names></name><name><surname>IANNI</surname><given-names>Octávio</given-names></name><name><surname>RESENDE</surname><given-names>Paulo Edgar</given-names></name></person-group></element-citation></ref><ref id="B55"><element-citation publication-type="conference"><date><year>2000</year></date><person-group><name><surname>TEIXEIRA</surname><given-names>Beatriz de Basto</given-names></name></person-group><ext-link>www.anped.org.br/reunioes/23/textos/0503t.PDF</ext-link></element-citation></ref></ref-list></back></article></articles>