<articles xmlns:xsi="http://www.w3.org/2001/XMLSchema-instance" xsi:schemaLocation="https://raw.githubusercontent.com/scieloorg/articles_meta/master/tests/xsd/scielo_sci/ThomsonReuters_publishing.xsd" dtd-version="1.10"><article lang_id="pt" article-type="research-article"><front><journal-meta><journal-id journal-id-type="publisher">tes</journal-id><journal-title-group><journal-title>Trabalho, Educação e Saúde</journal-title><abbrev-journal-title>Trab. educ. saúde</abbrev-journal-title></journal-title-group><issn>1981-7746</issn><collection>SciELO Brazil</collection><publisher><publisher-name>Fundação Oswaldo Cruz, Escola Politécnica de Saúde Joaquim Venâncio</publisher-name></publisher></journal-meta><article-meta><unique-article-id pub-id-type="publisher-id">S1981-77462004000200009</unique-article-id><article-id pub-id-type="publisher-id">S1981-77462004000200009</article-id><article-id pub-id-type="doi">10.1590/S1981-77462004000200009</article-id><article-categories><subj-group><subject>EDUCATION &amp; EDUCATIONAL RESEARCH</subject><subject>PUBLIC, ENVIRONMENTAL &amp; OCCUPATIONAL HEALTH</subject></subj-group></article-categories><title-group><article-title lang_id="pt">Profissionalização e regulação da atividade do agente comunitário de saúde no contexto da reforma sanitária</article-title><trans-title-group lang_id="en"><trans-title>Professionalization and regulation of the community health agent's activity in the context of the sanitary reform</trans-title></trans-title-group></title-group><contrib-group><contrib contrib-type="author"><name><surname>Mendonça</surname><given-names>Maria Helena Magalhães de</given-names></name><role>ND</role></contrib></contrib-group><pub-date><month>09</month><year>2004</year></pub-date><volume>2</volume><issue>2</issue><fpage>353</fpage><lpage>366</lpage><permissions><license license-type="open-access" href="http://creativecommons.org/licenses/by-nc/4.0/"><license-p>This work is licensed under a Creative Commons Attribution-NonCommercial 4.0 International License.</license-p></license></permissions><self-uri href="http://www.scielo.br/scielo.php?script=sci_arttext&amp;pid=S1981-77462004000200009&amp;lng=en&amp;tlng=en" content-type="full_text_page"/><self-uri href="http://www.scielo.br/scielo.php?script=sci_issuetoc&amp;pid=1981-774620040002&amp;lng=en" content-type="issue_page"/><self-uri href="http://www.scielo.br/scielo.php?script=sci_serial&amp;pid=1981-7746&amp;lng=en" content-type="journal_page"/><abstract lang_id="pt"><p>O artigo tem como tema a profissionalização da atividade do agente comunitário de saúde, no contexto das reformas sociais formuladas no processo de redemocratização do Brasil nos anos 80 e 90, com ênfase na Reforma Sanitária brasileira. O argumento central é a existência de uma relação entre projetos de renovação das práticas sociais em saúde, como a reorganização da atenção básica de saúde a partir dos Programas de Agentes Comunitários de Saúde (Pacs) e Saúde da Família (PSF), e a emergência de nova categoria de trabalhador em saúde, que exige um esforço de profissionalização, entendida como educação profissional específica e regulação da atividade no mercado de trabalho em saúde. Primeiro, trabalha-se o contexto em que se definem políticas sociais de saúde como parte da constituição da cidadania social, que se baseia nos princípios da universalidade e da igualdade entre beneficiários. No segundo momento, trata-se da emergência desse novo agente, do seu papel no processo de mudança na produção da saúde e do papel do Estado na normalização de sua atuação e regulação no mercado de trabalho em saúde. Por fim, reflete-se sobre os desafios que a recente regulação da profissão traz para a formação profissional dos trabalhadores em saúde, cujo enfrentamento favorece a implementação da estratégia de Saúde da Família e auxilia na consolidação do processo de reforma social.</p></abstract><trans-abstract lang_id="en"><p>The article deals with the professionalization of the community health agent's activity in the context of the social reforms formulated during Brazil's return to democracy in the 80s and 90s, with emphasis on the Brazilian sanitary reform. The central argument is that there is a relationship between the projects for the renovation of social practices in health - such as the reorganization of basic health care through the Programmes of Community Health Agents (Pacs) and Family Health (PSF) - and the emergence of a new category of health worker that requires specific professional training and regulation of the activity in the health labour market. First, we look at the context in which the health social policies were defined as part of the development of a social citizenship, based on the principles of universality and equality between beneficiaries. In a second stage, we deal with the emergence of these new agents, the role they play in the changes taking place in the production of health and the State's role in producing norms to regulate the activity and its participation in the health labour market. Finally, we reflect upon the challenges that the recent regulation of the profession has brought for the professional training of health workers, challenges that contribute to the implementation of the Family Health strategy and help to consolidate the process of sectorial reform.</p></trans-abstract><kwd-group lang_id="pt" kwd-group-type="author-generated"><kwd>Reforma Sanitária</kwd><kwd>atenção básica</kwd><kwd>saúde da família</kwd><kwd>profissionalização dos agentes de saúde</kwd></kwd-group><kwd-group lang_id="en" kwd-group-type="author-generated"><kwd>Sanitary Reform</kwd><kwd>basic care</kwd><kwd>family health</kwd><kwd>professionalization of health agents</kwd></kwd-group></article-meta></front><back><ref-list><ref id="B1"><element-citation publication-type="book"><source>Avaliação da implantação do programa saúde da família em dez grandes centros urbanos: síntese dos principais resultados</source><date><year>2002</year></date><person-group><name><surname>ESCOREL</surname><given-names>Sarah</given-names></name><name><surname>ESCOREL</surname><given-names>Sarah</given-names></name></person-group></element-citation></ref><ref id="B2"><element-citation publication-type="article"><article-title>Sistema Único de Saúde no Brasil: entre o formal e o real: as vicissitudes da construção de uma intervenção pública moderna</article-title><source>Cebes, Revista Saúde em Debate</source><fpage>9</fpage><lpage>24</lpage><issue>54</issue><person-group><name><surname>MENDONÇA</surname><given-names>Maria Helena M</given-names></name></person-group></element-citation></ref><ref id="B3"><element-citation publication-type="book"><source>PSF: contradições de um programa destinado à mudança do modelo tecnoassistencial</source><date><year>1999</year></date><person-group><name><surname>MERHY</surname><given-names>Emerson</given-names></name><name><surname>FRANCO</surname><given-names>Thulio</given-names></name><name><surname>MERHY</surname><given-names>Emerson</given-names></name><name><surname>FRANCO</surname><given-names>Thulio</given-names></name></person-group></element-citation></ref><ref id="B4"><element-citation publication-type="book"><source>Princípios e diretrizes para a NOB/RH - SUS</source><date><year>2003</year></date></element-citation></ref><ref id="B5"><element-citation publication-type="book"><source>Diretrizes para elaboração de programas de qualificação e requalificação dos ACS: Desenvolvimento Humano</source><date><year>1999</year></date></element-citation></ref><ref id="B6"><element-citation publication-type="book"><source>A vinculação institucional de um trabalhador sui generis: o agente comunitário de saúde</source><date><year>2000</year></date><person-group><name><surname>NOGUEIRA</surname><given-names>Roberto P</given-names></name><name><surname>SILVA</surname><given-names>Frederico B</given-names></name><name><surname>RAMOS</surname><given-names>Zuleide, V.</given-names></name><name><surname>NOGUEIRA</surname><given-names>Roberto P</given-names></name><name><surname>SILVA</surname><given-names>Frederico B</given-names></name><name><surname>RAMOS</surname><given-names>Zuleide, V.</given-names></name></person-group></element-citation></ref><ref id="B7"><element-citation publication-type="article"><article-title>Equipe multiprofissional de saúde: conceito e tipologia</article-title><source>Revista de Saúde Pública</source><fpage>103</fpage><lpage>109</lpage><issue>1</issue><volume>35</volume><person-group><name><surname>PEDUZZI</surname><given-names>Marina</given-names></name></person-group></element-citation></ref><ref id="B8"><element-citation publication-type="book"><source>Agente comunitário de saúde: o ser, o saber, o fazer</source><date><year>2002</year></date><person-group><name><surname>SILVA</surname><given-names>Joana. A.</given-names></name><name><surname>DALMASO</surname><given-names>Ana Silvia W.</given-names></name><name><surname>SILVA</surname><given-names>Joana. A.</given-names></name><name><surname>DALMASO</surname><given-names>Ana Silvia W.</given-names></name></person-group></element-citation></ref><ref id="B9"><element-citation publication-type="article"><article-title>A reforma do sistema de saúde no Brasil e o programa de Saúde da Família</article-title><source>Physis: Revista de Saúde Coletiva</source><fpage>11</fpage><lpage>48</lpage><issue>2</issue><volume>8</volume><person-group><name><surname>VIANA</surname><given-names>Ana Luiza</given-names></name><name><surname>DAL POZ</surname><given-names>Mario</given-names></name></person-group></element-citation></ref></ref-list></back></article></articles>