<articles xmlns:xsi="http://www.w3.org/2001/XMLSchema-instance" xsi:schemaLocation="https://raw.githubusercontent.com/scieloorg/articles_meta/master/tests/xsd/scielo_sci/ThomsonReuters_publishing.xsd" dtd-version="1.10"><article lang_id="pt" article-type="research-article"><front><journal-meta><journal-id journal-id-type="publisher">tes</journal-id><journal-title-group><journal-title>Trabalho, Educação e Saúde</journal-title><abbrev-journal-title>Trab. educ. saúde</abbrev-journal-title></journal-title-group><issn>1981-7746</issn><collection>SciELO Brazil</collection><publisher><publisher-name>Fundação Oswaldo Cruz, Escola Politécnica de Saúde Joaquim Venâncio</publisher-name></publisher></journal-meta><article-meta><unique-article-id pub-id-type="publisher-id">S1981-77462007000300006</unique-article-id><article-id pub-id-type="publisher-id">S1981-77462007000300006</article-id><article-id pub-id-type="doi">10.1590/S1981-77462007000300006</article-id><article-categories><subj-group><subject>EDUCATION &amp; EDUCATIONAL RESEARCH</subject><subject>PUBLIC, ENVIRONMENTAL &amp; OCCUPATIONAL HEALTH</subject></subj-group></article-categories><title-group><article-title lang_id="pt">Construção de descritores para o processo de educação permanente em atenção básica</article-title><trans-title-group lang_id="en"><trans-title>Building descriptors for the permanent basic care education process</trans-title></trans-title-group></title-group><contrib-group><contrib contrib-type="author"><name><surname>Saupe</surname><given-names>Rosita</given-names></name><role>ND</role><xref ref-type="aff" rid="A01"/></contrib><contrib contrib-type="author"><name><surname>Cutolo</surname><given-names>Luiz Roberto Agea</given-names></name><role>ND</role><xref ref-type="aff" rid="A02"/></contrib><contrib contrib-type="author"><name><surname>Sandri</surname><given-names>Juliana Vieira de Araújo</given-names></name><role>ND</role><xref ref-type="aff" rid="A03"/></contrib></contrib-group><aff id="A02"><institution>Universidade do Vale do Itajaí</institution><country>Brazil</country></aff><aff id="A03"><institution>Universidade do Vale do Itajaí</institution><country>Brazil</country></aff><aff id="A01"><institution>da Universidade do Vale do Itajaí</institution></aff><pub-date><month>11</month><year>2007</year></pub-date><volume>5</volume><issue>3</issue><fpage>433</fpage><lpage>452</lpage><permissions><license license-type="open-access" href="http://creativecommons.org/licenses/by-nc/4.0/"><license-p>This work is licensed under a Creative Commons Attribution-NonCommercial 4.0 International License.</license-p></license></permissions><self-uri href="http://www.scielo.br/scielo.php?script=sci_arttext&amp;pid=S1981-77462007000300006&amp;lng=en&amp;tlng=en" content-type="full_text_page"/><self-uri href="http://www.scielo.br/scielo.php?script=sci_issuetoc&amp;pid=1981-774620070003&amp;lng=en" content-type="issue_page"/><self-uri href="http://www.scielo.br/scielo.php?script=sci_serial&amp;pid=1981-7746&amp;lng=en" content-type="journal_page"/><abstract lang_id="pt"><p>Educação permanente e atenção básica fazem parte do sistema de saúde brasileiro desde suas origens. Recentemente estas políticas públicas foram atualizadas, gerando um movimento inovador de construção de conhecimento visando apoiar sua implementação e consolidação. Este estudo, através de uma metodologia quantitativa, procurou evidenciar os principais descritores que devem orientar os processos de educação permanente em atenção básica. O método é originário da Universidade da Carolina do Norte. É desenvolvido em duas etapas. Os dados apresentados neste artigo dizem respeito à primeira etapa, que inclui as seguintes fases: elaboração de um diagrama com todos os componentes a serem avaliados; sua análise por um grupo de especialistas, indicando o que deve ser mantido, retirado ou incluído; avaliação por juízes, utilizando escala Likert de 1 a 5; verificação da concordância entre os juízes. O diagrama foi decomposto em quatro dimensões, procurando responder as seguintes questões: para quem? - audiências ou população alvo; o quê? - módulos de conteúdos e experiências de aprendizagem; para quê? - competências a serem desenvolvidas; e como? - metodologia a ser priorizada. Os resultados evidenciaram a procedência dos descritores propostos e avaliados, constituindo em material que pode contribuir para a tomada de decisão sobre educação permanente em atenção básica.</p></abstract><trans-abstract lang_id="en"><p>Permanent education and basic care have been part of the Brazilian health system from the beginning. These public policies were recently updated, leading to an innovative knowledge construction movement to support their implementation and consolidation. This study, which used a quantitative approach, attempted to single-out the main descriptors that must guide the permanent basic care education processes. The method originated at the University of North Carolina and is carried out in two stages. The data shown in this article concern the first stage, which includes these phases: elaboration of a diagram with all components to be assessed; analysis by a group of specialists, indicating what must be preserved, removed or included; evaluation by judges, based on the 1-to-5 Likert scale; verification of the agreement among the judges. The diagram was decomposed in four dimensions, seeking to answer these questions: for whom? audiences or target population; what? content modules and learning experiences; for what? competencies to be developed; and how? approach to be prioritized. The results showed the validity of the descriptors that were proposed and evaluated, a material that may contribute to decision-making regarding permanent basic care education.</p></trans-abstract><kwd-group lang_id="en" kwd-group-type="author-generated"><kwd>basic health care</kwd><kwd>permanent education</kwd><kwd>descriptors</kwd></kwd-group><kwd-group lang_id="pt" kwd-group-type="author-generated"><kwd>atenção básica à saúde</kwd><kwd>educação permanente</kwd><kwd>descritores</kwd></kwd-group></article-meta></front><back><ref-list><ref id="B1"><element-citation publication-type="book"><source>Diretrizes curriculares nacionais para os cursos universitários da área da saúde</source><date><year>2003</year></date><person-group><name><surname>ALMEIDA</surname><given-names>Marcio José de</given-names></name><name><surname>ALMEIDA</surname><given-names>Marcio José de</given-names></name></person-group></element-citation></ref><ref id="B2"><element-citation publication-type="book"><source>O que é educação</source><date><year>1993</year></date><person-group><name><surname>BRANDÃO</surname><given-names>Carlos Rodrigues</given-names></name><name><surname>BRANDÃO</surname><given-names>Carlos Rodrigues</given-names></name></person-group></element-citation></ref><ref id="B3"><element-citation publication-type="book"><source>Políticas de formação e desenvolvimento para o SUS: caminhos para a educação permanente em saúde</source><date><day>18</day><month>09</month><year>2003</year></date><ext-link>http://bvsms.saude.gov.br/bvs /publicacoes</ext-link></element-citation></ref><ref id="B4"><element-citation publication-type="book"><source>Portaria GM/MS nº 198/2004, de 13 de fevereiro de 2004: Institui a Política Nacional de Educação Permanente em Saúde como estratégia do Sistema Único de Saúde para a formação e o desenvolvimento de trabalhadores para o setor e dá outras providências</source><ext-link>http://portal.saude.gov.br/portal/sgtes</ext-link></element-citation></ref><ref id="B5"><element-citation publication-type="book"><source>A educação permanente entra na roda: pólos de educação permanente em saúde - conceitos e caminhos a percorrer</source><date><year>2005</year></date><ext-link>http://bvsms.saude.gov.br/bvs /publicacoes/</ext-link></element-citation></ref><ref id="B6"><element-citation publication-type="book"><source>Programa Nacional de Reorientação da Formação Profissional em Saúde</source><date><year>2005</year></date><ext-link>http://portal.saude.gov.br /portal/sgtes</ext-link></element-citation></ref><ref id="B7"><element-citation publication-type="link"><date><day>21</day><month>07</month><year>2007</year></date><ext-link>http://portal.saúde.gov.br/portal/sgtes</ext-link></element-citation></ref><ref id="B8"><element-citation publication-type="article"><article-title>Educação Permanente em Saúde: desafio ambicioso e necessário</article-title><source>Interface: Comunicação, Saúde, Educação</source><date><month>02</month><year>2005</year></date><fpage>161</fpage><lpage>168</lpage><issue>16</issue><volume>9</volume><person-group><name><surname>CECCIM</surname><given-names>Ricardo Burg</given-names></name></person-group></element-citation></ref><ref id="B9"><element-citation publication-type="article"><article-title>O quadrilátero da formação para a área da saúde: ensino, gestão, atenção e controle social</article-title><source>Physis: Revista de Saúde Coletiva</source><date><year>2004</year></date><fpage>41</fpage><lpage>65</lpage><issue>1</issue><volume>14</volume><person-group><name><surname>CECCIM</surname><given-names>Ricardo Burg</given-names></name><name><surname>FEUERWERKER</surname><given-names>Laura C. M.</given-names></name></person-group></element-citation></ref><ref id="B10"><element-citation publication-type="thesis"><source>Estilo de pensamento em educação médica: um estudo do currículo do curso de graduação em Medicina da UFSC</source><date><year>2001</year></date><person-group><name><surname>CUTOLO</surname><given-names>Luiz Roberto Agea</given-names></name><name><surname>CUTOLO</surname><given-names>Luiz Roberto Agea</given-names></name></person-group></element-citation></ref><ref id="B11"><element-citation publication-type="book"><source>Conversações</source><date><year>1992</year></date><person-group><name><surname>DELEUZE</surname><given-names>Gilles</given-names></name><name><surname>DELEUZE</surname><given-names>Gilles</given-names></name></person-group></element-citation></ref><ref id="B12"><element-citation publication-type="thesis"><source>Educação permanente/ continuada no trabalho: um direito e uma necessidade para o desenvolvimento pessoal, profissional e institucional</source><date><year>2005</year></date><person-group><name><surname>FERRAZ</surname><given-names>Fabiane</given-names></name><name><surname>FERRAZ</surname><given-names>Fabiane</given-names></name></person-group></element-citation></ref><ref id="B13"><element-citation publication-type="book"><source>Educação permanente e desenvolvimento cultural</source><date><year>1974</year></date><person-group><name><surname>FURTER</surname><given-names>Pierre</given-names></name><name><surname>FURTER</surname><given-names>Pierre</given-names></name></person-group></element-citation></ref><ref id="B14"><element-citation publication-type="book"><source>Cuidado escola! Desigualdades, domesticação e algumas saídas</source><date><year>1980</year></date><person-group><name><surname>HARPER</surname><given-names>Babette</given-names></name><name><surname>HARPER</surname><given-names>Babette</given-names></name></person-group></element-citation></ref><ref id="B15"><element-citation publication-type="article"><article-title>O desafio que a educação permanente tem em si: a pedagogia da implicação</article-title><source>Interface: Comunicação, Saúde, Educação</source><date><month>02</month><year>2005</year></date><fpage>172</fpage><lpage>174</lpage><issue>16</issue><volume>9</volume><person-group><name><surname>MERHY</surname><given-names>Emerson Elias</given-names></name></person-group></element-citation></ref><ref id="B16"><element-citation publication-type="article"><article-title>Educação permanente: direito de cidadania, responsabilidade do Estado</article-title><source>Trabalho, educação e saúde</source><date><year>2006</year></date><fpage>395</fpage><lpage>416</lpage><issue>2</issue><volume>4</volume><person-group><name><surname>MORAES</surname><given-names>Sylvia Vidigal</given-names></name></person-group></element-citation></ref><ref id="B17"><element-citation publication-type="book"><source>Continuando la educación de los trabajadores de salud: principio e guías para el desarrollo de un sistema</source><date><year>1982</year></date></element-citation></ref><ref id="B18"><element-citation publication-type="book"><source>Proyecto regional de educación permanente en salud</source><date><year>1978</year></date></element-citation></ref><ref id="B19"><element-citation publication-type="book"><source>Programa de desarrollo de recursos humanos: la capacitación del personal de los servicios de salud en proyectos relacionados con los procesos de reforma sectorial, 2002</source><ext-link>www.opas.org.br/rh /admin/documentos/ACF33.pdf</ext-link></element-citation></ref><ref id="B20"><element-citation publication-type="article"><article-title>Boletim Informativo/ eletrônico</article-title><source>Rede Unida</source><date><day>23</day><month>02</month><year>2004</year></date><issue>17</issue><person-group><name><surname>PEREIRA</surname><given-names>Luciana Alves</given-names></name><name><surname>MONTEIRO</surname><given-names>Fatículo Andreo</given-names></name></person-group><ext-link>www.redeunida.org.br /inrede/inreden17.asp</ext-link></element-citation></ref><ref id="B21"><element-citation publication-type="article"><article-title>Educação permanente como estratégia na reorganização dos serviços de saúde</article-title><source>Divulg. saúde debate</source><date><month>07</month><year>1996</year></date><fpage>39</fpage><lpage>44</lpage><volume>12</volume><person-group><name><surname>RIBEIRO</surname><given-names>Eliana Claudia de Otero</given-names></name><name><surname>MOTTA</surname><given-names>José Inácio Jardim</given-names></name></person-group><ext-link>www.redeunida.org.br/arquivos/educacao.rtf</ext-link></element-citation></ref><ref id="B22"><element-citation publication-type="article"><article-title>Competência dos profissionais da saúde para o trabalho interdisciplinar</article-title><source>Interface: Comunicação, Saúde, Educação</source><date><year>2005</year></date><fpage>521</fpage><lpage>536</lpage><issue>18</issue><volume>9</volume><person-group><name><surname>SAUPE</surname><given-names>Rosita</given-names></name></person-group></element-citation></ref><ref id="B23"><element-citation publication-type="article"><article-title>Conceito de competência: validação por profissionais de saúde</article-title><source>Saúde em Revista</source><date><year>2006</year></date><fpage>31</fpage><lpage>37</lpage><issue>18</issue><volume>8</volume><person-group><name><surname>SAUPE</surname><given-names>Rosita</given-names></name></person-group></element-citation></ref><ref id="B24"><element-citation publication-type="article"><article-title>Avaliação do Programa Imposto de Renda - 77</article-title><source>Projeção</source><date><year>1977</year></date><fpage>2</fpage><lpage>11</lpage><issue>19</issue><person-group><name><surname>SPÍNOLA</surname><given-names>Moacyr Roberto</given-names></name><name><surname>PEREIRA</surname><given-names>Evaristo Manoel</given-names></name></person-group></element-citation></ref><ref id="B25"><element-citation publication-type="article"><article-title>Comentarios estimulados por la lectura del artículo "Educação permanente em Saúde: desafio ambicioso e necessário"</article-title><source>Interface: Comunicação, Saúde, Educação</source><date><month>02</month><year>2005</year></date><fpage>169</fpage><lpage>171</lpage><issue>16</issue><volume>9</volume><person-group><name><surname>ROVERE</surname><given-names>Mario</given-names></name></person-group></element-citation></ref><ref id="B26"><element-citation publication-type="conference"><source>Anais...</source><date><day>07</day><month>06</month><year>1980</year></date><person-group><name><surname>VIEIRA</surname><given-names>Therezinha Teixeira</given-names></name><name><surname>ROMAN</surname><given-names>Alaíde Vieira de</given-names></name><name><surname>LUCKESI</surname><given-names>Maria Antonieta Vasconcelos</given-names></name></person-group></element-citation></ref></ref-list></back></article></articles>