<articles xmlns:xsi="http://www.w3.org/2001/XMLSchema-instance" xsi:schemaLocation="https://raw.githubusercontent.com/scieloorg/articles_meta/master/tests/xsd/scielo_sci/ThomsonReuters_publishing.xsd" dtd-version="1.10"><article lang_id="pt" article-type="research-article"><front><journal-meta><journal-id journal-id-type="publisher">tes</journal-id><journal-title-group><journal-title>Trabalho, Educação e Saúde</journal-title><abbrev-journal-title>Trab. educ. saúde</abbrev-journal-title></journal-title-group><issn>1981-7746</issn><collection>SciELO Brazil</collection><publisher><publisher-name>Fundação Oswaldo Cruz, Escola Politécnica de Saúde Joaquim Venâncio</publisher-name></publisher></journal-meta><article-meta><unique-article-id pub-id-type="publisher-id">S1981-77462006000200005</unique-article-id><article-id pub-id-type="publisher-id">S1981-77462006000200005</article-id><article-id pub-id-type="doi">10.1590/S1981-77462006000200005</article-id><article-categories><subj-group><subject>EDUCATION &amp; EDUCATIONAL RESEARCH</subject><subject>PUBLIC, ENVIRONMENTAL &amp; OCCUPATIONAL HEALTH</subject></subj-group></article-categories><title-group><article-title lang_id="pt">O ensino da saúde pública no Brasil: os primeiros tempos no Rio de Janeiro</article-title><trans-title-group lang_id="en"><trans-title>Public health education in Brazil: beforetime in Rio de Janeiro</trans-title></trans-title-group></title-group><contrib-group><contrib contrib-type="author"><name><surname>Santos</surname><given-names>Luiz Antonio de Castro</given-names></name><role>ND</role><xref ref-type="aff" rid="A01"/></contrib><contrib contrib-type="author"><name><surname>Faria</surname><given-names>Lina</given-names></name><role>ND</role></contrib></contrib-group><aff id="A01"><institution>Universidade do Estado do Rio de Janeiro</institution><country>Brazil</country></aff><pub-date><month>09</month><year>2006</year></pub-date><volume>4</volume><issue>2</issue><fpage>291</fpage><lpage>324</lpage><permissions><license license-type="open-access" href="http://creativecommons.org/licenses/by-nc/4.0/"><license-p>This work is licensed under a Creative Commons Attribution-NonCommercial 4.0 International License.</license-p></license></permissions><self-uri href="http://www.scielo.br/scielo.php?script=sci_arttext&amp;pid=S1981-77462006000200005&amp;lng=en&amp;tlng=en" content-type="full_text_page"/><self-uri href="http://www.scielo.br/scielo.php?script=sci_issuetoc&amp;pid=1981-774620060002&amp;lng=en" content-type="issue_page"/><self-uri href="http://www.scielo.br/scielo.php?script=sci_serial&amp;pid=1981-7746&amp;lng=en" content-type="journal_page"/><abstract lang_id="pt"><p>Busca-se neste artigo recuperar as primeiras décadas do ensino da saúde pública no Rio de Janeiro, uma vez que a antiga capital federal revelou-se importante centro formador de profissionais sanitaristas. No Rio de Janeiro, o governo federal implantou centros de saúde pioneiros e contou com o auxílio técnico e os recursos humanos da Fundação Rockefeller. Partindo do contexto socioeconômico e político da década de 1920, o trabalho abrange o ensino da saúde pública durante a Primeira República, estende-se aos tempos de Vargas e Capanema e se encerra, aproximadamente, no início da década de 1960. Analisa-se a trajetória dos cursos de saúde pública e higiene no Rio de Janeiro, desde os tempos de médicos empreendedores de renome — como Carlos Chagas, Afrânio Peixoto, João de Barros Barreto e José Paranhos Fontenelle ainda no primeiro quartel do século XX. Esses nomes ligaram-se intimamente à história dos primeiros cursos para formação de profissionais na área de saúde pública, na capital da República e em todo o Brasil.</p></abstract><trans-abstract lang_id="en"><p>This paper aims to recover the first decades of public health education in Rio de Janeiro, since the former Federal Capital was an important graduating center of sanitarian professionals. In Rio de Janeiro, the Federal Government established pioneers health centers and count on the technical aid and on the human resources of "Fundação Rockefeller". Concerning to socioeconomic and political structure of the 1920's, the work includes the public health education during the First Republic, and goes through Vargas and Capanema eras and finishes, approximately in the beginning of the 1960's. This paper analyses the trajectory of public health and hygiene courses in Rio de Janeiro, since the era of well-known physicians who were also entrepreneurs — such as Carlos Chagas, Afrânio Peixoto, João de Barros Barreto and José Paranhos Fontenelle —, still in the first quarter of century XX. These names were closely bound to the first courses of Professional graduation in public health area, in the Republic's Capital and in all Brazilian Territory.</p></trans-abstract><kwd-group lang_id="en" kwd-group-type="author-generated"><kwd>Carlos Chagas</kwd><kwd>João de Barros Barreto</kwd><kwd>professions</kwd><kwd>Fundação Rockefeller</kwd><kwd>Escola Nacional de Saúde Pública (National School of Public Health)</kwd></kwd-group><kwd-group lang_id="pt" kwd-group-type="author-generated"><kwd>Carlos Chagas</kwd><kwd>João de Barros Barreto</kwd><kwd>profissões</kwd><kwd>Fundação Rockefeller</kwd><kwd>Escola Nacional de Saúde Pública</kwd></kwd-group></article-meta></front><back><ref-list><ref id="B1"><element-citation publication-type="undefined"><date><year>1917</year></date></element-citation></ref><ref id="B2"><element-citation publication-type="undefined"><date><year>1918</year></date></element-citation></ref><ref id="B3"><element-citation publication-type="undefined"><date><year>1920</year></date></element-citation></ref><ref id="B4"><element-citation publication-type="book"><source>ANNUAL REPORT</source><date><year>1938</year></date></element-citation></ref><ref id="B5"><element-citation publication-type="book"><source>Noticiário: Curso de Medicina Pública</source><date><year>1918</year></date><fpage>380</fpage><lpage>386</lpage></element-citation></ref><ref id="B6"><element-citation publication-type="undefined"><date><year>1919</year></date><fpage>587</fpage><lpage>588</lpage></element-citation></ref><ref id="B7"><element-citation publication-type="undefined"><date><year>1920</year></date><fpage>680</fpage></element-citation></ref><ref id="B8"><element-citation publication-type="article"><article-title>Estudo exploratório sobre a consulta de enfermagem</article-title><source>Revista Brasileira de Enfermagem</source><fpage>76</fpage><lpage>94</lpage><issue>28</issue><person-group><name><surname>BARREIRA</surname><given-names>Ieda de A.</given-names></name></person-group></element-citation></ref><ref id="B9"><element-citation publication-type="article"><article-title>A Escola Anna Nery como centro difusor de tradições nativas</article-title><source>Escola Anna Nery Revista de Enfermagem</source><fpage>18</fpage><lpage>33</lpage><issue>2</issue><volume>3</volume><person-group><name><surname>BARREIRA</surname><given-names>Ieda de A.</given-names></name><name><surname>SANTOS</surname><given-names>Tânia Cristina F.</given-names></name></person-group></element-citation></ref><ref id="B10"><element-citation publication-type="article"><article-title>Saúde pública no Brasil</article-title><source>Arquivos de Higiene</source><fpage>289</fpage><lpage>304</lpage><issue>2</issue><person-group><name><surname>BARROS BARRETO</surname><given-names>João de</given-names></name></person-group></element-citation></ref><ref id="B11"><element-citation publication-type="article"><article-title>Serviços federais de saúde em 1937</article-title><source>Arquivos de Higiene</source><fpage>81</fpage><lpage>143</lpage><issue>1</issue><person-group><name><surname>BARROS BARRETO</surname><given-names>João de</given-names></name></person-group></element-citation></ref><ref id="B12"><element-citation publication-type="article"><article-title>A organização da saúde pública no Brasil</article-title><source>Arquivos de Higiene</source><fpage>169</fpage><lpage>215</lpage><issue>2</issue><person-group><name><surname>BARROS BARRETO</surname><given-names>João de</given-names></name></person-group></element-citation></ref><ref id="B13"><element-citation publication-type="article"><article-title>Cursos do Departamento Nacional de Saúde</article-title><source>Arquivos de Higiene</source><fpage>31</fpage><lpage>43</lpage><volume>13</volume><person-group><name><surname>BARROS BARRETO</surname><given-names>João de</given-names></name></person-group></element-citation></ref><ref id="B14"><element-citation publication-type="book"><source>Manguinhos do sonho à vida: a ciência na Belle Époque</source><date><year>1990</year></date><person-group><name><surname>BENCHIMOL</surname><given-names>Jaime L.</given-names></name><name><surname>BENCHIMOL</surname><given-names>Jaime L.</given-names></name></person-group></element-citation></ref><ref id="B15"><element-citation publication-type="book"><source>BIOGRAPHY FILES</source></element-citation></ref><ref id="B16"><element-citation publication-type="book"><source>BOLETIM DE HIGIENE E SAÚDE PÚBLICA: "Sociedade Brasileira de Higiene"</source><date><month>08</month><year>1943</year></date></element-citation></ref><ref id="B17"><element-citation publication-type="book"><source>Coleção das Leis da República do Brasil de 1925</source><date><year>1926</year></date><volume>2</volume></element-citation></ref><ref id="B18"><element-citation publication-type="book"><source>Coleção de Leis e Decretos do Brasil, 1937: Atos do Poder Legislativo</source><date><year>1938</year></date></element-citation></ref><ref id="B19"><element-citation publication-type="book"><source>Coleção de Leis e Decretos do Brasil, 1941: Atos do Poder Legislativo</source><date><year>1942</year></date></element-citation></ref><ref id="B20"><element-citation publication-type="book"><source>Coleção das Leis da República dos Estados Unidos do Brasil de 1931</source><date><year>1942</year></date><volume>1</volume></element-citation></ref><ref id="B21"><element-citation publication-type="book"><source>São Paulo pela lente da higiene: as propostas de Geraldo de Paula Souza para a cidade (19251945)</source><date><year>2002</year></date><person-group><name><surname>CAMPOS</surname><given-names>Cristina de</given-names></name><name><surname>CAMPOS</surname><given-names>Cristina de</given-names></name></person-group></element-citation></ref><ref id="B22"><element-citation publication-type="article"><article-title>Memória histórica da Faculdade de Saúde Pública da Universidade de São Paulo (1918/1954)</article-title><source>Revista de Saúde Pública</source><fpage>2</fpage><lpage>60</lpage><issue>especial</issue><volume>18</volume><person-group><name><surname>CANDEIAS</surname><given-names>Nelly M. F.</given-names></name></person-group></element-citation></ref><ref id="B23"><element-citation publication-type="book"><source>Dicionário de Educadores no Brasil</source><fpage>97</fpage><lpage>103</lpage><person-group><name><surname>CASTRO SANTOS</surname><given-names>Luiz A. de</given-names></name><name><surname>FÁVERO</surname><given-names>Maria de Lourdes A.</given-names></name><name><surname>BRITTO</surname><given-names>Jader de M.</given-names></name><name><surname>FÁVERO</surname><given-names>Maria de Lourdes A.</given-names></name><name><surname>BRITTO</surname><given-names>Jader de M.</given-names></name></person-group></element-citation></ref><ref id="B24"><element-citation publication-type="article"><article-title>Os primeiros centros de saúde nos Estados Unidos e no Brasil: um estudo comparativo</article-title><source>Teoria e Pesquisa</source><fpage>137</fpage><lpage>182</lpage><issue>40</issue><person-group><name><surname>CASTRO SANTOS</surname><given-names>Luiz A. de</given-names></name><name><surname>FARIA</surname><given-names>Lina</given-names></name></person-group></element-citation></ref><ref id="B25"><element-citation publication-type="book"><source>A Reforma Sanitária no Brasil: ecos da Primeira República</source><date><year>2003</year></date><person-group><name><surname>CASTRO SANTOS</surname><given-names>Luiz A. de</given-names></name></person-group></element-citation></ref><ref id="B26"><element-citation publication-type="article"><article-title>A cooperação internacional e a enfermagem de saúde pública no Rio de Janeiro e São Paulo: primeiros tempos</article-title><source>Horizontes</source><fpage>123</fpage><lpage>150</lpage><issue>2</issue><volume>22</volume><person-group><name><surname>CASTRO SANTOS</surname><given-names>Luiz A. de</given-names></name></person-group></element-citation></ref><ref id="B27"><element-citation publication-type="article"><article-title>Os primeiros anos do ensino da saúde pública em São Paulo</article-title><source>Boletim do Instituto de Saúde (BIS)</source><person-group><name><surname>CASTRO SANTOS</surname><given-names>Luiz A. de</given-names></name></person-group></element-citation></ref><ref id="B28"><element-citation publication-type="book"><source>Meu pai</source><date><year>1993</year></date><person-group><name><surname>CHAGAS FILHO</surname><given-names>Carlos</given-names></name><name><surname>CHAGAS FILHO</surname><given-names>Carlos</given-names></name></person-group></element-citation></ref><ref id="B29"><element-citation publication-type="book"><source>Dicionário Histórico-Biográfico das Ciências da Saúde no Brasil (1832-1930)</source><ext-link>www.dichistoriasaude.coc. fiocruz.br</ext-link></element-citation></ref><ref id="B30"><element-citation publication-type="book"><source>The sanitarians: a history of American public health</source><date><year>1992</year></date><person-group><name><surname>DUFFY</surname><given-names>John</given-names></name><name><surname>DUFFY</surname><given-names>John</given-names></name></person-group></element-citation></ref><ref id="B31"><element-citation publication-type="book"><source>Saúde pública: utopia de Brasil</source><date><year>2000</year></date><person-group><name><surname>ESCOREL</surname><given-names>Sarah</given-names></name><name><surname>ESCOREL</surname><given-names>Sarah</given-names></name></person-group></element-citation></ref><ref id="B32"><element-citation publication-type="article"><article-title>Um americano nos trópicos</article-title><source>História, Ciências, Saúde: Manguinhos</source><fpage>705</fpage><lpage>715</lpage><issue>3</issue><volume>5</volume><person-group><name><surname>FARIA</surname><given-names>Lina</given-names></name></person-group></element-citation></ref><ref id="B33"><element-citation publication-type="article"><article-title>O Instituto de Higiene: contribuição à história da ciência e da administração em saúde em São Paulo</article-title><source>Physis</source><fpage>175</fpage><lpage>208</lpage><issue>1</issue><volume>9</volume><person-group><name><surname>FARIA</surname><given-names>Lina</given-names></name></person-group></element-citation></ref><ref id="B34"><element-citation publication-type="article"><article-title>Scientific traditions in Brazil: the history of the Instituto de Higiene in São Paulo</article-title><source>Rockefeller Archive Center Research Reports Online</source><issue>16</issue><volume>1</volume><person-group><name><surname>FARIA</surname><given-names>Lina</given-names></name></person-group><ext-link>archive.rockefeller.edu/publications/resrep/faria.pdf</ext-link></element-citation></ref><ref id="B35"><element-citation publication-type="article"><article-title>A Fundação Rockefeller e os serviços de saúde em São Paulo (192030): perspectivas históricas</article-title><source>História, Ciências, Saúde: Manguinhos</source><fpage>561</fpage><lpage>590</lpage><issue>3</issue><volume>9</volume><person-group><name><surname>FARIA</surname><given-names>Lina</given-names></name></person-group></element-citation></ref><ref id="B36"><element-citation publication-type="article"><article-title>A Casa de Geraldo de Paula Souza: texto e imagem sobre um sanitarista paulista</article-title><source>História, Ciências, Saúde: Manguinhos</source><fpage>1011</fpage><lpage>24</lpage><issue>3</issue><volume>12</volume><person-group><name><surname>FARIA</surname><given-names>Lina</given-names></name></person-group></element-citation></ref><ref id="B37"><element-citation publication-type="book"><source>Casa de Oswaldo Cruz: Departamento de Arquivo e Documentação</source></element-citation></ref><ref id="B38"><element-citation publication-type="book"><source>Documentos de Carlos Chagas</source><date><year>1926</year></date><fpage>1</fpage><lpage>3</lpage></element-citation></ref><ref id="B39"><element-citation publication-type="book"><source>Guia do Acervo</source><date><year>1995</year></date></element-citation></ref><ref id="B40"><element-citation publication-type="book"><source>Memórias de Manguinhos</source></element-citation></ref><ref id="B41"><element-citation publication-type="book"><source>Uma escola para a saúde</source><fpage>39</fpage><lpage>78</lpage><person-group><name><surname>FONSECA</surname><given-names>Cristina M. O.</given-names></name><name><surname>LIMA</surname><given-names>Nísia T.</given-names></name><name><surname>FONSECA</surname><given-names>Cristina M. O.</given-names></name><name><surname>SANTOS</surname><given-names>Paulo Roberto E. dos</given-names></name><name><surname>LIMA</surname><given-names>Nísia T.</given-names></name><name><surname>FONSECA</surname><given-names>Cristina M. O.</given-names></name><name><surname>SANTOS</surname><given-names>Paulo Roberto E. dos</given-names></name></person-group></element-citation></ref><ref id="B42"><element-citation publication-type="book"><source>Dicionário Histórico, Geográfico e Etnográfico do Brasil</source><fpage>453</fpage><lpage>457</lpage><volume>1</volume><person-group><name><surname>FONTENELLE</surname><given-names>José P.</given-names></name></person-group></element-citation></ref><ref id="B43"><element-citation publication-type="article"><article-title>Before Unesco and the WHO</article-title><source>Contemporary European History</source><fpage>659</fpage><lpage>663</lpage><issue>4</issue><volume>11</volume><person-group><name><surname>GHEBALI</surname><given-names>Victor-Yves</given-names></name></person-group></element-citation></ref><ref id="B44"><element-citation publication-type="article"><article-title>Política, atores e interesses no processo de mudança institucional: a criação do Ministério da Saúde em 1953</article-title><source>História, Ciências, Saúde: Manguinhos</source><fpage>791</fpage><lpage>826</lpage><issue>3</issue><volume>10</volume><person-group><name><surname>HAMILTON</surname><given-names>Wanda</given-names></name><name><surname>FONSECA</surname><given-names>Cristina M. O.</given-names></name></person-group></element-citation></ref><ref id="B45"><element-citation publication-type="book"><source>Constelação Capanema: intelectuais e políticas</source><fpage>127</fpage><lpage>151</lpage><person-group><name><surname>HOCHMAN</surname><given-names>Gilberto</given-names></name><name><surname>BOMENY</surname><given-names>H.</given-names></name><name><surname>BOMENY</surname><given-names>H.</given-names></name></person-group></element-citation></ref><ref id="B46"><element-citation publication-type="book"><source>Capanema: o ministro e seu ministério</source><fpage>173</fpage><lpage>193</lpage><person-group><name><surname>HOCHMAN</surname><given-names>Gilberto</given-names></name><name><surname>FONSECA</surname><given-names>Cristina M. O.</given-names></name><name><surname>GOMES</surname><given-names>Ângela de C.</given-names></name><name><surname>GOMES</surname><given-names>Ângela de C.</given-names></name></person-group></element-citation></ref><ref id="B47"><element-citation publication-type="book"><source>GC 34.06.21, (0001 — filme: 15), CPDOC: Documento sobre as principais finalidades do Mesp nas áreas da saúde pública, assistência social e educação</source><date><year>1937</year></date><fpage>1</fpage><lpage>20</lpage></element-citation></ref><ref id="B48"><element-citation publication-type="book"><source>GC 34.08.14/2, CPDOC: "Decreto n° 19.444, de 1 de dezembro de 1930. Cria o Mesp"</source><date><year>1931</year></date><fpage>1</fpage><lpage>6</lpage></element-citation></ref><ref id="B49"><element-citation publication-type="book"><source>GC 35.01.26, CPDOC: Autoria da carta não disponível, endereçada ao presidente do Conselho Nacional de Educação</source><date><year>1944</year></date><fpage>1</fpage></element-citation></ref><ref id="B50"><element-citation publication-type="book"><source>GC 35.05.27, CPDOC: "Cursos de aperfeiçoamento de saúde pública e cursos de especialização"</source><fpage>1</fpage><lpage>2</lpage></element-citation></ref><ref id="B51"><element-citation publication-type="book"><source>GC 35.05.27, CPDOC: "Cria o Instituto Nacional de Saúde Pública e define-lhe a competência"</source><date><year>1937</year></date><fpage>1</fpage><lpage>3</lpage></element-citation></ref><ref id="B52"><element-citation publication-type="book"><source>GC 35.05.27, CPDOC: "Instituto Nacional de Saúde Pública". Documento assinado por Raul de Almeida Magalhães</source><date><year>1937</year></date><fpage>1</fpage><lpage>3</lpage></element-citation></ref><ref id="B53"><element-citation publication-type="book"><source>GC 35.05.27, CPDOC: Carta de João de Barros Barreto ao Ministro Gustavo Capanema</source><date><day>19</day><month>01</month><year>1937</year></date><fpage>15</fpage></element-citation></ref><ref id="B54"><element-citation publication-type="book"><source>GC 35.05.27, CPDOC: Carta de FredSoper ao Ministro Gustavo Capanema em resposta à correspondência de 28 de junho de 1940</source><fpage>1</fpage><lpage>4</lpage></element-citation></ref><ref id="B55"><element-citation publication-type="book"><source>GC 42.03.04, CPDOC: Carta do Ministro Gustavo Capanema a Geraldo Ho-rácio de Paula Souza, em 28 de setembro de 1943</source><fpage>1</fpage></element-citation></ref><ref id="B56"><element-citation publication-type="book"><source>GC 87.01.26, CPDOC: "Higiene". de Paula Souza, em dezembro de 1939, enviada ao Ministério da Educação e Saúde</source><date><year>1939</year></date><fpage>1</fpage><lpage>9</lpage></element-citation></ref><ref id="B57"><element-citation publication-type="thesis"><source>O movimento sanitarista nos anos 20: da conexão sanitária internacional à especialização em saúde pública no Brasil</source><date><year>1985</year></date><person-group><name><surname>LABRA</surname><given-names>Maria Eliana</given-names></name><name><surname>LABRA</surname><given-names>Maria Eliana</given-names></name></person-group></element-citation></ref><ref id="B58"><element-citation publication-type="book"><source>Vultos da medicina brasileira</source><date><year>1963</year></date><person-group><name><surname>LACAZ</surname><given-names>Carlos da S.</given-names></name><name><surname>LACAZ</surname><given-names>Carlos da S.</given-names></name></person-group></element-citation></ref><ref id="B59"><element-citation publication-type="book"><source>Uma escola para a saúde</source><date><year>2004</year></date><person-group><name><surname>LIMA</surname><given-names>Nísia T.</given-names></name><name><surname>FONSECA</surname><given-names>Cristina M. O.</given-names></name><name><surname>SANTOS</surname><given-names>Paulo Roberto E. dos</given-names></name><name><surname>LIMA</surname><given-names>Nísia T.</given-names></name><name><surname>FONSECA</surname><given-names>Cristina M. O.</given-names></name><name><surname>SANTOS</surname><given-names>Paulo Roberto E. dos</given-names></name></person-group></element-citation></ref><ref id="B60"><element-citation publication-type="book"><source>Uma história brasileira das doenças</source><fpage>277</fpage><lpage>294</lpage><person-group><name><surname>MARQUES</surname><given-names>Vera Regina B.</given-names></name><name><surname>NASCIMENTO</surname><given-names>Dilene R. do</given-names></name><name><surname>CARVALHO</surname><given-names>Diana M. de</given-names></name><name><surname>NASCIMENTO</surname><given-names>Dilene R. do</given-names></name><name><surname>CARVALHO</surname><given-names>Diana M. de</given-names></name></person-group></element-citation></ref><ref id="B61"><element-citation publication-type="thesis"><source>Contribuição para o estudo da administração sanitária estadual em São Paulo</source><date><year>1949</year></date><person-group><name><surname>MASCARENHAS</surname><given-names>Rodolfo dos S.</given-names></name><name><surname>MASCARENHAS</surname><given-names>Rodolfo dos S.</given-names></name></person-group></element-citation></ref><ref id="B62"><element-citation publication-type="article"><article-title>Contribuição ao estudo da história do ensino de educação sanitária na Faculdade de Higiene e Saúde Pública da Universidade de São Paulo</article-title><source>Arquivos da Faculdade de Higiene e Saúde Pública</source><fpage>243</fpage><lpage>262</lpage><issue>1</issue><volume>13</volume><person-group><name><surname>MASCARENHAS</surname><given-names>Rodolfo dos S.</given-names></name></person-group></element-citation></ref><ref id="B63"><element-citation publication-type="article"><article-title>La raison de l'expert, ou l'hygiène comme science sociale appliquée</article-title><source>Archives Européennes de Sociologie</source><fpage>58</fpage><lpage>89</lpage><volume>26</volume><person-group><name><surname>MURARD</surname><given-names>Lion</given-names></name><name><surname>ZYLBERMAN</surname><given-names>Patrick</given-names></name></person-group></element-citation></ref><ref id="B64"><element-citation publication-type="article"><article-title>A primeira turma de médicos diplomados do Curso de Medicina Pública</article-title><source>Anais da Faculdade de Medicina do Rio de Janeiro</source><fpage>495</fpage><lpage>503</lpage><person-group><name><surname>NASCIMENTO SILVA</surname></name></person-group></element-citation></ref><ref id="B65"><element-citation publication-type="article"><article-title>A saúde pública em tempos de burocratização: o caso do médico Noel Nutels</article-title><source>História, Ciências, Saúde: Manguinhos</source><fpage>827</fpage><lpage>851</lpage><issue>3</issue><volume>10</volume><person-group><name><surname>PAIVA</surname><given-names>Carlos Henrique A.</given-names></name></person-group></element-citation></ref><ref id="B66"><element-citation publication-type="article"><article-title>Seguro social e higiene pública</article-title><source>Arquivos de Higiene</source><fpage>263</fpage><lpage>270</lpage><issue>2</issue><person-group><name><surname>PAULA SOUZA</surname><given-names>Geraldo Horácio de</given-names></name></person-group></element-citation></ref><ref id="B67"><element-citation publication-type="article"><article-title>Curso de Medicina Pública</article-title><source>Anais da Faculdade de Medicina do Rio de Janeiro</source><fpage>477</fpage><lpage>483</lpage><person-group><name><surname>PEIXOTO</surname><given-names>Afrânio</given-names></name></person-group></element-citation></ref><ref id="B68"><element-citation publication-type="article"><article-title>Colação de grau aos doutorandos de 1919</article-title><source>Anais da Faculdade de Medicina do Rio de Janeiro</source><fpage>406</fpage><lpage>422</lpage><person-group><name><surname>PEIXOTO</surname><given-names>Afrânio</given-names></name></person-group></element-citation></ref><ref id="B69"><element-citation publication-type="book"><source>Clima e saúde: introdução biogeográfica à civilização brasileira</source><date><year>1975</year></date><person-group><name><surname>PEIXOTO</surname><given-names>Afrânio</given-names></name></person-group></element-citation></ref><ref id="B70"><element-citation publication-type="book"><source>PRINCÍPIOS fundamentais de orientação da Fundação Rockefeller em relação a escolas de saúde pública, segundo a interpretação do dr. Chope, representante local da Fundação Rockefeller em São Paulo</source><fpage>1</fpage><lpage>8</lpage></element-citation></ref><ref id="B71"><element-citation publication-type="book"><source>REPORT on the Course in Hygiene and Public Health</source><fpage>1</fpage><lpage>16</lpage></element-citation></ref><ref id="B72"><element-citation publication-type="book"><source>Uma escola para a saúde</source><fpage>103</fpage><lpage>126</lpage><person-group><name><surname>SANTOS</surname><given-names>Paulo Roberto E. dos</given-names></name><name><surname>LIMA</surname><given-names>Nísia T.</given-names></name><name><surname>FONSECA</surname><given-names>Cristina M. O.</given-names></name><name><surname>SANTOS</surname><given-names>Paulo Roberto E. dos</given-names></name><name><surname>LIMA</surname><given-names>Nísia T.</given-names></name><name><surname>FONSECA</surname><given-names>Cristina M. O.</given-names></name><name><surname>SANTOS</surname><given-names>Paulo Roberto E. dos</given-names></name></person-group></element-citation></ref><ref id="B73"><element-citation publication-type="book"><source>Estado Novo: um auto-retrato</source><date><year>1983</year></date><person-group><name><surname>SCHWARTZMAN</surname><given-names>Simon</given-names></name><name><surname>SCHWARTZMAN</surname><given-names>Simon</given-names></name></person-group></element-citation></ref><ref id="B74"><element-citation publication-type="book"><source>Arquivo Rockefeller: Base de Dados</source><date><month>05</month><year>1995</year></date><volume>114</volume></element-citation></ref><ref id="B75"><element-citation publication-type="book"><source>Uma escola para a saúde</source><fpage>159</fpage><lpage>166</lpage><person-group><name><surname>SILVA</surname><given-names>Luiz Fernando R. F. da</given-names></name><name><surname>LIMA</surname><given-names>Nísia T.</given-names></name><name><surname>FONSECA</surname><given-names>Cristina M. O.</given-names></name><name><surname>SANTOS</surname><given-names>Paulo Roberto E. dos</given-names></name><name><surname>LIMA</surname><given-names>Nísia T.</given-names></name><name><surname>FONSECA</surname><given-names>Cristina M. O.</given-names></name><name><surname>SANTOS</surname><given-names>Paulo Roberto E. dos</given-names></name></person-group></element-citation></ref><ref id="B76"><element-citation publication-type="book"><source>SPECIAL Course in Public Health and Hygiene</source><fpage>1</fpage><lpage>2</lpage></element-citation></ref><ref id="B77"><element-citation publication-type="book"><source>Memórias da saúde pública: a fotografia como testemunha</source><date><year>1995</year></date><person-group><name><surname>VASCONCELLOS</surname><given-names>Maria da Penha C.</given-names></name><name><surname>VASCONCELLOS</surname><given-names>Maria da Penha C.</given-names></name></person-group></element-citation></ref></ref-list></back></article></articles>