<articles xmlns:xsi="http://www.w3.org/2001/XMLSchema-instance" xsi:schemaLocation="https://raw.githubusercontent.com/scieloorg/articles_meta/master/tests/xsd/scielo_sci/ThomsonReuters_publishing.xsd" dtd-version="1.10"><article lang_id="pt" article-type="research-article"><front><journal-meta><journal-id journal-id-type="publisher">tes</journal-id><journal-title-group><journal-title>Trabalho, Educação e Saúde</journal-title><abbrev-journal-title>Trab. educ. saúde</abbrev-journal-title></journal-title-group><issn>1981-7746</issn><collection>SciELO Brazil</collection><publisher><publisher-name>Fundação Oswaldo Cruz, Escola Politécnica de Saúde Joaquim Venâncio</publisher-name></publisher></journal-meta><article-meta><unique-article-id pub-id-type="publisher-id">S1981-77462006000200013</unique-article-id><article-id pub-id-type="publisher-id">S1981-77462006000200013</article-id><article-id pub-id-type="doi">10.1590/S1981-77462006000200013</article-id><article-categories><subj-group><subject>EDUCATION &amp; EDUCATIONAL RESEARCH</subject><subject>PUBLIC, ENVIRONMENTAL &amp; OCCUPATIONAL HEALTH</subject></subj-group></article-categories><title-group><article-title lang_id="pt">Da atualidade da servidão voluntária</article-title><trans-title-group lang_id="en"><trans-title>On the currentness of voluntary servitude</trans-title></trans-title-group></title-group><contrib-group><contrib contrib-type="author"><name><surname>Fontes</surname><given-names>Virgínia</given-names></name><role>ND</role><xref ref-type="aff" rid="A01"/></contrib></contrib-group><aff id="A01"><institution>Universidade Federal Fluminense</institution><country>Brazil</country></aff><pub-date><month>09</month><year>2006</year></pub-date><volume>4</volume><issue>2</issue><fpage>431</fpage><lpage>440</lpage><permissions><license license-type="open-access" href="http://creativecommons.org/licenses/by-nc/4.0/"><license-p>This work is licensed under a Creative Commons Attribution-NonCommercial 4.0 International License.</license-p></license></permissions><self-uri href="http://www.scielo.br/scielo.php?script=sci_arttext&amp;pid=S1981-77462006000200013&amp;lng=en&amp;tlng=en" content-type="full_text_page"/><self-uri href="http://www.scielo.br/scielo.php?script=sci_issuetoc&amp;pid=1981-774620060002&amp;lng=en" content-type="issue_page"/><self-uri href="http://www.scielo.br/scielo.php?script=sci_serial&amp;pid=1981-7746&amp;lng=en" content-type="journal_page"/><abstract lang_id="pt"><p>Os processos de sujeição voluntária parecem consubstanciais à expansão do capitalismo. A transformação ocorrida no caráter da propriedade, tornando-a móvel e flexível, sob a forma dinheiro, tem sua contrapartida em nova mobilidade dos trabalhadores, expropriados do controle do conjunto do processo produtivo e tornados disponíveis como mera capacidade produtiva. A liberdade contemporânea não é mero engodo, pois expressa longa luta pela redução dos laços de controle de tipo senhorial, levada a efeito pelos camponeses e pelos trabalhadores urbanos. Mas também não pode ser considerada como expressão de uma real libertação humana, uma vez que repousa sobre formas de expropriação que, de maneira aparentemente 'natural', impõem aos trabalhadores sua própria sujeição. Na atualidade, o aprofundamento da separação realizada entre a propriedade econômica e as possibilidades de intervenção política agrava as condições dessa "servidão voluntária" e vem sendo, de forma quase sarcástica, apresentado como "trabalho voluntário".</p></abstract><trans-abstract lang_id="en"><p>The processes of voluntary subjection seem consubstantial to the expansion of capitalism. The change that took place in the nature of property, making it mobile and flexible, under the form of money, has its counterpart in the new mobility of the workers, expropriated from the control of the productive control group and made available as a mere productive capacity. The contemporary freedom is not a mere enticement, for it expresses a long fight for the reduction of the manorial control ties, taken into effect by the peasants and by the urban workers. But it also can not be considered as an expression of actual human freedom, since it rests on forms of expropriation that, on an apparently 'natural' manner, impose to the workers their own subjection. Currently, the deepening of the of the separation that took place between the economic property and the possibilities of political intervention aggravates the conditions of this "voluntary servitude" and is being, on an almost sarcastic manner, presented as "voluntary work".</p></trans-abstract><kwd-group lang_id="en" kwd-group-type="author-generated"><kwd>voluntary subjection</kwd><kwd>freedom</kwd><kwd>capitalism</kwd><kwd>humanity</kwd><kwd>abstraction</kwd></kwd-group><kwd-group lang_id="pt" kwd-group-type="author-generated"><kwd>sujeição voluntária</kwd><kwd>liberdade</kwd><kwd>capitalismo</kwd><kwd>humanidade</kwd><kwd>abstração</kwd></kwd-group></article-meta></front><back><ref-list><ref id="B1"><element-citation publication-type="article"><article-title>O imperialismo, passado e presente</article-title><source>Revista Tempo</source><fpage>77</fpage><lpage>124</lpage><issue>18</issue><volume>9</volume><person-group><name><surname>AMIN</surname><given-names>Samir</given-names></name></person-group></element-citation></ref><ref id="B2"><element-citation publication-type="book"><source>Le nouvel esprit du capitalisme</source><date><year>1999</year></date><person-group><name><surname>BOLTANSKI</surname><given-names>Luc</given-names></name><name><surname>CHIAPELLO</surname><given-names>Eve</given-names></name><name><surname>BOLTANSKI</surname><given-names>Luc</given-names></name><name><surname>CHIAPELLO</surname><given-names>Eve</given-names></name></person-group></element-citation></ref><ref id="B3"><element-citation publication-type="book"><source>Le point sur l'agriculture</source><date><year>2006</year></date><ext-link>www.ilo.org/public/french/bureau/inf/download/wssd/pdf/agriculture.pdf</ext-link></element-citation></ref><ref id="B4"><element-citation publication-type="book"><source>Marxismo e política</source><date><year>1994</year></date><person-group><name><surname>COUTINHO</surname><given-names>Carlos Nelson</given-names></name><name><surname>COUTINHO</surname><given-names>Carlos Nelson</given-names></name></person-group></element-citation></ref><ref id="B5"><element-citation publication-type="book"><source>Reflexões im-pertinentes</source><date><year>2005</year></date><person-group><name><surname>FONTES</surname><given-names>Virgínia</given-names></name><name><surname>FONTES</surname><given-names>Virgínia</given-names></name></person-group></element-citation></ref><ref id="B6"><element-citation publication-type="book"><source>O novo imperialismo</source><date><year>2004</year></date><person-group><name><surname>HARVEY</surname><given-names>David</given-names></name><name><surname>HARVEY</surname><given-names>David</given-names></name></person-group></element-citation></ref><ref id="B7"><element-citation publication-type="book"><source>As paixões e os interesses: argumentos políticos para o capitalismo antes de seu triunfo</source><date><year>1979</year></date><person-group><name><surname>HIRSCHMAN</surname><given-names>Albert O.</given-names></name><name><surname>HIRSCHMAN</surname><given-names>Albert O.</given-names></name></person-group></element-citation></ref><ref id="B8"><element-citation publication-type="book"><source>O capital</source><date><year>1985</year></date><volume>1</volume><person-group><name><surname>MARX</surname><given-names>Karl</given-names></name><name><surname>MARX</surname><given-names>Karl</given-names></name></person-group></element-citation></ref><ref id="B9"><element-citation publication-type="book"><source>A nova pedagogia da hegemonia</source><date><year>2005</year></date><person-group><name><surname>NEVES</surname><given-names>Lucia Maria W.</given-names></name><name><surname>NEVES</surname><given-names>Lucia Maria W.</given-names></name></person-group></element-citation></ref><ref id="B10"><element-citation publication-type="book"><source>Tradición, revuelta y consciencia de clase: estudios sobre la crisis de la sociedad preindustrial</source><person-group><name><surname>THOMPSON</surname><given-names>Edward P.</given-names></name><name><surname>THOMPSON</surname><given-names>Edward P.</given-names></name><name><surname>THOMPSON</surname><given-names>Edward P.</given-names></name></person-group></element-citation></ref><ref id="B11"><element-citation publication-type="book"><source>Costumbres en comun</source><person-group><name><surname>THOMPSON</surname><given-names>Edward P.</given-names></name><name><surname>THOMPSON</surname><given-names>Edward P.</given-names></name><name><surname>THOMPSON</surname><given-names>Edward P.</given-names></name></person-group></element-citation></ref><ref id="B12"><element-citation publication-type="book"><source>Democracia contra capitalismo</source><date><year>2003</year></date><person-group><name><surname>WOOD</surname><given-names>Ellen M.</given-names></name><name><surname>WOOD</surname><given-names>Ellen M.</given-names></name></person-group></element-citation></ref></ref-list></back></article></articles>