<articles xmlns:xsi="http://www.w3.org/2001/XMLSchema-instance" xsi:schemaLocation="https://raw.githubusercontent.com/scieloorg/articles_meta/master/tests/xsd/scielo_sci/ThomsonReuters_publishing.xsd" dtd-version="1.10"><article lang_id="pt" article-type="research-article"><front><journal-meta><journal-id journal-id-type="publisher">tes</journal-id><journal-title-group><journal-title>Trabalho, Educação e Saúde</journal-title><abbrev-journal-title>Trab. educ. saúde</abbrev-journal-title></journal-title-group><issn>1981-7746</issn><collection>SciELO Brazil</collection><publisher><publisher-name>Fundação Oswaldo Cruz, Escola Politécnica de Saúde Joaquim Venâncio</publisher-name></publisher></journal-meta><article-meta><unique-article-id pub-id-type="publisher-id">S1981-77462011000200004</unique-article-id><article-id pub-id-type="publisher-id">S1981-77462011000200004</article-id><article-id pub-id-type="doi">10.1590/S1981-77462011000200004</article-id><article-categories><subj-group><subject>EDUCATION &amp; EDUCATIONAL RESEARCH</subject><subject>PUBLIC, ENVIRONMENTAL &amp; OCCUPATIONAL HEALTH</subject></subj-group></article-categories><title-group><article-title lang_id="pt">A educação popular na práxis da formação para o SUS</article-title><trans-title-group lang_id="en"><trans-title>Popular education in the practice of training for SUS</trans-title></trans-title-group></title-group><contrib-group><contrib contrib-type="author"><name><surname>Santorum</surname><given-names>Juliana Acosta</given-names></name><role>ND</role></contrib><contrib contrib-type="author"><name><surname>Cestari</surname><given-names>Maria Elisabeth</given-names></name><role>ND</role></contrib></contrib-group><pub-date><month>10</month><year>2011</year></pub-date><volume>9</volume><issue>2</issue><fpage>223</fpage><lpage>240</lpage><permissions><license license-type="open-access" href="http://creativecommons.org/licenses/by-nc/4.0/"><license-p>This work is licensed under a Creative Commons Attribution-NonCommercial 4.0 International License.</license-p></license></permissions><self-uri href="http://www.scielo.br/scielo.php?script=sci_arttext&amp;pid=S1981-77462011000200004&amp;lng=en&amp;tlng=en" content-type="full_text_page"/><self-uri href="http://www.scielo.br/scielo.php?script=sci_issuetoc&amp;pid=1981-774620110002&amp;lng=en" content-type="issue_page"/><self-uri href="http://www.scielo.br/scielo.php?script=sci_serial&amp;pid=1981-7746&amp;lng=en" content-type="journal_page"/><abstract lang_id="pt"><p>Este trabalho é um estudo de caso que investigou em profundidade uma prática pedagógica de educação popular em saúde. Essa prática visou contribuir com mudanças na formação para o Sistema Único de Saúde (SUS), posto que, mesmo havendo avanços na saúde pública brasileira, ainda há muito a progredir para que os princípios e diretrizes do SUS se materializem nas práticas de atenção, gestão e educação no setor saúde. A observação participante foi o método utilizado para a produção de dados; também se configuraram em dados para a pesquisa os documentos referentes à organização e ao desenvolvimento do curso e os materiais produzidos no seu decorrer pelos sujeitos participantes. Todo o material produzido foi analisado na perspectiva da hermenêutica-dialética, e o referencial teórico utilizado para a análise da experiência foi o de Paulo Freire. A práxis investigada foi o curso de extensão universitária "Saúde, educação e política: práxis no SUS", desenvolvido na Universidade Federal do Rio Grande no ano de 2009. A amorosidade, a dialogicidade e a esperança foram, entre outros, os elementos da educação popular que caracterizaram essa prática educativa, que não se colocou neutra na formação dos estudantes, mas sim esteve marcadamente a favor da formação universitária crítico-reflexiva para que se atenda aos interesses da população na busca da consolidação do direito à saúde pública de qualidade.</p></abstract><trans-abstract lang_id="en"><p>This is an indepth case study that investigated a popular health education practice. This practice sought to contribute to changes in training for the Unified Health System (SUS), since, despite the advances made in public health in Brazil, there is still much progress to be made in order for SUS' principles and guidelines to materialize in care, management and education practices in the health sector. Participant observation was the method used to produce data; documents relating to the organization and development of the course and materials produced by the participating subjects in their course were also used as a source of information. All of the material that was produced was analyzed from the hermeneutics-dialectics perspective, and the theoretical framework used to analyze the experience was that of Paulo Freire. The practice investigated was the continuing education course titled "Health, education and politics: the SUS practice," offered by the Rio Grande Federal University in 2009. Loveliness, dialogue and hope, among others, were the elements of popular education that characterized this educational practice, which did not remain neutral in training the students, but was markedly in favor of a critical-reflective university education designed to meet the interests of the population in the pursuit of consolidating the right to quality public health.</p></trans-abstract><kwd-group lang_id="pt" kwd-group-type="author-generated"><kwd>Sistema Único de Saúde</kwd><kwd>educação popular</kwd><kwd>educação em saúde</kwd></kwd-group><kwd-group lang_id="en" kwd-group-type="author-generated"><kwd>Unified Health System</kwd><kwd>popular education</kwd><kwd>health education</kwd></kwd-group></article-meta></front><back><ref-list><ref id="B1"><element-citation publication-type="book"><source>Estudo de caso em pesquisa e avaliação educacional</source><date><year>2008</year></date><volume>13</volume><person-group><name><surname>ANDRÉ</surname><given-names>Marli Elisa Dalmazo</given-names></name><name><surname>ANDRÉ</surname><given-names>Marli Elisa Dalmazo</given-names></name></person-group></element-citation></ref><ref id="B2"><element-citation publication-type="article"><article-title>Práxis, consciência de práxis e educação popular: algumas reflexões sobre suas conexões</article-title><source>Educação e Filosofia</source><date><month>12</month><year>2007</year></date><fpage>169</fpage><lpage>192</lpage><issue>42</issue><volume>21</volume><person-group><name><surname>BATISTA</surname><given-names>Aline Maria de Melo</given-names></name></person-group></element-citation></ref><ref id="B3"><element-citation publication-type="book"><source>Caminhos para a mudança da formação e desenvolvimento dos profissionais de saúde: diretrizes da ação política para assegurar educação permanente no SUS</source><date><year>2003</year></date></element-citation></ref><ref id="B4"><element-citation publication-type="book"><source>Caderno de educação popular e saúde</source><date><year>2007</year></date><person-group><name><surname>CECCIM</surname><given-names>Ricardo B.</given-names></name></person-group></element-citation></ref><ref id="B5"><element-citation publication-type="book"><source>Educação popular: enunciados teóricos</source><date><year>2008</year></date><volume>2</volume><person-group><name><surname>COSTA</surname><given-names>Antônio Roberto da</given-names></name><name><surname>ROSAS</surname><given-names>Agostinho da Silva</given-names></name><name><surname>MELO NETO</surname><given-names>José Francisco de</given-names></name><name><surname>ROSAS</surname><given-names>Agostinho da Silva</given-names></name><name><surname>MELO NETO</surname><given-names>José Francisco de</given-names></name></person-group></element-citation></ref><ref id="B6"><element-citation publication-type="book"><source>Pedagogia da autonomia: saberes necessários à prática educativa</source><date><year>2006</year></date><person-group><name><surname>FREIRE</surname><given-names>Paulo</given-names></name><name><surname>FREIRE</surname><given-names>Paulo</given-names></name></person-group></element-citation></ref><ref id="B7"><element-citation publication-type="book"><source>Pedagogia da esperança: um reencontro com a pedagogia do oprimido</source><date><year>1992</year></date><person-group><name><surname>FREIRE</surname><given-names>Paulo</given-names></name></person-group></element-citation></ref><ref id="B8"><element-citation publication-type="book"><source>Pedagogia do oprimido</source><date><year>2005</year></date><person-group><name><surname>FREIRE</surname><given-names>Paulo</given-names></name></person-group></element-citation></ref><ref id="B9"><element-citation publication-type="book"><source>Professora sim, tia não: Cartas a quem ousa ensinar</source><date><year>1997</year></date><person-group><name><surname>FREIRE</surname><given-names>Paulo</given-names></name></person-group></element-citation></ref><ref id="B10"><element-citation publication-type="book"><source>Medo e ousadia: o cotidiano do educador</source><date><year>1987</year></date><person-group><name><surname>FREIRE</surname><given-names>Paulo</given-names></name><name><surname>SHOR</surname><given-names>Ira</given-names></name><name><surname>FREIRE</surname><given-names>Paulo</given-names></name><name><surname>SHOR</surname><given-names>Ira</given-names></name></person-group></element-citation></ref><ref id="B11"><element-citation publication-type="book"><source>Educação e poder: introdução à pedagogia do conflito</source><date><year>2001</year></date><person-group><name><surname>GADOTTI</surname><given-names>Moacir</given-names></name><name><surname>GADOTTI</surname><given-names>Moacir</given-names></name></person-group></element-citation></ref><ref id="B12"><element-citation publication-type="book"><source>Pesquisa em educação: abordagens qualitativas</source><date><year>1986</year></date><person-group><name><surname>LÜDKE</surname><given-names>Menga</given-names></name><name><surname>ANDRÉ</surname><given-names>Marli</given-names></name><name><surname>LÜDKE</surname><given-names>Menga</given-names></name><name><surname>ANDRÉ</surname><given-names>Marli</given-names></name></person-group></element-citation></ref><ref id="B13"><element-citation publication-type="book"><source>O desafio do conhecimento: Pesquisa qualitativa em saúde</source><date><year>2004</year></date><person-group><name><surname>MINAYO</surname><given-names>Maria Cecília de Souza</given-names></name><name><surname>MINAYO</surname><given-names>Maria Cecília de Souza</given-names></name></person-group></element-citation></ref><ref id="B14"><element-citation publication-type="book"><source>O que é o SUS?</source><date><year>2009</year></date><person-group><name><surname>PAIM</surname><given-names>Jairnilson</given-names></name><name><surname>PAIM</surname><given-names>Jairnilson</given-names></name></person-group></element-citation></ref><ref id="B15"><element-citation publication-type="article"><article-title>Paulo Freire e a 'conscientização': entre a modernidade e a pós-modernidade progressista</article-title><source>Revista de Educação de Jovens e Adultos</source><date><year>2008</year></date><fpage>3</fpage><volume>2</volume><person-group><name><surname>SCOCUGLIA</surname><given-names>Afonso Celso</given-names></name></person-group></element-citation></ref><ref id="B16"><element-citation publication-type="book"><source>Tratado da metodologia da pesquisa clínicoqualitativa</source><date><year>2003</year></date><person-group><name><surname>TURATO</surname><given-names>Egberto Ribeiro</given-names></name><name><surname>TURATO</surname><given-names>Egberto Ribeiro</given-names></name></person-group></element-citation></ref></ref-list></back></article></articles>