<articles xmlns:xsi="http://www.w3.org/2001/XMLSchema-instance" xsi:schemaLocation="https://raw.githubusercontent.com/scieloorg/articles_meta/master/tests/xsd/scielo_sci/ThomsonReuters_publishing.xsd" dtd-version="1.10"><article lang_id="pt" article-type="research-article"><front><journal-meta><journal-id journal-id-type="publisher">tes</journal-id><journal-title-group><journal-title>Trabalho, Educação e Saúde</journal-title><abbrev-journal-title>Trab. educ. saúde</abbrev-journal-title></journal-title-group><issn>1981-7746</issn><collection>SciELO Brazil</collection><publisher><publisher-name>Fundação Oswaldo Cruz, Escola Politécnica de Saúde Joaquim Venâncio</publisher-name></publisher></journal-meta><article-meta><unique-article-id pub-id-type="publisher-id">S1981-77462010000300012</unique-article-id><article-id pub-id-type="publisher-id">S1981-77462010000300012</article-id><article-id pub-id-type="doi">10.1590/S1981-77462010000300012</article-id><article-categories><subj-group><subject>EDUCATION &amp; EDUCATIONAL RESEARCH</subject><subject>PUBLIC, ENVIRONMENTAL &amp; OCCUPATIONAL HEALTH</subject></subj-group></article-categories><title-group><article-title lang_id="pt">Neurociências e educação: uma articulação necessária na formação docente</article-title><trans-title-group lang_id="en"><trans-title>Neurosciences and education: a necessary combination in teacher education</trans-title></trans-title-group></title-group><contrib-group><contrib contrib-type="author"><name><surname>Carvalho</surname><given-names>Fernanda Antoniolo Hammes de</given-names></name><role>ND</role></contrib></contrib-group><pub-date><month>11</month><year>2010</year></pub-date><volume>8</volume><issue>3</issue><fpage>537</fpage><lpage>550</lpage><permissions><license license-type="open-access" href="http://creativecommons.org/licenses/by-nc/4.0/"><license-p>This work is licensed under a Creative Commons Attribution-NonCommercial 4.0 International License.</license-p></license></permissions><self-uri href="http://www.scielo.br/scielo.php?script=sci_arttext&amp;pid=S1981-77462010000300012&amp;lng=en&amp;tlng=en" content-type="full_text_page"/><self-uri href="http://www.scielo.br/scielo.php?script=sci_issuetoc&amp;pid=1981-774620100003&amp;lng=en" content-type="issue_page"/><self-uri href="http://www.scielo.br/scielo.php?script=sci_serial&amp;pid=1981-7746&amp;lng=en" content-type="journal_page"/><abstract lang_id="pt"><p>O texto aborda a possibilidade de inserção dos significativos avanços da neurociência, como constituintes de saberes disciplinares, nos cursos de formação de professores. Na perspectiva adotada, esses saberes, que fundamentam um saber pedagógico, proporcionam subsídios teóricos para a ação docente, uma vez que a compreensão de como o cérebro funciona permite um melhor entendimento da aprendizagem e o consequente aprimoramento da transposição didática. Como resultado, destaca-se a necessidade de revisão das estruturas curriculares dos cursos de formação de professores, em especial das licenciaturas, indicando como alternativa a inserção de disciplinas, ou a reestruturação de disciplinas já existentes, com vistas a propiciar a interlocução entre neurociência, ensino e aprendizagem.</p></abstract><trans-abstract lang_id="en"><p>The text discusses the possibility of integrating the significant advances made in neuroscience as components of disciplinary knowledge in professor training courses. From the perspective that was adopted, this knowledge, which underlies a pedagogical knowledge, provides theoretical support for teaching, since understanding how the brain works allows for a better understanding of learning and for the consequent improvement of the didactic transposition. As a result, there is a need to revise the curricular frameworks of professor training courses, especially those involved in issuing teaching degrees, pointing, as an alternative, to the inclusion of new subjects or to the restructuring of existing ones, aiming to facilitate dialogue among neuroscience, teaching, and learning.</p></trans-abstract><kwd-group lang_id="en" kwd-group-type="author-generated"><kwd>neuroscience</kwd><kwd>learning</kwd><kwd>education</kwd><kwd>teacher training</kwd></kwd-group><kwd-group lang_id="pt" kwd-group-type="author-generated"><kwd>neurociência</kwd><kwd>aprendizagem</kwd><kwd>educação</kwd><kwd>formação de professores</kwd></kwd-group></article-meta></front><back><ref-list><ref id="B1"><element-citation publication-type="book"><source>Reencantar a educação: rumo à sociedade aprendente</source><date><year>2001</year></date><person-group><name><surname>ASSMANN</surname><given-names>Hugo</given-names></name><name><surname>ASSMANN</surname><given-names>Hugo</given-names></name></person-group></element-citation></ref><ref id="B2"><element-citation publication-type="book"><source>O desafio de aprender ao longo da vida</source><date><year>2005</year></date><person-group><name><surname>CLAXTON</surname><given-names>Guy</given-names></name><name><surname>CLAXTON</surname><given-names>Guy</given-names></name></person-group></element-citation></ref><ref id="B3"><element-citation publication-type="book"><source>Professor do futuro e reconstrução do conhecimento</source><date><year>2005</year></date><person-group><name><surname>DEMO</surname><given-names>Pedro</given-names></name><name><surname>DEMO</surname><given-names>Pedro</given-names></name></person-group></element-citation></ref><ref id="B4"><element-citation publication-type="book"><source>Educação e conhecimento: relação necessária, insuficiente e controversa</source><date><year>2002</year></date><person-group><name><surname>DEMO</surname><given-names>Pedro</given-names></name></person-group></element-citation></ref><ref id="B5"><element-citation publication-type="book"><source>Saber pensar</source><date><year>2001</year></date><person-group><name><surname>DEMO</surname><given-names>Pedro</given-names></name></person-group></element-citation></ref><ref id="B6"><element-citation publication-type="book"><source>Aprender a aprender: a educabilidade cognitiva</source><date><year>1998</year></date><person-group><name><surname>FONSECA</surname><given-names>Vitor da</given-names></name><name><surname>FONSECA</surname><given-names>Vitor da</given-names></name></person-group></element-citation></ref><ref id="B7"><element-citation publication-type="book"><source>Questões sobre memória</source><date><year>2004</year></date><person-group><name><surname>IZQUIERDO</surname><given-names>Ivan</given-names></name><name><surname>IZQUIERDO</surname><given-names>Ivan</given-names></name></person-group></element-citation></ref><ref id="B8"><element-citation publication-type="book"><source>Memória</source><date><year>2002</year></date><person-group><name><surname>IZQUIERDO</surname><given-names>Ivan</given-names></name></person-group></element-citation></ref><ref id="B9"><element-citation publication-type="book"><source>Cem bilhões de neurônios: conceitos fundamentais da neurociência</source><date><year>2001</year></date><person-group><name><surname>LENT</surname><given-names>Robert</given-names></name><name><surname>LENT</surname><given-names>Robert</given-names></name></person-group></element-citation></ref><ref id="B10"><element-citation publication-type="book"><source>De máquinas e seres vivos</source><date><year>1997</year></date><person-group><name><surname>MATURANA</surname><given-names>Humberto</given-names></name><name><surname>MATURANA</surname><given-names>Humberto</given-names></name></person-group></element-citation></ref><ref id="B11"><element-citation publication-type="book"><source>A árvore do conhecimento: as bases biológicas da compreensão humana</source><date><year>2001</year></date><person-group><name><surname>MATURANA</surname><given-names>Humberto</given-names></name><name><surname>VARELA</surname><given-names>Francisco</given-names></name><name><surname>MATURANA</surname><given-names>Humberto</given-names></name><name><surname>VARELA</surname><given-names>Francisco</given-names></name></person-group></element-citation></ref><ref id="B12"><element-citation publication-type="book"><source>Aprender... sim, mas como?</source><date><year>1998</year></date><person-group><name><surname>MEIRIEU</surname><given-names>Philippe</given-names></name><name><surname>MEIRIEU</surname><given-names>Philippe</given-names></name></person-group></element-citation></ref><ref id="B13"><element-citation publication-type="book"><source>Como funciona o cérebro</source><date><year>2004</year></date><person-group><name><surname>MORA</surname><given-names>Francisco</given-names></name><name><surname>MORA</surname><given-names>Francisco</given-names></name></person-group></element-citation></ref><ref id="B14"><element-citation publication-type="book"><source>Pensamento ecosistêmico: educação, aprendizagem e cidadania no século XXI</source><date><year>2004</year></date><person-group><name><surname>MORAES</surname><given-names>Maria Cândida</given-names></name><name><surname>MORAES</surname><given-names>Maria Cândida</given-names></name></person-group></element-citation></ref><ref id="B15"><element-citation publication-type="book"><source>Sentipensar: fundamentos e estratégias para reencantar a educação</source><date><year>2004</year></date><person-group><name><surname>MORAES</surname><given-names>Maria Cândida</given-names></name><name><surname>TORRE</surname><given-names>Saturnino de la</given-names></name><name><surname>MORAES</surname><given-names>Maria Cândida</given-names></name><name><surname>TORRE</surname><given-names>Saturnino de la</given-names></name></person-group></element-citation></ref><ref id="B16"><element-citation publication-type="book"><source>O método III: o conhecimento do conhecimento</source><date><year>1999</year></date><person-group><name><surname>MORIN</surname><given-names>Edgar</given-names></name><name><surname>MORIN</surname><given-names>Edgar</given-names></name></person-group></element-citation></ref><ref id="B17"><element-citation publication-type="book"><source>Compreendendo o cérebro: rumo a uma nova ciência do aprendizado</source><date><year>2003</year></date></element-citation></ref><ref id="B18"><element-citation publication-type="book"><source>Imagens da mente</source><date><year>2001</year></date><person-group><name><surname>POSNER</surname><given-names>Michael I.</given-names></name><name><surname>RAICHLE</surname><given-names>Marcus E.</given-names></name><name><surname>POSNER</surname><given-names>Michael I.</given-names></name><name><surname>RAICHLE</surname><given-names>Marcus E.</given-names></name></person-group></element-citation></ref><ref id="B19"><element-citation publication-type="book"><source>Aprendizes e mestres: a nova cultura da aprendizagem</source><date><year>2002</year></date><person-group><name><surname>POZO</surname><given-names>Juan Ignácio</given-names></name><name><surname>POZO</surname><given-names>Juan Ignácio</given-names></name></person-group></element-citation></ref><ref id="B20"><element-citation publication-type="book"><source>O cérebro: um guia para o usuário</source><date><year>2001</year></date><person-group><name><surname>RATEY</surname><given-names>John J.</given-names></name><name><surname>RATEY</surname><given-names>John J.</given-names></name></person-group></element-citation></ref><ref id="B21"><element-citation publication-type="book"><source>Repensando o cérebro: novas visões sobre o desenvolvimento inicial do cérebro</source><date><year>2000</year></date><person-group><name><surname>SHORE</surname><given-names>Rima</given-names></name><name><surname>SHORE</surname><given-names>Rima</given-names></name></person-group></element-citation></ref><ref id="B22"><element-citation publication-type="book"><source>Saberes docentes e formação profissional</source><date><year>2003</year></date><person-group><name><surname>TARDIF</surname><given-names>Maurice</given-names></name><name><surname>TARDIF</surname><given-names>Maurice</given-names></name></person-group></element-citation></ref><ref id="B23"><element-citation publication-type="book"><source>O ensino universitário: seu cenário e seus protagonistas</source><date><year>2004</year></date><person-group><name><surname>ZABALZA</surname><given-names>Miguel A.</given-names></name><name><surname>ZABALZA</surname><given-names>Miguel A.</given-names></name></person-group></element-citation></ref></ref-list></back></article></articles>