<articles xmlns:xsi="http://www.w3.org/2001/XMLSchema-instance" xsi:schemaLocation="https://raw.githubusercontent.com/scieloorg/articles_meta/master/tests/xsd/scielo_sci/ThomsonReuters_publishing.xsd" dtd-version="1.10"><article lang_id="pt" article-type="research-article"><front><journal-meta><journal-id journal-id-type="publisher">tes</journal-id><journal-title-group><journal-title>Trabalho, Educação e Saúde</journal-title><abbrev-journal-title>Trab. educ. saúde</abbrev-journal-title></journal-title-group><issn>1981-7746</issn><collection>SciELO Brazil</collection><publisher><publisher-name>Fundação Oswaldo Cruz, Escola Politécnica de Saúde Joaquim Venâncio</publisher-name></publisher></journal-meta><article-meta><unique-article-id pub-id-type="publisher-id">S1981-77462004000200007</unique-article-id><article-id pub-id-type="publisher-id">S1981-77462004000200007</article-id><article-id pub-id-type="doi">10.1590/S1981-77462004000200007</article-id><article-categories><subj-group><subject>EDUCATION &amp; EDUCATIONAL RESEARCH</subject><subject>PUBLIC, ENVIRONMENTAL &amp; OCCUPATIONAL HEALTH</subject></subj-group></article-categories><title-group><article-title lang_id="pt">A vivência do desemprego: um estudo crítico do significado do desemprego no capitalismo</article-title><trans-title-group lang_id="en"><trans-title>The experience of being unemployed: a critical study of the meaning of unemployment in capitalism</trans-title></trans-title-group></title-group><contrib-group><contrib contrib-type="author"><name><surname>Tumolo</surname><given-names>Ligia Maria Soufen</given-names></name><role>ND</role></contrib><contrib contrib-type="author"><name><surname>Tumolo</surname><given-names>Paulo Sergio</given-names></name><role>ND</role></contrib></contrib-group><pub-date><month>09</month><year>2004</year></pub-date><volume>2</volume><issue>2</issue><fpage>327</fpage><lpage>344</lpage><permissions><license license-type="open-access" href="http://creativecommons.org/licenses/by-nc/4.0/"><license-p>This work is licensed under a Creative Commons Attribution-NonCommercial 4.0 International License.</license-p></license></permissions><self-uri href="http://www.scielo.br/scielo.php?script=sci_arttext&amp;pid=S1981-77462004000200007&amp;lng=en&amp;tlng=en" content-type="full_text_page"/><self-uri href="http://www.scielo.br/scielo.php?script=sci_issuetoc&amp;pid=1981-774620040002&amp;lng=en" content-type="issue_page"/><self-uri href="http://www.scielo.br/scielo.php?script=sci_serial&amp;pid=1981-7746&amp;lng=en" content-type="journal_page"/><abstract lang_id="pt"><p>O artigo examina, primeiramente, os resultados de uma pesquisa com indivíduos que procuravam emprego por meio de encaminhamento do Sine - Sistema Nacional de Emprego - de Florianópolis (Santa Catarina), com o propósito de apreender as características mais marcantes de sua vivência como desempregados. Em seguida, ao analisar o significado do desemprego no interior da lógica societal capitalista, conclui que os desempregados se encontram numa situação de dificuldade e, no limite, na impossibilidade de vender não somente a força de trabalho, mas qualquer mercadoria, e, dessa forma, também na impossibilidade de comprar os meios de subsistência para poderem produzir suas vidas como seres humanos. Daí se pode entender que as características de suas vivências são expressão, no seu cotidiano, da produção de sua degradação como seres humanos e, ao mesmo tempo, de suas tentativas de reação a este processo.</p></abstract><trans-abstract lang_id="en"><p>In a first stage, the article examines the results of a survey with individuals that were looking for a job by referral from the SINE - Brazilian Employment System - in Florianópolis - Santa Catarina, in an attempt to find out the main characteristics of their experience as unemployed. Next, analysing the meaning of unemployment within the logic of capitalist society, it concludes that the unemployed have great difficulty in selling the force of his/her labour, and, in extreme cases, are totally unable, not just to sell this labour, but to sell any other merchandise, with the consequence that they have also great difficulty in buying - or are totally unable to buy - their means of subsistence so as to produce their lives as human beings. From this it is possible to presume that the characteristics of their experience are an expression, in their everyday life, of the production of their degradation as human beings as well as of their efforts to react against this process.</p></trans-abstract><kwd-group lang_id="en" kwd-group-type="author-generated"><kwd>unemployment</kwd><kwd>capitalism</kwd><kwd>life-experience</kwd><kwd>market</kwd><kwd>social production of life</kwd></kwd-group><kwd-group lang_id="pt" kwd-group-type="author-generated"><kwd>desemprego</kwd><kwd>capitalismo</kwd><kwd>vivência</kwd><kwd>mercado</kwd><kwd>produção social da vida</kwd></kwd-group></article-meta></front><back><ref-list><ref id="B1"><element-citation publication-type="book"><source>Os sentidos do trabalho</source><date><year>1999</year></date><person-group><name><surname>ANTUNES</surname><given-names>Ricardo</given-names></name><name><surname>ANTUNES</surname><given-names>Ricardo</given-names></name></person-group></element-citation></ref><ref id="B2"><element-citation publication-type="article"><article-title>Reestruturação produtiva, qualificação, requalificação e desemprego: percepção e sofrimento do trabalhador</article-title><source>Psicologia Ciência e Profissão</source><fpage>30</fpage><lpage>49</lpage><issue>1</issue><person-group><name><surname>BARBARA</surname><given-names>Maristela</given-names></name></person-group></element-citation></ref><ref id="B3"><element-citation publication-type="book"><source>La liberación como horizonte de la psicología: psicologia de la liberación</source><date><year>1998</year></date><person-group><name><surname>BARÓ</surname><given-names>Ignácio</given-names></name><name><surname>BARÓ</surname><given-names>Ignácio</given-names></name></person-group></element-citation></ref><ref id="B4"><element-citation publication-type="book"><source>O lugar do trabalho na psicologia social: Mesa redonda da Associação Brasileira de Psicologia Social</source><date><year>1999</year></date><person-group><name><surname>BOCK</surname><given-names>Ana</given-names></name><name><surname>BOCK</surname><given-names>Ana</given-names></name></person-group></element-citation></ref><ref id="B5"><element-citation publication-type="book"><source>O significado da perda do emprego para trabalhadores desempregados</source><date><year>2000</year></date><person-group><name><surname>BRASILEIRO</surname><given-names>Maria</given-names></name><name><surname>BRASILEIRO</surname><given-names>Maria</given-names></name></person-group></element-citation></ref><ref id="B6"><element-citation publication-type="book"><source>Poemas. 1913 - 1956</source><date><year>1990</year></date><person-group><name><surname>BRECHT</surname><given-names>Bertolt</given-names></name><name><surname>BRECHT</surname><given-names>Bertolt</given-names></name></person-group></element-citation></ref><ref id="B7"><element-citation publication-type="conference"><source>Anais</source><person-group><name><surname>CALDAS</surname><given-names>Miguel</given-names></name></person-group></element-citation></ref><ref id="B8"><element-citation publication-type="article"><article-title>The ecological effect of unemployment of very low birthweight in Norway and Sweden</article-title><source>Journal of Health and Social Behavior</source><fpage>422</fpage><lpage>428</lpage><volume>40</volume><person-group><name><surname>CATALANO</surname><given-names>Ralph</given-names></name><name><surname>HANSEN</surname><given-names>Hans</given-names></name><name><surname>HARTING</surname><given-names>Terry</given-names></name></person-group></element-citation></ref><ref id="B9"><element-citation publication-type="book"><source>Trabalho e autonomia</source><date><year>1996</year></date><person-group><name><surname>CATTANI</surname><given-names>Antônio</given-names></name><name><surname>CATTANI</surname><given-names>Antônio</given-names></name></person-group></element-citation></ref><ref id="B10"><element-citation publication-type="book"><source>A banalização da injustiça social</source><date><year>2000</year></date><person-group><name><surname>DEJOURS</surname><given-names>Christophe</given-names></name><name><surname>DEJOURS</surname><given-names>Christophe</given-names></name></person-group></element-citation></ref><ref id="B11"><element-citation publication-type="book"><source>Reestruturação tecnológica e emprego no comércio em Santa Catarina: Estudo Regional 3</source><date><year>1999</year></date></element-citation></ref><ref id="B12"><element-citation publication-type="article"><article-title>Health effects of job insecurity among employees in the Swiss general population in international</article-title><source>Journal of Health Services</source><fpage>477</fpage><lpage>490</lpage><issue>3</issue><volume>30</volume><person-group><name><surname>DOMENIGHETTI</surname><given-names>Gianfrancesco</given-names></name><name><surname>DÁVANZO</surname><given-names>Barbara</given-names></name><name><surname>BISIG</surname><given-names>Brigitte</given-names></name></person-group></element-citation></ref><ref id="B13"><element-citation publication-type="article"><article-title>Desemprego cai, mas motivo é desalento</article-title><source>Folha de S. Paulo</source><fpage>6</fpage></element-citation></ref><ref id="B14"><element-citation publication-type="article"><article-title>Para IBGE, manter duas taxas é 'infundado'</article-title><source>Folha de S. Paulo</source><fpage>6</fpage></element-citation></ref><ref id="B15"><element-citation publication-type="book"><source>O horror econômico</source><date><year>1997</year></date><person-group><name><surname>FORRESTER</surname><given-names>Viviane</given-names></name><name><surname>FORRESTER</surname><given-names>Viviane</given-names></name></person-group></element-citation></ref><ref id="B16"><element-citation publication-type="book"><source>Psicologia social aplicada</source><fpage>121</fpage><lpage>154</lpage><person-group><name><surname>GARRIDO</surname><given-names>Alicia</given-names></name><name><surname>ALVARO</surname><given-names>José L.</given-names></name><name><surname>GARRIDO</surname><given-names>Alicia</given-names></name><name><surname>TORREGROSA</surname><given-names>José Ramon</given-names></name><name><surname>ALVARO</surname><given-names>José L.</given-names></name><name><surname>GARRIDO</surname><given-names>Alicia</given-names></name><name><surname>TORREGROSA</surname><given-names>José Ramon</given-names></name></person-group></element-citation></ref><ref id="B17"><element-citation publication-type="article"><article-title>Trabalhar em tempos de "fim de emprego"</article-title><source>Psicologia, Ciência e Profissão</source><fpage>34</fpage><lpage>45</lpage><issue>2</issue><person-group><name><surname>KILIMNIK</surname><given-names>Zélia</given-names></name></person-group></element-citation></ref><ref id="B18"><element-citation publication-type="article"><article-title>Alcohol dependence among patients admited to psychiatric emergency services</article-title><source>General Hospital Psychiatry</source><fpage>206</fpage><lpage>212</lpage><issue>22</issue><person-group><name><surname>LEJOYEUX</surname><given-names>Michel</given-names></name><name><surname>BOULENGUIEZ</surname><given-names>Sofhie</given-names></name><name><surname>FICHELLE</surname><given-names>Anika</given-names></name></person-group></element-citation></ref><ref id="B19"><element-citation publication-type="book"><source>Novas veredas da psicologia social</source><person-group><name><surname>LANE</surname><given-names>Silvia T. M.</given-names></name><name><surname>LANE</surname><given-names>Silvia T. M.</given-names></name><name><surname>SAWAIA</surname><given-names>Bader B.</given-names></name><name><surname>LANE</surname><given-names>Silvia T. M.</given-names></name><name><surname>SAWAIA</surname><given-names>Bader B.</given-names></name></person-group></element-citation></ref><ref id="B20"><element-citation publication-type="book"><source>A nova América Latina</source><person-group><name><surname>LONDOÑO</surname><given-names>Juan L.</given-names></name><name><surname>LANGONI</surname><given-names>Carlos G.</given-names></name><name><surname>LANGONI</surname><given-names>Carlos G.</given-names></name></person-group></element-citation></ref><ref id="B21"><element-citation publication-type="book"><source>O capital</source><date><year>1983</year></date><volume>I</volume><person-group><name><surname>MARX</surname><given-names>Karl</given-names></name><name><surname>MARX</surname><given-names>Karl</given-names></name></person-group></element-citation></ref><ref id="B22"><element-citation publication-type="book"><source>O capital</source><date><year>1984</year></date><volume>I</volume><person-group><name><surname>MARX</surname><given-names>Karl</given-names></name></person-group></element-citation></ref><ref id="B23"><element-citation publication-type="book"><source>O Brasil desempregado</source><date><year>2000</year></date><person-group><name><surname>MATTOSO</surname><given-names>Jorge</given-names></name><name><surname>MATTOSO</surname><given-names>Jorge</given-names></name></person-group></element-citation></ref><ref id="B24"><element-citation publication-type="thesis"><source>A formação sindical-profissional da Central Única dos Trabalhadores (CUT), desemprego e a configuração atual do mercado capitalista</source><date><year>2004</year></date><person-group><name><surname>MORETTO</surname><given-names>Nivaldo R</given-names></name><name><surname>MORETTO</surname><given-names>Nivaldo R</given-names></name></person-group></element-citation></ref><ref id="B25"><element-citation publication-type="book"><source>O fenômeno do desemprego no Brasil: diagnóstico e perspectivas</source><date><year>1999</year></date><person-group><name><surname>POCHMANN</surname><given-names>Marcio</given-names></name><name><surname>POCHMANN</surname><given-names>Marcio</given-names></name></person-group></element-citation></ref><ref id="B26"><element-citation publication-type="book"><source>O trabalho sob fogo cruzado</source><date><year>1999</year></date><person-group><name><surname>POCHMANN</surname><given-names>Marcio</given-names></name></person-group></element-citation></ref><ref id="B27"><element-citation publication-type="book"><source>O desemprego na globalização</source><date><year>2001</year></date><person-group><name><surname>POCHMANN</surname><given-names>Marcio</given-names></name></person-group></element-citation></ref><ref id="B28"><element-citation publication-type="article"><article-title>Suicide and unemployment in Italy</article-title><source>Journal Epidemiol. Community Health</source><fpage>694</fpage><lpage>701</lpage><issue>53</issue><person-group><name><surname>PRETI</surname><given-names>Antonio</given-names></name><name><surname>MIOTTO</surname><given-names>Paola</given-names></name></person-group></element-citation></ref><ref id="B29"><element-citation publication-type="book"><source>Marxismo e a teoria da personalidade</source><person-group><name><surname>SEVE</surname><given-names>Lucien</given-names></name><name><surname>SEVE</surname><given-names>Lucien</given-names></name></person-group></element-citation></ref><ref id="B30"><element-citation publication-type="book"><source>Cidadania e loucura</source><fpage>266</fpage><lpage>273</lpage><person-group><name><surname>SILVA</surname><given-names>Seligman</given-names></name><name><surname>TUNDIS</surname><given-names>Silvério</given-names></name><name><surname>COSTA</surname><given-names>Nilson</given-names></name><name><surname>TUNDIS</surname><given-names>Silvério</given-names></name><name><surname>COSTA</surname><given-names>Nilson</given-names></name></person-group></element-citation></ref><ref id="B31"><element-citation publication-type="book"><source>Pensando com Marx</source><date><year>1995</year></date><person-group><name><surname>TEIXEIRA</surname><given-names>José</given-names></name><name><surname>TEIXEIRA</surname><given-names>José</given-names></name></person-group></element-citation></ref><ref id="B32"><element-citation publication-type="thesis"><source>As características da vivência das pessoas que se encontram desempregadas em Florianópolis - SC</source><date><year>2002</year></date><person-group><name><surname>TUMOLO</surname><given-names>Ligia M. S.</given-names></name><name><surname>TUMOLO</surname><given-names>Ligia M. S.</given-names></name></person-group></element-citation></ref><ref id="B33"><element-citation publication-type="conference"><fpage>1</fpage><lpage>21</lpage><person-group><name><surname>TUMOLO</surname><given-names>Paulo S.</given-names></name></person-group></element-citation></ref><ref id="B34"><element-citation publication-type="article"><article-title>Trabalho, vida social e capital na virada do milênio: apontamentos de interpretação</article-title><source>Educação &amp; Sociedade</source><fpage>159</fpage><lpage>178</lpage><issue>82</issue><volume>24</volume><person-group><name><surname>TUMOLO</surname><given-names>Paulo S.</given-names></name></person-group></element-citation></ref><ref id="B35"><element-citation publication-type="article"><article-title>The persisting effect of unemployment on health and social well-being in men early in working life</article-title><source>Social Science and Medicine</source><fpage>1491</fpage><lpage>1499</lpage><issue>48</issue><person-group><name><surname>WADSWORTH</surname><given-names>M.</given-names></name><name><surname>MONTEGOMERY</surname><given-names>S.</given-names></name><name><surname>BARTLEY</surname><given-names>M.</given-names></name></person-group></element-citation></ref></ref-list></back></article></articles>