<articles xmlns:xsi="http://www.w3.org/2001/XMLSchema-instance" xsi:schemaLocation="https://raw.githubusercontent.com/scieloorg/articles_meta/master/tests/xsd/scielo_sci/ThomsonReuters_publishing.xsd" dtd-version="1.10"><article lang_id="pt" article-type="research-article"><front><journal-meta><journal-id journal-id-type="publisher">tes</journal-id><journal-title-group><journal-title>Trabalho, Educação e Saúde</journal-title><abbrev-journal-title>Trab. educ. saúde</abbrev-journal-title></journal-title-group><issn>1981-7746</issn><collection>SciELO Brazil</collection><publisher><publisher-name>Fundação Oswaldo Cruz, Escola Politécnica de Saúde Joaquim Venâncio</publisher-name></publisher></journal-meta><article-meta><unique-article-id pub-id-type="publisher-id">S1981-77462013000100004</unique-article-id><article-id pub-id-type="publisher-id">S1981-77462013000100004</article-id><article-id pub-id-type="doi">10.1590/S1981-77462013000100004</article-id><article-categories><subj-group><subject>EDUCATION &amp; EDUCATIONAL RESEARCH</subject><subject>PUBLIC, ENVIRONMENTAL &amp; OCCUPATIONAL HEALTH</subject></subj-group></article-categories><title-group><article-title lang_id="pt">Ecologia política, justiça e educação ambiental crítica: perspectivas de aliança contra-hegemônica</article-title><trans-title-group lang_id="en"><trans-title>Political ecology, justice, and critical environmental education: perspectives of a counter-hegemonic alliance</trans-title></trans-title-group></title-group><contrib-group><contrib contrib-type="author"><name><surname>Loureiro</surname><given-names>Carlos Frederico B.</given-names></name><role>ND</role></contrib><contrib contrib-type="author"><name><surname>Layrargues</surname><given-names>Philippe Pomier</given-names></name><role>ND</role></contrib></contrib-group><pub-date><month>04</month><year>2013</year></pub-date><volume>11</volume><issue>1</issue><fpage>53</fpage><lpage>71</lpage><permissions><license license-type="open-access" href="http://creativecommons.org/licenses/by-nc/4.0/"><license-p>This work is licensed under a Creative Commons Attribution-NonCommercial 4.0 International License.</license-p></license></permissions><self-uri href="http://www.scielo.br/scielo.php?script=sci_arttext&amp;pid=S1981-77462013000100004&amp;lng=en&amp;tlng=en" content-type="full_text_page"/><self-uri href="http://www.scielo.br/scielo.php?script=sci_issuetoc&amp;pid=1981-774620130001&amp;lng=en" content-type="issue_page"/><self-uri href="http://www.scielo.br/scielo.php?script=sci_serial&amp;pid=1981-7746&amp;lng=en" content-type="journal_page"/><abstract lang_id="pt"><p>Objetivamos com o presente artigo trazer alguns argumentos e contribuições teóricas que sustentam a pertinência da articulação entre a denominada educação ambiental crítica e o movimento de justiça ambiental, em decorrência da aproximação no modo como definem as causas da crise atual, estabelecem estratégias de luta social e defendem o projeto societário anticapitalista. Essa articulação não só é oportuna para os processos de superação das relações sociais alienadas destrutivas da natureza, mas também reforça uma perspectiva da ecologia política, para a qual as determinações são materiais e de classe. Nos três movimentos - educação ambiental crítica, justiça ambiental e ecologia política - ocorre um processo argumentativo contínuo de ressignificação ideológica da questão ambiental, agindo como contraponto das interpretações hegemônicas do senso comum acerca do fenômeno socioambiental. Todos possuem elementos em comum que conformam o amálgama mediante o qual se pode efetuar a crítica e operar politicamente a favor da transformação social.</p></abstract><trans-abstract lang_id="en"><p>The purpose of this article is to raise a few arguments and make theoretical contributions to support the pertinence of the link between the so-called critical environmental education and the environmental justice movement due to the approach in how they define the causes of the current crisis, establish social struggle strategies, and defend the anti-capitalistic corporate project. This link is not only timely for the process of overcoming the destructive, alienated social relations of nature, but also underpins a perspective of the political ecology for which the determinations are material and of class. In the three movements - critical environmental education, environmental justice and political ecology - there is an ongoing argumentative process of ideological resignification of the environmental issue, acting as a counterpoint for the hegemonic interpretations of the common sense on the socioenvironmental phenomenon. They all have elements in common that form the amalgamation through which one can critique and, yet, operate politically on behalf of social transformation.</p></trans-abstract><kwd-group lang_id="pt" kwd-group-type="author-generated"><kwd>ecologia política</kwd><kwd>movimentos sociais</kwd><kwd>justiça ambiental</kwd><kwd>educação ambiental crítica</kwd><kwd>ambientalismo</kwd></kwd-group><kwd-group lang_id="en" kwd-group-type="author-generated"><kwd>political ecology</kwd><kwd>social movements</kwd><kwd>environmental justice</kwd><kwd>critical environmental education</kwd><kwd>environmentalism</kwd></kwd-group></article-meta></front><back><ref-list><ref id="B1"><element-citation publication-type="book"><source>O que é justiça ambiental</source><date><year>2008</year></date><person-group><name><surname>ACSELRAD</surname><given-names>Henri</given-names></name><name><surname>MELLO</surname><given-names>Cecília C. do A.</given-names></name><name><surname>BEZERRA</surname><given-names>Gustavo das N.</given-names></name><name><surname>ACSELRAD</surname><given-names>Henri</given-names></name><name><surname>MELLO</surname><given-names>Cecília C. do A.</given-names></name><name><surname>BEZERRA</surname><given-names>Gustavo das N.</given-names></name></person-group></element-citation></ref><ref id="B2"><element-citation publication-type="book"><source>Da economia ecológica ao ecologismo popular</source><date><year>1998</year></date><person-group><name><surname>ALIER</surname><given-names>J. M.</given-names></name><name><surname>ALIER</surname><given-names>J. M.</given-names></name></person-group></element-citation></ref><ref id="B3"><element-citation publication-type="book"><source>O ecologismo dos pobres: conflitos ambientais e linguagens de valoração</source><date><year>2007</year></date><person-group><name><surname>ALIER</surname><given-names>J. M.</given-names></name></person-group></element-citation></ref><ref id="B4"><element-citation publication-type="book"><source>O fim do capitalismo como o conhecemos: uma crítica radical do capitalismo</source><date><year>2010</year></date><person-group><name><surname>ALTVATER</surname><given-names>E.</given-names></name><name><surname>ALTVATER</surname><given-names>E.</given-names></name></person-group></element-citation></ref><ref id="B5"><element-citation publication-type="book"><source>La teoría marxista hoy: problemas y perspectivas</source><date><year>2006</year></date><fpage>341</fpage><lpage>364</lpage><person-group><name><surname>ALTVATER</surname><given-names>E.</given-names></name><name><surname>BORÓN</surname><given-names>Atilio</given-names></name><name><surname>AMADEO</surname><given-names>J.</given-names></name><name><surname>GONZÁLEZ</surname><given-names>S.</given-names></name><name><surname>BORÓN</surname><given-names>Atilio</given-names></name><name><surname>AMADEO</surname><given-names>J.</given-names></name><name><surname>GONZÁLEZ</surname><given-names>S.</given-names></name></person-group></element-citation></ref><ref id="B6"><element-citation publication-type="book"><source>A economia das trocas simbólicas</source><date><year>2005</year></date><person-group><name><surname>BOURDIEU</surname><given-names>Pierre</given-names></name><name><surname>BOURDIEU</surname><given-names>Pierre</given-names></name></person-group></element-citation></ref><ref id="B7"><element-citation publication-type="book"><source>O poder simbólico</source><date><year>2007</year></date><person-group><name><surname>BOURDIEU</surname><given-names>Pierre</given-names></name></person-group></element-citation></ref><ref id="B8"><element-citation publication-type="article"><article-title>O imperialismo da razão neoliberal</article-title><source>Possibilidades</source><date><month>09</month><year>2004</year></date><fpage>24</fpage><lpage>28</lpage><issue>1</issue><volume>1</volume><person-group><name><surname>BOURDIEU</surname><given-names>Pierre</given-names></name><name><surname>WACQUANT</surname><given-names>Loïc</given-names></name></person-group></element-citation></ref><ref id="B9"><element-citation publication-type="book"><source>Limites do desenvolvimento sustentável</source><date><year>2001</year></date><person-group><name><surname>FOLADORI</surname><given-names>Guillermo</given-names></name><name><surname>FOLADORI</surname><given-names>Guillermo</given-names></name></person-group></element-citation></ref><ref id="B10"><element-citation publication-type="book"><source>Fundamentos da educação escolar do Brasil contemporâneo</source><date><year>2006</year></date><fpage>73</fpage><lpage>117</lpage><person-group><name><surname>FONTES</surname><given-names>Virgínia</given-names></name><name><surname>LIMA</surname><given-names>Júlio César França</given-names></name><name><surname>NEVES</surname><given-names>Lúcia Maria Wanderley</given-names></name><name><surname>LIMA</surname><given-names>Júlio César França</given-names></name><name><surname>NEVES</surname><given-names>Lúcia Maria Wanderley</given-names></name></person-group></element-citation></ref><ref id="B11"><element-citation publication-type="book"><source>Ecology against capitalism</source><date><year>2002</year></date><person-group><name><surname>FOSTER</surname><given-names>J. B.</given-names></name><name><surname>FOSTER</surname><given-names>J. B.</given-names></name></person-group></element-citation></ref><ref id="B12"><element-citation publication-type="book"><source>Uma pós-modernidade de libertação: reconstruindo esperanças</source><date><year>2005</year></date><person-group><name><surname>FREITAS</surname><given-names>L. C. de</given-names></name><name><surname>FREITAS</surname><given-names>L. C. de</given-names></name></person-group></element-citation></ref><ref id="B13"><element-citation publication-type="book"><source>Ecologia e política</source><date><year>1976</year></date><person-group><name><surname>GORZ</surname><given-names>André</given-names></name><name><surname>GORZ</surname><given-names>André</given-names></name></person-group></element-citation></ref><ref id="B14"><element-citation publication-type="book"><source>Justiça ambiental e cidadania</source><date><year>2004</year></date><fpage>69</fpage><lpage>80</lpage><person-group><name><surname>GOULD</surname><given-names>K. A.</given-names></name><name><surname>ACSELRAD</surname><given-names>Henri</given-names></name><name><surname>HERCULANO</surname><given-names>Selene</given-names></name><name><surname>PÁDUA</surname><given-names>José A.</given-names></name><name><surname>ACSELRAD</surname><given-names>Henri</given-names></name><name><surname>HERCULANO</surname><given-names>Selene</given-names></name><name><surname>PÁDUA</surname><given-names>José A.</given-names></name></person-group></element-citation></ref><ref id="B15"><element-citation publication-type="book"><source>Espaços de esperança</source><date><year>2005</year></date><person-group><name><surname>HARVEY</surname><given-names>D.</given-names></name><name><surname>HARVEY</surname><given-names>D.</given-names></name></person-group></element-citation></ref><ref id="B16"><element-citation publication-type="book"><source>O novo imperialismo</source><date><year>2004</year></date><person-group><name><surname>HARVEY</surname><given-names>D.</given-names></name></person-group></element-citation></ref><ref id="B17"><element-citation publication-type="book"><source>Luta por reconhecimento</source><date><year>2003</year></date><person-group><name><surname>HONNET</surname><given-names>A.</given-names></name><name><surname>HONNET</surname><given-names>A.</given-names></name></person-group></element-citation></ref><ref id="B18"><element-citation publication-type="book"><source>La teoría marxista hoy: problemas y perspectivas</source><date><year>2006</year></date><fpage>435</fpage><lpage>444</lpage><person-group><name><surname>HOUTART</surname><given-names>F.</given-names></name><name><surname>BORÓN</surname><given-names>Atilio</given-names></name><name><surname>AMADEO</surname><given-names>Javier</given-names></name><name><surname>GONZÁLEZ</surname><given-names>Sabrina</given-names></name><name><surname>BORÓN</surname><given-names>Atilio</given-names></name><name><surname>AMADEO</surname><given-names>Javier</given-names></name><name><surname>GONZÁLEZ</surname><given-names>Sabrina</given-names></name></person-group></element-citation></ref><ref id="B19"><element-citation publication-type="book"><source>Educação ambiental: repensando o espaço da cidadania</source><date><year>2002</year></date><fpage>179</fpage><lpage>219</lpage><person-group><name><surname>LAYRARGUES</surname><given-names>Philippe Pomier</given-names></name><name><surname>LOUREIRO</surname><given-names>Carlos Frederico B.</given-names></name><name><surname>LAYRARGUES</surname><given-names>Philippe Pomier</given-names></name><name><surname>CASTRO</surname><given-names>Ronal de Souza</given-names></name><name><surname>LOUREIRO</surname><given-names>Carlos Frederico B.</given-names></name><name><surname>LAYRARGUES</surname><given-names>Philippe Pomier</given-names></name><name><surname>CASTRO</surname><given-names>Ronal de Souza</given-names></name></person-group></element-citation></ref><ref id="B20"><element-citation publication-type="book"><source>VI Fórum Brasileiro de Educação Ambiental: participação, cidadania e educação ambiental</source><date><year>2010</year></date><fpage>34</fpage><lpage>38</lpage><person-group><name><surname>LAYRARGUES</surname><given-names>Philippe Pomier</given-names></name><name><surname>DIB-FERREIRA</surname><given-names>Declev Reynier</given-names></name><name><surname>GUERREIRO</surname><given-names>Jacqueline</given-names></name><name><surname>DIB-FERREIRA</surname><given-names>Declev Reynier</given-names></name><name><surname>GUERREIRO</surname><given-names>Jacqueline</given-names></name></person-group></element-citation></ref><ref id="B21"><element-citation publication-type="conference"><source>Anais...</source><date><year>2011</year></date><person-group><name><surname>LAYRARGUES</surname><given-names>Philippe Pomier</given-names></name><name><surname>LIMA</surname><given-names>Gustavo F. da C.</given-names></name></person-group></element-citation></ref><ref id="B22"><element-citation publication-type="book"><source>Educação ambiental: formação, identidades e desafios</source><date><year>2011</year></date><person-group><name><surname>LIMA</surname><given-names>G. F. da C.</given-names></name><name><surname>LIMA</surname><given-names>G. F. da C.</given-names></name></person-group></element-citation></ref><ref id="B23"><element-citation publication-type="thesis"><source>Formação e dinâmica do campo da educação ambiental no Brasil: emergências, identidades e desafios</source><date><year>2005</year></date><person-group><name><surname>LIMA</surname><given-names>G. F. da C.</given-names></name></person-group></element-citation></ref><ref id="B24"><element-citation publication-type="book"><source>A questão ambiental no pensamento crítico: natureza, trabalho e educação</source><date><year>2007</year></date><person-group><name><surname>LOUREIRO</surname><given-names>Carlos Frederico B.</given-names></name><name><surname>LOUREIRO</surname><given-names>Carlos Frederico B.</given-names></name></person-group></element-citation></ref><ref id="B25"><element-citation publication-type="book"><source>Caminhos da educação ambiental: da forma à ação</source><date><year>2008</year></date><fpage>51</fpage><lpage>86</lpage><person-group><name><surname>LOUREIRO</surname><given-names>Carlos Frederico B.</given-names></name><name><surname>GUIMARÃES</surname><given-names>M.</given-names></name><name><surname>GUIMARÃES</surname><given-names>M.</given-names></name></person-group></element-citation></ref><ref id="B26"><element-citation publication-type="book"><source>O movimento ambientalista e o pensamento crítico: uma abordagem política</source><date><year>2006</year></date><person-group><name><surname>LOUREIRO</surname><given-names>Carlos Frederico B.</given-names></name></person-group></element-citation></ref><ref id="B27"><element-citation publication-type="book"><source>Educação ambiental e conselho em unidades de conservação: aspectos teóricos e metodológicos</source><date><year>2007</year></date><person-group><name><surname>LOUREIRO</surname><given-names>Carlos Frederico B.</given-names></name><name><surname>AZAZIEL</surname><given-names>M.</given-names></name><name><surname>FRANCA</surname><given-names>N.</given-names></name><name><surname>AZAZIEL</surname><given-names>M.</given-names></name><name><surname>FRANCA</surname><given-names>N.</given-names></name></person-group></element-citation></ref><ref id="B28"><element-citation publication-type="book"><source>Prolegômenos - para uma ontologia do ser social</source><date><year>2010</year></date><person-group><name><surname>LUKÁCS</surname><given-names>György</given-names></name><name><surname>LUKÁCS</surname><given-names>György</given-names></name></person-group></element-citation></ref><ref id="B29"><element-citation publication-type="book"><source>O desafio e o fardo do tempo histórico</source><date><year>2008</year></date><person-group><name><surname>MÉSZÁROS</surname><given-names>István</given-names></name><name><surname>MÉSZÁROS</surname><given-names>István</given-names></name></person-group></element-citation></ref><ref id="B30"><element-citation publication-type="book"><source>Para além do capital</source><date><year>2002</year></date><person-group><name><surname>MÉSZÁROS</surname><given-names>István</given-names></name></person-group></element-citation></ref><ref id="B31"><element-citation publication-type="book"><source>Produção destrutiva e Estado capitalista</source><date><year>1989</year></date><person-group><name><surname>MÉSZÁROS</surname><given-names>István</given-names></name></person-group></element-citation></ref><ref id="B32"><element-citation publication-type="book"><source>Estado, classe e movimentos sociais</source><date><year>2011</year></date><person-group><name><surname>MONTAÑO</surname><given-names>C.</given-names></name><name><surname>DURIGUETTO</surname><given-names>M. L.</given-names></name><name><surname>MONTAÑO</surname><given-names>C.</given-names></name><name><surname>DURIGUETTO</surname><given-names>M. L.</given-names></name></person-group></element-citation></ref><ref id="B33"><element-citation publication-type="book"><source>O método 1: a natureza da natureza</source><date><year>2003</year></date><person-group><name><surname>MORIN</surname><given-names>Edgar</given-names></name><name><surname>MORIN</surname><given-names>Edgar</given-names></name></person-group></element-citation></ref><ref id="B34"><element-citation publication-type="book"><source>Pluralismo cultural, identidade e globalização</source><date><year>2001</year></date><fpage>327</fpage><lpage>374</lpage><person-group><name><surname>MOUFFE</surname><given-names>C.</given-names></name><name><surname>MENDES</surname><given-names>C.</given-names></name><name><surname>MENDES</surname><given-names>C.</given-names></name></person-group></element-citation></ref><ref id="B35"><element-citation publication-type="book"><source>O debate sobre a centralidade do trabalho</source><date><year>2006</year></date><person-group><name><surname>ORGANISTA</surname><given-names>J. H.</given-names></name><name><surname>ORGANISTA</surname><given-names>J. H.</given-names></name></person-group></element-citation></ref><ref id="B36"><element-citation publication-type="thesis"><source>Educação ambiental em escolas próximas ao pólo industrial de Campos Elíseos: a influência do contexto industrial e do risco</source><date><year>2011</year></date><person-group><name><surname>RIOS</surname><given-names>Natália Tavares</given-names></name><name><surname>RIOS</surname><given-names>Natália Tavares</given-names></name></person-group></element-citation></ref><ref id="B37"><element-citation publication-type="book"><source>A formação da classe operária inglesa</source><date><year>2002</year></date><person-group><name><surname>THOMPSON</surname><given-names>Edward P.</given-names></name><name><surname>THOMPSON</surname><given-names>Edward P.</given-names></name></person-group></element-citation></ref></ref-list></back></article></articles>