<articles xmlns:xsi="http://www.w3.org/2001/XMLSchema-instance" xsi:schemaLocation="https://raw.githubusercontent.com/scieloorg/articles_meta/master/tests/xsd/scielo_sci/ThomsonReuters_publishing.xsd" dtd-version="1.10"><article lang_id="pt" article-type="research-article"><front><journal-meta><journal-id journal-id-type="publisher">tes</journal-id><journal-title-group><journal-title>Trabalho, Educação e Saúde</journal-title><abbrev-journal-title>Trab. educ. saúde</abbrev-journal-title></journal-title-group><issn>1981-7746</issn><collection>SciELO Brazil</collection><publisher><publisher-name>Fundação Oswaldo Cruz, Escola Politécnica de Saúde Joaquim Venâncio</publisher-name></publisher></journal-meta><article-meta><unique-article-id pub-id-type="publisher-id">S1981-77462010000100002</unique-article-id><article-id pub-id-type="publisher-id">S1981-77462010000100002</article-id><article-id pub-id-type="doi">10.1590/S1981-77462010000100002</article-id><article-categories><subj-group><subject>EDUCATION &amp; EDUCATIONAL RESEARCH</subject><subject>PUBLIC, ENVIRONMENTAL &amp; OCCUPATIONAL HEALTH</subject></subj-group></article-categories><title-group><article-title lang_id="pt">A 'teoria da práxis': retomando o referencial marxista para o enfrentamento do capitalismo no campo da saúde</article-title><trans-title-group lang_id="en"><trans-title>The 'theory of praxis: ' retrieving the marxist framework to confront capitalism in the health field</trans-title></trans-title-group></title-group><contrib-group><contrib contrib-type="author"><name><surname>Barbosa</surname><given-names>Regina Helena Simões</given-names></name><role>ND</role><xref ref-type="aff" rid="A01"/></contrib></contrib-group><aff id="A01"><institution>Universidade Federal do Rio de Janeiro</institution><country>Brazil</country></aff><pub-date><month>06</month><year>2010</year></pub-date><volume>8</volume><issue>1</issue><fpage>9</fpage><lpage>26</lpage><permissions><license license-type="open-access" href="http://creativecommons.org/licenses/by-nc/4.0/"><license-p>This work is licensed under a Creative Commons Attribution-NonCommercial 4.0 International License.</license-p></license></permissions><self-uri href="http://www.scielo.br/scielo.php?script=sci_arttext&amp;pid=S1981-77462010000100002&amp;lng=en&amp;tlng=en" content-type="full_text_page"/><self-uri href="http://www.scielo.br/scielo.php?script=sci_issuetoc&amp;pid=1981-774620100001&amp;lng=en" content-type="issue_page"/><self-uri href="http://www.scielo.br/scielo.php?script=sci_serial&amp;pid=1981-7746&amp;lng=en" content-type="journal_page"/><abstract lang_id="pt"><p>Este ensaio tem a intenção de recolocar o marxismo - como corpo epistemológico, teórico, metodológico e político voltado para a superação do capitalismo - na pauta do debate conceitual e político do campo da Saúde Coletiva. Discute o campo simbólico como campo de expressão de ideologias que sustentam o capitalismo e que utiliza, dentre outras estratégias, o silenciamento sobre o marxismo, e mesmo sobre o capitalismo, para esvaziar a crítica e o questionamento político. Relaciona estes mecanismos à saúde, identificando alguns campos onde o capitalismo opera nesta área. Apresenta alguns fundamentos filosóficos, teóricos e metodológicos da 'teoria da práxis', destacando a unidade indissolúvel entre teoria crítica e ação transformadora. Por fim, conclama os profissionais, pesquisadores e educadores do campo sanitário a se (re)engajarem na luta contra o capitalismo, retomando a bandeira do socialismo, rumo à conquista do efetivo direito à saúde.</p></abstract><trans-abstract lang_id="en"><p>This essay is intended to retrieve Marxism - as an epistemological, theoretical, methodological and political body aimed toward overcoming Capitalism - in the political and conceptual debate agenda in field of Collective Health. It discusses the symbolic field as a field for the expression of ideologies that underpin capitalism and which uses, among other strategies,the silencing of Marxism, and even of capitalism, to eliminate criticism and political questioning. It relates these mechanisms to health, identifying some fields in which capitalism operates in this area. It presents a few philosophical, theoretical and methodological foundations of the 'theory of praxis,' highlighting the indissoluble unity between critical theory and transformative action. Finally, it urges health care practitioners, researchers and educators to (re)engage in the struggle against Capitalism, taking up the banner of Socialism aiming to achieve the actual right to health.</p></trans-abstract><kwd-group lang_id="pt" kwd-group-type="author-generated"><kwd>marxismo</kwd><kwd>capitalismo</kwd><kwd>socialismo</kwd><kwd>saúde coletiva</kwd></kwd-group><kwd-group lang_id="en" kwd-group-type="author-generated"><kwd>Marxism</kwd><kwd>Capitalism</kwd><kwd>Socialism</kwd><kwd>collective health</kwd></kwd-group></article-meta></front><back><ref-list><ref id="B1"><element-citation publication-type="book"><source>Gênero, corpo, conhecimento</source><date><year>1997</year></date><fpage>241</fpage><lpage>275</lpage><person-group><name><surname>BERMAN</surname><given-names>Ruth</given-names></name><name><surname>JAGGAR</surname><given-names>A. M.</given-names></name><name><surname>BORDO</surname><given-names>Susan R.</given-names></name><name><surname>JAGGAR</surname><given-names>A. M.</given-names></name><name><surname>BORDO</surname><given-names>Susan R.</given-names></name></person-group></element-citation></ref><ref id="B2"><element-citation publication-type="book"><source>Modernizando a desigualdade: reestruturação da ideologia de gênero no Brasil, 1914-1940</source><date><year>1999</year></date><person-group><name><surname>BESSE</surname><given-names>Susan K</given-names></name><name><surname>Oliveira</surname><given-names>Lólio Lourenço de</given-names></name><name><surname>BESSE</surname><given-names>Susan K</given-names></name><name><surname>Oliveira</surname><given-names>Lólio Lourenço de</given-names></name></person-group></element-citation></ref><ref id="B3"><element-citation publication-type="book"><source>As classes sociais e o corpo</source><date><year>1979</year></date><person-group><name><surname>BOLTANSKI</surname><given-names>Luc</given-names></name><name><surname>BOLTANSKI</surname><given-names>Luc</given-names></name></person-group></element-citation></ref><ref id="B4"><element-citation publication-type="article"><article-title>Enfoque de gênero e relação saúde/trabalho no contexto de reestruturação produtiva e precarização do trabalho</article-title><source>Cadernos de Saúde Pública</source><date><month>03</month><year>2000</year></date><fpage>195</fpage><lpage>204</lpage><issue>1</issue><volume>16</volume><person-group><name><surname>BRITO</surname><given-names>Jussara C.</given-names></name></person-group></element-citation></ref><ref id="B5"><element-citation publication-type="book"><source>Gênero, corpo, conhecimento</source><date><year>1997</year></date><person-group><name><surname>BORDO</surname><given-names>Susan</given-names></name><name><surname>JAGGAR</surname><given-names>A. M.</given-names></name><name><surname>BORDO</surname><given-names>S.R.</given-names></name><name><surname>JAGGAR</surname><given-names>A. M.</given-names></name><name><surname>BORDO</surname><given-names>S.R.</given-names></name></person-group></element-citation></ref><ref id="B6"><element-citation publication-type="article"><article-title>A nova bíblia de Tio Sam</article-title><source>Le Monde Diplomatique</source><date><month>05</month><year>2000</year></date><person-group><name><surname>BOURDIEU</surname><given-names>Pierre</given-names></name><name><surname>WACQUANT</surname><given-names>LoÏq J. D.</given-names></name></person-group><ext-link>www. forumsocialmundial.org.br</ext-link></element-citation></ref><ref id="B7"><element-citation publication-type="article"><article-title>Um saber comprometido</article-title><source>Le Monde Diplomatique</source><date><month>02</month><year>2002</year></date><fpage>3</fpage><issue>35</issue><person-group><name><surname>BOURDIEU</surname><given-names>Pierre</given-names></name></person-group></element-citation></ref><ref id="B8"><element-citation publication-type="article"><article-title>Marxismo, feminismos e feminismo marxista: mais que um gênero em tempos neoliberais</article-title><source>Crítica Marxista</source><date><year>2000</year></date><fpage>98</fpage><lpage>108</lpage><issue>11</issue><person-group><name><surname>CASTRO</surname><given-names>Mary Garcia</given-names></name></person-group></element-citation></ref><ref id="B9"><element-citation publication-type="book"><source>A mundialização do capital</source><date><year>1996</year></date><person-group><name><surname>CHESNAIS</surname><given-names>François</given-names></name><name><surname>CHESNAIS</surname><given-names>François</given-names></name></person-group></element-citation></ref><ref id="B10"><element-citation publication-type="book"><source>Ordem médica e norma familiar</source><date><year>1989</year></date><person-group><name><surname>COSTA</surname><given-names>Jurandir Freire</given-names></name><name><surname>COSTA</surname><given-names>Jurandir Freire</given-names></name></person-group></element-citation></ref><ref id="B11"><element-citation publication-type="book"><source>Reflexões ImPertinentes: história e capitalismo contemporâneo</source><date><year>2005</year></date><person-group><name><surname>FONTES</surname><given-names>Virgínia</given-names></name><name><surname>FONTES</surname><given-names>Virgínia</given-names></name></person-group></element-citation></ref><ref id="B12"><element-citation publication-type="article"><article-title>Estudos de gênero e saúde coletiva: teoria e prática</article-title><source>Saúde em Debate</source><date><year>1995</year></date><fpage>29</fpage><lpage>33</lpage><volume>46</volume><person-group><name><surname>GIFFIN</surname><given-names>Karen</given-names></name></person-group></element-citation></ref><ref id="B13"><element-citation publication-type="article"><article-title>Pobreza, desigualdade e equidade em saúde: considerações a partir de uma perspectiva de gênero transversal</article-title><source>Cadernos de Saúde Pública</source><date><year>2002</year></date><fpage>103</fpage><lpage>112</lpage><volume>18</volume><person-group><name><surname>GIFFIN</surname><given-names>Karen</given-names></name></person-group></element-citation></ref><ref id="B14"><element-citation publication-type="article"><article-title>Produção do conhecimento em um mundo 'problemático': contribuições de um feminismo dialético e relacional</article-title><source>Estudos Feministas</source><date><month>12</month><year>2006</year></date><fpage>635</fpage><lpage>653</lpage><issue>14</issue><volume>3</volume><person-group><name><surname>GIFFIN</surname><given-names>Karen</given-names></name></person-group></element-citation></ref><ref id="B15"><element-citation publication-type="book"><source>Política de saúde na atual conjuntura: modelos de gestão e agenda para a saúde</source><date><year>2008</year></date><fpage>36</fpage><lpage>39</lpage><person-group><name><surname>GRANEMANN</surname><given-names>Sara</given-names></name><name><surname>BRAVO</surname><given-names>M.I.S.</given-names></name><name><surname>BRAVO</surname><given-names>M.I.S.</given-names></name></person-group></element-citation></ref><ref id="B16"><element-citation publication-type="article"><article-title>Why neoliberal health reforms have failed in Latin América</article-title><source>Health Policy</source><date><year>2005</year></date><fpage>83</fpage><lpage>96</lpage><volume>71</volume><person-group><name><surname>HOMEDES</surname><given-names>Núria</given-names></name><name><surname>UGALDE</surname><given-names>Antonio</given-names></name></person-group><ext-link>www.journals.elsevierhealth.com/periodicals/heap/ article/S0168-8510(04)00117-4/abstract</ext-link></element-citation></ref><ref id="B17"><element-citation publication-type="book"><source>O tempo e o cão: a atualidade das depressões</source><date><year>2009</year></date><person-group><name><surname>KEHL</surname><given-names>Maria Rita</given-names></name><name><surname>KEHL</surname><given-names>Maria Rita</given-names></name></person-group></element-citation></ref><ref id="B18"><element-citation publication-type="book"><source>Dialética do concreto</source><date><year>1976</year></date><person-group><name><surname>KOSIK</surname><given-names>Karol</given-names></name><name><surname>KOSIK</surname><given-names>Karol</given-names></name></person-group></element-citation></ref><ref id="B19"><element-citation publication-type="article"><article-title>O sujeito n(d)a saúde coletiva e pós-modernismo</article-title><source>Ciência &amp; Saúde Coletiva</source><date><year>2001</year></date><issue>1</issue><volume>6</volume><person-group><name><surname>LACAZ</surname><given-names>Francisco Antônio de Castro</given-names></name></person-group><ext-link>www.scielo.br/scielo.php?script=sci_arttext&amp;pid=S1413-81232001000100019&amp;lng=pt&amp;nrm=iso</ext-link></element-citation></ref><ref id="B20"><element-citation publication-type="book"><source>Estado e políticas sociais no neoliberalismo</source><date><year>2002</year></date><fpage>151</fpage><lpage>178</lpage><person-group><name><surname>LAURELL</surname><given-names>Asa Cristina</given-names></name><name><surname>Laurell</surname><given-names>Asa C.</given-names></name><name><surname>Laurell</surname><given-names>Asa C.</given-names></name></person-group></element-citation></ref><ref id="B21"><element-citation publication-type="article"><article-title>Reforma universitária do governo Lula: protagonismo do Banco Mundial e das lutas antineoliberais</article-title><source>Folha Dirigida</source><date><day>16</day><month>12</month><year>2003</year></date><fpage>15</fpage><person-group><name><surname>LEHER</surname><given-names>Roberto</given-names></name></person-group></element-citation></ref><ref id="B22"><element-citation publication-type="book"><source>Globalização excludente: desigualdade, exclusão e democracia na nova ordem mundial</source><date><year>2000</year></date><fpage>96</fpage><lpage>127</lpage><person-group><name><surname>LIMOEIRO-CARDOSO</surname><given-names>Miriam</given-names></name><name><surname>GENTILI</surname><given-names>Pablo</given-names></name><name><surname>GENTILI</surname><given-names>Pablo</given-names></name></person-group></element-citation></ref><ref id="B23"><element-citation publication-type="article"><article-title>Prometeu acorrentado: análise sociológica da categoria produtividade e as condições atuais da vida acadêmica</article-title><source>Physis: Revista de Saúde Coletiva</source><date><year>2005</year></date><fpage>39</fpage><lpage>57</lpage><issue>1</issue><volume>15</volume><person-group><name><surname>LUZ</surname><given-names>Madel T.</given-names></name></person-group></element-citation></ref><ref id="B24"><element-citation publication-type="article"><article-title>A Organização Mundial da Saúde: do controle de epidemias à luta pela hegemonia</article-title><source>Trabalho, Educação e Saúde</source><date><year>2005</year></date><fpage>371</fpage><lpage>396</lpage><issue>2</issue><volume>3</volume><person-group><name><surname>MATTA</surname><given-names>Gustavo C.</given-names></name></person-group></element-citation></ref><ref id="B25"><element-citation publication-type="article"><article-title>As agências internacionais e as políticas de saúde nos anos 90: um panorama geral da oferta de idéias</article-title><source>Ciência &amp; Saúde Coletiva</source><date><year>2001</year></date><fpage>377</fpage><lpage>389</lpage><issue>2</issue><volume>6</volume><person-group><name><surname>MATTOS</surname><given-names>Ruben A. de</given-names></name></person-group></element-citation></ref><ref id="B26"><element-citation publication-type="book"><source>O mercado do conhecimento e o conhecimento para o mercado: da formação para o trabalho complexo no Brasil contemporâneo</source><date><year>2008</year></date><person-group><name><surname>NEVES</surname><given-names>Lúcia M. Wanderley</given-names></name><name><surname>PRONKO</surname><given-names>Marcela A.</given-names></name><name><surname>NEVES</surname><given-names>Lúcia M. Wanderley</given-names></name><name><surname>PRONKO</surname><given-names>Marcela A.</given-names></name></person-group></element-citation></ref><ref id="B27"><element-citation publication-type="article"><article-title>Ciência: força produtiva ou mercadoria?</article-title><source>Crítica Marxista</source><date><year>2005</year></date><fpage>77</fpage><lpage>96</lpage><issue>21</issue><person-group><name><surname>OLIVEIRA</surname><given-names>Marcos B. de</given-names></name></person-group></element-citation></ref><ref id="B28"><element-citation publication-type="article"><article-title>Apresentação: Algumas considerações sobre a cultura da avaliação</article-title><source>Mediações</source><date><month>06</month><year>2009</year></date><fpage>117</fpage><lpage>124</lpage><issue>1</issue><volume>14</volume><person-group><name><surname>RAMÍREZ-GÁLVEZ</surname><given-names>Martha</given-names></name></person-group></element-citation></ref><ref id="B29"><element-citation publication-type="book"><source>Política de saúde na atual conjuntura: modelos de gestão e agenda para a saúde</source><date><year>2008</year></date><fpage>25</fpage><person-group><name><surname>REZENDE</surname><given-names>Maria Aparecida P</given-names></name><name><surname>BRAVO</surname><given-names>M.I.S.</given-names></name><name><surname>BRAVO</surname><given-names>M.I.S.</given-names></name></person-group></element-citation></ref><ref id="B30"><element-citation publication-type="thesis"><source>O Banco Mundial e as políticas de saúde no Brasil nos anos 90: um projeto de desmonte do SUS</source><date><year>2000</year></date><person-group><name><surname>RIZZOTTO</surname><given-names>Maria Lúcia F</given-names></name><name><surname>RIZZOTTO</surname><given-names>Maria Lúcia F</given-names></name></person-group></element-citation></ref><ref id="B31"><element-citation publication-type="book"><source>Trabalho, saúde e gênero na era da globalização</source><date><year>1997</year></date><fpage>101</fpage><lpage>113</lpage><person-group><name><surname>ROMITO</surname><given-names>Patrícia</given-names></name><name><surname>SCAVONE L.; BATISTA</surname><given-names>L.E.</given-names></name><name><surname>SCAVONE L.; BATISTA</surname><given-names>L.E.</given-names></name></person-group></element-citation></ref><ref id="B32"><element-citation publication-type="book"><source>Temas do Ensino Médio: trilhas da identidade</source><date><year>2004</year></date><fpage>49</fpage><lpage>64</lpage><person-group><name><surname>SANTOS</surname><given-names>Aparecida de F. T.</given-names></name><name><surname>GOMES</surname><given-names>Cláudio</given-names></name><name><surname>GOMES</surname><given-names>Cláudio</given-names></name></person-group></element-citation></ref><ref id="B33"><element-citation publication-type="article"><article-title>A sua revista tem Qualis?</article-title><source>Mediações</source><date><month>06</month><year>2009</year></date><fpage>117</fpage><lpage>124</lpage><issue>1</issue><volume>14</volume><person-group><name><surname>SILVA</surname><given-names>Antônio Ozaí da</given-names></name></person-group></element-citation></ref><ref id="B34"><element-citation publication-type="thesis"><source>Mulheres, reprodução e Aids: as tramas da ideologia na assistência à saúde de gestantes HIV+</source><date><year>2001</year></date><person-group><name><surname>SIMÕES BARBOSA</surname><given-names>Regina H.</given-names></name><name><surname>SIMÕES BARBOSA</surname><given-names>Regina H.</given-names></name></person-group></element-citation></ref><ref id="B35"><element-citation publication-type="book"><source>Ideologia e cultura moderna: teoria social crítica na era dos meios de comunicação de massa</source><date><year>1995</year></date><person-group><name><surname>THOMPSON</surname><given-names>John B.</given-names></name><name><surname>THOMPSON</surname><given-names>John B.</given-names></name></person-group></element-citation></ref><ref id="B36"><element-citation publication-type="book"><source>A medicalização do corpo feminino</source><date><year>2002</year></date><person-group><name><surname>VIEIRA</surname><given-names>Elizabeth M</given-names></name><name><surname>VIEIRA</surname><given-names>Elizabeth M</given-names></name></person-group></element-citation></ref><ref id="B37"><element-citation publication-type="book"><source>Mulher, saúde e sociedade no Brasil</source><date><year>1989</year></date><person-group><name><surname>XAVIER</surname><given-names>Dulcinéia</given-names></name><name><surname>ÁVILA</surname><given-names>Maria B.</given-names></name><name><surname>CORREA</surname><given-names>Sônia</given-names></name><name><surname>LABRA</surname><given-names>Maria E.</given-names></name><name><surname>LABRA</surname><given-names>Maria E.</given-names></name></person-group></element-citation></ref><ref id="B38"><element-citation publication-type="article"><article-title>Em defesa da História: o marxismo e a agenda pós-moderna</article-title><source>Crítica Marxista</source><date><year>1996</year></date><fpage>118</fpage><lpage>129</lpage><person-group><name><surname>WOOD</surname><given-names>Ellen M.</given-names></name></person-group></element-citation></ref></ref-list></back></article></articles>