<articles xmlns:xsi="http://www.w3.org/2001/XMLSchema-instance" xsi:schemaLocation="https://raw.githubusercontent.com/scieloorg/articles_meta/master/tests/xsd/scielo_sci/ThomsonReuters_publishing.xsd" dtd-version="1.10"><article lang_id="pt" article-type="research-article"><front><journal-meta><journal-id journal-id-type="publisher">tes</journal-id><journal-title-group><journal-title>Trabalho, Educação e Saúde</journal-title><abbrev-journal-title>Trab. educ. saúde</abbrev-journal-title></journal-title-group><issn>1981-7746</issn><collection>SciELO Brazil</collection><publisher><publisher-name>Fundação Oswaldo Cruz, Escola Politécnica de Saúde Joaquim Venâncio</publisher-name></publisher></journal-meta><article-meta><unique-article-id pub-id-type="publisher-id">S1981-77462015000200361</unique-article-id><article-id pub-id-type="publisher-id">S1981-77462015000200361</article-id><article-id pub-id-type="doi">10.1590/1981-7746-sip00052</article-id><article-categories><subj-group><subject>EDUCATION &amp; EDUCATIONAL RESEARCH</subject><subject>PUBLIC, ENVIRONMENTAL &amp; OCCUPATIONAL HEALTH</subject></subj-group></article-categories><title-group><article-title lang_id="pt">A AÇÃO DOS AGENTES COMUNITÁRIOS DE SAÚDE E O TRABALHO VIVO EM ATO</article-title><trans-title-group lang_id="en"><trans-title>ACTION OF COMMUNITY HEALTH AGENTS AND LIVEWORK IN ACT</trans-title></trans-title-group><trans-title-group lang_id="es"><trans-title>LA ACCIÓN DE LOS AGENTES COMUNITARIOS DE SALUDY EL TRABAJOVIVO EN LA ACCIÓN</trans-title></trans-title-group></title-group><contrib-group><contrib contrib-type="author"><name><surname>Piccinini</surname><given-names>Carlos Augusto</given-names></name><role>ND</role><xref ref-type="aff" rid="AFF1"/></contrib><contrib contrib-type="author"><name><surname>Silva</surname><given-names>Rosane Azevedo Neves da</given-names></name><role>ND</role><xref ref-type="aff" rid="AFF2"/></contrib></contrib-group><aff id="AFF1"><institution></institution><country>Brasil</country></aff><aff id="AFF2"><institution>Universidade Federal do Rio Grande do Sul</institution><country>Brazil</country></aff><pub-date><month>08</month><year>2015</year></pub-date><volume>13</volume><issue>2</issue><fpage>361</fpage><lpage>379</lpage><permissions><license license-type="open-access" href="http://creativecommons.org/licenses/by-nc/4.0/"><license-p>This work is licensed under a Creative Commons Attribution-NonCommercial 4.0 International License.</license-p></license></permissions><self-uri href="http://www.scielo.br/scielo.php?script=sci_arttext&amp;pid=S1981-77462015000200361&amp;lng=en&amp;tlng=en" content-type="full_text_page"/><self-uri href="http://www.scielo.br/scielo.php?script=sci_issuetoc&amp;pid=1981-774620150002&amp;lng=en" content-type="issue_page"/><self-uri href="http://www.scielo.br/scielo.php?script=sci_serial&amp;pid=1981-7746&amp;lng=en" content-type="journal_page"/><abstract lang_id="pt"><p>Este artigo analisa a singularidade da ação dos agentes comunitários de saúde em sua circulação pelo território, no município de Porto Alegre, no Rio Grande do Sul. Considerou-se que os encontros entre agentes e território extrapolam as prescrições e expectativas das políticas de saúde. Problematizou-se a produção de uma imagem idealizada dos agentes, no qual são vistos como a 'mola propulsora' das transformações esperadas da Atenção Básica. Ao se analisar a complexidade das demandas presentes em seu cotidiano de trabalho, destacou-se a multiplicidade de estratégias de cuidado produzidas pelos agentes comunitários. A singularidade de cada território, das equipes de saúde e da gestão, entre outras numerosas variabilidades, pressiona os agentes e os demais trabalhadores das equipes da Estratégia Saúde da Família a encarar uma realidade bastante distinta do que se supõe. Destacou-se, portanto, a importância de se produzir uma posição crítica e reflexiva, colocando em questão os limites e possibilidades dessa prática, a fim de potencializar as estratégias de cuidado ali existentes.</p></abstract><trans-abstract lang_id="en"><p>This article analyzes the uniqueness of the action of the community health workers when circulating through the territory in the municipality of Porto Alegre, state ofRio Grande do Sul, Brazil. It was considered that the meetings between agents and the territory go beyond the requirements and expectations of the health policies. The production of an idealized image of the agents, who are seen as the 'driving force' of the changes expected from Primary Care, was problematized. When analyzing the complexity of the demands in their daily work, the highlight was the multiplicity of care strategies community workers produce. The uniqueness of each territory and of the health and management teams, among several other variables, puts pressure on the agents and other workers who are part of the Family Health Strategy teams to face a reality that is very different from the one that one may suppose exists. Therefore, the emphasis was on the importance of producing a critical and reflexive position, calling into question the limits and possibilities of this practice in order to enhance the care strategies in use there.</p></trans-abstract><trans-abstract lang_id="es"><p>Este artículo analiza la singularidad de la acción de los agentes comunitarios de salud en su circulación por el territorio, en el municipio de Porto Alegre, Rio Grande do Sul, Brasil. Se consideró que los encuentros entre agentes y territorio extrapolan los preceptos y las expectativas de las políticas de salud. Se problematizó la producción de una imagen idealizada de los agentes, según la cual son vistos como el 'motor propulsor' de las transformaciones que se espe-ran de la atención primaria. Al analizar la complejidad de las demandas presentes en su trabajo cotidiano, se destacó la multiplicidad de estrategias de cuidados producidas por los agentes comunitarios. La singularidad de cada territorio, de los equipos de salud y de gestión, entre otras numerosas variabilidades, presiona a los agentes y a los demás trabajadores de los equipos de la Estrategia Salud de la Familia para hacer frente a una realidad bastante diferente de lo que se supone. Se hizo hincapié, por lo tanto, en la importancia de producir una posición crítica y reflexiva, cuestionando los límites y posibilidades de esta práctica, con el fin de potencializar las estrategias de cuidado.</p></trans-abstract><kwd-group lang_id="en" kwd-group-type="author-generated"><kwd>community health workers</kwd><kwd>live work in act</kwd><kwd>primary health care and care strategies</kwd></kwd-group><kwd-group lang_id="es" kwd-group-type="author-generated"><kwd>agentes comunitarios de la salud</kwd><kwd>trabajo vivo en la acción</kwd><kwd>atención primaria de la salud y estrategias de cuidado</kwd></kwd-group><kwd-group lang_id="pt" kwd-group-type="author-generated"><kwd>agentes comunitários de saúde</kwd><kwd>trabalho vivo em ato</kwd><kwd>atenção básica de saúde e estratégias de cuidado</kwd></kwd-group></article-meta></front><back><ref-list><ref id="B1"><element-citation publication-type="article"><article-title>Satisfações e insatisfações no trabalho do agente comunitário de saúde</article-title><source>Cogitare Enfermagem</source><date><year>2010</year></date><fpage>40</fpage><lpage>47</lpage><issue>1</issue><volume>15</volume><person-group><name><surname>BRAND</surname><given-names>Cátia I.</given-names></name><name><surname>ANTUNES</surname><given-names>Raquel M.</given-names></name><name><surname>FONTANA</surname><given-names>Rosane T</given-names></name><name><surname>BRAND</surname><given-names>Cátia I.</given-names></name><name><surname>ANTUNES</surname><given-names>Raquel M.</given-names></name><name><surname>FONTANA</surname><given-names>Rosane T</given-names></name></person-group></element-citation></ref><ref id="B2"><element-citation publication-type="book"><source>Lei n. 11.350. Regulamenta o § 5° do art. 198 da Constituição, dispõe sobre o aproveitamento de pessoal amparado pelo parágrafo único do art. 2° da emenda constitucional n. 51, de 14 de fevereiro de 2006, e dá outras providências</source><date><year>2006</year></date><ext-link>http://www.planalto.gov.br/ccivil_03/_ato2004-2006/2006/lei/l11350.htm</ext-link></element-citation></ref><ref id="B3"><element-citation publication-type="book"><source>O trabalho do agente comunitário de saúde</source><date><year>2009</year></date></element-citation></ref><ref id="B4"><element-citation publication-type="article"><article-title>Gabinete do Ministro. Portaria MS/GM n. 2.488, de 21 de outubro de 2011. Aprova a Política Nacional de Atenção Básica, estabelecendo a revisão de diretrizes e normas para a organização da atenção básica, para a Estratégia Saúde da Família (ESF) e o Programa de Agentes Comunitários de Saúde (Pacs)</article-title><source>Diário Oficial da União</source><date><year>2011</year></date><fpage>48</fpage><lpage>55</lpage></element-citation></ref><ref id="B5"><element-citation publication-type="book"><source>Práticaspsi: inventando a vida</source><date><year>2007</year></date><fpage>27</fpage><lpage>38</lpage><person-group><name><surname>COIMBRA</surname><given-names>Cecília M. B.</given-names></name><name><surname>NASCIMENTO</surname><given-names>Maria L</given-names></name><name><surname>ARANTES</surname><given-names>Esther M.</given-names></name><name><surname>NASCIMENTO</surname><given-names>Maria L.</given-names></name><name><surname>FONSECA</surname><given-names>Tania M. G</given-names></name><name><surname>ARANTES</surname><given-names>Esther M.</given-names></name><name><surname>NASCIMENTO</surname><given-names>Maria L.</given-names></name><name><surname>FONSECA</surname><given-names>Tania M. G</given-names></name></person-group></element-citation></ref><ref id="B6"><element-citation publication-type="article"><article-title>Processo de trabalho do agente comunitário de saúde e a reestruturação produtiva</article-title><source>Cadernos de Saúde Pública</source><date><year>2009</year></date><fpage>898</fpage><lpage>906</lpage><issue>4</issue><volume>25</volume><person-group><name><surname>FERREIRA</surname><given-names>Vitória S. C.</given-names></name><name><surname>FERREIRA</surname><given-names>Vitória S. C.</given-names></name></person-group></element-citation></ref><ref id="B7"><element-citation publication-type="book"><source>Gestão em redes: práticas de avaliação, formação e participação na saúde</source><date><year>2006</year></date><fpage>459</fpage><lpage>473</lpage><person-group><name><surname>FRANCO</surname><given-names>Tulio B</given-names></name><name><surname>PINHEIRO</surname><given-names>Roseni</given-names></name><name><surname>MATTOS</surname><given-names>Ruben A</given-names></name><name><surname>PINHEIRO</surname><given-names>Roseni</given-names></name><name><surname>MATTOS</surname><given-names>Ruben A</given-names></name></person-group></element-citation></ref><ref id="B8"><element-citation publication-type="book"><source>O trabalho em saúde: olhando e experienciando o SUS no cotidiano</source><date><year>2003</year></date><fpage>53</fpage><lpage>124</lpage><person-group><name><surname>FRANCO</surname><given-names>Tulio B.</given-names></name><name><surname>MERHY</surname><given-names>Emerson E</given-names></name><name><surname>MERHY</surname><given-names>Emerson E.</given-names></name><name><surname>MERHY</surname><given-names>Emerson E.</given-names></name></person-group></element-citation></ref><ref id="B9"><element-citation publication-type="article"><article-title>Acolhimento e vínculo: práticas de in-tegralidade na gestão do cuidado em saúde em grandes centros urbanos</article-title><source>Interface: Comunicação, Saúde, Educação</source><date><year>2005</year></date><fpage>287</fpage><lpage>301</lpage><issue>17</issue><volume>9</volume><person-group><name><surname>GOMES</surname><given-names>Marcia C. P. A.</given-names></name><name><surname>PINHEIRO</surname><given-names>Ro-seni</given-names></name><name><surname>GOMES</surname><given-names>Marcia C. P. A.</given-names></name><name><surname>PINHEIRO</surname><given-names>Ro-seni</given-names></name></person-group></element-citation></ref><ref id="B10"><element-citation publication-type="book"><source>A clínica peripatética</source><date><year>2006</year></date><person-group><name><surname>LANCETTI</surname><given-names>Antonio</given-names></name><name><surname>LANCETTI</surname><given-names>Antonio</given-names></name></person-group></element-citation></ref><ref id="B11"><element-citation publication-type="thesis"><source>A itinerância e suas implicações na construção de um ethos de cuidado.</source><date><year>2009</year></date><person-group><name><surname>LEMKE</surname><given-names>Rubem A</given-names></name><name><surname>LEMKE</surname><given-names>Rubem A</given-names></name></person-group></element-citation></ref><ref id="B12"><element-citation publication-type="book"><source>Agir em saúde: um desafio para o público</source><date><year>1997</year></date><person-group><name><surname>MERHY</surname><given-names>Emerson E</given-names></name><name><surname>MERHY</surname><given-names>Emerson E.</given-names></name><name><surname>ONOCKO</surname><given-names>Rosana</given-names></name><name><surname>MERHY</surname><given-names>Emerson E.</given-names></name><name><surname>ONOCKO</surname><given-names>Rosana</given-names></name></person-group></element-citation></ref><ref id="B13"><element-citation publication-type="book"><source>Saúde: a cartografia do trabalho vivo</source><date><year>2002</year></date><person-group><name><surname>MERHY</surname><given-names>Emerson E</given-names></name><name><surname>MERHY</surname><given-names>Emerson E</given-names></name></person-group></element-citation></ref><ref id="B14"><element-citation publication-type="book"><source>A vinculação institucional de um trabalhador sui generis: o agente comunitário de saúde. Texto para Discussão 735.</source><date><year>2000</year></date><person-group><name><surname>NOGUEIRA</surname><given-names>Roberto P.</given-names></name><name><surname>SILVA</surname><given-names>Frederico B.</given-names></name><name><surname>RAMOS</surname><given-names>Zuleide V. O</given-names></name><name><surname>NOGUEIRA</surname><given-names>Roberto P.</given-names></name><name><surname>SILVA</surname><given-names>Frederico B.</given-names></name><name><surname>RAMOS</surname><given-names>Zuleide V. O</given-names></name></person-group></element-citation></ref><ref id="B15"><element-citation publication-type="article"><article-title>O agente comunitário de saúde: construção da identidade desse personagem híbrido e polifônico</article-title><source>Cadernos de Saúde Pública</source><date><year>2002</year></date><fpage>1.639</fpage><lpage>1.631</lpage><issue>18</issue><volume>6</volume><person-group><name><surname>NUNES</surname><given-names>Mônica O.</given-names></name><name><surname>NUNES</surname><given-names>Mônica O.</given-names></name></person-group></element-citation></ref><ref id="B16"><element-citation publication-type="article"><article-title>Agentes comunitários de saúde e os sentidos de ser 'agente'</article-title><source>Estudos de Psicologia</source><date><year>2013</year></date><fpage>157</fpage><lpage>163</lpage><issue>2</issue><volume>13</volume><person-group><name><surname>PUPIN</surname><given-names>Viviane M.</given-names></name><name><surname>CARDOSO</surname><given-names>Carmen L</given-names></name><name><surname>PUPIN</surname><given-names>Viviane M.</given-names></name><name><surname>CARDOSO</surname><given-names>Carmen L</given-names></name></person-group></element-citation></ref><ref id="B17"><element-citation publication-type="article"><article-title>Compreender a gestão a partir do cotidiano de trabalho</article-title><source>Aletheia</source><date><year>2008</year></date><fpage>188</fpage><lpage>197</lpage><issue>1</issue><volume>27</volume><person-group><name><surname>SATO</surname><given-names>Leny</given-names></name><name><surname>OLIVEIRA</surname><given-names>Fábio de</given-names></name><name><surname>SATO</surname><given-names>Leny</given-names></name><name><surname>OLIVEIRA</surname><given-names>Fábio de</given-names></name></person-group></element-citation></ref><ref id="B18"><element-citation publication-type="article"><article-title>Acolhimento e vínculo em uma equipe do Programa Saúde da Família</article-title><source>Cadernos de Saúde Pública</source><date><year>2004</year></date><fpage>1.487</fpage><lpage>1.494</lpage><issue>6</issue><volume>20</volume><person-group><name><surname>SCHIMITH</surname><given-names>Maria D.</given-names></name><name><surname>LIMA</surname><given-names>Maria A. D. S</given-names></name><name><surname>SCHIMITH</surname><given-names>Maria D.</given-names></name><name><surname>LIMA</surname><given-names>Maria A. D. S</given-names></name></person-group></element-citation></ref><ref id="B19"><element-citation publication-type="article"><article-title>Trabalho e uso de si</article-title><source>Pro-posições</source><date><year>2000</year></date><issue>5</issue><volume>1</volume><person-group><name><surname>SCHWARTZ</surname><given-names>Yves</given-names></name><name><surname>SCHWARTZ</surname><given-names>Yves</given-names></name></person-group></element-citation></ref><ref id="B20"><element-citation publication-type="article"><article-title>Circulações, dramáticas, eficácias da atividade industriosa</article-title><source>Trabalho, Educação e Saúde</source><date><year>2004</year></date><fpage>33</fpage><lpage>55</lpage><issue>1</issue><volume>2</volume><person-group><name><surname>SCHWARTZ</surname><given-names>Yves</given-names></name><name><surname>SCHWARTZ</surname><given-names>Yves</given-names></name></person-group></element-citation></ref><ref id="B21"><element-citation publication-type="article"><article-title>Entrevista: Yves Schwartz</article-title><source>Trabalho, Educação e Saúde</source><date><year>2006</year></date><fpage>457</fpage><lpage>466</lpage><issue>2</issue><volume>4</volume><person-group><name><surname>SCHWARTZ</surname><given-names>Yves</given-names></name><name><surname>SCHWARTZ</surname><given-names>Yves</given-names></name></person-group></element-citation></ref><ref id="B22"><element-citation publication-type="book"><source>Cuidado: as fronteiras da integralidade</source><date><year>2004</year></date><fpage>75</fpage><lpage>90</lpage><person-group><name><surname>SILVA</surname><given-names>Rafael V. B.</given-names></name><name><surname>PINHEIRO</surname><given-names>Roseni.</given-names></name><name><surname>MATTOS</surname><given-names>Ruben A</given-names></name><name><surname>PINHEIRO</surname><given-names>Roseni.</given-names></name><name><surname>MATTOS</surname><given-names>Ruben A</given-names></name></person-group></element-citation></ref><ref id="B23"><element-citation publication-type="article"><article-title>O agente comunitário de saúde não deve ser um 'super-herói'</article-title><source>Interface: Comunicação, Saúde, Educação</source><date><year>2002</year></date><fpage>75</fpage><lpage>94</lpage><issue>10</issue><volume>6</volume><person-group><name><surname>TOMAZ</surname><given-names>José B. C</given-names></name><name><surname>TOMAZ</surname><given-names>José B. C</given-names></name></person-group></element-citation></ref></ref-list></back></article></articles>