<articles xmlns:xsi="http://www.w3.org/2001/XMLSchema-instance" xsi:schemaLocation="https://raw.githubusercontent.com/scieloorg/articles_meta/master/tests/xsd/scielo_sci/ThomsonReuters_publishing.xsd" dtd-version="1.10"><article lang_id="pt" article-type="research-article"><front><journal-meta><journal-id journal-id-type="publisher">tes</journal-id><journal-title-group><journal-title>Trabalho, Educação e Saúde</journal-title><abbrev-journal-title>Trab. educ. saúde</abbrev-journal-title></journal-title-group><issn>1981-7746</issn><collection>SciELO Brazil</collection><publisher><publisher-name>Fundação Oswaldo Cruz, Escola Politécnica de Saúde Joaquim Venâncio</publisher-name></publisher></journal-meta><article-meta><unique-article-id pub-id-type="publisher-id">S1981-77462014000200008</unique-article-id><article-id pub-id-type="publisher-id">S1981-77462014000200008</article-id><article-id pub-id-type="doi">10.1590/S1981-77462014000200008</article-id><article-categories><subj-group><subject>EDUCATION &amp; EDUCATIONAL RESEARCH</subject><subject>PUBLIC, ENVIRONMENTAL &amp; OCCUPATIONAL HEALTH</subject></subj-group></article-categories><title-group><article-title lang_id="pt">Modelos, mercado e poder: elementos do currículo oculto que se revelam na formação em odontologia</article-title><trans-title-group lang_id="es"><trans-title>Modelos, mercado y poder: elementos del currículo oculto que se revelan en la formación en odontología</trans-title></trans-title-group><trans-title-group lang_id="en"><trans-title>Models, market, and power: elements of the hidden curriculum that show through in training in dentistry</trans-title></trans-title-group></title-group><contrib-group><contrib contrib-type="author"><name><surname>Finkler</surname><given-names>Mirelle</given-names></name><role>ND</role><xref ref-type="aff" rid="A01"/></contrib><contrib contrib-type="author"><name><surname>Caetano</surname><given-names>João Carlos</given-names></name><role>ND</role><xref ref-type="aff" rid="A02"/></contrib><contrib contrib-type="author"><name><surname>Ramos</surname><given-names>Flávia Regina Souza</given-names></name><role>ND</role><xref ref-type="aff" rid="A03"/></contrib></contrib-group><aff id="A02"><institution>Universidade Federal de Santa Catarina</institution><country>Brazil</country></aff><aff id="A03"><institution>Universidade Federal de Santa Catarina</institution><country>Brazil</country></aff><aff id="A01"><institution>Universidade Federal de Santa Catarina</institution><country>Brazil</country></aff><pub-date><month>08</month><year>2014</year></pub-date><volume>12</volume><issue>2</issue><fpage>343</fpage><lpage>361</lpage><permissions><license license-type="open-access" href="http://creativecommons.org/licenses/by-nc/4.0/"><license-p>This work is licensed under a Creative Commons Attribution-NonCommercial 4.0 International License.</license-p></license></permissions><self-uri href="http://www.scielo.br/scielo.php?script=sci_arttext&amp;pid=S1981-77462014000200008&amp;lng=en&amp;tlng=en" content-type="full_text_page"/><self-uri href="http://www.scielo.br/scielo.php?script=sci_issuetoc&amp;pid=1981-774620140002&amp;lng=en" content-type="issue_page"/><self-uri href="http://www.scielo.br/scielo.php?script=sci_serial&amp;pid=1981-7746&amp;lng=en" content-type="journal_page"/><abstract lang_id="pt"><p>Este artigo analisa a dimensão ética da formação profissional de estudantes de odontologia. Empregando-se a abordagem qualitativa, foram realizadas entrevistas com professores e estudantes, observações de atividades acadêmicas e grupos focais com alunos de dois cursos. Por meio das categorias de análise relacionadas ao currículo oculto foi possível perceber os valores mais presentes ou menos no processo de socialização profissional, implicados em conflitos de interesses, em questões de prestígio das áreas e de poder nas dinâmicas das relações interpessoais, bem como nos modelos em que os estudantes se espelham na sua construção identitária. A discussão e a reflexão sobre esses achados permitem avançar na compreensão da complexidade de fatores que compõem o 'currículo real' e que conformam a dimensão ética da formação profissional, tão importante para o desenvolvimento de futuros profissionais-cidadãos eticamente sensíveis e socialmente competentes.</p></abstract><trans-abstract lang_id="es"><p>Este artículo examina la dimensión ética de la formación profesional de estudiantes de odontología. Mediante el empleo de un enfoque cualitativo, se realizaron entrevistas con profesores y estudiantes, observaciones de actividades académicas y grupos de discusión con alumnos de dos cursos. Por medio de las categorías de análisis asociadas al currículo oculto fue posible observar los valores más o menos presentes en el proceso de socialización profesional, involucrados en conflicto de intereses, en temas de prestigio de las áreas y de poder en las dinámicas de las relaciones interpersonales, así como en los modelos en que los estudiantes se reflejan en la construcción de su identidad. El debate y la reflexión sobre estos hallazgos permiten avanzar en la comprensión de la complejidad de los factores que conforman el 'currículo real' y que constituyen la dimensión ética de la formación profesional, tan importante para el desarrollo de futuros profesionales-ciudadanos éticamente sensibles y socialmente competentes.</p></trans-abstract><trans-abstract lang_id="en"><p>This article examines the ethical dimension of the professional training of dentistry students. Using a qualitative approach, interviews were carried out among professors and students, observations were made of academic activities, and focus groups were held with students from two courses. By means of the analysis categories associated with the hidden curriculum, it was possible to note the values that are more or less present in the professional socialization process involved in conflicts of interest, in matters of area prestige, in the power of the dynamics of interpersonal relationships, as well as in the models in which students reflect on their identity. Discussing and reflecting on these findings allow one to make progress in understanding the complexity of factors that make up the 'actual curriculum' and shape the ethical dimension of vocational training, which is so important to develop future professionals-citizens who are ethically sensitive and socially competent.</p></trans-abstract><kwd-group lang_id="es" kwd-group-type="author-generated"><kwd>currículo oculto</kwd><kwd>pregrado en odontología</kwd><kwd>formación en salud</kwd><kwd>ética</kwd><kwd>bioética</kwd></kwd-group><kwd-group lang_id="en" kwd-group-type="author-generated"><kwd>hidden curriculum</kwd><kwd>undergraduate course in dentistry</kwd><kwd>health education</kwd><kwd>ethics</kwd><kwd>bioethics</kwd></kwd-group><kwd-group lang_id="pt" kwd-group-type="author-generated"><kwd>currículo oculto</kwd><kwd>graduação em odontologia</kwd><kwd>formação em saúde</kwd><kwd>ética</kwd><kwd>bioética</kwd></kwd-group></article-meta></front><back><ref-list><ref id="B1"><element-citation publication-type="book"><source>Ideologia e currículo</source><date><year>1982</year></date><fpage>125</fpage><lpage>157</lpage><person-group><name><surname>APPLE</surname><given-names>Michel.W</given-names></name><name><surname>APPLE</surname><given-names>MichelW</given-names></name><name><surname>APPLE</surname><given-names>MichelW</given-names></name></person-group></element-citation></ref><ref id="B2"><element-citation publication-type="book"><source>Resolução CNE-CES n. 3, 4 mar. 2002. Institui as Diretrizes Curriculares Nacionais do Curso de Graduação em Odontologia</source><date><day>04</day><month>03</month><year>2002</year></date><fpage>10</fpage><volume>1</volume></element-citation></ref><ref id="B3"><element-citation publication-type="article"><article-title>O quadrilátero da formação para a área da saúde: ensino, gestão, atenção e controle social</article-title><source>Physis: Revista de Saúde Coletiva</source><date><year>2004</year></date><fpage>41</fpage><lpage>65</lpage><issue>1</issue><volume>14</volume><person-group><name><surname>CECCIM</surname><given-names>Ricardo B</given-names></name><name><surname>FEUERWERKER</surname><given-names>Laura C. M</given-names></name></person-group></element-citation></ref><ref id="B4"><element-citation publication-type="book"><source>A socialização: construção das identidades sociais e profissionais</source><date><year>2005</year></date><person-group><name><surname>DUBAR</surname><given-names>Claude</given-names></name><name><surname>DUBAR</surname><given-names>Claude</given-names></name></person-group></element-citation></ref><ref id="B5"><element-citation publication-type="article"><article-title>Diretrizes curriculares e projetos pedagógicos: é tempo de ação!</article-title><source>Revista Abeno</source><date><year>2004</year></date><fpage>14</fpage><lpage>16</lpage><issue>1</issue><volume>4</volume><person-group><name><surname>FEUERWERKER</surname><given-names>Laura C. M</given-names></name><name><surname>ALMEIDA</surname><given-names>Marcio</given-names></name></person-group></element-citation></ref><ref id="B6"><element-citation publication-type="thesis"><source>Formação ética em odontologia: realidades e desafios</source><date><year>2009</year></date><fpage>259f</fpage><person-group><name><surname>FINKLER</surname><given-names>Mirelle</given-names></name><name><surname>FINKLER</surname><given-names>Mirelle</given-names></name></person-group></element-citation></ref><ref id="B7"><element-citation publication-type="article"><article-title>Um novo olhar bioético sobre as pesquisas odontológicas brasileiras</article-title><source>Ciência &amp; Saúde Coletiva</source><date><year>2009</year></date><fpage>1205</fpage><lpage>1214</lpage><issue>4</issue><volume>14</volume><person-group><name><surname>FINKLER</surname><given-names>Mirelle</given-names></name></person-group></element-citation></ref><ref id="B8"><element-citation publication-type="article"><article-title>A dimensão ética da formação profissional em saúde: estudo de caso com cursos de graduação em Odontologia</article-title><source>Ciência &amp; Saúde Coletiva</source><date><year>2011</year></date><fpage>4481</fpage><lpage>92</lpage><issue>11</issue><volume>16</volume><person-group><name><surname>FINKLER</surname><given-names>Mirelle</given-names></name></person-group></element-citation></ref><ref id="B9"><element-citation publication-type="article"><article-title>Integração "ensino-serviço" no processo de mudanças na formação profissional em odontologia</article-title><source>Interface: Comunicação, Saúde, Educação</source><date><year>2011</year></date><fpage>1053</fpage><lpage>1070</lpage><issue>39</issue><volume>15</volume><person-group><name><surname>FINKLER</surname><given-names>Mirelle</given-names></name></person-group></element-citation></ref><ref id="B10"><element-citation publication-type="book"><source>Michel Foucault - uma trajetória filosófica: para além do estruturalismo e da hermenêutica</source><date><year>1995</year></date><fpage>231</fpage><lpage>249</lpage><person-group><name><surname>FOUCAULT</surname><given-names>Michel</given-names></name><name><surname>DREYFUS</surname><given-names>Hubert</given-names></name><name><surname>RABINOW</surname><given-names>Paul</given-names></name><name><surname>DREYFUS</surname><given-names>Hubert</given-names></name><name><surname>RABINOW</surname><given-names>Paul</given-names></name></person-group></element-citation></ref><ref id="B11"><element-citation publication-type="article"><article-title>Argentina: transformación curricular</article-title><source>Educación Médica y Salud</source><date><year>1989</year></date><fpage>344</fpage><lpage>353</lpage><issue>4</issue><volume>23</volume><person-group><name><surname>GALLI</surname><given-names>Amanda</given-names></name></person-group></element-citation></ref><ref id="B12"><element-citation publication-type="book"><source>Classic texts in health care</source><date><year>1998</year></date><fpage>136</fpage><lpage>139</lpage><person-group><name><surname>HUGHES</surname><given-names>Everett C</given-names></name><name><surname>MACKAY</surname><given-names>Lesley</given-names></name><name><surname>SOOTHILL</surname><given-names>Keith</given-names></name><name><surname>MELIA</surname><given-names>Kath M</given-names></name><name><surname>MACKAY</surname><given-names>Lesley</given-names></name><name><surname>SOOTHILL</surname><given-names>Keith</given-names></name><name><surname>MELIA</surname><given-names>Kath M</given-names></name></person-group></element-citation></ref><ref id="B13"><element-citation publication-type="article"><article-title>Caminhos da profissão e da profissionalidade docentes</article-title><source>Educação e Sociedade</source><date><year>2004</year></date><fpage>1159</fpage><lpage>1180</lpage><issue>89</issue><volume>25</volume><person-group><name><surname>LUDKE</surname><given-names>Menga</given-names></name><name><surname>BOING</surname><given-names>Luiz A</given-names></name></person-group></element-citation></ref><ref id="B14"><element-citation publication-type="book"><source>Profissões de saúde: uma abordagem sociológica</source><date><year>1995</year></date><person-group><name><surname>MACHADO</surname><given-names>Maria H</given-names></name><name><surname>MACHADO</surname><given-names>Maria H</given-names></name></person-group></element-citation></ref><ref id="B15"><element-citation publication-type="book"><source>Avaliação por triangulação de métodos</source><date><year>2005</year></date><volume>2</volume><person-group><name><surname>MINAYO</surname><given-names>Maria Cecília de S</given-names></name><name><surname>MINAYO</surname><given-names>Maria Cecília de S</given-names></name><name><surname>ASSIS</surname><given-names>Simone G</given-names></name><name><surname>SOUZA</surname><given-names>Ednilsa R</given-names></name><name><surname>MINAYO</surname><given-names>Maria Cecília de S</given-names></name><name><surname>ASSIS</surname><given-names>Simone G</given-names></name><name><surname>SOUZA</surname><given-names>Ednilsa R</given-names></name></person-group></element-citation></ref><ref id="B16"><element-citation publication-type="book"><source>O desafio do conhecimento</source><date><year>1999</year></date><fpage>269p</fpage><person-group><name><surname>MINAYO</surname><given-names>Maria C. S</given-names></name><name><surname>MINAYO</surname><given-names>Maria C. S</given-names></name></person-group></element-citation></ref><ref id="B17"><element-citation publication-type="book"><source>Perfil atual e tendências do cirurgião-dentista brasileiro</source><date><year>2010</year></date><fpage>96p</fpage><person-group><name><surname>MORITA</surname><given-names>Maria C</given-names></name><name><surname>MORITA</surname><given-names>Maria C</given-names></name></person-group></element-citation></ref><ref id="B18"><element-citation publication-type="article"><article-title>Apple e os estudos [curriculares] críticos</article-title><source>Currículo sem Fronteiras</source><date><year>2002</year></date><fpage>106</fpage><lpage>120</lpage><issue>1</issue><volume>2</volume><person-group><name><surname>PARASKEVA</surname><given-names>João M</given-names></name><name><surname>Michael</surname><given-names>W</given-names></name></person-group></element-citation></ref><ref id="B19"><element-citation publication-type="article"><article-title>Representação social da odontologia: a contribuição da produção cinematográfica para perpetuação de umestereótipo negativo</article-title><source>Revista de Odontologia da Unesp</source><date><year>2008</year></date><fpage>275</fpage><lpage>281</lpage><issue>3</issue><volume>37</volume><person-group><name><surname>PINHO</surname><given-names>Claudia B</given-names></name></person-group></element-citation></ref><ref id="B20"><element-citation publication-type="article"><article-title>O discurso da bioética na formação do sujeito trabalhador da saúde</article-title><source>Trabalho, Educação e Saúde</source><date><year>2007</year></date><fpage>51</fpage><lpage>77</lpage><issue>1</issue><volume>5</volume><person-group><name><surname>RAMOS</surname><given-names>Flávia R. S</given-names></name></person-group></element-citation></ref><ref id="B21"><element-citation publication-type="conference"><source>Anais</source><date><year>2006</year></date><person-group><name><surname>RAMOS</surname><given-names>Flávia R. S</given-names></name><name><surname>PADILHA</surname><given-names>Maria I</given-names></name></person-group></element-citation></ref><ref id="B22"><element-citation publication-type="article"><article-title>Currículo paralelo emmedicina, experiência clínica e PBL: uma luz no fim do túnel</article-title><source>Interface: Comunicação, Saúde, Educação</source><date><year>1998</year></date><fpage>35</fpage><lpage>48</lpage><issue>2</issue><person-group><name><surname>REGO</surname><given-names>Sergio</given-names></name></person-group></element-citation></ref><ref id="B23"><element-citation publication-type="book"><source>A formação ética dos médicos: saindo da adolescência com a vida (dos outros) nas mãos</source><date><year>2003</year></date><fpage>169p</fpage><person-group><name><surname>REGO</surname><given-names>Sergio</given-names></name></person-group></element-citation></ref><ref id="B24"><element-citation publication-type="book"><source>A formação de profissionais da saúde em sintonia com o SUS: currículo integrado e interdisciplinar</source><date><year>2008</year></date><person-group><name><surname>SILVA</surname><given-names>Elizabete V.M</given-names></name><name><surname>OLIVEIRA</surname><given-names>Marilda S</given-names></name><name><surname>SILVA</surname><given-names>Silvio F</given-names></name><name><surname>SILVA</surname><given-names>Elizabete V.M</given-names></name><name><surname>OLIVEIRA</surname><given-names>Marilda S</given-names></name><name><surname>SILVA</surname><given-names>Silvio F</given-names></name></person-group></element-citation></ref><ref id="B25"><element-citation publication-type="article"><article-title>O currículo paralelo dos estudantes da terceira série do curso médico da Universidade Federal de Alagoas</article-title><source>Revista Brasileira de Educação Médica</source><date><year>2007</year></date><fpage>245</fpage><lpage>253</lpage><issue>3</issue><volume>31</volume><person-group><name><surname>TAVARES</surname><given-names>Carlos H. F</given-names></name></person-group></element-citation></ref><ref id="B26"><element-citation publication-type="book"><source>Pesquisa em enfermagem: uma modalidade convergente-assistencial</source><date><year>1999</year></date><fpage>162p</fpage><person-group><name><surname>TRENTINI</surname><given-names>Mercedes</given-names></name><name><surname>PAIM</surname><given-names>Lygia</given-names></name><name><surname>TRENTINI</surname><given-names>Mercedes</given-names></name><name><surname>PAIM</surname><given-names>Lygia</given-names></name></person-group></element-citation></ref><ref id="B27"><element-citation publication-type="book"><source>Tratado de metodologia da pesquisa clínico-qualitativa: construção teórico-epistemológica, discussão comparada e aplicação nas áreas da saúde e humanas</source><date><year>2003</year></date><person-group><name><surname>TURATO</surname><given-names>Egberto R</given-names></name><name><surname>TURATO</surname><given-names>Egberto R</given-names></name></person-group></element-citation></ref></ref-list></back></article></articles>