<articles xmlns:xsi="http://www.w3.org/2001/XMLSchema-instance" xsi:schemaLocation="https://raw.githubusercontent.com/scieloorg/articles_meta/master/tests/xsd/scielo_sci/ThomsonReuters_publishing.xsd" dtd-version="1.10"><article lang_id="pt" article-type="research-article"><front><journal-meta><journal-id journal-id-type="publisher">tes</journal-id><journal-title-group><journal-title>Trabalho, Educação e Saúde</journal-title><abbrev-journal-title>Trab. educ. saúde</abbrev-journal-title></journal-title-group><issn>1981-7746</issn><collection>SciELO Brazil</collection><publisher><publisher-name>Fundação Oswaldo Cruz, Escola Politécnica de Saúde Joaquim Venâncio</publisher-name></publisher></journal-meta><article-meta><unique-article-id pub-id-type="publisher-id">S1981-77462008000100009</unique-article-id><article-id pub-id-type="publisher-id">S1981-77462008000100009</article-id><article-id pub-id-type="doi">10.1590/S1981-77462008000100009</article-id><article-categories><subj-group><subject>EDUCATION &amp; EDUCATIONAL RESEARCH</subject><subject>PUBLIC, ENVIRONMENTAL &amp; OCCUPATIONAL HEALTH</subject></subj-group></article-categories><title-group><article-title lang_id="pt">Avaliação da proposta de construção de um currículo interdisciplinar numa escola técnica de saúde</article-title><trans-title-group lang_id="en"><trans-title>Assessment of the proposal to construct a interdisciplinary curriculum in a technical health school</trans-title></trans-title-group></title-group><contrib-group><contrib contrib-type="author"><name><surname>Dávila</surname><given-names>Paulo Gilberto Simões</given-names></name><role>ND</role><xref ref-type="aff" rid="A01"/></contrib><contrib contrib-type="author"><name><surname>Loguercio</surname><given-names>Rochele de Quadros</given-names></name><role>ND</role><xref ref-type="aff" rid="A02"/></contrib><contrib contrib-type="author"><name><surname>Pino</surname><given-names>José Claudio Del</given-names></name><role>ND</role><xref ref-type="aff" rid="A03"/></contrib><contrib contrib-type="author"><name><surname>Santos</surname><given-names>Fabiano da Silveira</given-names></name><role>ND</role><xref ref-type="aff" rid="A04"/></contrib></contrib-group><aff id="A01"><institution>Universidade Federal do Rio Grande do Sul</institution><country>Brazil</country></aff><aff id="A02"><institution>Universidade Federal do Rio Grande do Sul</institution><country>Brazil</country></aff><aff id="A04"><institution>Escola Estadual de Ensino Médio Japão</institution><country>Brasil</country></aff><aff id="A03"><institution>Universidade Federal do Rio Grande do Sul</institution><country>Brazil</country></aff><pub-date><month>06</month><year>2008</year></pub-date><volume>6</volume><issue>1</issue><fpage>169</fpage><lpage>184</lpage><permissions><license license-type="open-access" href="http://creativecommons.org/licenses/by-nc/4.0/"><license-p>This work is licensed under a Creative Commons Attribution-NonCommercial 4.0 International License.</license-p></license></permissions><self-uri href="http://www.scielo.br/scielo.php?script=sci_arttext&amp;pid=S1981-77462008000100009&amp;lng=en&amp;tlng=en" content-type="full_text_page"/><self-uri href="http://www.scielo.br/scielo.php?script=sci_issuetoc&amp;pid=1981-774620080001&amp;lng=en" content-type="issue_page"/><self-uri href="http://www.scielo.br/scielo.php?script=sci_serial&amp;pid=1981-7746&amp;lng=en" content-type="journal_page"/><abstract lang_id="pt"><p>Este trabalho busca propiciar espaços para a formação dos professores, agregando a prática por eles desenvolvida ao plano político-peda-gógico da escola e aos entendimentos sobre as diferentes formas e níveis de integração curricular possíveis. Nesse processo foram pesquisados os entendimentos de inter/multi/pluri/transdisciplina-riedade e a forma pela qual ela poderia ser efetivada numa realidade educacional de escola técnica.</p></abstract><trans-abstract lang_id="en"><p>This work aims to provide spaces for the training and education of teachers, adding the practices they developed to the school's political- pedagogical plan and to the views of the various forms and levels of possible curricular integration. The authors researched inter/multi/pluri/transdisciplinarity and the manner in which it could be achieved in the educational reality of a technical school.</p></trans-abstract><kwd-group lang_id="pt" kwd-group-type="author-generated"><kwd>interdisciplinaridade</kwd><kwd>escola técnica</kwd><kwd>educação e saúde</kwd></kwd-group><kwd-group lang_id="en" kwd-group-type="author-generated"><kwd>interdisciplinarity</kwd><kwd>technical school</kwd><kwd>education and health</kwd></kwd-group></article-meta></front><back><ref-list><ref id="B1"><element-citation publication-type="book"><source>La construcción del conocimiento escolar</source><date><year>1997</year></date><person-group><name><surname>ARNAY</surname><given-names>José</given-names></name><name><surname>RODRIGO</surname><given-names>María José</given-names></name><name><surname>ARNAY</surname><given-names>José</given-names></name><name><surname>RODRIGO</surname><given-names>María José</given-names></name><name><surname>ARNAY</surname><given-names>José</given-names></name></person-group></element-citation></ref><ref id="B2"><element-citation publication-type="book"><source>Investigar en la escuela: elementos para una enseñanza alternativa</source><date><year>1997</year></date><person-group><name><surname>CAÑAL</surname><given-names>Pedro</given-names></name><name><surname>CAÑAL</surname><given-names>Pedro</given-names></name></person-group></element-citation></ref><ref id="B3"><element-citation publication-type="book"><source>Construtivismo e educação</source><date><year>1997</year></date><person-group><name><surname>CARRETERO</surname><given-names>Mario</given-names></name><name><surname>CARRETERO</surname><given-names>Mario</given-names></name></person-group></element-citation></ref><ref id="B4"><element-citation publication-type="article"><article-title>Proposta de ensino compatível com as características das cidades periféricas da grande Porto Alegre, Inepe</article-title><source>Série Documental: Relatos de Pesquisa</source><date><year>1995</year></date><fpage>9</fpage><lpage>21</lpage><volume>26</volume><person-group><name><surname>DEL PINO</surname><given-names>José Claudio</given-names></name></person-group></element-citation></ref><ref id="B5"><element-citation publication-type="book"><source>La construcción del conocimiento escolar</source><date><year>1997</year></date><person-group><name><surname>DELVAL</surname><given-names>Juan</given-names></name><name><surname>RODRIGO</surname><given-names>María José</given-names></name><name><surname>ARNAY</surname><given-names>José</given-names></name><name><surname>RODRIGO</surname><given-names>María José</given-names></name><name><surname>ARNAY</surname><given-names>José</given-names></name></person-group></element-citation></ref><ref id="B6"><element-citation publication-type="article"><article-title>Formação de formadores básicos</article-title><source>Em Aberto</source><date><year>1992</year></date><fpage>23</fpage><lpage>42</lpage><volume>54</volume><person-group><name><surname>DEMO</surname><given-names>Pedro</given-names></name></person-group></element-citation></ref><ref id="B7"><element-citation publication-type="book"><source>Educar pela pesquisa</source><date><year>1998</year></date><person-group><name><surname>DEMO</surname><given-names>Pedro</given-names></name></person-group></element-citation></ref><ref id="B8"><element-citation publication-type="book"><source>Projeto político-pedagógico da Escola</source><date><year>2001</year></date></element-citation></ref><ref id="B9"><element-citation publication-type="book"><source>Integração e interdis- ciplinaridade no ensino brasileiro: efetividade ou ideologia?</source><date><year>1996</year></date><person-group><name><surname>FAZENDA</surname><given-names>Ivani</given-names></name><name><surname>FAZENDA</surname><given-names>Ivani</given-names></name></person-group></element-citation></ref><ref id="B10"><element-citation publication-type="book"><source>Os professores como intelectuais</source><date><year>1997</year></date><person-group><name><surname>GIROUX</surname><given-names>Henry</given-names></name><name><surname>GIROUX</surname><given-names>Henry</given-names></name></person-group></element-citation></ref><ref id="B11"><element-citation publication-type="book"><source>Interdisciplinaridade e patologia do saber</source><date><year>1976</year></date><person-group><name><surname>JAPIASSU</surname><given-names>Hilton</given-names></name><name><surname>JAPIASSU</surname><given-names>Hilton</given-names></name></person-group></element-citation></ref><ref id="B12"><element-citation publication-type="book"><source>Química na sociedade</source><date><year>1998</year></date><person-group><name><surname>MÓL</surname><given-names>Gerson S.</given-names></name><name><surname>SANTOS</surname><given-names>Wildson. L. P.</given-names></name><name><surname>MÓL</surname><given-names>Gerson S.</given-names></name><name><surname>SANTOS</surname><given-names>Wildson. L. P.</given-names></name></person-group></element-citation></ref><ref id="B13"><element-citation publication-type="book"><source>Constructivismo y enseñanza de las ciencias</source><date><year>1997</year></date><person-group><name><surname>PORLÁN</surname><given-names>Rafael</given-names></name><name><surname>GARCIA</surname><given-names>José</given-names></name><name><surname>CAÑAL</surname><given-names>Pedro</given-names></name><name><surname>PORLÁN</surname><given-names>Rafael</given-names></name><name><surname>GARCIA</surname><given-names>José</given-names></name><name><surname>CAÑAL</surname><given-names>Pedro</given-names></name></person-group></element-citation></ref><ref id="B14"><element-citation publication-type="book"><source>El cono-cimiento de los profesores</source><date><year>1998</year></date><person-group><name><surname>PORLÁN</surname><given-names>Rafael</given-names></name><name><surname>RIVEIRO</surname><given-names>Ana</given-names></name><name><surname>PORLÁN</surname><given-names>Rafael</given-names></name><name><surname>RIVEIRO</surname><given-names>Ana</given-names></name></person-group></element-citation></ref><ref id="B15"><element-citation publication-type="book"><source>Educação em química: compromisso com a cidadania</source><date><year>1997</year></date><person-group><name><surname>SANTOS</surname><given-names>Wildson L. P.</given-names></name><name><surname>SCHNETZLER</surname><given-names>Roseli P.</given-names></name><name><surname>SANTOS</surname><given-names>Wildson L. P.</given-names></name><name><surname>SCHNETZLER</surname><given-names>Roseli P.</given-names></name></person-group></element-citation></ref><ref id="B16"><element-citation publication-type="book"><source>Educando o profissional reflexivo: um novo design para o ensino e a aprendizagem</source><date><year>2000</year></date><person-group><name><surname>SCHÖN</surname><given-names>Donald A.</given-names></name><name><surname>SCHÖN</surname><given-names>Donald A.</given-names></name></person-group></element-citation></ref><ref id="B17"><element-citation publication-type="article"><article-title>Os professores face ao saber: esboço de uma problemática do saber docente</article-title><source>Teoria e Educação</source><date><year>1991</year></date><fpage>215</fpage><lpage>233</lpage><volume>4</volume><person-group><name><surname>TARDIF</surname><given-names>Maurice</given-names></name></person-group></element-citation></ref><ref id="B18"><element-citation publication-type="book"><source>Metodologia da pesquisa-ação</source><date><year>1986</year></date><person-group><name><surname>THIOLLENT</surname><given-names>Michel</given-names></name><name><surname>THIOLLENT</surname><given-names>Michel</given-names></name></person-group></element-citation></ref><ref id="B19"><element-citation publication-type="book"><source>Globalización e interdisciplinariedad: el curriculum integrado</source><date><year>1994</year></date><person-group><name><surname>TORRES SANTOMÉ</surname><given-names>Jurjo</given-names></name><name><surname>TORRES SANTOMÉ</surname><given-names>Jurjo</given-names></name></person-group></element-citation></ref><ref id="B20"><element-citation publication-type="book"><source>Globalização e interdisciplinaridade</source><date><year>1998</year></date><person-group><name><surname>TORRES SANTOMÉ</surname><given-names>Jurjo</given-names></name><name><surname>Shilling</surname><given-names>Claudia</given-names></name><name><surname>Shilling</surname><given-names>Claudia</given-names></name></person-group></element-citation></ref></ref-list></back></article></articles>