<articles xmlns:xsi="http://www.w3.org/2001/XMLSchema-instance" xsi:schemaLocation="https://raw.githubusercontent.com/scieloorg/articles_meta/master/tests/xsd/scielo_sci/ThomsonReuters_publishing.xsd" dtd-version="1.10"><article lang_id="pt" article-type="research-article"><front><journal-meta><journal-id journal-id-type="publisher">tes</journal-id><journal-title-group><journal-title>Trabalho, Educação e Saúde</journal-title><abbrev-journal-title>Trab. educ. saúde</abbrev-journal-title></journal-title-group><issn>1981-7746</issn><collection>SciELO Brazil</collection><publisher><publisher-name>Fundação Oswaldo Cruz, Escola Politécnica de Saúde Joaquim Venâncio</publisher-name></publisher></journal-meta><article-meta><unique-article-id pub-id-type="publisher-id">S1981-77462011000400012</unique-article-id><article-id pub-id-type="publisher-id">S1981-77462011000400012</article-id><article-id pub-id-type="doi">10.1590/S1981-77462011000400012</article-id><article-categories><subj-group><subject>EDUCATION &amp; EDUCATIONAL RESEARCH</subject><subject>PUBLIC, ENVIRONMENTAL &amp; OCCUPATIONAL HEALTH</subject></subj-group></article-categories><title-group><article-title lang_id="pt">Nas trilhas da atividade: análise da relação saúde-trabalho de uma professora de educação física escolar</article-title><trans-title-group lang_id="en"><trans-title>In the tracks of the activity: analysis of the health-work relation of a scholastic physical education teacher</trans-title></trans-title-group></title-group><contrib-group><contrib contrib-type="author"><name><surname>Almeida</surname><given-names>Ueberson Ribeiro</given-names></name><role>ND</role></contrib><contrib contrib-type="author"><name><surname>Heckert</surname><given-names>Ana Lucia Coelho</given-names></name><role>ND</role></contrib><contrib contrib-type="author"><name><surname>Barros</surname><given-names>Maria Elizabeth Barros de</given-names></name><role>ND</role></contrib></contrib-group><pub-date><year>2011</year></pub-date><volume>9</volume><issue>suppl 1</issue><fpage>245</fpage><lpage>263</lpage><permissions><license license-type="open-access" href="http://creativecommons.org/licenses/by-nc/4.0/"><license-p>This work is licensed under a Creative Commons Attribution-NonCommercial 4.0 International License.</license-p></license></permissions><self-uri href="http://www.scielo.br/scielo.php?script=sci_arttext&amp;pid=S1981-77462011000400012&amp;lng=en&amp;tlng=en" content-type="full_text_page"/><self-uri href="http://www.scielo.br/scielo.php?script=sci_issuetoc&amp;pid=1981-774620110004&amp;lng=en" content-type="issue_page"/><self-uri href="http://www.scielo.br/scielo.php?script=sci_serial&amp;pid=1981-7746&amp;lng=en" content-type="journal_page"/><abstract lang_id="pt"><p>Trata-se de um estudo sobre a análise da atividade de uma professora de Educação Física em sua primeira experiência como docente em uma escola pública polivalente da rede estadual do Espírito Santo. Busca compreender como são engendradas as estratégias no cotidiano escolar que permitiram à professora produzir saúde e escapar ao adoecimento. A metodologia adotada se construiu com as ferramentas conceituais-metodológicas formuladas pela ergologia, combinando técnicas de produção de dados, como diários, entrevistas e autoconfrontação das mesmas. A análise da atividade docente constata a incessante luta da professora em meio aos usos de si por si e aos usos de si pelos outros.</p></abstract><trans-abstract lang_id="en"><p>The paper is about an analysis of the activity of a physical education teacher in her first experience as a teacher in a polyvalent public school of the state net of teaching in Espírito Santo state. It aims at understanding how engendered the strategies in the school daily life that enabled Physical Education teachers to work with health and escape from sickening are. The methodology used is constituted through the conceptual-methodological tools formulated by ergology, combining techniques of data production, like journals, interviews and their self confrontation. The teaching activity analysis finds the incessant struggle of the teachers amid the uses of themselves and the uses of themselves by others.</p></trans-abstract><kwd-group lang_id="en" kwd-group-type="author-generated"><kwd>teaching activity</kwd><kwd>health</kwd><kwd>scholastic physical education</kwd></kwd-group><kwd-group lang_id="pt" kwd-group-type="author-generated"><kwd>atividade docente</kwd><kwd>saúde</kwd><kwd>educação física escolar</kwd></kwd-group></article-meta></front><back><ref-list><ref id="B1"><element-citation publication-type="conference"><source>Anais...</source><date><year>2006</year></date><person-group><name><surname>BARROS DE BARROS</surname><given-names>Maria Elizabeth</given-names></name><name><surname>HECKERT</surname><given-names>Ana Lúcia Coelho</given-names></name></person-group></element-citation></ref><ref id="B2"><element-citation publication-type="book"><source>Trabalhador da saúde, muito prazer!: Protagonismo dos trabalhadores na gestão do trabalho em saúde</source><date><year>2007</year></date><fpage>61</fpage><lpage>71</lpage><person-group><name><surname>BARROS</surname><given-names>Regina Benevides de</given-names></name><name><surname>BARROS DE BARROS</surname><given-names>Maria Elizabeth</given-names></name><name><surname>SANTOS-FILHO</surname><given-names>Serafim Barbosa</given-names></name><name><surname>BARROS DE BARROS</surname><given-names>Maria Elizabeth</given-names></name><name><surname>SANTOS-FILHO</surname><given-names>Serafim Barbosa</given-names></name><name><surname>BARROS DE BARROS</surname><given-names>Maria Elizabeth</given-names></name></person-group></element-citation></ref><ref id="B3"><element-citation publication-type="book"><source>Educação física escolar: entre práticas inovadoras e o desinvestimento pedagógico</source><date><year>2006</year></date><person-group><name><surname>BRACHT</surname><given-names>Valter</given-names></name><name><surname>BRACHT</surname><given-names>Valter</given-names></name></person-group></element-citation></ref><ref id="B4"><element-citation publication-type="book"><source>Saúde e trabalho na escola</source><date><year>1998</year></date><person-group><name><surname>BRITO</surname><given-names>Jussara</given-names></name><name><surname>ATHAYDE</surname><given-names>Milton</given-names></name><name><surname>NEVES</surname><given-names>Mary Yale</given-names></name><name><surname>BRITO</surname><given-names>Jussara</given-names></name><name><surname>ATHAYDE</surname><given-names>Milton</given-names></name><name><surname>NEVES</surname><given-names>Mary Yale</given-names></name></person-group></element-citation></ref><ref id="B5"><element-citation publication-type="book"><source>Um método para análise e cogestão de coletivos: a constituição do sujeito, a produção de valor de uso e a democracia institucional: o método da roda</source><date><year>2000</year></date><person-group><name><surname>CAMPOS</surname><given-names>Gastão Wagner</given-names></name><name><surname>CAMPOS</surname><given-names>Gastão Wagner</given-names></name></person-group></element-citation></ref><ref id="B6"><element-citation publication-type="book"><source>O normal e o patológico</source><date><year>1990</year></date><person-group><name><surname>CANGUILHEM</surname><given-names>Georges</given-names></name><name><surname>CANGUILHEM</surname><given-names>Georges</given-names></name></person-group></element-citation></ref><ref id="B7"><element-citation publication-type="book"><source>A função psicológica do trabalho</source><date><year>2006</year></date><person-group><name><surname>CLOT</surname><given-names>Yves</given-names></name><name><surname>CLOT</surname><given-names>Yves</given-names></name></person-group></element-citation></ref><ref id="B8"><element-citation publication-type="book"><source>Clínicas do trabalho: novas perspectivas para compreensão do trabalho na atualidade</source><date><year>2010</year></date><fpage>71</fpage><lpage>83</lpage><person-group><name><surname>CLOT</surname><given-names>Yves</given-names></name><name><surname>BENDASSOLLI</surname><given-names>Pedro F.</given-names></name><name><surname>SOBOL</surname><given-names>Lis Andrea P.</given-names></name><name><surname>BENDASSOLLI</surname><given-names>Pedro F.</given-names></name><name><surname>SOBOL</surname><given-names>Lis Andrea P.</given-names></name></person-group></element-citation></ref><ref id="B9"><element-citation publication-type="book"><source>Educação: carinho e trabalho</source><date><year>1999</year></date><person-group><name><surname>CODO</surname><given-names>Wanderley</given-names></name><name><surname>CODO</surname><given-names>Wanderley</given-names></name></person-group></element-citation></ref><ref id="B10"><element-citation publication-type="article"><article-title>Glossário da ergologia</article-title><source>Laboreal</source><date><year>2008</year></date><fpage>23</fpage><lpage>28</lpage><issue>1</issue><volume>4</volume><person-group><name><surname>DURRIVE</surname><given-names>Louis</given-names></name><name><surname>SCHWARTZ</surname><given-names>Yves</given-names></name></person-group><ext-link>http://laboreal.up.pt/media/artigos/166/glossario_v4n1_pt.pdf</ext-link></element-citation></ref><ref id="B11"><element-citation publication-type="book"><source>Educação física e cultura escolar: entre práticas inovadoras e o abandono do trabalho docente</source><date><year>2006</year></date><person-group><name><surname>FENSTERSEIFER</surname><given-names>Paulo Evaldo</given-names></name><name><surname>FENSTERSEIFER</surname><given-names>Paulo Evaldo</given-names></name></person-group></element-citation></ref><ref id="B12"><element-citation publication-type="book"><source>Labirintos do trabalho: interrogações e olhares sobre o trabalho vivo</source><date><year>2004</year></date><fpage>115</fpage><lpage>131</lpage><person-group><name><surname>FRANÇA</surname><given-names>Maristela</given-names></name><name><surname>FIGUEIREDO</surname><given-names>Marcelo</given-names></name><name><surname>FIGUEIREDO</surname><given-names>Marcelo</given-names></name></person-group></element-citation></ref><ref id="B13"><element-citation publication-type="book"><source>Vidas de professores</source><date><year>1999</year></date><fpage>31</fpage><lpage>61</lpage><person-group><name><surname>HUBERMAM</surname><given-names>Michael</given-names></name><name><surname>NÓVOA</surname><given-names>Antonio</given-names></name><name><surname>NÓVOA</surname><given-names>Antonio</given-names></name></person-group></element-citation></ref><ref id="B14"><element-citation publication-type="book"><source>Labirintos do trabalho: interrogações e olhares sobre o trabalho vivo</source><date><year>2004</year></date><fpage>37</fpage><lpage>62</lpage><person-group><name><surname>NOUROUDINE</surname><given-names>Abdallah</given-names></name><name><surname>FIGUEIREDO</surname><given-names>Marcelo</given-names></name><name><surname>FIGUEIREDO</surname><given-names>Marcelo</given-names></name></person-group></element-citation></ref><ref id="B15"><element-citation publication-type="book"><source>La cultura escolar en la sociedade neoliberal</source><date><year>1998</year></date><person-group><name><surname>PERÉZ GOMÉZ</surname><given-names>Angel</given-names></name><name><surname>PERÉZ GOMÉZ</surname><given-names>Angel</given-names></name></person-group></element-citation></ref><ref id="B16"><element-citation publication-type="article"><article-title>Síndrome do esgotamento profissional em professores de Educação Física</article-title><source>Revista da Escola de Educação Física Esporte</source><date><month>09</month><year>2005</year></date><fpage>209</fpage><lpage>222</lpage><issue>3</issue><volume>19</volume><person-group><name><surname>SANTINI</surname><given-names>Joarez</given-names></name><name><surname>MOLINA NETO</surname><given-names>Vicente</given-names></name></person-group></element-citation></ref><ref id="B17"><element-citation publication-type="article"><article-title>Os ingredientes da competência: um exercício necessário para uma questão insolúvel</article-title><source>Revista Educação &amp; Sociedade</source><date><month>12</month><year>1998</year></date><issue>65</issue><volume>19</volume><person-group><name><surname>SCHWARTZ</surname><given-names>Yves</given-names></name></person-group></element-citation></ref><ref id="B18"><element-citation publication-type="book"><source>Comunidade científica ampliada de pesquisa e o regime de produção de saberes</source><date><year>2000</year></date><person-group><name><surname>SCHWARTZ</surname><given-names>Yves</given-names></name><name><surname>Cunha</surname><given-names>Eloísa Santos e Daisy</given-names></name><name><surname>Cunha</surname><given-names>Eloísa Santos e Daisy</given-names></name></person-group></element-citation></ref><ref id="B19"><element-citation publication-type="article"><article-title>Disciplina epistêmica disciplina ergológica: paideia e politeia</article-title><source>Pró-Posições</source><date><month>04</month><year>2002</year></date><fpage>126</fpage><lpage>149</lpage><issue>1</issue><volume>13</volume><person-group><name><surname>SCHWARTZ</surname><given-names>Yves</given-names></name></person-group></element-citation></ref><ref id="B20"><element-citation publication-type="book"><source>Linguagem e trabalho: construção de objetos de análise no Brasil e na França</source><date><year>2002</year></date><fpage>109</fpage><lpage>137</lpage><person-group><name><surname>SCHWARTZ</surname><given-names>Yves</given-names></name><name><surname>SOUZA-E-SILVA</surname><given-names>Maria Cecília P.</given-names></name><name><surname>FAITA</surname><given-names>Daniel</given-names></name><name><surname>SOUZA-E-SILVA</surname><given-names>Maria Cecília P.</given-names></name><name><surname>FAITA</surname><given-names>Daniel</given-names></name></person-group></element-citation></ref><ref id="B21"><element-citation publication-type="article"><article-title>Circulações, dramáticas, eficácias da atividade industriosa</article-title><source>Trabalho, Educação e Saúde</source><date><year>2004</year></date><fpage>33</fpage><lpage>55</lpage><issue>1</issue><volume>2</volume><person-group><name><surname>SCHWARTZ</surname><given-names>Yves</given-names></name></person-group></element-citation></ref><ref id="B22"><element-citation publication-type="book"><source>A ergonomia em busca de seus princípios: debates epistemológicos</source><date><year>2004</year></date><fpage>141</fpage><lpage>181</lpage><person-group><name><surname>SCHWARTZ</surname><given-names>Yves</given-names></name><name><surname>FAITA</surname><given-names>Daniel</given-names></name><name><surname>FAITA</surname><given-names>Daniel</given-names></name></person-group></element-citation></ref><ref id="B23"><element-citation publication-type="conference"><source>Trabalho e saúde: construindo outros modos de gestão</source><date><day>13</day><month>07</month><year>2005</year></date><person-group><name><surname>SCHWARTZ</surname><given-names>Yves</given-names></name></person-group></element-citation></ref><ref id="B24"><element-citation publication-type="article"><article-title>Entrevista</article-title><source>Trabalho, Educação e Saúde</source><date><year>2006</year></date><fpage>457</fpage><lpage>465</lpage><issue>2</issue><volume>4</volume><person-group><name><surname>SCHWARTZ</surname><given-names>Yves</given-names></name></person-group></element-citation></ref><ref id="B25"><element-citation publication-type="book"><source>Trabalho e ergologia: conversas sobre atividade humana</source><date><year>2007</year></date><fpage>23</fpage><lpage>47</lpage><person-group><name><surname>SCHWARTZ</surname><given-names>Yves</given-names></name><name><surname>SCHWARTZ</surname><given-names>Yves</given-names></name><name><surname>DURRIVE</surname><given-names>Louis</given-names></name><name><surname>Brito</surname><given-names>Jussara</given-names></name><name><surname>SCHWARTZ</surname><given-names>Yves</given-names></name><name><surname>DURRIVE</surname><given-names>Louis</given-names></name><name><surname>Brito</surname><given-names>Jussara</given-names></name></person-group></element-citation></ref><ref id="B26"><element-citation publication-type="book"><source>Trabalho e ergologia: conversas sobre atividade humana</source><date><year>2007</year></date><fpage>190</fpage><lpage>206</lpage><person-group><name><surname>SCHWARTZ</surname><given-names>Yves</given-names></name><name><surname>SCHWARTZ</surname><given-names>Yves</given-names></name><name><surname>DURRIVE</surname><given-names>Louis</given-names></name><name><surname>Brito</surname><given-names>Jussara</given-names></name><name><surname>SCHWARTZ</surname><given-names>Yves</given-names></name><name><surname>DURRIVE</surname><given-names>Louis</given-names></name><name><surname>Brito</surname><given-names>Jussara</given-names></name></person-group></element-citation></ref><ref id="B27"><element-citation publication-type="book"><source>Clínicas do trabalho: novas perspectivas para compreensão do trabalho na atualidade</source><date><year>2010</year></date><fpage>132</fpage><lpage>166</lpage><person-group><name><surname>SCHWARTZ</surname><given-names>Yves</given-names></name><name><surname>BENDASSOLLI</surname><given-names>Pedro F.</given-names></name><name><surname>SOBOL</surname><given-names>Lis Andrea P.</given-names></name><name><surname>BENDASSOLLI</surname><given-names>Pedro F.</given-names></name><name><surname>SOBOL</surname><given-names>Lis Andrea P.</given-names></name></person-group></element-citation></ref><ref id="B28"><element-citation publication-type="book"><source>Labirintos do trabalho: interrogações e olhares sobre o trabalho vivo</source><date><year>2004</year></date><fpage>214</fpage><lpage>235</lpage><person-group><name><surname>VIERA</surname><given-names>Marcos Antônio</given-names></name><name><surname>FIGUEIREDO</surname><given-names>Marcelo</given-names></name><name><surname>FIGUEIREDO</surname><given-names>Marcelo</given-names></name></person-group></element-citation></ref><ref id="B29"><element-citation publication-type="article"><article-title>O trabalho docente dos professores de EF na rede municipal de ensino de Porto Alegre</article-title><source>Revista da Escola de Educação Física</source><date><month>04</month><year>2005</year></date><fpage>47</fpage><lpage>70</lpage><issue>1</issue><volume>11</volume><person-group><name><surname>WITTIZORECKI</surname><given-names>Elisandro Schultz</given-names></name><name><surname>MOLINA NETO</surname><given-names>Vicente</given-names></name></person-group></element-citation></ref><ref id="B30"><element-citation publication-type="book"><source>O professor refém</source><date><year>2006</year></date><person-group><name><surname>ZAGURY</surname><given-names>Tânia</given-names></name><name><surname>ZAGURY</surname><given-names>Tânia</given-names></name></person-group></element-citation></ref></ref-list></back></article></articles>