<articles xmlns:xsi="http://www.w3.org/2001/XMLSchema-instance" xsi:schemaLocation="https://raw.githubusercontent.com/scieloorg/articles_meta/master/tests/xsd/scielo_sci/ThomsonReuters_publishing.xsd" dtd-version="1.10"><article lang_id="pt" article-type="research-article"><front><journal-meta><journal-id journal-id-type="publisher">tes</journal-id><journal-title-group><journal-title>Trabalho, Educação e Saúde</journal-title><abbrev-journal-title>Trab. educ. saúde</abbrev-journal-title></journal-title-group><issn>1981-7746</issn><collection>SciELO Brazil</collection><publisher><publisher-name>Fundação Oswaldo Cruz, Escola Politécnica de Saúde Joaquim Venâncio</publisher-name></publisher></journal-meta><article-meta><unique-article-id pub-id-type="publisher-id">S1981-77462009000100004</unique-article-id><article-id pub-id-type="publisher-id">S1981-77462009000100004</article-id><article-id pub-id-type="doi">10.1590/S1981-77462009000100004</article-id><article-categories><subj-group><subject>EDUCATION &amp; EDUCATIONAL RESEARCH</subject><subject>PUBLIC, ENVIRONMENTAL &amp; OCCUPATIONAL HEALTH</subject></subj-group></article-categories><title-group><article-title lang_id="pt">Gênero e jornada de trabalho: análise das relações entre mercado de trabalho e família</article-title><trans-title-group lang_id="en"><trans-title>Gender and the work week: analysis of the relationships between the work market and the family</trans-title></trans-title-group></title-group><contrib-group><contrib contrib-type="author"><name><surname>Dedecca</surname><given-names>Claudio Salvadori</given-names></name><role>ND</role><xref ref-type="aff" rid="A01"/></contrib><contrib contrib-type="author"><name><surname>Ribeiro</surname><given-names>Camila Santos Matos de Freitas</given-names></name><role>ND</role><xref ref-type="aff" rid="A02"/></contrib><contrib contrib-type="author"><name><surname>Ishii</surname><given-names>Fernando Hajime</given-names></name><role>ND</role><xref ref-type="aff" rid="A03"/></contrib></contrib-group><aff id="A01"><institution>Universidade Estadual de Campinas</institution><country>Brazil</country></aff><aff id="A03"><institution>Universidade Estadual de Campinas</institution><country>Brazil</country></aff><aff id="A02"><institution>Universidade Estadual de Campinas</institution><country>Brazil</country></aff><pub-date><month>06</month><year>2009</year></pub-date><volume>7</volume><issue>1</issue><fpage>65</fpage><lpage>90</lpage><permissions><license license-type="open-access" href="http://creativecommons.org/licenses/by-nc/4.0/"><license-p>This work is licensed under a Creative Commons Attribution-NonCommercial 4.0 International License.</license-p></license></permissions><self-uri href="http://www.scielo.br/scielo.php?script=sci_arttext&amp;pid=S1981-77462009000100004&amp;lng=en&amp;tlng=en" content-type="full_text_page"/><self-uri href="http://www.scielo.br/scielo.php?script=sci_issuetoc&amp;pid=1981-774620090001&amp;lng=en" content-type="issue_page"/><self-uri href="http://www.scielo.br/scielo.php?script=sci_serial&amp;pid=1981-7746&amp;lng=en" content-type="journal_page"/><abstract lang_id="pt"><p>A Pesquisa Nacional por Amostra de Domicílios (Pnad) propicia, desde o início da década, informações sobre a existência e a extensão do trabalho em afazeres domésticos. Esta informação, acrescida da jornada no mercado de trabalho, possibilita a construção de um indicador sobre a intensidade da jornada total de trabalho no mercado e extramercado. Este ensaio analisa a intensidade da jornada total de trabalho para homens e mulheres, considerando as condições de inserção ocupacional, o rendimento familiar e o ciclo familiar. A análise explicita que mulheres em ocupações menos estáveis, de menor qualificação, maior renda e com filhos mais jovens tendem a ter jornadas totais mais longas quando comparadas às dos homens em situação ocupacional e familiar semelhante e às das mulheres com ocupações mais qualificadas, de mais alta renda e também com filhos jovens. Os resultados do ensaio indicam a necessidade de políticas públicas capazes de construir instrumentos de proteção às mulheres e que considerem a diferenciação social relacionada ao tipo de inserção no mercado. Ademais, o estudo aponta que as políticas de emprego não podem ficar restritas ao mercado de trabalho, necessitando também alcançar as condições de organização do núcleo familiar.</p></abstract><trans-abstract lang_id="en"><p>The National Survey per Household Sampling (NSHS) has provided, since the early 2000's, information on the existence and extent of work in household chores. This information, added of the work week in the work market, allows for the construction of an index of the intensity of the total work week in the market and in the extra-market. This essay analyzes the intensity of the total work week for men and women, considering the conditions of occupational insertion, family income, and the family cycle. The analysis shows that women who hold less stable occupations that require less qualification, who have better incomes, and have younger children tend to have longer total work weeks compared to that of men in similar occupational and family conditions and also to women who hold more qualified, higher income positions and also have young children. The results of the assay indicate the need for public policies that are capable of building instruments to protect women and that consider the social differentiation related to the type of insertion in the market. Furthermore, the study shows that job policies cannot be restricted to the work market. It is also necessary to reach the family nucleus organization conditions.</p></trans-abstract><kwd-group lang_id="en" kwd-group-type="author-generated"><kwd>time of work</kwd><kwd>gender</kwd><kwd>occupation</kwd><kwd>work market</kwd><kwd>inequality</kwd></kwd-group><kwd-group lang_id="pt" kwd-group-type="author-generated"><kwd>tempo de trabalho</kwd><kwd>gênero</kwd><kwd>ocupação</kwd><kwd>mercado de trabalho</kwd><kwd>desigualdade</kwd></kwd-group></article-meta></front><back><ref-list><ref id="B1"><element-citation publication-type="book"><source>Time and Social Theory</source><date><year>1990</year></date><person-group><name><surname>ADAM</surname><given-names>Barbara</given-names></name><name><surname>ADAM</surname><given-names>Barbara</given-names></name></person-group></element-citation></ref><ref id="B2"><element-citation publication-type="article"><article-title>Stress, time use and gender</article-title><source>Electronic International Journal of Time Use Research</source><date><year>2007</year></date><fpage>47</fpage><lpage>68</lpage><issue>1</issue><volume>4</volume><person-group><name><surname>BONKE</surname><given-names>Jens</given-names></name><name><surname>GERSTOFT</surname><given-names>Frederik</given-names></name></person-group></element-citation></ref><ref id="B3"><element-citation publication-type="book"><source>The Distribution of Total Work in the EU and US</source><date><year>2006</year></date><person-group><name><surname>BURDA</surname><given-names>Michael C.</given-names></name><name><surname>HAMERMESH</surname><given-names>Daniel S.</given-names></name><name><surname>WEIL</surname><given-names>Philippe</given-names></name><name><surname>BURDA</surname><given-names>Michael C.</given-names></name><name><surname>HAMERMESH</surname><given-names>Daniel S.</given-names></name><name><surname>WEIL</surname><given-names>Philippe</given-names></name></person-group></element-citation></ref><ref id="B4"><element-citation publication-type="book"><source>Trabalho e gênero no Brasil: formas, tempo e contribuições sócioeconômicas</source><date><year>2005</year></date><person-group><name><surname>DEDECCA</surname><given-names>Claudio Salvadori</given-names></name><name><surname>DEDECCA</surname><given-names>Claudio Salvadori</given-names></name><name><surname>DEDECCA</surname><given-names>Claudio Salvadori</given-names></name></person-group></element-citation></ref><ref id="B5"><element-citation publication-type="book"><source>Mercado de trabalho e gênero: comparações internacionais</source><date><year>2008</year></date><person-group><name><surname>DEDECCA</surname><given-names>Claudio Salvadori</given-names></name><name><surname>COSTA</surname><given-names>A. de O.</given-names></name><name><surname>SORJ</surname><given-names>B.</given-names></name><name><surname>BRUSCHINI</surname><given-names>C.</given-names></name><name><surname>HIRATA</surname><given-names>H.</given-names></name><name><surname>COSTA</surname><given-names>A. de O.</given-names></name><name><surname>SORJ</surname><given-names>B.</given-names></name><name><surname>BRUSCHINI</surname><given-names>C.</given-names></name><name><surname>HIRATA</surname><given-names>H.</given-names></name></person-group></element-citation></ref><ref id="B6"><element-citation publication-type="book"><source>Sobre el Tiempo</source><date><year>1989</year></date><person-group><name><surname>ELIAS</surname><given-names>Norbert</given-names></name><name><surname>ELIAS</surname><given-names>Norbert</given-names></name></person-group></element-citation></ref><ref id="B7"><element-citation publication-type="book"><source>Measuring Work-Life Balance and Degrees of Sociability: a focus on the value of time use data in the assessment of quality of life, EAPG Working Paper, n. 32</source><date><year>2002</year></date><person-group><name><surname>FISHER</surname><given-names>Kimberly</given-names></name><name><surname>LAYTE</surname><given-names>Richard</given-names></name><name><surname>FISHER</surname><given-names>Kimberly</given-names></name><name><surname>LAYTE</surname><given-names>Richard</given-names></name></person-group></element-citation></ref><ref id="B8"><element-citation publication-type="book"><source>Mercado de trabalho e gênero: comparações internacionais</source><date><year>2008</year></date><person-group><name><surname>HIRATA</surname><given-names>H.</given-names></name><name><surname>KERGOAT</surname><given-names>D.</given-names></name><name><surname>COSTA</surname><given-names>A. de O.</given-names></name><name><surname>SORJ</surname><given-names>B.</given-names></name><name><surname>BRUSCHINI</surname><given-names>C.</given-names></name><name><surname>HIRATA</surname><given-names>H.</given-names></name><name><surname>COSTA</surname><given-names>A. de O.</given-names></name><name><surname>SORJ</surname><given-names>B.</given-names></name><name><surname>BRUSCHINI</surname><given-names>C.</given-names></name><name><surname>HIRATA</surname><given-names>H.</given-names></name></person-group></element-citation></ref><ref id="B9"><element-citation publication-type="book"><source>The Overworked American: the unexpected decline of leisure</source><date><year>1991</year></date><person-group><name><surname>SCHOR</surname><given-names>Juliet</given-names></name><name><surname>SCHOR</surname><given-names>Juliet</given-names></name></person-group></element-citation></ref><ref id="B10"><element-citation publication-type="article"><article-title>Time, work-discipline, and industrial capitalism</article-title><source>Past and Present</source><date><year>1967</year></date><fpage>56</fpage><lpage>97</lpage><issue>38</issue><person-group><name><surname>THOMPSON</surname><given-names>Edward Palmer</given-names></name></person-group></element-citation></ref></ref-list></back></article></articles>