<articles xmlns:xsi="http://www.w3.org/2001/XMLSchema-instance" xsi:schemaLocation="https://raw.githubusercontent.com/scieloorg/articles_meta/master/tests/xsd/scielo_sci/ThomsonReuters_publishing.xsd" dtd-version="1.10"><article lang_id="pt" article-type="research-article"><front><journal-meta><journal-id journal-id-type="publisher">tes</journal-id><journal-title-group><journal-title>Trabalho, Educação e Saúde</journal-title><abbrev-journal-title>Trab. educ. saúde</abbrev-journal-title></journal-title-group><issn>1981-7746</issn><collection>SciELO Brazil</collection><publisher><publisher-name>Fundação Oswaldo Cruz, Escola Politécnica de Saúde Joaquim Venâncio</publisher-name></publisher></journal-meta><article-meta><unique-article-id pub-id-type="publisher-id">S1981-77462009000300012</unique-article-id><article-id pub-id-type="publisher-id">S1981-77462009000300012</article-id><article-id pub-id-type="doi">10.1590/S1981-77462009000300012</article-id><article-categories><subj-group><subject>EDUCATION &amp; EDUCATIONAL RESEARCH</subject><subject>PUBLIC, ENVIRONMENTAL &amp; OCCUPATIONAL HEALTH</subject></subj-group></article-categories><title-group><article-title lang_id="pt">Vida, saúde e trabalho: dialogando sobre qualidade de vida no trabalho em um cenário de precarização</article-title><trans-title-group lang_id="en"><trans-title>Life, health and work: a discussion about quality of work life in a scenario of precariousness</trans-title></trans-title-group></title-group><contrib-group><contrib contrib-type="author"><name><surname>Athayde</surname><given-names>Milton</given-names></name><role>ND</role><xref ref-type="aff" rid="A01"/></contrib><contrib contrib-type="author"><name><surname>Brito</surname><given-names>Jussara</given-names></name><role>ND</role><xref ref-type="aff" rid="A02"/></contrib></contrib-group><aff id="A01"><institution>Universidade do Estado do Rio de Janeiro</institution><country>Brazil</country></aff><aff id="A02"><institution>Fundação Oswaldo Cruz</institution></aff><pub-date><month>11</month><year>2009</year></pub-date><volume>7</volume><issue>3</issue><fpage>587</fpage><lpage>597</lpage><permissions><license license-type="open-access" href="http://creativecommons.org/licenses/by-nc/4.0/"><license-p>This work is licensed under a Creative Commons Attribution-NonCommercial 4.0 International License.</license-p></license></permissions><self-uri href="http://www.scielo.br/scielo.php?script=sci_arttext&amp;pid=S1981-77462009000300012&amp;lng=en&amp;tlng=en" content-type="full_text_page"/><self-uri href="http://www.scielo.br/scielo.php?script=sci_issuetoc&amp;pid=1981-774620090003&amp;lng=en" content-type="issue_page"/><self-uri href="http://www.scielo.br/scielo.php?script=sci_serial&amp;pid=1981-7746&amp;lng=en" content-type="journal_page"/><abstract lang_id="pt"><p>Com este artigo, pretendemos dialogar com o texto elaborado por Padilha, base para o debate neste número da revista, tendo como desafio discutir algumas das questões que emergem do artigo em foco. Neste mesmo movimento, aproveitamos para assinalar algumas de nossas posições a respeito. Iniciamos colocando em pauta a urgência de uma perspectiva crítica e afirmativa da potência da vida frente aos impedimentos e constrangimentos tão frequentes e poderosos (como o processo de precarização do trabalho em curso), tema de nosso segundo tópico. Concluindo o diálogo, colocamos sinteticamente em foco o processo de emergência da questão da 'Qualidade de Vida' e posteriormente a da chamada 'Qualidade de Vida no Trabalho', concluindo por discutir do que se trata.</p></abstract><trans-abstract lang_id="en"><p>With this article, we intend to discuss the text written by Padilha, a basis for debate on this issue of the magazine, and embrace the challenge of discussing some of the issues that emerge from the referred article. In this same movement we took the opportunity to point out some of our positions on the issue. We began by prioritizing the urgent need for a critical and affirmative perspective of the power of life in relation to the very frequent and powerful impediments and constraints (such as the process of turning the work in progress precarious), the subject of our second topic. To conclude the discussion, we briefly focus on the process of emergence of the issue of 'Quality of Life' and then the so-called 'Quality of Work Life' (QWL), and finally discussing what it is.</p></trans-abstract><kwd-group lang_id="pt" kwd-group-type="author-generated"><kwd>trabalho</kwd><kwd>capitalismo</kwd><kwd>precarização</kwd><kwd>QVT</kwd><kwd>ergologia</kwd></kwd-group><kwd-group lang_id="en" kwd-group-type="author-generated"><kwd>fiscal federalism</kwd><kwd>health policy</kwd></kwd-group></article-meta></front><back><ref-list><ref id="B1"><element-citation publication-type="article"><article-title>Trabalho, corpo e subjetividade: toyotismo e formas de precariedade no capitalismo global</article-title><source>Trabalho, Educação e Saúde</source><fpage>409</fpage><lpage> 428</lpage><issue>2</issue><volume>3</volume><person-group><name><surname>ALVES</surname><given-names>Giovanni</given-names></name></person-group></element-citation></ref><ref id="B2"><element-citation publication-type="book"><source>O normal e o patoló-gico</source><date><year>2006</year></date><person-group><name><surname>CANGUILHEM</surname><given-names>George</given-names></name><name><surname>CANGUILHEM</surname><given-names>George</given-names></name></person-group></element-citation></ref><ref id="B3"><element-citation publication-type="article"><article-title>Meios e normas do homem no trabalho</article-title><source>Revista Proposições</source><date><year>2001</year></date><fpage>109</fpage><lpage>121</lpage><issue>2-3</issue><volume>12</volume><person-group><name><surname>CANGUILHEM</surname><given-names>George</given-names></name></person-group></element-citation></ref><ref id="B4"><element-citation publication-type="book"><source>A função psicológica do trabalho</source><date><year>2006</year></date><person-group><name><surname>CLOT</surname><given-names>Yves</given-names></name><name><surname>CLOT</surname><given-names>Yves</given-names></name></person-group></element-citation></ref><ref id="B5"><element-citation publication-type="book"><source>Christophe Dejours: da psicopatologia à psicodinâmica do trabalho</source><date><year>2009</year></date><person-group><name><surname>DEJOURS</surname><given-names>Christophe</given-names></name><name><surname>DEJOURS</surname><given-names>Christophe</given-names></name></person-group></element-citation></ref><ref id="B6"><element-citation publication-type="book"><source>O fator humano</source><date><year>2005</year></date><person-group><name><surname>DEJOURS</surname><given-names>Christophe</given-names></name></person-group></element-citation></ref><ref id="B7"><element-citation publication-type="book"><source>Un débat en analyse du travail: Deux méthodes en synergie dans l'étude d'une situation d'enseignement</source><date><year>2009</year></date><person-group><name><surname>FAITA</surname><given-names>Daniel</given-names></name><name><surname>FAITA</surname><given-names>Daniel</given-names></name><name><surname>MAGGI</surname><given-names>Bruno</given-names></name><name><surname>FAITA</surname><given-names>Daniel</given-names></name><name><surname>MAGGI</surname><given-names>Bruno</given-names></name></person-group></element-citation></ref><ref id="B8"><element-citation publication-type="book"><source>18 Brumário de Luiz Bonaparte</source><date><year>1968</year></date><person-group><name><surname>MARX</surname><given-names>KARL</given-names></name><name><surname>MARX</surname><given-names>KARL</given-names></name></person-group></element-citation></ref><ref id="B9"><element-citation publication-type="book"><source>Redécouvrir l'expérience ouvrière</source><date><year>1981</year></date><person-group><name><surname>ODDONE</surname><given-names>Ivar</given-names></name><name><surname>RE</surname><given-names>Alessandra</given-names></name><name><surname>BRIANTI</surname><given-names>Giani</given-names></name><name><surname>ODDONE</surname><given-names>Ivar</given-names></name><name><surname>RE</surname><given-names>Alessandra</given-names></name><name><surname>BRIANTI</surname><given-names>Giani</given-names></name></person-group></element-citation></ref><ref id="B10"><element-citation publication-type="book"><source>Le paradigme ergologique ou un métier de Philosophe</source><date><year>2000</year></date><person-group><name><surname>SCHWARTZ</surname><given-names>Yves</given-names></name><name><surname>SCHWARTZ</surname><given-names>Yves</given-names></name></person-group></element-citation></ref><ref id="B11"><element-citation publication-type="book"><source>Expérience et connaissance du travail</source><date><year>1988</year></date><person-group><name><surname>SCHWARTZ</surname><given-names>Yves</given-names></name></person-group></element-citation></ref><ref id="B12"><element-citation publication-type="book"><source>Trabalho e ergologia: conversas sobre a atividade humana</source><date><year>2009</year></date><person-group><name><surname>SCHWARTZ</surname><given-names>Yves</given-names></name><name><surname>DURRIVE</surname><given-names>Louis</given-names></name><name><surname>SCHWARTZ</surname><given-names>Yves</given-names></name><name><surname>DURRIVE</surname><given-names>Louis</given-names></name></person-group></element-citation></ref><ref id="B13"><element-citation publication-type="article"><article-title>Glossário de ergologia</article-title><source>Laboreal</source><date><year>2008</year></date><fpage>23</fpage><lpage>28</lpage><issue>1</issue><volume>IV</volume><person-group><name><surname>SCHWARTZ</surname><given-names>Yves</given-names></name></person-group><ext-link>http://laboreal.up.pt/media/artigos/166/23-28pt.pdf</ext-link></element-citation></ref><ref id="B14"><element-citation publication-type="article"><article-title>Qualidade de vida e saúde: aspectos conceituais e metodológicos</article-title><source>Cadernos de Saúde Pública</source><date><year>2004</year></date><fpage>580</fpage><lpage>588</lpage><issue>2</issue><volume>20</volume><person-group><name><surname>SEIDL</surname><given-names>E.M.F.</given-names></name><name><surname>ZANNON</surname><given-names>C.M.L.</given-names></name></person-group></element-citation></ref><ref id="B15"><element-citation publication-type="article"><article-title>Qualidade de Vida no Trabalho num contexto de precarização: a panaceia delirante</article-title><source>Trabalho, Educação e Saúde</source><date><month>02</month><year>2010</year></date><fpage>549</fpage><lpage>563</lpage><person-group><name><surname>PADILHA</surname><given-names>Valquíria</given-names></name></person-group></element-citation></ref><ref id="B16"><element-citation publication-type="book"><source>Le travail et l'événement: Essai sociologique sur le travail industriel à l'époque actuelle</source><date><year>1995</year></date><person-group><name><surname>ZARIFIAN</surname><given-names>Philipe</given-names></name><name><surname>ZARIFIAN</surname><given-names>Philipe</given-names></name></person-group></element-citation></ref><ref id="B17"><element-citation publication-type="book"><source>Workshop: implementação de novas formas de organização do trabalho</source><date><day>18</day><month>08</month><year>1995</year></date><person-group><name><surname>ZARIFIAN</surname><given-names>Philipe</given-names></name></person-group></element-citation></ref></ref-list></back></article></articles>