<articles xmlns:xsi="http://www.w3.org/2001/XMLSchema-instance" xsi:schemaLocation="https://raw.githubusercontent.com/scieloorg/articles_meta/master/tests/xsd/scielo_sci/ThomsonReuters_publishing.xsd" dtd-version="1.10"><article lang_id="pt" article-type="research-article"><front><journal-meta><journal-id journal-id-type="publisher">tes</journal-id><journal-title-group><journal-title>Trabalho, Educação e Saúde</journal-title><abbrev-journal-title>Trab. educ. saúde</abbrev-journal-title></journal-title-group><issn>1981-7746</issn><collection>SciELO Brazil</collection><publisher><publisher-name>Fundação Oswaldo Cruz, Escola Politécnica de Saúde Joaquim Venâncio</publisher-name></publisher></journal-meta><article-meta><unique-article-id pub-id-type="publisher-id">S1981-77462014000200005</unique-article-id><article-id pub-id-type="publisher-id">S1981-77462014000200005</article-id><article-id pub-id-type="doi">10.1590/S1981-77462014000200005</article-id><article-categories><subj-group><subject>EDUCATION &amp; EDUCATIONAL RESEARCH</subject><subject>PUBLIC, ENVIRONMENTAL &amp; OCCUPATIONAL HEALTH</subject></subj-group></article-categories><title-group><article-title lang_id="pt">Conhecimento de uma equipe da estratégia saúde da família sobre a política de atenção à saúde masculina</article-title><trans-title-group lang_id="en"><trans-title>Knowledge of a family health strategyteam on the policy on attention to men's health</trans-title></trans-title-group><trans-title-group lang_id="es"><trans-title>Conocimientos de un equipo de la estrategia salud familiar sobre la política de atención a la salud masculina</trans-title></trans-title-group></title-group><contrib-group><contrib contrib-type="author"><name><surname>Souza</surname><given-names>Luís Paulo Souza e</given-names></name><role>ND</role><xref ref-type="aff" rid="A01"/></contrib><contrib contrib-type="author"><name><surname>Almeida</surname><given-names>Eliane Rodrigues</given-names></name><role>ND</role><xref ref-type="aff" rid="A02"/></contrib><contrib contrib-type="author"><name><surname>Queiroz</surname><given-names>Mariana Almeida</given-names></name><role>ND</role><xref ref-type="aff" rid="A03"/></contrib><contrib contrib-type="author"><name><surname>Silva</surname><given-names>José Rodrigo da</given-names></name><role>ND</role><xref ref-type="aff" rid="A04"/></contrib><contrib contrib-type="author"><name><surname>Souza</surname><given-names>Ana Augusta Maciel de</given-names></name><role>ND</role><xref ref-type="aff" rid="A05"/></contrib><contrib contrib-type="author"><name><surname>Figueiredo</surname><given-names>Maria Fernanda Santos</given-names></name><role>ND</role><xref ref-type="aff" rid="A06"/></contrib></contrib-group><aff id="A01"><institution>Universidade Federal de Minas Gerais</institution><country>Brazil</country></aff><aff id="A06"><institution>Universidade Estadual de Montes Claros</institution><country>Brazil</country></aff><aff id="A02"><institution>Faculdades Integradas Pitágoras</institution><country>Brazil</country></aff><aff id="A03"><institution>Faculdades Integradas Pitágoras</institution><country>Brazil</country></aff><aff id="A04"><institution>Universidade Federal de Minas Gerais</institution><country>Brazil</country></aff><aff id="A05"><institution>Universidade Estadual de Montes Claros</institution><country>Brazil</country></aff><pub-date><month>08</month><year>2014</year></pub-date><volume>12</volume><issue>2</issue><fpage>291</fpage><lpage>304</lpage><permissions><license license-type="open-access" href="http://creativecommons.org/licenses/by-nc/4.0/"><license-p>This work is licensed under a Creative Commons Attribution-NonCommercial 4.0 International License.</license-p></license></permissions><self-uri href="http://www.scielo.br/scielo.php?script=sci_arttext&amp;pid=S1981-77462014000200005&amp;lng=en&amp;tlng=en" content-type="full_text_page"/><self-uri href="http://www.scielo.br/scielo.php?script=sci_issuetoc&amp;pid=1981-774620140002&amp;lng=en" content-type="issue_page"/><self-uri href="http://www.scielo.br/scielo.php?script=sci_serial&amp;pid=1981-7746&amp;lng=en" content-type="journal_page"/><abstract lang_id="pt"><p>O estudo avalia o conhecimento de uma equipe da Estratégia Saúde da Família da cidade de Montes Claros, Minas Gerais, sobre a Política Nacional de Atenção Integral à Saúde do Homem. Tratase de um estudo exploratório, descritivo, com abordagem qualitativa, caracterizandose como estudo de caso, realizado com profissionais de uma unidade de saúde. Os dados foram coletados por meio de entrevista, no primeiro semestre de 2011. A maioria dos entrevistados apresentou conhecimento mínimo sobre a referida política, atribuído à limitação de informativos, inexistência de manuais do Ministério da Saúde e ausência de profissionais capacitados, ausência das esferas municipal, estadual ou federal. Parte dos entrevistados conhecia a composição da política, enquanto a totalidade sabia descrever o conhecimento real e amplo das características do processo saúdedoença masculino. Assim, tornase importante considerar esse conhecimento prévio dos profissionais sobre essa população e investir em estratégias de capacitação deles, subsidiando assim a efetivação das ações de promoção, reabilitação e recuperação da saúde, diminuindo os indicadores de morbidade e mortalidade, como prevê a Política Nacional de Atenção Integral à Saúde do Homem.</p></abstract><trans-abstract lang_id="en"><p>The study assesses the knowledge of a Family Health Strategy team from Montes Claros, state of Minas Gerais (Southeast Brazil), on the National Policy for Integral Attention to Men's Health. This is an exploratory, descriptive study with a qualitative approach, characterized as a case study conducted with professionals from a health care facility. The data were collected through interviews in the first half of 2011. Most respondents had minimal knowledge on this policy, which was attributed to the limitation in informational materials, the lack of guides from the Ministry of Health, of trained professionals, and to the absence of the municipal, state or federal spheres. Some of the respondents were aware of the composition of the policy, while all of them could describe actual and extensive knowledge of the characteristics of male healthdisease process. Thus, it is important to consider these professionals' prior knowledge on this population and to invest in their training strategies, thereby subsidizing the effectiveness of health promotion, rehabilitation, and recovery actions, reducing morbidity and mortality, as prescribed by National Policy for Integral Attention to Men's Health.</p></trans-abstract><trans-abstract lang_id="es"><p>El estudio evalúa los conocimientos de un equipo de la Estrategia Salud Familiar de Montes Claros, Minas Gerais (Sureste de Brasil), sobre la Política Nacional de Atención Integral a la Salud del Hombre. Se trata de un estudio exploratorio, descriptivo, con enfoque cualitativo, que se caracteriza como un estudio de caso, realizado con profesionales de una unidad de salud. Los datos fueron recolectados a través de entrevistas, en el primer semestre de 2011. La mayoría de los entrevistados presentaban un conocimiento mínimo sobre la referida política, atribuido a la escasez de informativos, inexistencia de manuales del Ministerio de Salud y falta de profesionales capacitados, ausencia de las esferas municipal, estatal o federal. Parte de los entrevistados conocían la composición de la política, mientras que la totalidad sabía describir el conocimiento real y amplio de las características del proceso saludenfermedad masculino. Por lo tanto, es importante tener en cuenta estos conocimientos previos de los profesionales sobre esta población e invertir en estrategias de capacitación de éstos, para materializar las acciones de promoción, rehabilitación y recuperación de la salud, disminuyendo los indicadores de morbilidad y mortalidad, como lo prevé la Política Nacional de Atención Integral a la Salud del Hombre.</p></trans-abstract><kwd-group lang_id="en" kwd-group-type="author-generated"><kwd>men's health</kwd><kwd>primary health care</kwd><kwd>knowledge</kwd><kwd>health services</kwd></kwd-group><kwd-group lang_id="es" kwd-group-type="author-generated"><kwd>salud del hombre</kwd><kwd>atención primaria de la salud</kwd><kwd>conocimiento</kwd><kwd>servicios de salud</kwd></kwd-group><kwd-group lang_id="pt" kwd-group-type="author-generated"><kwd>saúde do homem</kwd><kwd>atenção primária à saúde</kwd><kwd>conhecimento</kwd><kwd>serviços de saúde</kwd></kwd-group></article-meta></front><back><ref-list><ref id="B1"><element-citation publication-type="article"><article-title>A implantação da Política Nacional de Atenção Integral à Saúde do Homem no Brasil: um desafio para a saúde pública</article-title><source>Diálogos &amp; Ciência</source><date><year>2012</year></date><fpage>144</fpage><lpage>147</lpage><issue>31</issue><volume>10</volume><person-group><name><surname>AGUIAR</surname><given-names>Milena C</given-names></name><name><surname>ALMEIDA</surname><given-names>Obertal S</given-names></name></person-group></element-citation></ref><ref id="B2"><element-citation publication-type="article"><article-title>Desafios para a inclusão dos homens nos serviços de atenção primária à saúde</article-title><source>Revista Enfermagem Integrada</source><date><year>2010</year></date><fpage>554</fpage><lpage>563</lpage><issue>2</issue><volume>3</volume><person-group><name><surname>ALBANO</surname><given-names>Bruno R</given-names></name><name><surname>BASÍLIO</surname><given-names>Márcio C</given-names></name><name><surname>NEVES</surname><given-names>Jussara B</given-names></name></person-group></element-citation></ref><ref id="B3"><element-citation publication-type="article"><article-title>Usos e abusos dos estudos de caso</article-title><source>Cadernos de Pesquisa</source><date><year>2006</year></date><fpage>637</fpage><lpage>651</lpage><issue>129</issue><volume>36</volume><person-group><name><surname>ALVES-MAZZOTTI</surname><given-names>Alda J</given-names></name></person-group></element-citation></ref><ref id="B4"><element-citation publication-type="book"><source>Análise de conteúdo</source><date><year>2009</year></date><person-group><name><surname>BARDIN</surname><given-names>Laurence</given-names></name><name><surname>BARDIN</surname><given-names>Laurence</given-names></name></person-group></element-citation></ref><ref id="B5"><element-citation publication-type="book"><source>Política Nacional de Atenção Integral à Saúde do Homem: princípios e diretrizes</source><date><year>2008</year></date><ext-link>http://bvsms.saude.gov.br/bvs/publicacoes/politica_nacional_atencao_homem.pdf</ext-link></element-citation></ref><ref id="B6"><element-citation publication-type="article"><article-title>A construção da subjetividade masculina e seu impacto sobre a saúde do homem: reflexão bioética sobre justiça distributiva</article-title><source>Ciência &amp; Saúde Coletiva</source><date><year>2005</year></date><fpage>97</fpage><lpage>104</lpage><issue>1</issue><volume>10</volume><person-group><name><surname>BRAZ</surname><given-names>Marlene</given-names></name></person-group></element-citation></ref><ref id="B7"><element-citation publication-type="article"><article-title>A política de atenção à saúde do homem no Brasil: os paradoxos da medicalização do corpo masculino</article-title><source>Physis: Revista de Saúde Coletiva</source><date><year>2009</year></date><fpage>659</fpage><lpage>678</lpage><issue>3</issue><volume>19</volume><person-group><name><surname>CARRARA</surname><given-names>Sérgio</given-names></name><name><surname>RUSSO</surname><given-names>Jane A</given-names></name><name><surname>FARO</surname><given-names>Livi</given-names></name></person-group></element-citation></ref><ref id="B8"><element-citation publication-type="article"><article-title>O homem na atenção primária à saúde: discutindo (in)visibilidade a partir da perspectiva de gênero</article-title><source>Interface: Comunicação, Saúde, Educação</source><date><year>2010</year></date><fpage>257</fpage><lpage>270</lpage><issue>33</issue><volume>14</volume><person-group><name><surname>COUTO</surname><given-names>Márcia T</given-names></name></person-group></element-citation></ref><ref id="B9"><element-citation publication-type="article"><article-title>Concepções de gênero de homens usuários e profissionais de saúde de serviços de atenção primária e os possíveis impactos na saúde da população masculina, São Paulo, Brasil</article-title><source>Ciência &amp; Saúde Coletiva</source><date><year>2011</year></date><fpage>935</fpage><lpage>944</lpage><issue>1</issue><volume>16</volume><person-group><name><surname>FIGUEIREDO</surname><given-names>Wagner S</given-names></name><name><surname>SCHRAIBER</surname><given-names>Lilia B</given-names></name></person-group></element-citation></ref><ref id="B10"><element-citation publication-type="article"><article-title>Assistência à saúde dos homens: um desafio para os serviços de atenção primária</article-title><source>Ciência &amp; Saúde Coletiva</source><date><year>2005</year></date><fpage>105</fpage><lpage>109</lpage><issue>1</issue><volume>10</volume><person-group><name><surname>FIGUEIREDO</surname><given-names>Wagner</given-names></name></person-group></element-citation></ref><ref id="B11"><element-citation publication-type="article"><article-title>Atenção à saúde do homem: interlocução entre ensino e serviço</article-title><source>Acta Paulista de Enfermagem</source><date><year>2011</year></date><fpage>430</fpage><lpage>433</lpage><issue>3</issue><volume>24</volume><person-group><name><surname>FONTES</surname><given-names>Wilma D</given-names></name></person-group></element-citation></ref><ref id="B12"><element-citation publication-type="article"><article-title>Sexualidade masculina e saúde do homem: proposta para uma discussão</article-title><source>Ciência &amp; Saúde Coletiva</source><date><year>2003</year></date><fpage>825</fpage><lpage>829</lpage><issue>3</issue><volume>8</volume><person-group><name><surname>GOMES</surname><given-names>Romeu</given-names></name></person-group></element-citation></ref><ref id="B13"><element-citation publication-type="article"><article-title>A atenção básica à saúde do homem sob a ótica do usuário: um estudo qualitativo em três serviços do Rio de Janeiro</article-title><source>Ciência &amp; Saúde Coletiva</source><date><year>2011</year></date><fpage>4.513</fpage><lpage>4.521</lpage><issue>11</issue><volume>16</volume><person-group><name><surname>GOMES</surname><given-names>Romeu</given-names></name></person-group></element-citation></ref><ref id="B14"><element-citation publication-type="article"><article-title>Os homens não vêm! Interpretação dos profissionais de saúde sobre ausência e ou invisibilidade masculina nos serviços de atenção primária do Rio de Janeiro</article-title><source>Ciência &amp; Saúde Coletiva</source><date><year>2011</year></date><fpage>983</fpage><lpage>992</lpage><volume>16</volume><person-group><name><surname>GOMES</surname><given-names>Romeu</given-names></name></person-group></element-citation></ref><ref id="B15"><element-citation publication-type="article"><article-title>Promoção da saúde masculina na atenção básica</article-title><source>Pesquisa em Foco</source><date><year>2009</year></date><fpage>32</fpage><lpage>41</lpage><issue>2</issue><volume>17</volume><person-group><name><surname>JUNIOR</surname><given-names>Eduardo A</given-names></name><name><surname>LIMA</surname><given-names>Hermínio S</given-names></name></person-group></element-citation></ref><ref id="B16"><element-citation publication-type="article"><article-title>Perfil epidemiológico da morbimortalidade masculina</article-title><source>Ciência &amp; Saúde Coletiva</source><date><year>2005</year></date><fpage>35</fpage><lpage>46</lpage><issue>1</issue><volume>10</volume><person-group><name><surname>LAURENTI</surname><given-names>Ruy</given-names></name><name><surname>JORGE</surname><given-names>Maria H. P. M</given-names></name><name><surname>GOTLIEB</surname><given-names>Sabina L. D</given-names></name></person-group></element-citation></ref><ref id="B17"><element-citation publication-type="article"><article-title>Integralidade, formação de saúde, educação em saúde e as propostas do SUS: uma revisão conceitual</article-title><source>Ciência &amp; Saúde Coletiva</source><date><year>2007</year></date><fpage>335</fpage><lpage>342</lpage><issue>2</issue><volume>12</volume><person-group><name><surname>MACHADO</surname><given-names>Maria F. A. S</given-names></name></person-group></element-citation></ref><ref id="B18"><element-citation publication-type="article"><article-title>Homens e saúde na pauta da saúde coletiva</article-title><source>Ciência &amp; Saúde Coletiva</source><date><year>2005</year></date><fpage>7</fpage><lpage>11</lpage><issue>1</issue><volume>10</volume><person-group><name><surname>SCHRAIBER</surname><given-names>Lilia B</given-names></name><name><surname>GOMES</surname><given-names>Romeu</given-names></name><name><surname>COUTO</surname><given-names>Márcia T</given-names></name></person-group></element-citation></ref></ref-list></back></article></articles>