<articles xmlns:xsi="http://www.w3.org/2001/XMLSchema-instance" xsi:schemaLocation="https://raw.githubusercontent.com/scieloorg/articles_meta/master/tests/xsd/scielo_sci/ThomsonReuters_publishing.xsd" dtd-version="1.10"><article lang_id="pt" article-type="research-article"><front><journal-meta><journal-id journal-id-type="publisher">tes</journal-id><journal-title-group><journal-title>Trabalho, Educação e Saúde</journal-title><abbrev-journal-title>Trab. educ. saúde</abbrev-journal-title></journal-title-group><issn>1981-7746</issn><collection>SciELO Brazil</collection><publisher><publisher-name>Fundação Oswaldo Cruz, Escola Politécnica de Saúde Joaquim Venâncio</publisher-name></publisher></journal-meta><article-meta><unique-article-id pub-id-type="publisher-id">S1981-77462012000300010</unique-article-id><article-id pub-id-type="publisher-id">S1981-77462012000300010</article-id><article-id pub-id-type="doi">10.1590/S1981-77462012000300010</article-id><article-categories><subj-group><subject>EDUCATION &amp; EDUCATIONAL RESEARCH</subject><subject>PUBLIC, ENVIRONMENTAL &amp; OCCUPATIONAL HEALTH</subject></subj-group></article-categories><title-group><article-title lang_id="pt">Valores na educação em saúde e a formação profissional</article-title><trans-title-group lang_id="en"><trans-title>Values in health education and vocational training</trans-title></trans-title-group></title-group><contrib-group><contrib contrib-type="author"><name><surname>Carvalho</surname><given-names>Amâncio António de Sousa</given-names></name><role>ND</role><xref ref-type="aff" rid="A01"/></contrib><contrib contrib-type="author"><name><surname>Carvalho</surname><given-names>Graça Simões de</given-names></name><role>ND</role><xref ref-type="aff" rid="A02"/></contrib><contrib contrib-type="author"><name><surname>Rodrigues</surname><given-names>Vítor Manuel Costa Pereira</given-names></name><role>ND</role><xref ref-type="aff" rid="A03"/></contrib></contrib-group><aff id="A02"><institution>Universidade do Minho</institution><country>Portugal</country></aff><aff id="A03"><institution>Universidade de Trás-os-Montes e Alto Douro</institution><country>Portugal</country></aff><aff id="A01"><institution>Universidade de Trás-os-Montes e Alto Douro</institution><country>Portugal</country></aff><pub-date><month>11</month><year>2012</year></pub-date><volume>10</volume><issue>3</issue><fpage>527</fpage><lpage>540</lpage><permissions><license license-type="open-access" href="http://creativecommons.org/licenses/by-nc/4.0/"><license-p>This work is licensed under a Creative Commons Attribution-NonCommercial 4.0 International License.</license-p></license></permissions><self-uri href="http://www.scielo.br/scielo.php?script=sci_arttext&amp;pid=S1981-77462012000300010&amp;lng=en&amp;tlng=en" content-type="full_text_page"/><self-uri href="http://www.scielo.br/scielo.php?script=sci_issuetoc&amp;pid=1981-774620120003&amp;lng=en" content-type="issue_page"/><self-uri href="http://www.scielo.br/scielo.php?script=sci_serial&amp;pid=1981-7746&amp;lng=en" content-type="journal_page"/><abstract lang_id="pt"><p>O presente estudo traçou, como objetivo geral, analisar o efeito da formação na aquisição de valores em educação em saúde dos estudantes do Curso de Enfermagem de Vila Real, Região Norte, Trásos-Montes e Alto Douro, município de Vila Real, Lordelo, em Portugal, comparando com outros cursos. Trata-se de um estudo descritivo, comparativo e transversal. Participaram na pesquisa 709 estudantes de sete cursos superiores, tendo-se procurado incluir atores que intervêm no processo de educação em saúde, aos quais foi aplicado um questionário de autopreenchimento, no período de outubro a dezembro de 2004. A maioria dos participantes (86,5%) considera que a educação em saúde tem valores a promover, sendo a 'responsabilidade' o valor mais indicado, por 19,2% dos estudantes. O estudo demonstrou que é nos cursos de enfermagem que ocorre a maior evolução nos valores, existindo diferenças altamente significativas (p&lt; 0,001), sendo a média do 4º ano superior à do 1º. Esses resultados evidenciam a necessidade de, em tais cursos, se trabalhar os valores subjacentes ao processo, tão necessários no desempenho dessas profissões.</p></abstract><trans-abstract lang_id="en"><p>The general purpose of this study was to examine the effect of training on the acquisition of values in health education among Vila Real Nursing School students, Northern Region, in Trásos-Montes and in Alto Douro, in the municipality of Vila Real, Lordelo, Portugal, compared to those taking other courses. This is a descriptive, comparative, and transverse study. In total, 709 students from seven colleges took place in this research project, and an attempt was made to include authors intervening in the health education process, who replied to a self-completion questionnaire in the period ranging from October to December 2004. Most participants (86.5 percent) believe health education has values to promote, and 'responsibility' is the best value to 19.2 percent of the students. The study showed that it is in the nursing courses that most progress is made in terms of values, with highly significant differences (p &lt; 0.001). Additionally, it also revealed that the 4th year students' average was higher than the 1st year's. These results are evidence of the need there is, in such courses, to work on the values underlying the process, which are so necessary for the performance of these professions.</p></trans-abstract><kwd-group lang_id="en" kwd-group-type="author-generated"><kwd>social values</kwd><kwd>health education</kwd><kwd>training</kwd><kwd>fairness</kwd></kwd-group><kwd-group lang_id="pt" kwd-group-type="author-generated"><kwd>valores sociais</kwd><kwd>educação em saúde</kwd><kwd>capacitação</kwd><kwd>equidade</kwd></kwd-group></article-meta></front><back><ref-list><ref id="B1"><element-citation publication-type="thesis"><source>Promoção da saúde: concepções, valores e práticas de estudantes de enfermagem e de outros cursos do ensino superior, 2007</source><date><year>2007</year></date><person-group><name><surname>CARVALHO</surname><given-names>Amâncio A</given-names></name><name><surname>CARVALHO</surname><given-names>Amâncio A</given-names></name></person-group></element-citation></ref><ref id="B2"><element-citation publication-type="book"><source>Actividade física, saúde e lazer: modelos de análise e intervenção</source><date><year>2008</year></date><fpage>195</fpage><lpage>205</lpage><person-group><name><surname>CARVALHO</surname><given-names>Amâncio A.</given-names></name><name><surname>CARVALHO</surname><given-names>Graça S</given-names></name><name><surname>PEREIRA</surname><given-names>Beatriz</given-names></name><name><surname>CARVALHO</surname><given-names>Graça</given-names></name><name><surname>PEREIRA</surname><given-names>Beatriz</given-names></name><name><surname>CARVALHO</surname><given-names>Graça</given-names></name></person-group></element-citation></ref><ref id="B3"><element-citation publication-type="conference"><date><year>2010</year></date><person-group><name><surname>CARVALHO</surname><given-names>Graça S</given-names></name><name><surname>CARVALHO</surname><given-names>Amâncio A</given-names></name></person-group></element-citation></ref><ref id="B4"><element-citation publication-type="article"><article-title>Health Education: The Family Health Teams' Perspective and Clients Participation</article-title><source>Revista Latino-Americana de Enfermagem</source><date><year>2009</year></date><fpage>174</fpage><lpage>179</lpage><issue>7</issue><volume>17</volume><person-group><name><surname>MACHADO</surname><given-names>Maria F.</given-names></name><name><surname>VIEIRA</surname><given-names>Neiva F</given-names></name></person-group></element-citation></ref><ref id="B5"><element-citation publication-type="article"><article-title>Os valores dos jovens e a educação para os valores: o caso particular da formação moral dos estudantes de enfermagem</article-title><source>Revista Portuguesa de Enfermagem, Amadora</source><date><year>2006</year></date><fpage>13</fpage><lpage>15</lpage><issue>7</issue><person-group><name><surname>MARQUES</surname><given-names>Paula A</given-names></name></person-group></element-citation></ref><ref id="B6"><element-citation publication-type="article"><article-title>Escola: encontro de pessoas</article-title><source>Que valores? Perspectiva dos alunos de curso superior de enfermagem. Servir</source><date><year>1998</year></date><fpage>248</fpage><lpage>258</lpage><issue>5</issue><volume>46</volume><person-group><name><surname>OLIVEIRA</surname><given-names>Maria L</given-names></name></person-group></element-citation></ref><ref id="B7"><element-citation publication-type="book"><source>Conselho de Enfermagem: Competências do enfermeiro de cuidados gerais</source><date><year>2003</year></date><ext-link>www.ordemenfermeiros.pt/publicacoes/Documents/competenciasEnfCG.pdf</ext-link></element-citation></ref><ref id="B8"><element-citation publication-type="book"><source>Salud Pública y Educación para la Salud</source><date><year>2000</year></date><fpage>129</fpage><lpage>140</lpage><person-group><name><surname>GARCIA PADILLA</surname><given-names>Francisca</given-names></name><name><surname>GONZÁLEZ HARO</surname><given-names>María</given-names></name><name><surname>OSUNA</surname><given-names>António Frías</given-names></name><name><surname>OSUNA</surname><given-names>António Frías</given-names></name></person-group></element-citation></ref><ref id="B9"><element-citation publication-type="book"><source>Nursing Research: Principles, Process and Issues</source><date><year>2006</year></date><person-group><name><surname>PARAHOO</surname><given-names>Kader</given-names></name><name><surname>PARAHOO</surname><given-names>Kader</given-names></name></person-group></element-citation></ref><ref id="B10"><element-citation publication-type="book"><source>Análise de dados para ciências sociais: a complementaridade do SPSS</source><date><year>2005</year></date><person-group><name><surname>PESTANA</surname><given-names>Maria H.</given-names></name><name><surname>GAGEIRO</surname><given-names>João N</given-names></name><name><surname>PESTANA</surname><given-names>Maria H.</given-names></name><name><surname>GAGEIRO</surname><given-names>João N</given-names></name></person-group></element-citation></ref><ref id="B11"><element-citation publication-type="article"><article-title>Relação entre concepções e práticas de educação em saúde na visão de uma equipe de saúde da família</article-title><source>Trabalho, Educação e Saúde</source><date><year>2011</year></date><fpage>201</fpage><lpage>221</lpage><issue>2</issue><volume>9</volume><person-group><name><surname>PINAFO</surname><given-names>Elisangela</given-names></name></person-group></element-citation></ref><ref id="B12"><element-citation publication-type="book"><source>Ética e enfermagem</source><date><year>2001</year></date><person-group><name><surname>QUEIRÓS</surname><given-names>Ana A</given-names></name><name><surname>QUEIRÓS</surname><given-names>Ana A</given-names></name></person-group></element-citation></ref><ref id="B13"><element-citation publication-type="article"><article-title>Reflections on Nursing Teaching and Students' First Contact with the Profession</article-title><source>Revista Latino-Americana de Enfermagem</source><date><year>2006</year></date><fpage>285</fpage><lpage>291</lpage><issue>2</issue><volume>14</volume><person-group><name><surname>SCHERER</surname><given-names>Zeyne A.</given-names></name><name><surname>SCHERER</surname><given-names>Edson A.</given-names></name><name><surname>CARVALHO</surname><given-names>Ana M</given-names></name></person-group></element-citation></ref><ref id="B14"><element-citation publication-type="article"><article-title>Professional Socialization: Students Becoming Nurses</article-title><source>Revista Latino-Americana de Enfermagem</source><date><year>2006</year></date><fpage>601</fpage><lpage>607</lpage><issue>4</issue><volume>14</volume><person-group><name><surname>SHINYASHIKI</surname><given-names>Gilberto T.</given-names></name></person-group></element-citation></ref><ref id="B15"><element-citation publication-type="book"><source>Overview: 7th Global Conference on Health Promotion. The Urgency of Health Promotion</source><date><year>2009</year></date><ext-link>www.who.int/healthpromotion/conferences/7gchp/overview/en/index.html</ext-link></element-citation></ref></ref-list></back></article></articles>