<articles xmlns:xsi="http://www.w3.org/2001/XMLSchema-instance" xsi:schemaLocation="https://raw.githubusercontent.com/scieloorg/articles_meta/master/tests/xsd/scielo_sci/ThomsonReuters_publishing.xsd" dtd-version="1.10"><article lang_id="pt" article-type="research-article"><front><journal-meta><journal-id journal-id-type="publisher">tes</journal-id><journal-title-group><journal-title>Trabalho, Educação e Saúde</journal-title><abbrev-journal-title>Trab. educ. saúde</abbrev-journal-title></journal-title-group><issn>1981-7746</issn><collection>SciELO Brazil</collection><publisher><publisher-name>Fundação Oswaldo Cruz, Escola Politécnica de Saúde Joaquim Venâncio</publisher-name></publisher></journal-meta><article-meta><unique-article-id pub-id-type="publisher-id">S1981-77462011000200002</unique-article-id><article-id pub-id-type="publisher-id">S1981-77462011000200002</article-id><article-id pub-id-type="doi">10.1590/S1981-77462011000200002</article-id><article-categories><subj-group><subject>EDUCATION &amp; EDUCATIONAL RESEARCH</subject><subject>PUBLIC, ENVIRONMENTAL &amp; OCCUPATIONAL HEALTH</subject></subj-group></article-categories><title-group><article-title lang_id="pt">Por uma epistemologia emancipatória da promoção da saúde</article-title><trans-title-group lang_id="en"><trans-title>For an emancipatory epistemology of health promotion</trans-title></trans-title-group></title-group><contrib-group><contrib contrib-type="author"><name><surname>Freitas</surname><given-names>Jairo Dias de</given-names></name><role>ND</role></contrib><contrib contrib-type="author"><name><surname>Porto</surname><given-names>Marcelo Firpo</given-names></name><role>ND</role></contrib></contrib-group><pub-date><month>10</month><year>2011</year></pub-date><volume>9</volume><issue>2</issue><fpage>179</fpage><lpage>200</lpage><permissions><license license-type="open-access" href="http://creativecommons.org/licenses/by-nc/4.0/"><license-p>This work is licensed under a Creative Commons Attribution-NonCommercial 4.0 International License.</license-p></license></permissions><self-uri href="http://www.scielo.br/scielo.php?script=sci_arttext&amp;pid=S1981-77462011000200002&amp;lng=en&amp;tlng=en" content-type="full_text_page"/><self-uri href="http://www.scielo.br/scielo.php?script=sci_issuetoc&amp;pid=1981-774620110002&amp;lng=en" content-type="issue_page"/><self-uri href="http://www.scielo.br/scielo.php?script=sci_serial&amp;pid=1981-7746&amp;lng=en" content-type="journal_page"/><abstract lang_id="pt"><p>Este trabalho discute as possibilidades e os limites da ação local com base nas contribuições do cientista social português Boaventura de Sousa Santos como aporte para a promoção da saúde em comunidades locais vulneráveis. Em especial, discute-se no artigo o conceito de espaços estruturais para entendermos as formas próprias de poder, de direito e de conhecimento da sociedade moderna diante de um capitalismo crescentemente globalizado, com suas contradições e alternativas de ação emancipatória. Tais reflexões fornecem, em nossa opinião, novas bases teórico-metodológicas para reorientar as práticas locais de saúde, ambiente e desenvolvimento. Para concluir, são consideradas as reflexões de Boaventura de Sousa Santos sobre a dupla ruptura epistemológica; e as de Paulo Freire a respeito do inédito viável para a proposição de algumas diretrizes na produção de conhecimentos e o desafio de pensarmos o futuro desses territórios junto aos jovens em contextos comunitários vulneráveis, nos quais situações-limite de sobrevivência e violência fazem parte do cotidiano e imitam ações emancipatórias.</p></abstract><trans-abstract lang_id="en"><p>This article discusses the possibilities and limits of local action based on the contributions of Portuguese social scientist Boaventura de Sousa Santos as a subsidy to promoting health in vulnerable communities. In particular, the article discusses the concept of structural spaces to understand the proper forms of power, law and knowledge of modern society confronted with increasingly globalized capitalism, with its contradictions and alternatives for emancipatory action. In our opinion, these reflections provide new theoretical and methodological foundations to redirect the local practices of health, en vironment and development. In sum, we consider Boaventura de Sousa Santos' reflections on the dual epistemological rupture; and those of Paulo Freire concerning the unprecedented viable to propose a few guidelines to produce knowledge and the challenge of thinking about the future of these territories among young people in vulnerable community settings, in which borderline survival conditions and violence are part of everyday life and imitate emancipatory actions.</p></trans-abstract><kwd-group lang_id="en" kwd-group-type="author-generated"><kwd>local development</kwd><kwd>health promotion</kwd><kwd>vulnerable communities</kwd><kwd>structured spaces</kwd><kwd>Boaventura de Sousa Santos</kwd></kwd-group><kwd-group lang_id="pt" kwd-group-type="author-generated"><kwd>desenvolvimento local</kwd><kwd>promoção da saúde</kwd><kwd>comunidades vulneráveis</kwd><kwd>espaços estruturados</kwd><kwd>Boaventura de Sousa Santos</kwd></kwd-group></article-meta></front><back><ref-list><ref id="B1"><element-citation publication-type="article"><article-title>Em busca de um padrão de cidadania mundial</article-title><source>Lua Nova</source><date><year>2002</year></date><fpage>30</fpage><lpage>55</lpage><issue>55-56</issue><person-group><name><surname>AVRITZER</surname><given-names>Leonardo</given-names></name></person-group></element-citation></ref><ref id="B2"><element-citation publication-type="conference"><source>O processo de construção compartilhada do conhecimento: Paper</source><date><year>2000</year></date><person-group><name><surname>CARVALHO</surname><given-names>Maria Alice P.</given-names></name><name><surname>ACIOLI</surname><given-names>Sonia</given-names></name><name><surname>STOTZ</surname><given-names>Eduardo N.</given-names></name><name><surname>CARVALHO</surname><given-names>Maria Alice P.</given-names></name><name><surname>ACIOLI</surname><given-names>Sonia</given-names></name><name><surname>STOTZ</surname><given-names>Eduardo N.</given-names></name></person-group></element-citation></ref><ref id="B3"><element-citation publication-type="book"><source>A saúde nas palavras e nos gestos: reflexões da rede de educação popular e saúde</source><date><year>2001</year></date><fpage>101</fpage><lpage>114</lpage><person-group><name><surname>CARVALHO</surname><given-names>Maria Alice P.</given-names></name><name><surname>ACIOLI</surname><given-names>Sonia</given-names></name><name><surname>STOTZ</surname><given-names>Eduardo N.</given-names></name><name><surname>VASCONCELOS</surname><given-names>Eymard M.</given-names></name><name><surname>VASCONCELOS</surname><given-names>Eymard M.</given-names></name></person-group></element-citation></ref><ref id="B4"><element-citation publication-type="book"><source>Promoção da saúde: conceitos, reflexões, tendências</source><date><year>2003</year></date><person-group><name><surname>CZERESNIA</surname><given-names>Dina</given-names></name><name><surname>CZERESNIA</surname><given-names>Dina</given-names></name><name><surname>FREITAS</surname><given-names>Carlos Machado</given-names></name><name><surname>CZERESNIA</surname><given-names>Dina</given-names></name><name><surname>FREITAS</surname><given-names>Carlos Machado</given-names></name></person-group></element-citation></ref><ref id="B5"><element-citation publication-type="book"><source>Sociedade e liberdade: para uma análise sociológica do presente</source><date><year>1981</year></date><person-group><name><surname>DAHRENDORF</surname><given-names>Ralf</given-names></name><name><surname>DAHRENDORF</surname><given-names>Ralf</given-names></name></person-group></element-citation></ref><ref id="B6"><element-citation publication-type="article"><article-title>Desenvolvimento sustentável ou sociedades sustentáveis: da crítica dos modelos aos novos paradigmas</article-title><source>São Paulo em Perspectiva</source><date><month>06</month><year>1992</year></date><fpage>22</fpage><lpage>29</lpage><issue>1-2</issue><volume>6</volume><person-group><name><surname>DIEGUES</surname><given-names>Antônio C.S.</given-names></name></person-group></element-citation></ref><ref id="B7"><element-citation publication-type="book"><source>Ação cultural para a liberdade</source><date><year>1981</year></date><person-group><name><surname>FREIRE</surname><given-names>Paulo</given-names></name><name><surname>FREIRE</surname><given-names>Paulo</given-names></name></person-group></element-citation></ref><ref id="B8"><element-citation publication-type="book"><source>Educação como prática da liberdade</source><date><year>1983</year></date><person-group><name><surname>FREIRE</surname><given-names>Paulo</given-names></name></person-group></element-citation></ref><ref id="B9"><element-citation publication-type="book"><source>Pedagogia da esperança</source><date><year>1994</year></date><person-group><name><surname>FREIRE</surname><given-names>Paulo</given-names></name></person-group></element-citation></ref><ref id="B10"><element-citation publication-type="book"><source>Pedagogia da autonomia: saberes necessários à prática educativa</source><date><year>1996</year></date><person-group><name><surname>FREIRE</surname><given-names>Paulo</given-names></name></person-group></element-citation></ref><ref id="B11"><element-citation publication-type="conference"><date><day>22</day><month>09</month><year>2005</year></date><person-group><name><surname>FREITAS</surname><given-names>Ana Lúcia S.</given-names></name></person-group><ext-link>www.paulofreire.org.br/asp/Index.asp</ext-link></element-citation></ref><ref id="B12"><element-citation publication-type="book"><source>Cenários prospectivos: como construir um futuro melhor</source><date><year>2006</year></date><person-group><name><surname>MARCIAL</surname><given-names>Elaine C.</given-names></name><name><surname>GRUMBACH</surname><given-names>Raul S.</given-names></name><name><surname>MARCIAL</surname><given-names>Elaine C.</given-names></name><name><surname>GRUMBACH</surname><given-names>Raul S.</given-names></name></person-group></element-citation></ref><ref id="B13"><element-citation publication-type="article"><article-title>Democracia radical e democracia participativa: contribuições teóricas à análise da democracia na educação</article-title><source>Revista Educação &amp; Sociedade</source><date><year>2008</year></date><fpage>55</fpage><lpage>78</lpage><issue>102</issue><volume>29</volume><person-group><name><surname>MARQUES</surname><given-names>Luciana R.</given-names></name></person-group></element-citation></ref><ref id="B14"><element-citation publication-type="article"><article-title>Saúde-doença: uma concepção popular de etiologia</article-title><source>Cadernos de Saúde Pública</source><date><year>1998</year></date><fpage>363</fpage><lpage>381</lpage><issue>4</issue><volume>4</volume><person-group><name><surname>MINAYO</surname><given-names>Maria Cecília S.</given-names></name></person-group></element-citation></ref><ref id="B15"><element-citation publication-type="article"><article-title>O resgate da epistemologia</article-title><source>Revista Crítica de Ciências Sociais</source><date><year>2007</year></date><fpage>45</fpage><lpage>70</lpage><issue>80</issue><person-group><name><surname>NUNES</surname><given-names>João Arriscado</given-names></name></person-group></element-citation></ref><ref id="B16"><element-citation publication-type="book"><source>Causas naturales: ensayos de marxismo ecológico</source><date><year>2001</year></date><fpage>63</fpage><person-group><name><surname>O'CONNOR</surname><given-names>James</given-names></name><name><surname>O'CONNOR</surname><given-names>James</given-names></name></person-group></element-citation></ref><ref id="B17"><element-citation publication-type="article"><article-title>Boaventura de Sousa Santos: por uma nova gramática do político e social</article-title><source>Revista Lua Nova</source><date><year>2008</year></date><fpage>45</fpage><lpage>58</lpage><issue>73</issue><person-group><name><surname>PEREIRA</surname><given-names>Marcus A.</given-names></name><name><surname>CARVALHO</surname><given-names>Ernani</given-names></name></person-group></element-citation></ref><ref id="B18"><element-citation publication-type="book"><source>Promoção da saúde: conceitos, reflexões, tendências</source><date><year>2010</year></date><person-group><name><surname>PIVETTA</surname><given-names>Fátima</given-names></name><name><surname>PORTO</surname><given-names>Marcelo F.</given-names></name><name><surname>CZERESNIA</surname><given-names>Dina</given-names></name><name><surname>FREITAS</surname><given-names>Carlos Machado</given-names></name><name><surname>CZERESNIA</surname><given-names>Dina</given-names></name><name><surname>FREITAS</surname><given-names>Carlos Machado</given-names></name></person-group></element-citation></ref><ref id="B19"><element-citation publication-type="book"><source>Regulação de conflitos sócio-ambientais e desenvolvimento: notas a partir das contribuições de Fernand Braudel, Norbert Elias e Boaventura de Sousa Santos</source><person-group><name><surname>REIS</surname><given-names>Márcio C.</given-names></name><name><surname>REIS</surname><given-names>Márcio C.</given-names></name></person-group><ext-link>www.ebape.fgv.br/radma/ htm/cadma_sma.htm</ext-link></element-citation></ref><ref id="B20"><element-citation publication-type="article"><article-title>Saúde ambiental &amp; Saúde dos trabalhadores: uma aproximação promissora entre o verde e o vermelho</article-title><source>Revista Brasileira de Epidemiologia</source><date><year>2003</year></date><fpage>388</fpage><lpage>404</lpage><issue>4</issue><volume>6</volume><person-group><name><surname>RIGOTTO</surname><given-names>Raquel M.</given-names></name></person-group></element-citation></ref><ref id="B21"><element-citation publication-type="article"><article-title>O saber local e os dilemas relacionados à validação e aplicabilidade do conhecimento científico em áreas rurais</article-title><source>Cadernos de Saúde Publica</source><date><year>2007</year></date><fpage>s97</fpage><lpage>s105</lpage><issue>23</issue><person-group><name><surname>ROZEMBERG</surname><given-names>Brani</given-names></name></person-group></element-citation></ref><ref id="B22"><element-citation publication-type="book"><source>Introdução a uma ciência pós-moderna</source><date><year>1989</year></date><person-group><name><surname>SANTOS</surname><given-names>Boaventura de Sousa</given-names></name><name><surname>SANTOS</surname><given-names>Boaventura de Sousa</given-names></name></person-group></element-citation></ref><ref id="B23"><element-citation publication-type="book"><source>A crítica da razão indolente: contra o desperdício da experiência</source><date><year>2000</year></date><person-group><name><surname>SANTOS</surname><given-names>Boaventura de Sousa</given-names></name></person-group></element-citation></ref><ref id="B24"><element-citation publication-type="article"><article-title>Para além do pensamento abissal: das linhas globais a uma ecologia de saberes</article-title><source>Novos Estudos - Cebrap</source><date><year>2007</year></date><fpage>71</fpage><lpage>94</lpage><issue>79</issue><person-group><name><surname>SANTOS</surname><given-names>Boaventura de Sousa</given-names></name></person-group></element-citation></ref><ref id="B25"><element-citation publication-type="book"><source>É chocante a resignação do brasileiro</source><person-group><name><surname>SANTOS</surname><given-names>Boaventura de Sousa</given-names></name></person-group><ext-link>http://jbonline.terra.com.br/destaques/bienal/entrevista_boaventura_html</ext-link></element-citation></ref><ref id="B26"><element-citation publication-type="book"><source>A gramática do tempo: para uma nova cultura política</source><date><year>2008</year></date><person-group><name><surname>SANTOS</surname><given-names>Boaventura de Sousa</given-names></name></person-group></element-citation></ref><ref id="B27"><element-citation publication-type="book"><source>Por uma concepção multicultural de direitos humanos</source><person-group><name><surname>SANTOS</surname><given-names>Boaventura de Sousa</given-names></name></person-group><ext-link>www.dhnet.org.br/direitos/militantes/boaventura/ boaventura_dh.htm</ext-link></element-citation></ref><ref id="B28"><element-citation publication-type="book"><source>A natureza do espaço</source><date><year>1997</year></date><person-group><name><surname>SANTOS</surname><given-names>Milton</given-names></name><name><surname>SANTOS</surname><given-names>Milton</given-names></name></person-group></element-citation></ref><ref id="B29"><element-citation publication-type="thesis"><source>La insoportable levedad del papel: conflicto socioambiental y salud en torno de la producción de celulosa en el Cono Sur Latinoamericano</source><date><year>2008</year></date><person-group><name><surname>SCHÜTZ</surname><given-names>Gabriel Eduardo</given-names></name><name><surname>SCHÜTZ</surname><given-names>Gabriel Eduardo</given-names></name></person-group></element-citation></ref><ref id="B30"><element-citation publication-type="book"><source>Rio: a democracia vista de baixo</source><date><year>2004</year></date><fpage>25</fpage><lpage>32</lpage><volume>I</volume><person-group><name><surname>SILVA</surname><given-names>Luiz Antonio M.</given-names></name><name><surname>SILVA</surname><given-names>Luiz Antonio M.</given-names></name><name><surname>SILVA</surname><given-names>Luiz Antonio M.</given-names></name></person-group></element-citation></ref><ref id="B31"><element-citation publication-type="book"><source>Saúde e educação</source><date><year>2000</year></date><fpage>11</fpage><lpage>32</lpage><person-group><name><surname>VALLA</surname><given-names>Vitor V.</given-names></name><name><surname>VALLA</surname><given-names>Vitor V.</given-names></name><name><surname>VALLA</surname><given-names>Vitor V.</given-names></name></person-group></element-citation></ref><ref id="B32"><element-citation publication-type="article"><article-title>Saúde e desenvolvimento</article-title><source>Ciência &amp; Saúde Coletiva</source><date><year>2007</year></date><fpage>1.765</fpage><lpage>1.777</lpage><volume>12</volume><person-group><name><surname>VIANA</surname><given-names>Ana Luiza D'Ávila</given-names></name><name><surname>ELIAS</surname><given-names>Paulo Eduardo M.</given-names></name></person-group></element-citation></ref><ref id="B33"><element-citation publication-type="book"><source>Conhecimento prudente para uma vida decente</source><date><year>2004</year></date><fpage>85</fpage><lpage>102</lpage><person-group><name><surname>WAGNER</surname><given-names>Peter</given-names></name><name><surname>SANTOS</surname><given-names>Boaventura de Sousa</given-names></name><name><surname>SANTOS</surname><given-names>Boaventura de Sousa</given-names></name></person-group></element-citation></ref></ref-list></back></article></articles>