<articles xmlns:xsi="http://www.w3.org/2001/XMLSchema-instance" xsi:schemaLocation="https://raw.githubusercontent.com/scieloorg/articles_meta/master/tests/xsd/scielo_sci/ThomsonReuters_publishing.xsd" dtd-version="1.10"><article lang_id="pt" article-type="research-article"><front><journal-meta><journal-id journal-id-type="publisher">tes</journal-id><journal-title-group><journal-title>Trabalho, Educação e Saúde</journal-title><abbrev-journal-title>Trab. educ. saúde</abbrev-journal-title></journal-title-group><issn>1981-7746</issn><collection>SciELO Brazil</collection><publisher><publisher-name>Fundação Oswaldo Cruz, Escola Politécnica de Saúde Joaquim Venâncio</publisher-name></publisher></journal-meta><article-meta><unique-article-id pub-id-type="publisher-id">S1981-77462013000100008</unique-article-id><article-id pub-id-type="publisher-id">S1981-77462013000100008</article-id><article-id pub-id-type="doi">10.1590/S1981-77462013000100008</article-id><article-categories><subj-group><subject>EDUCATION &amp; EDUCATIONAL RESEARCH</subject><subject>PUBLIC, ENVIRONMENTAL &amp; OCCUPATIONAL HEALTH</subject></subj-group></article-categories><title-group><article-title lang_id="pt">Educação ambiental e cultura: articulando mídia e conhecimento popular sobre plantas</article-title><trans-title-group lang_id="en"><trans-title>Environmental education and culture: connecting media and popular knowledge about plants</trans-title></trans-title-group></title-group><contrib-group><contrib contrib-type="author"><name><surname>Guido</surname><given-names>Lucia de Fátima Estevinho</given-names></name><role>ND</role></contrib><contrib contrib-type="author"><name><surname>Dias</surname><given-names>Inez Reptton</given-names></name><role>ND</role></contrib><contrib contrib-type="author"><name><surname>Ferreira</surname><given-names>Gustavo Lopes</given-names></name><role>ND</role></contrib><contrib contrib-type="author"><name><surname>Miranda</surname><given-names>Aline Bertoldo</given-names></name><role>ND</role></contrib></contrib-group><pub-date><month>04</month><year>2013</year></pub-date><volume>11</volume><issue>1</issue><fpage>129</fpage><lpage>144</lpage><permissions><license license-type="open-access" href="http://creativecommons.org/licenses/by-nc/4.0/"><license-p>This work is licensed under a Creative Commons Attribution-NonCommercial 4.0 International License.</license-p></license></permissions><self-uri href="http://www.scielo.br/scielo.php?script=sci_arttext&amp;pid=S1981-77462013000100008&amp;lng=en&amp;tlng=en" content-type="full_text_page"/><self-uri href="http://www.scielo.br/scielo.php?script=sci_issuetoc&amp;pid=1981-774620130001&amp;lng=en" content-type="issue_page"/><self-uri href="http://www.scielo.br/scielo.php?script=sci_serial&amp;pid=1981-7746&amp;lng=en" content-type="journal_page"/><abstract lang_id="pt"><p>O artigo fundamenta-se em reflexões advindas de uma pesquisa sobre as múltiplas possibilidades 'do fazer' educação ambiental, tendo como ponto de partida um estudo em etnobotânica que buscou conhecer e valorizar o conhecimento sobre plantas em distritos rurais da cidade de Uberlândia, em Minas Gerais, Brasil. A pesquisa foi realizada com crianças, jovens e pessoas da comunidade dos distritos de Tapuirama e Cruzeiro dos Peixotos mediante a utilização de diversas linguagens das mídias. As abordagens metodológicas se diferenciaram no percurso investigativo procurando adequar-se à realidade de cada distrito. A coleta de dados foi realizada por meio de diversas mídias visuais, como fotografia e vídeo. Estes instrumentos estavam presentes nas diferentes oficinas realizadas ao longo da pesquisa; na última, houve a produção coletiva do documentário Causos do Cerrado. O estudo fez interagir o local (tradição do conhecimento popular sobre as plantas) e o global (recursos tecnológicos empregados na produção midiática).</p></abstract><trans-abstract lang_id="en"><p>The article is based on reflections coming from research done on the multiple possibilities of 'practical' environmental education, taking, as starting point, a study on ethnobotany that sought to get to know and value popular knowledge about plants in rural districts of the city of Uberlândia, state of Minas Gerais, Brazil. The survey was conducted among children, youth, and people from the community of the districts of Tapuirama and Cruzeiro of Peixotos and used various media languages. Different methodological approaches were used in the course of the investigation in an attempt to adjust to the reality of each district. The data were collected using various visual media, such as photography and video. These tools were present in the different workshops held over the course of the research project; during the last one, there was the collective production of the documentary titled Causos do Cerrado (Stories of Savannah). The study brought interaction between local (the tradition of the folk knowledge on plants) and global (technological resources employed in media production).</p></trans-abstract><kwd-group lang_id="en" kwd-group-type="author-generated"><kwd>environmental education</kwd><kwd>media and education</kwd><kwd>folk knowledge about plants</kwd></kwd-group><kwd-group lang_id="pt" kwd-group-type="author-generated"><kwd>educação ambiental</kwd><kwd>mídia e educação</kwd><kwd>conhecimento popular sobre plantas</kwd></kwd-group></article-meta></front><back><ref-list><ref id="B1"><element-citation publication-type="book"><source>Imagens e sons: a nova cultura oral</source><date><year>1994</year></date><person-group><name><surname>ALMEIDA</surname><given-names>Milton José de</given-names></name><name><surname>ALMEIDA</surname><given-names>Milton José de</given-names></name></person-group></element-citation></ref><ref id="B2"><element-citation publication-type="book"><source>O tempo vivo da memória</source><date><year>2003</year></date><person-group><name><surname>BOSI</surname><given-names>Ecléia</given-names></name><name><surname>BOSI</surname><given-names>Ecléia</given-names></name></person-group></element-citation></ref><ref id="B3"><element-citation publication-type="book"><source>Hibridismo cultural</source><date><year>2010</year></date><person-group><name><surname>BURKE</surname><given-names>Peter</given-names></name><name><surname>BURKE</surname><given-names>Peter</given-names></name></person-group></element-citation></ref><ref id="B4"><element-citation publication-type="book"><source>Culturas híbridas: estratégias para entrar e sair da modernidade</source><date><year>2008</year></date><person-group><name><surname>CANCLINI</surname><given-names>Nestor Garcia</given-names></name><name><surname>CANCLINI</surname><given-names>Nestor Garcia</given-names></name></person-group></element-citation></ref><ref id="B5"><element-citation publication-type="book"><source>CAUSOS DO CERRADO. Documentário. Produção coletiva. Uberlândia, Instituto de Biologia da Universidade Federal de Uberlândia, 2010</source><ext-link>http://www.youtube.com/watch?v=QVk6GQFwZXg</ext-link></element-citation></ref><ref id="B6"><element-citation publication-type="article"><article-title>Mídia, juventude e educação: modos de construir o outro na cultura</article-title><source>Archivos Analíticos de Políticas Educativas/ Education Policy Analysis Archives</source><date><month>01</month><year>2008</year></date><issue>2</issue><volume>16</volume><person-group><name><surname>FISCHER</surname><given-names>Rosa Maria Bueno</given-names></name></person-group><ext-link>http://epaa.asu.edu/epaa/v16n2</ext-link></element-citation></ref><ref id="B7"><element-citation publication-type="book"><source>Análise de dados qualitativos</source><date><year>2009</year></date><person-group><name><surname>GIBBS</surname><given-names>Graham</given-names></name><name><surname>GIBBS</surname><given-names>Graham</given-names></name></person-group></element-citation></ref><ref id="B8"><element-citation publication-type="book"><source>Ambientes da ecologia: perspectivas políticas e educação</source><date><year>2007</year></date><fpage>177</fpage><lpage>186</lpage><volume>1</volume><person-group><name><surname>GUIMARÃES</surname><given-names>Leandro Belinaso</given-names></name><name><surname>PREVE</surname><given-names>Ana Maria</given-names></name><name><surname>CORRÊA</surname><given-names>Guilherme</given-names></name><name><surname>PREVE</surname><given-names>Ana Maria</given-names></name><name><surname>CORRÊA</surname><given-names>Guilherme</given-names></name></person-group></element-citation></ref><ref id="B9"><element-citation publication-type="article"><article-title>Notas sobre a experiência e o saber da experiência</article-title><source>Revista Brasileira de Educação</source><date><year>2002</year></date><fpage>20</fpage><lpage>28</lpage><issue>19</issue><person-group><name><surname>LARROSA</surname><given-names>Jorge</given-names></name></person-group></element-citation></ref><ref id="B10"><element-citation publication-type="book"><source>Pesquisa em educação: abordagens qualitativas</source><date><year>1986</year></date><person-group><name><surname>LÜDKE</surname><given-names>Menga</given-names></name><name><surname>ANDRÉ</surname><given-names>Marli Eliza D. A</given-names></name><name><surname>LÜDKE</surname><given-names>Menga</given-names></name><name><surname>ANDRÉ</surname><given-names>Marli Eliza D. A</given-names></name></person-group></element-citation></ref><ref id="B11"><element-citation publication-type="book"><source>Diálogos cotidianos</source><date><year>2010</year></date><fpage>313</fpage><lpage>330</lpage><person-group><name><surname>MARÍN</surname><given-names>José</given-names></name><name><surname>GARCIA</surname><given-names>R. L.</given-names></name><name><surname>GARCIA</surname><given-names>R. L.</given-names></name></person-group></element-citation></ref><ref id="B12"><element-citation publication-type="book"><source>Jóvenes: comunicación e identidad</source><date><year>2007</year></date><person-group><name><surname>MARTÍN-BARBERO</surname><given-names>Jesús</given-names></name><name><surname>MARTÍN-BARBERO</surname><given-names>Jesús</given-names></name></person-group><ext-link>www.Oei.es/pensariberoamerica/ric00a03</ext-link></element-citation></ref><ref id="B13"><element-citation publication-type="article"><article-title>Educação ambiental no ensino formal: narrativas de professores sobre suas experiências e perspectivas</article-title><source>Educação em Revista</source><date><month>12</month><year>2009</year></date><fpage>395</fpage><lpage>411</lpage><issue>3</issue><volume>25</volume><person-group><name><surname>MENDES</surname><given-names>Regina</given-names></name><name><surname>VAZ</surname><given-names>Arnaldo</given-names></name></person-group></element-citation></ref><ref id="B14"><element-citation publication-type="article"><article-title>Educação ambiental a partir dos resgates dos quintais e seu valor etnobotânico no distrito de Cruzeiro dos Peixotos</article-title><source>Horizonte Científico</source><date><year>2011</year></date><fpage>1</fpage><lpage>32</lpage><issue>1</issue><volume>5</volume><person-group><name><surname>MILANI</surname><given-names>Juliana</given-names></name><name><surname>GUIDO</surname><given-names>Lucia de Fátima Estevinho</given-names></name><name><surname>BARBOSA</surname><given-names>Ana Angélica de Almeida</given-names></name></person-group></element-citation></ref><ref id="B15"><element-citation publication-type="article"><article-title>Mídia e consumo na produção da infância pós-moderna</article-title><source>Revista de Estudos Universitários - Pós-modernismo</source><date><month>06</month><year>2010</year></date><fpage>67</fpage><lpage>87</lpage><issue>1</issue><volume>36</volume><person-group><name><surname>MOMO</surname><given-names>Mariângela</given-names></name></person-group></element-citation></ref><ref id="B16"><element-citation publication-type="thesis"><source>Educação ambiental e etnobotânica: o conhecimento dos usos de plantas do bioma Cerrado nos distritos de Tapuirama e Miraporanga, Uberlândia, MG</source><date><year>2008</year></date><person-group><name><surname>OLIVEIRA</surname><given-names>Taíce</given-names></name><name><surname>OLIVEIRA</surname><given-names>Taíce</given-names></name></person-group></element-citation></ref><ref id="B17"><element-citation publication-type="book"><source>Cultura brasileira &amp; identidade nacional</source><date><year>2003</year></date><person-group><name><surname>ORTIZ</surname><given-names>Renato</given-names></name><name><surname>ORTIZ</surname><given-names>Renato</given-names></name></person-group></element-citation></ref><ref id="B18"><element-citation publication-type="thesis"><source>Criação audiovisual na convivência dialógica em um grupo de dança de rua como processo de educação humanizadora</source><date><year>2009</year></date><person-group><name><surname>RIBEIRO JÚNIOR</surname><given-names>Djalma</given-names></name><name><surname>RIBEIRO JÚNIOR</surname><given-names>Djalma</given-names></name></person-group></element-citation></ref><ref id="B19"><element-citation publication-type="article"><article-title>Novos suportes, antigos temores: tecnologia e confronto de gerações nas práticas de leitura e escrita</article-title><source>Revista Brasileira de Educação</source><date><year>2002</year></date><issue>21</issue><person-group><name><surname>SOUZA</surname><given-names>Suzana Jobim</given-names></name><name><surname>GAMBA JÚNIOR</surname><given-names>Nilton</given-names></name></person-group></element-citation></ref><ref id="B20"><element-citation publication-type="article"><article-title>Encontros interculturais, hibridações e pós-modernidade</article-title><source>Revista de Estudos Universitários - Pós-modernismo</source><date><month>06</month><year>2010</year></date><fpage>67</fpage><lpage>87</lpage><issue>1</issue><volume>36</volume><person-group><name><surname>WORTMANN</surname><given-names>Maria Lúcia Castagna</given-names></name></person-group></element-citation></ref></ref-list></back></article></articles>