<articles xmlns:xsi="http://www.w3.org/2001/XMLSchema-instance" xsi:schemaLocation="https://raw.githubusercontent.com/scieloorg/articles_meta/master/tests/xsd/scielo_sci/ThomsonReuters_publishing.xsd" dtd-version="1.10"><article lang_id="pt" article-type="research-article"><front><journal-meta><journal-id journal-id-type="publisher">tes</journal-id><journal-title-group><journal-title>Trabalho, Educação e Saúde</journal-title><abbrev-journal-title>Trab. educ. saúde</abbrev-journal-title></journal-title-group><issn>1981-7746</issn><collection>SciELO Brazil</collection><publisher><publisher-name>Fundação Oswaldo Cruz, Escola Politécnica de Saúde Joaquim Venâncio</publisher-name></publisher></journal-meta><article-meta><unique-article-id pub-id-type="publisher-id">S1981-77462004000100007</unique-article-id><article-id pub-id-type="publisher-id">S1981-77462004000100007</article-id><article-id pub-id-type="doi">10.1590/S1981-77462004000100007</article-id><article-categories><subj-group><subject>EDUCATION &amp; EDUCATIONAL RESEARCH</subject><subject>PUBLIC, ENVIRONMENTAL &amp; OCCUPATIONAL HEALTH</subject></subj-group></article-categories><title-group><article-title lang_id="pt">Sob a reestruturação produtiva, enfermeiros, professores e montadores de automóveis se encontram no sofrimento do trabalho</article-title><trans-title-group lang_id="en"><trans-title>With the restructuring of production processes, nurses, teachers and car-assemblers suffer similar precarious labour conditions</trans-title></trans-title-group></title-group><contrib-group><contrib contrib-type="author"><name><surname>Kuenzer</surname><given-names>Acacia Zeneida</given-names></name><role>ND</role><xref ref-type="aff" rid="A01"/></contrib></contrib-group><aff id="A01"><institution>Universidade Federal do Paraná</institution><country>Brazil</country></aff><pub-date><month>03</month><year>2004</year></pub-date><volume>2</volume><issue>1</issue><fpage>107</fpage><lpage>120</lpage><permissions><license license-type="open-access" href="http://creativecommons.org/licenses/by-nc/4.0/"><license-p>This work is licensed under a Creative Commons Attribution-NonCommercial 4.0 International License.</license-p></license></permissions><self-uri href="http://www.scielo.br/scielo.php?script=sci_arttext&amp;pid=S1981-77462004000100007&amp;lng=en&amp;tlng=en" content-type="full_text_page"/><self-uri href="http://www.scielo.br/scielo.php?script=sci_issuetoc&amp;pid=1981-774620040001&amp;lng=en" content-type="issue_page"/><self-uri href="http://www.scielo.br/scielo.php?script=sci_serial&amp;pid=1981-7746&amp;lng=en" content-type="journal_page"/><abstract lang_id="pt"><p>Este artigo propõe-se a discutir as possibilidades e os limites da intervenção social e da satisfação no trabalho dos profissionais da saúde, buscando compreender em que, nos limites do capitalismo, eles se aproximam dos trabalhadores da educação e dos trabalhadores diretamente produtivos. Para tanto, o texto discute a dupla face do trabalho, enquanto produtor de valores de uso e de valores de troca, relação dialética que compõe uma totalidade por contradição. É essa dupla face que, ao mesmo tempo, nega o humano, ao gerar relações sociais alienantes, e o produz, ao afirmá-lo enquanto indivíduo e enquanto humanidade. No capitalismo contemporâneo, marcado pela acumulação flexível, as demandas por ampliação da qualificação dos profissionais da saúde e da educação acentuam esta contradição com base em uma característica muito peculiar do seu trabalho: a sua natureza não-material. A partir desta discussão, o artigo demonstra que, tal como ocorre na educação, a progressiva mercantilização dos serviços na área da saúde, com suas peculiares formas de organização e gestão, se por um lado acentua a dimensão do sofrimento no trabalho, por outro lado também pode potencializar, diante do caráter práxico do trabalho, o desenvolvimento de estratégias de enfrentamento das desigualdades sociais.</p></abstract><trans-abstract lang_id="en"><p>The objective of this article is to discuss the possibilities and the limits of social intervention and of job satisfaction in the work done by health professionals. Within the boundaries of capitalism, it tries to understand what makes the working conditions of health workers, educational workers and production workers similar, and why. For this purpose, the text discusses the double face of work as a producer of both use values and exchange values, a dialectic relationship that makes up a totality by contradiction. It is this double face that simultaneously denies the human character of the worker, when it creates alienating social relations, and produces it, when it considers him an individual and part of humanity. In contemporary capitalism, marked by flexible accumulation, the demands for better-qualified health and educational workers make this contradiction even greater due to a very peculiar characteristic of their work: its non-material nature. Based on this discussion, the article shows that, as it happens in education, if the progressive commercialization of the health services - with its peculiar forms of organization and management - on the one hand, accentuates the dimension of suffering at work, on the other, due to the practical character of the work, it permits the development of strategies in the struggle against social inequalities.</p></trans-abstract><kwd-group lang_id="pt" kwd-group-type="author-generated"><kwd>sofrimento do trabalho</kwd><kwd>mercantilização dos serviços de saúde</kwd><kwd>reestruturação produtiva</kwd><kwd>trabalho em saúde</kwd><kwd>trabalho em educação</kwd></kwd-group><kwd-group lang_id="en" kwd-group-type="author-generated"><kwd>suffering at work</kwd><kwd>commercialization of the health services</kwd><kwd>restructuring of the production processes</kwd><kwd>health work</kwd><kwd>educational work</kwd></kwd-group></article-meta></front><back><ref-list><ref id="B1"><element-citation publication-type="book"><source>Educação: carinho e trabalho</source><date><year>1999</year></date><person-group><name><surname>CODO</surname><given-names>Wanderley</given-names></name><name><surname>CODO</surname><given-names>Wanderley</given-names></name></person-group></element-citation></ref><ref id="B2"><element-citation publication-type="book"><source>A banalização da injustiça social</source><date><year>1999</year></date><person-group><name><surname>DEJOURS</surname><given-names>Christophe</given-names></name><name><surname>DEJOURS</surname><given-names>Christophe</given-names></name></person-group></element-citation></ref><ref id="B3"><element-citation publication-type="book"><source>Fordismo e toyotismo na civilização do automóvel</source><date><year>1999</year></date><person-group><name><surname>GOUNET</surname><given-names>Thomas</given-names></name><name><surname>GOUNET</surname><given-names>Thomas</given-names></name></person-group></element-citation></ref><ref id="B4"><element-citation publication-type="book"><source>Acácia</source><date><year>1985</year></date><person-group><name><surname>KUENZER</surname><given-names>A</given-names></name><name><surname>KUENZER</surname><given-names>A</given-names></name></person-group></element-citation></ref><ref id="B5"><element-citation publication-type="conference"><source>Anais</source><person-group><name><surname>KUENZER</surname><given-names>A.</given-names></name></person-group></element-citation></ref><ref id="B6"><element-citation publication-type="book"><source>Ideologia Alemã</source><person-group><name><surname>MARX</surname><given-names>Karl</given-names></name><name><surname>ENGELS</surname><given-names>Friedrich</given-names></name><name><surname>MARX</surname><given-names>Karl</given-names></name><name><surname>ENGELS</surname><given-names>Friedrich</given-names></name></person-group></element-citation></ref><ref id="B7"><element-citation publication-type="book"><source>O Capital: Livro 1, Capítulo VI inédito</source><date><year>1978</year></date><person-group><name><surname>MARX</surname><given-names>Karl</given-names></name><name><surname>MARX</surname><given-names>Karl</given-names></name></person-group></element-citation></ref></ref-list></back></article></articles>