<articles xmlns:xsi="http://www.w3.org/2001/XMLSchema-instance" xsi:schemaLocation="https://raw.githubusercontent.com/scieloorg/articles_meta/master/tests/xsd/scielo_sci/ThomsonReuters_publishing.xsd" dtd-version="1.10"><article lang_id="pt" article-type="research-article"><front><journal-meta><journal-id journal-id-type="publisher">tes</journal-id><journal-title-group><journal-title>Trabalho, Educação e Saúde</journal-title><abbrev-journal-title>Trab. educ. saúde</abbrev-journal-title></journal-title-group><issn>1981-7746</issn><collection>SciELO Brazil</collection><publisher><publisher-name>Fundação Oswaldo Cruz, Escola Politécnica de Saúde Joaquim Venâncio</publisher-name></publisher></journal-meta><article-meta><unique-article-id pub-id-type="publisher-id">S1981-77462007000100003</unique-article-id><article-id pub-id-type="publisher-id">S1981-77462007000100003</article-id><article-id pub-id-type="doi">10.1590/S1981-77462007000100003</article-id><article-categories><subj-group><subject>EDUCATION &amp; EDUCATIONAL RESEARCH</subject><subject>PUBLIC, ENVIRONMENTAL &amp; OCCUPATIONAL HEALTH</subject></subj-group></article-categories><title-group><article-title lang_id="pt">O Discurso da bioética na formação do sujeito trabalhador da saúde</article-title><trans-title-group lang_id="en"><trans-title>The discourse of bioethics in the formation of the health care professional subject</trans-title></trans-title-group></title-group><contrib-group><contrib contrib-type="author"><name><surname>Ramos</surname><given-names>Flávia Regina Souza</given-names></name><role>ND</role><xref ref-type="aff" rid="A01"/></contrib></contrib-group><aff id="A01"><institution>Universidade Federal de Santa Catarina</institution><country>Brazil</country></aff><pub-date><month>06</month><year>2007</year></pub-date><volume>5</volume><issue>1</issue><fpage>51</fpage><lpage>78</lpage><permissions><license license-type="open-access" href="http://creativecommons.org/licenses/by-nc/4.0/"><license-p>This work is licensed under a Creative Commons Attribution-NonCommercial 4.0 International License.</license-p></license></permissions><self-uri href="http://www.scielo.br/scielo.php?script=sci_arttext&amp;pid=S1981-77462007000100003&amp;lng=en&amp;tlng=en" content-type="full_text_page"/><self-uri href="http://www.scielo.br/scielo.php?script=sci_issuetoc&amp;pid=1981-774620070001&amp;lng=en" content-type="issue_page"/><self-uri href="http://www.scielo.br/scielo.php?script=sci_serial&amp;pid=1981-7746&amp;lng=en" content-type="journal_page"/><abstract lang_id="pt"><p>O artigo sintetiza alguns resultados de pesquisa documental, especificamente de um de seus objetivos, o de discutir o ensino de ética e bioética no processo de formação de médicos e enfermeiros, a partir da mediação textual levantada em documentos acadêmicos e produção científica sobre temas relacionados. Adotou-se a abordagem pós-estruturalista de Michel Foucault, utilizando-se como fonte documentos acadêmicos dos cursos de enfermagem e medicina de quatro universidades federais do sul do país. Discutiu-se a inserção dos temas éticos/bioéticos nas propostas de formação profissional com o intuito de problematizar o modo como os desdobramentos (estratégicos e tecnológicos) deste discurso penetram no processo de construção dos sujeitos trabalhadores da saúde e geram determinados modos de conceber e intervir destes sujeitos. Ressalta-se a condição da bioética como um saber silenciado e invisibilizado, mas não menos produtivo, pela forma como seu potencial questionador e crítico é reduzido a um conjunto de formulações deslocadas de seu entorno de debate. Tal condição relaciona elementos do processo de emergência do discurso da bioética com as rotas já desenhadas para o que historicamente se definiu como formação ética desses profissionais.</p></abstract><trans-abstract lang_id="en"><p>The article summarizes results from documental research − more particularly from one of the aims of such research, that of discussing the teaching of ethics and bioethics in the process of doctor and nurse training − by means of textual mediation in academic papers and scientific production on related themes. The methodology employed was Michel Foucault's post-structuralist approach; the source texts were academic documents from medicine and nurse training courses from four federal universities in southern Brazil. The insertion of ethical/bioethical issues in the professional formation was examined so as to question how the (strategic and technological) unfoldings of this discourse penetrate in the process of constructing health care professional subjects, and generate certain modes of conceiving and of intervening by these subjects. We would like to emphasise the condition of bioethics as a silenced and invisible knowledge − but nevertheless productive − since its questioning and critical potential is reduced to a set of formulations isolated from the surrounding debates. Such condition links elements that are in the process of emerging in the bioethical discourse with the already established routes for what has been historically defined as ethical formation of health care professionals.</p></trans-abstract><kwd-group lang_id="en" kwd-group-type="author-generated"><kwd>bioethics</kwd><kwd>professional education</kwd><kwd>ethical formation of health care professionals</kwd></kwd-group><kwd-group lang_id="pt" kwd-group-type="author-generated"><kwd>bioética</kwd><kwd>educação profissional</kwd><kwd>formação ética em saúde</kwd></kwd-group></article-meta></front><back><ref-list><ref id="B1"><element-citation publication-type="book"><source>Retratos de Foucault</source><fpage>117</fpage><lpage>137</lpage><person-group><name><surname>ALBUQUERQUE JUNIOR</surname><given-names>Durval M.</given-names></name><name><surname>PORTOCARRERO</surname><given-names>Vera</given-names></name><name><surname>BRANCO</surname><given-names>Guilherme Castelo</given-names></name><name><surname>PORTOCARRERO</surname><given-names>Vera</given-names></name><name><surname>BRANCO</surname><given-names>Guilherme Castelo</given-names></name></person-group></element-citation></ref><ref id="B2"><element-citation publication-type="thesis"><source>O processo de construção de identidade do enfermeiro no cotidiano de trabalho</source><date><year>2000</year></date><person-group><name><surname>ARAÚJO-NETTO</surname><given-names>Laura F. S. de</given-names></name><name><surname>ARAÚJO-NETTO</surname><given-names>Laura F. S. de</given-names></name></person-group></element-citation></ref><ref id="B3"><element-citation publication-type="article"><article-title>Para compreender a identidade do enfermeiro: situando o objeto na produção científica da Enfermagem</article-title><source>Revista brasileira de enfermagem</source><fpage>580</fpage><lpage>585</lpage><issue>5</issue><volume>55</volume><person-group><name><surname>ARAÚJO-NETTO</surname><given-names>Laura F. S. de</given-names></name><name><surname>RAMOS</surname><given-names>Flávia R. S.</given-names></name></person-group></element-citation></ref><ref id="B4"><element-citation publication-type="book"><source>Questões de vida: ética, ciência, saúde</source><date><year>1993</year></date><person-group><name><surname>BERLINGUER</surname><given-names>Giovanni</given-names></name><name><surname>BERLINGUER</surname><given-names>Giovanni</given-names></name></person-group></element-citation></ref><ref id="B5"><element-citation publication-type="book"><source>Noção dos fundamentos e fins da deontologia jurídica</source><date><year>2004</year></date><person-group><name><surname>BRAGA</surname><given-names>Wladimir F. L.</given-names></name><name><surname>BRAGA</surname><given-names>Wladimir F. L.</given-names></name></person-group><ext-link>www.fdc.br/artigos/ nocao_fundamentos_afins.htm</ext-link></element-citation></ref><ref id="B6"><element-citation publication-type="article"><article-title>Ética e prática profissional em saúde</article-title><source>Revista texto e contexto</source><fpage>65</fpage><lpage>74</lpage><issue>1</issue><volume>14</volume><person-group><name><surname>BUB</surname><given-names>Maria Betina C.</given-names></name></person-group></element-citation></ref><ref id="B7"><element-citation publication-type="book"><source>Foucault</source><date><year>1991</year></date><person-group><name><surname>DELEUZE</surname><given-names>Gilles</given-names></name><name><surname>DELEUZE</surname><given-names>Gilles</given-names></name></person-group></element-citation></ref><ref id="B8"><element-citation publication-type="thesis"><source>Processo de formação de identidade da enfermeira: trabalho e poder no contexto hospitalar</source><date><year>1996</year></date><person-group><name><surname>FABBRO</surname><given-names>Marcia R. C.</given-names></name><name><surname>FABBRO</surname><given-names>Marcia R. C.</given-names></name></person-group></element-citation></ref><ref id="B9"><element-citation publication-type="book"><source>História da sexualidade III: O cuidado de si</source><date><year>1985</year></date><person-group><name><surname>FOUCAULT</surname><given-names>Michel</given-names></name><name><surname>FOUCAULT</surname><given-names>Michel</given-names></name></person-group></element-citation></ref><ref id="B10"><element-citation publication-type="book"><source>História da sexualidade I: A vontade de saber</source><date><year>1988</year></date><person-group><name><surname>FOUCAULT</surname><given-names>Michel</given-names></name></person-group></element-citation></ref><ref id="B11"><element-citation publication-type="book"><source>História da sexualidade II: O uso dos prazeres</source><date><year>1994</year></date><person-group><name><surname>FOUCAULT</surname><given-names>Michel</given-names></name></person-group></element-citation></ref><ref id="B12"><element-citation publication-type="book"><source>Michel Foucault, uma trajetória filosófica: para além do estruturalismo e da hermenêutica</source><date><year>1995</year></date><person-group><name><surname>FOUCAULT</surname><given-names>Michel</given-names></name><name><surname>RABINOW</surname><given-names>Paul</given-names></name><name><surname>DREYFUS</surname><given-names>Hubert</given-names></name><name><surname>RABINOW</surname><given-names>Paul</given-names></name><name><surname>DREYFUS</surname><given-names>Hubert</given-names></name></person-group></element-citation></ref><ref id="B13"><element-citation publication-type="book"><source>Michel Foucault, uma trajetória filosófica: para além do estruturalismo e da hermenêutica</source><date><year>1995</year></date><person-group><name><surname>FOUCAULT</surname><given-names>Michel</given-names></name><name><surname>RABINOW</surname><given-names>Paul</given-names></name><name><surname>DREYFUS</surname><given-names>Hubert</given-names></name><name><surname>RABINOW</surname><given-names>Paul</given-names></name><name><surname>DREYFUS</surname><given-names>Hubert</given-names></name></person-group></element-citation></ref><ref id="B14"><element-citation publication-type="book"><source>A ordem do discurso</source><date><year>1996</year></date><person-group><name><surname>FOUCAULT</surname><given-names>Michel</given-names></name></person-group></element-citation></ref><ref id="B15"><element-citation publication-type="book"><source>Resumo dos cursos do Collège de France (1970-1982)</source><person-group><name><surname>FOUCAULT</surname><given-names>Michel</given-names></name><name><surname>FOUCAULT</surname><given-names>Michel</given-names></name><name><surname>FOUCAULT</surname><given-names>Michel</given-names></name></person-group></element-citation></ref><ref id="B16"><element-citation publication-type="book"><source>Estratégia, poder-saber: coleção ditos e escritos - IV</source><fpage>335</fpage><lpage>354</lpage><person-group><name><surname>FOUCAULT</surname><given-names>Michel</given-names></name><name><surname>FOUCAULT</surname><given-names>Michel</given-names></name><name><surname>FOUCAULT</surname><given-names>Michel</given-names></name></person-group></element-citation></ref><ref id="B17"><element-citation publication-type="book"><source>A hermenêutica do sujeito</source><date><year>2004</year></date><person-group><name><surname>FOUCAULT</surname><given-names>Michel</given-names></name></person-group></element-citation></ref><ref id="B18"><element-citation publication-type="book"><source>Ética, sexualidade, política: coleção ditos e escritos - V</source><fpage>240</fpage><lpage>251</lpage><person-group><name><surname>FOUCAULT</surname><given-names>Michel</given-names></name><name><surname>FOUCAULT</surname><given-names>Michel</given-names></name><name><surname>FOUCAULT</surname><given-names>Michel</given-names></name></person-group></element-citation></ref><ref id="B19"><element-citation publication-type="article"><article-title>Radiografía bioética de um país - Brasil</article-title><source>Acta Bioethica</source><fpage>165</fpage><lpage>169</lpage><issue>1</issue><volume>VI</volume><person-group><name><surname>GARRAFA</surname><given-names>Volnei</given-names></name></person-group></element-citation></ref><ref id="B20"><element-citation publication-type="thesis"><source>A passagem pelos espelhos: a construção da identidade profissional da enfermeira</source><date><year>2002</year></date><person-group><name><surname>GUITTON</surname><given-names>Beatriz</given-names></name><name><surname>GUITTON</surname><given-names>Beatriz</given-names></name></person-group></element-citation></ref><ref id="B21"><element-citation publication-type="book"><source>A escola cidadã no contexto da globalização</source><fpage>48</fpage><lpage>63</lpage><person-group><name><surname>LARROSA</surname><given-names>Jorge</given-names></name><name><surname>SILVA</surname><given-names>Luiz Heron da</given-names></name><name><surname>SILVA</surname><given-names>Luiz Heron da</given-names></name></person-group></element-citation></ref><ref id="B22"><element-citation publication-type="thesis"><source>O mito da subalternidade do trabalho da enfermagem medicina</source><date><year>1998</year></date><person-group><name><surname>LUNARDI FILHO</surname><given-names>Wilson D.</given-names></name><name><surname>LUNARDI FILHO</surname><given-names>Wilson D.</given-names></name></person-group></element-citation></ref><ref id="B23"><element-citation publication-type="thesis"><source>Do poder pastoral ao cuidado de si: a governabilidade na enfermagem</source><date><year>1997</year></date><person-group><name><surname>LUNARDI</surname><given-names>Valéria. L.</given-names></name><name><surname>LUNARDI</surname><given-names>Valéria. L.</given-names></name></person-group></element-citation></ref><ref id="B24"><element-citation publication-type="thesis"><source>Fios visíveis/invisíveis no processo educativo de (des)construção do sujeito enfermeira</source><date><year>1994</year></date><person-group><name><surname>LUNARDI</surname><given-names>Valéria. L.</given-names></name></person-group></element-citation></ref><ref id="B25"><element-citation publication-type="article"><article-title>O ensino da ética médica em nível de graduação nas faculdades de medicina do Brasil</article-title><source>Revista brasileira de educação médica</source><fpage>148</fpage><lpage>159</lpage><issue>1</issue><volume>18</volume><person-group><name><surname>MEIRA</surname><given-names>Affonso. R.</given-names></name><name><surname>CUNHA</surname><given-names>Marylu M.</given-names></name></person-group></element-citation></ref><ref id="B26"><element-citation publication-type="book"><source>Saúde: cartografia do trabalho vivo</source><date><year>1987</year></date><person-group><name><surname>MERHY</surname><given-names>Emerson E.</given-names></name><name><surname>MERHY</surname><given-names>Emerson E.</given-names></name></person-group></element-citation></ref><ref id="B27"><element-citation publication-type="thesis"><source>Os dóceis corpos do hospital: as enfermeiras e o poder institucional na estrutura hospitalar</source><date><year>1987</year></date><person-group><name><surname>MIRANDA</surname><given-names>Cristina M. L.</given-names></name><name><surname>MIRANDA</surname><given-names>Cristina M. L.</given-names></name></person-group></element-citation></ref><ref id="B28"><element-citation publication-type="book"><source>Tecnologias del yo y otros textos afines</source><fpage>9</fpage><lpage>44</lpage><person-group><name><surname>MOREY</surname><given-names>Miguel</given-names></name><name><surname>FOUCAULT</surname><given-names>Michel</given-names></name><name><surname>FOUCAULT</surname><given-names>Michel</given-names></name></person-group></element-citation></ref><ref id="B29"><element-citation publication-type="book"><source>A mística do silêncio: a prática de enfermagem na Santa Casa de Misericórdia do Rio de Janeiro no século XIX</source><date><year>1998</year></date><person-group><name><surname>PADILHA</surname><given-names>Maria Itayra C. S.</given-names></name><name><surname>PADILHA</surname><given-names>Maria Itayra C. S.</given-names></name></person-group></element-citation></ref><ref id="B30"><element-citation publication-type="article"><article-title>A responsabilidade do pesquisador ou sobre o que dizemos acerca da ética em pesquisa</article-title><source>Revista texto e contexto</source><fpage>96</fpage><lpage>105</lpage><issue>1</issue><volume>14</volume><person-group><name><surname>PADILHA</surname><given-names>Maria Itayra C. S.</given-names></name></person-group></element-citation></ref><ref id="B31"><element-citation publication-type="book"><source>Fundamentos da bioética</source><date><year>2002</year></date><person-group><name><surname>PESSINI</surname><given-names>Leo</given-names></name><name><surname>BARCHIFONTAINE</surname><given-names>Christian de P.</given-names></name><name><surname>PESSINI</surname><given-names>Leo</given-names></name><name><surname>BARCHIFONTAINE</surname><given-names>Christian de P.</given-names></name></person-group></element-citation></ref><ref id="B32"><element-citation publication-type="book"><source>Michael Foucault: uma trajetória filosófica: para além do estruturalismo e da hermenêutica</source><date><year>1995</year></date><person-group><name><surname>RABINOW</surname><given-names>Paul</given-names></name><name><surname>DREYFUS</surname><given-names>Hubert</given-names></name><name><surname>RABINOW</surname><given-names>Paul</given-names></name><name><surname>DREYFUS</surname><given-names>Hubert</given-names></name></person-group></element-citation></ref><ref id="B33"><element-citation publication-type="conference"><source>Bioética como desafio interdisciplinar e cotidiano: um pacto entre ciência, tecnologia, sociedade e Estado</source><date><year>2003</year></date><person-group><name><surname>RAMOS</surname><given-names>Flávia R. S.</given-names></name><name><surname>RAMOS</surname><given-names>Flávia R. S.</given-names></name></person-group></element-citation></ref><ref id="B34"><element-citation publication-type="conference"><source>Tecnologia e enfermagem: implicações no modelo às cio-político de trabalho</source><date><year>2004</year></date><person-group><name><surname>RAMOS</surname><given-names>Flávia R. S.</given-names></name></person-group></element-citation></ref><ref id="B35"><element-citation publication-type="article"><article-title>La bioética y los modos de ser de la enfermería</article-title><source>Revista panamericana de enfermería</source><fpage>17</fpage><lpage>28</lpage><issue>2</issue><volume>2</volume><person-group><name><surname>RAMOS</surname><given-names>Flávia R. S.</given-names></name><name><surname>ALBUQUERQUE</surname><given-names>Gelson</given-names></name><name><surname>KOLLER</surname><given-names>Evely</given-names></name><name><surname>AMADIGI</surname><given-names>Felipa. R.</given-names></name></person-group></element-citation></ref><ref id="B36"><element-citation publication-type="conference"><source>Formação profissional e políticas de saúde: cenários em transformação?</source><date><year>2006</year></date><person-group><name><surname>RAMOS</surname><given-names>Flávia R. S.</given-names></name><name><surname>PADILHA</surname><given-names>Maria Itayra. C. S.</given-names></name><name><surname>PADILHA</surname><given-names>Maria Itayra. C. S.</given-names></name></person-group></element-citation></ref><ref id="B37"><element-citation publication-type="book"><source>A formação ética dos médicos: saindo da adolescência com a vida (dos outros) nas mãos</source><date><year>2003</year></date><person-group><name><surname>REGO</surname><given-names>Sergio</given-names></name><name><surname>REGO</surname><given-names>Sergio</given-names></name></person-group></element-citation></ref><ref id="B38"><element-citation publication-type="book"><source>Expériences de la pensée - Michel Foucault</source><date><year>2005</year></date><person-group><name><surname>REVEL</surname><given-names>Judith</given-names></name><name><surname>REVEL</surname><given-names>Judith</given-names></name></person-group></element-citation></ref><ref id="B39"><element-citation publication-type="book"><source>Bioética</source><fpage>23</fpage><lpage>29</lpage><person-group><name><surname>SEGRE</surname><given-names>Marco</given-names></name><name><surname>SEGRE</surname><given-names>Marco</given-names></name><name><surname>COHEN</surname><given-names>Cláudio</given-names></name><name><surname>SEGRE</surname><given-names>Marco</given-names></name><name><surname>COHEN</surname><given-names>Cláudio</given-names></name></person-group></element-citation></ref><ref id="B40"><element-citation publication-type="book"><source>Para uma crítica da razão bioética</source><date><year>1994</year></date><person-group><name><surname>SÉVE</surname><given-names>Lucien</given-names></name><name><surname>SÉVE</surname><given-names>Lucien</given-names></name></person-group></element-citation></ref><ref id="B41"><element-citation publication-type="book"><source>O sujeito da educação: estudos foucaultianos</source><fpage>247</fpage><lpage>258</lpage><person-group><name><surname>SILVA</surname><given-names>Tomaz T. da</given-names></name><name><surname>SILVA</surname><given-names>Tomaz T. da</given-names></name><name><surname>SILVA</surname><given-names>Tomaz T. da</given-names></name></person-group></element-citation></ref><ref id="B42"><element-citation publication-type="thesis"><source>A purgação do desejo: memórias de enfermeiras</source><date><year>1994</year></date><person-group><name><surname>SOBRAL</surname><given-names>Vera R. S.</given-names></name><name><surname>SOBRAL</surname><given-names>Vera R. S.</given-names></name></person-group></element-citation></ref><ref id="B43"><element-citation publication-type="book"><source>A ética de Michel Foucault: a verdade, o sujeito, a experiência</source><date><year>2000</year></date><person-group><name><surname>SOUZA</surname><given-names>Sandra C. de</given-names></name><name><surname>SOUZA</surname><given-names>Sandra C. de</given-names></name></person-group></element-citation></ref><ref id="B44"><element-citation publication-type="book"><source>Caminhos investigativos: novos olhares na pesquisa em educação</source><fpage>28</fpage><lpage>37</lpage><person-group><name><surname>VEIGA-NETO</surname><given-names>Alfredo</given-names></name><name><surname>COSA</surname><given-names>Marisa V.</given-names></name><name><surname>COSA</surname><given-names>Marisa V.</given-names></name></person-group></element-citation></ref><ref id="B45"><element-citation publication-type="book"><source>Observatório de Recursos Humanos em Saúde no Brasil: Textos Básicos da Saúde</source><fpage>183</fpage><lpage>202</lpage><volume>2</volume><person-group><name><surname>VIEIRA</surname><given-names>Ana Lucia S.</given-names></name><name><surname>BARROS</surname><given-names>André F. do R.</given-names></name><name><surname>NETO</surname><given-names>Pedro Miguel dos S.</given-names></name><name><surname>SANTANA</surname><given-names>José Paranaguá</given-names></name><name><surname>BARROS</surname><given-names>André F. do R.</given-names></name><name><surname>NETO</surname><given-names>Pedro Miguel dos S.</given-names></name><name><surname>SANTANA</surname><given-names>José Paranaguá</given-names></name></person-group></element-citation></ref></ref-list></back></article></articles>