<articles xmlns:xsi="http://www.w3.org/2001/XMLSchema-instance" xsi:schemaLocation="https://raw.githubusercontent.com/scieloorg/articles_meta/master/tests/xsd/scielo_sci/ThomsonReuters_publishing.xsd" dtd-version="1.10"><article lang_id="pt" article-type="research-article"><front><journal-meta><journal-id journal-id-type="publisher">tes</journal-id><journal-title-group><journal-title>Trabalho, Educação e Saúde</journal-title><abbrev-journal-title>Trab. educ. saúde</abbrev-journal-title></journal-title-group><issn>1981-7746</issn><collection>SciELO Brazil</collection><publisher><publisher-name>Fundação Oswaldo Cruz, Escola Politécnica de Saúde Joaquim Venâncio</publisher-name></publisher></journal-meta><article-meta><unique-article-id pub-id-type="publisher-id">S1981-77462007000100006</unique-article-id><article-id pub-id-type="publisher-id">S1981-77462007000100006</article-id><article-id pub-id-type="doi">10.1590/S1981-77462007000100006</article-id><article-categories><subj-group><subject>EDUCATION &amp; EDUCATIONAL RESEARCH</subject><subject>PUBLIC, ENVIRONMENTAL &amp; OCCUPATIONAL HEALTH</subject></subj-group></article-categories><title-group><article-title lang_id="pt">A educação popular e a formação dos trabalhadores de nível médio da saúde</article-title><trans-title-group lang_id="en"><trans-title>Popular education and the formation of middle-level health care professionals</trans-title></trans-title-group></title-group><contrib-group><contrib contrib-type="author"><name><surname>Pedrosa</surname><given-names>José Ivo dos Santos</given-names></name><role>ND</role><xref ref-type="aff" rid="A01"/><xref ref-type="aff" rid="A02"/></contrib></contrib-group><aff id="A02"><institution>Universidade Federal do Piauí</institution></aff><aff id="A01"><institution>Ministério da Saúde</institution><country>Brazil</country></aff><pub-date><month>06</month><year>2007</year></pub-date><volume>5</volume><issue>1</issue><fpage>125</fpage><lpage>138</lpage><permissions><license license-type="open-access" href="http://creativecommons.org/licenses/by-nc/4.0/"><license-p>This work is licensed under a Creative Commons Attribution-NonCommercial 4.0 International License.</license-p></license></permissions><self-uri href="http://www.scielo.br/scielo.php?script=sci_arttext&amp;pid=S1981-77462007000100006&amp;lng=en&amp;tlng=en" content-type="full_text_page"/><self-uri href="http://www.scielo.br/scielo.php?script=sci_issuetoc&amp;pid=1981-774620070001&amp;lng=en" content-type="issue_page"/><self-uri href="http://www.scielo.br/scielo.php?script=sci_serial&amp;pid=1981-7746&amp;lng=en" content-type="journal_page"/><abstract lang_id="pt"><p>O artigo problematiza os princípios éticos e políticos da educação popular no processo de formação de trabalhadores de nível médio da saúde, utilizando o referencial teórico-conceitual da análise institucional, considerando o processo de formação como momento instituído, a proposta política do Ministério da Saúde para a formação de trabalhadores como instituinte e a educação popular em saúde como o processo de institucionalização. A partir da dialética entre o instituído, instituinte e processo de institucionalização, são desenhadas possibilidades em que a educação popular representa dispositivo constitutivo da autonomia dos profissionais - desconstruindo vínculos e processos pedagógicos de assujeitamento dos atores à lógica racional e organizacional dos serviços de saúde - e estratégia de construção de linhas de fuga que conduzam às transformações no processo de formação desses trabalhadores.</p></abstract><trans-abstract lang_id="en"><p>The article discusses the political and ethical principles of popular education in the educational process of middle-level health care workers. It is based on the theoretical and conceptual framework of institutional analysis; thus the formation process is considered to be the instituted moment, the Ministry of Health policy for the formation of workers is instituing and popular education in health care is the institutionalization process. The dialectics between the instituted, instituing and the institutionalization process determine different possibilities, in which popular education is a component of autonomy for the professionals, deconstructing pedagogical processes, and linking subjecting agents to the rational and organizational logic of health care services. It is also a strategy for building up ways of escape that may lead to changes in the formation process of these workers.</p></trans-abstract><kwd-group lang_id="en" kwd-group-type="author-generated"><kwd>popular education</kwd><kwd>professional formation for health care workers</kwd><kwd>institutional analysis</kwd></kwd-group><kwd-group lang_id="pt" kwd-group-type="author-generated"><kwd>educação popular</kwd><kwd>formação profissional em saúde</kwd><kwd>análise institucional</kwd></kwd-group></article-meta></front><back><ref-list><ref id="B1"><element-citation publication-type="book"><source>René Lourau: analista institucional em tempo integral</source><date><year>2004</year></date><fpage>8</fpage><person-group><name><surname>ALTOÉ</surname><given-names>Sonia</given-names></name><name><surname>ALTOÉ</surname><given-names>Sonia</given-names></name></person-group></element-citation></ref><ref id="B2"><element-citation publication-type="book"><source>Cuidado: as fronteiras da integralidade</source><fpage>279</fpage><lpage>292</lpage><person-group><name><surname>BONET</surname><given-names>Octavio</given-names></name><name><surname>PINHEIRO</surname><given-names>Roseni</given-names></name><name><surname>MATTOS</surname><given-names>Ruben</given-names></name><name><surname>PINHEIRO</surname><given-names>Roseni</given-names></name><name><surname>MATTOS</surname><given-names>Ruben</given-names></name></person-group></element-citation></ref><ref id="B3"><element-citation publication-type="book"><source>Educação médica em transformação: instrumentos para a construção de novas realidades</source><fpage>346</fpage><lpage>390</lpage><person-group><name><surname>CECCIM</surname><given-names>Ricardo</given-names></name><name><surname>CAPOZZOLO</surname><given-names>Ângela</given-names></name><name><surname>MARINS</surname><given-names>João José Neves</given-names></name><name><surname>MARINS</surname><given-names>João José Neves</given-names></name></person-group></element-citation></ref><ref id="B4"><element-citation publication-type="book"><source>Cadernos de subjetividade: o reencantamento do concreto</source><fpage>177</fpage><lpage>186</lpage><person-group><name><surname>ESCOSSIA</surname><given-names>Liliana</given-names></name><name><surname>PELBART</surname><given-names>Peter Pál</given-names></name><name><surname>COSTA</surname><given-names>Rogério</given-names></name><name><surname>PELBART</surname><given-names>Peter Pál</given-names></name><name><surname>COSTA</surname><given-names>Rogério</given-names></name></person-group></element-citation></ref><ref id="B5"><element-citation publication-type="book"><source>Cuidado: as fronteiras da integralidade</source><fpage>205</fpage><lpage>219</lpage><person-group><name><surname>FAVORETTO</surname><given-names>Cesar Augusto Orazem</given-names></name><name><surname>PINHEIRO</surname><given-names>Roseni</given-names></name><name><surname>MATTOS</surname><given-names>Ruben</given-names></name><name><surname>PINHEIRO</surname><given-names>Roseni</given-names></name><name><surname>MATTOS</surname><given-names>Ruben</given-names></name></person-group></element-citation></ref><ref id="B6"><element-citation publication-type="book"><source>Cartografias do desejo</source><date><year>1986</year></date><person-group><name><surname>GUATTARI</surname><given-names>Felix</given-names></name><name><surname>ROLNIK</surname><given-names>Suely</given-names></name><name><surname>GUATTARI</surname><given-names>Felix</given-names></name><name><surname>ROLNIK</surname><given-names>Suely</given-names></name></person-group></element-citation></ref><ref id="B7"><element-citation publication-type="article"><article-title>Análise institucional e educação em saúde: um diálogo produtivo</article-title><source>Boletim do Instituto de Saúde</source><fpage>6</fpage><lpage>9</lpage><volume>34</volume><person-group><name><surname>L'ABBATE</surname><given-names>Solange</given-names></name></person-group></element-citation></ref><ref id="B8"><element-citation publication-type="book"><source>Análise institucional</source><date><year>1995</year></date><person-group><name><surname>LOURAU</surname><given-names>René</given-names></name><name><surname>LOURAU</surname><given-names>René</given-names></name></person-group></element-citation></ref><ref id="B9"><element-citation publication-type="book"><source>Novos saberes e práticas em saúde coletiva: estudo sobre racionalidades médicas e atividades corporais</source><date><year>2003</year></date><person-group><name><surname>LUZ</surname><given-names>Madel</given-names></name><name><surname>LUZ</surname><given-names>Madel</given-names></name></person-group></element-citation></ref><ref id="B10"><element-citation publication-type="book"><source>Saúde: a cartografia do trabalho vivo</source><date><year>2002</year></date><person-group><name><surname>MERHY</surname><given-names>Emerson Elias</given-names></name><name><surname>MERHY</surname><given-names>Emerson Elias</given-names></name></person-group></element-citation></ref><ref id="B11"><element-citation publication-type="conference"><source>Relatório final</source><date><year>2004</year></date></element-citation></ref><ref id="B12"><element-citation publication-type="book"><source>Educação profissional em saúde: versão preliminar</source><date><year>2004</year></date></element-citation></ref><ref id="B13"><element-citation publication-type="book"><source>Pensamento estratégico e lógica de programação: o caso da saúde</source><date><year>1995</year></date><person-group><name><surname>TESTA</surname><given-names>Mario</given-names></name><name><surname>TESTA</surname><given-names>Mario</given-names></name></person-group></element-citation></ref></ref-list></back></article></articles>