<articles xmlns:xsi="http://www.w3.org/2001/XMLSchema-instance" xsi:schemaLocation="https://raw.githubusercontent.com/scieloorg/articles_meta/master/tests/xsd/scielo_sci/ThomsonReuters_publishing.xsd" dtd-version="1.10"><article lang_id="pt" article-type="research-article"><front><journal-meta><journal-id journal-id-type="publisher">tes</journal-id><journal-title-group><journal-title>Trabalho, Educação e Saúde</journal-title><abbrev-journal-title>Trab. educ. saúde</abbrev-journal-title></journal-title-group><issn>1981-7746</issn><collection>SciELO Brazil</collection><publisher><publisher-name>Fundação Oswaldo Cruz, Escola Politécnica de Saúde Joaquim Venâncio</publisher-name></publisher></journal-meta><article-meta><unique-article-id pub-id-type="publisher-id">S1981-77462011000100010</unique-article-id><article-id pub-id-type="publisher-id">S1981-77462011000100010</article-id><article-id pub-id-type="doi">10.1590/S1981-77462011000100010</article-id><article-categories><subj-group><subject>EDUCATION &amp; EDUCATIONAL RESEARCH</subject><subject>PUBLIC, ENVIRONMENTAL &amp; OCCUPATIONAL HEALTH</subject></subj-group></article-categories><title-group><article-title lang_id="pt">Saúde do trabalhador na atenção básica: análise a partir de uma experiência municipal</article-title><trans-title-group lang_id="en"><trans-title>The workers' health in primary care: an analysis of a municipal experience</trans-title></trans-title-group></title-group><contrib-group><contrib contrib-type="author"><name><surname>Dias</surname><given-names>Maria Dionísia do Amaral</given-names></name><role>ND</role><xref ref-type="aff" rid="A01"/></contrib><contrib contrib-type="author"><name><surname>Bertolini</surname><given-names>Grazielle Cristina dos Santos</given-names></name><role>ND</role><xref ref-type="aff" rid="A02"/><xref ref-type="aff" rid="A03"/></contrib><contrib contrib-type="author"><name><surname>Pimenta</surname><given-names>Aparecida Linhares</given-names></name><role>ND</role><xref ref-type="aff" rid="A04"/></contrib></contrib-group><aff id="A02"><institution>Universidade São Francisco</institution><country>Brazil</country></aff><aff id="A03"><institution>Secretaria Municipal de Saúde de Amparo</institution><country>Brazil</country></aff><aff id="A01"><institution>Universidade Estadual Paulista</institution><country>Brazil</country></aff><aff id="A04"><institution>Secretaria Municipal de Saúde de Diadema</institution><country>Brazil</country></aff><pub-date><month>06</month><year>2011</year></pub-date><volume>9</volume><issue>1</issue><fpage>137</fpage><lpage>148</lpage><permissions><license license-type="open-access" href="http://creativecommons.org/licenses/by-nc/4.0/"><license-p>This work is licensed under a Creative Commons Attribution-NonCommercial 4.0 International License.</license-p></license></permissions><self-uri href="http://www.scielo.br/scielo.php?script=sci_arttext&amp;pid=S1981-77462011000100010&amp;lng=en&amp;tlng=en" content-type="full_text_page"/><self-uri href="http://www.scielo.br/scielo.php?script=sci_issuetoc&amp;pid=1981-774620110001&amp;lng=en" content-type="issue_page"/><self-uri href="http://www.scielo.br/scielo.php?script=sci_serial&amp;pid=1981-7746&amp;lng=en" content-type="journal_page"/><abstract lang_id="pt"><p>Este texto apresenta um relato da experiência de implantação de ações de saúde do trabalhador nos serviços de atenção básica no município de Amparo, no estado de São Paulo, ocorrida durante a gestão do período 2001 a 2008, visando contribuir na premente necessidade do SUS de implantação das ações de saúde do trabalhador. A análise realizada pelas autoras, protagonistas na gestão do processo, ressalta alguns dos elementos-chave para a efetiva implantação de ações de saúde do trabalhador na rede de atenção básica. Dentre eles, a Estratégia Saúde da Família (ESF), ao lado de outros elementos - como o modelo de matriciamento com ação pedagógica contínua e participação nos colegiados de gestão, a educação permanente e o protagonismo dos trabalhadores da saúde -, mostrou-se um facilitador do processo. Como elementos estruturantes da construção efetivada, apontam-se o modelo de gestão colegiada adotado pela secretaria e a forma de implantação do Centro de Referência de Saúde do Trabalhador no município. Todo esse arranjo promoveu uma interlocução permanente entre as equipes de saúde, da atenção básica e da referência especializada que foi indispensável para a experiência ocorrida.</p></abstract><trans-abstract lang_id="en"><p>This article presents an account of the experience of implementing worker's health actions in primary care services in the municipality of Amparo, state of São Paulo, which occurred during the 2001 to 2008 administration period, aiming to contribute to SUS' urgent need to implement of workers' health actions. The analysis made by the authors, actors in managing the process, highlights a few of the key elements for the effective implementation of workers' care actions in the primary care network. Among them, the Family Health Strategy (FHS), along with other elements such as the mixed-base model with continuous pedagogical action and participation in collegiate management, continuing education, and the role of the health workers - proved to be a facilitator process. Structural elements in the construction that was made include the collegiate management model adopted by the department and the way the Occupational Health Reference Center was deployed in the municipality. This arrangement has fostered permanent dialogue among the health, primary care, and referral specialist teams that has been indispensable to the experience.</p></trans-abstract><kwd-group lang_id="en" kwd-group-type="author-generated"><kwd>occupational health</kwd><kwd>continuing education in health</kwd><kwd>family health</kwd><kwd>primary health care</kwd></kwd-group><kwd-group lang_id="pt" kwd-group-type="author-generated"><kwd>saúde do trabalhador</kwd><kwd>educação permanente em saúde</kwd><kwd>saúde da família</kwd><kwd>atenção primária à saúde</kwd></kwd-group></article-meta></front><back><ref-list><ref id="B1"><element-citation publication-type="book"><source>Plano municipal de saúde 2005-2008</source><date><year>2005</year></date></element-citation></ref><ref id="B2"><element-citation publication-type="book"><source>Relatório de gestão</source><date><year>2004</year></date></element-citation></ref><ref id="B3"><element-citation publication-type="book"><source>Relatório de gestão</source><date><year>2005</year></date></element-citation></ref><ref id="B4"><element-citation publication-type="book"><source>Relatório de gestão</source><date><year>2006</year></date></element-citation></ref><ref id="B5"><element-citation publication-type="book"><source>Relatório de gestão</source><date><year>2007</year></date></element-citation></ref><ref id="B6"><element-citation publication-type="book"><source>Relatório de gestão</source><date><year>2008</year></date></element-citation></ref><ref id="B7"><element-citation publication-type="book"><source>Saúde mental e atenção básica: O vínculo e o diálogo necessários. Inclusão das ações de saúde mental na atenção básica</source><date><year>2003</year></date></element-citation></ref><ref id="B8"><element-citation publication-type="book"><source>Política nacional de saúde do trabalhador</source><date><year>2004</year></date></element-citation></ref><ref id="B9"><element-citation publication-type="book"><source>Política nacional de atenção básica</source><date><year>2007</year></date></element-citation></ref><ref id="B10"><element-citation publication-type="article"><article-title>Apoio matricial e equipe de referência: uma metodologia para gestão do trabalho interdisciplinar em saúde</article-title><source>Cadernos de Saúde Pública</source><date><month>02</month><year>2007</year></date><fpage>399</fpage><lpage>407</lpage><issue>2</issue><volume>23</volume><person-group><name><surname>CAMPOS</surname><given-names>Gastão Wagner de Sousa</given-names></name><name><surname>DOMITTI</surname><given-names>Ana Carla</given-names></name></person-group></element-citation></ref><ref id="B11"><element-citation publication-type="article"><article-title>O desafio de implementar as ações de saúde do trabalhador no SUS: a estratégia da Renast</article-title><source>Ciência &amp; Saúde Coletiva</source><date><year>2005</year></date><fpage>817</fpage><lpage>828</lpage><issue>4</issue><volume>10</volume><person-group><name><surname>DIAS</surname><given-names>Elizabeth Costa</given-names></name><name><surname>HOEFEL</surname><given-names>Maria da Graça</given-names></name></person-group></element-citation></ref><ref id="B12"><element-citation publication-type="article"><article-title>O campo saúde do trabalhador: resgatando conhecimentos e práticas sobre as relações trabalho-saúde</article-title><source>Cadernos de Saúde Pública</source><date><year>2007</year></date><fpage>757</fpage><lpage>766</lpage><issue>4</issue><volume>23</volume><person-group><name><surname>LACAZ</surname><given-names>Francisco Antonio de Castro</given-names></name></person-group></element-citation></ref><ref id="B13"><element-citation publication-type="article"><article-title>Saúde dos trabalhadores: cenário e desafios</article-title><source>Cadernos de Saúde Pública</source><date><year>1997</year></date><fpage>7</fpage><lpage>19</lpage><volume>13</volume><person-group><name><surname>LACAZ</surname><given-names>Francisco Antonio de Castro</given-names></name></person-group></element-citation></ref><ref id="B14"><element-citation publication-type="book"><source>Saúde do trabalhador no SUS: aprender com o passado, trabalhar o presente, construir o futuro</source><date><year>2005</year></date><person-group><name><surname>MAENO</surname><given-names>Maria</given-names></name><name><surname>CARMO</surname><given-names>José Carlos do</given-names></name><name><surname>MAENO</surname><given-names>Maria</given-names></name><name><surname>CARMO</surname><given-names>José Carlos do</given-names></name></person-group></element-citation></ref><ref id="B15"><element-citation publication-type="article"><article-title>Da medicina do trabalho à saúde do trabalhador</article-title><source>Revista de Saúde Pública</source><date><year>1991</year></date><fpage>3</fpage><lpage>11</lpage><issue>5</issue><volume>25</volume><person-group><name><surname>MENDES</surname><given-names>René</given-names></name><name><surname>DIAS</surname><given-names>Elizabeth Costa</given-names></name></person-group></element-citation></ref><ref id="B16"><element-citation publication-type="book"><source>Leituras de novas tecnologias e saúde</source><date><year>2009</year></date><person-group><name><surname>MERHY</surname><given-names>Emerson Elias</given-names></name><name><surname>FEUERWERKER</surname><given-names>Laura C</given-names></name><name><surname>Macruz</surname></name><name><surname>MANDARINO</surname><given-names>Ana Cristina de Souza</given-names></name><name><surname>GOMBERG</surname><given-names>Estélio</given-names></name><name><surname>MANDARINO</surname><given-names>Ana Cristina de Souza</given-names></name><name><surname>GOMBERG</surname><given-names>Estélio</given-names></name></person-group></element-citation></ref><ref id="B17"><element-citation publication-type="book"><source>Saúde do trabalhador</source><date><year>1988</year></date><person-group><name><surname>PIMENTA</surname><given-names>Aparecida L</given-names></name><name><surname>CAPISTRANO FILHO</surname><given-names>David</given-names></name><name><surname>PIMENTA</surname><given-names>Aparecida L</given-names></name><name><surname>CAPISTRANO FILHO</surname><given-names>David</given-names></name></person-group></element-citation></ref></ref-list></back></article></articles>