<articles xmlns:xsi="http://www.w3.org/2001/XMLSchema-instance" xsi:schemaLocation="https://raw.githubusercontent.com/scieloorg/articles_meta/master/tests/xsd/scielo_sci/ThomsonReuters_publishing.xsd" dtd-version="1.10"><article lang_id="pt" article-type="research-article"><front><journal-meta><journal-id journal-id-type="publisher">tes</journal-id><journal-title-group><journal-title>Trabalho, Educação e Saúde</journal-title><abbrev-journal-title>Trab. educ. saúde</abbrev-journal-title></journal-title-group><issn>1981-7746</issn><collection>SciELO Brazil</collection><publisher><publisher-name>Fundação Oswaldo Cruz, Escola Politécnica de Saúde Joaquim Venâncio</publisher-name></publisher></journal-meta><article-meta><unique-article-id pub-id-type="publisher-id">S1981-77462010000100003</unique-article-id><article-id pub-id-type="publisher-id">S1981-77462010000100003</article-id><article-id pub-id-type="doi">10.1590/S1981-77462010000100003</article-id><article-categories><subj-group><subject>EDUCATION &amp; EDUCATIONAL RESEARCH</subject><subject>PUBLIC, ENVIRONMENTAL &amp; OCCUPATIONAL HEALTH</subject></subj-group></article-categories><title-group><article-title lang_id="pt">A política de atenção básica do Ministério da Saúde: refletindo sobre a definição de prioridades</article-title><trans-title-group lang_id="en"><trans-title>The Ministry of Health's primary care policy: reflecting on the definition of priorities</trans-title></trans-title-group></title-group><contrib-group><contrib contrib-type="author"><name><surname>Borges</surname><given-names>Camila Furlanetti</given-names></name><role>ND</role></contrib><contrib contrib-type="author"><name><surname>Baptista</surname><given-names>Tatiana Wargas de Faria</given-names></name><role>ND</role></contrib></contrib-group><pub-date><month>06</month><year>2010</year></pub-date><volume>8</volume><issue>1</issue><fpage>27</fpage><lpage>53</lpage><permissions><license license-type="open-access" href="http://creativecommons.org/licenses/by-nc/4.0/"><license-p>This work is licensed under a Creative Commons Attribution-NonCommercial 4.0 International License.</license-p></license></permissions><self-uri href="http://www.scielo.br/scielo.php?script=sci_arttext&amp;pid=S1981-77462010000100003&amp;lng=en&amp;tlng=en" content-type="full_text_page"/><self-uri href="http://www.scielo.br/scielo.php?script=sci_issuetoc&amp;pid=1981-774620100001&amp;lng=en" content-type="issue_page"/><self-uri href="http://www.scielo.br/scielo.php?script=sci_serial&amp;pid=1981-7746&amp;lng=en" content-type="journal_page"/><abstract lang_id="pt"><p>O artigo busca problematizar o discurso do gestor nacional, que declara a Atenção Básica em Saúde como prioridade desde os anos 1990, e analisar esta política a partir da perspectiva de sua institucionalidade. Para empreender essa análise, recorreu-se tanto aos discursos sobre atenção básica presentes em textos oficiais como àqueles apresentados em artigos científicos, utilizando-se como referencial metodológico a análise de discurso proposta por Foucault. A Atenção Básica em Saúde desponta na agenda de prioridades do governo como estratégia de reestruturação do modelo de atenção em meados dos anos 1990, tendo como carro-chefe a Estratégia de Saúde da Família. Desde a entrada da Atenção Básica em Saúde na agenda de prioridades, essa política incorporou gradativa institucionalidade, mobilizando recursos e incluindo milhares de novos atores na disputa política de organização do sistema de saúde. Ainda assim, a prioridade enunciada para essa política se contrapõe a um cenário de fragilidades na atenção à saúde, especificamente na atenção básica, apontando para a necessidade de análise da direcionalidade e da construção de viabilidade da mesma.</p></abstract><trans-abstract lang_id="en"><p>The article aims to question the discourse of the national manager, who states that Primary Health Care has been a priority since the 1990s, and to review this policy from the perspective of its institutionality. Both the discourses concerning primary care published in official texts and those presented in scientific articles were analyzed, using the discourse analysis proposed by Foucault as the methodological framework. Primary Health Care appeared on the top of the government priority agenda as a strategy to restructure the health care model in the mid-1990s, with the Family Health Strategy as its flagship. Since Primary Health Care was put on the priority agenda, this policy has gradually incorporated institutionalization, setting resources into motion and including thousands of new players in the political dispute to organize the health system. Still, the stated priority for this policy goes against a backdrop of weakness in health care, specifically primary care, pointing to the need for an analysis of its directionality and construction feasibility.</p></trans-abstract><kwd-group lang_id="en" kwd-group-type="author-generated"><kwd>primary health care</kwd><kwd>primary care</kwd><kwd>health policy</kwd><kwd>the priority agenda in health</kwd></kwd-group><kwd-group lang_id="pt" kwd-group-type="author-generated"><kwd>atenção primária à saúde</kwd><kwd>atenção básica</kwd><kwd>política de saúde</kwd><kwd>agenda de prioridades em saúde</kwd></kwd-group></article-meta></front><back><ref-list><ref id="B1"><element-citation publication-type="article"><article-title>A coordenação federativa no Brasil: a experiência do período FHC e os desafios do governo Lula</article-title><source>Revista de Sociologia Política, Curitiba</source><date><year>2005</year></date><fpage>41</fpage><lpage>67</lpage><volume>24</volume><person-group><name><surname>ABRUCIO</surname><given-names>Fernando L.</given-names></name></person-group></element-citation></ref><ref id="B2"><element-citation publication-type="thesis"><source>Políticas de saúde no pós-constituinte: um estudo da política implementada a partir da produção normativa dos poderes Executivo e Legislativo no Brasil</source><date><year>2003</year></date><person-group><name><surname>BAPTISTA</surname><given-names>Tatiana W. de F.</given-names></name><name><surname>BAPTISTA</surname><given-names>Tatiana W. de F.</given-names></name></person-group></element-citation></ref><ref id="B3"><element-citation publication-type="book"><source>A política nacional de saúde bucal no Governo Lula</source><date><year>2008</year></date><fpage>65</fpage><lpage>81</lpage><person-group><name><surname>BAPTISTA</surname><given-names>Tatiana W. de F.</given-names></name></person-group></element-citation></ref><ref id="B4"><element-citation publication-type="article"><article-title>Atenção básica na agenda da saúde</article-title><source>Ciência &amp; Saúde Coletiva</source><date><year>2002</year></date><fpage>401</fpage><lpage>412</lpage><issue>3</issue><volume>7</volume><person-group><name><surname>BODSTEIN</surname><given-names>Regina</given-names></name></person-group></element-citation></ref><ref id="B5"><element-citation publication-type="book"><source>Saúde dentro de casa: Programa de Saúde da Família</source><date><month>03</month><year>1994</year></date></element-citation></ref><ref id="B6"><element-citation publication-type="book"><source>Norma Operacional do Sistema Único de Saúde: NOB-SUS 96</source><date><year>1996</year></date></element-citation></ref><ref id="B7"><element-citation publication-type="book"><source>Saúde da Família: uma estratégia para a reorientação do modelo assistencial</source><date><year>1997</year></date></element-citation></ref><ref id="B8"><element-citation publication-type="book"><source>Saúde da Família</source><date><year>1999</year></date><ext-link>www.saude.gov.br/programas/pacs/psf.htm</ext-link></element-citation></ref><ref id="B9"><element-citation publication-type="book"><source>Manual para a organização da atenção básica</source><date><year>1999</year></date></element-citation></ref><ref id="B10"><element-citation publication-type="book"><source>Cadernos de Atenção Básica: Programa Saúde da Família</source><date><year>2000</year></date></element-citation></ref><ref id="B11"><element-citation publication-type="book"><source>Ações prioritárias na atenção básica em saúde</source><date><year>2000</year></date></element-citation></ref><ref id="B12"><element-citation publication-type="book"><source>Guia prático do Programa Saúde da Família</source><date><year>2001</year></date></element-citation></ref><ref id="B13"><element-citation publication-type="article"><article-title>O projeto de expansão e consolidação do Saúde da Família</article-title><source>Informe da Atenção Básica</source><date><month>08</month><year>2003</year></date><issue>17</issue><volume>IV</volume></element-citation></ref><ref id="B14"><element-citation publication-type="book"><source>Atenção básica em saúde: prioridade concretizada pelo Ministério da Saúde</source><date><year>2004</year></date></element-citation></ref><ref id="B15"><element-citation publication-type="book"><source>Portaria GM/MS n.º 399, de 22 de fevereiro de 2006. Divulga o Pacto pela Saúde 2006 - Consolidação do SUS e aprova as diretrizes operacionais do referido pacto</source><date><year>2006</year></date></element-citation></ref><ref id="B16"><element-citation publication-type="book"><source>Portaria GM/MS n.º 648, de 28 de março de 2006. Aprova a Política Nacional de Atenção Básica, estabelecendo a revisão de diretrizes e normas para a organização da Atenção Básica para o Programa Saúde da Família (PSF) e o Programa Agentes Comunitários de Saúde (Pacs)</source><date><year>2006</year></date><ext-link>http://bvsms.saude.gov.br/bvs/publicacoes/prtGM648_20060328.pdf</ext-link></element-citation></ref><ref id="B17"><element-citation publication-type="book"><source>Atenção Básica e Saúde da Família: diretriz conceitual</source><ext-link>http://dtr2004.saude.gov.br/dab/atencaobasica.php</ext-link></element-citation></ref><ref id="B18"><element-citation publication-type="book"><source>Relatório final da 8ª Conferência Nacional de Saúde</source><date><year>1986</year></date></element-citation></ref><ref id="B19"><element-citation publication-type="article"><article-title>O Programa Saúde da Família e a reestruturação da atenção básica à saúde nos grandes centros urbanos: velhos problemas, novos desafios</article-title><source>Physis - Revista de Saúde Coletiva</source><date><year>2002</year></date><fpage>11</fpage><lpage>21</lpage><issue>1</issue><volume>12</volume><person-group><name><surname>CAETANO</surname><given-names>Rosangela</given-names></name><name><surname>DAIN</surname><given-names>Sulamis</given-names></name></person-group></element-citation></ref><ref id="B20"><element-citation publication-type="article"><article-title>Suficiências e insuficiências da política para a Aten ção Básica no Brasil: debate</article-title><source>Cadernos de Saúde Pública</source><date><year>2008</year></date><fpage>S17</fpage><lpage>9</lpage><volume>24</volume><person-group><name><surname>CAMPOS</surname><given-names>Gastão W. de S.</given-names></name></person-group></element-citation></ref><ref id="B21"><element-citation publication-type="book"><source>O Sistema Único de Saúde em dez anos de desafios</source><date><year>2002</year></date><fpage>241</fpage><lpage>270</lpage><person-group><name><surname>CANESQUI</surname><given-names>Ana M.</given-names></name><name><surname>Oliveira</surname><given-names>Ana M.F.</given-names></name><name><surname>NEGRI</surname><given-names>Barjas</given-names></name><name><surname>VIANA</surname><given-names>Ana L. D.</given-names></name><name><surname>NEGRI</surname><given-names>Barjas</given-names></name><name><surname>VIANA</surname><given-names>Ana L. D.</given-names></name></person-group></element-citation></ref><ref id="B22"><element-citation publication-type="thesis"><source>A condução federal da política de atenção primária à saúde no Brasil: continuidades e mudanças no período de 2003 a 2008</source><date><year>2009</year></date><person-group><name><surname>CASTRO</surname><given-names>Ana L. B. de.</given-names></name><name><surname>CASTRO</surname><given-names>Ana L. B. de.</given-names></name></person-group></element-citation></ref><ref id="B23"><element-citation publication-type="article"><article-title>Os princípios do Sistema Único de Saúde e a Atenção Básica (Programa de Saúde da Família): o perigo mora ao lado</article-title><source>Cadernos de Saúde Pública</source><date><year>2008</year></date><fpage>S23</fpage><lpage>S24</lpage><volume>24</volume><person-group><name><surname>COHN</surname><given-names>Amélia</given-names></name></person-group></element-citation></ref><ref id="B24"><element-citation publication-type="article"><article-title>Ensaio histórico-conceitual sobre a Atenção Primária à Saúde: desafios para a organização de serviços básicos e da Estratégia Saúde da Família em centros urbanos no Brasil</article-title><source>Cadernos de Saúde Pública</source><date><year>2008</year></date><fpage>S7</fpage><lpage>S16</lpage><volume>24</volume><person-group><name><surname>CONILL</surname><given-names>Eleonor M.</given-names></name></person-group></element-citation></ref><ref id="B25"><element-citation publication-type="book"><source>Modelos de atenção e a saúde da família</source><date><year>2007</year></date><fpage>69</fpage><lpage>106</lpage><person-group><name><surname>CORBO</surname><given-names>Ana D.</given-names></name><name><surname>MOROSINI</surname><given-names>Márcia V. G. C.</given-names></name><name><surname>PONTES</surname><given-names>Ana L. de M.</given-names></name><name><surname>MOROSINI</surname><given-names>M. V. G. C.</given-names></name><name><surname>CORBO</surname><given-names>A. D. A.</given-names></name><name><surname>MOROSINI</surname><given-names>M. V. G. C.</given-names></name><name><surname>CORBO</surname><given-names>A. D. A.</given-names></name></person-group></element-citation></ref><ref id="B26"><element-citation publication-type="book"><source>Mil platôs, capitalismo e esquizofrenia</source><date><year>1997</year></date><volume>3 e v. 5</volume><person-group><name><surname>DELEUZE</surname><given-names>Gilles</given-names></name><name><surname>GUATTARI</surname><given-names>Félix</given-names></name><name><surname>DELEUZE</surname><given-names>Gilles</given-names></name><name><surname>GUATTARI</surname><given-names>Félix</given-names></name></person-group></element-citation></ref><ref id="B27"><element-citation publication-type="article"><article-title>Atenção Básica em Saúde: comparação entre PSF e UBS por estrato de exclusão social no município de São Paulo</article-title><source>Ciência &amp; Saúde Coletiva</source><date><year>2006</year></date><fpage>633</fpage><lpage>641</lpage><issue>3</issue><volume>11</volume><person-group><name><surname>ELIAS</surname><given-names>Paulo E.</given-names></name></person-group></element-citation></ref><ref id="B28"><element-citation publication-type="article"><article-title>Observatório de Conjuntura da Política de Saúde</article-title><source>Boletim do Ministério da Saúde</source><date><month>09</month><year>2008</year></date><issue>17</issue><ext-link>www.ensp.fiocruz.br/conjuntura</ext-link></element-citation></ref><ref id="B29"><element-citation publication-type="book"><source>Relatório final</source><date><year>2002</year></date><person-group><name><surname>ESCOREL</surname><given-names>Sarah</given-names></name></person-group></element-citation></ref><ref id="B30"><element-citation publication-type="article"><article-title>O Programa de Saúde da Família e a construção de um novo modelo para a atenção básica no Brasil</article-title><source>Revista Panamericana de Salud Publica</source><date><year>2007</year></date><fpage>164</fpage><lpage>176</lpage><issue>2</issue><volume>21</volume><person-group><name><surname>ESCOREL</surname><given-names>Sarah</given-names></name></person-group></element-citation></ref><ref id="B31"><element-citation publication-type="thesis"><source>Dos programas de medicina comunitária ao Sistema Único de Saúde: uma análise histórica da atenção primária na política de saúde brasileira</source><date><year>2005</year></date><person-group><name><surname>FAUSTO</surname><given-names>Márcia. C. R.</given-names></name><name><surname>FAUSTO</surname><given-names>Márcia. C. R.</given-names></name></person-group></element-citation></ref><ref id="B32"><element-citation publication-type="book"><source>Proteção social: dilemas e desafios</source><date><year>2005</year></date><person-group><name><surname>FAUSTO</surname><given-names>Márcia. C. R.</given-names></name><name><surname>Viana</surname><given-names>Ana L. d'Ávila</given-names></name><name><surname>VIANA</surname><given-names>Ana Luiza d'Ávila</given-names></name><name><surname>VIANA</surname><given-names>Ana Luiza d'Ávila</given-names></name></person-group></element-citation></ref><ref id="B33"><element-citation publication-type="book"><source>Modelos de atenção e a saúde da família</source><date><year>2007</year></date><fpage>43</fpage><lpage>68</lpage><person-group><name><surname>FAUSTO</surname><given-names>Márcia. C. R.</given-names></name><name><surname>MATTA</surname><given-names>Gustavo C.</given-names></name><name><surname>MOROSINI</surname><given-names>M. V. G. C.</given-names></name><name><surname>CORBO</surname><given-names>A. D. A.</given-names></name><name><surname>MOROSINI</surname><given-names>M. V. G. C.</given-names></name><name><surname>CORBO</surname><given-names>A. D. A.</given-names></name></person-group></element-citation></ref><ref id="B34"><element-citation publication-type="article"><article-title>Da teoria à formulação de uma Política Nacional de Avaliação em Saúde: reabrindo o debate</article-title><source>Ciência &amp; Saúde Coletiva</source><date><year>2006</year></date><fpage>553</fpage><lpage>563</lpage><issue>3</issue><volume>11</volume><person-group><name><surname>FELISBERTO</surname><given-names>Eronildo</given-names></name></person-group></element-citation></ref><ref id="B35"><element-citation publication-type="book"><source>Microfísica do poder</source><date><year>1979</year></date><person-group><name><surname>FOUCAULT</surname><given-names>Michel</given-names></name><name><surname>FOUCAULT</surname><given-names>Michel</given-names></name></person-group></element-citation></ref><ref id="B36"><element-citation publication-type="book"><source>Arqueologia do saber</source><date><year>1987</year></date></element-citation></ref><ref id="B37"><element-citation publication-type="article"><article-title>Atenção primária, atenção básica e saúde da família: sinergias e singularidades do contexto brasileiro</article-title><source>Cadernos de Saúde Pública</source><date><year>2006</year></date><fpage>1.171</fpage><lpage>1.181</lpage><issue>6</issue><volume>22</volume><person-group><name><surname>GIL</surname><given-names>Célia R. R.</given-names></name></person-group></element-citation></ref><ref id="B38"><element-citation publication-type="article"><article-title>Saúde da família: limites e possibilidades para uma abordagem integral de atenção primária à saúde no Brasil</article-title><source>Ciência &amp; Saúde Coletiva</source><date><year>2009</year></date><fpage>783</fpage><lpage>794</lpage><issue>3</issue><volume>14</volume><person-group><name><surname>GIOVANELLA</surname><given-names>Lígia</given-names></name></person-group></element-citation></ref><ref id="B39"><element-citation publication-type="book"><source>Policy Analysis for the Real World</source><date><year>1984</year></date><person-group><name><surname>HOGWOOD</surname><given-names>Brian W.</given-names></name><name><surname>GUNN</surname><given-names>Lewis A.</given-names></name><name><surname>HOGWOOD</surname><given-names>Brian W.</given-names></name><name><surname>GUNN</surname><given-names>Lewis A.</given-names></name></person-group></element-citation></ref><ref id="B40"><element-citation publication-type="book"><source>Agendas, alternatives and public policies</source><date><year>1995</year></date><person-group><name><surname>KINGDOM</surname><given-names>John W.</given-names></name><name><surname>KINGDOM</surname><given-names>John W.</given-names></name></person-group></element-citation></ref><ref id="B41"><element-citation publication-type="article"><article-title>Saúde da Família: à procura de um modelo anunciado</article-title><source>Cadernos de Saúde da Família</source><date><year>1996</year></date><fpage>3</fpage><lpage>9</lpage><volume>1</volume><person-group><name><surname>LEVCOVITZ</surname><given-names>Eduardo</given-names></name><name><surname>GARRIDO</surname><given-names>Neyde G.</given-names></name></person-group></element-citation></ref><ref id="B42"><element-citation publication-type="book"><source>Análise institucional</source><date><year>1995</year></date><person-group><name><surname>LOURAU</surname><given-names>René</given-names></name><name><surname>LOURAU</surname><given-names>René</given-names></name></person-group></element-citation></ref><ref id="B43"><element-citation publication-type="article"><article-title>Prioridades de saúde no Brasil nos anos 1990: três políticas, muitas lições</article-title><source>Revista Panamericana de Salud Publica</source><date><year>2006</year></date><fpage>44</fpage><lpage>49</lpage><issue>1</issue><volume>20</volume><person-group><name><surname>MACHADO</surname><given-names>Cristiani V.</given-names></name></person-group></element-citation></ref><ref id="B44"><element-citation publication-type="article"><article-title>Conûguração da Atenção Básica e do Programa Saúde da Família em grandes municípios do Rio de Janeiro, Brasil</article-title><source>Cadernos de Saúde Pública</source><date><year>2008</year></date><fpage>S42</fpage><lpage>S57</lpage><volume>24</volume><person-group><name><surname>MACHADO</surname><given-names>Cristiani V.</given-names></name><name><surname>LIMA</surname><given-names>Luciana D. de</given-names></name><name><surname>VIANA</surname><given-names>Ludmila da S.</given-names></name></person-group></element-citation></ref><ref id="B45"><element-citation publication-type="book"><source>Construção da integralidade: cotidiano, saberes e práticas em saúde</source><date><year>2003</year></date><fpage>45</fpage><lpage>59</lpage><person-group><name><surname>MATTOS</surname><given-names>Ruben A. de</given-names></name><name><surname>PINHEIRO</surname><given-names>Roseni</given-names></name><name><surname>MATTOS</surname><given-names>Ruben A. de.</given-names></name><name><surname>PINHEIRO</surname><given-names>Roseni</given-names></name><name><surname>MATTOS</surname><given-names>Ruben A. de.</given-names></name></person-group></element-citation></ref><ref id="B46"><element-citation publication-type="article"><article-title>A organização da Atenção Básica em municípios integrantes do Projeto de Expansão e Consolidação do Saúde da Família em Mato Grosso, Brasil</article-title><source>Cadernos de Saúde Pública</source><date><year>2008</year></date><fpage>S29</fpage><lpage>S41</lpage><volume>24</volume><person-group><name><surname>MELO</surname><given-names>Elza M. de</given-names></name></person-group></element-citation></ref><ref id="B47"><element-citation publication-type="article"><article-title>Atenção Primária à Saúde no Brasil</article-title><source>Cadernos de Saúde Pública</source><date><year>2008</year></date><fpage>S4</fpage><lpage>S5</lpage><issue>24</issue><person-group><name><surname>MENDONÇA</surname><given-names>Maria H. M. de</given-names></name><name><surname>VASCONCELLOS</surname><given-names>Miguel M.</given-names></name><name><surname>VIANA</surname><given-names>Ana L. D.</given-names></name></person-group></element-citation></ref><ref id="B48"><element-citation publication-type="thesis"><source>A política de formação dos agentes comunitários de saúde: memória de uma formulação em disputa nos anos 2003-2005</source><date><year>2009</year></date><person-group><name><surname>MOROSINI</surname><given-names>Márcia. V. G.</given-names></name><name><surname>MOROSINI</surname><given-names>Márcia. V. G.</given-names></name></person-group></element-citation></ref><ref id="B49"><element-citation publication-type="article"><article-title>A política de saúde nos anos 90</article-title><source>Ciência &amp; Saúde Coletiva</source><date><year>2001</year></date><fpage>445</fpage><lpage>450</lpage><issue>2</issue><volume>6</volume><person-group><name><surname>NORONHA</surname><given-names>José C.</given-names></name><name><surname>SOARES</surname><given-names>Laura T.</given-names></name></person-group></element-citation></ref><ref id="B50"><element-citation publication-type="article"><article-title>A sustentabilidade econômico-financeira no Proesf em municípios do Amapá, Maranhão, Pará e Tocantins</article-title><source>Ciência &amp; Saúde Coletiva</source><date><year>2006</year></date><fpage>607</fpage><lpage>620</lpage><issue>3</issue><volume>11</volume><person-group><name><surname>PEREIRA</surname><given-names>Ana T. da S.</given-names></name></person-group></element-citation></ref><ref id="B51"><element-citation publication-type="article"><article-title>Increasing Returns, Path Dependence and the Study of Politics</article-title><source>The American Political Science Review</source><date><year>2000</year></date><fpage>251</fpage><lpage>267</lpage><issue>2</issue><volume>94</volume><person-group><name><surname>PIERSON</surname><given-names>Paul</given-names></name></person-group></element-citation></ref><ref id="B52"><element-citation publication-type="article"><article-title>Atenção básica em saúde e a busca por uma conceituação</article-title><source>Ciência &amp; Saúde Coletiva</source><date><year>2002</year></date><fpage>413</fpage><lpage>415</lpage><issue>3</issue><volume>7</volume><person-group><name><surname>RIBEIRO</surname><given-names>José M.</given-names></name></person-group></element-citation></ref><ref id="B53"><element-citation publication-type="article"><article-title>Avaliação do Programa Saúde da Família em municípios do Nordeste brasileiro: velhos e novos desaûos</article-title><source>Cadernos de Saúde Pública</source><date><year>2008</year></date><fpage>S69</fpage><lpage>S78</lpage><volume>24</volume><person-group><name><surname>ROCHA</surname><given-names>Paulo de M.</given-names></name></person-group></element-citation></ref><ref id="B54"><element-citation publication-type="article"><article-title>Impacto do Programa Saúde da Família sobre indicadores de saúde da criança em municípios de grande porte da região Nordeste do Brasil</article-title><source>Ciência &amp; Saúde Coletiva</source><date><year>2006</year></date><fpage>713</fpage><lpage>724</lpage><issue>3</issue><volume>11</volume><person-group><name><surname>RONCALLI</surname><given-names>Angelo G.</given-names></name><name><surname>LIMA</surname><given-names>Kenio C. de</given-names></name></person-group></element-citation></ref><ref id="B55"><element-citation publication-type="book"><source>VI Conferência Nacional</source><date><year>1977</year></date><person-group><name><surname>SEIXAS</surname><given-names>José C.</given-names></name></person-group><ext-link>http://bvsms.saude.gov.br/bvs/publicacoes/0216cns_tema3.pdf</ext-link></element-citation></ref><ref id="B56"><element-citation publication-type="book"><source>O Sistema Único de Saúde em dez anos de desafio: o passo a passo de uma reforma que alarga o desenvolvimento e estreita a desigualdade social</source><date><year>2002</year></date><fpage>221</fpage><lpage>240</lpage><person-group><name><surname>SOUZA</surname><given-names>Heloiza M. de</given-names></name><name><surname>NEGRI</surname><given-names>Barjas</given-names></name><name><surname>VIANA</surname><given-names>Ana L. d'.</given-names></name><name><surname>NEGRI</surname><given-names>Barjas</given-names></name><name><surname>VIANA</surname><given-names>Ana L. d'.</given-names></name></person-group></element-citation></ref><ref id="B57"><element-citation publication-type="book"><source>Atenção primária: equilíbrio entre necessidades de saúde, serviços e tecnologia</source><date><year>2002</year></date><person-group><name><surname>STARFIELD</surname><given-names>Bárbara</given-names></name><name><surname>STARFIELD</surname><given-names>Bárbara</given-names></name></person-group></element-citation></ref><ref id="B58"><element-citation publication-type="article"><article-title>Perfil sócio-demográfico e epidemiológico dos trabalhadores da atenção básica à saúde nas regiões Sul e Nordeste do Brasil</article-title><source>Cadernos de Saúde Pública</source><date><year>2008</year></date><fpage>S193</fpage><lpage>S201</lpage><volume>24</volume><person-group><name><surname>TOMASI</surname><given-names>Elaine</given-names></name></person-group></element-citation></ref><ref id="B59"><element-citation publication-type="book"><source>Relatório sobre Cuidados Primários de Saúde</source><date><month>09</month><year>1978</year></date><fpage>6</fpage><lpage>12</lpage></element-citation></ref><ref id="B60"><element-citation publication-type="article"><article-title>Percepção dos usuários e profissionais de saúde sobre atenção básica: comparação entre unidades com e sem saúde da família na Região Centro-Oeste do Brasil</article-title><source>Cadernos de Saúde Pública</source><date><year>2008</year></date><fpage>S148</fpage><lpage>S158</lpage><volume>24</volume><person-group><name><surname>VAN STRALEN</surname><given-names>Cornelis J.</given-names></name></person-group></element-citation></ref><ref id="B61"><element-citation publication-type="book"><source>Reforma em saúde no Brasil: Programa Saúde da Família. Informe Final</source><date><month>10</month><year>1998</year></date><person-group><name><surname>VIANA</surname><given-names>Ana L. D.</given-names></name><name><surname>DAL POZ</surname><given-names>Mário R.</given-names></name><name><surname>VIANA</surname><given-names>Ana L. D.</given-names></name><name><surname>DAL POZ</surname><given-names>Mário R.</given-names></name></person-group></element-citation></ref><ref id="B62"><element-citation publication-type="book"><source>Proteção social: dilemas e desafios</source><date><year>2005</year></date><fpage>189</fpage><lpage>218</lpage><person-group><name><surname>VIANA</surname><given-names>Ana L. D.</given-names></name><name><surname>SILVA</surname><given-names>Hudson P.</given-names></name><name><surname>VIANA</surname><given-names>Ana L. D.</given-names></name><name><surname>VIANA</surname><given-names>Ana L. D.</given-names></name></person-group></element-citation></ref><ref id="B63"><element-citation publication-type="article"><article-title>Modelos de atenção básica nos grandes municípios paulistas: efetividade, eficácia, sustentabilidade e governabilidade</article-title><source>Ciência &amp; Saúde Coletiva</source><date><year>2006</year></date><fpage>577</fpage><lpage>606</lpage><issue>3</issue><volume>11</volume><person-group><name><surname>VIANA</surname><given-names>Ana L. D.</given-names></name></person-group></element-citation></ref></ref-list></back></article></articles>