<articles xmlns:xsi="http://www.w3.org/2001/XMLSchema-instance" xsi:schemaLocation="https://raw.githubusercontent.com/scieloorg/articles_meta/master/tests/xsd/scielo_sci/ThomsonReuters_publishing.xsd" dtd-version="1.10"><article lang_id="pt" article-type="research-article"><front><journal-meta><journal-id journal-id-type="publisher">tes</journal-id><journal-title-group><journal-title>Trabalho, Educação e Saúde</journal-title><abbrev-journal-title>Trab. educ. saúde</abbrev-journal-title></journal-title-group><issn>1981-7746</issn><collection>SciELO Brazil</collection><publisher><publisher-name>Fundação Oswaldo Cruz, Escola Politécnica de Saúde Joaquim Venâncio</publisher-name></publisher></journal-meta><article-meta><unique-article-id pub-id-type="publisher-id">S1981-77462012000100006</unique-article-id><article-id pub-id-type="publisher-id">S1981-77462012000100006</article-id><article-id pub-id-type="doi">10.1590/S1981-77462012000100006</article-id><article-categories><subj-group><subject>EDUCATION &amp; EDUCATIONAL RESEARCH</subject><subject>PUBLIC, ENVIRONMENTAL &amp; OCCUPATIONAL HEALTH</subject></subj-group></article-categories><title-group><article-title lang_id="pt">Experiências de humanização por estudantes de medicina</article-title><trans-title-group lang_id="en"><trans-title>Humanization experiences for students of medicine</trans-title></trans-title-group></title-group><contrib-group><contrib contrib-type="author"><name><surname>Garcia</surname><given-names>Maria Alice Amorim</given-names></name><role>ND</role><xref ref-type="aff" rid="A01"/></contrib><contrib contrib-type="author"><name><surname>Ferreira</surname><given-names>Fernanda Proa</given-names></name><role>ND</role><xref ref-type="aff" rid="A02"/></contrib><contrib contrib-type="author"><name><surname>Ferronato</surname><given-names>Fernanda Avenoso</given-names></name><role>ND</role><xref ref-type="aff" rid="A03"/></contrib></contrib-group><aff id="A01"><institution>Pontifícia Universidade Católica de Campinas</institution><country>Brazil</country></aff><aff id="A02"><institution>Pontifícia Universidade Católica de Campinas</institution><country>Brazil</country></aff><aff id="A03"><institution>Pontifícia Universidade Católica de Campinas</institution><country>Brazil</country></aff><pub-date><month>06</month><year>2012</year></pub-date><volume>10</volume><issue>1</issue><fpage>87</fpage><lpage>106</lpage><permissions><license license-type="open-access" href="http://creativecommons.org/licenses/by-nc/4.0/"><license-p>This work is licensed under a Creative Commons Attribution-NonCommercial 4.0 International License.</license-p></license></permissions><self-uri href="http://www.scielo.br/scielo.php?script=sci_arttext&amp;pid=S1981-77462012000100006&amp;lng=en&amp;tlng=en" content-type="full_text_page"/><self-uri href="http://www.scielo.br/scielo.php?script=sci_issuetoc&amp;pid=1981-774620120001&amp;lng=en" content-type="issue_page"/><self-uri href="http://www.scielo.br/scielo.php?script=sci_serial&amp;pid=1981-7746&amp;lng=en" content-type="journal_page"/><abstract lang_id="pt"><p>Tendo em vista as dimensões da humanização na atenção e formação do profissional de saúde, as reformas curriculares implantadas nacionalmente e a experiência de reestruturação do projeto pedagógico da faculdade em estudo, esta pesquisa objetivou analisar as percepções de discentes de medicina referentes às experiências que possibilitaram o desenvolvimento de conteúdos, habilidades e comportamentos voltados à humanização. Procedeuse a um estudo de caráter qualitativo, com base nas narrativas de vivências significativas de cuidado e acolhimento, de 63 estudantes do segundo e do quarto anos. A análise embasou-se no conteúdo simbólico das redações, enfocando aspectos pedagógicos, psicológicos e éticos. Buscou-se ampliar a diversidade de pontos de vista e valorizar as mensagens que demonstravam percepções, impressões e intuições. Constataram-se como marcantes, principalmente, as atividades práticas que acontecem em diferentes cenários, quando se propicia aos discentes o acompanhamento, a responsabilização e o contato com o sofrimento perante a doença e a morte. Por meio de modelos docentes e profissionais, ou na relação direta com pacientes e famílias, tais situações criam movimentos de perturbação e desassossegos que implicam possíveis sentidos à humanização.</p></abstract><trans-abstract lang_id="en"><p>Given the dimensions of humanization in both the care and in the training of health professionals, the curriculum reforms implemented nationally and the educational project restructuring experience at the school under review, this article sought to analyze the medical students' views regarding the experiences that enabled them to develop content, skills and behaviors aimed at humanization. The authors conducted a qualitative study among 63 sophomore and senior students based on their accounts of significant experiences involving care and receptivity. The analysis was based on the symbolic content of the essays and focused on educational, psychological and ethical aspects involved. An attempt was made to broaden the diversity of viewpoints and add value to messages that showed perceptions, impressions and intuitions. It was shown that most striking ones were practical activities that took place in different scenarios, when students were required to monitor, assigned responsibilities related to, and came into contact with suffering caused by disease and death. By employing academic and professional models, or in the direct relationship with patients and families, such situations create movements of disturbance and unrest and direct possible senses towards humanization.</p></trans-abstract><kwd-group lang_id="pt" kwd-group-type="author-generated"><kwd>SUS</kwd><kwd>humanização da assistência</kwd><kwd>aprendizagem</kwd><kwd>estudantes de medicina</kwd><kwd>relações médico-paciente</kwd></kwd-group><kwd-group lang_id="en" kwd-group-type="author-generated"><kwd>NHS</kwd><kwd>humanization of care</kwd><kwd>learning</kwd><kwd>medical students</kwd><kwd>doctor-patient relationships</kwd></kwd-group></article-meta></front><back><ref-list><ref id="B1"><element-citation publication-type="article"><article-title>A humanização e a formação médica na perspectiva dos estudantes de Medicina da UFRN - Natal, RN, Brasil</article-title><source>Revista Brasileira de Educação Médica</source><date><year>2009</year></date><fpage>356</fpage><lpage>362</lpage><issue>3</issue><volume>33</volume><person-group><name><surname>ALVES</surname><given-names>Antonia Núbia de Oliveira</given-names></name></person-group></element-citation></ref><ref id="B2"><element-citation publication-type="article"><article-title>"Vivendo o SUS": uma experiência prática no cenário da atenção básica</article-title><source>Revista Brasileira de Educação Médica</source><date><year>2010</year></date><fpage>172</fpage><lpage>183</lpage><issue>1</issue><volume>34</volume><person-group><name><surname>ANJOS</surname><given-names>Rosana Maria Paiva</given-names></name></person-group></element-citation></ref><ref id="B3"><element-citation publication-type="article"><article-title>"They've all got to learn". Medical students' learning from patients in ambulatory (outpatient and general practice) consultations</article-title><source>Medical Teacher</source><date><year>2008</year></date><fpage>24</fpage><lpage>31</lpage><issue>2</issue><volume>31</volume><person-group><name><surname>ASHLEY</surname><given-names>Philippa</given-names></name></person-group></element-citation></ref><ref id="B4"><element-citation publication-type="article"><article-title>Humanização na saúde: um novo modismo?</article-title><source>Interface - Comunicação, Saúde, Educação</source><date><year>2005</year></date><fpage>389</fpage><lpage>394</lpage><issue>17</issue><volume>9</volume><person-group><name><surname>BENEVIDES</surname><given-names>Regina</given-names></name><name><surname>PASSOS</surname><given-names>Eduardo</given-names></name></person-group></element-citation></ref><ref id="B5"><element-citation publication-type="article"><article-title>Novas tendências, velhas atitudes: as distâncias entre valores humanísticos e inter-relações observadas em um espaço docente e assistência</article-title><source>Revista Brasileira de Educação Médica</source><date><year>2010</year></date><fpage>28</fpage><lpage>42</lpage><issue>1</issue><volume>34</volume><person-group><name><surname>BINZ</surname><given-names>Mara Cristina</given-names></name><name><surname>MENEZES FILHO</surname><given-names>Eliezer Walter</given-names></name><name><surname>SAUPE</surname><given-names>Rozita</given-names></name></person-group></element-citation></ref><ref id="B6"><element-citation publication-type="book"><source>Diretrizes Curriculares Nacionais do Curso de Graduação em Medicina</source><date><year>2001</year></date></element-citation></ref><ref id="B7"><element-citation publication-type="article"><article-title>Percepção e avaliação dos alunos do curso de medicina de uma escola médica pública sobre a importância do estágio em saúde da família na sua formação</article-title><source>Revista Brasileira de Educação Médica</source><date><year>2008</year></date><fpage>8389</fpage><issue>1</issue><volume>32</volume><person-group><name><surname>CAMPOS</surname><given-names>Maria Angélica de Figueiredo</given-names></name><name><surname>FORSTER</surname><given-names>Aldaísa Cassanho</given-names></name></person-group></element-citation></ref><ref id="B8"><element-citation publication-type="article"><article-title>Relação médico-paciente: a essência perdida</article-title><source>Interface - Comunicação, Saúde, Educação</source><date><year>2007</year></date><fpage>619635</fpage><issue>23</issue><volume>11</volume><person-group><name><surname>COELHO FILHO</surname><given-names>João Macêdo</given-names></name></person-group></element-citation></ref><ref id="B9"><element-citation publication-type="article"><article-title>Docência no ensino médico: por que é tão difícil mudar?</article-title><source>Revista Brasileira de Educação Médica</source><date><year>2007</year></date><fpage>2130</fpage><issue>1</issue><volume>31</volume><person-group><name><surname>COSTA</surname><given-names>Nilce Maria da Silva Campos</given-names></name></person-group></element-citation></ref><ref id="B10"><element-citation publication-type="article"><article-title>On humility</article-title><source>Annals of Internal Medicine</source><date><year>2010</year></date><fpage>200201</fpage><issue>3,</issue><volume>153</volume><person-group><name><surname>COULEHAN</surname><given-names>Jack</given-names></name></person-group></element-citation></ref><ref id="B11"><element-citation publication-type="article"><article-title>Análise do discurso oficial sobre a humanização da assistência hospitalar</article-title><source>Ciência &amp; Saúde Coletiva</source><date><year>2004</year></date><fpage>714</fpage><issue>1</issue><volume>9</volume><person-group><name><surname>DESLANDES</surname><given-names>Suely Ferreira</given-names></name></person-group></element-citation></ref><ref id="B12"><element-citation publication-type="article"><article-title>Students' opinions about the effects of preclinical patient contacts on their learning</article-title><source>Advances in Health Science Education</source><date><year>2008</year></date><fpage>633647</fpage><issue>5</issue><volume>13</volume><person-group><name><surname>DIEMERS</surname><given-names>Agnes D.</given-names></name></person-group></element-citation></ref><ref id="B13"><element-citation publication-type="article"><article-title>Graduação e prática médica: expectativas e concepções de estudantes de medicina do 1º ao 6º ano</article-title><source>Revista Brasileira de Educação Médica</source><date><year>2004</year></date><fpage>198203</fpage><issue>3</issue><volume>28</volume><person-group><name><surname>DINI</surname><given-names>Patrícia Skolaude</given-names></name><name><surname>BATISTA</surname><given-names>Nildo Alves</given-names></name></person-group></element-citation></ref><ref id="B14"><element-citation publication-type="article"><article-title>Communication skills for preventive interventions</article-title><source>Academic Medicine</source><date><year>2000</year></date><fpage>S4554</fpage><issue>7</issue><volume>75</volume><person-group><name><surname>DUBÉ</surname><given-names>Catherine E.</given-names></name><name><surname>O'DONNE'L</surname><given-names>Joseph F.</given-names></name><name><surname>NOVACK</surname><given-names>Dennis H.</given-names></name></person-group></element-citation></ref><ref id="B15"><element-citation publication-type="article"><article-title>Discutindo a relação entre espaço e aprendizagem na formação de profissionais de saúde</article-title><source>Interface - Comunicação, Saúde, Educação</source><date><year>2005</year></date><fpage>105114</fpage><issue>16</issue><volume>9</volume><person-group><name><surname>FAGUNDES</surname><given-names>Norma Carapiá</given-names></name><name><surname>BURNHAM</surname><given-names>Teresinha Fróes</given-names></name></person-group></element-citation></ref><ref id="B16"><element-citation publication-type="article"><article-title>Formação do profissional médico: a aprendizagem na atenção básica de saúde</article-title><source>Revista Brasileira de Educação Médica</source><date><year>2007</year></date><fpage>5259</fpage><issue>1</issue><volume>31</volume><person-group><name><surname>FERREIRA</surname><given-names>Ricardo Corrêa</given-names></name><name><surname>SILVA</surname><given-names>Roseli Ferreira</given-names></name><name><surname>AGUER</surname><given-names>Cristiane Biscaino</given-names></name></person-group></element-citation></ref><ref id="B17"><element-citation publication-type="article"><article-title>Learning from mistakes: factors that influence how students and residents learn from medical errors</article-title><source>Jornal of General Internal Medicine</source><date><year>2006</year></date><fpage>419423</fpage><issue>5</issue><volume>21</volume><person-group><name><surname>FISCHER</surname><given-names>Melissa A.</given-names></name></person-group></element-citation></ref><ref id="B18"><element-citation publication-type="article"><article-title>Saber, agir e educar: o ensino-aprendizagem em serviços de saúde</article-title><source>Interface - Comunicação, Saúde, Educação</source><date><year>2001</year></date><fpage>89100</fpage><issue>8</issue><volume>5</volume><person-group><name><surname>GARCIA</surname><given-names>Maria Alice Amorim</given-names></name></person-group></element-citation></ref><ref id="B19"><element-citation publication-type="article"><article-title>Inserção dos alunos da primeira série do curso de medicina em serviços de saúde</article-title><source>Revista Brasileira de Educação Médica</source><date><year>2003</year></date><fpage>8390</fpage><issue>2</issue><volume>27</volume><person-group><name><surname>GONÇALVES</surname><given-names>Maria Bernadete</given-names></name><name><surname>MORAES</surname><given-names>Ana Maria S. M.</given-names></name></person-group></element-citation></ref><ref id="B20"><element-citation publication-type="book"><source>Formação e intervenção</source><date><year>2010</year></date><fpage>1328</fpage><person-group><name><surname>HECKERT</surname><given-names>Ana Lúcia Coelho</given-names></name><name><surname>NEVES</surname><given-names>Cláudia Abbês Baeta</given-names></name></person-group></element-citation></ref><ref id="B21"><element-citation publication-type="article"><article-title>Um seminário dispositivo: a humanização do Sistema Único de Saúde (SUS) em debate</article-title><source>Interface - Comunicação, Saúde, Educação</source><date><year>2009</year></date><fpage>493502</fpage><volume>13</volume><person-group><name><surname>HECKERT</surname><given-names>Ana Lúcia Coelho</given-names></name><name><surname>PASSOS</surname><given-names>Eduardo</given-names></name><name><surname>BARROS</surname><given-names>Maria Elizabeth Barros</given-names></name></person-group></element-citation></ref><ref id="B22"><element-citation publication-type="article"><article-title>Gestão dos processos de trabalho e humanização em saúde: reflexões a partir da ergologia</article-title><source>Revista de Saúde Pública</source><date><year>2008</year></date><fpage>555561</fpage><issue>3</issue><volume>42</volume><person-group><name><surname>HENNINGTON</surname><given-names>Élida Azevedo</given-names></name></person-group></element-citation></ref><ref id="B23"><element-citation publication-type="article"><article-title>Early clerkships</article-title><source>Medical Teacher</source><date><year>2007</year></date><fpage>915920</fpage><issue>9</issue><volume>29</volume><person-group><name><surname>KAMALSKI</surname><given-names>D. M.</given-names></name></person-group></element-citation></ref><ref id="B24"><element-citation publication-type="book"><source>Medicina ambulatorial: condutas de atenção primária baseadas em evidências</source><date><year>2004</year></date><fpage>131142</fpage><person-group><name><surname>KLOETZEL</surname><given-names>Kurt</given-names></name><name><surname>DUNCAN</surname><given-names>Bruce B.</given-names></name><name><surname>DUNCAN</surname><given-names>Bruce B.</given-names></name></person-group></element-citation></ref><ref id="B25"><element-citation publication-type="book"><source>Pesquisa em educação: abordagens qualitativas</source><date><year>1986</year></date><fpage>2544</fpage><person-group><name><surname>LUDKE</surname><given-names>Menga</given-names></name><name><surname>ANDRÉ</surname><given-names>Marli. E. D.</given-names></name><name><surname>LUDKE</surname><given-names>Menga</given-names></name><name><surname>ANDRÉ</surname><given-names>Marli. E. D.</given-names></name></person-group></element-citation></ref><ref id="B26"><element-citation publication-type="book"><source>Agir em saúde: um desafio para o público</source><date><year>1997</year></date><fpage>71112</fpage><person-group><name><surname>MERHY</surname><given-names>Emerson Elias</given-names></name><name><surname>MERHY</surname><given-names>Emerson Elias</given-names></name><name><surname>ONOCKO</surname><given-names>Rosana</given-names></name><name><surname>MERHY</surname><given-names>Emerson Elias</given-names></name><name><surname>ONOCKO</surname><given-names>Rosana</given-names></name></person-group></element-citation></ref><ref id="B27"><element-citation publication-type="book"><source>Os sete saberes necessários à educação do futuro</source><date><year>2001</year></date><person-group><name><surname>MORIN</surname><given-names>Edgar</given-names></name><name><surname>MORIN</surname><given-names>Edgar</given-names></name></person-group></element-citation></ref><ref id="B28"><element-citation publication-type="article"><article-title>O encontro com a morte: à procura do mestre Quíron na formação médica</article-title><source>Revista Brasileira de Educação Médica</source><date><year>2010</year></date><fpage>487496</fpage><issue>4</issue><volume>34</volume><person-group><name><surname>NOGUEIRA DA SILVA</surname><given-names>Geórgia Sibele</given-names></name><name><surname>AYRES</surname><given-names>José Ricardo C. M.</given-names></name></person-group></element-citation></ref><ref id="B29"><element-citation publication-type="book"><source>Formação e intervenção</source><date><year>2010</year></date><fpage>6371</fpage><person-group><name><surname>PASCHE</surname><given-names>Dario Frederico</given-names></name></person-group></element-citation></ref><ref id="B30"><element-citation publication-type="article"><article-title>A angústia na formação do estudante de medicina</article-title><source>Revista Brasileira de Educação Médica</source><date><year>2008</year></date><fpage>714</fpage><issue>1</issue><volume>32</volume><person-group><name><surname>QUINTANA</surname><given-names>Alberto Manuel</given-names></name></person-group></element-citation></ref><ref id="B31"><element-citation publication-type="article"><article-title>Bioética e humanização como temas transversais na formação médica</article-title><source>Revista Brasileira de Educação Médica</source><date><year>2008</year></date><fpage>482491</fpage><issue>4</issue><volume>32</volume><person-group><name><surname>REGO</surname><given-names>Sergio</given-names></name><name><surname>GOMES</surname><given-names>Andréia Patrícia</given-names></name><name><surname>SIQUEIRABATISTA</surname><given-names>Rodrigo</given-names></name></person-group></element-citation></ref><ref id="B32"><element-citation publication-type="article"><article-title>Ser e fazer diferente... É possível provocar o desejo?</article-title><source>Interface - Comunicação, Saúde, Educação</source><date><year>2007</year></date><fpage>619635</fpage><issue>23</issue><volume>11</volume><person-group><name><surname>RIOS</surname><given-names>Izabel Cristina</given-names></name></person-group></element-citation></ref><ref id="B33"><element-citation publication-type="article"><article-title>Formação médica, racionalidade e experiência</article-title><source>Ciência &amp; Saúde Coletiva</source><date><year>2001</year></date><fpage>8796</fpage><issue>1</issue><volume>6</volume><person-group><name><surname>SOUZA</surname><given-names>Alícia Navarro de</given-names></name></person-group></element-citation></ref><ref id="B34"><element-citation publication-type="book"><source>Tratado da metodologia da pesquisa clínicoqualitativa</source><date><year>2003</year></date><fpage>351522</fpage><person-group><name><surname>TURATO</surname><given-names>Egberto Ribeiro</given-names></name><name><surname>TURATO</surname><given-names>Egberto Ribeiro</given-names></name></person-group></element-citation></ref></ref-list></back></article></articles>