<articles xmlns:xsi="http://www.w3.org/2001/XMLSchema-instance" xsi:schemaLocation="https://raw.githubusercontent.com/scieloorg/articles_meta/master/tests/xsd/scielo_sci/ThomsonReuters_publishing.xsd" dtd-version="1.10"><article lang_id="pt" article-type="research-article"><front><journal-meta><journal-id journal-id-type="publisher">tes</journal-id><journal-title-group><journal-title>Trabalho, Educação e Saúde</journal-title><abbrev-journal-title>Trab. educ. saúde</abbrev-journal-title></journal-title-group><issn>1981-7746</issn><collection>SciELO Brazil</collection><publisher><publisher-name>Fundação Oswaldo Cruz, Escola Politécnica de Saúde Joaquim Venâncio</publisher-name></publisher></journal-meta><article-meta><unique-article-id pub-id-type="publisher-id">S1981-77462005000100003</unique-article-id><article-id pub-id-type="publisher-id">S1981-77462005000100003</article-id><article-id pub-id-type="doi">10.1590/S1981-77462005000100003</article-id><article-categories><subj-group><subject>EDUCATION &amp; EDUCATIONAL RESEARCH</subject><subject>PUBLIC, ENVIRONMENTAL &amp; OCCUPATIONAL HEALTH</subject></subj-group></article-categories><title-group><article-title lang_id="pt">Ética é limite</article-title><trans-title-group lang_id="en"><trans-title>Ethics means limits</trans-title></trans-title-group></title-group><contrib-group><contrib contrib-type="author"><name><surname>Cortes</surname><given-names>Bianca Antunes</given-names></name><role>ND</role><xref ref-type="aff" rid="A01"/></contrib></contrib-group><aff id="A01"><institution>Fundação Oswaldo Cruz</institution><country>Brazil</country></aff><pub-date><month>03</month><year>2005</year></pub-date><volume>3</volume><issue>1</issue><fpage>31</fpage><lpage>49</lpage><permissions><license license-type="open-access" href="http://creativecommons.org/licenses/by-nc/4.0/"><license-p>This work is licensed under a Creative Commons Attribution-NonCommercial 4.0 International License.</license-p></license></permissions><self-uri href="http://www.scielo.br/scielo.php?script=sci_arttext&amp;pid=S1981-77462005000100003&amp;lng=en&amp;tlng=en" content-type="full_text_page"/><self-uri href="http://www.scielo.br/scielo.php?script=sci_issuetoc&amp;pid=1981-774620050001&amp;lng=en" content-type="issue_page"/><self-uri href="http://www.scielo.br/scielo.php?script=sci_serial&amp;pid=1981-7746&amp;lng=en" content-type="journal_page"/><abstract lang_id="pt"><p>O presente ensaio põe em destaque as relações existentes entre conhecimento, poder e ética. No início de um novo milênio, não são poucas as implicações decorrentes das conquistas no campo das ciências da vida, cujas repercussões se refletem no cotidiano de trabalho dos profissionais de saúde e atualizam a interrogação quanto ao que é ou que não é 'bom' para o homem. Na trajetória da humanidade, a vida (do próprio homem, da natureza e dos outros seres não pertencentes à espécie humana) marca o motivo e o objetivo do conhecimento. No contexto das biotecnologias, coloca-se uma pergunta: em que medida estamos nos distanciando daquele motivo primeiro? Três autores se destacam, neste ensaio, na busca por uma resposta: Martin Buber, Hans Jonas e Emmanuel Lévinas. Eu e Tu, O princípio da responsabilidade e Humanismo do outro homem são obras que afirmam a 'alteridade' como motivo da ética. 'A presença do outro' é o que funda o encontro ético. O encontro com o 'diferente de mim' inaugura o 'ato de conhecer' e a ética.</p></abstract><trans-abstract lang_id="en"><p>The present essay focuses on the relationship between knowledge, power and ethics. At the start of a new millennium, many are the implications of the achievements in the sciences of life, as the repercussions of these achievements have consequences for the health professionals' everyday work and bring up to date the doubts on what is or is not 'good' for the human being. In mankind's trajectory, life (of the human being, of nature and of other beings not belonging to the human species) is the motive and the objective of learning. In the biotechnological context, we ask: to what extent are we distancing ourselves from this primary motive? In seeking an answer for this question, this essay, looks, in particular, at the work of Martin Buber, Hans Jonas and Emmanuel Lévinas. Eu e Tu, O princípio da responsabilidade and Humanismo do outro homem are works in which the 'alterity' is considered to be the motive of ethics. 'The other's presence' is the basis for the ethical encounter. The encounter with that which is 'different from me' initiates the 'act of knowing' and ethics.</p></trans-abstract><kwd-group lang_id="en" kwd-group-type="author-generated"><kwd>ethics</kwd><kwd>responsibility</kwd><kwd>alterity</kwd><kwd>knowledge</kwd><kwd>power and ethics</kwd><kwd>ethics and science</kwd></kwd-group><kwd-group lang_id="pt" kwd-group-type="author-generated"><kwd>ética</kwd><kwd>responsabilidade</kwd><kwd>alteridade</kwd><kwd>conhecimento</kwd><kwd>poder e ética</kwd><kwd>ética e ciência</kwd></kwd-group></article-meta></front><back><ref-list><ref id="B1"><element-citation publication-type="book"><source>A condição humana</source><date><year>1991</year></date><person-group><name><surname>ARENDT</surname><given-names>Hannah</given-names></name><name><surname>ARENDT</surname><given-names>Hannah</given-names></name></person-group></element-citation></ref><ref id="B2"><element-citation publication-type="book"><source>Os labirintos do silêncio: cosmovisão e tecnologia na modernidade</source><fpage>104</fpage><lpage>115</lpage><person-group><name><surname>BARTHOLO</surname><given-names>Roberto.</given-names></name><name><surname>BARTHOLO</surname><given-names>Roberto</given-names></name><name><surname>BARTHOLO</surname><given-names>Roberto</given-names></name></person-group></element-citation></ref><ref id="B3"><element-citation publication-type="book"><source>Você e eu</source><date><year>2001</year></date><person-group><name><surname>BARTHOLO</surname><given-names>Roberto.</given-names></name></person-group></element-citation></ref><ref id="B4"><element-citation publication-type="book"><source>Da biologia à ética: novos poderes da ciência, novos deveres dos Homens</source><date><year>1990</year></date><person-group><name><surname>BERNARD</surname><given-names>Jean</given-names></name><name><surname>BERNARD</surname><given-names>Jean</given-names></name></person-group></element-citation></ref><ref id="B5"><element-citation publication-type="thesis"><source>Atualidade do pensamento de Hans Jonas: uma introdução ao princípio da responsabilidade</source><date><year>1997</year></date><person-group><name><surname>BONIFÁCIO</surname><given-names>Aldo M.</given-names></name><name><surname>BONIFÁCIO</surname><given-names>Aldo M.</given-names></name></person-group></element-citation></ref><ref id="B6"><element-citation publication-type="book"><source>Eu e tu</source><date><year>1979</year></date><person-group><name><surname>BUBER</surname><given-names>Martin</given-names></name><name><surname>BUBER</surname><given-names>Martin</given-names></name></person-group></element-citation></ref><ref id="B7"><element-citation publication-type="book"><source>¿Que es el hombre?</source><date><year>1985</year></date><person-group><name><surname>BUBER</surname><given-names>Martin</given-names></name></person-group></element-citation></ref><ref id="B8"><element-citation publication-type="book"><source>O homem revoltado</source><date><year>1996</year></date><person-group><name><surname>CAMUS</surname><given-names>Albert</given-names></name><name><surname>CAMUS</surname><given-names>Albert</given-names></name></person-group></element-citation></ref><ref id="B9"><element-citation publication-type="article"><article-title>'Responsabilidade': um imperativo para a discussão do que hacer científico</article-title><source>Ciência &amp; Saúde Coletiva</source><fpage>17</fpage><lpage>18</lpage><issue>2</issue><volume>3</volume><person-group><name><surname>CORTES</surname><given-names>Bianca A.</given-names></name></person-group></element-citation></ref><ref id="B10"><element-citation publication-type="thesis"><source>A vida da ética: conhecimento, poder e ética no contexto das modernas biotecnologias</source><date><year>2001</year></date><person-group><name><surname>CORTES</surname><given-names>Bianca A.</given-names></name></person-group></element-citation></ref><ref id="B11"><element-citation publication-type="book"><source>Ética e sustentabilidade</source><fpage>19</fpage><lpage>31</lpage><person-group><name><surname>CORTES</surname><given-names>Bianca A.</given-names></name><name><surname>BARTHOLO</surname><given-names>Roberto</given-names></name><name><surname>BARTHOLO</surname><given-names>Roberto</given-names></name></person-group></element-citation></ref><ref id="B12"><element-citation publication-type="book"><source>Dicionário Etimológico: nova fronteira da língua portuguesa</source><date><year>1982</year></date><person-group><name><surname>CUNHA</surname><given-names>Antônio G. da</given-names></name><name><surname>CUNHA</surname><given-names>Antônio G. da</given-names></name></person-group></element-citation></ref><ref id="B13"><element-citation publication-type="book"><source>Adeus a Emmanuel Lévinas</source><date><year>2004</year></date><person-group><name><surname>DERRIDA</surname><given-names>Jacques</given-names></name><name><surname>DERRIDA</surname><given-names>Jacques</given-names></name></person-group></element-citation></ref><ref id="B14"><element-citation publication-type="book"><source>A arte de amar</source><date><year>2000</year></date><person-group><name><surname>FROMM</surname><given-names>Erich</given-names></name><name><surname>FROMM</surname><given-names>Erich</given-names></name></person-group></element-citation></ref><ref id="B15"><element-citation publication-type="book"><source>Correntes fundamentais da ética contemporânea</source><fpage>193</fpage><lpage>206</lpage><person-group><name><surname>GIACOIA JR</surname><given-names>Oswaldo</given-names></name><name><surname>OLIVEIRA</surname><given-names>Manfredo A. de</given-names></name><name><surname>OLIVEIRA</surname><given-names>Manfredo A. de</given-names></name></person-group></element-citation></ref><ref id="B16"><element-citation publication-type="book"><source>The phenomenon of life: toward a philosophical biology</source><date><year>1966</year></date><person-group><name><surname>JONAS</surname><given-names>Hans</given-names></name><name><surname>JONAS</surname><given-names>Hans</given-names></name></person-group></element-citation></ref><ref id="B17"><element-citation publication-type="book"><source>Philosophical essays: from ancient creed to tecnological men</source><fpage>45</fpage><lpage>80</lpage><person-group><name><surname>JONAS</surname><given-names>Hans</given-names></name><name><surname>JONAS</surname><given-names>Hans</given-names></name><name><surname>JONAS</surname><given-names>Hans</given-names></name></person-group></element-citation></ref><ref id="B18"><element-citation publication-type="book"><source>The imperative of responsability: search of an ethics for the technological age</source><date><year>1984</year></date><person-group><name><surname>JONAS</surname><given-names>Hans</given-names></name></person-group></element-citation></ref><ref id="B19"><element-citation publication-type="book"><source>Totalidade e infinito</source><date><year>1988</year></date><person-group><name><surname>LÉVINAS</surname><given-names>Emmanuel</given-names></name><name><surname>LÉVINAS</surname><given-names>Emmanuel</given-names></name></person-group></element-citation></ref><ref id="B20"><element-citation publication-type="book"><source>Humanismo do outro homem</source><date><year>1993</year></date><person-group><name><surname>LÉVINAS</surname><given-names>Emmanuel</given-names></name></person-group></element-citation></ref><ref id="B21"><element-citation publication-type="book"><source>Correntes fundamentais da ética contemporânea</source><fpage>79</fpage><lpage>97</lpage><person-group><name><surname>PIVATTO</surname><given-names>Pergentino S</given-names></name><name><surname>MANFREDO</surname><given-names>A. de Oliveira</given-names></name><name><surname>MANFREDO</surname><given-names>A. de Oliveira</given-names></name></person-group></element-citation></ref><ref id="B22"><element-citation publication-type="book"><source>Desenvolvimento como liberdade</source><date><year>2000</year></date><person-group><name><surname>SEN</surname><given-names>Amartya</given-names></name><name><surname>SEN</surname><given-names>Amartya</given-names></name></person-group></element-citation></ref><ref id="B23"><element-citation publication-type="book"><source>Sentido e alteridade: dez ensaios sobre o pensamento de Emmanuel Lévinas</source><date><year>2000</year></date><person-group><name><surname>SOUZA</surname><given-names>Ricardo T. de</given-names></name><name><surname>SOUZA</surname><given-names>Ricardo T. de</given-names></name></person-group></element-citation></ref><ref id="B24"><element-citation publication-type="book"><source>O homem messiânico: uma introdução ao pensamento de Emmanuel Lévinas</source><date><year>1984</year></date><person-group><name><surname>SUSIN</surname><given-names>Luiz Carlos</given-names></name><name><surname>SUSIN</surname><given-names>Luiz Carlos</given-names></name></person-group></element-citation></ref><ref id="B25"><element-citation publication-type="book"><source>Escritos de filosofia II: ética e cultura</source><date><year>1998</year></date><person-group><name><surname>VAZ</surname><given-names>Henrique Cláudio de L</given-names></name><name><surname>VAZ</surname><given-names>Henrique Cláudio de L</given-names></name></person-group></element-citation></ref></ref-list></back></article></articles>