<articles xmlns:xsi="http://www.w3.org/2001/XMLSchema-instance" xsi:schemaLocation="https://raw.githubusercontent.com/scieloorg/articles_meta/master/tests/xsd/scielo_sci/ThomsonReuters_publishing.xsd" dtd-version="1.10"><article lang_id="pt" article-type="research-article"><front><journal-meta><journal-id journal-id-type="publisher">tes</journal-id><journal-title-group><journal-title>Trabalho, Educação e Saúde</journal-title><abbrev-journal-title>Trab. educ. saúde</abbrev-journal-title></journal-title-group><issn>1981-7746</issn><collection>SciELO Brazil</collection><publisher><publisher-name>Fundação Oswaldo Cruz, Escola Politécnica de Saúde Joaquim Venâncio</publisher-name></publisher></journal-meta><article-meta><unique-article-id pub-id-type="publisher-id">S1981-77462010000200004</unique-article-id><article-id pub-id-type="publisher-id">S1981-77462010000200004</article-id><article-id pub-id-type="doi">10.1590/S1981-77462010000200004</article-id><article-categories><subj-group><subject>EDUCATION &amp; EDUCATIONAL RESEARCH</subject><subject>PUBLIC, ENVIRONMENTAL &amp; OCCUPATIONAL HEALTH</subject></subj-group></article-categories><title-group><article-title lang_id="pt">A crescente escolarização do agente comunitário de saúde: uma indução do processo de trabalho?</article-title><trans-title-group lang_id="en"><trans-title>The increasing schooling of the community health agent: an induction of the work process?</trans-title></trans-title-group></title-group><contrib-group><contrib contrib-type="author"><name><surname>Mota</surname><given-names>Roberta Rodrigues de Alencar</given-names></name><role>ND</role></contrib><contrib contrib-type="author"><name><surname>David</surname><given-names>Helena Maria Scherlowski Leal</given-names></name><role>ND</role></contrib></contrib-group><pub-date><month>10</month><year>2010</year></pub-date><volume>8</volume><issue>2</issue><fpage>229</fpage><lpage>248</lpage><permissions><license license-type="open-access" href="http://creativecommons.org/licenses/by-nc/4.0/"><license-p>This work is licensed under a Creative Commons Attribution-NonCommercial 4.0 International License.</license-p></license></permissions><self-uri href="http://www.scielo.br/scielo.php?script=sci_arttext&amp;pid=S1981-77462010000200004&amp;lng=en&amp;tlng=en" content-type="full_text_page"/><self-uri href="http://www.scielo.br/scielo.php?script=sci_issuetoc&amp;pid=1981-774620100002&amp;lng=en" content-type="issue_page"/><self-uri href="http://www.scielo.br/scielo.php?script=sci_serial&amp;pid=1981-7746&amp;lng=en" content-type="journal_page"/><abstract lang_id="pt"><p>O agente comunitário de saúde (ACS) é um dos atores profissionais que compõem as equipes da Estratégia Saúde da Família (ESF), sendo sua atuação considerada fundamental para a ampliação e consolidação dessa estratégia. Desde as primeiras experiências locais com ACS em fins dos anos 1970, seu perfil sociodemográfico vem apresentando mudanças. Este artigo tem por objetivo apresentar e discutir o aspecto da escolaridade e da capacitação dos ACS que atuam na Área Programática (AP) 5.2 do município do Rio de Janeiro, articulando trabalho e educação e entendendo o trabalho como um princípio emancipatório. Este estudo foi formulado com base na ideia de triangulação metodológica, aqui alcançada a partir da formulação original de Denzin. Os dados sobre a escolaridade dos ACS foram obtidos mediante questionário autoaplicável individual, respondidos por 301 ACS dos 12 módulos de ESF e seis módulos da Estratégia de Agentes Comunitários de Saúde (EACS) da AP 5.2. A apresentação e a discussão dos dados mostram mudanças no perfil de escolaridade desse trabalhador, concluindo-se que o ACS é um trabalhador que busca alternativas de escolarização e formação profissional. Defende-se a ampliação da escolaridade e o ensino técnico como processo para a consolidação do Sistema Único de Saúde.</p></abstract><trans-abstract lang_id="en"><p>Community health agents (CHA) are among the professional players that make up the Family Health Strategy (FHS) teams, and their performance is considered as critical to the expansion and consolidation of this strategy. Since the first local experiences with CHAs in the late 1970s, their sociodemographic profile has been changing. This article aims to present and discuss the aspect of education and training of the CHAs who work in Program Area (PA) 5.2 of the city of Rio de Janeiro, integrating work and education and understanding the work as an emancipatory principle. This study was formulated based on the methodological triangulation idea, reached here based on the original formulation of Denzin. Data on the CHAs' education were obtained via an individual self-applied questionnaire answered by 301 of the CHAs of the 12 FHS modules and six Community Health Workers Strategy (CHWS) modules of PA 5.2. The presentation and discussion of the data show changes in this worker's educational profile, and it can be concluded that the CHA is a worker who is in search of alternative schooling and vocational training. An expansion of the schooling and technical education is defended as a process to consolidate the Unified Health System.</p></trans-abstract><kwd-group lang_id="en" kwd-group-type="author-generated"><kwd>community health agent</kwd><kwd>schooling</kwd><kwd>vocational training</kwd></kwd-group><kwd-group lang_id="pt" kwd-group-type="author-generated"><kwd>agente comunitário de saúde</kwd><kwd>escolarização</kwd><kwd>formação profissional</kwd></kwd-group></article-meta></front><back><ref-list><ref id="B1"><element-citation publication-type="article"><article-title>A identidade do agente comunitário de saúde: uma abordagem fenomenológica</article-title><source>Ciência &amp; Saúde Coletiva</source><date><year>2008</year></date><issue>1</issue><volume>13</volume><person-group><name><surname>BACHILLI</surname><given-names>Rosane G.</given-names></name><name><surname>SCAVASSA</surname><given-names>Ailton J.</given-names></name><name><surname>SPIRI</surname><given-names>Wilza. C.</given-names></name></person-group><ext-link>www.scielo.br/pdf/csc/v13n1/09.pdf</ext-link></element-citation></ref><ref id="B2"><element-citation publication-type="book"><source>Abordagem interdisciplinar das novas condições e processos de trabalho em saúde: o caso dos agentes comunitários de saúde</source><date><month>12</month><year>2009</year></date><person-group><name><surname>BARBOSA</surname><given-names>Regina H. S.</given-names></name><name><surname>DAVID</surname><given-names>Helena M.S.L.</given-names></name><name><surname>DAVID</surname><given-names>Helena M.S.L.</given-names></name></person-group></element-citation></ref><ref id="B3"><element-citation publication-type="thesis"><source>O agente comunitário de saúde na mediação de saberes</source><date><year>2007</year></date><person-group><name><surname>BORNSTEIN</surname><given-names>Vera J.</given-names></name><name><surname>BORNSTEIN</surname><given-names>Vera J.</given-names></name></person-group></element-citation></ref><ref id="B4"><element-citation publication-type="article"><article-title>Concepts involved in the training and work processes of community healthcare agents: a bibliographical review</article-title><source>Ciência &amp; Saúde Coletiva</source><date><year>2008</year></date><issue>1</issue><volume>13</volume><person-group><name><surname>BORNSTEIN</surname><given-names>Vera J.</given-names></name><name><surname>STOTZ</surname><given-names>Eduardo N.</given-names></name></person-group><ext-link>www.scielosp.org/pdf/csc/ v13n1/28.pdf</ext-link></element-citation></ref><ref id="B5"><element-citation publication-type="book"><source>Emenda constitucional n.º 51, de 14 de fevereiro de 2006. Acrescenta os §§ 4º, 5º e 6º ao art. 198 da Constituição Federal</source><date><year>2006</year></date><ext-link>www.planalto.gov.br/ccivil_03/constituicao/ emendas/emc/emc51.htm</ext-link></element-citation></ref><ref id="B6"><element-citation publication-type="undefined"><date><year>2000</year></date></element-citation></ref><ref id="B7"><element-citation publication-type="book"><source>Lei n.º 10.507, de 10 de julho de 2002. Cria a profissão de agente comunitário de saúde e dá outras providências</source><date><year>2002</year></date><ext-link>http://dtr2004. saude.gov.br/dab/docs/legislacao/lei10507_ 10_07_02.pdf</ext-link></element-citation></ref><ref id="B8"><element-citation publication-type="book"><source>Lei n.º 11.350, de 5 de outubro de 2006. Regulamenta o § 5º do art. 198 da Constituição, dispõe sobre o aproveitamento de pessoal amparado pelo parágrafo único do art. 2º da emenda constitucional n.º 51, de 14 fev. 2006, e dá outras providências</source><date><year>2006</year></date><ext-link>www.planalto.gov.br/ccivil_03/_Ato2004 -2006/2006/Lei/L11350.htm</ext-link></element-citation></ref><ref id="B9"><element-citation publication-type="book"><source>Portaria n.º 1.886/GM, de 18 de dezembro de 1997. Aprova as normas e diretrizes do programa de agentes comunitários de saúde e do Programa de Saúde da Família</source><date><day>22</day><month>12</month><year>1997</year></date><fpage>11</fpage><lpage>13</lpage><ext-link>www.saude.sc. gov.br/PSF/PORTARIAS/Portaria%20n1886 %20-%20original%2018dez1997.doc</ext-link></element-citation></ref><ref id="B10"><element-citation publication-type="book"><source>Projeto de Expansão e Consolidação do Saúde da Família (Proesf)</source><date><year>2003</year></date></element-citation></ref><ref id="B11"><element-citation publication-type="book"><source>Referencial curricular para curso técnico de agente comunitário de saúde: área profissional saúde</source><date><year>2004</year></date><ext-link>http://iah.iec.pa.gov.br/iah/fulltext/pc/ monografias/ms/sp/referencial_Curricular_ ACS.pdf</ext-link></element-citation></ref><ref id="B12"><element-citation publication-type="book"><source>O trabalho como princípio educativo na sociedade contemporânea</source><date><month>03</month><year>2005</year></date><person-group><name><surname>CIAVATTA</surname><given-names>Maria</given-names></name><name><surname>CIAVATTA</surname><given-names>Maria</given-names></name></person-group><ext-link>www.pedagogia.seed.pr.gov.br/arquivos/ File/Docs%20CGE/trabahocomoprincipio edtucativo.pdf</ext-link></element-citation></ref><ref id="B13"><element-citation publication-type="book"><source>Declaração de Alma-Ata</source><date><year>1978</year></date><ext-link>www.opas.org.br/coletiva/uploadArq/ Alma-Ata.pdf</ext-link></element-citation></ref><ref id="B14"><element-citation publication-type="thesis"><source>Religiosidade e cotidiano das agentes comunitárias de saúde: repensando a educação em saúde junto às classes populares</source><date><year>2001</year></date><person-group><name><surname>DAVID</surname><given-names>Helena M. S. L.</given-names></name><name><surname>DAVID</surname><given-names>Helena M. S. L.</given-names></name></person-group></element-citation></ref><ref id="B15"><element-citation publication-type="book"><source>Pedagogia do oprimido</source><date><year>2005</year></date><person-group><name><surname>FREIRE</surname><given-names>Paulo</given-names></name><name><surname>FREIRE</surname><given-names>Paulo</given-names></name></person-group></element-citation></ref><ref id="B16"><element-citation publication-type="article"><article-title>Educação e Trabalho: bases para debater a Educação Profissional Emancipadora</article-title><source>Revista Perspectiva</source><date><month>06</month><year>2001</year></date><fpage>71</fpage><lpage>87</lpage><issue>1</issue><volume>19</volume><person-group><name><surname>FRIGOTTO</surname><given-names>Gaudêncio</given-names></name></person-group><ext-link>www.perspectiva.ufsc.br/ perspectiva_2001_01/04_frigotto.pdf</ext-link></element-citation></ref><ref id="B17"><element-citation publication-type="book"><source>Metamorfoses do trabalho: crítica da razão econômica</source><date><year>2007</year></date><person-group><name><surname>GORZ</surname><given-names>André</given-names></name><name><surname>GORZ</surname><given-names>André</given-names></name></person-group></element-citation></ref><ref id="B18"><element-citation publication-type="article"><article-title>Agentes comunitários de saúde: perfil e formação</article-title><source>Ciência &amp; Saúde Coletiva</source><date><year>2008</year></date><person-group><name><surname>JUNGES</surname><given-names>José R.</given-names></name><name><surname>MAZARI</surname><given-names>Carla K.</given-names></name><name><surname>SELLI</surname><given-names>Lucilda</given-names></name></person-group><ext-link>www.abrasco.org.br/ cienciaesaudecoletiva/artigos/artigo_int.php? id_artigo=3230</ext-link></element-citation></ref><ref id="B19"><element-citation publication-type="article"><article-title>O trabalho do agente comunitário de saúde</article-title><source>Revista Brasileira de Medicina de Família e Comunidade</source><date><month>06</month><year>2006</year></date><fpage>23</fpage><lpage>29</lpage><issue>5</issue><volume>2</volume><person-group><name><surname>KLUTHCOVSKY</surname><given-names>Ana C. G. C.</given-names></name><name><surname>TAKAYANAGUI</surname><given-names>Angela M. M.</given-names></name></person-group></element-citation></ref><ref id="B20"><element-citation publication-type="book"><source>A invisibilidade da desigualdade brasileira</source><date><year>2006</year></date><person-group><name><surname>MACIEL</surname><given-names>Fabrício</given-names></name><name><surname>SOUZA</surname><given-names>J.</given-names></name><name><surname>SOUZA</surname><given-names>J.</given-names></name></person-group></element-citation></ref><ref id="B21"><element-citation publication-type="article"><article-title>Profissionalização e regulamentação da atividade do agente comunitário de saúde no contexto da reforma sanitária</article-title><source>Revista Trabalho, Educação e Saúde</source><date><year>2004</year></date><fpage>353</fpage><lpage>365</lpage><issue>2</issue><volume>2</volume><person-group><name><surname>MENDONÇA</surname><given-names>Maria Helena M</given-names></name></person-group></element-citation></ref><ref id="B22"><element-citation publication-type="thesis"><source>A política de formação dos agentes comunitários de saúde: memória de uma formulação em disputa nos anos 2003-2005</source><date><year>2009</year></date><person-group><name><surname>MOROSINI</surname><given-names>Márcia V. G. C.</given-names></name><name><surname>MOROSINI</surname><given-names>Márcia V. G. C.</given-names></name></person-group></element-citation></ref><ref id="B23"><element-citation publication-type="article"><article-title>O agente comunitário de saúde no âmbito das políticas voltadas para a atenção básica: concepções do trabalho e da formação profissional</article-title><source>Revista Trabalho, Educação e Saúde</source><date><year>2007</year></date><fpage>261</fpage><lpage>280</lpage><issue>2</issue><volume>5</volume><person-group><name><surname>MOROSINI</surname><given-names>Márcia V. G. C.</given-names></name><name><surname>CORBO</surname><given-names>Ana. D.</given-names></name><name><surname>GUIMARÃES</surname><given-names>Cátia C.</given-names></name></person-group><ext-link>www.revista.epsjv.fiocruz.br// include/mostrarpdf.cfm?Num=170</ext-link></element-citation></ref><ref id="B24"><element-citation publication-type="thesis"><source>O programa de agentes comunitários de saúde adaptado à cidade do Rio de Janeiro: uma análise de suas concepções</source><date><year>2009</year></date><person-group><name><surname>MOURA</surname><given-names>Rita C. S.</given-names></name><name><surname>MOURA</surname><given-names>Rita C. S.</given-names></name></person-group></element-citation></ref><ref id="B25"><element-citation publication-type="article"><article-title>O agente comunitário de saúde: construção desse personagem híbrido e polifônico</article-title><source>Cadernos de Saúde Pública</source><date><year>2002</year></date><fpage>1639</fpage><lpage>1646</lpage><issue>6</issue><volume>18</volume><person-group><name><surname>NUNES</surname><given-names>Mônica O.</given-names></name></person-group></element-citation></ref><ref id="B26"><element-citation publication-type="article"><article-title>A transição da escolaridade no Brasil</article-title><source>Revista Brasileira de Estudos de População</source><date><month>12</month><year>2001</year></date><issue>1/2</issue><volume>18</volume><person-group><name><surname>RIGOTTI</surname><given-names>José I. R.</given-names></name></person-group></element-citation></ref><ref id="B27"><element-citation publication-type="book"><source>O trabalho como princípio educativo frente às novas tecnologias</source><person-group><name><surname>SAVIANI</surname><given-names>Demerval</given-names></name><name><surname>SAVIANI</surname><given-names>Demerval</given-names></name></person-group><ext-link>www.diaadia.pr.gov.br/nre/cornelioprocopio/arquivos/File/Ensinomedio blocos/Encontro3Otrabalhocomoprincipio educativo.pdf</ext-link></element-citation></ref><ref id="B28"><element-citation publication-type="article"><article-title>Trabalho e valor: tempo social</article-title><source>Revista Sociologia USP</source><date><year>1996</year></date><fpage>147</fpage><lpage>158</lpage><issue>2</issue><volume>8</volume><person-group><name><surname>SCHWARTZ</surname><given-names>Yves</given-names></name></person-group></element-citation></ref><ref id="B29"><element-citation publication-type="book"><source>Agente comunitário de saúde: o ser, o saber, o fazer</source><date><year>2002</year></date><person-group><name><surname>SILVA</surname><given-names>Joana A.</given-names></name><name><surname>DALMASO</surname><given-names>Ana.</given-names></name><name><surname>Sílvia</surname><given-names>W.</given-names></name><name><surname>SILVA</surname><given-names>Joana A.</given-names></name><name><surname>DALMASO</surname><given-names>Ana.</given-names></name><name><surname>Sílvia</surname><given-names>W.</given-names></name></person-group></element-citation></ref><ref id="B30"><element-citation publication-type="article"><article-title>O capitalismo ainda é aquele, mas para onde vai? Análise conjuntural. Nós da Rede</article-title><source>Boletim da Rede de Educação Popular e Saúde</source><date><month>01</month><year>2009</year></date><fpage>10</fpage><issue>8</issue><person-group><name><surname>STOTZ</surname><given-names>Eduardo N.</given-names></name></person-group><ext-link>www.edpopsaude. net/edpopsaude/Boletim_8_files/boletim_ 2009.pdf.</ext-link></element-citation></ref></ref-list></back></article></articles>