<articles xmlns:xsi="http://www.w3.org/2001/XMLSchema-instance" xsi:schemaLocation="https://raw.githubusercontent.com/scieloorg/articles_meta/master/tests/xsd/scielo_sci/ThomsonReuters_publishing.xsd" dtd-version="1.10"><article lang_id="pt" article-type="research-article"><front><journal-meta><journal-id journal-id-type="publisher">tes</journal-id><journal-title-group><journal-title>Trabalho, Educação e Saúde</journal-title><abbrev-journal-title>Trab. educ. saúde</abbrev-journal-title></journal-title-group><issn>1981-7746</issn><collection>SciELO Brazil</collection><publisher><publisher-name>Fundação Oswaldo Cruz, Escola Politécnica de Saúde Joaquim Venâncio</publisher-name></publisher></journal-meta><article-meta><unique-article-id pub-id-type="publisher-id">S1981-77462008000300003</unique-article-id><article-id pub-id-type="publisher-id">S1981-77462008000300003</article-id><article-id pub-id-type="doi">10.1590/S1981-77462008000300003</article-id><article-categories><subj-group><subject>EDUCATION &amp; EDUCATIONAL RESEARCH</subject><subject>PUBLIC, ENVIRONMENTAL &amp; OCCUPATIONAL HEALTH</subject></subj-group></article-categories><title-group><article-title lang_id="pt">Educação e saúde: ensino e cidadania como travessia de fronteiras</article-title><trans-title-group lang_id="en"><trans-title>Education and health: teaching and citizenship to bridge boundaries</trans-title></trans-title-group></title-group><contrib-group><contrib contrib-type="author"><name><surname>Ceccim</surname><given-names>Ricardo Burg</given-names></name><role>ND</role><xref ref-type="aff" rid="A01"/></contrib><contrib contrib-type="author"><name><surname>Ferla</surname><given-names>Alcindo Antônio</given-names></name><role>ND</role><xref ref-type="aff" rid="A02"/></contrib></contrib-group><aff id="A01"><institution>Universidade Federal do Rio Grande do Sul</institution><country>Brazil</country></aff><aff id="A02"><institution>Universidade de Caxias do Sul</institution><country>Brasil</country></aff><pub-date><year>2008</year></pub-date><volume>6</volume><issue>3</issue><fpage>443</fpage><lpage>456</lpage><permissions><license license-type="open-access" href="http://creativecommons.org/licenses/by-nc/4.0/"><license-p>This work is licensed under a Creative Commons Attribution-NonCommercial 4.0 International License.</license-p></license></permissions><self-uri href="http://www.scielo.br/scielo.php?script=sci_arttext&amp;pid=S1981-77462008000300003&amp;lng=en&amp;tlng=en" content-type="full_text_page"/><self-uri href="http://www.scielo.br/scielo.php?script=sci_issuetoc&amp;pid=1981-774620080003&amp;lng=en" content-type="issue_page"/><self-uri href="http://www.scielo.br/scielo.php?script=sci_serial&amp;pid=1981-7746&amp;lng=en" content-type="journal_page"/><abstract lang_id="pt"><p>O artigo procura construir, a partir de uma memória da Reforma Sanitária Brasileira e de aproximações entre as áreas científicas da Educação e da Saúde, uma micropercepção (matéria para o pensar, aprender, conhecer) emergência de um domínio de conhecimento designado por Educação e Ensino da Saúde. Esse domínio emergente estaria bastante associado invenção da Saúde Coletiva, no campo científico da saúde, e com à invenção do Controle Social em Saúde, no campo da intervenção política nesse setor. O novo domínio de conhecimento seria caracterizado por uma implicação singular do ensino com a cidadania, permitindo a travessia de fronteiras entre educação e saúde pela via da educação permanente em saúde. Os temas do ensino e da cidadania são problematizados com o auxílio explícito ou não (via seus leitores) de alguns pensadores da filosofia e do contemporâneo, como Michel Foucault, Michel Serres, Gilles Deleuze, Félix Guattari, Francisco Varela, Humberto Maturana e Ilya Prigogine.</p></abstract><trans-abstract lang_id="en"><p>The article seeks to build, based on a memory of the Brazilian Sanitary Reform and on approximations between the scientific areas of Education and Health, a microperception (matter for thought, learning, and getting to know) about the surfacing of a domain of knowledge designated by Health Education and Teaching. This emerging domain would seem to be largely associated to the invention of Collective Health, in the scientific field of health, and to the invention of Social Control in Health, in the field of political intervention in this sector. The new knowledge domain would be characterized by a singular implication of teaching with citizenship, allowing the bridging of the boundaries between education and health via permanent education in health. The teaching and citizenship themes are problematized with explicit help or not (via its readers) from a few philosophers and contemporaneous thinkers such as Michel Foucault, Michel Serres, Gilles Deleuze, Félix Guattari, Francisco Varela, Humberto Maturana, and Ilya Prigogine.</p></trans-abstract><kwd-group lang_id="pt" kwd-group-type="author-generated"><kwd>educação profissional em saúde pública</kwd><kwd>educação médica</kwd><kwd>reforma dos serviços de saúde</kwd><kwd>educação continuada</kwd></kwd-group><kwd-group lang_id="en" kwd-group-type="author-generated"><kwd>professional education in public health</kwd><kwd>medical education</kwd><kwd>reform in health services</kwd><kwd>continued education</kwd></kwd-group></article-meta></front><back><ref-list><ref id="B1"><element-citation publication-type="book"><source>Resolução nº 335, de 25 de novembro de 2003: Aprova a Política Nacional de Formação e Desenvolvimento para o SUS: caminhos para a educação permanente em saúde e a estratégia de Pólos ou Rodas de Educação Permanente em Saúde como instâncias locorregionais e interinstitucionais de gestão da educação permanente</source><date><year>2003</year></date><ext-link>http://conselho.saude.gov.br/resolucoes/2004/Reso335.doc</ext-link></element-citation></ref><ref id="B2"><element-citation publication-type="book"><source>Trabalhar na escola?: "Só inventando o prazer"</source><date><year>2001</year></date><fpage>71</fpage><lpage>88</lpage><person-group><name><surname>BENEVIDES-DE-BARROS</surname><given-names>Regina Duarte</given-names></name><name><surname>ATHAYDE</surname><given-names>Milton</given-names></name><name><surname>ATHAYDE</surname><given-names>Milton</given-names></name></person-group></element-citation></ref><ref id="B3"><element-citation publication-type="book"><source>Tratado de saúde coletiva</source><date><year>2006</year></date><fpage>149</fpage><lpage>182</lpage><person-group><name><surname>CECCIM</surname><given-names>Ricardo Burg</given-names></name><name><surname>CARVALHO</surname><given-names>Yara Maria de</given-names></name><name><surname>CAMPOS</surname><given-names>Gastão Wagner de Souza</given-names></name><name><surname>CAMPOS</surname><given-names>Gastão Wagner de Souza</given-names></name></person-group></element-citation></ref><ref id="B4"><element-citation publication-type="book"><source>Dicionário da educação profissional em saúde</source><date><year>2006</year></date><fpage>107</fpage><lpage>112</lpage><person-group><name><surname>CECCIM</surname><given-names>Ricardo Burg</given-names></name><name><surname>FERLA</surname><given-names>Alcindo Antônio</given-names></name></person-group></element-citation></ref><ref id="B5"><element-citation publication-type="book"><source>Gestão em redes: práticas de avaliação, formação e participação em saúde</source><date><year>2006</year></date><fpage>165</fpage><lpage>184</lpage><person-group><name><surname>FERLA</surname><given-names>Alcindo Antônio</given-names></name><name><surname>CECCIM</surname><given-names>Ricardo Burg</given-names></name><name><surname>PINHEIRO</surname><given-names>Roseni</given-names></name><name><surname>MATTOS</surname><given-names>Ruben Araújo de</given-names></name><name><surname>PINHEIRO</surname><given-names>Roseni</given-names></name><name><surname>MATTOS</surname><given-names>Ruben Araújo de</given-names></name></person-group></element-citation></ref><ref id="B6"><element-citation publication-type="article"><article-title>O quadrilátero da formação para a área da saúde: ensino, gestão, atenção e controle social</article-title><source>Physis - Revista de Saúde Coletiva</source><date><month>06</month><year>2004</year></date><fpage>41</fpage><lpage>65</lpage><volume>14</volume><person-group><name><surname>CECCIM</surname><given-names>Ricardo Burg</given-names></name><name><surname>FEUERWERKER</surname><given-names>Laura Camargo Macruz</given-names></name></person-group></element-citation></ref><ref id="B7"><element-citation publication-type="thesis"><source>Políticas da inteligência: educação, tempo de aprender e dessegregação da deficiência mental</source><date><year>1998</year></date><person-group><name><surname>CECCIM</surname><given-names>Ricardo Burg</given-names></name><name><surname>CECCIM</surname><given-names>Ricardo Burg</given-names></name></person-group></element-citation></ref><ref id="B8"><element-citation publication-type="book"><source>Saúde e sexualidade na escola</source><date><year>1998</year></date><fpage>37</fpage><lpage>50</lpage><person-group><name><surname>CECCIM</surname><given-names>Ricardo Burg</given-names></name><name><surname>MEYER</surname><given-names>Dagmar Estermann</given-names></name><name><surname>MEYER</surname><given-names>Dagmar Estermann</given-names></name></person-group></element-citation></ref><ref id="B9"><element-citation publication-type="book"><source>Educação dos profissionais de saúde na América Latina: teoria e prática de um movimento de mudança</source><date><year>1999</year></date><fpage>129</fpage><lpage>136</lpage><person-group><name><surname>CECÍLIO</surname><given-names>Luiz Carlos de Oliveira</given-names></name><name><surname>ALMEIDA</surname><given-names>Márcio</given-names></name><name><surname>FEUERWERKER</surname><given-names>Laura</given-names></name><name><surname>LLANOS</surname><given-names>Manoel</given-names></name><name><surname>ALMEIDA</surname><given-names>Márcio</given-names></name><name><surname>FEUERWERKER</surname><given-names>Laura</given-names></name><name><surname>LLANOS</surname><given-names>Manoel</given-names></name></person-group></element-citation></ref><ref id="B10"><element-citation publication-type="book"><source>O que é a filosofia</source><date><year>1992</year></date><person-group><name><surname>DELEUZE</surname><given-names>Gilles</given-names></name><name><surname>GUATTARI</surname><given-names>Félix</given-names></name><name><surname>DELEUZE</surname><given-names>Gilles</given-names></name><name><surname>GUATTARI</surname><given-names>Félix</given-names></name></person-group></element-citation></ref><ref id="B11"><element-citation publication-type="thesis"><source>Clínica nômade e pedagogia médica mestiça: cartografia de idéias oficiais e populares em busca de inovações formação e à clínica médicas</source><date><year>2002</year></date><person-group><name><surname>FERLA</surname><given-names>Alcindo Antônio</given-names></name><name><surname>FERLA</surname><given-names>Alcindo Antônio</given-names></name></person-group></element-citation></ref><ref id="B12"><element-citation publication-type="book"><source>História da sexualidade: o uso dos prazeres</source><date><year>1988</year></date><volume>2</volume><person-group><name><surname>FOUCAULT</surname><given-names>Michel</given-names></name><name><surname>FOUCAULT</surname><given-names>Michel</given-names></name></person-group></element-citation></ref><ref id="B13"><element-citation publication-type="book"><source>Nietzsche e Deleuze: pensamento nômade</source><date><year>2001</year></date><fpage>207</fpage><lpage>223</lpage><person-group><name><surname>KASTRUP</surname><given-names>Virgínia</given-names></name><name><surname>LINS</surname><given-names>Daniel</given-names></name><name><surname>LINS</surname><given-names>Daniel</given-names></name></person-group></element-citation></ref><ref id="B14"><element-citation publication-type="book"><source>A árvore do conhecimento: as bases biológicas do entendimento humano</source><date><year>1995</year></date><person-group><name><surname>MATURANA</surname><given-names>Humberto</given-names></name><name><surname>VARELA</surname><given-names>Francisco</given-names></name><name><surname>MATURANA</surname><given-names>Humberto</given-names></name><name><surname>VARELA</surname><given-names>Francisco</given-names></name></person-group></element-citation></ref><ref id="B15"><element-citation publication-type="book"><source>Agir em saúde: um desafio para o público</source><date><year>1997</year></date><fpage>71</fpage><lpage>112</lpage><person-group><name><surname>MERHY</surname><given-names>Emerson Elias</given-names></name><name><surname>MERHY</surname><given-names>Emerson Elias</given-names></name><name><surname>ONOCKO</surname><given-names>Rosana</given-names></name><name><surname>MERHY</surname><given-names>Emerson Elias</given-names></name><name><surname>ONOCKO</surname><given-names>Rosana</given-names></name></person-group></element-citation></ref><ref id="B16"><element-citation publication-type="book"><source>Saúde: a cartografia do trabalho vivo</source><date><year>2002</year></date><person-group><name><surname>MERHY</surname><given-names>Emerson Elias</given-names></name></person-group></element-citation></ref><ref id="B17"><element-citation publication-type="book"><source>O fim das certezas: tempo, caos e as leis da natureza</source><date><year>1996</year></date><person-group><name><surname>PRIGOGINE</surname><given-names>Ilya</given-names></name><name><surname>PRIGOGINE</surname><given-names>Ilya</given-names></name></person-group></element-citation></ref><ref id="B18"><element-citation publication-type="book"><source>Filosofia mestiça</source><date><year>1991</year></date><person-group><name><surname>SERRES</surname><given-names>Michel</given-names></name><name><surname>SERRES</surname><given-names>Michel</given-names></name></person-group></element-citation></ref></ref-list></back></article></articles>