<articles xmlns:xsi="http://www.w3.org/2001/XMLSchema-instance" xsi:schemaLocation="https://raw.githubusercontent.com/scieloorg/articles_meta/master/tests/xsd/scielo_sci/ThomsonReuters_publishing.xsd" dtd-version="1.10"><article lang_id="pt" article-type="research-article"><front><journal-meta><journal-id journal-id-type="publisher">tes</journal-id><journal-title-group><journal-title>Trabalho, Educação e Saúde</journal-title><abbrev-journal-title>Trab. educ. saúde</abbrev-journal-title></journal-title-group><issn>1981-7746</issn><collection>SciELO Brazil</collection><publisher><publisher-name>Fundação Oswaldo Cruz, Escola Politécnica de Saúde Joaquim Venâncio</publisher-name></publisher></journal-meta><article-meta><unique-article-id pub-id-type="publisher-id">S1981-77462008000200006</unique-article-id><article-id pub-id-type="publisher-id">S1981-77462008000200006</article-id><article-id pub-id-type="doi">10.1590/S1981-77462008000200006</article-id><article-categories><subj-group><subject>EDUCATION &amp; EDUCATIONAL RESEARCH</subject><subject>PUBLIC, ENVIRONMENTAL &amp; OCCUPATIONAL HEALTH</subject></subj-group></article-categories><title-group><article-title lang_id="pt">Categoria, teoria, conceito (para dizer o ser em múltiplos sentidos)</article-title><trans-title-group lang_id="en"><trans-title>Category, theory, concept (saying to be in multiple senses)</trans-title></trans-title-group></title-group><contrib-group><contrib contrib-type="author"><name><surname>Valle</surname><given-names>Lílian do</given-names></name><role>ND</role><xref ref-type="aff" rid="A01"/></contrib></contrib-group><aff id="A01"><institution>Universidade do Estado do Rio de Janeiro</institution><country>Brazil</country></aff><pub-date><month>10</month><year>2008</year></pub-date><volume>6</volume><issue>2</issue><fpage>303</fpage><lpage>320</lpage><permissions><license license-type="open-access" href="http://creativecommons.org/licenses/by-nc/4.0/"><license-p>This work is licensed under a Creative Commons Attribution-NonCommercial 4.0 International License.</license-p></license></permissions><self-uri href="http://www.scielo.br/scielo.php?script=sci_arttext&amp;pid=S1981-77462008000200006&amp;lng=en&amp;tlng=en" content-type="full_text_page"/><self-uri href="http://www.scielo.br/scielo.php?script=sci_issuetoc&amp;pid=1981-774620080002&amp;lng=en" content-type="issue_page"/><self-uri href="http://www.scielo.br/scielo.php?script=sci_serial&amp;pid=1981-7746&amp;lng=en" content-type="journal_page"/><abstract lang_id="pt"><p>Qualquer que seja o ponto de partida dessa experiência que se denomina pensar, seu desenvolvimento e efetividade tomam a forma de uma manifestação. Como não há manifestação sem espectador, o pensamento depende, pois, do outro a quem ele se endereça: nem que, precária e temporariamente, eu seja para mim mesmo a figura desse outro. Assim, se os humanos são 'feitos de mundo', o pensamento humano é feito das palavras que, engendradas nesse e por esse mundo, fornecem, por sua vez, ao mundo os sentidos que o fazem ser para nós. Assim, talvez uma das primeiras tarefas da reflexão filosófica da educação seja a de contribuir para o questionamento dos sentidos e das torções de sentido a que os modismos, ou a simples rotina, submetem as palavras: neste artigo, entre tantas ocorrências que se poderia invocar, interessou examinar a noção de 'categoria', cuja trajetória parece especialmente ilustrativa dos riscos a que o uso dogmático pode submeter a reflexão.</p></abstract><trans-abstract lang_id="en"><p>No matter what the starting point for this experience called thought, the development and existence of thought take on the shape of an event. Just as there cannot be an event without spectators, a thought depends on the person to whom it is addressed; even if precariously and temporarily, I become, for myself, the figure of this other person. Thus, if human beings are 'made of the world,' human thought is made of words which, created in and by this world, lead, in turn, to the world of meanings and what they signify to us. As such, perhaps one of the first tasks of philosophical reflection on education is to contribute to questioning the meanings and distorsions of meaning that trends, or simple routine, impose on words. In this article, among the many occurrences that could be mentioned, the goal was to examine the notion of 'category,' the path of which seems to be especially illustrative of the risks that dogmatic use can impose on reflection.</p></trans-abstract><kwd-group lang_id="en" kwd-group-type="author-generated"><kwd>philosophy of education</kwd><kwd>category</kwd><kwd>thought</kwd></kwd-group><kwd-group lang_id="pt" kwd-group-type="author-generated"><kwd>filosofia da educação</kwd><kwd>categoria</kwd><kwd>pensamento</kwd></kwd-group></article-meta></front><back><ref-list><ref id="B1"><element-citation publication-type="book"><source>La vie de l'esprit</source><date><year>1981</year></date><person-group><name><surname>ARENDT</surname><given-names>Hannah</given-names></name><name><surname>ARENDT</surname><given-names>Hannah</given-names></name></person-group></element-citation></ref><ref id="B2"><element-citation publication-type="book"><source>A vida do espírito</source><date><year>2000</year></date><person-group><name><surname>ARENDT</surname><given-names>Hannah</given-names></name><name><surname>Abranches</surname><given-names>Antônio</given-names></name><name><surname>Abranches</surname><given-names>Antônio</given-names></name></person-group></element-citation></ref><ref id="B3"><element-citation publication-type="book"><source>Les réfutations sophistiques</source><date><year>1989</year></date><person-group><name><surname>ARISTÓTELES</surname></name><name><surname>Dorion</surname><given-names>L.A.</given-names></name><name><surname>ARISTÓTELES</surname></name><name><surname>Dorion</surname><given-names>L.A.</given-names></name></person-group></element-citation></ref><ref id="B4"><element-citation publication-type="book"><source>Métaphysique</source><date><year>1990</year></date><person-group><name><surname>ARISTÓTELES</surname></name><name><surname>Tricot</surname><given-names>J.</given-names></name><name><surname>Tricot</surname><given-names>J.</given-names></name></person-group></element-citation></ref><ref id="B5"><element-citation publication-type="book"><source>Catégories</source><date><year>2002</year></date><person-group><name><surname>ARISTÓTELES</surname></name><name><surname>Bodeüs</surname><given-names>R.</given-names></name><name><surname>Bodeüs</surname><given-names>R.</given-names></name></person-group></element-citation></ref><ref id="B6"><element-citation publication-type="book"><source>Concepts et catégories dans la pensée antique</source><date><year>1980</year></date><person-group><name><surname>AUBENQUE</surname><given-names>Pierre</given-names></name><name><surname>AUBENQUE</surname><given-names>Pierre</given-names></name></person-group></element-citation></ref><ref id="B7"><element-citation publication-type="book"><source>Le problème de l'être chez Aristotelis: essai sur la problématique aristotélicienne</source><date><year>2002</year></date><person-group><name><surname>AUBENQUE</surname><given-names>Pierre</given-names></name></person-group></element-citation></ref><ref id="B8"><element-citation publication-type="book"><source>Dictionnaire grec-français</source><date><year>2000</year></date><person-group><name><surname>BAILLY</surname><given-names>Anatole</given-names></name><name><surname>BAILLY</surname><given-names>Anatole</given-names></name></person-group></element-citation></ref><ref id="B9"><element-citation publication-type="book"><source>Problèmes de linguistique générale</source><date><year>1966</year></date><fpage>63</fpage><lpage>75</lpage><person-group><name><surname>BENVENISTE</surname><given-names>Émile</given-names></name></person-group></element-citation></ref><ref id="B10"><element-citation publication-type="book"><source>Aristóteles e o logos: contos da fenomenologia comum</source><date><year>1999</year></date><person-group><name><surname>CASSIN</surname><given-names>Barbara</given-names></name><name><surname>CASSIN</surname><given-names>Barbara</given-names></name></person-group></element-citation></ref><ref id="B11"><element-citation publication-type="book"><source>Vocabulaire européen des philosophes</source><date><year>2004</year></date><person-group><name><surname>CASSIN</surname><given-names>Barbara</given-names></name></person-group></element-citation></ref><ref id="B12"><element-citation publication-type="book"><source>Encruzilhadas do labirinto I</source><date><year>1982</year></date><fpage>31</fpage><lpage>69</lpage><person-group><name><surname>CASSIN</surname><given-names>Barbara</given-names></name></person-group></element-citation></ref><ref id="B13"><element-citation publication-type="book"><source>Encruzilhadas do labirinto I</source><date><year>1982</year></date><fpage>135</fpage><lpage>157</lpage><person-group><name><surname>CASSIN</surname><given-names>Barbara</given-names></name></person-group></element-citation></ref><ref id="B14"><element-citation publication-type="book"><source>Dictionnaire étymologique de la langue grecque: histoire des mots</source><date><year>1999</year></date><person-group><name><surname>CHANTRAINE</surname><given-names>Pierre</given-names></name><name><surname>CHANTRAINE</surname><given-names>Pierre</given-names></name></person-group></element-citation></ref><ref id="B15"><element-citation publication-type="book"><source>Structures syntaxiques</source><date><year>1979</year></date><person-group><name><surname>CHOMSKY</surname><given-names>Noam</given-names></name><name><surname>CHOMSKY</surname><given-names>Noam</given-names></name></person-group></element-citation></ref><ref id="B16"><element-citation publication-type="book"><source>Synthèse et temps: Cours à Vincennes, 14/03/1978</source><person-group><name><surname>DELEUZE</surname><given-names>Gilles</given-names></name></person-group><ext-link>www.webdeleuze.com/php/texte.php?cle=58&amp;groupe=Kant&amp;langue=1</ext-link></element-citation></ref><ref id="B17"><element-citation publication-type="article"><article-title>Penser le travail dans son historicité</article-title><source>Recherches: Revue du MAUSS</source><date><year>2002</year></date><fpage>176</fpage><lpage>195</lpage><issue>18</issue><person-group><name><surname>GOLLAIN</surname><given-names>Françoise</given-names></name></person-group></element-citation></ref><ref id="B18"><element-citation publication-type="book"><source>Critique de la raison pure</source><date><year>1980</year></date><person-group><name><surname>KANT</surname><given-names>I.</given-names></name><name><surname>KANT</surname><given-names>I.</given-names></name></person-group></element-citation></ref><ref id="B19"><element-citation publication-type="book"><source>Le différend</source><date><year>1983</year></date><person-group><name><surname>LYOTARD</surname><given-names>Jean-François</given-names></name><name><surname>LYOTARD</surname><given-names>Jean-François</given-names></name></person-group></element-citation></ref><ref id="B20"><element-citation publication-type="book"><source>Fenomenologia da percepção</source><date><year>1999</year></date><fpage>237</fpage><lpage>270</lpage><person-group><name><surname>MERLEAU-PONTY</surname><given-names>Maurice</given-names></name><name><surname>MERLEAU-PONTY</surname><given-names>Maurice</given-names></name></person-group></element-citation></ref><ref id="B21"><element-citation publication-type="book"><source>Gorgias</source><date><year>1942</year></date><person-group><name><surname>PLATÃO</surname></name><name><surname>Croiset</surname></name><name><surname>PLATÃO</surname></name><name><surname>Croiset</surname></name></person-group></element-citation></ref><ref id="B22"><element-citation publication-type="book"><source>République</source><date><year>1989</year></date><person-group><name><surname>PLATÃO</surname></name><name><surname>Chambry</surname></name><name><surname>Chambry</surname></name></person-group></element-citation></ref></ref-list></back></article></articles>