<articles xmlns:xsi="http://www.w3.org/2001/XMLSchema-instance" xsi:schemaLocation="https://raw.githubusercontent.com/scieloorg/articles_meta/master/tests/xsd/scielo_sci/ThomsonReuters_publishing.xsd" dtd-version="1.10"><article lang_id="pt" article-type="research-article"><front><journal-meta><journal-id journal-id-type="publisher">tes</journal-id><journal-title-group><journal-title>Trabalho, Educação e Saúde</journal-title><abbrev-journal-title>Trab. educ. saúde</abbrev-journal-title></journal-title-group><issn>1981-7746</issn><collection>SciELO Brazil</collection><publisher><publisher-name>Fundação Oswaldo Cruz, Escola Politécnica de Saúde Joaquim Venâncio</publisher-name></publisher></journal-meta><article-meta><unique-article-id pub-id-type="publisher-id">S1981-77462007000300010</unique-article-id><article-id pub-id-type="publisher-id">S1981-77462007000300010</article-id><article-id pub-id-type="doi">10.1590/S1981-77462007000300010</article-id><article-categories><subj-group><subject>EDUCATION &amp; EDUCATIONAL RESEARCH</subject><subject>PUBLIC, ENVIRONMENTAL &amp; OCCUPATIONAL HEALTH</subject></subj-group></article-categories><title-group><article-title lang_id="pt">A reforma da educação profissional: considerações sobre alguns temas que persistem</article-title><trans-title-group lang_id="en"><trans-title>Professional education reform: considerations on a few persisting issues</trans-title></trans-title-group></title-group><contrib-group><contrib contrib-type="author"><name><surname>Ferretti</surname><given-names>Celso João</given-names></name><role>ND</role><xref ref-type="aff" rid="A01"/></contrib></contrib-group><aff id="A01"><institution>Universidade de Sorocaba</institution><country>Brazil</country></aff><pub-date><month>11</month><year>2007</year></pub-date><volume>5</volume><issue>3</issue><fpage>509</fpage><lpage>520</lpage><permissions><license license-type="open-access" href="http://creativecommons.org/licenses/by-nc/4.0/"><license-p>This work is licensed under a Creative Commons Attribution-NonCommercial 4.0 International License.</license-p></license></permissions><self-uri href="http://www.scielo.br/scielo.php?script=sci_arttext&amp;pid=S1981-77462007000300010&amp;lng=en&amp;tlng=en" content-type="full_text_page"/><self-uri href="http://www.scielo.br/scielo.php?script=sci_issuetoc&amp;pid=1981-774620070003&amp;lng=en" content-type="issue_page"/><self-uri href="http://www.scielo.br/scielo.php?script=sci_serial&amp;pid=1981-7746&amp;lng=en" content-type="journal_page"/><abstract lang_id="pt"><p>Este artigo traz à baila dois temas provocados pelo instigante texto de Kuenzer publicado neste mesmo número. O primeiro deles diz respeito a algumas questões sobre a qualificação profissional suscitadas na parte introdutória, desdobrando-se na discussão sobre a educação profissional no âmbito da produção flexível. Na abordagem de tais questões foi extensamente utilizado um artigo publicado há poucos anos pelo autor deste artigo, no qual se tratou das relações estabelecidas por parte dos educadores com a concepção relativista de qualificação profissional. O segundo tema, complementar à discussão de Kuenzer, refere-se a processos de implementação das reformas educacionais relativas ao ensino médio e à educação profissional de nível técnico, desencadeadas na década de 1990 e continuadas pelo governo Lula. Para seu desenvolvimento foram utilizados elementos referentes a duas pesquisas das quais o autor participou recentemente.</p></abstract><trans-abstract lang_id="en"><p>This article brings up two issues brought about by the instigating text by Kuenzer published in this edition. The first has to do with a few matters regarding professional qualification evoked in the introduction, unfolding in the discussion on professional education in the flexible production ambit. While dealing with such issues, extensive use was made of an article published a few years ago by this article's author dealing with the relationships established by educators with the relativistic concept of professional qualification. The second theme, which complements Kuenzer's discussion, has to do with the process of implementing educational reforms regarding middle education and technical-level professional education, put into motion in the 1990's and continued by the Lula administration. Elements involved in the two surveys the author participated in recently were used to develop the article.</p></trans-abstract><kwd-group lang_id="pt" kwd-group-type="author-generated"><kwd>reforma do ensino médio</kwd><kwd>reforma do ensino técnico</kwd><kwd>qualificação profissional</kwd></kwd-group><kwd-group lang_id="en" kwd-group-type="author-generated"><kwd>middle education reform</kwd><kwd>technical education reform</kwd><kwd>professional qualification</kwd></kwd-group></article-meta></front><back><ref-list><ref id="B1"><element-citation publication-type="book"><source>Ensino médio: múltiplas vozes</source><date><year>2003</year></date><person-group><name><surname>ABRAMOVAY</surname><given-names>Míriam</given-names></name><name><surname>CASTRO</surname><given-names>Mary Garcia</given-names></name><name><surname>ABRAMOVAY</surname><given-names>Míriam</given-names></name><name><surname>CASTRO</surname><given-names>Mary Garcia</given-names></name></person-group></element-citation></ref><ref id="B2"><element-citation publication-type="article"><article-title>Considerações sobre a apropriação das noções de qualificação profissional pelos estudos a respeito das relações entre trabalho e educação</article-title><source>Educação &amp; Sociedade</source><date><year>2004</year></date><fpage>401</fpage><lpage>422</lpage><issue>87</issue><volume>25</volume><person-group><name><surname>FERRETTI</surname><given-names>Celso João</given-names></name></person-group></element-citation></ref><ref id="B3"><element-citation publication-type="book"><source>A prática pedagógica no ensino tecnológico: o discurso de sujeitos da escola</source><date><year>1998</year></date><person-group><name><surname>OLIVEIRA</surname><given-names>Maria Rita Neto Sales</given-names></name><name><surname>OLIVEIRA</surname><given-names>Maria Rita Neto Sales</given-names></name></person-group></element-citation></ref><ref id="B4"><element-citation publication-type="book"><source>Competências e prática social: o trabalho como organizador e estruturador das reformas educacionais brasileiras no ensino médio e na educação profissional de nível técnico e sua concretização nas instituições escolares nos primeiros anos do século XXI</source><person-group><name><surname>SILVA JR.</surname><given-names>João dos Reis</given-names></name><name><surname>FERRETTI</surname><given-names>Celso João</given-names></name><name><surname>SILVA JR.</surname><given-names>João dos Reis</given-names></name><name><surname>FERRETTI</surname><given-names>Celso João</given-names></name></person-group></element-citation></ref><ref id="B5"><element-citation publication-type="conference"><date><year>1992</year></date><person-group><name><surname>VILLAVICENCIO</surname><given-names>Daniel</given-names></name></person-group></element-citation></ref><ref id="B6"><element-citation publication-type="book"><source>Gestão de inovações no ensino médio: Argentina, Brasil e Espanha</source><date><year>2006</year></date><fpage>83</fpage><lpage>138</lpage><person-group><name><surname>ZIBAS</surname><given-names>Dagmar M. L.</given-names></name><name><surname>FERRETTI</surname><given-names>Celso J.;</given-names></name><name><surname>TARTUCE</surname><given-names>Gisela Lobo B. P.</given-names></name><name><surname>VITAR</surname><given-names>Ana</given-names></name><name><surname>VITAR</surname><given-names>Ana</given-names></name></person-group></element-citation></ref></ref-list></back></article></articles>