<articles xmlns:xsi="http://www.w3.org/2001/XMLSchema-instance" xsi:schemaLocation="https://raw.githubusercontent.com/scieloorg/articles_meta/master/tests/xsd/scielo_sci/ThomsonReuters_publishing.xsd" dtd-version="1.10"><article lang_id="pt" article-type="research-article"><front><journal-meta><journal-id journal-id-type="publisher">tes</journal-id><journal-title-group><journal-title>Trabalho, Educação e Saúde</journal-title><abbrev-journal-title>Trab. educ. saúde</abbrev-journal-title></journal-title-group><issn>1981-7746</issn><collection>SciELO Brazil</collection><publisher><publisher-name>Fundação Oswaldo Cruz, Escola Politécnica de Saúde Joaquim Venâncio</publisher-name></publisher></journal-meta><article-meta><unique-article-id pub-id-type="publisher-id">S1981-77462014000200012</unique-article-id><article-id pub-id-type="publisher-id">S1981-77462014000200012</article-id><article-id pub-id-type="doi">10.1590/S1981-77462014000200012</article-id><article-categories><subj-group><subject>EDUCATION &amp; EDUCATIONAL RESEARCH</subject><subject>PUBLIC, ENVIRONMENTAL &amp; OCCUPATIONAL HEALTH</subject></subj-group></article-categories><title-group><article-title lang_id="pt">Educação permanente em saúde segundo os profissionais da gestão de Recife, Pernambuco</article-title><trans-title-group lang_id="en"><trans-title>Continuing education in health according to management professionals from Recife, Pernambuco</trans-title></trans-title-group><trans-title-group lang_id="es"><trans-title>Educación permanente en salud según los profesionales de la gestión de Recife, Pernambuco</trans-title></trans-title-group></title-group><contrib-group><contrib contrib-type="author"><name><surname>Lima</surname><given-names>Sayonara Arruda Vieira</given-names></name><role>ND</role><xref ref-type="aff" rid="A01"/></contrib><contrib contrib-type="author"><name><surname>Albuquerque</surname><given-names>Paulette Cavalcanti</given-names></name><role>ND</role><xref ref-type="aff" rid="A02"/></contrib><contrib contrib-type="author"><name><surname>Wenceslau</surname><given-names>Leandro David</given-names></name><role>ND</role><xref ref-type="aff" rid="A03"/></contrib></contrib-group><aff id="A01"><institution>Fundação Oswaldo Cruz</institution><country>Brazil</country></aff><aff id="A03"><institution>Universidade Federal de Viçosa</institution><country>Brazil</country></aff><aff id="A02"><institution>Universidade de Pernambuco</institution><country>Brazil</country></aff><pub-date><month>08</month><year>2014</year></pub-date><volume>12</volume><issue>2</issue><fpage>425</fpage><lpage>441</lpage><permissions><license license-type="open-access" href="http://creativecommons.org/licenses/by-nc/4.0/"><license-p>This work is licensed under a Creative Commons Attribution-NonCommercial 4.0 International License.</license-p></license></permissions><self-uri href="http://www.scielo.br/scielo.php?script=sci_arttext&amp;pid=S1981-77462014000200012&amp;lng=en&amp;tlng=en" content-type="full_text_page"/><self-uri href="http://www.scielo.br/scielo.php?script=sci_issuetoc&amp;pid=1981-774620140002&amp;lng=en" content-type="issue_page"/><self-uri href="http://www.scielo.br/scielo.php?script=sci_serial&amp;pid=1981-7746&amp;lng=en" content-type="journal_page"/><abstract lang_id="pt"><p>Este artigo discute o que pensam os profissionais da gestão sobre os processos de educação permanente em saúde no município de Recife, Pernambuco, descrevendo as ações e relacionando-as com os conceitos de educação permanente ou continuada. Originou-se de um estudo de caso, que utilizou entrevista semiestruturada com sete gestores e gerentes. A análise de conteúdo foi o método escolhido para tratamento dos dados. A educação permanente em saúde tem sido utilizada como ferramenta para pôr em prática novos dispositivos de trabalho na atenção primária à saúde. Os resultados apontam para seu uso pela gestão como ferramenta de mudança do processo de trabalho. Alguns setores da Secretaria Municipal de Saúde de Recife se apropriaram mais adequadamente do conceito de educação permanente em saúde, enquanto outros ainda a entendem como sendo igual à educação continuada. As ações surgiram das dificuldades encontradas no trabalho, a partir do que a gestão definiu como importante para a qualificação dos trabalhadores e do que as universidades perceberam como demanda para qualificação profissional. Alguns dispositivos citados foram: o apoio matricial, o apoio institucional e o projeto terapêutico singular. As dificuldades para o aperfeiçoamento das ações foram a fragmentação das ações e a pouca priorização da educação permanente em saúde por alguns profissionais da gestão.</p></abstract><trans-abstract lang_id="en"><p>This article discusses what management professionals think about the continuing health education processes in the city of Recife, state of Pernambuco (Northeast Brazil), describing the actions and relating them to the concepts of permanent or continuing education. It originated from a case study that used semistructured interviews made with seven managers. Content analysis was the method chosen to process the data. Permanent health education has been used as a tool to implement new work devices in primary health care. Results point to its use by management as a tool to change the working process. A few departments of the Recife Municipal Health Secretariat appropriated themselves more properly of the permanent health education concept, while others see it as equal to continuing education. The actions arose from difficulties at work, from what management has defined as important to train workers, and from what the universities have noted as demands for professional qualification. A few devices cited were the matrix support, institutional support, and the unique therapeutic project. The difficulties faced to improve the actions were fragmentation and the lack of prioritization of continuing health education by a few management professionals.</p></trans-abstract><trans-abstract lang_id="es"><p>Este artículo discute lo que piensan los profesionales de la gestión sobre los procesos de educación permanente en salud en el municipio de Recife, Pernambuco (Noreste de Brasil), describiendo las acciones y relacionándolas con los conceptos de educación permanente o continua. Se originó a partir de un estudio de caso que utilizó la entrevista semiestructurada con siete gestores y gerentes. El análisis de contenido fue el método elegido para el tratamiento de los datos. La educación permanente en salud se ha utilizado como herramienta para poner en práctica nuevos dispositivos de trabajo en atención primaria de la salud. Los resultados apuntan a su uso por la gestión como una herramienta de cambio del proceso de trabajo. Algunos sectores de la Secretaría Municipal de Salud de Recibe se apropiaron más adecuadamente del concepto de educación permanente en salud, mientras que otros todavía la ven como siendo igual a la educación continua. Las acciones surgieron de las dificultades encontradas en el trabajo, a partir de lo que la gestión definió como importante para la calificación de los trabajadores y de lo que las universidades entendieron como demanda para calificación profesional. Algunos dispositivos citados fueron: el apoyo matricial, el apoyo institucional y el proyecto terapéutico singular. Las dificultades para el mejoramiento de las acciones fueron la fragmentación de las acciones y la escasa prioridad a la educación permanente en salud por parte de algunos profesionales de la gestión.</p></trans-abstract><kwd-group lang_id="en" kwd-group-type="author-generated"><kwd>continuing health education</kwd><kwd>management</kwd><kwd>primary health care</kwd></kwd-group><kwd-group lang_id="es" kwd-group-type="author-generated"><kwd>educación permanente en salud</kwd><kwd>gestión</kwd><kwd>atención primaria de la salud</kwd></kwd-group><kwd-group lang_id="pt" kwd-group-type="author-generated"><kwd>educação permanente em saúde</kwd><kwd>gestão</kwd><kwd>atenção primária à saúde</kwd></kwd-group></article-meta></front><back><ref-list><ref id="B1"><element-citation publication-type="book"><source>A educação permanente entra na roda: polos de educação permanente em saúde: conceitos e caminhos a percorrer</source><date><year>2005</year></date></element-citation></ref><ref id="B2"><element-citation publication-type="book"><source>Política Nacional de Educação Permanente em Saúde. Textos Básicos de Saúde</source><date><year>2009</year></date><volume>v. 9</volume></element-citation></ref><ref id="B3"><element-citation publication-type="book"><source>Sistema de planejamento do SUS: uma construção coletiva. Instrumentos básicos</source><date><year>2009</year></date><volume>v. 2</volume><ext-link>http://bvsms.saude.gov.br/bvs/publicacoes/caderno2_planejasus_2ed.pdf</ext-link></element-citation></ref><ref id="B4"><element-citation publication-type="book"><source>Portaria n. 2.488, de 21 de outubro de 2011. Aprova a Política Nacional de Atenção Básica, estabelecendo a revisão de diretrizes e normas para a organização da Atenção Básica, para a Estratégia Saúde da Família (ESF) e o Programa de Agentes Comunitários de Saúde (Pacs)</source><ext-link>www.brasilsus.com.br/legislacoes/gm/1101542488.html</ext-link></element-citation></ref><ref id="B5"><element-citation publication-type="book"><source>Saúde da Família. Núcleo de Apoio à Saúde da Famíl9ia (Nasf)</source><ext-link>http://dab.saude.gov.br/nasf.php</ext-link></element-citation></ref><ref id="B6"><element-citation publication-type="article"><article-title>Os desafios atuais para a educação permanente no SUS</article-title><source>Cadernos RH Saúde</source><date><year>2006</year></date><fpage>39</fpage><lpage>54</lpage><volume>3</volume><person-group><name><surname>CAMPOS</surname><given-names>Francisco E</given-names></name></person-group></element-citation></ref><ref id="B7"><element-citation publication-type="article"><article-title>Equipes de referência e apoio especializado matricial: um ensaio sobre a reorganização do trabalho em saúde</article-title><source>Ciência &amp; Saúde Coletiva</source><date><year>1999</year></date><fpage>393</fpage><lpage>403</lpage><issue>2</issue><volume>4</volume><person-group><name><surname>CAMPOS</surname><given-names>Gastão W. S</given-names></name></person-group></element-citation></ref><ref id="B8"><element-citation publication-type="article"><article-title>Apoio matricial e equipe de referência: uma metodologia para gestão do trabalho interdisciplinar em saúde</article-title><source>Cadernos de Saúde Pública</source><date><month>02</month><year>2007</year></date><fpage>399</fpage><lpage>407</lpage><issue>2</issue><volume>23</volume><person-group><name><surname>CAMPOS</surname><given-names>Gastão W. S</given-names></name><name><surname>DOMITTI</surname><given-names>Ana C</given-names></name></person-group></element-citation></ref><ref id="B9"><element-citation publication-type="article"><article-title>Réplica</article-title><source>Interface: Comunicação, Saúde, Educação</source><date><month>02</month><year>2005</year></date><fpage>175</fpage><lpage>177</lpage><issue>16</issue><volume>9</volume><person-group><name><surname>CECCIM</surname><given-names>Ricardo B</given-names></name></person-group></element-citation></ref><ref id="B10"><element-citation publication-type="article"><article-title>Educação permanente em saúde: desafio ambicioso e necessário</article-title><source>Interface: Comunicação, Saúde, Educação</source><date><month>02</month><year>2005</year></date><fpage>161</fpage><lpage>167</lpage><issue>16</issue><volume>9</volume><person-group><name><surname>CECCIM</surname><given-names>Ricardo B</given-names></name></person-group></element-citation></ref><ref id="B11"><element-citation publication-type="article"><article-title>Educação permanente em saúde: descentralização e disseminação de capacidade pedagógica na saúde</article-title><source>Ciência &amp; Saúde Coletiva</source><date><month>12</month><year>2005</year></date><fpage>975</fpage><lpage>986</lpage><issue>4</issue><volume>10</volume><person-group><name><surname>CECCIM</surname><given-names>Ricardo B</given-names></name></person-group></element-citation></ref><ref id="B12"><element-citation publication-type="article"><article-title>O quadrilátero da formação para a área da saúde: ensino, gestão, atenção e controle social</article-title><source>Physis: Revista de Saúde Coletiva</source><date><year>2004</year></date><fpage>41</fpage><lpage>65</lpage><issue>1</issue><volume>14</volume><person-group><name><surname>CECCIM</surname><given-names>Ricardo B</given-names></name><name><surname>FEUERWERKER</surname><given-names>Laura C. M</given-names></name></person-group></element-citation></ref><ref id="B13"><element-citation publication-type="article"><article-title>'O trabalhador moral' na saúde: reflexões sobre um conceito</article-title><source>Interface: Comunicação, Saúde, Educação</source><date><month>08</month><year>2007</year></date><fpage>345</fpage><lpage>363</lpage><issue>22</issue><volume>11</volume><person-group><name><surname>CECÍLIO</surname><given-names>Luiz Carlos de O</given-names></name></person-group></element-citation></ref><ref id="B14"><element-citation publication-type="article"><article-title>O modelo de atenção e gestão em Recife: a dupla tarefa de produção da saúde e da produção dos sujeitos no Sistema Único de Saúde</article-title><source>Revista Divulgação em Saúde para Debate</source><date><month>05</month><year>2009</year></date><fpage>113</fpage><lpage>122</lpage><issue>44</issue><person-group><name><surname>COÊLHO</surname><given-names>Bernadete P</given-names></name><name><surname>COUTO</surname><given-names>Gustavo A</given-names></name></person-group></element-citation></ref><ref id="B15"><element-citation publication-type="book"><source>Manual de práticas de atenção básica: saúde ampliada e compartilhada</source><date><year>2008</year></date><fpage>96</fpage><lpage>131</lpage><person-group><name><surname>COELHO</surname><given-names>Ivan B</given-names></name><name><surname>CAMPOS</surname><given-names>Gastão W. S</given-names></name><name><surname>GUERRERO</surname><given-names>André V. P</given-names></name><name><surname>CAMPOS</surname><given-names>Gastão W. S</given-names></name><name><surname>GUERRERO</surname><given-names>André V. P</given-names></name></person-group></element-citation></ref><ref id="B16"><element-citation publication-type="book"><source>Modelos de atenção e a saúde da família</source><date><year>2007</year></date><fpage>69</fpage><lpage>106</lpage><person-group><name><surname>CORBO</surname><given-names>Anamaria D</given-names></name><name><surname>MOROSINI</surname><given-names>Márcia V. C. G</given-names></name><name><surname>PONTES</surname><given-names>Ana L. M</given-names></name><name><surname>MOROSINI</surname><given-names>Márcia V. C. G</given-names></name><name><surname>CORBO</surname><given-names>Anamaria D</given-names></name><name><surname>MOROSINI</surname><given-names>Márcia V. C. G</given-names></name><name><surname>CORBO</surname><given-names>Anamaria D</given-names></name></person-group></element-citation></ref><ref id="B17"><element-citation publication-type="book"><source>A implementação da política nacional de educação permanente em saúde no município de São Paulo</source><date><year>2012</year></date><person-group><name><surname>LARANJA</surname><given-names>Mirza R. A</given-names></name><name><surname>LARANJA</surname><given-names>Mirza R. A</given-names></name></person-group><ext-link>http://bibliotecadigital.fgv.br/dspace/handle/10438/10052?show=full</ext-link></element-citation></ref><ref id="B18"><element-citation publication-type="article"><article-title>Potencialidades da educação permanente para a transformação das práticas de saúde</article-title><source>Comunicação em Ciências da Saúde</source><date><year>2007</year></date><fpage>147</fpage><lpage>155</lpage><issue>2</issue><volume>18</volume><person-group><name><surname>LOPES</surname><given-names>Sara R. S</given-names></name></person-group></element-citation></ref><ref id="B19"><element-citation publication-type="article"><article-title>O desafio que a educação permanente tem em si: a pedagogia da implicação</article-title><source>Interface: Comunicação, Saúde, Educação</source><date><month>02</month><year>2005</year></date><fpage>172</fpage><lpage>174</lpage><issue>16</issue><volume>9</volume><person-group><name><surname>MERHY</surname><given-names>Emerson Elias</given-names></name></person-group></element-citation></ref><ref id="B20"><element-citation publication-type="book"><source>O desafio do conhecimento: pesquisa qualitativa em saúde</source><date><year>2010</year></date><person-group><name><surname>MINAYO</surname><given-names>Maria C. S</given-names></name><name><surname>MINAYO</surname><given-names>Maria C. S</given-names></name></person-group></element-citation></ref><ref id="B21"><element-citation publication-type="article"><article-title>Educação permanente em enfermagem: levantamento de necessidades e resultados esperados segundo a concepção dos trabalhadores</article-title><source>Revista da Escola de Enfermagem da USP</source><date><year>2010</year></date><fpage>597</fpage><lpage>604</lpage><issue>3</issue><volume>44</volume><person-group><name><surname>MONTANHA</surname><given-names>Dionize</given-names></name><name><surname>PEDUZZI</surname><given-names>Marina</given-names></name></person-group></element-citation></ref><ref id="B22"><element-citation publication-type="book"><source>Saúde Paideia</source><date><year>2007</year></date><fpage>167</fpage><lpage>185</lpage><person-group><name><surname>MOURA</surname><given-names>Arthur H</given-names></name><name><surname>CAMPOS</surname><given-names>Gastão Wagner Sousa</given-names></name><name><surname>CAMPOS</surname><given-names>Gastão Wagner Sousa</given-names></name></person-group></element-citation></ref><ref id="B23"><element-citation publication-type="book"><source>Manual de práticas da atenção básica: saúde ampliada e compartilhada</source><date><year>2008</year></date><fpage>273</fpage><lpage>282</lpage><person-group><name><surname>OLIVEIRA</surname><given-names>Gustavo N</given-names></name><name><surname>CAMPOS</surname><given-names>Gastão W. S</given-names></name><name><surname>GUERRERO</surname><given-names>André V. P</given-names></name><name><surname>CAMPOS</surname><given-names>Gastão W. S</given-names></name><name><surname>GUERRERO</surname><given-names>André V. P</given-names></name></person-group></element-citation></ref><ref id="B24"><element-citation publication-type="book"><source>Manual de práticas da atenção básica: saúde ampliada e compartilhada</source><date><year>2008</year></date><fpage>283</fpage><lpage>297</lpage><person-group><name><surname>OLIVEIRA</surname><given-names>Gustavo N</given-names></name><name><surname>CAMPOS</surname><given-names>Gastão W. S</given-names></name><name><surname>GUERRERO</surname><given-names>André V. P</given-names></name><name><surname>CAMPOS</surname><given-names>Gastão W. S</given-names></name><name><surname>GUERRERO</surname><given-names>André V. P</given-names></name></person-group></element-citation></ref><ref id="B25"><element-citation publication-type="article"><article-title>Atividades educativas de trabalhadores na atenção primária: concepções de educação permanente e de educação continuada em saúde presentes no cotidiano de unidades básicas de saúde em São Paulo</article-title><source>Interface: Comunicação, Saúde, Educação</source><date><month>09</month><year>2009</year></date><fpage>121</fpage><lpage>134</lpage><issue>30</issue><volume>13</volume><person-group><name><surname>PEDUZZI</surname><given-names>Marina</given-names></name></person-group></element-citation></ref><ref id="B26"><element-citation publication-type="book"><source>Manual de práticas de atenção básica: saúde ampliada e compartilhada</source><date><year>2008</year></date><fpage>298</fpage><lpage>305</lpage><person-group><name><surname>PINTO</surname><given-names>Carlos A. G</given-names></name><name><surname>CAMPOS</surname><given-names>Gastão W. S</given-names></name><name><surname>GUERRERO</surname><given-names>André V. P</given-names></name><name><surname>CAMPOS</surname><given-names>Gastão W. S</given-names></name><name><surname>GUERRERO</surname><given-names>André V. P</given-names></name></person-group></element-citation></ref><ref id="B27"><element-citation publication-type="article"><article-title>Rupturas e resoluções no modelo de atenção à saúde: reflexões sobre a Estratégia Saúde da Família com base nas categorias kuhnianas</article-title><source>Interface: Comunicação, Saúde, Educação</source><date><month>02</month><year>2005</year></date><fpage>53</fpage><lpage>66</lpage><issue>16</issue><volume>9</volume><person-group><name><surname>SCHERER</surname><given-names>Magda D.A</given-names></name><name><surname>MARINO</surname><given-names>SelmaR.A</given-names></name><name><surname>RAMOS</surname><given-names>Flávia R. S</given-names></name></person-group></element-citation></ref><ref id="B28"><element-citation publication-type="book"><source>Modelos de atenção e a saúde da família</source><date><year>2007</year></date><fpage>27</fpage><lpage>41</lpage><person-group><name><surname>SILVA JR</surname><given-names>Aluísio G</given-names></name><name><surname>ALVES</surname><given-names>Carla A</given-names></name><name><surname>MOROSINI</surname><given-names>Márcia V. C. G</given-names></name><name><surname>CORBO</surname><given-names>Anamaria D</given-names></name><name><surname>MOROSINI</surname><given-names>Márcia V. C. G</given-names></name><name><surname>CORBO</surname><given-names>Anamaria D</given-names></name></person-group></element-citation></ref><ref id="B29"><element-citation publication-type="article"><article-title>Educação permanente nos serviços de saúde: um estudo sobre as experiências realizadas no Brasil</article-title><source>Trabalho, Educação e Saúde</source><date><month>02</month><year>2012</year></date><fpage>505</fpage><lpage>519</lpage><issue>3</issue><volume>9</volume><person-group><name><surname>STROSCHEIN</surname><given-names>Karina A</given-names></name><name><surname>ZOCCHE</surname><given-names>Denise A. A</given-names></name></person-group></element-citation></ref></ref-list></back></article></articles>