<articles xmlns:xsi="http://www.w3.org/2001/XMLSchema-instance" xsi:schemaLocation="https://raw.githubusercontent.com/scieloorg/articles_meta/master/tests/xsd/scielo_sci/ThomsonReuters_publishing.xsd" dtd-version="1.10"><article lang_id="pt" article-type="research-article"><front><journal-meta><journal-id journal-id-type="publisher">tes</journal-id><journal-title-group><journal-title>Trabalho, Educação e Saúde</journal-title><abbrev-journal-title>Trab. educ. saúde</abbrev-journal-title></journal-title-group><issn>1981-7746</issn><collection>SciELO Brazil</collection><publisher><publisher-name>Fundação Oswaldo Cruz, Escola Politécnica de Saúde Joaquim Venâncio</publisher-name></publisher></journal-meta><article-meta><unique-article-id pub-id-type="publisher-id">S1981-77462014000100011</unique-article-id><article-id pub-id-type="publisher-id">S1981-77462014000100011</article-id><article-id pub-id-type="doi">10.1590/S1981-77462014000100011</article-id><article-categories><subj-group><subject>EDUCATION &amp; EDUCATIONAL RESEARCH</subject><subject>PUBLIC, ENVIRONMENTAL &amp; OCCUPATIONAL HEALTH</subject></subj-group></article-categories><title-group><article-title lang_id="pt">Oficinas de música e corpo como dispositivo na formação do profissional de saúde</article-title><trans-title-group lang_id="es"><trans-title>Talleres de música y cuerpo como dispositivo en la formación del profesional de la salud</trans-title></trans-title-group><trans-title-group lang_id="en"><trans-title>Music and body workshops as an instrument in training the health professional</trans-title></trans-title-group></title-group><contrib-group><contrib contrib-type="author"><name><surname>Silva</surname><given-names>Larissa Finocchiaro Romualdo da</given-names></name><role>ND</role><xref ref-type="aff" rid="A01"/></contrib><contrib contrib-type="author"><name><surname>Cipullo</surname><given-names>Marcos Alberto Taddeo</given-names></name><role>ND</role><xref ref-type="aff" rid="A02"/></contrib><contrib contrib-type="author"><name><surname>Imbrizi</surname><given-names>Jaquelina Maria</given-names></name><role>ND</role><xref ref-type="aff" rid="A03"/></contrib><contrib contrib-type="author"><name><surname>Liberman</surname><given-names>Flávia</given-names></name><role>ND</role><xref ref-type="aff" rid="A04"/></contrib></contrib-group><aff id="A01"><institution>Universidade de São Paulo</institution><country>Brazil</country></aff><aff id="A02"><institution>Universidade Federal de São Paulo</institution><country>Brazil</country></aff><aff id="A04"><institution>Universidade Federal de São Paulo</institution><country>Brazil</country></aff><aff id="A03"><institution>Universidade Federal de São Paulo</institution><country>Brazil</country></aff><pub-date><month>04</month><year>2014</year></pub-date><volume>12</volume><issue>1</issue><fpage>189</fpage><lpage>203</lpage><permissions><license license-type="open-access" href="http://creativecommons.org/licenses/by-nc/4.0/"><license-p>This work is licensed under a Creative Commons Attribution-NonCommercial 4.0 International License.</license-p></license></permissions><self-uri href="http://www.scielo.br/scielo.php?script=sci_arttext&amp;pid=S1981-77462014000100011&amp;lng=en&amp;tlng=en" content-type="full_text_page"/><self-uri href="http://www.scielo.br/scielo.php?script=sci_issuetoc&amp;pid=1981-774620140001&amp;lng=en" content-type="issue_page"/><self-uri href="http://www.scielo.br/scielo.php?script=sci_serial&amp;pid=1981-7746&amp;lng=en" content-type="journal_page"/><abstract lang_id="pt"><p>Este artigo discute a importância de oficinas de música e corpo na formação do profissional de saúde. Para tanto, serão apresentadas e analisadas duas oficinas: "Clínica no coração da música: você escuta o que ouve?" e "O corpo e a clínica no coração da música". Participaram das oficinas docentes, funcionários e estudantes dos diferentes cursos de graduação da universidade. Entre os dados produzidos, a partir do método cartográfico, estão: as concepções de corpo pulsante, potente, criativo e vivo; as relações profícuas entre música, trabalho corporal e escuta clínica; as discussões sobre integralidade na saúde e o corpo; reflexões sobre cenários que permitam a experimentação da escuta e do corpo na formação de profissionais de saúde; e a oficina como dispositivo da formação centrada na experiência.</p></abstract><trans-abstract lang_id="es"><p>En este artículo se discute la importancia de talleres de música y cuerpo en la formación del profesional de la salud. Con esa finalidad se presentarán y analizarán dos talleres: "Clínica en el corazón de la música: ¿usted escucha lo que oye?" y "El cuerpo y la clínica en el corazón de la música". En los talleres participaron docentes, empleados y estudiantes de los diferentes cursos de graduación de la universidad. Entre los datos generados a partir del método cartográfico están: las concepciones de cuerpo pulsante, potente, creativo y vivo; las fecundas relaciones entre música, trabajo corporal y escucha clínica; las discusiones sobre integralidad en la salud y el cuerpo; reflexiones sobre escenarios que permitan la experimentación de la escucha y del cuerpo en la formación de profesionales de la salud; y el taller como dispositivo de la formación centrada en la experiencia.</p></trans-abstract><trans-abstract lang_id="en"><p>This article discusses the importance of music and body workshops in the training of health professionals. It presents and analyzes two workshops: "Clinic at the heart of music: Do you listen to what you hear?" and "The body and the clinic at the heart of music." Faculty, staff, and students of different undergraduate courses at the university took part in the workshops. Data produced from the mapping approach include the pulsating, powerful, creative and living body concepts; the fruitful relations between music, body work and clinical listening; the discussions on health and body integrality; reflections on scenarios that enable experimentation with listening and body in the training of health professionals, and the workshop as a training instrument focused on experience.</p></trans-abstract><kwd-group lang_id="pt" kwd-group-type="author-generated"><kwd>formação para o trabalho em saúde</kwd><kwd>arte e sensibilidades</kwd><kwd>oficinas</kwd><kwd>música e corpo</kwd></kwd-group><kwd-group lang_id="es" kwd-group-type="author-generated"><kwd>formación para el trabajo en salud</kwd><kwd>arte y sensibilidades</kwd><kwd>talleres</kwd><kwd>música y cuerpo</kwd></kwd-group><kwd-group lang_id="en" kwd-group-type="author-generated"><kwd>training for work in health</kwd><kwd>art and sensibilities</kwd><kwd>workshops</kwd><kwd>music and body</kwd></kwd-group></article-meta></front><back><ref-list><ref id="B1"><element-citation publication-type="book"><source>Terapias expressivas</source><date><year>2000</year></date><person-group><name><surname>ANDRADE</surname><given-names>Liomar Q.</given-names></name><name><surname>ANDRADE</surname><given-names>Liomar Q.</given-names></name></person-group></element-citation></ref><ref id="B2"><element-citation publication-type="book"><source>Santana III</source><date><year>1998</year></date><person-group><name><surname>BROWN</surname><given-names>D.</given-names></name><name><surname>SANTANA</surname><given-names>Carlos</given-names></name><name><surname>SANTANA</surname><given-names>Carlos</given-names></name></person-group></element-citation></ref><ref id="B3"><element-citation publication-type="conference"><date><year>2007</year></date><person-group><name><surname>CASETTO</surname><given-names>Sidnei</given-names></name></person-group><ext-link>www.ip.usp.br/laboratorios/lapa/versaoportugues/coloquio/trabalhos.htm</ext-link></element-citation></ref><ref id="B4"><element-citation publication-type="book"><source>Ensinar saúde: a integralidade e o SUS nos cursos de graduação na área da saúde</source><date><year>2005</year></date><fpage>69</fpage><lpage>92</lpage><person-group><name><surname>CECCIM</surname><given-names>Ricardo Burg</given-names></name><name><surname>CARVALHO</surname><given-names>Yara M.</given-names></name><name><surname>PINHEIRO</surname><given-names>Roseni</given-names></name><name><surname>CECCIM</surname><given-names>Ricardo Burg</given-names></name><name><surname>MATTOS</surname><given-names>Ruben A.</given-names></name><name><surname>PINHEIRO</surname><given-names>Roseni</given-names></name><name><surname>CECCIM</surname><given-names>Ricardo Burg</given-names></name><name><surname>MATTOS</surname><given-names>Ruben A.</given-names></name></person-group></element-citation></ref><ref id="B5"><element-citation publication-type="book"><source>As necessidades de saúde como conceito estruturante na luta pela integralidade e equidade na atenção</source><person-group><name><surname>CECILIO</surname><given-names>Luiz Carlos O.</given-names></name><name><surname>CECILIO</surname><given-names>Luiz Carlos O.</given-names></name></person-group><ext-link>www.uff.br/pgs2/textos/Integralidade_e_Equidade_na_Atencao_a_saide_-_Prof_Dr_Luiz_Cecilio.pdf</ext-link></element-citation></ref><ref id="B6"><element-citation publication-type="book"><source>FABRICANDO Tom Zé</source><date><year>2007</year></date><person-group><name><surname>Matos Jr.</surname><given-names>Décio</given-names></name><name><surname>Matos Jr.</surname><given-names>Décio</given-names></name></person-group><ext-link>www.youtube.com/watch?v=QKuXIisaBdc</ext-link></element-citation></ref><ref id="B7"><element-citation publication-type="book"><source>Anatomia emocional: a estrutura da experiência</source><date><year>1992</year></date><fpage>9</fpage><lpage>10</lpage><person-group><name><surname>FAVRE</surname><given-names>Regina</given-names></name><name><surname>KELEMAN</surname><given-names>Stanley</given-names></name><name><surname>KELEMAN</surname><given-names>Stanley</given-names></name></person-group></element-citation></ref><ref id="B8"><element-citation publication-type="article"><article-title>Viver, pensar e trabalhar o corpo como um processo de existencialização contínua</article-title><source>Revista Reichiana do Sedes Sapientae</source><date><month>11</month><year>2004</year></date><fpage>75</fpage><lpage>84</lpage><volume>13</volume><person-group><name><surname>FAVRE</surname><given-names>Regina</given-names></name></person-group></element-citation></ref><ref id="B9"><element-citation publication-type="book"><source>Um agenciamento conceitual para honrar e estimular a biodiversidade subjetiva: um modo político de ensinar e experimentar a Anatomia Emocional de Stanley Keleman</source><person-group><name><surname>FAVRE</surname><given-names>Regina</given-names></name></person-group><ext-link>http://laboratoriodoprocessoformativo.com/2010/05/um-agenciamento-conceitual-para-honrar-e-estimular-a-biodiversidade-subjetiva-um-modo-politico-de-ensinar-e-experimentar-a-anatomia-emocional-de-stanley-keleman</ext-link></element-citation></ref><ref id="B10"><element-citation publication-type="book"><source>Som saúde: uma visão holística do som</source><date><year>1985</year></date><person-group><name><surname>HALPEN</surname><given-names>Steven</given-names></name><name><surname>SAVARY</surname><given-names>Louis</given-names></name><name><surname>HALPEN</surname><given-names>Steven</given-names></name><name><surname>SAVARY</surname><given-names>Louis</given-names></name></person-group></element-citation></ref><ref id="B11"><element-citation publication-type="book"><source>A arte na formação em saúde: a experiência do Laboratório de Sensibilidades na Unifesp: Campus Baixada Santista. Projeto de Iniciação Científica. Pibic, 2009/2010</source><date><year>2009</year></date><person-group><name><surname>FINOCCHIARO</surname><given-names>Larissa S.</given-names></name><name><surname>FINOCCHIARO</surname><given-names>Larissa S.</given-names></name></person-group></element-citation></ref><ref id="B12"><element-citation publication-type="book"><source>A arte na formação em saúde: a experiência do Laboratório de Sensibilidades na Unifesp: Campus Baixada Santista. Relatório final da Iniciação Científica. PIBIC 2009/2010</source><date><year>2010</year></date><person-group><name><surname>FINOCCHIARO</surname><given-names>Larissa S.</given-names></name></person-group></element-citation></ref><ref id="B13"><element-citation publication-type="book"><source>Going Home: Theme from the Local Hero</source><person-group><name><surname>KNOPFLER</surname><given-names>Mark</given-names></name><name><surname>KNOPFLER</surname><given-names>Mark</given-names></name></person-group></element-citation></ref><ref id="B14"><element-citation publication-type="book"><source>Anatomia emocional: a estrutura da experiência</source><date><year>1992</year></date><person-group><name><surname>KELEMAN</surname><given-names>Stanley</given-names></name><name><surname>KELEMAN</surname><given-names>Stanley</given-names></name></person-group></element-citation></ref><ref id="B15"><element-citation publication-type="book"><source>Vocabulário da psicanálise</source><date><year>1967</year></date><person-group><name><surname>LAPLANCHE</surname><given-names>Jean</given-names></name><name><surname>PONTALIS</surname><given-names>Jean-Bertrand</given-names></name><name><surname>LAPLANCHE</surname><given-names>Jean</given-names></name><name><surname>PONTALIS</surname><given-names>Jean-Bertrand</given-names></name></person-group></element-citation></ref><ref id="B16"><element-citation publication-type="book"><source>Delicadas coreografias: instantâneos de uma terapia ocupacional</source><date><year>2008</year></date><person-group><name><surname>LIBERMAN</surname><given-names>Flavia</given-names></name><name><surname>LIBERMAN</surname><given-names>Flavia</given-names></name></person-group></element-citation></ref><ref id="B17"><element-citation publication-type="book"><source>Danças em terapia ocupacional</source><date><year>1998</year></date><person-group><name><surname>LIBERMAN</surname><given-names>Flavia</given-names></name></person-group></element-citation></ref><ref id="B18"><element-citation publication-type="book"><source>Oficinas, laboratórios, ateliês, grupos de atividades: dispositivos para uma clínica atravessada pela criação</source><person-group><name><surname>LIMA</surname><given-names>Elizabeth A.</given-names></name><name><surname>LIMA</surname><given-names>Elizabeth A.</given-names></name></person-group><ext-link>www.pucsp.br/nucleodesubjetividade/Textos/beth/oficinas.pdf</ext-link></element-citation></ref><ref id="B19"><element-citation publication-type="article"><article-title>O funcionamento da atenção no trabalho do cartógrafo</article-title><source>Psicologia &amp; Sociedade</source><date><month>04</month><year>2007</year></date><fpage>15</fpage><lpage>22</lpage><issue>1</issue><volume>19</volume><person-group><name><surname>KASTRUP</surname><given-names>Virgínia</given-names></name></person-group></element-citation></ref><ref id="B20"><element-citation publication-type="book"><source>Música, saúde e magia: teoria e prática na música orgânica</source><date><year>1996</year></date><person-group><name><surname>OLIVEIRA</surname><given-names>Ricardo</given-names></name><name><surname>OLIVEIRA</surname><given-names>Ricardo</given-names></name></person-group></element-citation></ref><ref id="B21"><element-citation publication-type="book"><source>Ensinar saúde: a integralidade e o SUS nos cursos de graduação na área da saúde</source><date><year>2005</year></date><fpage>13</fpage><lpage>32</lpage><person-group><name><surname>PINHEIRO</surname><given-names>Roseni</given-names></name><name><surname>CECCIM</surname><given-names>Ricardo Burg</given-names></name><name><surname>PINHEIRO</surname><given-names>Roseni</given-names></name><name><surname>CECCIM</surname><given-names>Ricardo Burg</given-names></name><name><surname>MATTOS</surname><given-names>Ruben A.</given-names></name><name><surname>PINHEIRO</surname><given-names>Roseni</given-names></name><name><surname>CECCIM</surname><given-names>Ricardo Burg</given-names></name><name><surname>MATTOS</surname><given-names>Ruben A.</given-names></name></person-group></element-citation></ref><ref id="B22"><element-citation publication-type="book"><source>A partilha do sensível: estética e política</source><date><year>2009</year></date><person-group><name><surname>RANCIÈRE</surname><given-names>Jacques</given-names></name><name><surname>RANCIÈRE</surname><given-names>Jacques</given-names></name></person-group></element-citation></ref><ref id="B23"><element-citation publication-type="article"><article-title>Pensamento, corpo e devir: uma perspectiva ético/estético/política no trabalho acadêmico</article-title><source>Cadernos de Subjetividade PUC-SP</source><date><year>1993</year></date><fpage>241</fpage><lpage>251</lpage><issue>2</issue><volume>1</volume><person-group><name><surname>ROLNIK</surname><given-names>Sueli</given-names></name></person-group></element-citation></ref><ref id="B24"><element-citation publication-type="book"><source>A escuta analítica: a diferença entre ouvir e escutar</source><date><day>04</day><month>09</month><year>2007</year></date><person-group><name><surname>SILVA</surname><given-names>Márcia V. L.</given-names></name><name><surname>SILVA</surname><given-names>Márcia V. L.</given-names></name></person-group><ext-link>www.portaldapsique.com.br/Artigos/Escuta_Analitica_a_diferenca_entre_ouvir_e_ escutar.htm</ext-link></element-citation></ref><ref id="B25"><element-citation publication-type="book"><source>Projeto Político-Pedagógico da Universidade Federal de São Paulo: campus Baixada Santista</source><date><year>2006</year></date><ext-link>www.unifesp.br/homebaixada/projpedag.php</ext-link></element-citation></ref></ref-list></back></article></articles>