<articles xmlns:xsi="http://www.w3.org/2001/XMLSchema-instance" xsi:schemaLocation="https://raw.githubusercontent.com/scieloorg/articles_meta/master/tests/xsd/scielo_sci/ThomsonReuters_publishing.xsd" dtd-version="1.10"><article lang_id="pt" article-type="research-article"><front><journal-meta><journal-id journal-id-type="publisher">tes</journal-id><journal-title-group><journal-title>Trabalho, Educação e Saúde</journal-title><abbrev-journal-title>Trab. educ. saúde</abbrev-journal-title></journal-title-group><issn>1981-7746</issn><collection>SciELO Brazil</collection><publisher><publisher-name>Fundação Oswaldo Cruz, Escola Politécnica de Saúde Joaquim Venâncio</publisher-name></publisher></journal-meta><article-meta><unique-article-id pub-id-type="publisher-id">S1981-77462008000300005</unique-article-id><article-id pub-id-type="publisher-id">S1981-77462008000300005</article-id><article-id pub-id-type="doi">10.1590/S1981-77462008000300005</article-id><article-categories><subj-group><subject>EDUCATION &amp; EDUCATIONAL RESEARCH</subject><subject>PUBLIC, ENVIRONMENTAL &amp; OCCUPATIONAL HEALTH</subject></subj-group></article-categories><title-group><article-title lang_id="pt">As novas institucionalidades do trabalho no setor público: os agentes comunitários de saúde</article-title><trans-title-group lang_id="en"><trans-title>The new institutionalities of work in the public sector: the community health agents</trans-title></trans-title-group></title-group><contrib-group><contrib contrib-type="author"><name><surname>Lima</surname><given-names>Jacob Carlos</given-names></name><role>ND</role><xref ref-type="aff" rid="A01"/></contrib><contrib contrib-type="author"><name><surname>Cockell</surname><given-names>Fernanda Flávia</given-names></name><role>ND</role><xref ref-type="aff" rid="A02"/></contrib></contrib-group><aff id="A02"><institution>Universidade Federal de São Carlos</institution><country>Brazil</country></aff><aff id="A01"><institution>Universidade Federal de São Carlos</institution><country>Brazil</country></aff><pub-date><year>2008</year></pub-date><volume>6</volume><issue>3</issue><fpage>481</fpage><lpage>502</lpage><permissions><license license-type="open-access" href="http://creativecommons.org/licenses/by-nc/4.0/"><license-p>This work is licensed under a Creative Commons Attribution-NonCommercial 4.0 International License.</license-p></license></permissions><self-uri href="http://www.scielo.br/scielo.php?script=sci_arttext&amp;pid=S1981-77462008000300005&amp;lng=en&amp;tlng=en" content-type="full_text_page"/><self-uri href="http://www.scielo.br/scielo.php?script=sci_issuetoc&amp;pid=1981-774620080003&amp;lng=en" content-type="issue_page"/><self-uri href="http://www.scielo.br/scielo.php?script=sci_serial&amp;pid=1981-7746&amp;lng=en" content-type="journal_page"/><abstract lang_id="pt"><p>O artigo analisa o surgimento dos agentes comunitários de saúde como categoria de trabalhadores num contexto de flexibilização das relações de trabalho, numa dupla direção: na valorização da atividade do trabalho, maior autonomia, formação continuada e valorização de habilidades sociais como elementos primordiais na implementação de serviços sociais pelo Estado; e no caráter atípico representado por contratos de trabalho fora da estabilidade do funcionalismo, condição para a atividade desenvolvida, por um lado, e, por outro, fator de vulnerabilidade social do trabalhador pela preponderância de contratos de subcontratação, informais e outros marcados pela instabilidade da relação de trabalho.</p></abstract><trans-abstract lang_id="en"><p>The article analyses the appearance of community health agents as a worker category in a context of labor relation flexibilization, in a double sense: valuing work, greater autonomy, continued education, and social skills as primordial elements in the State's implementation of social services; and the atypical character represented by labor agreements outside of the public servents' stability, a condition for the activity that is carried out, on one hand, and, on the other, a factor of social vulnerability of the worker by the preponderance of outsourcing and informal agreements, among others, which are marked by unstable work ties.</p></trans-abstract><kwd-group lang_id="en" kwd-group-type="author-generated"><kwd>flexible work</kwd><kwd>atypical work</kwd><kwd>social vulnerability</kwd><kwd>community health agents</kwd></kwd-group><kwd-group lang_id="pt" kwd-group-type="author-generated"><kwd>trabalho flexível</kwd><kwd>trabalho atípico</kwd><kwd>vulnerabilidade social</kwd><kwd>agentes comunitários de saúde</kwd></kwd-group></article-meta></front><back><ref-list><ref id="B1"><element-citation publication-type="article"><article-title>Saúde da família, violência e cultura da paz</article-title><source>Revista Brasileira de Saúde da Família</source><date><month>04</month><year>2004</year></date><fpage>55</fpage><lpage>61</lpage><issue>7</issue><volume>1</volume><person-group><name><surname>ANDRADE</surname><given-names>Luiz O. Monteiro</given-names></name><name><surname>INOJOSA</surname><given-names>Rose Marie</given-names></name></person-group></element-citation></ref><ref id="B2"><element-citation publication-type="article"><article-title>A identidade do agente comunitário de saúde: uma abordagem fenomenológica</article-title><source>Ciência &amp; Saúde Coletiva</source><date><year>2008</year></date><fpage>51</fpage><lpage>60</lpage><issue>1</issue><volume>13</volume><person-group><name><surname>BACHILLI</surname><given-names>Rosane Guimarães</given-names></name><name><surname>SCAVASSA</surname><given-names>Ailton José</given-names></name><name><surname>SPIRI</surname><given-names>Wilza Carla</given-names></name></person-group></element-citation></ref><ref id="B3"><element-citation publication-type="article"><article-title>Consensos e divergências: a capacitação profissional das equipes de saúde da família no município de São Carlos (SP)</article-title><source>Trabalho, Educação e Saúde</source><date><year>2005</year></date><fpage>75</fpage><lpage>89</lpage><issue>1</issue><volume>3</volume><person-group><name><surname>BERNARDINO</surname><given-names>Mônica T. S. M.</given-names></name></person-group></element-citation></ref><ref id="B4"><element-citation publication-type="thesis"><source>O direito do trabalho no Brasil - 1930/1942: a construção do sujeito de direitos trabalhistas</source><date><year>2005</year></date><person-group><name><surname>BIAVASCHI</surname><given-names>Magda Barros</given-names></name><name><surname>BIAVASCHI</surname><given-names>Magda Barros</given-names></name></person-group></element-citation></ref><ref id="B5"><element-citation publication-type="article"><article-title>Concepções que integram a formação e o processo de trabalho dos agentes comunitários de saúde: uma revisão da literatura</article-title><source>Ciência &amp; Saúde Coletiva</source><date><year>2008</year></date><fpage>259</fpage><lpage>268</lpage><issue>1</issue><volume>13</volume><person-group><name><surname>BORNSTEIN</surname><given-names>Vera Joana</given-names></name><name><surname>STOTZ</surname><given-names>Eduardo Navarro</given-names></name></person-group></element-citation></ref><ref id="B6"><element-citation publication-type="book"><source>Escritos de educação</source><date><year>1998</year></date><person-group><name><surname>BOURDIEU</surname><given-names>Pierre</given-names></name><name><surname>BOURDIEU</surname><given-names>Pierre</given-names></name><name><surname>NOGUEIRA</surname><given-names>Maria Alice</given-names></name><name><surname>CATANI</surname><given-names>Afrânio</given-names></name><name><surname>BOURDIEU</surname><given-names>Pierre</given-names></name><name><surname>NOGUEIRA</surname><given-names>Maria Alice</given-names></name><name><surname>CATANI</surname><given-names>Afrânio</given-names></name></person-group></element-citation></ref><ref id="B7"><element-citation publication-type="article"><article-title>Portaria n.o 1.886, 18 de dezembro 1997: Aprova as normas e diretrizes do Pacs e PSF</article-title><source>Diário Oficial [da] República Federativa do Brasil</source><date><day>19</day><month>12</month><year>1997</year></date></element-citation></ref><ref id="B8"><element-citation publication-type="book"><source>Saúde da Família: uma estratégia para a reorientação do modelo assistencial</source><date><year>1998</year></date></element-citation></ref><ref id="B9"><element-citation publication-type="book"><source>Educação profissional: referenciais curriculares nacionais da educação profissional de ensino técnico na área saúde, 2000</source><ext-link>www.mec.gov.br/semtec/educprof/ftp/Referenciais% Curriculares/saúde.pdf</ext-link></element-citation></ref><ref id="B10"><element-citation publication-type="article"><article-title>Lei n.º 10.507, 10 de julho de 2002: Cria a profissão de agente comunitário de saúde e dá outras providências</article-title><source>Diário Oficial [da] República Federativa do Brasil</source><date><day>11</day><month>07</month><year>2002</year></date></element-citation></ref><ref id="B11"><element-citation publication-type="book"><source>Modalidade de contratação de agentes comunitários de saúde: um pacto tripartite</source><date><year>2002</year></date></element-citation></ref><ref id="B12"><element-citation publication-type="book"><source>Referencial curricular para curso técnico de agente comunitário de saúde: área profissional saúde</source><date><year>2004</year></date></element-citation></ref><ref id="B13"><element-citation publication-type="book"><source>Sistema de Informação de Atenção Básica</source><date><year>2005</year></date><ext-link>www.datasus.gov.br/siab/siab.htm</ext-link></element-citation></ref><ref id="B14"><element-citation publication-type="book"><source>Repasses para Saúde da Família aumentam a partir deste mês</source><date><day>01</day><month>08</month><year>2007</year></date><ext-link>http://sna.saude.gov.br/imprimir.cfm?id=3906</ext-link></element-citation></ref><ref id="B15"><element-citation publication-type="book"><source>Atenção Básica e a Saúde da Família</source><ext-link>http://dtr2004.saude.gov.br/dab/atencaobasica.php</ext-link></element-citation></ref><ref id="B16"><element-citation publication-type="book"><source>Agentes comunitários conquistam insalubridade</source><date><day>17</day><month>11</month><year>2005</year></date><ext-link>www.cmc.pr.gov.br/ass_det.php?not=6109</ext-link></element-citation></ref><ref id="B17"><element-citation publication-type="book"><source>As metamorfoses da questão social</source><date><year>1998</year></date><person-group><name><surname>CASTEL</surname><given-names>Robert</given-names></name><name><surname>CASTEL</surname><given-names>Robert</given-names></name></person-group></element-citation></ref><ref id="B18"><element-citation publication-type="book"><source>Observatório de Recursos Humanos em Saúde no Brasil</source><date><year>2004</year></date><fpage>105</fpage><lpage>120</lpage><volume>2</volume><person-group><name><surname>CASTRO</surname><given-names>Janete Lima de</given-names></name><name><surname>VILAR</surname><given-names>Rosane Lúcia Alves</given-names></name><name><surname>FERNANDES</surname><given-names>Vicente Paula</given-names></name><name><surname>BARROS</surname><given-names>André F. do Rêgo</given-names></name><name><surname>BARROS</surname><given-names>André F. do Rêgo</given-names></name></person-group></element-citation></ref><ref id="B19"><element-citation publication-type="book"><source>Economia subterrânea: uma análise da realidade peruana</source><date><year>1987</year></date><person-group><name><surname>DESOTO</surname><given-names>Hernando de</given-names></name><name><surname>DESOTO</surname><given-names>Hernando de</given-names></name></person-group></element-citation></ref><ref id="B20"><element-citation publication-type="article"><article-title>O agente comunitário de saúde e a privacidade das informações dos usuários</article-title><source>Cadernos de Saúde Pública</source><date><month>10</month><year>2004</year></date><fpage>1.328</fpage><lpage>1.333</lpage><issue>5</issue><volume>20</volume><person-group><name><surname>FORTES</surname><given-names>Paulo A. de Carvalho</given-names></name><name><surname>SPINETTI</surname><given-names>Simone Ribeiro</given-names></name></person-group></element-citation></ref><ref id="B21"><element-citation publication-type="book"><source>Condição pós-moderna</source><date><year>1993</year></date><person-group><name><surname>HARVEY</surname><given-names>David</given-names></name><name><surname>HARVEY</surname><given-names>David</given-names></name></person-group></element-citation></ref><ref id="B22"><element-citation publication-type="thesis"><source>Morar e trabalhar na mesma comunidade: a realidade dos agentes comunitários de saúde</source><date><year>2007</year></date><person-group><name><surname>JARDIM</surname><given-names>Tatiane Andrade</given-names></name><name><surname>JARDIM</surname><given-names>Tatiane Andrade</given-names></name></person-group></element-citation></ref><ref id="B23"><element-citation publication-type="thesis"><source>Tendências recentes nas relações de emprego no Brasil: 1990-2005</source><date><year>2007</year></date><person-group><name><surname>KREIN</surname><given-names>José Dari</given-names></name><name><surname>KREIN</surname><given-names>José Dari</given-names></name></person-group></element-citation></ref><ref id="B24"><element-citation publication-type="article"><article-title>Avaliação da qualidade de vida geral de agentes comunitários de saúde: a contribuição relativa das variáveis sociodemográficas e dos domínios da qualidade de vida</article-title><source>Revista Psiquiatria do Rio Grande do Sul</source><date><year>2007</year></date><fpage>176</fpage><lpage>183</lpage><issue>29</issue><volume>2</volume><person-group><name><surname>KLUTHCOVSKY</surname><given-names>Ana Cláudia G. C.</given-names></name></person-group></element-citation></ref><ref id="B25"><element-citation publication-type="article"><article-title>A teoria do capital social na análise das políticas públicas</article-title><source>Política e Trabalho. Revista de Ciências Sociais</source><date><month>09</month><year>2001</year></date><fpage>46</fpage><lpage>63</lpage><issue>17</issue><person-group><name><surname>LIMA</surname><given-names>Jacob Carlos</given-names></name></person-group></element-citation></ref><ref id="B26"><element-citation publication-type="article"><article-title>Trabalho atípico e capital social: os agentes comunitários de saúde na Paraíba</article-title><source>Sociedade e Estado</source><date><month>04</month><year>2005</year></date><fpage>103</fpage><lpage>133</lpage><issue>1</issue><volume>20</volume><person-group><name><surname>LIMA</surname><given-names>Jacob Carlos</given-names></name><name><surname>MOURA</surname><given-names>Maria Carmo</given-names></name></person-group></element-citation></ref><ref id="B27"><element-citation publication-type="book"><source>Audácia: uma alternativa para o século XXI</source><date><year>1991</year></date><person-group><name><surname>LIPIETZ</surname><given-names>Alan</given-names></name><name><surname>LIPIETZ</surname><given-names>Alan</given-names></name></person-group></element-citation></ref><ref id="B28"><element-citation publication-type="thesis"><source>Campeões, curingas e robôs: os funcionários e a reestruturação no Banco do Brasil</source><date><year>2002</year></date><person-group><name><surname>MACHADO</surname><given-names>Eduardo Gomes</given-names></name><name><surname>MACHADO</surname><given-names>Eduardo Gomes</given-names></name></person-group></element-citation></ref><ref id="B29"><element-citation publication-type="article"><article-title>A visita domiciliária como instrumento de assistência de saúde</article-title><source>Revista Brasileira Crescimento Desenvolvimento Humano</source><date><year>1994</year></date><fpage>60</fpage><lpage>68</lpage><issue>2</issue><volume>4</volume><person-group><name><surname>MAZZA</surname><given-names>Maria Porto Rossetto</given-names></name></person-group><ext-link>www.fsp.usp.br/MAZZA.htm</ext-link></element-citation></ref><ref id="B30"><element-citation publication-type="article"><article-title>Agente comunitário de saúde no âmbito das políticas voltadas para a atenção básica: concepções do trabalho e da formação profissional</article-title><source>Trabalho, Educação e Saúde</source><date><year>2007</year></date><fpage>261</fpage><lpage>280</lpage><issue>2</issue><volume>5</volume><person-group><name><surname>MOROSINI</surname><given-names>Márcia Valéria</given-names></name><name><surname>CORBO</surname><given-names>Anamaria D'Andrea</given-names></name><name><surname>GUIMARÃES</surname><given-names>Cátia Corrêa</given-names></name></person-group></element-citation></ref><ref id="B31"><element-citation publication-type="book"><source>Precarização do trabalho do agente comunitário de saúde: um estudo em municípios da região metropolitana do Recife</source><date><year>2005</year></date><person-group><name><surname>NASCIMENTO</surname><given-names>Cynthia Maria Barboza</given-names></name><name><surname>NASCIMENTO</surname><given-names>Cynthia Maria Barboza</given-names></name></person-group></element-citation></ref><ref id="B32"><element-citation publication-type="article"><article-title>Estabilidade e flexibilidade: tensão de base nas novas políticas de recursos humanos em saúde</article-title><source>Divulgação em Saúde para Debates</source><date><month>08</month><year>1996</year></date><fpage>18</fpage><lpage>22</lpage><issue>14</issue><person-group><name><surname>NOGUEIRA</surname><given-names>Roberto Passos</given-names></name></person-group></element-citation></ref><ref id="B33"><element-citation publication-type="conference"><source>Política de recursos humanos para a saúde: questões na área da gestão e regulação do trabalho. Relatório final</source><date><year>1999</year></date><person-group><name><surname>NOGUEIRA</surname><given-names>Roberto Passos</given-names></name></person-group><ext-link>http://www.opas.org.br/rh/publicacoes/textos_ apoio/pub04U3T10.pdf</ext-link></element-citation></ref><ref id="B34"><element-citation publication-type="book"><source>A vinculação institucional de um trabalhador sui generis: o agente comunitário de saúde</source><date><month>06</month><year>2000</year></date><person-group><name><surname>NOGUEIRA</surname><given-names>Roberto Passos</given-names></name><name><surname>SILVA</surname><given-names>Frederico Barbosa</given-names></name><name><surname>RAMOS</surname><given-names>Zuleide Vale Oliveira</given-names></name><name><surname>NOGUEIRA</surname><given-names>Roberto Passos</given-names></name><name><surname>SILVA</surname><given-names>Frederico Barbosa</given-names></name><name><surname>RAMOS</surname><given-names>Zuleide Vale Oliveira</given-names></name></person-group></element-citation></ref><ref id="B35"><element-citation publication-type="article"><article-title>O agente comunitário de saúde: construção da identidade desse personagem híbrido e polifônico</article-title><source>Cadernos de Saúde Pública</source><date><month>12</month><year>2002</year></date><fpage>1.639</fpage><lpage>1.646</lpage><issue>6</issue><volume>18</volume><person-group><name><surname>NUNES</surname><given-names>Mônica Oliveira</given-names></name></person-group></element-citation></ref><ref id="B36"><element-citation publication-type="article"><article-title>Nordeste anos 70: as hostes errantes</article-title><source>Novos Estudos Cebrap</source><date><month>12</month><year>1981</year></date><issue>1</issue><volume>1</volume><person-group><name><surname>OLIVEIRA</surname><given-names>Francisco de</given-names></name></person-group></element-citation></ref><ref id="B37"><element-citation publication-type="article"><article-title>Consenso e diferenças em equipes do Programa Saúde da Família</article-title><source>Revista de Saúde Pública</source><date><year>2001</year></date><fpage>303</fpage><lpage>11</lpage><issue>3</issue><volume>35</volume><person-group><name><surname>PEDROSA</surname><given-names>José Ivo Santos</given-names></name><name><surname>TELES</surname><given-names>João Batista Mendes</given-names></name></person-group></element-citation></ref><ref id="B38"><element-citation publication-type="book"><source>The Informal Economy: Studies in Advanced and Less Developed Countries</source><date><year>1989</year></date><person-group><name><surname>PORTES</surname><given-names>Alejandro</given-names></name><name><surname>CASTELLS</surname><given-names>Manuel</given-names></name><name><surname>BENTON</surname><given-names>Lauren</given-names></name><name><surname>PORTES</surname><given-names>Alejandro</given-names></name><name><surname>CASTELLS</surname><given-names>Manuel</given-names></name><name><surname>BENTON</surname><given-names>Lauren</given-names></name></person-group></element-citation></ref><ref id="B39"><element-citation publication-type="article"><article-title>Agente comunitário de saúde: perfil adequado à realidade do Programa Saúde da Família?</article-title><source>Ciência &amp; Saúde Coletiva</source><date><year>2008</year></date><person-group><name><surname>SANTOS</surname><given-names>Karina Tonini</given-names></name></person-group><ext-link>www.cienciaesaudecoletiva.com.br</ext-link></element-citation></ref><ref id="B40"><element-citation publication-type="article"><article-title>A emenda constitucional n.º 51/2006 e os agentes comunitários de saúde</article-title><source>Boletim de Recursos Humanos</source><date><month>01</month><year>2008</year></date><fpage>19</fpage><lpage>28</lpage><issue>33</issue><volume>4</volume><person-group><name><surname>SANTOS</surname><given-names>Lenir</given-names></name></person-group></element-citation></ref><ref id="B41"><element-citation publication-type="book"><source>Indicadores são melhores onde há Saúde da Família</source><date><day>12</day><month>08</month><year>2008</year></date><person-group><name><surname>VALADARES</surname><given-names>Carolina</given-names></name><name><surname>VALADARES</surname><given-names>Carolina</given-names></name></person-group><ext-link>http://portal.saude.gov.br/portal/aplicacoes/noticias/noticias_detalhe.cfm?co_seq_noticia=52097</ext-link></element-citation></ref><ref id="B42"><element-citation publication-type="article"><article-title>A importância da confiança interpessoal para a consolidação do Programa de Saúde da Família</article-title><source>Ciência &amp; Saúde Coletiva</source><date><month>06</month><year>2007</year></date><fpage>777</fpage><lpage>788</lpage><issue>3</issue><volume>12</volume><person-group><name><surname>VALENTIM</surname><given-names>Igor V. Lima</given-names></name><name><surname>KRUEL</surname><given-names>Alexandra Jochims</given-names></name></person-group></element-citation></ref></ref-list></back></article></articles>