<articles xmlns:xsi="http://www.w3.org/2001/XMLSchema-instance" xsi:schemaLocation="https://raw.githubusercontent.com/scieloorg/articles_meta/master/tests/xsd/scielo_sci/ThomsonReuters_publishing.xsd" dtd-version="1.10"><article lang_id="pt" article-type="research-article"><front><journal-meta><journal-id journal-id-type="publisher">tes</journal-id><journal-title-group><journal-title>Trabalho, Educação e Saúde</journal-title><abbrev-journal-title>Trab. educ. saúde</abbrev-journal-title></journal-title-group><issn>1981-7746</issn><collection>SciELO Brazil</collection><publisher><publisher-name>Fundação Oswaldo Cruz, Escola Politécnica de Saúde Joaquim Venâncio</publisher-name></publisher></journal-meta><article-meta><unique-article-id pub-id-type="publisher-id">S1981-77462010000300014</unique-article-id><article-id pub-id-type="publisher-id">S1981-77462010000300014</article-id><article-id pub-id-type="doi">10.1590/S1981-77462010000300014</article-id><article-categories><subj-group><subject>EDUCATION &amp; EDUCATIONAL RESEARCH</subject><subject>PUBLIC, ENVIRONMENTAL &amp; OCCUPATIONAL HEALTH</subject></subj-group></article-categories><title-group><article-title lang_id="pt">O cérebro como órgão pessoal: uma antropologia de discursos neurocientíficos</article-title><trans-title-group lang_id="en"><trans-title>The brain as a personal organ: an anthropology of neuroscientific discourses</trans-title></trans-title-group></title-group><contrib-group><contrib contrib-type="author"><name><surname>Azize</surname><given-names>Rogerio Lopes</given-names></name><role>ND</role></contrib></contrib-group><pub-date><month>11</month><year>2010</year></pub-date><volume>8</volume><issue>3</issue><fpage>563</fpage><lpage>574</lpage><permissions><license license-type="open-access" href="http://creativecommons.org/licenses/by-nc/4.0/"><license-p>This work is licensed under a Creative Commons Attribution-NonCommercial 4.0 International License.</license-p></license></permissions><self-uri href="http://www.scielo.br/scielo.php?script=sci_arttext&amp;pid=S1981-77462010000300014&amp;lng=en&amp;tlng=en" content-type="full_text_page"/><self-uri href="http://www.scielo.br/scielo.php?script=sci_issuetoc&amp;pid=1981-774620100003&amp;lng=en" content-type="issue_page"/><self-uri href="http://www.scielo.br/scielo.php?script=sci_serial&amp;pid=1981-7746&amp;lng=en" content-type="journal_page"/><abstract lang_id="pt"><p>Trata-se de discutir em que sentido o discurso neurocientífico sobre o cérebro produz uma determinada noção de pessoa. Em especial, invisto em autores e textos que fazem divulgação científica. A ideia do 'cérebro como pessoa' é repetida em formatos variados em livros de divulgação de importantes neurocientistas, que visam atingir os seus pares especialistas, assim como constituir e ampliar o número de novos curiosos a respeito do funcionamento do cérebro. Postulo, como contribuição ao debate, a ideia de que um 'cerebralismo' - uma concepção fisicalista de pessoa que relaciona cérebro e indivíduo - constitui um traço central na concepção de pessoa moderna.</p></abstract><trans-abstract lang_id="en"><p>The goal is to discuss in what regard the discourse of neuroscience about the brain produces a particular notion of personhood. In particular, I investigate authors and texts that disseminate science. The idea of the 'brain as a person' is repeated in several formats in books written by renowned neuroscientists designed to reach their specialist pairs, as well as to establish and expand the number of people who become intrigued about how the brain works. I postulate, to contribute to the debate, the idea that a 'cerebralism' - a physicalist conception of person that relates the brain and the individual - is a central feature in the notion of the modern person.</p></trans-abstract><kwd-group lang_id="en" kwd-group-type="author-generated"><kwd>person</kwd><kwd>brain</kwd><kwd>neuroscience</kwd><kwd>scientific divulging</kwd></kwd-group><kwd-group lang_id="pt" kwd-group-type="author-generated"><kwd>pessoa</kwd><kwd>cérebro</kwd><kwd>neurociência</kwd><kwd>divulgação científica</kwd></kwd-group></article-meta></front><back><ref-list><ref id="B1"><element-citation publication-type="book"><source>Admirável cérebro novo: vencendo a doença mental na era do genoma</source><date><year>2005</year></date><person-group><name><surname>ANDREASEN</surname><given-names>Nancy</given-names></name><name><surname>ANDREASEN</surname><given-names>Nancy</given-names></name></person-group></element-citation></ref><ref id="B2"><element-citation publication-type="article"><article-title>Uma Neuro-Weltanschauung?: Fisicalismo e subjetividade na divulgação de doenças e medicamentos do cérebro</article-title><source>Mana: Estudos de Antropologia Social</source><date><year>2008</year></date><fpage>7</fpage><lpage>30</lpage><volume>14</volume><person-group><name><surname>AZIZE</surname><given-names>Rogerio Lopes</given-names></name></person-group></element-citation></ref><ref id="B3"><element-citation publication-type="thesis"><source>A nova ordem cerebral: a concepção de 'pessoa' na difusão neurocientífica</source><date><year>2010</year></date><person-group><name><surname>AZIZE</surname><given-names>Rogerio Lopes</given-names></name></person-group></element-citation></ref><ref id="B4"><element-citation publication-type="book"><source>Somos nuestro cérebro: ensayo de divulgación científica (peça de teatro sobre textos de Sergio Strejilevich)</source><date><year>2003</year></date><person-group><name><surname>BLÉFARI</surname><given-names>Rosario</given-names></name><name><surname>PAMPÍN</surname><given-names>Susana</given-names></name><name><surname>BLÉFARI</surname><given-names>Rosario</given-names></name><name><surname>PAMPÍN</surname><given-names>Susana</given-names></name></person-group></element-citation></ref><ref id="B5"><element-citation publication-type="book"><source>O homem neuronal</source><date><year>1985</year></date><person-group><name><surname>CHANGEUX</surname><given-names>Jean Pierre</given-names></name><name><surname>CHANGEUX</surname><given-names>Jean Pierre</given-names></name></person-group></element-citation></ref><ref id="B6"><element-citation publication-type="book"><source>Da vida nervosa nas classes trabalhadoras urbanas</source><date><year>1986</year></date><person-group><name><surname>DUARTE</surname><given-names>Luiz Fernando D.</given-names></name><name><surname>DUARTE</surname><given-names>Luiz Fernando D.</given-names></name></person-group></element-citation></ref><ref id="B7"><element-citation publication-type="book"><source>O nervosismo como categoria nosográfica no começo do século XX</source><date><year>2010</year></date><person-group><name><surname>DUARTE</surname><given-names>Luiz Fernando D.</given-names></name></person-group></element-citation></ref><ref id="B8"><element-citation publication-type="book"><source>O individualismo: uma perspectiva antropológica da ideologia moderna</source><date><year>2000</year></date><person-group><name><surname>DUMONT</surname><given-names>Louis</given-names></name><name><surname>DUMONT</surname><given-names>Louis</given-names></name></person-group></element-citation></ref><ref id="B9"><element-citation publication-type="book"><source>Le philosophe et son scalpel: le problème de l'identité personnelle</source><date><year>1993</year></date><person-group><name><surname>FERRET</surname><given-names>Stephane</given-names></name><name><surname>FERRET</surname><given-names>Stephane</given-names></name></person-group></element-citation></ref><ref id="B10"><element-citation publication-type="book"><source>The ethical brain</source><date><year>2005</year></date><person-group><name><surname>GAZZANIGA</surname><given-names>Michael S.</given-names></name><name><surname>GAZZANIGA</surname><given-names>Michael S.</given-names></name></person-group></element-citation></ref><ref id="B11"><element-citation publication-type="book"><source>The human brain: a guided tour</source><date><year>1997</year></date><person-group><name><surname>GREENFIELD</surname><given-names>Susan</given-names></name><name><surname>GREENFIELD</surname><given-names>Susan</given-names></name></person-group></element-citation></ref><ref id="B12"><element-citation publication-type="book"><source>The private life of the brain: emotions, consciousness, and the secret of the self</source><date><year>2000</year></date><person-group><name><surname>GREENFIELD</surname><given-names>Susan</given-names></name></person-group></element-citation></ref><ref id="B13"><element-citation publication-type="book"><source>Políticas do corpo</source><date><year>1995</year></date><fpage>49</fpage><lpage>67</lpage><person-group><name><surname>LE BRETON</surname><given-names>David.</given-names></name><name><surname>SANT'ANNA</surname><given-names>Denise Bernuzzi de</given-names></name><name><surname>SANT'ANNA</surname><given-names>Denise Bernuzzi de</given-names></name></person-group></element-citation></ref><ref id="B14"><element-citation publication-type="book"><source>Sociologia e antropologia</source><date><year>2003</year></date><fpage>367</fpage><lpage>397</lpage><person-group><name><surname>LE BRETON</surname><given-names>David.</given-names></name></person-group></element-citation></ref><ref id="B15"><element-citation publication-type="book"><source>O corpo incerto: corporeidade, tecnologias médicas e cultura contemporânea</source><date><year>2008</year></date><person-group><name><surname>ORTEGA</surname><given-names>Francisco</given-names></name><name><surname>ORTEGA</surname><given-names>Francisco</given-names></name></person-group></element-citation></ref><ref id="B16"><element-citation publication-type="book"><source>Sur l'Individu (coletânea de intervenções apresentadas no colóquio 'Sur l'Individu', 22-24 out. 1985)</source><date><year>1987</year></date><person-group><name><surname>PERCHERON</surname><given-names>Gérard</given-names></name><name><surname>VEYNE</surname><given-names>Paul</given-names></name><name><surname>VEYNE</surname><given-names>Paul</given-names></name></person-group></element-citation></ref><ref id="B17"><element-citation publication-type="article"><article-title>O sujeito da neurociência: da naturalização do homem ao reencantamento do mundo</article-title><source>Physis: Revista de Saúde Coletiva</source><date><year>2002</year></date><fpage>345</fpage><lpage>373</lpage><issue>2</issue><volume>12</volume><person-group><name><surname>RUSSO</surname><given-names>Jane A.</given-names></name><name><surname>PONCIANO</surname><given-names>Edna T.</given-names></name></person-group></element-citation></ref></ref-list></back></article></articles>