<articles xmlns:xsi="http://www.w3.org/2001/XMLSchema-instance" xsi:schemaLocation="https://raw.githubusercontent.com/scieloorg/articles_meta/master/tests/xsd/scielo_sci/ThomsonReuters_publishing.xsd" dtd-version="1.10"><article lang_id="pt" article-type="research-article"><front><journal-meta><journal-id journal-id-type="publisher">tes</journal-id><journal-title-group><journal-title>Trabalho, Educação e Saúde</journal-title><abbrev-journal-title>Trab. educ. saúde</abbrev-journal-title></journal-title-group><issn>1981-7746</issn><collection>SciELO Brazil</collection><publisher><publisher-name>Fundação Oswaldo Cruz, Escola Politécnica de Saúde Joaquim Venâncio</publisher-name></publisher></journal-meta><article-meta><unique-article-id pub-id-type="publisher-id">S1981-77462012000200006</unique-article-id><article-id pub-id-type="publisher-id">S1981-77462012000200006</article-id><article-id pub-id-type="doi">10.1590/S1981-77462012000200006</article-id><article-categories><subj-group><subject>EDUCATION &amp; EDUCATIONAL RESEARCH</subject><subject>PUBLIC, ENVIRONMENTAL &amp; OCCUPATIONAL HEALTH</subject></subj-group></article-categories><title-group><article-title lang_id="pt">O ensino de biossegurança em cursos técnicos em análises clínicas</article-title><trans-title-group lang_id="en"><trans-title>The teaching of biosecurity in technical courses on clinical analyses</trans-title></trans-title-group></title-group><contrib-group><contrib contrib-type="author"><name><surname>Piccoli</surname><given-names>Andrezza</given-names></name><role>ND</role><xref ref-type="aff" rid="A01"/></contrib><contrib contrib-type="author"><name><surname>Wermelinger</surname><given-names>Mônica</given-names></name><role>ND</role><xref ref-type="aff" rid="A02"/></contrib><contrib contrib-type="author"><name><surname>Amâncio Filho</surname><given-names>Antenor</given-names></name><role>ND</role><xref ref-type="aff" rid="A03"/></contrib></contrib-group><aff id="A01"><institution>Hospital Geral de Bonsucesso</institution><country>Brazil</country></aff><aff id="A02"><institution>Fundação Oswaldo Cruz</institution><country>Brazil</country></aff><aff id="A03"><institution>Fundação Oswaldo Cruz</institution><country>Brazil</country></aff><pub-date><month>10</month><year>2012</year></pub-date><volume>10</volume><issue>2</issue><fpage>283</fpage><lpage>300</lpage><permissions><license license-type="open-access" href="http://creativecommons.org/licenses/by-nc/4.0/"><license-p>This work is licensed under a Creative Commons Attribution-NonCommercial 4.0 International License.</license-p></license></permissions><self-uri href="http://www.scielo.br/scielo.php?script=sci_arttext&amp;pid=S1981-77462012000200006&amp;lng=en&amp;tlng=en" content-type="full_text_page"/><self-uri href="http://www.scielo.br/scielo.php?script=sci_issuetoc&amp;pid=1981-774620120002&amp;lng=en" content-type="issue_page"/><self-uri href="http://www.scielo.br/scielo.php?script=sci_serial&amp;pid=1981-7746&amp;lng=en" content-type="journal_page"/><abstract lang_id="pt"><p>Há um descompasso entre as exigências do mercado de trabalho em saúde e o ensino médio técnico profissionalizante. A busca pela compreensão de um dos aspectos relativos ao distanciamento entre a formação profissional do técnico em análises clínicas e as necessidades do mundo do trabalho é enfocada nesta pesquisa. O trabalho tem como objetivo geral compreender a metodologia de ensino utilizada por docentes em biossegurança de escolas técnicas de formação em análises clínicas concomitante ao ensino médio da Região Metropolitana do Rio de Janeiro, tendo como campo para coleta de dados unidades de ensino da rede pública do Estado do Rio de Janeiro. Em se tratando de um estudo de caso com abordagem qualitativa, as informações foram obtidas através de entrevistas gravadas orientadas por questionário semiestruturado e analisados conteúdo e discurso de três docentes em biossegurança. Os resultados da pesquisa sugerem a necessidade de reformulações da prática pedagógica, possibilitando que a formação do técnico em análises clínicas ocorra de forma mais consoante às reais necessidades do mercado privado ou público representado pelo Sistema Único de Saúde.</p></abstract><trans-abstract lang_id="en"><p>There is a discrepancy between the demands of the labor market in the health sector and professional technical colleges. The quest for comprehension of one of the aspects pertaining to the distance between professional formation of technicians in clinical analyses and the necessities of the labor market is the focus of this research. The general purpose of this study is to understand the teaching methodology used by professors in biosecurity at technical colleges that offer courses in clinical analyses, in conjunction with a high school in the Metropolitan Region of Rio de Janeiro, where data was collected from Public Teaching Units of the State of Rio de Janeiro. When dealing with a case study with a qualitative approach, information was obtained by means of recorded interviews that were guided by a semi-structured questionnaire, whose content was analyzed by three biosecurity professors. The results of the survey indicate the necessity for reformulations in pedagogic practice, enabling the formation of technicians in clinical analyses to be more in line with the actual necessities of the private or public market represented by the Public Health System (SUS).</p></trans-abstract><kwd-group lang_id="pt" kwd-group-type="author-generated"><kwd>biossegurança</kwd><kwd>saúde coletiva</kwd><kwd>educação</kwd><kwd>formação profissional em saúde</kwd><kwd>análises clínicas</kwd></kwd-group><kwd-group lang_id="en" kwd-group-type="author-generated"><kwd>biosecurity</kwd><kwd>collective health</kwd><kwd>education</kwd><kwd>professional formation in health</kwd><kwd>clinical analyses</kwd></kwd-group></article-meta></front><back><ref-list><ref id="B1"><element-citation publication-type="article"><article-title>Biossegurança: um enfoque histórico através da história oral</article-title><source>História das Ciências de Saúde - Manguinhos</source><date><year>2000</year></date><fpage>171</fpage><lpage>183</lpage><issue>1</issue><volume>7</volume><person-group><name><surname>ALMEIDA</surname><given-names>Ana Beatriz de Sá</given-names></name><name><surname>ALBUQUERQUE</surname><given-names>Marli Brito Moreira de</given-names></name></person-group></element-citation></ref><ref id="B2"><element-citation publication-type="article"><article-title>Cenários e situações da formação em saúde no Brasil</article-title><source>Boletim Técnico do Senac</source><date><year>1997</year></date><fpage>11</fpage><lpage>25</lpage><issue>3</issue><volume>23</volume><person-group><name><surname>AMÂNCIO FILHO</surname><given-names>Antenor</given-names></name></person-group></element-citation></ref><ref id="B3"><element-citation publication-type="book"><source>Estado, sociedade e formação profissional em saúde: contradições e desafios em 20 anos de SUS</source><date><year>2008</year></date><fpage>123</fpage><lpage>185</lpage><person-group><name><surname>BAHIA</surname><given-names>Ligia</given-names></name><name><surname>MATTA</surname><given-names>Gustavo Corrêa</given-names></name><name><surname>LIMA</surname><given-names>Júlio César França</given-names></name><name><surname>MATTA</surname><given-names>Gustavo Corrêa</given-names></name><name><surname>LIMA</surname><given-names>Júlio César França</given-names></name></person-group></element-citation></ref><ref id="B4"><element-citation publication-type="article"><article-title>Resolução CEB n. 4, de 8 de dezembro de 1999: Institui as Diretrizes Curriculares Nacionais para a Educação Profissional de Nível Técnico</article-title><source>Diário Oficial da União</source><date><day>22</day><month>12</month><year>1999</year></date><fpage>229</fpage></element-citation></ref><ref id="B5"><element-citation publication-type="book"><source>Lei de Diretrizes e Bases da Educação Nacional: Lei n. 9.394, de 20 de dezembro de 1996</source><ext-link>http://portal. mec.gov.br/arquivos/pdf/ldb.pdf</ext-link></element-citation></ref><ref id="B6"><element-citation publication-type="book"><source>Censo Escolar 2001</source><date><year>2002</year></date></element-citation></ref><ref id="B7"><element-citation publication-type="book"><source>Norma Regulamentadora n. 5</source><ext-link>http://www.mte.gov.br/legislacao/normas_regulamentadoras/nr_05.asp</ext-link></element-citation></ref><ref id="B8"><element-citation publication-type="book"><source>Norma Regulamentadora n. 6</source><ext-link>http://www.mte.gov.br/legislacao/normas_regulamentadoras/nr_06.pdf</ext-link></element-citation></ref><ref id="B9"><element-citation publication-type="book"><source>Norma Regulamentadora n. 9</source><ext-link>http://www.mte.gov.br/legislacao/normas_regulamentadoras/nr_09_at.pdf</ext-link></element-citation></ref><ref id="B10"><element-citation publication-type="book"><source>Norma Regulamentadora n. 26</source><ext-link>http://www.mte.gov.br/legislacao/normas regulamentadoras/nr_26.pdf</ext-link></element-citation></ref><ref id="B11"><element-citation publication-type="book"><source>Norma Regulamentadora n. 32</source><ext-link>http://www.mte.gov.br/legislacao/normas regulamentadoras/nr_32.pdf</ext-link></element-citation></ref><ref id="B12"><element-citation publication-type="book"><source>Resolução da Diretoria Colegiada n. 50 de fevereiro de 2002: Regulamento técnico para planejamento, programação, elaboração e avaliação de projetos físicos de estabelecimentos assistenciais de saúde</source><ext-link>http://www. anvisa.gov.br/legis/resol/2002/50_02rdc.pdf</ext-link></element-citation></ref><ref id="B13"><element-citation publication-type="article"><article-title>Resolução da Diretoria Colegiada n. 306 de 7 de dezembro de 2004: Dispõe sobre o Regulamento Técnico para o gerenciamento de resíduos de serviços de saúde</article-title><source>Diário Oficial da União</source><date><day>10</day><month>12</month><year>0000</year></date></element-citation></ref><ref id="B14"><element-citation publication-type="book"><source>Resolução n. 358 de 29 de abril de 2005: Dispõe sobre o tratamento e a disposição final dos resíduos dos serviços de saúde e dá outras providências</source><ext-link>http://www.mma. gov.br/port/conama/res/res05/res35805.pdf</ext-link></element-citation></ref><ref id="B15"><element-citation publication-type="book"><source>A importância do ato de ler: em três artigos que se completam</source><date><year>1989</year></date><person-group><name><surname>FREIRE</surname><given-names>Paulo</given-names></name><name><surname>FREIRE</surname><given-names>Paulo</given-names></name></person-group></element-citation></ref><ref id="B16"><element-citation publication-type="conference"><date><year>2011</year></date><person-group><name><surname>FRIGOTTO</surname><given-names>Gaudêncio</given-names></name></person-group><ext-link>http://www.fdrh.rs.gov.br/upload/1306773213_ ARTIGO_FRIGOTTO.pdf</ext-link></element-citation></ref><ref id="B17"><element-citation publication-type="book"><source>O discurso do sujeito coletivo: uma nova abordagem metodológica em pesquisa qualitativa</source><date><year>2000</year></date><person-group><name><surname>LEFÈVRE</surname><given-names>Fernando</given-names></name><name><surname>LEFÈVRE</surname><given-names>Ana Maria Cavalcanti</given-names></name><name><surname>TEIXEIRA</surname><given-names>Jorge Juarez Vieira</given-names></name><name><surname>LEFÈVRE</surname><given-names>Fernando</given-names></name><name><surname>LEFÈVRE</surname><given-names>Ana Maria Cavalcanti</given-names></name><name><surname>TEIXEIRA</surname><given-names>Jorge Juarez Vieira</given-names></name></person-group></element-citation></ref><ref id="B18"><element-citation publication-type="book"><source>Estado, sociedade e formação profissional em saúde: contradições e desafios em 20 anos de SUS</source><date><year>2008</year></date><fpage>249</fpage><lpage>311</lpage><person-group><name><surname>LESSA</surname><given-names>Sérgio</given-names></name><name><surname>MATTA</surname><given-names>Gustavo Corrêa</given-names></name><name><surname>LIMA</surname><given-names>Júlio César França</given-names></name><name><surname>MATTA</surname><given-names>Gustavo Corrêa</given-names></name><name><surname>LIMA</surname><given-names>Júlio César França</given-names></name></person-group></element-citation></ref><ref id="B19"><element-citation publication-type="book"><source>Biossegurança aplicada a laboratórios e serviços de saúde</source><date><year>2004</year></date><person-group><name><surname>MASTROENI</surname><given-names>Fábio Marco</given-names></name><name><surname>MASTROENI</surname><given-names>Fábio Marco</given-names></name></person-group></element-citation></ref><ref id="B20"><element-citation publication-type="book"><source>Estado, sociedade e formação profissional em saúde: contradições e desafios em 20 anos de SUS</source><date><year>2008</year></date><fpage>393</fpage><lpage>420</lpage><person-group><name><surname>PEREIRA</surname><given-names>Isabel Brasil</given-names></name><name><surname>MATTA</surname><given-names>Gustavo Corrêa</given-names></name><name><surname>LIMA</surname><given-names>Júlio César França</given-names></name><name><surname>MATTA</surname><given-names>Gustavo Corrêa</given-names></name><name><surname>LIMA</surname><given-names>Júlio César França</given-names></name></person-group></element-citation></ref><ref id="B21"><element-citation publication-type="book"><source>Educação profissional em saúde</source><date><year>2006</year></date><person-group><name><surname>PEREIRA</surname><given-names>Isabel Brasil</given-names></name><name><surname>RAMOS</surname><given-names>Marise Nogueira</given-names></name><name><surname>PEREIRA</surname><given-names>Isabel Brasil</given-names></name><name><surname>RAMOS</surname><given-names>Marise Nogueira</given-names></name></person-group></element-citation></ref><ref id="B22"><element-citation publication-type="conference"><date><year>2001</year></date><person-group><name><surname>RAPPARINI</surname><given-names>Cristiane</given-names></name></person-group></element-citation></ref><ref id="B23"><element-citation publication-type="article"><article-title>Perfil dos acidentes de trabalho em um hospital de Teresina, PI</article-title><source>Cogitare Enfermagem</source><date><year>2010</year></date><fpage>110</fpage><lpage>116</lpage><issue>1</issue><volume>15</volume><person-group><name><surname>RIBEIRO</surname><given-names>Polyana da Costa</given-names></name><name><surname>RIBEIRO</surname><given-names>Ana Cláudia da Costa</given-names></name><name><surname>LIMA JÚNIOR</surname><given-names>Francisco de Paula Barroso</given-names></name></person-group></element-citation></ref><ref id="B24"><element-citation publication-type="book"><source>Estado, sociedade e formação profissional em saúde: contradições e desafios em 20 anos de SUS</source><date><year>2008</year></date><fpage>35</fpage><lpage>87</lpage><person-group><name><surname>SADER</surname><given-names>Eder.</given-names></name><name><surname>MATTA</surname><given-names>Gustavo Corrêa</given-names></name><name><surname>LIMA</surname><given-names>Júlio César França</given-names></name><name><surname>MATTA</surname><given-names>Gustavo Corrêa</given-names></name><name><surname>LIMA</surname><given-names>Júlio César França</given-names></name></person-group></element-citation></ref><ref id="B25"><element-citation publication-type="book"><source>A globalização e as ciências sociais: Linha do Horizonte</source><date><year>2005</year></date><fpage>25</fpage><lpage>102</lpage><person-group><name><surname>SANTOS</surname><given-names>Boaventura de Souza</given-names></name><name><surname>SANTOS</surname><given-names>Boaventura de Souza</given-names></name></person-group></element-citation></ref><ref id="B26"><element-citation publication-type="thesis"><source>Conhecimento e aplicação das precauções universais pelos elementos da equipe de enfermagem de um hospital governamental</source><date><year>1994</year></date><person-group><name><surname>SOUSA</surname><given-names>Marcia de</given-names></name><name><surname>SOUSA</surname><given-names>Marcia de</given-names></name></person-group></element-citation></ref><ref id="B27"><element-citation publication-type="book"><source>Biossegurança: uma abordagem multidisciplinar</source><date><year>1996</year></date><person-group><name><surname>TEIXEIRA</surname><given-names>Pedro</given-names></name><name><surname>VALLE</surname><given-names>Silvio</given-names></name><name><surname>TEIXEIRA</surname><given-names>Pedro</given-names></name><name><surname>VALLE</surname><given-names>Silvio</given-names></name></person-group></element-citation></ref><ref id="B28"><element-citation publication-type="article"><article-title>Técnicos em saúde: constituição de uma identidade</article-title><source>Divulgação em Saúde para Debate</source><date><year>2010</year></date><fpage>89</fpage><lpage>104</lpage><issue>45</issue><person-group><name><surname>WERMELINGER</surname><given-names>Mônica</given-names></name><name><surname>MACHADO</surname><given-names>Maria Helena</given-names></name><name><surname>AMÂNCIO FILHO</surname><given-names>Antenor</given-names></name></person-group></element-citation></ref></ref-list></back></article></articles>