<articles xmlns:xsi="http://www.w3.org/2001/XMLSchema-instance" xsi:schemaLocation="https://raw.githubusercontent.com/scieloorg/articles_meta/master/tests/xsd/scielo_sci/ThomsonReuters_publishing.xsd" dtd-version="1.10"><article lang_id="pt" article-type="research-article"><front><journal-meta><journal-id journal-id-type="publisher">tes</journal-id><journal-title-group><journal-title>Trabalho, Educação e Saúde</journal-title><abbrev-journal-title>Trab. educ. saúde</abbrev-journal-title></journal-title-group><issn>1981-7746</issn><collection>SciELO Brazil</collection><publisher><publisher-name>Fundação Oswaldo Cruz, Escola Politécnica de Saúde Joaquim Venâncio</publisher-name></publisher></journal-meta><article-meta><unique-article-id pub-id-type="publisher-id">S1981-77462008000100007</unique-article-id><article-id pub-id-type="publisher-id">S1981-77462008000100007</article-id><article-id pub-id-type="doi">10.1590/S1981-77462008000100007</article-id><article-categories><subj-group><subject>EDUCATION &amp; EDUCATIONAL RESEARCH</subject><subject>PUBLIC, ENVIRONMENTAL &amp; OCCUPATIONAL HEALTH</subject></subj-group></article-categories><title-group><article-title lang_id="pt">Atividade de comunicação e de trabalho</article-title><trans-title-group lang_id="en"><trans-title>Communication and work activity</trans-title></trans-title-group></title-group><contrib-group><contrib contrib-type="author"><name><surname>Figaro</surname><given-names>Roseli</given-names></name><role>ND</role><xref ref-type="aff" rid="A01"/></contrib></contrib-group><aff id="A01"><institution>Universidade de São Paulo</institution><country>Brazil</country></aff><pub-date><month>06</month><year>2008</year></pub-date><volume>6</volume><issue>1</issue><fpage>107</fpage><lpage>146</lpage><permissions><license license-type="open-access" href="http://creativecommons.org/licenses/by-nc/4.0/"><license-p>This work is licensed under a Creative Commons Attribution-NonCommercial 4.0 International License.</license-p></license></permissions><self-uri href="http://www.scielo.br/scielo.php?script=sci_arttext&amp;pid=S1981-77462008000100007&amp;lng=en&amp;tlng=en" content-type="full_text_page"/><self-uri href="http://www.scielo.br/scielo.php?script=sci_issuetoc&amp;pid=1981-774620080001&amp;lng=en" content-type="issue_page"/><self-uri href="http://www.scielo.br/scielo.php?script=sci_serial&amp;pid=1981-7746&amp;lng=en" content-type="journal_page"/><abstract lang_id="pt"><p>Este artigo discute o binômio comunicação e trabalho a partir da perspectiva da ergologia, ou seja, da atividade humana. Faz uma breve retrospectiva das teorias de comunicação, analisando como as correntes teóricas hegemônicas vêem de maneira limitada os processos de comunicação. E discute sobre os conceitos de comunicação e de trabalho, propondo uma abordagem de pesquisa que permita melhor compreender esse binômio.</p></abstract><trans-abstract lang_id="en"><p>This article discusses the communication and work binomial from the perspective of ergology, that is, of human activity. It presents a brief retrospective of communication theories, analyzing the limited view of communication processes by hegemonic theoretical currents, and discusses concepts of communication and work, proposing a research approach that will allow better understanding of this binomial.</p></trans-abstract><kwd-group lang_id="pt" kwd-group-type="author-generated"><kwd>comunicação e trabalho</kwd><kwd>atividade</kwd><kwd>teoria da comunicação</kwd></kwd-group><kwd-group lang_id="en" kwd-group-type="author-generated"><kwd>communication and work</kwd><kwd>activity</kwd><kwd>ergology, communication theory</kwd><kwd>the world of work</kwd></kwd-group></article-meta></front><back><ref-list><ref id="B1"><element-citation publication-type="book"><source>Os sentidos do trabalho</source><date><year>2000</year></date><person-group><name><surname>ANTUNES</surname><given-names>Ricardo</given-names></name><name><surname>ANTUNES</surname><given-names>Ricardo</given-names></name></person-group></element-citation></ref><ref id="B2"><element-citation publication-type="book"><source>Razão comunicativa e teoria social crítica em Jürgen Habermas</source><date><year>1997</year></date><person-group><name><surname>ARAGÃO</surname><given-names>Lucia M. de C.</given-names></name><name><surname>ARAGÃO</surname><given-names>Lucia M. de C.</given-names></name></person-group></element-citation></ref><ref id="B3"><element-citation publication-type="book"><source>Do signo ao discurso: Introdução à filosofia da linguagem</source><date><year>2004</year></date><person-group><name><surname>ARAÚJO</surname><given-names>Inês Lacerda</given-names></name><name><surname>ARAÚJO</surname><given-names>Inês Lacerda</given-names></name></person-group></element-citation></ref><ref id="B4"><element-citation publication-type="book"><source>Marxismo e filosofia da linguagem</source><date><year>1988</year></date><person-group><name><surname>BAKHTIN</surname><given-names>Mikhail</given-names></name><name><surname>BAKHTIN</surname><given-names>Mikhail</given-names></name></person-group></element-citation></ref><ref id="B5"><element-citation publication-type="book"><source>Problèmes de linguistique générale</source><date><year>1966</year></date><person-group><name><surname>BENVENISTE</surname><given-names>Émile</given-names></name><name><surname>BENVENISTE</surname><given-names>Émile</given-names></name></person-group></element-citation></ref><ref id="B6"><element-citation publication-type="book"><source>Trabalho intelectual: comunicação e capitalismo. A re-configuração do fator subjetivo na atual reestruturação produtiva</source><date><year>2003</year></date><fpage>5</fpage><person-group><name><surname>BOLAÑO</surname><given-names>César R. S.</given-names></name><name><surname>BOLAÑO</surname><given-names>César R. S.</given-names></name></person-group><ext-link>www.eptic.he.com.br</ext-link></element-citation></ref><ref id="B7"><element-citation publication-type="book"><source>Rede Globo: 40 anos de poder e hegemonia</source><date><year>2005</year></date><person-group><name><surname>BOLAÑO</surname><given-names>César R. S.</given-names></name><name><surname>BRITTOS</surname><given-names>Valério</given-names></name><name><surname>BOLAÑO</surname><given-names>César R. S.</given-names></name><name><surname>BRITTOS</surname><given-names>Valério</given-names></name></person-group></element-citation></ref><ref id="B8"><element-citation publication-type="thesis"><source>O rei está nu: Tramas e urdiduras por uma gestão do trabalho</source><date><year>2006</year></date><person-group><name><surname>BORGES</surname><given-names>Maria Elisa S.</given-names></name><name><surname>BORGES</surname><given-names>Maria Elisa S.</given-names></name></person-group></element-citation></ref><ref id="B9"><element-citation publication-type="book"><source>Pierre Bourdieu: Sociologia</source><date><year>1983</year></date><person-group><name><surname>BOURDIEU</surname><given-names>Pierre</given-names></name><name><surname>ORTIZ</surname><given-names>Renato</given-names></name><name><surname>ORTIZ</surname><given-names>Renato</given-names></name></person-group></element-citation></ref><ref id="B10"><element-citation publication-type="book"><source>Normal e patológico</source><date><year>2006</year></date><person-group><name><surname>CANGUILHEM</surname><given-names>George</given-names></name><name><surname>CANGUILHEM</surname><given-names>George</given-names></name></person-group></element-citation></ref><ref id="B11"><element-citation publication-type="article"><article-title>Milieu et norme de l'homme au travail</article-title><source>Cahiers Internationaux de Sociologia</source><date><year>1947</year></date><volume>III</volume><person-group><name><surname>CANGUILHEM</surname><given-names>George</given-names></name></person-group></element-citation></ref><ref id="B12"><element-citation publication-type="book"><source>O indivíduo na organização</source><date><year>1996</year></date><volume>3</volume><person-group><name><surname>CHANLAT</surname><given-names>Jean-François</given-names></name><name><surname>CHANLAT</surname><given-names>Jean-François</given-names></name></person-group></element-citation></ref><ref id="B13"><element-citation publication-type="book"><source>Dicionário crítico de políticas culturais</source><date><year>1999</year></date><person-group><name><surname>COELHO</surname><given-names>Teixeira</given-names></name><name><surname>COELHO</surname><given-names>Teixeira</given-names></name></person-group></element-citation></ref><ref id="B14"><element-citation publication-type="book"><source>Teorias da comunicação de massa</source><date><year>1997</year></date><person-group><name><surname>DEFLEUR</surname><given-names>Melvin</given-names></name><name><surname>BALL-ROKEACH</surname><given-names>Sandra G.</given-names></name><name><surname>DEFLEUR</surname><given-names>Melvin</given-names></name><name><surname>BALL-ROKEACH</surname><given-names>Sandra G.</given-names></name></person-group></element-citation></ref><ref id="B15"><element-citation publication-type="book"><source>La comunication: Etat des savoirs</source><date><year>1998</year></date><fpage>1</fpage><lpage>19</lpage><person-group><name><surname>DORTIER</surname><given-names>Jean-François</given-names></name><name><surname>CABIN</surname><given-names>Philippe</given-names></name><name><surname>CABIN</surname><given-names>Philippe</given-names></name></person-group></element-citation></ref><ref id="B16"><element-citation publication-type="book"><source>Le langage. Nature, histoire et usage</source><date><year>2001</year></date><person-group><name><surname>DORTIER</surname><given-names>Jean-François</given-names></name></person-group></element-citation></ref><ref id="B17"><element-citation publication-type="book"><source>Travail et ergologie: Entretiens sur l'activité humaine</source><date><year>2003</year></date><fpage>31</fpage><lpage>68</lpage><person-group><name><surname>DURAFFOURG</surname><given-names>Jacques</given-names></name><name><surname>Schwartz</surname><given-names>Yves</given-names></name><name><surname>Durrive</surname><given-names>Louis</given-names></name><name><surname>Schwartz</surname><given-names>Yves</given-names></name><name><surname>Durrive</surname><given-names>Louis</given-names></name></person-group></element-citation></ref><ref id="B18"><element-citation publication-type="book"><source>Comunicação &amp; recepção</source><date><year>2005</year></date><person-group><name><surname>ESCOSTEGUY</surname><given-names>Ana C.</given-names></name><name><surname>JACKS</surname><given-names>Nilda</given-names></name><name><surname>ESCOSTEGUY</surname><given-names>Ana C.</given-names></name><name><surname>JACKS</surname><given-names>Nilda</given-names></name></person-group></element-citation></ref><ref id="B19"><element-citation publication-type="thesis"><source>Travail, guerre et relations sociales: La participation salariée a une entreprise: entre techinique de gestion, utopie et engagement de soi</source><date><year>2002</year></date><person-group><name><surname>EFROS</surname><given-names>Dominique</given-names></name><name><surname>EFROS</surname><given-names>Dominique</given-names></name></person-group></element-citation></ref><ref id="B20"><element-citation publication-type="book"><source>Discurso e mudança social</source><date><year>2001</year></date><person-group><name><surname>FAIRCLOUGH</surname><given-names>Norman</given-names></name><name><surname>FAIRCLOUGH</surname><given-names>Norman</given-names></name></person-group></element-citation></ref><ref id="B21"><element-citation publication-type="book"><source>Travail et ergologie: Entretiens sur l'activité humaine</source><date><year>2003</year></date><fpage>159</fpage><lpage>184</lpage><person-group><name><surname>FAÏTA</surname><given-names>Daniel</given-names></name><name><surname>Schwartz</surname><given-names>Yves</given-names></name><name><surname>Durrive</surname><given-names>Louis</given-names></name><name><surname>Schwartz</surname><given-names>Yves</given-names></name><name><surname>Durrive</surname><given-names>Louis</given-names></name></person-group></element-citation></ref><ref id="B22"><element-citation publication-type="article"><article-title>Communication et modernisation à l'entreprise</article-title><source>Société Française</source><date><month>12</month><year>1990</year></date><fpage>26</fpage><lpage>29</lpage><issue>37</issue><person-group><name><surname>FAÏTA</surname><given-names>Daniel</given-names></name></person-group></element-citation></ref><ref id="B23"><element-citation publication-type="book"><source>Comunicação e trabalho: Estudo de recepção: o mundo do trabalho como mediação da comunicação</source><date><year>2001</year></date><person-group><name><surname>FIGARO PAULINO</surname><given-names>Roseli A.</given-names></name><name><surname>FIGARO PAULINO</surname><given-names>Roseli A.</given-names></name></person-group></element-citation></ref><ref id="B24"><element-citation publication-type="article"><article-title>Crítica ação comunicativa e à razão comunicativa: para entender a comunicação no mundo do trabalho</article-title><source>Epitc - Revista de Economia Política de la Tecnologias de la Información y Comunicación</source><date><year>2004</year></date><fpage>54</fpage><lpage>64</lpage><issue>2</issue><volume>vi</volume><person-group><name><surname>FIGARO PAULINO</surname><given-names>Roseli A.</given-names></name></person-group></element-citation></ref><ref id="B25"><element-citation publication-type="book"><source>Gestão da comunicação no mundo do trabalho, educação, terceiro setor e cooperativismo</source><date><year>2005</year></date><person-group><name><surname>FIGARO PAULINO</surname><given-names>Roseli A.</given-names></name></person-group></element-citation></ref><ref id="B26"><element-citation publication-type="article"><article-title>O desafio teórico-metodológico nas pesquisas de recepção</article-title><source>Revista e-compós</source><date><month>08</month><year>2005</year></date><person-group><name><surname>FIGARO PAULINO</surname><given-names>Roseli A.</given-names></name></person-group></element-citation></ref><ref id="B27"><element-citation publication-type="book"><source>O indivíduo na organização: Dimensões esquecidas</source><date><year>1996</year></date><fpage>32</fpage><lpage>33</lpage><volume>III</volume><person-group><name><surname>GIRIN</surname><given-names>Jacques</given-names></name><name><surname>CHANLAT</surname><given-names>Jean-François</given-names></name><name><surname>CHANLAT</surname><given-names>Jean-François</given-names></name></person-group></element-citation></ref><ref id="B28"><element-citation publication-type="book"><source>Obras escolhidas</source><date><year>1978</year></date><person-group><name><surname>GRAMSCI</surname><given-names>Antônio</given-names></name><name><surname>GRAMSCI</surname><given-names>Antônio</given-names></name></person-group></element-citation></ref><ref id="B29"><element-citation publication-type="book"><source>Escritos políticos</source><date><year>1977</year></date><person-group><name><surname>GRAMSCI</surname><given-names>Antônio</given-names></name></person-group></element-citation></ref><ref id="B30"><element-citation publication-type="book"><source>Teoría de la acción comunicativa (I e II)</source><date><year>1999</year></date><person-group><name><surname>HABERMAS</surname><given-names>Jürgen</given-names></name><name><surname>HABERMAS</surname><given-names>Jürgen</given-names></name></person-group></element-citation></ref><ref id="B31"><element-citation publication-type="book"><source>Consciência moral e agir comunicativo</source><date><year>1989</year></date><person-group><name><surname>HABERMAS</surname><given-names>Jürgen</given-names></name></person-group></element-citation></ref><ref id="B32"><element-citation publication-type="undefined"><date><year>2003</year></date><person-group><name><surname>HALL</surname><given-names>Stuart</given-names></name><name><surname>SOVIK</surname><given-names>Liv</given-names></name><name><surname>SOVIK</surname><given-names>Liv</given-names></name></person-group></element-citation></ref><ref id="B33"><element-citation publication-type="book"><source>Textos escolhidos: Coleção Os Pensadores</source><date><year>1991</year></date><person-group><name><surname>HORKHEIMER</surname><given-names>Max</given-names></name><name><surname>ADORNO</surname><given-names>Theodor</given-names></name><name><surname>HORKHEIMER</surname><given-names>Max</given-names></name><name><surname>ADORNO</surname><given-names>Theodor</given-names></name></person-group></element-citation></ref><ref id="B34"><element-citation publication-type="book"><source>Enigmas da modernidade-mundo</source><date><year>2003</year></date><person-group><name><surname>IANNI</surname><given-names>Octávio</given-names></name><name><surname>IANNI</surname><given-names>Octávio</given-names></name></person-group></element-citation></ref><ref id="B35"><element-citation publication-type="book"><source>Le travail collectif: Perspectives actuelles en ergonomie</source><date><year>2000</year></date><fpage>55</fpage><lpage>70</lpage><person-group><name><surname>LACOSTE</surname><given-names>Michele</given-names></name><name><surname>BENCHEKROUN</surname><given-names>T. H.</given-names></name><name><surname>WEIL-FASSINA</surname><given-names>Annie</given-names></name><name><surname>BENCHEKROUN</surname><given-names>T. H.</given-names></name><name><surname>WEIL-FASSINA</surname><given-names>Annie</given-names></name></person-group></element-citation></ref><ref id="B36"><element-citation publication-type="book"><source>Le développement du psychisme</source><date><year>1976</year></date><person-group><name><surname>LÉONTIEV</surname><given-names>Alexis</given-names></name><name><surname>LÉONTIEV</surname><given-names>Alexis</given-names></name></person-group></element-citation></ref><ref id="B37"><element-citation publication-type="book"><source>Mécanique vivante: Le crâne des vertébrés du poisson l'homme</source><date><year>1983</year></date><person-group><name><surname>LEOROI-GOURHAN</surname><given-names>Andre</given-names></name><name><surname>LEOROI-GOURHAN</surname><given-names>Andre</given-names></name></person-group></element-citation></ref><ref id="B38"><element-citation publication-type="book"><source>Mídia: Teoria e Política</source><date><year>2001</year></date><person-group><name><surname>LIMA</surname><given-names>Vinício</given-names></name><name><surname>LIMA</surname><given-names>Vinício</given-names></name></person-group></element-citation></ref><ref id="B39"><element-citation publication-type="book"><source>Vivendo com a telenovela: Mediações, recepção, teleficcionalidade</source><date><year>2002</year></date><person-group><name><surname>LOPES</surname><given-names>Maria</given-names></name><name><surname>Immacolata</surname><given-names>V. de</given-names></name><name><surname>LOPES</surname><given-names>Maria</given-names></name><name><surname>Immacolata</surname><given-names>V. de</given-names></name></person-group></element-citation></ref><ref id="B40"><element-citation publication-type="book"><source>Au neolithique: les premiers paysans du monde</source><date><year>1990</year></date><person-group><name><surname>LOUBOUTIN</surname><given-names>C.</given-names></name><name><surname>LOUBOUTIN</surname><given-names>C.</given-names></name></person-group></element-citation></ref><ref id="B41"><element-citation publication-type="book"><source>De los medios a las mediaciones</source><date><year>1993</year></date><person-group><name><surname>MARTÍN-BARBERO</surname><given-names>Jesús</given-names></name><name><surname>MARTÍN-BARBERO</surname><given-names>Jesús</given-names></name></person-group></element-citation></ref><ref id="B42"><element-citation publication-type="book"><source>Manuscritos econômico-filosóficos</source><date><year>1993</year></date><person-group><name><surname>MARX</surname><given-names>Karl</given-names></name><name><surname>Morão</surname><given-names>Artur</given-names></name><name><surname>MARX</surname><given-names>Karl</given-names></name><name><surname>Morão</surname><given-names>Artur</given-names></name></person-group></element-citation></ref><ref id="B43"><element-citation publication-type="book"><source>Qui a peur de la culture de masse?</source><date><year>2006</year></date><person-group><name><surname>MOLENÁT</surname><given-names>X.</given-names></name><name><surname>MOLENÁT</surname><given-names>X.</given-names></name></person-group></element-citation></ref><ref id="B44"><element-citation publication-type="book"><source>Globalização, mídia e cultura contemporânea</source><date><year>1997</year></date><person-group><name><surname>MORAES</surname><given-names>Dênis</given-names></name><name><surname>MORAES</surname><given-names>Dênis</given-names></name></person-group></element-citation></ref><ref id="B45"><element-citation publication-type="book"><source>Cultura de massa no século XX: Neurose</source><date><year>2005</year></date><volume>1</volume><person-group><name><surname>MORIN</surname><given-names>Edgar</given-names></name><name><surname>MORIN</surname><given-names>Edgar</given-names></name></person-group></element-citation></ref><ref id="B46"><element-citation publication-type="book"><source>Reconnaissance du travail: Pour um approche ergologique</source><date><year>1997</year></date><person-group><name><surname>PERRIER</surname><given-names>Alexandre</given-names></name><name><surname>SCHWARTZ</surname><given-names>Yves</given-names></name><name><surname>SCHWARTZ</surname><given-names>Yves</given-names></name></person-group></element-citation></ref><ref id="B47"><element-citation publication-type="book"><source>Semântica e discurso: Uma crítica à afirmação do óbvio</source><date><year>1988</year></date><person-group><name><surname>PÊCHEUX</surname><given-names>Michel</given-names></name><name><surname>PÊCHEUX</surname><given-names>Michel</given-names></name></person-group></element-citation></ref><ref id="B48"><element-citation publication-type="book"><source>Semiótica</source><date><year>2003</year></date><person-group><name><surname>PEIRCE</surname><given-names>Charles Sanders</given-names></name><name><surname>PEIRCE</surname><given-names>Charles Sanders</given-names></name></person-group></element-citation></ref><ref id="B49"><element-citation publication-type="book"><source>Trabalho, subjetividade e poder</source><date><year>1994</year></date><person-group><name><surname>ROSA</surname><given-names>Maria Inês</given-names></name><name><surname>ROSA</surname><given-names>Maria Inês</given-names></name></person-group></element-citation></ref><ref id="B50"><element-citation publication-type="book"><source>Usos de Si e testemunhos de trabalhadores: Com estudo crítico da sociologia industrial e da reestruturação produtiva</source><date><year>2004</year></date><person-group><name><surname>ROSA</surname><given-names>Maria Inês</given-names></name></person-group></element-citation></ref><ref id="B51"><element-citation publication-type="book"><source>Indústrias culturais no Mercosul</source><date><year>2003</year></date><person-group><name><surname>SANTANA</surname><given-names>Sylvana de C. P</given-names></name><name><surname>SOUZA</surname><given-names>Nícia Raies M.</given-names></name><name><surname>ALVAREZ</surname><given-names>Gabriel O.</given-names></name><name><surname>ALVAREZ</surname><given-names>Gabriel O.</given-names></name></person-group></element-citation></ref><ref id="B52"><element-citation publication-type="book"><source>Linguagem e conhecimento</source><date><year>1976</year></date><person-group><name><surname>SCHAFF</surname><given-names>Adam</given-names></name><name><surname>SCHAFF</surname><given-names>Adam</given-names></name></person-group></element-citation></ref><ref id="B53"><element-citation publication-type="book"><source>O marxismo e o indivíduo</source><date><year>1967</year></date><person-group><name><surname>SCHAFF</surname><given-names>Adam</given-names></name></person-group></element-citation></ref><ref id="B54"><element-citation publication-type="book"><source>Travail et Philosophie: Convocations mutuelles</source><date><month>10</month><year>1944</year></date><person-group><name><surname>SCHWARTZ</surname><given-names>Yves</given-names></name><name><surname>SCHWARTZ</surname><given-names>Yves</given-names></name></person-group></element-citation></ref><ref id="B55"><element-citation publication-type="book"><source>Reconnaissance du travail: Pour une approche ergologique</source><date><year>1997</year></date><person-group><name><surname>SCHWARTZ</surname><given-names>Yves</given-names></name></person-group></element-citation></ref><ref id="B56"><element-citation publication-type="book"><source>Manière de penser, manière d´agir en éducation et en formation</source><date><year>2000</year></date><fpage>33</fpage><lpage>68</lpage><person-group><name><surname>SCHWARTZ</surname><given-names>Yves</given-names></name><name><surname>MAGGI</surname><given-names>Bruno</given-names></name><name><surname>MAGGI</surname><given-names>Bruno</given-names></name></person-group></element-citation></ref><ref id="B57"><element-citation publication-type="book"><source>Travail et ergologie: Entretiens sur l'activité humaine</source><date><year>2003</year></date><person-group><name><surname>SCHWARTZ</surname><given-names>Yves</given-names></name><name><surname>DURRIVE</surname><given-names>Louis</given-names></name><name><surname>SCHWARTZ</surname><given-names>Yves</given-names></name><name><surname>DURRIVE</surname><given-names>Louis</given-names></name></person-group></element-citation></ref><ref id="B58"><element-citation publication-type="article"><article-title>Trabalho e uso de si</article-title><source>Revista Proposições</source><date><year>2000</year></date><issue>32</issue><person-group><name><surname>SCHWARTZ</surname><given-names>Yves</given-names></name></person-group></element-citation></ref><ref id="B59"><element-citation publication-type="book"><source>Le paradigme ergologique ou le métier de Philosophe</source><date><month>10</month><year>2000</year></date><person-group><name><surname>SCHWARTZ</surname><given-names>Yves</given-names></name></person-group></element-citation></ref><ref id="B60"><element-citation publication-type="book"><source>Linguagem e trabalho: Construção de objetos de análise no Brasil e na França</source><date><year>2002</year></date><person-group><name><surname>SOUZA E SILVA</surname><given-names>Maria Cecília P.</given-names></name><name><surname>FAÏTA</surname><given-names>Daniel</given-names></name><name><surname>SOUZA E SILVA</surname><given-names>Maria Cecília P.</given-names></name><name><surname>FAÏTA</surname><given-names>Daniel</given-names></name></person-group></element-citation></ref><ref id="B61"><element-citation publication-type="book"><source>Pensamento e linguagem</source><date><year>2005</year></date><person-group><name><surname>VYGOTSKI</surname><given-names>Lev Samenovitch</given-names></name><name><surname>VYGOTSKI</surname><given-names>Lev Samenovitch</given-names></name></person-group></element-citation></ref><ref id="B62"><element-citation publication-type="book"><source>Teorias da Comunicação</source><date><year>1992</year></date><person-group><name><surname>WOLF</surname><given-names>Mauro</given-names></name><name><surname>WOLF</surname><given-names>Mauro</given-names></name></person-group></element-citation></ref><ref id="B63"><element-citation publication-type="book"><source>La comunication: Etat des savoirs</source><date><year>1998</year></date><fpage>49</fpage><lpage>54</lpage><person-group><name><surname>WOLTON</surname><given-names>Dominique</given-names></name><name><surname>CABIN</surname><given-names>Philippe</given-names></name><name><surname>CABIN</surname><given-names>Philippe</given-names></name></person-group></element-citation></ref></ref-list></back></article></articles>