<articles xmlns:xsi="http://www.w3.org/2001/XMLSchema-instance" xsi:schemaLocation="https://raw.githubusercontent.com/scieloorg/articles_meta/master/tests/xsd/scielo_sci/ThomsonReuters_publishing.xsd" dtd-version="1.10"><article lang_id="pt" article-type="research-article"><front><journal-meta><journal-id journal-id-type="publisher">tes</journal-id><journal-title-group><journal-title>Trabalho, Educação e Saúde</journal-title><abbrev-journal-title>Trab. educ. saúde</abbrev-journal-title></journal-title-group><issn>1981-7746</issn><collection>SciELO Brazil</collection><publisher><publisher-name>Fundação Oswaldo Cruz, Escola Politécnica de Saúde Joaquim Venâncio</publisher-name></publisher></journal-meta><article-meta><unique-article-id pub-id-type="publisher-id">S1981-77462008000100004</unique-article-id><article-id pub-id-type="publisher-id">S1981-77462008000100004</article-id><article-id pub-id-type="doi">10.1590/S1981-77462008000100004</article-id><article-categories><subj-group><subject>EDUCATION &amp; EDUCATIONAL RESEARCH</subject><subject>PUBLIC, ENVIRONMENTAL &amp; OCCUPATIONAL HEALTH</subject></subj-group></article-categories><title-group><article-title lang_id="pt">Auxiliares e técnicos de enfermagem na saúde da família: perfil sociodemográfico e necessidades de qualificação</article-title><trans-title-group lang_id="en"><trans-title>Nursing assistants and technicians in the family health: sociodemographic profile and qualification needs</trans-title></trans-title-group></title-group><contrib-group><contrib contrib-type="author"><name><surname>Ximenes Neto</surname><given-names>Francisco Rosemiro Guimarães</given-names></name><role>ND</role><xref ref-type="aff" rid="A01"/></contrib><contrib contrib-type="author"><name><surname>Costa</surname><given-names>Márcio Clébio Fonseca</given-names></name><role>ND</role><xref ref-type="aff" rid="A02"/></contrib><contrib contrib-type="author"><name><surname>Rocha</surname><given-names>José</given-names></name><role>ND</role><xref ref-type="aff" rid="A03"/></contrib><contrib contrib-type="author"><name><surname>Cunha</surname><given-names>Isabel Cristina Kowal Olm</given-names></name><role>ND</role><xref ref-type="aff" rid="A04"/></contrib></contrib-group><aff id="A02"><institution>Prefeitura Municipal de Acaraú</institution><country>Brasil</country></aff><aff id="A03"><institution>Secretaria Municipal da Saúde de São Paulo</institution><country>Brasil</country></aff><aff id="A01"><institution>Universidade Estadual do Vale do Acaraú</institution><country>Brasil</country></aff><aff id="A04"><institution>Universidade Federal de São Paulo</institution><country>Brazil</country></aff><pub-date><month>06</month><year>2008</year></pub-date><volume>6</volume><issue>1</issue><fpage>51</fpage><lpage>64</lpage><permissions><license license-type="open-access" href="http://creativecommons.org/licenses/by-nc/4.0/"><license-p>This work is licensed under a Creative Commons Attribution-NonCommercial 4.0 International License.</license-p></license></permissions><self-uri href="http://www.scielo.br/scielo.php?script=sci_arttext&amp;pid=S1981-77462008000100004&amp;lng=en&amp;tlng=en" content-type="full_text_page"/><self-uri href="http://www.scielo.br/scielo.php?script=sci_issuetoc&amp;pid=1981-774620080001&amp;lng=en" content-type="issue_page"/><self-uri href="http://www.scielo.br/scielo.php?script=sci_serial&amp;pid=1981-7746&amp;lng=en" content-type="journal_page"/><abstract lang_id="pt"><p>Estudo exploratório-descritivo, realizado com 38 auxiliares e 17 técnicos de enfermagem que atuavam na Estratégia Saúde da Família (ESF), nos municípios de Acaraú, Chaval, Coreaú, Granja, Marco e Santana do Acaraú, no estado do Ceará, no período de março a abril de 2005, que objetivou traçar o perfil e as necessidades de qualificação desses profissionais. O perfil mostrou que, em sua maior parte, eram mulheres casadas, com idade entre 31 e 40 anos, ensino médio concluído, renda de um salário mínimo, atuando na área rural. Quanto s necessidades de qualificação por eles apontadas, destacam-se os temas biossegurança, internação domiciliar, métodos e técnicas de cuidados com feridas e sondas, esterilização, atividades educativas e acolhimento. A maior parte das necessidades referidas resume-se a técnicas e sugere deficiências na formação profissional. Enfatiza-se a importância de uma política de educação permanente, para melhor capacitação e melhoria na atuação deste segmento profissional na ESF.</p></abstract><trans-abstract lang_id="en"><p>An exploratory and descriptive study, conducted with 38 nursing assistants and 17 nursing technicians who worked in the Family Health Strategy (ESF), in the municipalities of Acaraú, Chaval, Coreaú, Granja, Marco and Santana do Acaraú, in the state of Ceará, from March to April of 2005. The objective was to trace the profile and qualification needs of these professionals. The profile showed that most were married women, between 31 and 40 years of age, having completed high school, receiving a minimum income, and working in the rural area. The main qualification needs they pointed out include biosafety, home care, methods and techniques of treating wounds and probes, sterilization, educational activities and receiving the patient. Most of the needs mentioned are techniques, suggesting deficiencies in professional training. The authors emphasize the importance of a permanent policy of education, to improve the qualification of this professional segment and its work in the ESF.</p></trans-abstract><kwd-group lang_id="en" kwd-group-type="author-generated"><kwd>nursing</kwd><kwd>professional qualification</kwd><kwd>nursing assistants</kwd><kwd>public policies</kwd></kwd-group><kwd-group lang_id="pt" kwd-group-type="author-generated"><kwd>atenção primária à saúde</kwd><kwd>enfermagem</kwd><kwd>perfil</kwd><kwd>educação profissional</kwd></kwd-group></article-meta></front><back><ref-list><ref id="B1"><element-citation publication-type="article"><article-title>Lei nº 7.498/1986: Lei do Exercício Profissional. Dispõe sobre o exercício profissional da enfermagem</article-title><source>Diário Oficial da República Federativa do Brasil</source><date><day>26</day><month>06</month><year>1986</year></date><ext-link>http://corensp.org.br/072005/</ext-link></element-citation></ref><ref id="B2"><element-citation publication-type="undefined"><date><year>1988</year></date></element-citation></ref><ref id="B3"><element-citation publication-type="book"><source>Saúde da Família: uma estratégia para reorientação do modelo assistencial</source><date><year>1998</year></date></element-citation></ref><ref id="B4"><element-citation publication-type="book"><source>A educação permanente entra na roda: pólos de educação permanente em saúde - conceitos e caminhos a percorrer</source><date><year>2005</year></date></element-citation></ref><ref id="B5"><element-citation publication-type="book"><source>Política nacional de atenção básica</source><date><year>2006</year></date></element-citation></ref><ref id="B6"><element-citation publication-type="book"><source>Dados e estatísticas</source><ext-link>www.saude.ce.gov.br</ext-link></element-citation></ref><ref id="B7"><element-citation publication-type="book"><source>Formação profissional e reforma do ensino técnico no Brasil: anos 90</source><date><month>08</month><year>1999</year></date><person-group><name><surname>CUNHA</surname><given-names>João Paulo</given-names></name><name><surname>CUNHA</surname><given-names>Rosani Evangelista</given-names></name><name><surname>FERRETTI</surname><given-names>Celso João</given-names></name><name><surname>FERRETTI</surname><given-names>Celso João</given-names></name></person-group></element-citation></ref><ref id="B8"><element-citation publication-type="book"><source>Pedagogia da autonomia: saberes necessários prática educativa</source><date><year>2002</year></date><person-group><name><surname>FREIRE</surname><given-names>Paulo</given-names></name><name><surname>FREIRE</surname><given-names>Paulo</given-names></name></person-group></element-citation></ref><ref id="B9"><element-citation publication-type="book"><source>Ensino médio integrado: concepção e contradições</source><date><year>2005</year></date><person-group><name><surname>FRIGOTTO</surname><given-names>Gaudêncio</given-names></name><name><surname>CIAVATTA</surname><given-names>Maria</given-names></name><name><surname>RAMOS</surname><given-names>Marise</given-names></name><name><surname>FRIGOTTO</surname><given-names>Gaudêncio</given-names></name><name><surname>CIAVATTA</surname><given-names>Maria</given-names></name><name><surname>RAMOS</surname><given-names>Marise</given-names></name></person-group></element-citation></ref><ref id="B10"><element-citation publication-type="book"><source>A atenção primária saúde no SUS</source><date><year>2002</year></date><person-group><name><surname>MENDES</surname><given-names>Eugênio Vilaça</given-names></name><name><surname>MENDES</surname><given-names>Eugênio Vilaça</given-names></name></person-group></element-citation></ref><ref id="B11"><element-citation publication-type="book"><source>La Enfermería más allá del año 2000: Informe de un grupo de estudio de la OMS</source><date><year>1994</year></date></element-citation></ref><ref id="B12"><element-citation publication-type="book"><source>A mulher na sociedade de classes: mito e realidade</source><date><year>1997</year></date><person-group><name><surname>SAFFIOTI</surname><given-names>Heleieth I. Bongiovani</given-names></name><name><surname>SAFFIOTI</surname><given-names>Heleieth I. Bongiovani</given-names></name></person-group></element-citation></ref><ref id="B13"><element-citation publication-type="book"><source>Gestão de Sistemas de Saúde</source><date><year>2003</year></date><volume>1</volume><person-group><name><surname>SOUZA</surname><given-names>Heloiza Machado de</given-names></name><name><surname>PIERANTONI</surname><given-names>Celia Regina</given-names></name><name><surname>VIANA</surname><given-names>Cid Manso M.</given-names></name><name><surname>PIERANTONI</surname><given-names>Celia Regina</given-names></name><name><surname>VIANA</surname><given-names>Cid Manso M.</given-names></name></person-group></element-citation></ref><ref id="B14"><element-citation publication-type="article"><article-title>Reflexões sobre a certificação profissional de Enfermagem no Brasil</article-title><source>Revista Paulista de Enfermagem</source><date><month>12</month><year>2005</year></date><fpage>37</fpage><lpage>42</lpage><issue>4</issue><volume>24</volume><person-group><name><surname>TAKAHASHI</surname><given-names>Regina Tashie</given-names></name><name><surname>OGUISSO</surname><given-names>Taka</given-names></name></person-group></element-citation></ref></ref-list></back></article></articles>