<articles xmlns:xsi="http://www.w3.org/2001/XMLSchema-instance" xsi:schemaLocation="https://raw.githubusercontent.com/scieloorg/articles_meta/master/tests/xsd/scielo_sci/ThomsonReuters_publishing.xsd" dtd-version="1.10"><article lang_id="pt" article-type="research-article"><front><journal-meta><journal-id journal-id-type="publisher">tes</journal-id><journal-title-group><journal-title>Trabalho, Educação e Saúde</journal-title><abbrev-journal-title>Trab. educ. saúde</abbrev-journal-title></journal-title-group><issn>1981-7746</issn><collection>SciELO Brazil</collection><publisher><publisher-name>Fundação Oswaldo Cruz, Escola Politécnica de Saúde Joaquim Venâncio</publisher-name></publisher></journal-meta><article-meta><unique-article-id pub-id-type="publisher-id">S1981-77462015000100123</unique-article-id><article-id pub-id-type="publisher-id">S1981-77462015000100123</article-id><article-id pub-id-type="doi">10.1590/1981-7746-sip00026</article-id><article-categories><subj-group><subject>EDUCATION &amp; EDUCATIONAL RESEARCH</subject><subject>PUBLIC, ENVIRONMENTAL &amp; OCCUPATIONAL HEALTH</subject></subj-group></article-categories><title-group><article-title lang_id="pt">Parceria ensino e serviço em unidade básica de saúde como cenário de ensino-aprendizagem</article-title><trans-title-group lang_id="es"><trans-title>Asociación enseñanza y servicio en unidad básica de salud como escenario de enseñanza-aprendizaje</trans-title></trans-title-group><trans-title-group lang_id="en"><trans-title>Partnership in education and work at a basic health unit as ateaching-learning scenario</trans-title></trans-title-group></title-group><contrib-group><contrib contrib-type="author"><name><surname>Carvalho</surname><given-names>Simone Bueno de Oliveira</given-names></name><role>ND</role><xref ref-type="aff" rid="AFF1"/></contrib><contrib contrib-type="author"><name><surname>Duarte</surname><given-names>Lucia Rondelo</given-names></name><role>ND</role><xref ref-type="aff" rid="AFF2"/></contrib><contrib contrib-type="author"><name><surname>Guerrero</surname><given-names>José Manoel Amadio</given-names></name><role>ND</role><xref ref-type="aff" rid="AFF3"/></contrib></contrib-group><aff id="AFF3"><institution>Prefeitura de Sorocaba</institution><country>Brazil</country></aff><aff id="AFF1"><institution>Prefeitura de Sorocaba</institution><country>Brazil</country></aff><aff id="AFF2"><institution>Pontifícia Universidade Católica de São Paulo</institution><country>Brazil</country></aff><pub-date><month>04</month><year>2015</year></pub-date><volume>13</volume><issue>1</issue><fpage>123</fpage><lpage>144</lpage><permissions><license license-type="open-access" href="http://creativecommons.org/licenses/by-nc/3.0/"><license-p>This work is licensed under a Creative Commons Attribution-NonCommercial 3.0 International License.</license-p></license></permissions><self-uri href="http://www.scielo.br/scielo.php?script=sci_arttext&amp;pid=S1981-77462015000100123&amp;lng=en&amp;tlng=en" content-type="full_text_page"/><self-uri href="http://www.scielo.br/scielo.php?script=sci_issuetoc&amp;pid=1981-774620150001&amp;lng=en" content-type="issue_page"/><self-uri href="http://www.scielo.br/scielo.php?script=sci_serial&amp;pid=1981-7746&amp;lng=en" content-type="journal_page"/><abstract lang_id="pt"><p>O objetivo do estudo foi conhecer a percepção de docentes, discentes e profissionais das unidades básicas de saúde sobre a integração ensino -serviço no curso de medicina da Faculdade de Ciências Médicas e da Saúde da Pontifícia Universidade Católica de São Paulo. A amostra do estudo foi constituída por 14 docentes, 36 alunos do sexto ano e 38 profissionais de seis unidades parceiras, que responderam a um questionário semiestruturado sobre a integração ensino-serviço e sua evolução. As respostas discursivas foram analisadas segundo a técnica do discurso do sujeito coletivo, e as respostas às questões fechadas foram analisadas segundo a distribuição de frequência. Verificou-se que 73,9% dos respondentes (a maioria de adultos jovens e mulheres) perceberam avanços na integração ensino-serviço nos últimos anos, 'com idas e vindas', pois 'é um processo', 'um aprendizado que leva tempo'. Os temas fortemente evidenciados foram os interesses distintos entre os atores, o envolvimento da universidade, a participação do aluno na unidade de saúde, a comunicação, a estrutura da unidade básica e o conhecimento da realidade.</p></abstract><trans-abstract lang_id="es"><p>El objetivo del estudio fue conocer la percepción de docentes, dicentes y profesionales de las unidades básicas de salud sobre la integración enseñanza-servicio en el curso de medicina de la Facultad de Ciencias Médicas y de la Salud de la Pontificia Universidad Católica de São Paulo, Brasil. La muestra del estudio estuvo constituida por 14 docentes, 36 alumnos de sexto año y 38 profesionales de seis unidades asociadas, que respondieron a un cuestionario semiestructurado sobre la integración enseñanza-servicio y su evolución. Las respuestas discursivas se analizaron según la técnica del discurso del sujeto colectivo, y las respuestas a las preguntas cerradas se analizaron según la distribución de frecuencia. Se observó que el 73,9% de los respondientes (la mayoría adultos jóvenes y mujeres) percibieron avances en la integración enseñanza-servicio en los últimos años, con 'idas y venidas', pues 'es un proceso', 'un aprendizaje que lleva tiempo'. Los temas más destacados fueron los intereses distintos entre los actores, la participación de la universidad, la participación del alumno en la unidad de salud, la comunicación, la estructura de la unidad básica y el conocimiento de la realidad.</p></trans-abstract><trans-abstract lang_id="en"><p>The study aimed to get to know the views of professors, students, and professionals at basic health units on the teaching-work integration at the College of Medical Sciences and Health at the Pontifical Catholic University of São Paulo. The study sample consisted of 14 professors, 36 sixth year students, and 38 professionals from six partner units, who answered a semi-structured questionnaire on the teaching-work integration and its evolution. The discursive replies were analyzed using the collective subject discourse technique, while the answers to closed questions were analyzed based on frequency distribution. It was found that 73.9 percent of the respondents (most of whom young adults and women) noted progress in the teaching-work integration in recent years, 'with comings and goings,' because 'it is a process,' 'learning that takes time.' The topics that appeared with most emphasis were the distinct interests among the players, the involvement of the university, the student's participation at the health unit, communications, the structure of the basic unit, and knowledge of reality.</p></trans-abstract><kwd-group lang_id="es" kwd-group-type="author-generated"><kwd>educación médica</kwd><kwd>unidad básica de salud</kwd><kwd>integración enseñanza-servicio</kwd></kwd-group><kwd-group lang_id="en" kwd-group-type="author-generated"><kwd>medical education</kwd><kwd>Basic Health Unit</kwd><kwd>teaching-work integration</kwd></kwd-group><kwd-group lang_id="pt" kwd-group-type="author-generated"><kwd>educação médica</kwd><kwd>unidade básica de saúde</kwd><kwd>integração ensino-serviço</kwd></kwd-group></article-meta></front><back><ref-list><ref id="B1"><element-citation publication-type="article"><article-title>A integração ensino-serviço no contexto dos processos de mudança na formação superior dos profissionais da saúde</article-title><source>Revista Brasileira de Educação Médica</source><date><year>2008</year></date><fpage>356</fpage><lpage>362</lpage><issue>3</issue><volume>32</volume><person-group><name><surname>ALBUQUERQUE</surname><given-names>Verônica S.</given-names></name></person-group></element-citation></ref><ref id="B2"><element-citation publication-type="book"><source>Educação médica e saúde: possibilidades de mudança</source><date><year>1999</year></date><person-group><name><surname>ALMEIDA</surname><given-names>Marcio J</given-names></name><name><surname>ALMEIDA</surname><given-names>Marcio J</given-names></name></person-group></element-citation></ref><ref id="B3"><element-citation publication-type="article"><article-title>Percepção do Programa Saúde da Família a partir de estagiários do projeto VER-SUS - Vivências e Estágios na Realidade do Sistema Único de Saúde</article-title><source>Família, Saúde e Desenvolvimento</source><date><year>2005</year></date><fpage>266</fpage><lpage>271</lpage><issue>3</issue><volume>7</volume><person-group><name><surname>ALVES</surname><given-names>Luciana V. V.</given-names></name><name><surname>CARDOSO</surname><given-names>Letícia S.</given-names></name><name><surname>DIMKOSKI</surname><given-names>Elton D</given-names></name></person-group></element-citation></ref><ref id="B4"><element-citation publication-type="article"><article-title>A educação médica diante das necessidades sociais em saúde</article-title><source>Revista Brasileira de Educação Médica</source><date><year>2005</year></date><fpage>136</fpage><lpage>146</lpage><issue>2</issue><volume>29</volume><person-group><name><surname>AMORETTI</surname><given-names>Rogério A</given-names></name></person-group></element-citation></ref><ref id="B5"><element-citation publication-type="article"><article-title>A propósito do cenário e atores: de que peca estamos falando? Uma luz diferente sobre o cenário da prática dos médicos em formação</article-title><source>Revista Brasileira de Educação Médica</source><date><year>2006</year></date><fpage>27</fpage><lpage>31</lpage><issue>1</issue><volume>30</volume><person-group><name><surname>BLANK</surname><given-names>Danilo</given-names></name></person-group></element-citation></ref><ref id="B6"><element-citation publication-type="book"><source>SUS: avanços e desafios</source><date><year>2006</year></date></element-citation></ref><ref id="B7"><element-citation publication-type="article"><article-title>Lei n. 9.394, de 20 de dezembro de 1996. Estabelece as diretrizes e bases de educação nacional</article-title><source>Diário Oficial da República Federativa do Brasil</source><date><day>23</day><month>12</month><year>1996</year></date><ext-link>www. planalto.gov. br/ccivil_03 /leis/l9394. htm</ext-link></element-citation></ref><ref id="B8"><element-citation publication-type="book"><source>Ministério da Saúde e municípios: juntos pelo acesso integral e de qualidade à saúde</source><date><year>2013</year></date></element-citation></ref><ref id="B9"><element-citation publication-type="book"><source>Política Nacional de Gestão Estratégica e Participativa no SUS ParticipaSUS</source><date><year>2009</year></date></element-citation></ref><ref id="B10"><element-citation publication-type="article"><article-title>Portaria n. 2.488, de 21 de outubro de 2011. Aprova a Política Nacional de Atenção Básica, estabelecendo a revisão de diretrizes e normas para a organização da Atenção Básica, para a Estratégia Saúde da Família (ESF) e o Programa de Agentes Comunitários de Saúde (Pacs)</article-title><source>Diário Oficial da República Federativa do Brasil</source><date><day>22</day><month>10</month><year>2011</year></date></element-citation></ref><ref id="B11"><element-citation publication-type="book"><source>Resolução CNE/CES n. 4, de 7 de novembro de 2001. Institui Diretrizes Curriculares Nacionais do Curso de Graduação em Medicina</source><date><day>15</day><month>10</month><year>2001</year></date><ext-link>http:// portal.mec.gov.br/cne/arquivos/pdf/CES04. pdf</ext-link></element-citation></ref><ref id="B12"><element-citation publication-type="book"><source>História e construção social do currículo na educação médica: a trajetória do curso de Medicina da Faculdade de Ciências Médicas da Unicamp. 2003. 204f</source><date><year>2003</year></date><person-group><name><surname>BRIANI</surname><given-names>Maria C</given-names></name><name><surname>BRIANI</surname><given-names>Maria C</given-names></name></person-group></element-citation></ref><ref id="B13"><element-citation publication-type="article"><article-title>Integração docente-assistencial sob a ótica dos profissionais de saúde</article-title><source>Cogitare Enfermagem</source><date><year>2009</year></date><fpage>638</fpage><lpage>644</lpage><issue>4</issue><volume>14</volume><person-group><name><surname>CAETANO</surname><given-names>Joselany. A.</given-names></name><name><surname>DINIZ</surname><given-names>Rita C. M.</given-names></name><name><surname>SOARES</surname><given-names>Enedina</given-names></name></person-group></element-citation></ref><ref id="B14"><element-citation publication-type="book"><source>A Unidade Básica de Saúde como cenário para o ensino-aprendizagem do profissional médico: reflexões sobre a parceria ensino e serviço. 103f</source><date><year>2013</year></date><person-group><name><surname>CARVALHO</surname><given-names>Simone B. de O</given-names></name><name><surname>CARVALHO</surname><given-names>Simone B. de O</given-names></name></person-group></element-citation></ref><ref id="B15"><element-citation publication-type="book"><source>Protocolos clínicos para unidades básicas de saúde</source><date><year>2006</year></date><person-group><name><surname>CASTRO</surname><given-names>Abilio. J. R.</given-names></name><name><surname>SHIMAZAKI</surname><given-names>Maria. E</given-names></name><name><surname>CASTRO</surname><given-names>Abilio. J. R.</given-names></name><name><surname>SHIMAZAKI</surname><given-names>Maria. E</given-names></name></person-group></element-citation></ref><ref id="B16"><element-citation publication-type="article"><article-title>Formação para o SUS e os desafios da integração ensino serviço</article-title><source>Caderno FNEPAS</source><date><month>12</month><year>2011</year></date><volume>1</volume><person-group><name><surname>CAVALHEIRO</surname><given-names>Maria T. P.</given-names></name><name><surname>GUIMARÃES</surname><given-names>Aloide L</given-names></name></person-group></element-citation></ref><ref id="B17"><element-citation publication-type="article"><article-title>Aprendizagem na convivência: o estágio curricular em enfermagem</article-title><source>Revista Eletrônica Enfermagem</source><date><day>07</day><month>02</month><year>2008</year></date><fpage>1178</fpage><lpage>1179</lpage><issue>4</issue><volume>10</volume><person-group><name><surname>COSTA</surname><given-names>Lauriana M</given-names></name></person-group><ext-link>www.fen.ufg.br/fen_revista/v10/n4/v10n4a34.htm</ext-link></element-citation></ref><ref id="B18"><element-citation publication-type="article"><article-title>Formação médica na Estratégia de Saúde da Família: percepções discentes</article-title><source>Revista Brasileira de Educação Médica</source><date><year>2012</year></date><fpage>387</fpage><lpage>400</lpage><issue>3</issue><volume>36</volume><person-group><name><surname>COSTA</surname><given-names>José R. B.</given-names></name></person-group></element-citation></ref><ref id="B19"><element-citation publication-type="book"><source>DECLARAÇÃO de Alma-Ata</source><date><day>02</day><month>01</month><year>1978</year></date><ext-link>www.mp.ro.gov.br/c/document_ library/get_file?p_l_id=42536&amp;amp;folderId= 42469&amp;amp;name=DLFE-32330.pdf</ext-link></element-citation></ref><ref id="B20"><element-citation publication-type="article"><article-title>Diretrizes para a integração ensino-serviço-comunidade na formação em atenção primária à saúde e medicina de família e comunidade</article-title><source>Revista APS</source><date><year>2009</year></date><issue>2</issue><volume>12</volume><person-group><name><surname>DEMARZO</surname><given-names>Marcelo M. P</given-names></name></person-group></element-citation></ref><ref id="B21"><element-citation publication-type="article"><article-title>O olhar dos estudantes sobre sua formação profissional para o Sistema Único de Saúde</article-title><source>Acta Paulista de Enfermagem</source><date><year>2009</year></date><fpage>288</fpage><lpage>294</lpage><issue>3</issue><volume>22</volume><person-group><name><surname>ERDMANN</surname><given-names>Alacoque L.</given-names></name></person-group></element-citation></ref><ref id="B22"><element-citation publication-type="book"><source>Aspectos históricos e conceituais em educação médica</source><date><day>23</day><month>12</month><year>1998</year></date><person-group><name><surname>FACCHINI</surname><given-names>Luiz. A.</given-names></name><name><surname>PICCINI</surname><given-names>Roberto. X.</given-names></name><name><surname>SANTOS</surname><given-names>Rogerio. C.</given-names></name><name><surname>FACCHINI</surname><given-names>Luiz. A.</given-names></name><name><surname>PICCINI</surname><given-names>Roberto. X.</given-names></name><name><surname>SANTOS</surname><given-names>Rogerio. C.</given-names></name></person-group><ext-link>http://dc125.4shared.com/doc/ bVgZCQPM/preview.html</ext-link></element-citation></ref><ref id="B23"><element-citation publication-type="article"><article-title>Refletindo sobre a prática docente: contribuição do Promed/UFJF</article-title><source>Revista APS [on line]</source><date><day>26</day><month>02</month><year>2004</year></date><fpage>40</fpage><lpage>46</lpage><issue>1</issue><volume>7</volume><person-group><name><surname>FARAH</surname><given-names>Beatriz F.</given-names></name><name><surname>MAUAD</surname><given-names>Neuza M</given-names></name></person-group><ext-link>www.ufjf.br/nates/files/ 2009/ 12/Docentes2.pdf</ext-link></element-citation></ref><ref id="B24"><element-citation publication-type="article"><article-title>Mudanças na educação médica e residência médica no Brasil</article-title><source>Interface: Comunicação, Saúde, Educação</source><date><year>1998</year></date><fpage>51</fpage><lpage>71</lpage><issue>3</issue><volume>2</volume><person-group><name><surname>FEUERWERKER</surname><given-names>Luiz</given-names></name></person-group></element-citation></ref><ref id="B25"><element-citation publication-type="book"><source>Além do discurso de mudança na educação médica: processos e resultados</source><date><year>2002</year></date><person-group><name><surname>FEUERWERKER</surname><given-names>Luiz</given-names></name><name><surname>FEUERWERKER</surname><given-names>Luiz</given-names></name></person-group></element-citation></ref><ref id="B26"><element-citation publication-type="article"><article-title>Integração 'ensino-serviço' no processo de mudança na formação profissional em Odontologia</article-title><source>Interface: Comunicação, Saúde, Educação</source><date><year>2011</year></date><fpage>1.053</fpage><lpage>1.067</lpage><issue>39</issue><volume>15</volume><person-group><name><surname>FINKLER</surname><given-names>Mirelle</given-names></name><name><surname>CAETANO</surname><given-names>João C.</given-names></name><name><surname>RAMOS</surname><given-names>Flávia R. S</given-names></name></person-group></element-citation></ref><ref id="B27"><element-citation publication-type="article"><article-title>A pesquisa e a articulação ensino-serviço na consolidação do Sistema Único de Saúde</article-title><source>Revista da Escola de Enfermagem da USP</source><date><year>2011</year></date><fpage>1696</fpage><lpage>1700</lpage><issue>esp. 2</issue><volume>45</volume><person-group><name><surname>FORTUNA</surname><given-names>Cinira M.</given-names></name></person-group></element-citation></ref><ref id="B28"><element-citation publication-type="book"><source>Pedagogia do oprimido</source><date><year>1994</year></date><person-group><name><surname>FREIRE</surname><given-names>Paulo</given-names></name><name><surname>FREIRE</surname><given-names>Paulo</given-names></name></person-group></element-citation></ref><ref id="B29"><element-citation publication-type="article"><article-title>Saber, agir e educar: o ensino-aprendizagem em serviços de saúde</article-title><source>Interface: Comunicação, Saúde, Educação</source><date><year>2001</year></date><fpage>89</fpage><lpage>100</lpage><issue>8</issue><volume>5</volume><person-group><name><surname>GARCIA</surname><given-names>Maria A. A</given-names></name></person-group></element-citation></ref><ref id="B30"><element-citation publication-type="article"><article-title>Interação ensino, serviço e comunidade: desafios e perspectivas de uma experiência de ensino aprendizagem na atenção básica</article-title><source>Revista Brasileira Educação Médica</source><date><year>2008</year></date><fpage>230</fpage><lpage>239</lpage><issue>2</issue><volume>32</volume><person-group><name><surname>GIL</surname><given-names>Célia R. R</given-names></name></person-group></element-citation></ref><ref id="B31"><element-citation publication-type="book"><source>Competências profissionais na estratégia Saúde da Família e o trabalho em equipe</source><date><day>22</day><month>01</month><year>2010</year></date><person-group><name><surname>JUNQUEIRA</surname><given-names>Simone R</given-names></name><name><surname>JUNQUEIRA</surname><given-names>Simone R</given-names></name></person-group><ext-link>www.unasus.unifesp.br/biblioteca_virtual/ esf/1/modulo_politico_gestor/Unidade_9. pdf</ext-link></element-citation></ref><ref id="B32"><element-citation publication-type="book"><source>Educação médica: 10 anos de Diretrizes Curriculares Nacionais</source><date><year>2012</year></date><person-group><name><surname>LAMPERT</surname><given-names>Jadete B</given-names></name><name><surname>STREIT</surname><given-names>D.</given-names></name><name><surname>STREIT</surname><given-names>D.</given-names></name></person-group></element-citation></ref><ref id="B33"><element-citation publication-type="book"><source>O Discurso do Sujeito Coletivo: um novo enfoque em pesquisa qualitativa</source><date><year>2003</year></date><person-group><name><surname>LEFÈVRE</surname><given-names>Fernando</given-names></name><name><surname>LEFÈVRE</surname><given-names>Ana M. C</given-names></name><name><surname>LEFÈVRE</surname><given-names>Fernando</given-names></name><name><surname>LEFÈVRE</surname><given-names>Ana M. C</given-names></name></person-group></element-citation></ref><ref id="B34"><element-citation publication-type="article"><article-title>Comunicação em saúde e discurso do sujeito coletivo: semelhanças nas diferenças e diferenças nas diferenças</article-title><source>BIS: Boletim do Instituto de Saúde</source><date><month>04</month><year>2010</year></date><fpage>1</fpage><lpage>8</lpage><issue>1</issue><volume>12</volume><person-group><name><surname>LEFÈVRE</surname><given-names>Fernando</given-names></name><name><surname>LEFÈVRE</surname><given-names>Ana M. C.</given-names></name><name><surname>FIGUEIREDO</surname><given-names>Regina</given-names></name></person-group></element-citation></ref><ref id="B35"><element-citation publication-type="book"><source>Dicionário da Educação Profissional em Saúde</source><date><day>21</day><month>03</month><year>2009</year></date><person-group><name><surname>MATTA</surname><given-names>Gustavo C.</given-names></name><name><surname>MOROSINI</surname><given-names>Márcia V. G</given-names></name><name><surname>PEREIRA</surname><given-names>Isabel B.</given-names></name><name><surname>LIMA</surname><given-names>Júlio César F</given-names></name><name><surname>PEREIRA</surname><given-names>Isabel B.</given-names></name><name><surname>LIMA</surname><given-names>Júlio César F</given-names></name></person-group><ext-link>www.epsjv.fiocruz.br/dicionario/verbetes/ ateprisau.html</ext-link></element-citation></ref><ref id="B36"><element-citation publication-type="book"><source>As novas diretrizes curriculares e a integralidade em saúde: uma análise das possíveis contribuições da odontologia para o trabalho em equipe. 2006. 169 f</source><date><year>2006</year></date><person-group><name><surname>MATTOS</surname><given-names>Danielle.</given-names></name><name><surname>MATTOS</surname><given-names>Danielle.</given-names></name></person-group></element-citation></ref><ref id="B37"><element-citation publication-type="book"><source>Constituição do gerenciamento local na rede básica de saúde de Ribeirão Preto. 1995. 355f</source><date><year>1995</year></date><person-group><name><surname>MISHIMA</surname><given-names>Silvana M</given-names></name><name><surname>MISHIMA</surname><given-names>Silvana M</given-names></name></person-group></element-citation></ref><ref id="B38"><element-citation publication-type="article"><article-title>Práticas de ensino-aprendizagem com base em cenários reais</article-title><source>Interface: Comunicação, Saúde, Educação</source><date><year>2010</year></date><fpage>69</fpage><lpage>79</lpage><issue>32</issue><volume>14</volume><person-group><name><surname>MOIMAZ</surname><given-names>Suzely A. S.</given-names></name></person-group></element-citation></ref><ref id="B39"><element-citation publication-type="article"><article-title>A reorientação do ensino e da prática em enfermagem: implantação do Pró-Saúde em Mossoró, Brasil</article-title><source>Revista Gaúcha Enfermagem</source><date><year>2010</year></date><issue>3</issue><volume>31</volume><person-group><name><surname>MORAIS</surname><given-names>Fátima R. R.</given-names></name></person-group></element-citation></ref><ref id="B40"><element-citation publication-type="book"><source>Escolas médicas do Brasil</source><date><day>21</day><month>01</month><year>2010</year></date><person-group><name><surname>NASSIF</surname><given-names>Antonio C. N</given-names></name><name><surname>NASSIF</surname><given-names>Antonio C. N</given-names></name></person-group><ext-link>www.escolasmedicas. com.br/escolas.php</ext-link></element-citation></ref><ref id="B41"><element-citation publication-type="article"><article-title>Ensino de atenção primária à saúde na graduação: fatores que influenciam a satisfação do aluno</article-title><source>Revista Brasileira Educação Médica</source><date><year>2012</year></date><fpage>42</fpage><lpage>49</lpage><volume>36</volume><person-group><name><surname>NEUMANN</surname><given-names>Cristina R.</given-names></name><name><surname>MIRANDA</surname><given-names>Camila Z</given-names></name></person-group></element-citation></ref><ref id="B42"><element-citation publication-type="article"><article-title>Cem anos do relatório Flexner</article-title><source>Ciência &amp; Saúde Coletiva</source><date><year>2010</year></date><volume>15</volume><person-group><name><surname>NUNES</surname><given-names>Everardo D</given-names></name></person-group></element-citation></ref><ref id="B43"><element-citation publication-type="article"><article-title>Vigilância sanitária, participação social e cidadania</article-title><source>Saúde e Sociedade</source><date><year>2011</year></date><fpage>617</fpage><lpage>624</lpage><issue>2</issue><volume>20</volume><person-group><name><surname>OLIVEIRA</surname><given-names>Ana M. C.</given-names></name><name><surname>DALLARI</surname><given-names>Sueli G</given-names></name></person-group></element-citation></ref><ref id="B44"><element-citation publication-type="article"><article-title>O papel dos profissionais de saúde na formação acadêmica</article-title><source>Olho Mágico</source><date><year>2003</year></date><fpage>37</fpage><lpage>39</lpage><issue>2</issue><volume>10</volume><person-group><name><surname>OLIVEIRA</surname><given-names>Marilda S</given-names></name></person-group></element-citation></ref><ref id="B45"><element-citation publication-type="book"><source>Ação sobre os determinantes sociais da saúde: aprendendo com experiências anteriores</source><date><year>2005</year></date></element-citation></ref><ref id="B46"><element-citation publication-type="article"><article-title>Políticas públicas de saúde no Brasil</article-title><source>Revista Espaço para Saúde</source><date><year>2006</year></date><fpage>13</fpage><lpage>19</lpage><issue>1</issue><volume>8</volume><person-group><name><surname>PAULUS</surname><given-names>Aylton</given-names></name><name><surname>CORDONI</surname><given-names>Luiz</given-names></name></person-group></element-citation></ref><ref id="B47"><element-citation publication-type="book"><source>Articulação ensino-serviço para a construção da vigilância da saúde: em foco o distrito do Butantã. 134f. 2007</source><date><year>2007</year></date><person-group><name><surname>PEREIRA</surname><given-names>Juliana. G</given-names></name><name><surname>PEREIRA</surname><given-names>Juliana. G</given-names></name></person-group></element-citation></ref><ref id="B48"><element-citation publication-type="book"><source>Preparando a transformação da educação médica brasileira: Projeto CINAEM III Fase — relatório 1999-2000</source><date><year>2000</year></date><person-group><name><surname>PICCINI</surname><given-names>Roberto X.</given-names></name><name><surname>FACCHINI</surname><given-names>Luiz A.</given-names></name><name><surname>SANTOS</surname><given-names>Rogério C</given-names></name><name><surname>PICCINI</surname><given-names>Roberto X.</given-names></name><name><surname>FACCHINI</surname><given-names>Luiz A.</given-names></name><name><surname>SANTOS</surname><given-names>Rogério C</given-names></name></person-group></element-citation></ref><ref id="B49"><element-citation publication-type="article"><article-title>Análise sobre o desenvolvimento de cenários em atenção básica no curso médico da Faculdade de Medicina de Petrópolis/FASE/RJ</article-title><source>Cadernos ABEM</source><date><year>2008</year></date><volume>4</volume><person-group><name><surname>SÁ</surname><given-names>Paulo K</given-names></name><name><surname>MIRANDA</surname><given-names>João C</given-names></name></person-group></element-citation></ref><ref id="B50"><element-citation publication-type="article"><article-title>Programa Saúde da Família no Brasil: um enfoque sobre seus pressupostos básicos, operacionalização e vantagens</article-title><source>Saúde e Sociedade</source><date><year>2001</year></date><fpage>33</fpage><lpage>53</lpage><issue>1</issue><volume>10</volume><person-group><name><surname>SANTANA</surname><given-names>Milena L.</given-names></name><name><surname>CARMAGNANI</surname><given-names>Maria I</given-names></name></person-group></element-citation></ref><ref id="B51"><element-citation publication-type="article"><article-title>O conceito de representação social nas obras de Denise Jodelet e Serge Moscovici</article-title><source>Anos 90 [on line]</source><date><year>2000</year></date><fpage>128</fpage><lpage>133</lpage><issue>13</issue><person-group><name><surname>SÊGA</surname><given-names>Rafael A</given-names></name></person-group><ext-link>www.ufrgs.br/ppghist/anos90/13/13art8. pdf</ext-link></element-citation></ref><ref id="B52"><element-citation publication-type="conference"><source>Anais eletrônicos</source><date><day>15</day><month>01</month><year>2008</year></date><person-group><name><surname>SILVA</surname><given-names>Ana L. B.</given-names></name><name><surname>GARCIA</surname><given-names>Maria A. A</given-names></name></person-group><ext-link>www.puccampinas.edu.br/ websist/portal/pesquisa/ic/pic2008/resumos/ Resumo/%7BF42E0A47-A3EE 4A95-A202-4F2DF0B4B8C7%7D.pdf</ext-link></element-citation></ref><ref id="B53"><element-citation publication-type="article"><article-title>Estudo qualitativo da integração ensino-serviço em um curso de graduação em Odontologia</article-title><source>Interface: Comunicação, Educação, Saúde</source><date><year>2011</year></date><issue>39</issue><volume>15</volume><person-group><name><surname>SOUZA</surname><given-names>Ana L.</given-names></name><name><surname>CARCERERI</surname><given-names>Daniela L</given-names></name></person-group></element-citation></ref><ref id="B54"><element-citation publication-type="article"><article-title>Policy relevant determinants of health: an international perspective</article-title><source>Health Policy</source><date><month>06</month><year>2002</year></date><fpage>201</fpage><lpage>218</lpage><issue>3</issue><volume>60</volume><person-group><name><surname>STARFIELD</surname><given-names>Barbara</given-names></name><name><surname>SHI</surname><given-names>Leicy</given-names></name></person-group></element-citation></ref><ref id="B55"><element-citation publication-type="book"><source>O clone de Prometeu: a biotecnologia no Brasil: uma abordagem para a avaliação</source><date><year>2002</year></date><person-group><name><surname>TRIGUEIRO</surname><given-names>Michelangelo G. S</given-names></name><name><surname>TRIGUEIRO</surname><given-names>Michelangelo G. S</given-names></name></person-group></element-citation></ref><ref id="B56"><element-citation publication-type="book"><source>Questioning the Solution: the Politics of Primary Health Care and Child Survival</source><date><year>1997</year></date><person-group><name><surname>WERNER</surname><given-names>David</given-names></name><name><surname>SANDERS</surname><given-names>David</given-names></name><name><surname>WESTON</surname><given-names>Jason</given-names></name><name><surname>WERNER</surname><given-names>David</given-names></name><name><surname>SANDERS</surname><given-names>David</given-names></name><name><surname>WESTON</surname><given-names>Jason</given-names></name></person-group></element-citation></ref><ref id="B57"><element-citation publication-type="book"><source>The World Health Report 2008: Primary Health Care: Now More than Ever</source><date><year>2008</year></date></element-citation></ref></ref-list></back></article></articles>