<articles xmlns:xsi="http://www.w3.org/2001/XMLSchema-instance" xsi:schemaLocation="https://raw.githubusercontent.com/scieloorg/articles_meta/master/tests/xsd/scielo_sci/ThomsonReuters_publishing.xsd" dtd-version="1.10"><article lang_id="pt" article-type="rapid-communication"><front><journal-meta><journal-id journal-id-type="publisher">tes</journal-id><journal-title-group><journal-title>Trabalho, Educação e Saúde</journal-title><abbrev-journal-title>Trab. educ. saúde</abbrev-journal-title></journal-title-group><issn>1981-7746</issn><collection>SciELO Brazil</collection><publisher><publisher-name>Fundação Oswaldo Cruz, Escola Politécnica de Saúde Joaquim Venâncio</publisher-name></publisher></journal-meta><article-meta><unique-article-id pub-id-type="publisher-id">S1981-77462004000100002</unique-article-id><article-id pub-id-type="publisher-id">S1981-77462004000100002</article-id><article-id pub-id-type="doi">10.1590/S1981-77462004000100002</article-id><article-categories><subj-group><subject>EDUCATION &amp; EDUCATIONAL RESEARCH</subject><subject>PUBLIC, ENVIRONMENTAL &amp; OCCUPATIONAL HEALTH</subject></subj-group></article-categories><title-group><article-title lang_id="pt">Izabel dos Santos: educação para a vida</article-title></title-group><contrib-group><contrib contrib-type="author"><name><surname>Sório</surname><given-names>Rita</given-names></name><role>ND</role><xref ref-type="aff" rid="A01"/><xref ref-type="aff" rid="A02"/></contrib></contrib-group><aff id="A01"><institution>Fundação Oswaldo Cruz</institution><country>Brazil</country></aff><aff id="A02"><institution>Banco Interamericano de Desenvolvimento</institution></aff><pub-date><month>03</month><year>2004</year></pub-date><volume>2</volume><issue>1</issue><fpage>9</fpage><lpage>14</lpage><permissions><license license-type="open-access" href="http://creativecommons.org/licenses/by-nc/4.0/"><license-p>This work is licensed under a Creative Commons Attribution-NonCommercial 4.0 International License.</license-p></license></permissions><self-uri href="http://www.scielo.br/scielo.php?script=sci_arttext&amp;pid=S1981-77462004000100002&amp;lng=en&amp;tlng=en" content-type="full_text_page"/><self-uri href="http://www.scielo.br/scielo.php?script=sci_issuetoc&amp;pid=1981-774620040001&amp;lng=en" content-type="issue_page"/><self-uri href="http://www.scielo.br/scielo.php?script=sci_serial&amp;pid=1981-7746&amp;lng=en" content-type="journal_page"/></article-meta></front><back><ref-list><ref id="B1"><element-citation publication-type="book"><source>Izabel dos Santos: a arte e a paixão de aprender fazendo</source><date><year>2003</year></date><person-group><name><surname>CASTRO</surname><given-names>Janete L.</given-names></name><name><surname>PARANAGUÁ</surname><given-names>José S.</given-names></name><name><surname>NOGUEIRA</surname><given-names>Roberto P.</given-names></name><name><surname>CASTRO</surname><given-names>Janete L.</given-names></name><name><surname>PARANAGUÁ</surname><given-names>José S.</given-names></name><name><surname>NOGUEIRA</surname><given-names>Roberto P.</given-names></name></person-group></element-citation></ref></ref-list></back></article></articles>