<articles xmlns:xsi="http://www.w3.org/2001/XMLSchema-instance" xsi:schemaLocation="https://raw.githubusercontent.com/scieloorg/articles_meta/master/tests/xsd/scielo_sci/ThomsonReuters_publishing.xsd" dtd-version="1.10"><article lang_id="pt" article-type="research-article"><front><journal-meta><journal-id journal-id-type="publisher">tes</journal-id><journal-title-group><journal-title>Trabalho, Educação e Saúde</journal-title><abbrev-journal-title>Trab. educ. saúde</abbrev-journal-title></journal-title-group><issn>1981-7746</issn><collection>SciELO Brazil</collection><publisher><publisher-name>Fundação Oswaldo Cruz, Escola Politécnica de Saúde Joaquim Venâncio</publisher-name></publisher></journal-meta><article-meta><unique-article-id pub-id-type="publisher-id">S1981-77462012000300011</unique-article-id><article-id pub-id-type="publisher-id">S1981-77462012000300011</article-id><article-id pub-id-type="doi">10.1590/S1981-77462012000300011</article-id><article-categories><subj-group><subject>EDUCATION &amp; EDUCATIONAL RESEARCH</subject><subject>PUBLIC, ENVIRONMENTAL &amp; OCCUPATIONAL HEALTH</subject></subj-group></article-categories><title-group><article-title lang_id="pt">A importância do PET-Saúde para a formação acadêmica do enfermeiro</article-title><trans-title-group lang_id="en"><trans-title>The importance of PET-Health for nurse education</trans-title></trans-title-group></title-group><contrib-group><contrib contrib-type="author"><name><surname>Morais</surname><given-names>Fátima Raquel Rosado</given-names></name><role>ND</role><xref ref-type="aff" rid="A01"/></contrib><contrib contrib-type="author"><name><surname>Jales</surname><given-names>Graciella Madalena Lucena</given-names></name><role>ND</role></contrib><contrib contrib-type="author"><name><surname>Silva</surname><given-names>Maria Jaqueline Carlos da</given-names></name><role>ND</role></contrib><contrib contrib-type="author"><name><surname>Fernandes</surname><given-names>Sâmara Fontes</given-names></name><role>ND</role></contrib></contrib-group><aff id="A01"><institution>Universidade do Estado do Rio Grande do Norte</institution><country>Brazil</country></aff><pub-date><month>11</month><year>2012</year></pub-date><volume>10</volume><issue>3</issue><fpage>541</fpage><lpage>551</lpage><permissions><license license-type="open-access" href="http://creativecommons.org/licenses/by-nc/4.0/"><license-p>This work is licensed under a Creative Commons Attribution-NonCommercial 4.0 International License.</license-p></license></permissions><self-uri href="http://www.scielo.br/scielo.php?script=sci_arttext&amp;pid=S1981-77462012000300011&amp;lng=en&amp;tlng=en" content-type="full_text_page"/><self-uri href="http://www.scielo.br/scielo.php?script=sci_issuetoc&amp;pid=1981-774620120003&amp;lng=en" content-type="issue_page"/><self-uri href="http://www.scielo.br/scielo.php?script=sci_serial&amp;pid=1981-7746&amp;lng=en" content-type="journal_page"/><abstract lang_id="pt"><p>O Programa de Educação para o Trabalho na Saúde (PET-Saúde) é uma estratégia associada ao Pró-Saúde que preconiza ações para a transformação da formação profissional em saúde, mediante maior integração entre ensino, serviço e comunidade. Neste trabalho, objetiva-se relatar, com base nas vivências dos acadêmicos de enfermagem da Universidade do Estado do Rio Grande do Norte, o papel do PET-Saúde no processo de formação do enfermeiro. As ações desenvolvidas, dinâmicas como bricolagem, atividades em grupo, dramatizações, vídeos, músicas, entre outras, articulavam ensino, pesquisa e extensão e estimularam a reflexão da formação do enfermeiro, provocando um novo olhar para a conformação dos saberes e práticas cotidianas. Por sua vez, as interações estabelecidas estimularam a troca de conhecimentos, a interdisciplinaridade e a postura crítica e reflexiva dos mediadores desse processo. Essas práticas contribuíram para uma formação diferenciada dos futuros enfermeiros, uma vez que enfatizavam os princípios do Sistema Único de Saúde e as necessidades da população. Estratégias como essas devem ser estimuladas e potencializadas, na perspectiva de contribuir para a formação e as práticas em saúde, tornando os trabalhadores conscientes e engajados com as necessidades cotidianas da saúde da população.</p></abstract><trans-abstract lang_id="en"><p>The Education for Work in Health Program (PET-Health) is a strategy associated with Pro-Health which recommends actions to transform vocational training in health through greater integration among teaching, community, and service. The purpose of this article is to report, based on the experiences of nursing students at the University of Rio Grande do Norte, the role of PET-Health in the nursing education process. Actions carried out, dynamic activities such as DIY (do-it-yourself), group activities, role playing, videos, and music, among others, brought together teaching, research, and extension and encouraged reflection in the nurse's education process, engendering a fresh look on the conformation of knowledge and daily practices. The interactions, in turn, drove the exchange of knowledge, interdisciplinarity, and a critical and reflective posture among the mediators of this process. These practices have contributed to providing unique training to future nurses, since they emphasized the principles of the Health System and the needs of the population. Strategies such as these should be encouraged and enhanced in order to contribute to education and health practices, making workers aware of and engaged with the population's everyday health needs.</p></trans-abstract><kwd-group lang_id="en" kwd-group-type="author-generated"><kwd>PET-Health</kwd><kwd>vocational training</kwd><kwd>nursing</kwd></kwd-group><kwd-group lang_id="pt" kwd-group-type="author-generated"><kwd>PET-Saúde</kwd><kwd>formação profissional</kwd><kwd>enfermagem</kwd></kwd-group></article-meta></front><back><ref-list><ref id="B1"><element-citation publication-type="book"><source>Lei n. 9.394, de 20 de dezembro de 1996. Estabelece as diretrizes e bases da educação nacional</source><date><day>20</day><month>12</month><year>1996</year></date></element-citation></ref><ref id="B2"><element-citation publication-type="book"><source>Resolução CNE/CES n. 3, de 7 de novembro de 2001. Diretrizes curriculares nacionais do curso de graduação em enfermagem</source><date><year>2001</year></date></element-citation></ref><ref id="B3"><element-citation publication-type="book"><source>Pró-Saúde: programa nacional de reorientação da formação profissional em saúde</source><date><year>2005</year></date></element-citation></ref><ref id="B4"><element-citation publication-type="book"><source>Programa Nacional de Reorientação da Formação Profissional em Saúde - PRÓ-Saúde: objetivos, implementação e desenvolvimento potencial</source><date><year>2007</year></date></element-citation></ref><ref id="B5"><element-citation publication-type="book"><source>Painel de indicadores do SUS: temático Saúde da Família</source><date><month>08</month><year>2008</year></date></element-citation></ref><ref id="B6"><element-citation publication-type="book"><source>Portal da Saúde</source><date><year>2010</year></date><ext-link>www.portal.saude.gov.br</ext-link></element-citation></ref><ref id="B7"><element-citation publication-type="article"><article-title>A reforma sanitária brasileira: a vitória sobre o modelo neoliberal</article-title><source>Medicina Social</source><date><year>2008</year></date><fpage>100</fpage><lpage>112</lpage><issue>2</issue><volume>3</volume><person-group><name><surname>COHN</surname><given-names>Amélia</given-names></name></person-group></element-citation></ref><ref id="B8"><element-citation publication-type="book"><source>A implantação da Unidade de Saúde da Família</source><date><year>2000</year></date><person-group><name><surname>COSTA NETO</surname><given-names>Milton Menezes da</given-names></name><name><surname>COSTA NETO</surname><given-names>Milton Menezes da</given-names></name></person-group></element-citation></ref><ref id="B9"><element-citation publication-type="book"><source>Interdisciplinaridade: para além da filosofia do sujeito</source><date><year>1999</year></date><fpage>51</fpage><lpage>84</lpage><person-group><name><surname>ETGES</surname><given-names>Norberto J</given-names></name><name><surname>JANTSCH</surname><given-names>Ari Paulo</given-names></name><name><surname>BIANCHETTI</surname><given-names>Lucídio</given-names></name><name><surname>JANTSCH</surname><given-names>Ari Paulo</given-names></name><name><surname>BIANCHETTI</surname><given-names>Lucídio</given-names></name></person-group></element-citation></ref><ref id="B10"><element-citation publication-type="book"><source>Pedagogia do oprimido</source><date><year>2002</year></date><person-group><name><surname>FREIRE</surname><given-names>Paulo</given-names></name><name><surname>FREIRE</surname><given-names>Paulo</given-names></name></person-group></element-citation></ref><ref id="B11"><element-citation publication-type="article"><article-title>Movimentos de mudança na formação em saúde: da medicina comunitária às diretrizes curriculares</article-title><source>Revista de Saúde Coletiva</source><date><year>2010</year></date><fpage>551</fpage><lpage>570</lpage><issue>2</issue><volume>20</volume><person-group><name><surname>GONZÁLEZ</surname><given-names>Alberto Durán</given-names></name><name><surname>ALMEIDA</surname><given-names>Marcio José</given-names></name></person-group></element-citation></ref><ref id="B12"><element-citation publication-type="article"><article-title>As mudanças na educação médica brasileira em perspectiva: reflexões sobre a emergência de um novo estilo de pensamento</article-title><source>Revista Brasileira de Educação Médica</source><date><year>2009</year></date><fpage>262</fpage><lpage>270</lpage><issue>2</issue><volume>33</volume><person-group><name><surname>NOGUEIRA</surname><given-names>Maria Inês</given-names></name></person-group></element-citation></ref><ref id="B13"><element-citation publication-type="article"><article-title>A competência profissional e a Estratégia de Saúde da Família: discurso dos profissionais</article-title><source>Revista de APS</source><date><year>2008</year></date><fpage>136</fpage><lpage>144</lpage><issue>2</issue><volume>11</volume><person-group><name><surname>RIBEIRO</surname><given-names>Alessandra Fernandes</given-names></name></person-group></element-citation></ref><ref id="B14"><element-citation publication-type="article"><article-title>Educação e universidade: conhecimento e construção da cidadania</article-title><source>Interface - Comunicação</source><date><year>2002</year></date><fpage>117</fpage><lpage>124</lpage><issue>10</issue><volume>6</volume><person-group><name><surname>SEVERINO</surname><given-names>Antônio Joaquim</given-names></name></person-group></element-citation></ref><ref id="B15"><element-citation publication-type="book"><source>Dialética</source><date><year>1980</year></date><person-group><name><surname>SICHIROLLO</surname><given-names>Lívio</given-names></name><name><surname>SICHIROLLO</surname><given-names>Lívio</given-names></name></person-group></element-citation></ref><ref id="B16"><element-citation publication-type="article"><article-title>Processo de formação da(o) enfermeira(o) na contemporaneidade: desafios e perspectivas</article-title><source>Texto &amp; Contexto Enfermagem</source><date><month>03</month><year>2010</year></date><fpage>176</fpage><lpage>184</lpage><issue>1</issue><volume>19</volume><person-group><name><surname>SILVA</surname><given-names>Mar Gomes</given-names></name></person-group></element-citation></ref></ref-list></back></article></articles>