<articles xmlns:xsi="http://www.w3.org/2001/XMLSchema-instance" xsi:schemaLocation="https://raw.githubusercontent.com/scieloorg/articles_meta/master/tests/xsd/scielo_sci/ThomsonReuters_publishing.xsd" dtd-version="1.10"><article lang_id="pt" article-type="research-article"><front><journal-meta><journal-id journal-id-type="publisher">tes</journal-id><journal-title-group><journal-title>Trabalho, Educação e Saúde</journal-title><abbrev-journal-title>Trab. educ. saúde</abbrev-journal-title></journal-title-group><issn>1981-7746</issn><collection>SciELO Brazil</collection><publisher><publisher-name>Fundação Oswaldo Cruz, Escola Politécnica de Saúde Joaquim Venâncio</publisher-name></publisher></journal-meta><article-meta><unique-article-id pub-id-type="publisher-id">S1981-77462010000100006</unique-article-id><article-id pub-id-type="publisher-id">S1981-77462010000100006</article-id><article-id pub-id-type="doi">10.1590/S1981-77462010000100006</article-id><article-categories><subj-group><subject>EDUCATION &amp; EDUCATIONAL RESEARCH</subject><subject>PUBLIC, ENVIRONMENTAL &amp; OCCUPATIONAL HEALTH</subject></subj-group></article-categories><title-group><article-title lang_id="pt">A experiência de aprendizagem on-line em um curso de qualificação profissional em saúde</article-title><trans-title-group lang_id="en"><trans-title>The on-line learning experience in a course on professional qualification in health</trans-title></trans-title-group></title-group><contrib-group><contrib contrib-type="author"><name><surname>Laguardia</surname><given-names>Josué</given-names></name><role>ND</role></contrib><contrib contrib-type="author"><name><surname>Casanova</surname><given-names>Ângela</given-names></name><role>ND</role></contrib><contrib contrib-type="author"><name><surname>Machado</surname><given-names>Rejane</given-names></name><role>ND</role></contrib></contrib-group><pub-date><month>06</month><year>2010</year></pub-date><volume>8</volume><issue>1</issue><fpage>97</fpage><lpage>122</lpage><permissions><license license-type="open-access" href="http://creativecommons.org/licenses/by-nc/4.0/"><license-p>This work is licensed under a Creative Commons Attribution-NonCommercial 4.0 International License.</license-p></license></permissions><self-uri href="http://www.scielo.br/scielo.php?script=sci_arttext&amp;pid=S1981-77462010000100006&amp;lng=en&amp;tlng=en" content-type="full_text_page"/><self-uri href="http://www.scielo.br/scielo.php?script=sci_issuetoc&amp;pid=1981-774620100001&amp;lng=en" content-type="issue_page"/><self-uri href="http://www.scielo.br/scielo.php?script=sci_serial&amp;pid=1981-7746&amp;lng=en" content-type="journal_page"/><abstract lang_id="pt"><p>Este artigo analisa as percepções a atitudes dos tutores e alunos nos processos de aprendizagem em um curso de atualização profissional on-line. Para tal realizaram-se entrevistas com dez alunos e três tutores desse curso mediante a utilização de roteiros semiestruturados que abrangiam os seguintes aspectos: ingresso no curso, tecnologias, conteúdos, atividades de avaliação, tutoria; mediação e expectativas quanto ao curso. Os roteiros foram organizados em tópicos que possibilitassem identificar as condições estruturais para o uso das ferramentas disponíveis no ambiente virtual, os tipos de interação, apreensão de conteúdos, bem como as expectativas dos participantes com relação aos objetivos propostos pelo curso. Os relatos dos entrevistados apontam questões importantes a serem consideradas na concepção e gestão de cursos on-line, tais como a necessidade de readequação periódica da proposta pedagógica do curso para atender as demandas dos alunos e tutores quanto à organização e atualização dos conteúdos, os meios de acesso ao material e a implementação de atividades avaliativas compatíveis com a experiência de trabalho.</p></abstract><trans-abstract lang_id="en"><p>This article examines the perceptions regarding tutor and student attitudes in the learning processes during an on-line professional refresher course. In the study, interviews were carried out among ten students and three tutors of the course by means of semi-structured roadmaps that covered the following aspects: admission to the course, technologies, content, assessment activities, mentoring, mediation, and expectations about the course. The roadmaps were organized into topics that would enable the identification of the structural conditions for the use of the tools that were available in the virtual environment, the types of interaction, the understanding of the content, as well as participants' expectations with respect to the objectives proposed by the course. The interviewees' reports point to important questions to be considered when designing and managing on-line courses, such as the need for periodic adjustments of the course's educational proposal in order to meet the demands of both students and tutors with regard not only to how the content is organized but also to updating it, the means through which the material can be accessed, and the implementation of assessment activities that are consistent with work experience.</p></trans-abstract><kwd-group lang_id="en" kwd-group-type="author-generated"><kwd>virtual learning environment</kwd><kwd>interaction</kwd><kwd>distance learning</kwd><kwd>on-line learning</kwd><kwd>professional qualification in health</kwd></kwd-group><kwd-group lang_id="pt" kwd-group-type="author-generated"><kwd>ambiente virtual de aprendizado</kwd><kwd>interação</kwd><kwd>educação a distância</kwd><kwd>aprendizagem on-line</kwd><kwd>qualificação profissional em saúde</kwd></kwd-group></article-meta></front><back><ref-list><ref id="B1"><element-citation publication-type="book"><source>Educação a distância</source><date><year>2003</year></date><person-group><name><surname>BELLONI</surname><given-names>Maria Luiza</given-names></name><name><surname>BELLONI</surname><given-names>Maria Luiza</given-names></name></person-group></element-citation></ref><ref id="B2"><element-citation publication-type="article"><article-title>Web based continuing professional development: a learning architecture approach</article-title><source>The Journal of Workplace Learning</source><date><year>2003</year></date><fpage>24</fpage><lpage>33</lpage><issue>1</issue><volume>15</volume><person-group><name><surname>BROSNAN</surname><given-names>Kevin</given-names></name><name><surname>BURGESS</surname><given-names>Robin C</given-names></name></person-group></element-citation></ref><ref id="B3"><element-citation publication-type="book"><source>Educação a distância: reflexões críticas e experiências em saúde</source><date><year>2001</year></date><fpage>65</fpage><lpage>83</lpage><person-group><name><surname>CARVALHO</surname><given-names>Nilson M</given-names></name><name><surname>MISOCZKY</surname><given-names>Maria Ceci. A</given-names></name><name><surname>MISOCZKY</surname><given-names>Maria Ceci</given-names></name><name><surname>MISOCZKY</surname><given-names>Maria Ceci</given-names></name></person-group></element-citation></ref><ref id="B4"><element-citation publication-type="article"><article-title>The emperor´s new clothes: globalization and e-learning in Higher Education</article-title><source>British Journal of Sociology of Education</source><date><year>2003</year></date><fpage>39</fpage><lpage>53</lpage><issue>1</issue><volume>24</volume><person-group><name><surname>CLEGG</surname><given-names>Sue</given-names></name><name><surname>HUDSON</surname><given-names>Alison</given-names></name><name><surname>STEEL</surname><given-names>John</given-names></name></person-group></element-citation></ref><ref id="B5"><element-citation publication-type="article"><article-title>Network-based assessment in education</article-title><source>Contemporary Issues in Technology and Teacher Education</source><date><year>2003</year></date><fpage>310</fpage><lpage>23</lpage><issue>3</issue><volume>3</volume><person-group><name><surname>GIBSON</surname><given-names>David</given-names></name></person-group></element-citation></ref><ref id="B6"><element-citation publication-type="article"><article-title>Plagiarism and poor academic practice: a threat to the extension of e-Learning in Higher Education?</article-title><source>Electronic Journal on e-Learning</source><date><year>2004</year></date><fpage>89</fpage><lpage>96</lpage><issue>1</issue><volume>2</volume><person-group><name><surname>HART</surname><given-names>Mike</given-names></name><name><surname>FRIESNER</surname><given-names>Tim</given-names></name></person-group></element-citation></ref><ref id="B7"><element-citation publication-type="book"><source>Handbook of research on educational communications and technology</source><date><year>2003</year></date><fpage>433</fpage><lpage>60</lpage><person-group><name><surname>HILL</surname><given-names>Janette R.</given-names></name><name><surname>JONASSEN</surname><given-names>D. H.</given-names></name><name><surname>JONASSEN</surname><given-names>D. H.</given-names></name></person-group></element-citation></ref><ref id="B8"><element-citation publication-type="article"><article-title>Avaliação em ambientes virtuais de aprendizagem</article-title><source>Educação &amp; Pesquisa</source><fpage>513</fpage><lpage>30</lpage><issue>3</issue><volume>33</volume><person-group><name><surname>LAGUARDIA</surname><given-names>Josué</given-names></name><name><surname>PORTELA</surname><given-names>Margareth. C.</given-names></name><name><surname>VASCONCELLOS</surname><given-names>Miguel. M.</given-names></name></person-group></element-citation></ref><ref id="B9"><element-citation publication-type="book"><source>Educação a distância: uma visão integrada</source><date><year>2008</year></date><person-group><name><surname>MOORE</surname><given-names>Michel</given-names></name><name><surname>KEARSLEY</surname><given-names>Greg.</given-names></name><name><surname>MOORE</surname><given-names>Michel</given-names></name><name><surname>KEARSLEY</surname><given-names>Greg.</given-names></name></person-group></element-citation></ref><ref id="B10"><element-citation publication-type="article"><article-title>The role of communications and information technology</article-title><source>Journal of European Industrial Training</source><date><year>2004</year></date><fpage>414</fpage><lpage>428</lpage><issue>5</issue><volume>28</volume><person-group><name><surname>OSBORNE</surname><given-names>Michael.</given-names></name><name><surname>OBERSKI</surname><given-names>Iddo</given-names></name></person-group></element-citation></ref><ref id="B11"><element-citation publication-type="article"><article-title>Beyond interaction: the relational construct of 'Transactional Presence'</article-title><source>Open Learning</source><date><year>2002</year></date><fpage>21</fpage><lpage>37</lpage><issue>2</issue><volume>17</volume><person-group><name><surname>SHIN</surname><given-names>Namin</given-names></name></person-group></element-citation></ref><ref id="B12"><element-citation publication-type="book"><source>Educação on-line</source><date><year>2003</year></date><person-group><name><surname>SILVA</surname><given-names>Marco</given-names></name><name><surname>SILVA</surname><given-names>Marco</given-names></name></person-group></element-citation></ref><ref id="B13"><element-citation publication-type="article"><article-title>Novas práticas de leitura e escrita: letramento na cibercultura</article-title><source>Educação e Sociedade</source><date><year>2002</year></date><fpage>143</fpage><lpage>160</lpage><issue>81</issue><volume>23</volume><person-group><name><surname>SOARES</surname><given-names>Magda</given-names></name></person-group></element-citation></ref><ref id="B14"><element-citation publication-type="article"><article-title>Teaching courses online: a review of the research</article-title><source>Review of Educational Research</source><date><year>2006</year></date><fpage>93</fpage><lpage>135</lpage><issue>1</issue><volume>76</volume><person-group><name><surname>TALLENT-RUNNELS</surname><given-names>Mary K</given-names></name></person-group></element-citation></ref><ref id="B15"><element-citation publication-type="article"><article-title>Educação a distância e a formação em saúde: nem tanto, nem tão pouco</article-title><source>Trabalho, Educação e Saúde</source><date><year>2005</year></date><fpage>171</fpage><lpage>86</lpage><issue>1</issue><volume>3</volume><person-group><name><surname>TORREZ</surname><given-names>Milta N. F. B.</given-names></name></person-group></element-citation></ref><ref id="B16"><element-citation publication-type="book"><source>Evaluating digital distance learning programs and activities</source><date><year>2000</year></date><person-group><name><surname>VALCKE</surname><given-names>Martin M.</given-names></name><name><surname>LEEUW</surname><given-names>Frans L.</given-names></name><name><surname>VALCKE</surname><given-names>Martin M.</given-names></name><name><surname>LEEUW</surname><given-names>Frans L.</given-names></name></person-group></element-citation></ref><ref id="B17"><element-citation publication-type="book"><source>A formação social da mente</source><date><year>2007</year></date><person-group><name><surname>VYGOTSKI</surname><given-names>Lev S.</given-names></name><name><surname>VYGOTSKI</surname><given-names>Lev S.</given-names></name></person-group></element-citation></ref><ref id="B18"><element-citation publication-type="book"><source>E learning: a review of literature</source><date><year>2000</year></date><person-group><name><surname>WENTLING</surname><given-names>Tim L.</given-names></name><name><surname>WENTLING</surname><given-names>Tim L.</given-names></name></person-group><ext-link>http://learning.ncsa.uiuc.edu/papers/elearnlit.pdf</ext-link></element-citation></ref></ref-list></back></article></articles>