<articles xmlns:xsi="http://www.w3.org/2001/XMLSchema-instance" xsi:schemaLocation="https://raw.githubusercontent.com/scieloorg/articles_meta/master/tests/xsd/scielo_sci/ThomsonReuters_publishing.xsd" dtd-version="1.10"><article lang_id="pt" article-type="research-article"><front><journal-meta><journal-id journal-id-type="publisher">tes</journal-id><journal-title-group><journal-title>Trabalho, Educação e Saúde</journal-title><abbrev-journal-title>Trab. educ. saúde</abbrev-journal-title></journal-title-group><issn>1981-7746</issn><collection>SciELO Brazil</collection><publisher><publisher-name>Fundação Oswaldo Cruz, Escola Politécnica de Saúde Joaquim Venâncio</publisher-name></publisher></journal-meta><article-meta><unique-article-id pub-id-type="publisher-id">S1981-77462014000300577</unique-article-id><article-id pub-id-type="publisher-id">S1981-77462014000300577</article-id><article-id pub-id-type="doi">10.1590/1981-7746-sip00006</article-id><article-categories><subj-group><subject>EDUCATION &amp; EDUCATIONAL RESEARCH</subject><subject>PUBLIC, ENVIRONMENTAL &amp; OCCUPATIONAL HEALTH</subject></subj-group></article-categories><title-group><article-title lang_id="pt">Supervisão de trabalhadores de enfermagem em unidade básica de saúde</article-title><trans-title-group lang_id="es"><trans-title>Supervisión de trabajadores de enfermería en unidad básica de salud</trans-title></trans-title-group><trans-title-group lang_id="en"><trans-title>Supervision of nurses at a basic health unit</trans-title></trans-title-group></title-group><contrib-group><contrib contrib-type="author"><name><surname>Lima</surname><given-names>Aline Maciel Vieira</given-names></name><role>ND</role><xref ref-type="aff" rid="AFF1"/></contrib><contrib contrib-type="author"><name><surname>Peduzzi</surname><given-names>Marina</given-names></name><role>ND</role><xref ref-type="aff" rid="AFF2"/></contrib><contrib contrib-type="author"><name><surname>Miyahara</surname><given-names>Carine Teles Sangaleti</given-names></name><role>ND</role><xref ref-type="aff" rid="AFF3"/></contrib><contrib contrib-type="author"><name><surname>Fujimori</surname><given-names>Elizabeth</given-names></name><role>ND</role><xref ref-type="aff" rid="AFF4"/></contrib><contrib contrib-type="author"><name><surname>Veríssimo</surname><given-names>Maria de La Ó Ramallo</given-names></name><role>ND</role><xref ref-type="aff" rid="AFF5"/></contrib><contrib contrib-type="author"><name><surname>Bertolozzi</surname><given-names>Maria Rita</given-names></name><role>ND</role><xref ref-type="aff" rid="AFF6"/></contrib></contrib-group><aff id="AFF4"><institution>Universidade de São Paulo</institution><country>Brazil</country></aff><aff id="AFF1"><institution>Universidade de São Paulo</institution><country>Brazil</country></aff><aff id="AFF5"><institution>Universidade de São Paulo</institution><country>Brazil</country></aff><aff id="AFF6"><institution>Universidade de São Paulo</institution><country>Brazil</country></aff><aff id="AFF3"><institution>Universidade Estadual do Centro-Oeste</institution><country>Brazil</country></aff><aff id="AFF2"><institution>Universidade de São Paulo</institution><country>Brazil</country></aff><pub-date><month>12</month><year>2014</year></pub-date><volume>12</volume><issue>3</issue><fpage>577</fpage><lpage>593</lpage><permissions><license license-type="open-access" href="http://creativecommons.org/licenses/by-nc/4.0/"><license-p>This work is licensed under a Creative Commons Attribution-NonCommercial 4.0 International License.</license-p></license></permissions><self-uri href="http://www.scielo.br/scielo.php?script=sci_arttext&amp;pid=S1981-77462014000300577&amp;lng=en&amp;tlng=en" content-type="full_text_page"/><self-uri href="http://www.scielo.br/scielo.php?script=sci_issuetoc&amp;pid=1981-774620140003&amp;lng=en" content-type="issue_page"/><self-uri href="http://www.scielo.br/scielo.php?script=sci_serial&amp;pid=1981-7746&amp;lng=en" content-type="journal_page"/><abstract lang_id="pt"><p>Aborda-se, neste artigo, a supervisão de trabalhadores de enfermagem de nível médio no atendimento da demanda espontânea em uma unidade básica de saúde na cidade de São Paulo. Seu objetivo foi analisar como se processa a supervisão desses trabalhadores e a maneira de atuação do supervisor. É um estudo qualitativo baseado na observação direta de uma semana típica de trabalho, com análise temática apoiada no software NVivo e no referencial da supervisão do processo de trabalho. Observaram-se 55 atendimentos realizados pelos trabalhadores de enfermagem com a solicitação de supervisão em 23 casos. Tanto nas solicitações de supervisão quanto nas respostas dos supervisores predominou o enfoque biomédico centrado em queixas agudas ou crônicas e prescrições medicamentosas e de exames. Concluiu-se que a supervisão dos trabalhadores de enfermagem de nível médio por profissional de nível superior na recepção da demanda espontânea potencializa a resolubilidade dessa atividade. Recomenda-se, no entanto, ampliar o enfoque da apreensão e da análise das necessidades do usuário na perspectiva da integralidade.</p></abstract><trans-abstract lang_id="es"><p>Se aborda, en este artículo, la supervisión del personal de enfermería de nivel medio en la atención de la demanda espontánea en una unidad básica de salud en la ciudad de São Paulo (Brasil). Su objetivo fue analizar cómo se maneja la supervisión de estos trabajadores y la forma de actuar del s upervisor. Se trata de un estudio cualitativo basado en la observación directa de una semana de trabajo típica, con el análisis temático apoyado por el software NVivo y con referencia de la supervisión del proceso de trabajo. Se observaron 55 atenciones realizadas por el personal de enfermería con solicitud de la supervisión en 23 casos. Tanto enlas solicitudes de supervisión como en las respuestas de los supervisores predominó el enfoque biomédico centrado en las quejas agudas o crónicas e en las prescripciones de medicamentos y exámenes. Se concluyó que la supervisión del personal de enfermería de nivel medio por profesional de nivel superior, en la recepción de la demanda espontánea, mejora la capacidad de resolución de esta actividad. Se recomienda, sin embargo, ampliar el enfoque de asimilación y análisis de las necesidades del usuario desde el punto de vista de la integralidad.</p></trans-abstract><trans-abstract lang_id="en"><p>The issue addressed in this article is the supervision of middle-level nursing staff in serving spontaneous demand at a basic health unit in São Paulo (Brazil). The goal was to analyze how these workers are supervised and how the supervisor proceeds. It is a qualitative study based on the direct observation of a typical work week, with thematic analysis supported by the NVivo software and by the work process supervision framework. Fifty-five cases served by the nursing staff, done at the supervisor's request in 23 cases, were observed. The biomedical approach focused on acute or chronic complaints and on drug prescriptions and tests predominated both in cases requested by the supervision and in the supervisors' responses. It was concluded that the supervision of the mid-level nursing staff by a higher level professional in the receipt of spontaneous demand enhances this activity's solvability. It is recommended, however, to expand the focus of the understanding and analysis of user needs from the perspective of completeness.</p></trans-abstract><kwd-group lang_id="es" kwd-group-type="author-generated"><kwd>acogida</kwd><kwd>supervisión de enfermería</kwd><kwd>atención primaria a la salud</kwd><kwd>trabajo</kwd><kwd>relaciones interpersonales</kwd></kwd-group><kwd-group lang_id="en" kwd-group-type="author-generated"><kwd>user embracement</kwd><kwd>nursing supervision</kwd><kwd>primary health care</kwd><kwd>work</kwd><kwd>interpersonal relationships</kwd></kwd-group><kwd-group lang_id="pt" kwd-group-type="author-generated"><kwd>acolhimento</kwd><kwd>supervisão de enfermagem</kwd><kwd>atenção primária à saúde</kwd><kwd>trabalho</kwd><kwd>relações interpessoais</kwd></kwd-group></article-meta></front><back><ref-list><ref id="B1"><element-citation publication-type="book"><source>Análise de conteúdo</source><date><year>1977</year></date><person-group><name><surname>BARDIN</surname><given-names>Laurence</given-names></name><name><surname>BARDIN</surname><given-names>Laurence</given-names></name></person-group></element-citation></ref><ref id="B2"><element-citation publication-type="article"><article-title>Primary health c are supervision in de veloping countries</article-title><source>Tropical Medicine a ns International He alth</source><date><year>2008</year></date><fpage>p. 369</fpage><lpage>p. 383</lpage><issue>n . 3</issue><volume>v. 13</volume><person-group><name><surname>BOSCH-CAPBLANCH</surname><given-names>X.</given-names></name><name><surname>GARNER</surname><given-names>Philip</given-names></name><name><surname>BOSCH-CAPBLANCH</surname><given-names>X.</given-names></name><name><surname>GARNER</surname><given-names>Philip</given-names></name></person-group></element-citation></ref><ref id="B3"><element-citation publication-type="article"><article-title>Necessidades de saúde pela voz da sociedade civil e do Estado</article-title><source>Cadernos de Saúde Pública</source><date><year>2005</year></date><fpage>p. 1.2601.268</fpage><lpage>p. 1.2601.268</lpage><issue>n. 4</issue><volume>v. 21</volume><person-group><name><surname>CAMPOS</surname><given-names>Celia M. S.</given-names></name><name><surname>MISHIMA</surname><given-names>Silvana M.</given-names></name><name><surname>CAMPOS</surname><given-names>Celia M. S.</given-names></name><name><surname>MISHIMA</surname><given-names>Silvana M.</given-names></name></person-group></element-citation></ref><ref id="B4"><element-citation publication-type="article"><article-title>Saú de pública e saúde coletiva: campo e núcleo de saberes e práticas</article-title><source>Ciência &amp; Saúde Coletiva</source><date><year>2000</year></date><fpage>p. 219</fpage><lpage>p. 230</lpage><issue>n. 2</issue><volume>v. 5</volume><person-group><name><surname>CAMPOS</surname><given-names>Gastão W. S.</given-names></name><name><surname>CAMPOS</surname><given-names>Gastão W. S.</given-names></name></person-group></element-citation></ref><ref id="B5"><element-citation publication-type="book"><source>Um método para análise e cogestão de coletivos: a constituição do sujeito, a produção de valor de uso e a democracia e m instituições - o método da roda</source><date><year>2000</year></date><person-group><name><surname>CAMPOS</surname><given-names>Gastão W. S.</given-names></name><name><surname>CAMPOS</surname><given-names>Gastão W. S.</given-names></name></person-group></element-citation></ref><ref id="B6"><element-citation publication-type="article"><article-title>Visão das enfermeiras sobre articulações das ações de saúde entre profissionais de equipes de saúde da família</article-title><source>Revista da Escola de Enfermagem da USP</source><date><year>2008</year></date><fpage>p.56</fpage><lpage>p.61</lpage><issue>n. 2</issue><volume>v. 42</volume><person-group><name><surname>COLOMÉ</surname><given-names>Isabel C. S.</given-names></name><name><surname>LIMA</surname><given-names>Maria A. D. S.</given-names></name><name><surname>DAVIS</surname><given-names>Roberta</given-names></name><name><surname>COLOMÉ</surname><given-names>Isabel C. S.</given-names></name><name><surname>LIMA</surname><given-names>Maria A. D. S.</given-names></name><name><surname>DAVIS</surname><given-names>Roberta</given-names></name></person-group></element-citation></ref><ref id="B7"><element-citation publication-type="article"><article-title>Supervisão da enfermeira em unidade básica de saúde</article-title><source>Revista Brasileira de Enfermagem</source><date><year>2006</year></date><fpage>p. 527</fpage><lpage>p. 531</lpage><issue>n. 4</issue><volume>v. 59</volume><person-group><name><surname>CORREIA</surname><given-names>Valesca S.</given-names></name><name><surname>SERVO</surname><given-names>Maria L . S.</given-names></name><name><surname>CORREIA</surname><given-names>Valesca S.</given-names></name><name><surname>SERVO</surname><given-names>Maria L . S.</given-names></name></person-group></element-citation></ref><ref id="B8"><element-citation publication-type="article"><article-title>Organização do trabalho de enfermagem na atenção básica: uma questão para a saúde do trabalhador</article-title><source>Texto &amp; Contexto Enfermagem</source><date><year>2009</year></date><fpage>p. 206</fpage><lpage>p. 214</lpage><issue>n. 2</issue><volume>v. 18</volume><person-group><name><surname>DAVID</surname><given-names>Helena M. S. L.</given-names></name><name><surname>DAVID</surname><given-names>Helena M. S. L.</given-names></name></person-group></element-citation></ref><ref id="B9"><element-citation publication-type="book"><source>Gerenciamento em enfermagem</source><date><year>2005</year></date><fpage>p. 1</fpage><lpage>p.13</lpage><person-group><name><surname>FELLI</surname><given-names>Vanda E. A.</given-names></name><name><surname>PE DUZZI</surname><given-names>Marina</given-names></name><name><surname>KURCGANT</surname><given-names>P.</given-names></name><name><surname>KURCGANT</surname><given-names>P.</given-names></name></person-group></element-citation></ref><ref id="B10"><element-citation publication-type="article"><article-title>Descrição e análise do acolhimento: uma contribuição para o programa de saúde da família</article-title><source>Revista da Escola de Enfermagem da USP</source><date><year>2004</year></date><fpage>p. 143</fpage><lpage>p. 151</lpage><issue>n. 2</issue><volume>v. 38</volume><person-group><name><surname>FRACOLLI</surname><given-names>Lislaine A.</given-names></name><name><surname>ZOBOLI</surname><given-names>Elma L. C. P.</given-names></name><name><surname>FRACOLLI</surname><given-names>Lislaine A.</given-names></name><name><surname>ZOBOLI</surname><given-names>Elma L. C. P.</given-names></name></person-group></element-citation></ref><ref id="B11"><element-citation publication-type="article"><article-title>O a colhimento e o s processos d e trabalho e m s aúde: o ca so de Betim, Minas Gerais, Brasil</article-title><source>Cadernos de Saúde Pública</source><date><year>1999</year></date><fpage>p. 345</fpage><lpage>p. 353</lpage><issue>n. 2</issue><volume>v. 15</volume><person-group><name><surname>FRANCO</surname><given-names>Tulio B.</given-names></name><name><surname>BUENO</surname><given-names>Wanderlei S.</given-names></name><name><surname>MERHY</surname><given-names>Emerson E.</given-names></name><name><surname>FRANCO</surname><given-names>Tulio B.</given-names></name><name><surname>BUENO</surname><given-names>Wanderlei S.</given-names></name><name><surname>MERHY</surname><given-names>Emerson E.</given-names></name></person-group></element-citation></ref><ref id="B12"><element-citation publication-type="article"><article-title>Does supervision improve health worker productivity? Evidence f rom t he Upper East Region o f Ghana</article-title><source>Tropical Medicine and International Health</source><date><year>2011</year></date><fpage>p. 1.225</fpage><lpage>p. 1.233</lpage><issue>n. 10</issue><volume>v. 16</volume><person-group><name><surname>FRIMPONG</surname><given-names>Jemima A</given-names></name><name><surname>FRIMPONG</surname><given-names>Jemima A</given-names></name></person-group></element-citation></ref><ref id="B13"><element-citation publication-type="article"><article-title>O trabalho cotidiano da enfermeira na saúde d a família: utilização de ferramentas da gestão</article-title><source>Texto &amp; Contexto Enfermagem</source><date><year>2009</year></date><fpage>p. 313</fpage><lpage>p. 320</lpage><issue>n. 2</issue><volume>v. 18</volume><person-group><name><surname>KAWATA</surname><given-names>Lauren S</given-names></name><name><surname>KAWATA</surname><given-names>Lauren S</given-names></name></person-group></element-citation></ref><ref id="B14"><element-citation publication-type="article"><article-title>A integralidade na prática (ou sobre a prática da integralidade)</article-title><source>Cadernos de Saúde Pública</source><date><year>2004</year></date><fpage>p. 1.411</fpage><lpage>p. 1.416</lpage><issue>n. 5</issue><volume>v. 20</volume><person-group><name><surname>MATTOS</surname><given-names>Ruben A</given-names></name><name><surname>MATTOS</surname><given-names>Ruben A</given-names></name></person-group></element-citation></ref><ref id="B15"><element-citation publication-type="article"><article-title>Supervisão de equipes no Programa de Saúde da Família: reflexões acerca do desafio da produção de cuidados</article-title><source>Interface: Comunicação, Saúde, Educação</source><date><year>2005</year></date><fpage>p. 9</fpage><lpage>p.24</lpage><issue>n. 16</issue><volume>v. 9</volume><person-group><name><surname>MATUMOTO</surname><given-names>Silvia</given-names></name><name><surname>MATUMOTO</surname><given-names>Silvia</given-names></name></person-group></element-citation></ref><ref id="B16"><element-citation publication-type="book"><source>Tecnologia e organização so cial d as p ráticas d e saúde</source><date><year>1994</year></date><person-group><name><surname>MENDES-GONÇALVES</surname><given-names>Ricardo B</given-names></name><name><surname>MENDES-GONÇALVES</surname><given-names>Ricardo B</given-names></name></person-group></element-citation></ref><ref id="B17"><element-citation publication-type="book"><source>O desafio do conhecimento: pesquisa qualitativa em saúde</source><date><year>2008</year></date><person-group><name><surname>MINAYO</surname><given-names>Maria C. S.</given-names></name><name><surname>MINAYO</surname><given-names>Maria C. S.</given-names></name></person-group></element-citation></ref><ref id="B18"><element-citation publication-type="article"><article-title>Meeting the complex needs of the health care team: identification o f n urse-team communication practices perceived to en hance patient outcomes</article-title><source>Qualitative Health Research</source><date><year>2010</year></date><fpage>p. 15</fpage><lpage>p. 28</lpage><issue>n. 1</issue><volume>v.20</volume><person-group><name><surname>PROPP</surname><given-names>Kathleen M</given-names></name><name><surname>PROPP</surname><given-names>Kathleen M</given-names></name></person-group></element-citation></ref><ref id="B19"><element-citation publication-type="article"><article-title>Fundamentos p ara processos gerenciais na prática d o cuidado</article-title><source>Revista da Escola de Enfermagem da USP</source><date><year>2005</year></date><fpage>p. 460</fpage><lpage>p. 468</lpage><issue>n. 4</issue><volume>v. 39</volume><person-group><name><surname>ROSSI</surname><given-names>Flavia R.</given-names></name><name><surname>SILVA</surname><given-names>Maria A. D.</given-names></name><name><surname>ROSSI</surname><given-names>Flavia R.</given-names></name><name><surname>SILVA</surname><given-names>Maria A. D.</given-names></name></person-group></element-citation></ref><ref id="B20"><element-citation publication-type="article"><article-title>O processo de trabalho na recepção de u ma unidade básica d e saúde: ótica do trabalhador</article-title><source>Revista Gaúcha de Enfermagem</source><date><year>2009</year></date><fpage>p. 461</fpage><lpage>p. 467</lpage><issue>n. 3</issue><volume>v. 30</volume><person-group><name><surname>SÁ</surname><given-names>Elisete T</given-names></name><name><surname>SÁ</surname><given-names>Elisete T</given-names></name></person-group></element-citation></ref><ref id="B21"><element-citation publication-type="article"><article-title>Micropolítica do trabalho vivo em ato, ergologia e educação popular: proposição de um dispositivo de formação de trabalhadores da saúde</article-title><source>Trabalho, Educação e Saúde</source><date><year>2011</year></date><volume>v. 9</volume><person-group><name><surname>SANT'ANNA</surname><given-names>Suze R.</given-names></name><name><surname>HENNINGTON</surname><given-names>Élida A.</given-names></name><name><surname>SANT'ANNA</surname><given-names>Suze R.</given-names></name><name><surname>HENNINGTON</surname><given-names>Élida A.</given-names></name></person-group><ext-link>www.scielo.br/pdf/tes/v9s1/11.pdf</ext-link></element-citation></ref><ref id="B22"><element-citation publication-type="article"><article-title>Novo olhar, novo feixe de luz, nova dimensão: eis a supervisão social</article-title><source>Revista Baiana de Enfermagem</source><date><year>2002</year></date><fpage>p. 97</fpage><lpage>p.107</lpage><issue>n.1-2</issue><volume>v. 15</volume><person-group><name><surname>SERVO</surname><given-names>Maria L. S.</given-names></name><name><surname>SERVO</surname><given-names>Maria L. S.</given-names></name></person-group></element-citation></ref><ref id="B23"><element-citation publication-type="book"><source>Supervisão em enfermagem: análise crítica das publicações no Brasil dos anos 30 à década de 80</source><date><year>1991</year></date><person-group><name><surname>SILVA</surname><given-names>Eliete M</given-names></name><name><surname>SILVA</surname><given-names>Eliete M</given-names></name></person-group></element-citation></ref><ref id="B24"><element-citation publication-type="book"><source>Supervisão do trabalho de enfermagem em saúde pública no nível local</source><date><year>1997</year></date><person-group><name><surname>SILVA</surname><given-names>Eliete M.</given-names></name><name><surname>SILVA</surname><given-names>Eliete M.</given-names></name></person-group></element-citation></ref><ref id="B25"><element-citation publication-type="book"><source>Supervisão, tecnologias e trabalho: tecendo relações e práticas</source><date><year>2007</year></date><person-group><name><surname>SILVA</surname><given-names>Eliete M</given-names></name><name><surname>SILVA</surname><given-names>Eliete M</given-names></name></person-group></element-citation></ref><ref id="B26"><element-citation publication-type="article"><article-title>Finalidade das estratégias de supervisão utilizadas em ensino clínico de enfermagem</article-title><source>Texto &amp; Contexto Enfermagem</source><date><year>2007</year></date><fpage>p. 599</fpage><lpage>p. 608</lpage><issue>n. 4</issue><volume>v. 16</volume><person-group><name><surname>SIMÕES</surname><given-names>João F. F. L.</given-names></name><name><surname>GARRIDO</surname><given-names>Antonio F. S.</given-names></name><name><surname>SIMÕES</surname><given-names>João F. F. L.</given-names></name><name><surname>GARRIDO</surname><given-names>Antonio F. S.</given-names></name></person-group></element-citation></ref><ref id="B27"><element-citation publication-type="article"><article-title>Acolhimento no sistema municipal de saúde</article-title><source>Revista B rasileira de Saúde Materno-Infantil</source><date><year>2005</year></date><fpage>p. 493</fpage><lpage>p. 503</lpage><issue>n. 4</issue><volume>v. 5</volume><person-group><name><surname>SOLLA</surname><given-names>Jorge S. P.</given-names></name><name><surname>SOLLA</surname><given-names>Jorge S. P.</given-names></name></person-group></element-citation></ref><ref id="B28"><element-citation publication-type="article"><article-title>Acolhimento e transformações no processo de trabalho de enfermagem em unidades básicas de saúde de Campinas, São Paulo, Brasil</article-title><source>Cadernos de Saúde Pública</source><date><year>2007</year></date><fpage>p. 331</fpage><lpage>p. 340</lpage><issue>n. 2</issue><volume>v. 23</volume><person-group><name><surname>TAKEMOTO</surname><given-names>Maira S. L.</given-names></name><name><surname>SILVA</surname><given-names>Eliete M.</given-names></name><name><surname>TAKEMOTO</surname><given-names>Maira S. L.</given-names></name><name><surname>SILVA</surname><given-names>Eliete M.</given-names></name></person-group></element-citation></ref><ref id="B29"><element-citation publication-type="book"><source>Construção da integralidade: cotidiano, saberes e práticas em saúde</source><date><year>2003</year></date><fpage>p. 89</fpage><lpage>p.111</lpage><person-group><name><surname>TEIXEIRA</surname><given-names>Ricardo R</given-names></name><name><surname>PI NHEIRO</surname><given-names>Ro seni</given-names></name><name><surname>MATTOS</surname><given-names>Ruben A.</given-names></name><name><surname>PI NHEIRO</surname><given-names>Ro seni</given-names></name><name><surname>MATTOS</surname><given-names>Ruben A.</given-names></name></person-group></element-citation></ref></ref-list></back></article></articles>