<articles xmlns:xsi="http://www.w3.org/2001/XMLSchema-instance" xsi:schemaLocation="https://raw.githubusercontent.com/scieloorg/articles_meta/master/tests/xsd/scielo_sci/ThomsonReuters_publishing.xsd" dtd-version="1.10"><article lang_id="pt" article-type="research-article"><front><journal-meta><journal-id journal-id-type="publisher">tes</journal-id><journal-title-group><journal-title>Trabalho, Educação e Saúde</journal-title><abbrev-journal-title>Trab. educ. saúde</abbrev-journal-title></journal-title-group><issn>1981-7746</issn><collection>SciELO Brazil</collection><publisher><publisher-name>Fundação Oswaldo Cruz, Escola Politécnica de Saúde Joaquim Venâncio</publisher-name></publisher></journal-meta><article-meta><unique-article-id pub-id-type="publisher-id">S1981-77462006000200014</unique-article-id><article-id pub-id-type="publisher-id">S1981-77462006000200014</article-id><article-id pub-id-type="doi">10.1590/S1981-77462006000200014</article-id><article-categories><subj-group><subject>EDUCATION &amp; EDUCATIONAL RESEARCH</subject><subject>PUBLIC, ENVIRONMENTAL &amp; OCCUPATIONAL HEALTH</subject></subj-group></article-categories><title-group><article-title lang_id="pt">Repensando a avaliação: perspectivas criativas para a educação profissional na área da saúde do trabalhador</article-title><trans-title-group lang_id="en"><trans-title>Rethinking the evaluation: creative perspectives for the professional education in the worker's health area</trans-title></trans-title-group></title-group><contrib-group><contrib contrib-type="author"><name><surname>Moreira</surname><given-names>Marilda</given-names></name><role>ND</role><xref ref-type="aff" rid="A01"/></contrib></contrib-group><aff id="A01"><institution>Fundação Oswaldo Cruz</institution><country>Brazil</country></aff><pub-date><month>09</month><year>2006</year></pub-date><volume>4</volume><issue>2</issue><fpage>441</fpage><lpage>456</lpage><permissions><license license-type="open-access" href="http://creativecommons.org/licenses/by-nc/4.0/"><license-p>This work is licensed under a Creative Commons Attribution-NonCommercial 4.0 International License.</license-p></license></permissions><self-uri href="http://www.scielo.br/scielo.php?script=sci_arttext&amp;pid=S1981-77462006000200014&amp;lng=en&amp;tlng=en" content-type="full_text_page"/><self-uri href="http://www.scielo.br/scielo.php?script=sci_issuetoc&amp;pid=1981-774620060002&amp;lng=en" content-type="issue_page"/><self-uri href="http://www.scielo.br/scielo.php?script=sci_serial&amp;pid=1981-7746&amp;lng=en" content-type="journal_page"/><abstract lang_id="pt"><p>Este trabalho propõe a discussão de formas alternativas às provas e aos testes na avaliação escolar. Sendo assim, foram apresentadas duas experiências realizadas com alunos do Curso Técnico de Vigilância Sanitária e Saúde Ambiental, da Escola Politécnica de Saúde Joaquim Venâncio, unidade da Fundação Oswaldo Cruz, que visavam à ruptura com o modelo tradicional de avaliação, marcado pela relação verticalizada entre professor e aluno no processo de ensino-aprendizagem. Argumenta-se que, dependendo da forma como é conduzida, a avaliação pode ser um instrumento autoritário, punitivo e estigmatizante e, nesse sentido, cabe aos profissionais da área de educação uma reflexão sobre seu posicionamento ideológico e político, a fim de perceberem se sua prática docente estaria contribuindo para a manutenção das desigualdades sociais.</p></abstract><trans-abstract lang_id="en"><p>This work proposes the discussion of alternative forms to the exams and the texts in school evaluation. Thus, two experiences were presented, performed with students from the Technical Course of Sanitary Vigilance and Environmental Health, the Joaquim Venâncio Polytechnic School of Health, Fundação Oswaldo Cruz unit, which sought to break with the traditional model of evaluation, marked by the verticalized relationship between teacher and pupil in the teaching-learning process. It is argued that, depending on the way it is conducted, the evaluation can be an authoritarian, punitive and stigmatizing instrument and, in this sense, it is up to the professionals from the education area a reflection on its ideological and political positioning, so as to perceive if its teaching practice would be contributing to the maintenance of social unequalness.</p></trans-abstract><kwd-group lang_id="en" kwd-group-type="author-generated"><kwd>evaluation</kwd><kwd>teaching-learning</kwd><kwd>professional education</kwd><kwd>worker's health</kwd></kwd-group><kwd-group lang_id="pt" kwd-group-type="author-generated"><kwd>avaliação</kwd><kwd>ensino-aprendizagem</kwd><kwd>educação profissional</kwd><kwd>saúde do trabalhador</kwd></kwd-group></article-meta></front><back><ref-list><ref id="B1"><element-citation publication-type="book"><source>A águia e a galinha: uma metáfora da condição humana</source><date><year>2002</year></date><person-group><name><surname>BOFF</surname><given-names>Leonardo</given-names></name><name><surname>BOFF</surname><given-names>Leonardo</given-names></name></person-group></element-citation></ref><ref id="B2"><element-citation publication-type="book"><source>Nossa diversidade criadora: relatório da comissão mundial de cultura e desenvolvimento</source><date><year>1997</year></date><person-group><name><surname>CUÉLLAR</surname><given-names>Javier P. de</given-names></name><name><surname>CUÉLLAR</surname><given-names>Javier P. de</given-names></name></person-group></element-citation></ref><ref id="B3"><element-citation publication-type="article"><article-title>Trabalho e saúde na indústria têxtil de amianto</article-title><source>São Paulo Perspectiva</source><fpage>13</fpage><lpage>22</lpage><issue>2</issue><volume>7</volume><person-group><name><surname>D'ACRI</surname><given-names>Vanda</given-names></name></person-group></element-citation></ref><ref id="B4"><element-citation publication-type="book"><source>Trabalho e conhecimento: dilemas na educação do trabalhador</source><fpage>13</fpage><lpage>26</lpage><person-group><name><surname>FRIGOTTO</surname><given-names>Gaudêncio</given-names></name><name><surname>GOMEZ</surname><given-names>Carlos M.</given-names></name><name><surname>GOMEZ</surname><given-names>Carlos M.</given-names></name></person-group></element-citation></ref><ref id="B5"><element-citation publication-type="book"><source>Mundo em descontrole</source><date><year>2000</year></date><person-group><name><surname>GIDDENS</surname><given-names>Anthony</given-names></name><name><surname>GIDDENS</surname><given-names>Anthony</given-names></name></person-group></element-citation></ref><ref id="B6"><element-citation publication-type="book"><source>O homem e seus símbolos</source><fpage>18103</fpage><person-group><name><surname>HENDERSON</surname><given-names>Joseph L.</given-names></name><name><surname>JUNG</surname><given-names>Carl. G.</given-names></name><name><surname>JUNG</surname><given-names>Carl. G.</given-names></name></person-group></element-citation></ref><ref id="B7"><element-citation publication-type="book"><source>O homem e seus símbolos</source><fpage>104</fpage><lpage>157</lpage><person-group><name><surname>HENDERSON</surname><given-names>Joseph L.</given-names></name></person-group></element-citation></ref><ref id="B8"><element-citation publication-type="book"><source>Ideologias e ciência social: elementos para uma análise marxista</source><date><year>1991</year></date><person-group><name><surname>LÖWY</surname><given-names>Michael</given-names></name><name><surname>LÖWY</surname><given-names>Michael</given-names></name></person-group></element-citation></ref><ref id="B9"><element-citation publication-type="book"><source>Avaliação da aprendizagem escolar</source><date><year>2003</year></date><person-group><name><surname>LUCKESI</surname><given-names>Cipriano Carlos</given-names></name><name><surname>LUCKESI</surname><given-names>Cipriano Carlos</given-names></name></person-group></element-citation></ref><ref id="B10"><element-citation publication-type="book"><source>Prova: um momento privilegiado de estudo, não um acerto de contas</source><date><year>2004</year></date><person-group><name><surname>MORETTO</surname><given-names>Vasco Pedro</given-names></name><name><surname>MORETTO</surname><given-names>Vasco Pedro</given-names></name></person-group></element-citation></ref><ref id="B11"><element-citation publication-type="book"><source>Cartografias da coragem: rotas em arte terapia</source><date><year>2001</year></date><person-group><name><surname>PHILIPPINI</surname><given-names>Angela</given-names></name><name><surname>PHILIPPINI</surname><given-names>Angela</given-names></name></person-group></element-citation></ref><ref id="B12"><element-citation publication-type="book"><source>Avaliação: concepção dialética-libertadora do processo de avaliação escolar</source><date><year>1998</year></date><person-group><name><surname>VASCONCELLOS</surname><given-names>Celso dos S.</given-names></name><name><surname>VASCONCELLOS</surname><given-names>Celso dos S.</given-names></name></person-group></element-citation></ref></ref-list></back></article></articles>