<articles xmlns:xsi="http://www.w3.org/2001/XMLSchema-instance" xsi:schemaLocation="https://raw.githubusercontent.com/scieloorg/articles_meta/master/tests/xsd/scielo_sci/ThomsonReuters_publishing.xsd" dtd-version="1.10"><article lang_id="pt" article-type="research-article"><front><journal-meta><journal-id journal-id-type="publisher">tes</journal-id><journal-title-group><journal-title>Trabalho, Educação e Saúde</journal-title><abbrev-journal-title>Trab. educ. saúde</abbrev-journal-title></journal-title-group><issn>1981-7746</issn><collection>SciELO Brazil</collection><publisher><publisher-name>Fundação Oswaldo Cruz, Escola Politécnica de Saúde Joaquim Venâncio</publisher-name></publisher></journal-meta><article-meta><unique-article-id pub-id-type="publisher-id">S1981-77462013000100002</unique-article-id><article-id pub-id-type="publisher-id">S1981-77462013000100002</article-id><article-id pub-id-type="doi">10.1590/S1981-77462013000100002</article-id><article-categories><subj-group><subject>EDUCATION &amp; EDUCATIONAL RESEARCH</subject><subject>PUBLIC, ENVIRONMENTAL &amp; OCCUPATIONAL HEALTH</subject></subj-group></article-categories><title-group><article-title lang_id="pt">"Alarme de incêndio": Michael Löwy e a crítica ecossocialista da civilização capitalista moderna</article-title><trans-title-group lang_id="en"><trans-title>"Fire alarm": Michael Löwy and the ecosocialist critique of the modern capitalist civilization</trans-title></trans-title-group></title-group><contrib-group><contrib contrib-type="author"><name><surname>Querido</surname><given-names>Fabio Mascaro</given-names></name><role>ND</role></contrib></contrib-group><pub-date><month>04</month><year>2013</year></pub-date><volume>11</volume><issue>1</issue><fpage>11</fpage><lpage>26</lpage><permissions><license license-type="open-access" href="http://creativecommons.org/licenses/by-nc/4.0/"><license-p>This work is licensed under a Creative Commons Attribution-NonCommercial 4.0 International License.</license-p></license></permissions><self-uri href="http://www.scielo.br/scielo.php?script=sci_arttext&amp;pid=S1981-77462013000100002&amp;lng=en&amp;tlng=en" content-type="full_text_page"/><self-uri href="http://www.scielo.br/scielo.php?script=sci_issuetoc&amp;pid=1981-774620130001&amp;lng=en" content-type="issue_page"/><self-uri href="http://www.scielo.br/scielo.php?script=sci_serial&amp;pid=1981-7746&amp;lng=en" content-type="journal_page"/><abstract lang_id="pt"><p>A emergência da crise ecológica, como sintoma mais nítido de uma verdadeira crise civilizató-ria, impôs novos desafios ao pensamento crítico e, em especial, ao marxismo. Partindo desse pressuposto, o objetivo deste artigo é apresentar a defesa de Michael Löwy de uma radicalização ecossocialista da crítica marxista da modernidade, tarefa para a qual a grande recusa de Walter Benjamin das ideologias do pro- gresso é uma das fontes decisivas de inspiração. Para Michael Löwy, a ruptura com as ideologias do progresso e com o paradigma civilizatório capitalista moderno é uma condição indispensável para a atua-lização ecossocialista do marxismo.</p></abstract><trans-abstract lang_id="en"><p>The emergence of the ecological crisis as a clearer symptom of a true civilizatory crisis has imposed new challenges to critical thought and, in particular, to Marxism. Based on this assumption, this article aims to present Michael Löwy's defense of an ecosocialist radicalization of the Marxist critique of modernity, a task for which Walter Benjamin's great refusal of the ideologies of progress is one of the critical sources of inspiration. To Michael Löwy, breaking away from the ideologies of progress and from the modern capitalistic civilizatory paradigm is a prerequisite for the ecosocialist updating of Marxism.</p></trans-abstract><kwd-group lang_id="en" kwd-group-type="author-generated"><kwd>Michael Löwy</kwd><kwd>ecosocialism</kwd><kwd>critical of progress</kwd><kwd>critique of modernity</kwd></kwd-group><kwd-group lang_id="pt" kwd-group-type="author-generated"><kwd>Michael Löwy</kwd><kwd>ecossocialismo</kwd><kwd>crítico do progresso</kwd><kwd>crítica da modernidade</kwd></kwd-group></article-meta></front><back><ref-list><ref id="B1"><element-citation publication-type="book"><source>Oeuvres</source><date><year>2000</year></date><fpage>170</fpage><lpage>225</lpage><volume>3</volume><person-group><name><surname>BENJAMIN</surname><given-names>Walter.</given-names></name></person-group></element-citation></ref><ref id="B2"><element-citation publication-type="book"><source>Passagens</source><date><year>2006</year></date><person-group><name><surname>BENJAMIN</surname><given-names>Walter.</given-names></name></person-group></element-citation></ref><ref id="B3"><element-citation publication-type="book"><source>Rua de mão única</source><date><year>1995</year></date><person-group><name><surname>BENJAMIN</surname><given-names>Walter.</given-names></name></person-group></element-citation></ref><ref id="B4"><element-citation publication-type="book"><source>Magia e técnica, arte e política</source><date><year>1994</year></date><fpage>222</fpage><lpage>234</lpage><person-group><name><surname>BENJAMIN</surname><given-names>Walter.</given-names></name></person-group></element-citation></ref><ref id="B5"><element-citation publication-type="book"><source>Marx intempestivo: grandezas e misérias de uma aventura crítica</source><date><year>1999</year></date><person-group><name><surname>BENSAÏD</surname><given-names>Daniel</given-names></name><name><surname>BENSAÏD</surname><given-names>Daniel</given-names></name></person-group></element-citation></ref><ref id="B6"><element-citation publication-type="article"><article-title>Entrevista com Michael Löwy</article-title><source>Margem Esquerda</source><date><year>2004</year></date><fpage>9</fpage><lpage>21</lpage><issue>4</issue><person-group><name><surname>JINKINGS</surname><given-names>Ivana</given-names></name><name><surname>SADER</surname><given-names>Emir</given-names></name></person-group></element-citation></ref><ref id="B7"><element-citation publication-type="book"><source>El enemigo de la naturaleza: ¿el fin del capitalismo o el fin del mundo?</source><date><year>2005</year></date><person-group><name><surname>KOVEL</surname><given-names>Joel</given-names></name><name><surname>KOVEL</surname><given-names>Joel</given-names></name></person-group></element-citation></ref><ref id="B8"><element-citation publication-type="book"><source>Capital contre nature</source><date><year>2003</year></date><fpage>149</fpage><lpage>154</lpage><person-group><name><surname>KOVEL</surname><given-names>Joel</given-names></name><name><surname>LÖWY</surname><given-names>Michael</given-names></name><name><surname>HARRIBEY</surname><given-names>Jean-Marie</given-names></name><name><surname>LÖWY</surname><given-names>Michael</given-names></name><name><surname>HARRIBEY</surname><given-names>Jean-Marie</given-names></name></person-group></element-citation></ref><ref id="B9"><element-citation publication-type="article"><article-title>A ecologia política e o futuro do marxismo</article-title><source>Ambiente e Sociedade</source><date><year>2003</year></date><fpage>9</fpage><lpage>22</lpage><issue>2</issue><volume>5</volume><person-group><name><surname>LIPIETZ</surname><given-names>Alain</given-names></name></person-group></element-citation></ref><ref id="B10"><element-citation publication-type="book"><source>Capital contre nature</source><date><year>2003</year></date><fpage>155</fpage><lpage>164</lpage><person-group><name><surname>LOUREIRO</surname><given-names>Isabel</given-names></name><name><surname>LÖWY</surname><given-names>Michael</given-names></name><name><surname>HARRIBEY</surname><given-names>Jean-Marie</given-names></name><name><surname>LÖWY</surname><given-names>Michael</given-names></name><name><surname>HARRIBEY</surname><given-names>Jean-Marie</given-names></name></person-group></element-citation></ref><ref id="B11"><element-citation publication-type="book"><source>Ecologia e socialismo</source><date><year>2005</year></date><person-group><name><surname>LÖWY</surname><given-names>Michael</given-names></name><name><surname>LÖWY</surname><given-names>Michael</given-names></name></person-group></element-citation></ref><ref id="B12"><element-citation publication-type="article"><article-title>Ecossocialismo e planejamento democrático</article-title><source>Crítica Marxista</source><date><year>2009</year></date><fpage>35</fpage><lpage>50</lpage><issue>28</issue><person-group><name><surname>LÖWY</surname><given-names>Michael</given-names></name></person-group></element-citation></ref><ref id="B13"><element-citation publication-type="book"><source>Marxismo, modernidade e utopia</source><date><year>2000</year></date><fpage>248</fpage><lpage>256</lpage><person-group><name><surname>LÖWY</surname><given-names>Michael</given-names></name><name><surname>BENSAÏD</surname><given-names>Daniel</given-names></name><name><surname>LÖWY</surname><given-names>Michael</given-names></name><name><surname>BENSAÏD</surname><given-names>Daniel</given-names></name><name><surname>LÖWY</surname><given-names>Michael</given-names></name></person-group></element-citation></ref><ref id="B14"><element-citation publication-type="book"><source>Marxismo, modernidade e utopia</source><date><year>2000</year></date><fpage>58</fpage><lpage>67</lpage><person-group><name><surname>LÖWY</surname><given-names>Michael</given-names></name><name><surname>BENSAÏD</surname><given-names>Daniel</given-names></name><name><surname>LÖWY</surname><given-names>Michael</given-names></name><name><surname>BENSAÏD</surname><given-names>Daniel</given-names></name><name><surname>LÖWY</surname><given-names>Michael</given-names></name></person-group></element-citation></ref><ref id="B15"><element-citation publication-type="book"><source>Capital contre nature</source><date><year>2003</year></date><fpage>11</fpage><lpage>22</lpage><person-group><name><surname>LÖWY</surname><given-names>Michael</given-names></name><name><surname>LÖWY</surname><given-names>Michael</given-names></name><name><surname>HARRIBEY</surname><given-names>Jean-Marie</given-names></name><name><surname>LÖWY</surname><given-names>Michael</given-names></name><name><surname>HARRIBEY</surname><given-names>Jean-Marie</given-names></name></person-group></element-citation></ref><ref id="B16"><element-citation publication-type="book"><source>Romantisme et critique de la civilisation</source><date><year>2010</year></date><person-group><name><surname>LÖWY</surname><given-names>Michael</given-names></name><name><surname>BENJAMIN</surname><given-names>Walter</given-names></name><name><surname>BENJAMIN</surname><given-names>Walter</given-names></name></person-group><ext-link>www. europe-solidaire.org/spip.php?article17974</ext-link></element-citation></ref><ref id="B17"><element-citation publication-type="book"><source>Capital contre nature</source><date><year>2003</year></date><fpage>5</fpage><lpage>8</lpage><person-group><name><surname>LÖWY</surname><given-names>Michael</given-names></name></person-group></element-citation></ref><ref id="B18"><element-citation publication-type="book"><source>História e consciência de classe</source><date><year>2003</year></date><person-group><name><surname>LUKÁCS</surname><given-names>Georg</given-names></name><name><surname>LUKÁCS</surname><given-names>Georg</given-names></name></person-group></element-citation></ref><ref id="B19"><element-citation publication-type="book"><source>Materialismo histórico e existência</source><date><year>1968</year></date><fpage>103</fpage><lpage>159</lpage><person-group><name><surname>LUKÁCS</surname><given-names>Georg</given-names></name></person-group></element-citation></ref><ref id="B20"><element-citation publication-type="book"><source>Manuscritos econômico-filosóficos</source><date><year>2004</year></date><person-group><name><surname>MARX</surname><given-names>Karl</given-names></name><name><surname>MARX</surname><given-names>Karl</given-names></name></person-group></element-citation></ref><ref id="B21"><element-citation publication-type="book"><source>Miséria da Filosofia</source><date><year>2001</year></date><person-group><name><surname>MARX</surname><given-names>Karl</given-names></name></person-group></element-citation></ref><ref id="B22"><element-citation publication-type="article"><article-title>As utopias indisciplinadas de um marxismo para o século XXI: o marxismo como crítica da modernidade</article-title><source>Entrevista com Michael Löwy</source><date><year>2009</year></date><fpage>179</fpage><lpage>185</lpage><volume>21-22</volume><person-group><name><surname>QUERIDO</surname><given-names>Fabio Mascaro</given-names></name></person-group></element-citation></ref><ref id="B23"><element-citation publication-type="article"><article-title>Revolución y (crítica del) progreso: la actualidad ecosocialista de Walter Benjamin</article-title><source>Herramienta</source><date><month>03</month><year>2010</year></date><fpage>47</fpage><lpage>58</lpage><issue>43</issue><person-group><name><surname>QUERIDO</surname><given-names>Fabio Mascaro</given-names></name></person-group></element-citation></ref><ref id="B24"><element-citation publication-type="book"><source>Capital contre nature</source><date><year>2003</year></date><fpage>203</fpage><lpage>214</lpage><person-group><name><surname>ROUSSET</surname><given-names>Pierre</given-names></name><name><surname>LÖWY</surname><given-names>Michael</given-names></name><name><surname>HARRIBEY</surname><given-names>Jean-Marie</given-names></name><name><surname>LÖWY</surname><given-names>Michael</given-names></name><name><surname>HARRIBEY</surname><given-names>Jean-Marie</given-names></name></person-group></element-citation></ref><ref id="B25"><element-citation publication-type="book"><source>El caos planetario. Ensayos marxistas sobre la miseria de la mundialización capitalista</source><date><year>1999</year></date><person-group><name><surname>VEGA CANTOR</surname><given-names>Renan</given-names></name><name><surname>VEGA CANTOR</surname><given-names>Renan</given-names></name></person-group></element-citation></ref><ref id="B26"><element-citation publication-type="book"><source>Capitalismo histórico e civilização capitalista</source><date><year>2001</year></date><person-group><name><surname>WALLERSTEIN</surname><given-names>Immanuel</given-names></name><name><surname>WALLERSTEIN</surname><given-names>Immanuel</given-names></name></person-group></element-citation></ref><ref id="B27"><element-citation publication-type="book"><source>Capital contre nature</source><date><year>2003</year></date><fpage>191</fpage><lpage>202</lpage><person-group><name><surname>WOLF</surname><given-names>Frider Otto</given-names></name><name><surname>LÖWY</surname><given-names>Michael</given-names></name><name><surname>HARRIBEY</surname><given-names>Jean-Marie</given-names></name><name><surname>LÖWY</surname><given-names>Michael</given-names></name><name><surname>HARRIBEY</surname><given-names>Jean-Marie</given-names></name></person-group></element-citation></ref></ref-list></back></article></articles>