<articles xmlns:xsi="http://www.w3.org/2001/XMLSchema-instance" xsi:schemaLocation="https://raw.githubusercontent.com/scieloorg/articles_meta/master/tests/xsd/scielo_sci/ThomsonReuters_publishing.xsd" dtd-version="1.10"><article lang_id="es" article-type="research-article"><front><journal-meta><journal-id journal-id-type="publisher">tes</journal-id><journal-title-group><journal-title>Trabalho, Educação e Saúde</journal-title><abbrev-journal-title>Trab. educ. saúde</abbrev-journal-title></journal-title-group><issn>1981-7746</issn><collection>SciELO Brazil</collection><publisher><publisher-name>Fundação Oswaldo Cruz, Escola Politécnica de Saúde Joaquim Venâncio</publisher-name></publisher></journal-meta><article-meta><unique-article-id pub-id-type="publisher-id">S1981-77462009000300008</unique-article-id><article-id pub-id-type="publisher-id">S1981-77462009000300008</article-id><article-id pub-id-type="doi">10.1590/S1981-77462009000300008</article-id><article-categories><subj-group><subject>EDUCATION &amp; EDUCATIONAL RESEARCH</subject><subject>PUBLIC, ENVIRONMENTAL &amp; OCCUPATIONAL HEALTH</subject></subj-group></article-categories><title-group><article-title lang_id="es">Relaciones intergubernamentales y política sanitaria en argentina en el contexto de la crisis 2001/3</article-title><trans-title-group lang_id="en"><trans-title>Intergovernmental relations and sanitation policy in Argentina during the 2001-3 crisis</trans-title></trans-title-group></title-group><contrib-group><contrib contrib-type="author"><name><surname>Chiara</surname><given-names>Magdalena</given-names></name><role>ND</role><xref ref-type="aff" rid="A01"/></contrib></contrib-group><aff id="A01"><institution>Universidad Nacional de General Sarmiento</institution><country>Argentina</country></aff><pub-date><month>11</month><year>2009</year></pub-date><volume>7</volume><issue>3</issue><fpage>529</fpage><lpage>548</lpage><permissions><license license-type="open-access" href="http://creativecommons.org/licenses/by-nc/4.0/"><license-p>This work is licensed under a Creative Commons Attribution-NonCommercial 4.0 International License.</license-p></license></permissions><self-uri href="http://www.scielo.br/scielo.php?script=sci_arttext&amp;pid=S1981-77462009000300008&amp;lng=en&amp;tlng=en" content-type="full_text_page"/><self-uri href="http://www.scielo.br/scielo.php?script=sci_issuetoc&amp;pid=1981-774620090003&amp;lng=en" content-type="issue_page"/><self-uri href="http://www.scielo.br/scielo.php?script=sci_serial&amp;pid=1981-7746&amp;lng=en" content-type="journal_page"/><abstract lang_id="es"><p>El trabajo analiza los efectos de la crisis argentina 2001/3, concebida como resultado de un conjunto de 'insuficiencias acumuladas' que se engarzan entre la economía y la política, en la política sanitaria. A diferencia de lo que sucedía en otros sectores, su expresión en el campo de la salud aparece más vinculada a las demandas de los responsables por la gestión de los servicios que a la acción colectiva. La particularidad de tratarse de una agenda 'mediatizada' por distintos actores responsables del gobierno y la gestión del sector exige poner el foco en la trama de las relaciones intergubernamentales resultante de la organización institucional argentina. Este trabajo busca comprender cómo el desafío de la recomposición de la legitimidad estatal frente a la crisis afectó el posicionamiento de los actores gubernamentales en la matriz institucional a partir de la cual se procesa la cuestión sanitaria en Argentina, desde la reconstrucción de las dinámicas y lógicas que convivieron en uno de sus espacios de coordinación intergubernamental: El Consejo Federal de Salud (Cofesa). Desde esta perspectiva y focalizando el análisis en un ejemplo paradigmático como fue el financiamiento de los medicamentos, el Cofesa fue caja de resonancia de estos procesos, conviviendo allí distintas lógicas, algunas generales y otras particulares, del sector salud.</p></abstract><trans-abstract lang_id="en"><p>The present work analyzes the effects of the 2001-3 crisis in Argentina - considered as a result of a set "accumulated insufficiencies" that got entangled in between economy and politics - in the country's sanitation policy. Differently from what was occurring in other sectors, the expression of the crisis in the health sector was more linked to the demands of people responsible for health services management than to collective actions. Both the peculiarity of being an agenda "mediatized" by distinct governmental actors and the health sector management demand focusing on the intergovernmental relations plot resulting from Argentina's institutional organization. The present work aims at understanding how the challenge of rebuilding State legitimacy during the crisis affected the governmental actors position within the institutional framework where Argentina's sanitation issues are dealt with, beginning with the reconstruction of dynamic and logical processes that coexisted in one intergovernmental coordination area: the Federal Health Council (Cofesa, in Spanish). From such perspective and focusing the analysis on a paradigmatic example such as financing of drugs, Cofesa became a touchstone of such processes, where distinct logics of the health sector, some general and some particular, coexist.</p></trans-abstract><kwd-group lang_id="es" kwd-group-type="author-generated"><kwd>Política sanitaria</kwd><kwd>relaciones intergubernamentales</kwd><kwd>federalismo</kwd></kwd-group><kwd-group lang_id="en" kwd-group-type="author-generated"><kwd>sanitation policies</kwd><kwd>intergovernmental relations</kwd><kwd>federalism</kwd></kwd-group></article-meta></front><back><ref-list><ref id="B1"><element-citation publication-type="book"><source>Problemas de política social en la Argentina contemporánea</source><date><year>2006</year></date><fpage>181212</fpage><person-group><name><surname>ANDRENACCI</surname><given-names>Luciano</given-names></name><name><surname>ANDRENACCI</surname><given-names>Luciano</given-names></name><name><surname>ANDRENACCI</surname><given-names>Luciano</given-names></name></person-group></element-citation></ref><ref id="B2"><element-citation publication-type="book"><source>Gestión Local en Salud: conceptos y experiencias</source><date><year>2008</year></date><fpage>129141</fpage><person-group><name><surname>BELMARTINO</surname><given-names>Susana</given-names></name><name><surname>CHIARA</surname><given-names>Magdalena</given-names></name><name><surname>CHIARA</surname><given-names>Magdalena</given-names></name></person-group></element-citation></ref><ref id="B3"><element-citation publication-type="book"><source>Poder y hegemonía: El régimen político después de la crisis</source><date><year>2006</year></date><person-group><name><surname>BOTANA</surname><given-names>Natalio</given-names></name><name><surname>BOTANA</surname><given-names>Natalio</given-names></name></person-group></element-citation></ref><ref id="B4"><element-citation publication-type="article"><article-title>Las relaciones entre niveles de gobierno en Argentina</article-title><source>Revista de la Cepal</source><date><month>12</month><year>2004</year></date><fpage>117134</fpage><volume>84</volume><person-group><name><surname>CETRÁNGOLO</surname><given-names>Oscar</given-names></name><name><surname>JIMÉNEZ</surname><given-names>Juan Pablo</given-names></name></person-group></element-citation></ref><ref id="B5"><element-citation publication-type="conference"><date><year>2007</year></date><person-group><name><surname>CHIARA</surname><given-names>Magdalena</given-names></name><name><surname>JIMÉNEZ</surname><given-names>Carlos</given-names></name></person-group></element-citation></ref><ref id="B6"><element-citation publication-type="book"><source>Experiencias de gestión pública en salud</source><date><year>2008</year></date></element-citation></ref><ref id="B7"><element-citation publication-type="book"><source>Memoria de la crisis (II)</source><date><year>2006</year></date><person-group><name><surname>CLEMENTE</surname><given-names>Adriana</given-names></name><name><surname>GIROLAMI</surname><given-names>Mónica</given-names></name><name><surname>CLEMENTE</surname><given-names>Adriana</given-names></name><name><surname>GIROLAMI</surname><given-names>Mónica</given-names></name></person-group></element-citation></ref><ref id="B8"><element-citation publication-type="book"><source>Competencias de Salud Provinciales</source><date><year>2009</year></date><person-group><name><surname>DE MARCO</surname><given-names>Magdalena</given-names></name><name><surname>DE MARCO</surname><given-names>Magdalena</given-names></name></person-group></element-citation></ref><ref id="B9"><element-citation publication-type="article"><article-title>Crisis y recomposición de la respuesta estatal a la acción colectiva desafiante en la Argentina 19892004</article-title><source>Revista Argentina de Sociología</source><date><year>2006</year></date><fpage>88128</fpage><issue>6</issue><volume>4</volume><person-group><name><surname>GOMEZ</surname><given-names>Marcelo</given-names></name></person-group></element-citation></ref><ref id="B10"><element-citation publication-type="book"><source>Decentralization and Democratic Governance in Latin America</source><date><year>2004</year></date><fpage>67100</fpage><person-group><name><surname>FALETTI</surname><given-names>Tulia</given-names></name><name><surname>TULCHIN</surname><given-names>Joseph</given-names></name><name><surname>SELEE</surname><given-names>Andrew</given-names></name><name><surname>TULCHIN</surname><given-names>Joseph</given-names></name><name><surname>SELEE</surname><given-names>Andrew</given-names></name></person-group></element-citation></ref><ref id="B11"><element-citation publication-type="article"><article-title>El impacto de la crisis argentina en el bienestar de los hogares</article-title><source>Revista de la Cepal</source><date><month>04</month><year>2003</year></date><issue>79</issue><person-group><name><surname>FISZBEIN</surname><given-names>Ariel</given-names></name><name><surname>GIOVAGNOLI</surname><given-names>Paula</given-names></name><name><surname>ADÚRIZ</surname><given-names>Isidro</given-names></name></person-group></element-citation></ref><ref id="B12"><element-citation publication-type="book"><source>Indes/ BID: Serie Documentos de Trabajo I22UE</source><date><year>2001</year></date><person-group><name><surname>JORDANA</surname><given-names>Jacint</given-names></name></person-group><ext-link>www.indes.iadb.org</ext-link></element-citation></ref><ref id="B13"><element-citation publication-type="book"><source>Política y Políticas Públicas: Serie Políticas Sociales</source><date><year>2004</year></date><person-group><name><surname>LAHERA</surname><given-names>Eugenio</given-names></name><name><surname>LAHERA</surname><given-names>Eugenio</given-names></name></person-group></element-citation></ref><ref id="B14"><element-citation publication-type="book"><source>Política Nacional de Medicamentos: Programa Remediar</source><ext-link>www.msal.gov.ar/htm/site/Genericos/site2/medidas.asp#2</ext-link></element-citation></ref><ref id="B15"><element-citation publication-type="article"><article-title>Continuidades y discontinuidades tras el derrumbe político</article-title><source>Revista Saap</source><date><year>2004</year></date><fpage>341376</fpage><issue>2</issue><volume>1</volume><person-group><name><surname>NOVARO</surname><given-names>Marcos</given-names></name></person-group></element-citation></ref><ref id="B16"><element-citation publication-type="thesis"><source>Coordinación intergubernamental en políticas sociales: el funcionamiento de los Consejos Federales de Educación y Salud en la elaboración de políticas sectoriales (19902004)</source><date><year>2004</year></date><person-group><name><surname>POTENZA</surname><given-names>Fernanda</given-names></name><name><surname>POTENZA</surname><given-names>Fernanda</given-names></name></person-group></element-citation></ref><ref id="B17"><element-citation publication-type="book"><source>La construcción del federalismo argentino: perspectivas comparadas</source><date><year>2004</year></date></element-citation></ref><ref id="B18"><element-citation publication-type="conference"><date><year>2003</year></date><person-group><name><surname>ROCA</surname><given-names>Emilia</given-names></name></person-group></element-citation></ref><ref id="B19"><element-citation publication-type="book"><source>El Consejo Federal de Salud (CO.FE.SA): Actor clave en la construcción de un federalismo sanitario efectivo</source><date><year>2003</year></date><person-group><name><surname>RODRIGÁÑEZ RICCHIERI</surname><given-names>Patricia</given-names></name><name><surname>TOBAR</surname><given-names>Federico</given-names></name><name><surname>RODRIGÁÑEZ RICCHIERI</surname><given-names>Patricia</given-names></name><name><surname>TOBAR</surname><given-names>Federico</given-names></name></person-group></element-citation></ref></ref-list></back></article></articles>