<articles xmlns:xsi="http://www.w3.org/2001/XMLSchema-instance" xsi:schemaLocation="https://raw.githubusercontent.com/scieloorg/articles_meta/master/tests/xsd/scielo_sci/ThomsonReuters_publishing.xsd" dtd-version="1.10"><article lang_id="pt" article-type="research-article"><front><journal-meta><journal-id journal-id-type="publisher">tes</journal-id><journal-title-group><journal-title>Trabalho, Educação e Saúde</journal-title><abbrev-journal-title>Trab. educ. saúde</abbrev-journal-title></journal-title-group><issn>1981-7746</issn><collection>SciELO Brazil</collection><publisher><publisher-name>Fundação Oswaldo Cruz, Escola Politécnica de Saúde Joaquim Venâncio</publisher-name></publisher></journal-meta><article-meta><unique-article-id pub-id-type="publisher-id">S1981-77462014000200015</unique-article-id><article-id pub-id-type="publisher-id">S1981-77462014000200015</article-id><article-id pub-id-type="doi">10.1590/S1981-77462014000200015</article-id><article-categories><subj-group><subject>EDUCATION &amp; EDUCATIONAL RESEARCH</subject><subject>PUBLIC, ENVIRONMENTAL &amp; OCCUPATIONAL HEALTH</subject></subj-group></article-categories><title-group><article-title lang_id="pt">Democracia, federalismo e centralização no Brasil</article-title></title-group><contrib-group><contrib contrib-type="author"><name><surname>Lobo Neto</surname><given-names>Francisco José da Silveira</given-names></name><role>ND</role><xref ref-type="aff" rid="A01"/></contrib></contrib-group><aff id="A01"><institution>Fundação Oswaldo Cruz</institution><country>Brazil</country></aff><pub-date><month>08</month><year>2014</year></pub-date><volume>12</volume><issue>2</issue><fpage>459</fpage><lpage>462</lpage><permissions><license license-type="open-access" href="http://creativecommons.org/licenses/by-nc/4.0/"><license-p>This work is licensed under a Creative Commons Attribution-NonCommercial 4.0 International License.</license-p></license></permissions><self-uri href="http://www.scielo.br/scielo.php?script=sci_arttext&amp;pid=S1981-77462014000200015&amp;lng=en&amp;tlng=en" content-type="full_text_page"/><self-uri href="http://www.scielo.br/scielo.php?script=sci_issuetoc&amp;pid=1981-774620140002&amp;lng=en" content-type="issue_page"/><self-uri href="http://www.scielo.br/scielo.php?script=sci_serial&amp;pid=1981-7746&amp;lng=en" content-type="journal_page"/></article-meta></front><back><ref-list><ref id="B1"><element-citation publication-type="article"><article-title>Federalismo e democracia no Brasil: a visão da ciência política norteamericana</article-title><source>São Paulo em Perspectiva</source><date><year>2001</year></date><fpage>23</fpage><lpage>31</lpage><issue>n. 4</issue><volume>v. 14</volume><person-group><name><surname>ARRETCHE</surname><given-names>Marta</given-names></name></person-group><ext-link>www.scielo.br/pdf/spp/v15n4/10369.pdf</ext-link></element-citation></ref></ref-list></back></article></articles>