<articles xmlns:xsi="http://www.w3.org/2001/XMLSchema-instance" xsi:schemaLocation="https://raw.githubusercontent.com/scieloorg/articles_meta/master/tests/xsd/scielo_sci/ThomsonReuters_publishing.xsd" dtd-version="1.10"><article lang_id="pt" article-type="research-article"><front><journal-meta><journal-id journal-id-type="publisher">tes</journal-id><journal-title-group><journal-title>Trabalho, Educação e Saúde</journal-title><abbrev-journal-title>Trab. educ. saúde</abbrev-journal-title></journal-title-group><issn>1981-7746</issn><collection>SciELO Brazil</collection><publisher><publisher-name>Fundação Oswaldo Cruz, Escola Politécnica de Saúde Joaquim Venâncio</publisher-name></publisher></journal-meta><article-meta><unique-article-id pub-id-type="publisher-id">S1981-77462015000200493</unique-article-id><article-id pub-id-type="publisher-id">S1981-77462015000200493</article-id><article-id pub-id-type="doi">10.1590/1981-7746-sip00051</article-id><article-categories><subj-group><subject>EDUCATION &amp; EDUCATIONAL RESEARCH</subject><subject>PUBLIC, ENVIRONMENTAL &amp; OCCUPATIONAL HEALTH</subject></subj-group></article-categories><title-group><article-title lang_id="pt">IMPASSES, DESAFIOS E AS INTERFACES DA EDUCAÇÃO ALIMENTAR E NUTRICIONAL COMO PROCESSO DE PARTICIPAÇÃO POPULAR</article-title><trans-title-group lang_id="en"><trans-title>IMPASSES, CHALLENGES, AND INTERFACES OF FOOD AND NUTRITION EDUCATION AS A PROCESS OF POPULAR PARTICIPATION</trans-title></trans-title-group><trans-title-group lang_id="es"><trans-title>DILEMAS, RETOS Y LAS INTERFACES DE LA EDUCACIÓN ALIMENTARIA Y NUTRICIONAL COMO UN PROCESO DE PARTICIPACIÓN POPULAR</trans-title></trans-title-group></title-group><contrib-group><contrib contrib-type="author"><name><surname>Casemiro</surname><given-names>Juliana Pereira</given-names></name><role>ND</role><xref ref-type="aff" rid="AFF1"/></contrib><contrib contrib-type="author"><name><surname>Fonseca</surname><given-names>Alexandre Brasil Carvalho da</given-names></name><role>ND</role><xref ref-type="aff" rid="AFF2"/></contrib><contrib contrib-type="author"><name><surname>Machado</surname><given-names>Elaine Cristina da Silva</given-names></name><role>ND</role><xref ref-type="aff" rid="AFF3"/></contrib><contrib contrib-type="author"><name><surname>Peres</surname><given-names>Solange Carvalho</given-names></name><role>ND</role><xref ref-type="aff" rid="AFF4"/></contrib></contrib-group><aff id="AFF1"><institution>Universidade Federal do Rio de Janeiro</institution><country>Brazil</country></aff><aff id="AFF3"><institution>Secretaria Municipal de Educação de Duque de Caxias</institution><country>Brazil</country></aff><aff id="AFF4"><institution>Secretaria Municipal de Educação de Duque de Caxias</institution><country>Brazil</country></aff><aff id="AFF2"><institution>Universidade Federal do Rio de Janeiro</institution><country>Brazil</country></aff><pub-date><month>08</month><year>2015</year></pub-date><volume>13</volume><issue>2</issue><fpage>493</fpage><lpage>514</lpage><permissions><license license-type="open-access" href="http://creativecommons.org/licenses/by-nc/4.0/"><license-p>This work is licensed under a Creative Commons Attribution-NonCommercial 4.0 International License.</license-p></license></permissions><self-uri href="http://www.scielo.br/scielo.php?script=sci_arttext&amp;pid=S1981-77462015000200493&amp;lng=en&amp;tlng=en" content-type="full_text_page"/><self-uri href="http://www.scielo.br/scielo.php?script=sci_issuetoc&amp;pid=1981-774620150002&amp;lng=en" content-type="issue_page"/><self-uri href="http://www.scielo.br/scielo.php?script=sci_serial&amp;pid=1981-7746&amp;lng=en" content-type="journal_page"/><abstract lang_id="pt"><p>Este artigo apresenta experiências de nutricionistas em atividades de educação alimentar e nu-tricional desenvolvidas, nos últimos dez anos, nas escolas de Duque de Caxias, município do estado do Rio de Janeiro. A metodologia de sistematização de experiência tem como pressuposto que esta atividade coletiva de aprendizagem se dá a partir da interpretação crítica das práticas em diálogo com a teoria. Foram realizadas consultas em acervos pessoais e de projetos e, posteriormente, entrevistas individuais e coletivas com nutricionistas. Pôde-se registrar grande diversidade nas ações desenvolvidas, interesse na atuação intersetorial e progressiva incorporação do discurso do direito à alimentação. As parcerias estabelecidas entre nutricionistas e movimentos populares marcam a descrição das experiências. A educação alimentar e nutricional foi afirmada como campo de atuação interdisciplinar. Em contextos de grande injustiça torna-se essencial incorporar princípios da educação popular, tais como amorosidade, diálogo e compromisso com os oprimidos. A sistematização sinaliza que nutricionistas, responsáveis, professores, merendeiras e outros profissionais da escola têm sido importantes atores nas experiências, além de indicar o potencial de ampliação da participação de estudantes.</p></abstract><trans-abstract lang_id="en"><p>This paper presents the experiences of nutritionists in food and nutrition education activities at schools located in Duque de Caxias, a municipality of the state of Rio de Janeiro, Brazil, over the past ten years. The methodology for systematizing experience is based on the assumption that this collective learning activity takes place from the critical interpretation of practices in dialog with the theory. Personal collections and projects were queried and, later, individual and group interviews conducted with nutritionists. It was possible to note great diversity in the actions developed, in the interest in intersectoral action, and the progressive incorporation of the right to food discourse. The partnerships established between nutritionists and popular movements mark the description of the experiments. Food and nutrition education was affirmed as an interdisciplinary field of action. In contexts of great injustice, it is essential to incorporate principles of popular education, such as loveliness, dialog, and commitment to the oppressed. The systematization signals that nutritionists, guardians, teachers, cooks and other school professionals have been key players in the experiments, and indicates the potential for the increased participation of the students.</p></trans-abstract><kwd-group lang_id="en" kwd-group-type="author-generated"><kwd>food and nutrition education</kwd><kwd>systematization of experiences</kwd><kwd>human right to adequate food</kwd></kwd-group><kwd-group lang_id="pt" kwd-group-type="author-generated"><kwd>educação alimentar e nutricional</kwd><kwd>sistematização de experiências</kwd><kwd>direito humano a alimentação adequada</kwd></kwd-group></article-meta></front><back><ref-list><ref id="B1"><element-citation publication-type="article"><article-title>Educação nutricional: passado, presente e futuro</article-title><source>Revista de Nutrição</source><date><year>1997</year></date><fpage>5</fpage><lpage>19</lpage><issue>1</issue><volume>10</volume><person-group><name><surname>BOOG</surname><given-names>Maria C. F</given-names></name><name><surname>BOOG</surname><given-names>Maria C. F</given-names></name></person-group></element-citation></ref><ref id="B2"><element-citation publication-type="book"><source>Plano Nacional de Segurança Alimentar e Nutricional: 2012/2015</source><date><year>2011</year></date></element-citation></ref><ref id="B3"><element-citation publication-type="book"><source>Marco de referência de educação alimentar e nutricional para as políticas públicas</source><date><year>2012</year></date></element-citation></ref><ref id="B4"><element-citation publication-type="book"><source>Direito humano à alimentação adequada no contexto da segurança alimentar e nutricional</source><date><year>2010</year></date><person-group><name><surname>BURITY</surname><given-names>Valéria</given-names></name><name><surname>BURITY</surname><given-names>Valéria</given-names></name></person-group></element-citation></ref><ref id="B5"><element-citation publication-type="article"><article-title>A atuação da sociedade civil na construção do campo da alimentação e nutrição no Brasil: elementos para reflexão</article-title><source>Ciência &amp; Saúde Coletiva</source><date><year>2011</year></date><fpage>63</fpage><lpage>72</lpage><issue>1</issue><volume>16</volume><person-group><name><surname>BURLANDY</surname><given-names>Luciene</given-names></name><name><surname>BURLANDY</surname><given-names>Luciene</given-names></name></person-group></element-citation></ref><ref id="B6"><element-citation publication-type="article"><article-title>A construção da política de segurança alimentar e nutricional no Brasil: estratégias e desafios para a promoção da intersetorialidade no âmbito federal de governo</article-title><source>Ciência &amp; Saúde Coletiva</source><date><year>2009</year></date><fpage>851</fpage><lpage>860</lpage><issue>3</issue><volume>14</volume><person-group><name><surname>BURLANDY</surname><given-names>Luciene</given-names></name><name><surname>BURLANDY</surname><given-names>Luciene</given-names></name></person-group></element-citation></ref><ref id="B7"><element-citation publication-type="book"><source>A saúde nas palavras e nos gestos: reflexões sobre a educação popular e saúde</source><date><year>2001</year></date><fpage>101</fpage><lpage>114</lpage><person-group><name><surname>CARVALHO</surname><given-names>Maria A. P.</given-names></name><name><surname>ACIOLI</surname><given-names>Sonia</given-names></name><name><surname>STOTZ</surname><given-names>Eduardo N</given-names></name><name><surname>VASCONCELOS</surname><given-names>Eymard M</given-names></name><name><surname>VASCONCELOS</surname><given-names>Eymard M</given-names></name></person-group></element-citation></ref><ref id="B8"><element-citation publication-type="book"><source>Segurança alimentar e nutricional do município de Duque de Caxias: balanço de ações (2009 - 2011)</source><date><year>2012</year></date></element-citation></ref><ref id="B9"><element-citation publication-type="book"><source>Perfil nutricional e socioeconómico das crianças matriculadas nas creches e centros de atendimento à infância caxiense (CCAICs) do município de Duque de Caxias</source><date><year>2012</year></date></element-citation></ref><ref id="B10"><element-citation publication-type="book"><source>Pedagogia do oprimido</source><date><year>2005</year></date><person-group><name><surname>FREIRE</surname><given-names>Paulo</given-names></name><name><surname>FREIRE</surname><given-names>Paulo</given-names></name></person-group></element-citation></ref><ref id="B11"><element-citation publication-type="book"><source>Pedagogia da autonomia: saberes necessários à prática educativa</source><date><year>1996</year></date><person-group><name><surname>FREIRE</surname><given-names>Paulo</given-names></name><name><surname>FREIRE</surname><given-names>Paulo</given-names></name></person-group></element-citation></ref><ref id="B12"><element-citation publication-type="book"><source>Para sistematizar experiências</source><date><year>2006</year></date><person-group><name><surname>HOLLIDAY</surname><given-names>Oscar J</given-names></name><name><surname>HOLLIDAY</surname><given-names>Oscar J</given-names></name></person-group></element-citation></ref><ref id="B13"><element-citation publication-type="article"><article-title>Empowering People for Health</article-title><source>International Journal of Health Promotion and Education</source><date><year>1998</year></date><fpage>21</fpage><lpage>27</lpage><issue>5</issue><person-group><name><surname>JHA</surname><given-names>Saroj S</given-names></name><name><surname>JHA</surname><given-names>Saroj S</given-names></name></person-group></element-citation></ref><ref id="B14"><element-citation publication-type="article"><article-title>Gênese e constituição da educação alimentar: instauração da norma</article-title><source>História, Ciências, Saúde - Manguinhos</source><date><year>1998</year></date><fpage>57</fpage><lpage>84</lpage><issue>1</issue><volume>5</volume><person-group><name><surname>LIMA</surname><given-names>Eronides S</given-names></name><name><surname>LIMA</surname><given-names>Eronides S</given-names></name></person-group></element-citation></ref><ref id="B15"><element-citation publication-type="article"><article-title>Subjetividade e trabalho na sociedade contemporânea</article-title><source>Trabalho, Educação e Saúde</source><date><year>2009</year></date><fpage>91</fpage><lpage>113</lpage><issue>1</issue><volume>7</volume><person-group><name><surname>LOPES</surname><given-names>Marcia C. R</given-names></name><name><surname>LOPES</surname><given-names>Marcia C. R</given-names></name></person-group></element-citation></ref><ref id="B16"><element-citation publication-type="article"><article-title>Portaria interministerial n. 1.010 de 8 de maio de 2006. Institui as diretrizes para a Promoção da Alimentação Saudável nas Escolas de educação infantil, fundamental e nível médio das redes públicas e privadas, em âmbito nacional</article-title><source>Diário Oficial da União</source><date><year>2006</year></date></element-citation></ref><ref id="B17"><element-citation publication-type="book"><source>Vamos lá fazer o que será: mobilização social e educação cidadã</source><date><year>2006</year></date></element-citation></ref><ref id="B18"><element-citation publication-type="article"><article-title>Educação alimentar e nutricional no contexto da promoção de práticas alimentares saudáveis</article-title><source>Revista de Nutrição</source><date><year>2005</year></date><fpage>681</fpage><lpage>692</lpage><issue>5</issue><volume>18</volume><person-group><name><surname>SANTOS</surname><given-names>Ligia A. S</given-names></name><name><surname>SANTOS</surname><given-names>Ligia A. S</given-names></name></person-group></element-citation></ref><ref id="B19"><element-citation publication-type="article"><article-title>O fazer educação alimentar e nutricional: algumas contribuições para reflexão</article-title><source>Ciência &amp; Saúde Coletiva</source><date><year>2012</year></date><fpage>455</fpage><lpage>462</lpage><issue>2</issue><volume>17</volume><person-group><name><surname>SANTOS</surname><given-names>Ligia A. S</given-names></name><name><surname>SANTOS</surname><given-names>Ligia A. S</given-names></name></person-group></element-citation></ref><ref id="B20"><element-citation publication-type="book"><source>Classes populares no Brasil: exercício de compreensão</source><date><year>2011</year></date><fpage>75</fpage><lpage>90</lpage><person-group><name><surname>VALLA</surname><given-names>Victor V</given-names></name><name><surname>VALLA</surname><given-names>Victor V.</given-names></name><name><surname>ALGEBAILE</surname><given-names>Eveline</given-names></name><name><surname>GUIMARÃES</surname><given-names>Maria B</given-names></name><name><surname>VALLA</surname><given-names>Victor V.</given-names></name><name><surname>ALGEBAILE</surname><given-names>Eveline</given-names></name><name><surname>GUIMARÃES</surname><given-names>Maria B</given-names></name></person-group></element-citation></ref><ref id="B21"><element-citation publication-type="article"><article-title>Sobre participação popular: uma questão de perspectiva</article-title><source>Cadernos de Saúde Pública</source><date><year>1998</year></date><fpage>7</fpage><lpage>18</lpage><volume>14</volume><person-group><name><surname>VALLA</surname><given-names>Victor V</given-names></name><name><surname>VALLA</surname><given-names>Victor V</given-names></name></person-group></element-citation></ref></ref-list></back></article></articles>