<articles xmlns:xsi="http://www.w3.org/2001/XMLSchema-instance" xsi:schemaLocation="https://raw.githubusercontent.com/scieloorg/articles_meta/master/tests/xsd/scielo_sci/ThomsonReuters_publishing.xsd" dtd-version="1.10"><article lang_id="pt" article-type="research-article"><front><journal-meta><journal-id journal-id-type="publisher">tes</journal-id><journal-title-group><journal-title>Trabalho, Educação e Saúde</journal-title><abbrev-journal-title>Trab. educ. saúde</abbrev-journal-title></journal-title-group><issn>1981-7746</issn><collection>SciELO Brazil</collection><publisher><publisher-name>Fundação Oswaldo Cruz, Escola Politécnica de Saúde Joaquim Venâncio</publisher-name></publisher></journal-meta><article-meta><unique-article-id pub-id-type="publisher-id">S1981-77462003000100011</unique-article-id><article-id pub-id-type="publisher-id">S1981-77462003000100011</article-id><article-id pub-id-type="doi">10.1590/S1981-77462003000100011</article-id><article-categories><subj-group><subject>EDUCATION &amp; EDUCATIONAL RESEARCH</subject><subject>PUBLIC, ENVIRONMENTAL &amp; OCCUPATIONAL HEALTH</subject></subj-group></article-categories><title-group><article-title lang_id="pt">O PROFAE em Minas Gerais: o trabalho da Agência Regional</article-title><trans-title-group lang_id="en"><trans-title>The PROFAE in Minas Gerais: the work of the Regional Agency</trans-title></trans-title-group></title-group><contrib-group><contrib contrib-type="author"><name><surname>Madeira</surname><given-names>Lélia Maria</given-names></name><role>ND</role></contrib><contrib contrib-type="author"><name><surname>Gonçalves</surname><given-names>Dalva Cifuentes</given-names></name><role>ND</role></contrib></contrib-group><pub-date><month>03</month><year>2003</year></pub-date><volume>1</volume><issue>1</issue><fpage>153</fpage><lpage>160</lpage><permissions><license license-type="open-access" href="http://creativecommons.org/licenses/by-nc/4.0/"><license-p>This work is licensed under a Creative Commons Attribution-NonCommercial 4.0 International License.</license-p></license></permissions><self-uri href="http://www.scielo.br/scielo.php?script=sci_arttext&amp;pid=S1981-77462003000100011&amp;lng=en&amp;tlng=en" content-type="full_text_page"/><self-uri href="http://www.scielo.br/scielo.php?script=sci_issuetoc&amp;pid=1981-774620030001&amp;lng=en" content-type="issue_page"/><self-uri href="http://www.scielo.br/scielo.php?script=sci_serial&amp;pid=1981-7746&amp;lng=en" content-type="journal_page"/><abstract lang_id="pt"><p>Muitos esforços têm sido empreendidos em todas as regiões do país para se levar a bom termo a concretização da política de qualificação profissional na área da saúde. O Projeto de Profissionalização dos Trabalhadores da Área de Enfermagem (PROFAE) é a expressão maior desse propósito, que teve como características essenciais a descentralização e as parcerias, pelas diferentes regiões do país. Neste relato, realizado pela Agência Regional de Minas Gerais, destacam-se aspectos de sua atuação que contribuíram para significativos avanços, junto a todas as instituições envolvidas na implementação dos cursos de Complementação do Ensino Fundamental (CEF) e de Qualificação Profissional de Auxiliar de Enfermagem (CQP).</p></abstract><trans-abstract lang_id="en"><p>In all Brazilian regions many efforts have been made to put into practice the governmental policy on professional qualifications in the area of health. The Project of Professional Training for Workers in the Area of Nursing (PROFAE) is the highest expression of this objective and has, as its basic characteristics, decentralisation and the establishment of partnerships in the country's various regions. This reporting, prepared by the Regional Agency of Minas Gerais, emphasizes those aspects of PROFAE's activities that - together with all other institutions involved in the implementation of the Basic Level Completion (CEF) and the Professional Qualification of Nurse Assistants (CQP) courses - have contributed to bring about a number of significant advancements.</p></trans-abstract><kwd-group lang_id="pt" kwd-group-type="author-generated"><kwd>Projeto de Profissionalização dos Trabalhadores da Área de Enfermagem (PROFAE)</kwd><kwd>supervisão, monitoramento e avaliação</kwd><kwd>qualificação profissional</kwd><kwd>auxiliar de enfermagem</kwd></kwd-group><kwd-group lang_id="en" kwd-group-type="author-generated"><kwd>Professional Training for Workers in the Area of Nursing (PROFAE)</kwd><kwd>supervision, monitoring and assessment</kwd><kwd>professional qualification</kwd><kwd>nurse assistant</kwd></kwd-group></article-meta></front><back><ref-list><ref id="B1"><element-citation publication-type="book"><source>Plano de trabalho</source><date><year>2000</year></date></element-citation></ref><ref id="B2"><element-citation publication-type="book"><source>Relatório mensal: grupo focal</source><date><year>2001</year></date></element-citation></ref><ref id="B3"><element-citation publication-type="book"><source>Academia para el desarrollo educativo: El manual para excelencia en la investigación mediante grupos focales</source><date><year>1995</year></date></element-citation></ref></ref-list></back></article></articles>