<articles xmlns:xsi="http://www.w3.org/2001/XMLSchema-instance" xsi:schemaLocation="https://raw.githubusercontent.com/scieloorg/articles_meta/master/tests/xsd/scielo_sci/ThomsonReuters_publishing.xsd" dtd-version="1.10"><article lang_id="pt" article-type="research-article"><front><journal-meta><journal-id journal-id-type="publisher">tes</journal-id><journal-title-group><journal-title>Trabalho, Educação e Saúde</journal-title><abbrev-journal-title>Trab. educ. saúde</abbrev-journal-title></journal-title-group><issn>1981-7746</issn><collection>SciELO Brazil</collection><publisher><publisher-name>Fundação Oswaldo Cruz, Escola Politécnica de Saúde Joaquim Venâncio</publisher-name></publisher></journal-meta><article-meta><unique-article-id pub-id-type="publisher-id">S1981-77462007000300013</unique-article-id><article-id pub-id-type="publisher-id">S1981-77462007000300013</article-id><article-id pub-id-type="doi">10.1590/S1981-77462007000300013</article-id><article-categories><subj-group><subject>EDUCATION &amp; EDUCATIONAL RESEARCH</subject><subject>PUBLIC, ENVIRONMENTAL &amp; OCCUPATIONAL HEALTH</subject></subj-group></article-categories><title-group><article-title lang_id="pt">Reforma da educação profissional: contradições na disputa por hegemonia no regime de acumulação flexível</article-title><trans-title-group lang_id="en"><trans-title>Professional education reform: contradictions in the fight for hegemony in the flexible accumulation system</trans-title></trans-title-group></title-group><contrib-group><contrib contrib-type="author"><name><surname>Ramos</surname><given-names>Marise Nogueira</given-names></name><role>ND</role><xref ref-type="aff" rid="A01"/><xref ref-type="aff" rid="A02"/></contrib></contrib-group><aff id="A01"><institution>Fundação Oswaldo Cruz</institution><country>Brasil</country></aff><aff id="A02"><institution>Universidade do Estado do Rio de Janeiro</institution><country>Brazil</country></aff><pub-date><month>11</month><year>2007</year></pub-date><volume>5</volume><issue>3</issue><fpage>545</fpage><lpage>558</lpage><permissions><license license-type="open-access" href="http://creativecommons.org/licenses/by-nc/4.0/"><license-p>This work is licensed under a Creative Commons Attribution-NonCommercial 4.0 International License.</license-p></license></permissions><self-uri href="http://www.scielo.br/scielo.php?script=sci_arttext&amp;pid=S1981-77462007000300013&amp;lng=en&amp;tlng=en" content-type="full_text_page"/><self-uri href="http://www.scielo.br/scielo.php?script=sci_issuetoc&amp;pid=1981-774620070003&amp;lng=en" content-type="issue_page"/><self-uri href="http://www.scielo.br/scielo.php?script=sci_serial&amp;pid=1981-7746&amp;lng=en" content-type="journal_page"/><abstract lang_id="pt"><p>Este texto comenta e debate algumas idéias apresentadas por Kuenzer em artigo deste número, sob a perspectiva das disputas hegemônicas de grupos que ocupam o aparelho de Estado na sua relação com a sociedade civil. Retomamos a análise de forças políticas que influenciaram a reforma feita pelo decreto nº 2.208/97 discutindo a opção do primeiro governo Lula em redirecionar a política pública de educação profissional na direção de compromissos assumidos com os setores progressistas. Não obstante, este processo trouxe contradições no conteúdo e na forma da 'nova' política. A educação profissional no Brasil, mesmo em tempos de complexificação da base técnico-científica da produção, ocupa-se da formação para o trabalho simples, enquanto utiliza dispositivos de controle simbólico, associados à idéia de cidadania e de intervenção social. Em relação ao trabalho complexo, os projetos em discussão não trazem à cena a necessária publicização da produção de ciência e tecnologia, a ser orientada pela vinculação orgânica entre educação omnilateral e politécnica dos trabalhadores, política pública de ciência e tecnologia e projeto de nação soberana. Concluímos que essa concepção ainda não é hegemônica na sociedade civil nem prioridade no aparelho governamental. A análise desses fenômenos e suas contradições, nos fazem aprender com a história.</p></abstract><trans-abstract lang_id="en"><p>This article comments on and debates a few ideas presented by Kuenzer in an article published in this edition regarding the perspective of the hegemonic contentions among the groups that occupy the State in its relationship with the civil society. We have resumed the analysis of the public forces that influenced the reform made by decree # 2.208/97 by discussing the choice made by the first Lula administration to redirect the public professional education policy towards the commitments taken-on with progressive sectors. Nonetheless, this process brought contradictions to the 'new' policy's content and form. Brazil's professional education, even in an era in which the technical and scientific base of production has become more complex, seeks to qualify people for simple work while using symbolic control devices in association with the idea of citizenship and social intervention. So far as complex work is concerned, the projects under discussion do not bring the needed science and technology production publicization under the spotlight, one that should be guided by the organic bind between the workers' omnilateral and polytechnic education, public policy for science and technology, and the design of a sovereign nation. We conclude this conception is neither hegemonic in the civil society nor a governmental priority. By analyzing these phenomena and their contradictions, we can learn with history.</p></trans-abstract><kwd-group lang_id="en" kwd-group-type="author-generated"><kwd>professional education</kwd><kwd>educational policies</kwd><kwd>educational reform</kwd></kwd-group><kwd-group lang_id="pt" kwd-group-type="author-generated"><kwd>educação profissional</kwd><kwd>políticas educacionais</kwd><kwd>reforma educacional</kwd></kwd-group></article-meta></front><back><ref-list><ref id="B1"><element-citation publication-type="book"><source>A estruturação do discurso pedagógico: classe, código e controle</source><date><year>1996</year></date><person-group><name><surname>BERNSTEIN</surname><given-names>Besil</given-names></name><name><surname>BERNSTEIN</surname><given-names>Besil</given-names></name></person-group></element-citation></ref><ref id="B2"><element-citation publication-type="article"><article-title>Lei no 6.545, de 30 de junho de 1978: Dispõe sobre a transformação das Escolas Técnicas Federais de Minas Gerais, do Paraná e Celso Suckow da Fonseca em Centros Federais de Educação Tecnológica e dá outras providências</article-title><source>Diário Oficial</source><date><day>04</day><month>07</month><year>1978</year></date></element-citation></ref><ref id="B3"><element-citation publication-type="article"><article-title>Lei no 9.394, de 20 de dezembro de 1996: Estabelece as diretrizes e bases da educação nacional</article-title><source>Diário Oficial</source><date><day>23</day><month>12</month><year>1996</year></date></element-citation></ref><ref id="B4"><element-citation publication-type="article"><article-title>Decreto no 2.208, de 17 de abril de 1997: Regulamenta o parágrafo 2o do art. 36 e os artigos 39 a 42 da Lei no 9.394, de 20 de dezembro de 1996, que estabelece as diretrizes e bases da educação nacional</article-title><source>Diário Oficial,</source><date><day>18</day><month>04</month><year>1997</year></date></element-citation></ref><ref id="B5"><element-citation publication-type="conference"><source>Ensino médio: construção política</source><date><month>04</month><year>2003</year></date></element-citation></ref><ref id="B6"><element-citation publication-type="book"><source>Proposta de políticas públicas para a educação profissional e tecnológica</source><date><month>12</month><year>2003</year></date></element-citation></ref><ref id="B7"><element-citation publication-type="article"><article-title>Decreto no 5.154, de 23 de julho de 2004: Regulamenta o § 2º do artigo 36 e os arts. 39 a 41 da Lei no 9.394, de 20 de dezembro de 1996, que estabelece as diretrizes e bases da educação nacional, e dá outras providências</article-title><source>Diário Oficial da União</source><date><day>24</day><month>07</month><year>2004</year></date></element-citation></ref><ref id="B8"><element-citation publication-type="book"><source>Políticas públicas para a educação profissional e tecnológica</source><date><year>2004</year></date></element-citation></ref><ref id="B9"><element-citation publication-type="book"><source>Certificação de competências profissionais: "discussões"</source><date><year>1999</year></date><person-group><name><surname>BRÍGIDO</surname><given-names>Raimundo</given-names></name><name><surname>BRÍGIDO</surname><given-names>Raimundo</given-names></name></person-group></element-citation></ref><ref id="B10"><element-citation publication-type="article"><article-title>La era de la información: Economia, Sociedad y Cultura</article-title><source>Fim de milênio</source><date><year>1998</year></date><volume>3</volume><person-group><name><surname>CASTELLS</surname><given-names>Manuel</given-names></name></person-group></element-citation></ref><ref id="B11"><element-citation publication-type="book"><source>Manifestação do Concefet sobre os institutos federais de educação, ciência e tecnologia</source><date><year>2007</year></date></element-citation></ref><ref id="B12"><element-citation publication-type="book"><source>Formação do trabalhador: produtividade &amp; cidadania</source><date><year>1995</year></date><person-group><name><surname>DELUIZ</surname><given-names>Neise</given-names></name><name><surname>DELUIZ</surname><given-names>Neise</given-names></name></person-group></element-citation></ref><ref id="B13"><element-citation publication-type="article"><article-title>A sociologia do trabalho frente à qualificação e à competência</article-title><source>Educação &amp; Sociedade,</source><date><month>09</month><year>1998</year></date><fpage>87</fpage><lpage>103</lpage><issue>64</issue><person-group><name><surname>DUBAR</surname><given-names>Claude</given-names></name></person-group></element-citation></ref><ref id="B14"><element-citation publication-type="book"><source>Universidade e mundo do trabalho</source><date><year>2006</year></date><fpage>15</fpage><lpage>40</lpage><person-group><name><surname>FRIGOTTO</surname><given-names>Gaudêncio</given-names></name><name><surname>MOLL</surname><given-names>Jaqueline</given-names></name><name><surname>SEVEGNANI</surname><given-names>Palmira</given-names></name><name><surname>MOLL</surname><given-names>Jaqueline</given-names></name><name><surname>SEVEGNANI</surname><given-names>Palmira</given-names></name></person-group></element-citation></ref><ref id="B15"><element-citation publication-type="book"><source>Ensino médio: ciência, cultura e trabalho</source><date><year>2004</year></date><person-group><name><surname>FRIGOTTO</surname><given-names>Gaudêncio</given-names></name><name><surname>CIAVATTA</surname><given-names>Maria</given-names></name><name><surname>FRIGOTTO</surname><given-names>Gaudêncio</given-names></name><name><surname>CIAVATTA</surname><given-names>Maria</given-names></name></person-group></element-citation></ref><ref id="B16"><element-citation publication-type="book"><source>Universidade e mundo do trabalho</source><date><year>2006</year></date><fpage>109</fpage><lpage>134</lpage><person-group><name><surname>GIOLO</surname><given-names>Jaime</given-names></name><name><surname>MOLL</surname><given-names>Jaqueline</given-names></name><name><surname>SEVEGNANI</surname><given-names>Palmira</given-names></name><name><surname>MOLL</surname><given-names>Jaqueline</given-names></name><name><surname>SEVEGNANI</surname><given-names>Palmira</given-names></name></person-group></element-citation></ref><ref id="B17"><element-citation publication-type="book"><source>Sistemas de competencia laboral: surgimiento y modelos</source><date><year>1996</year></date><person-group><name><surname>MERTENS</surname><given-names>Leonard</given-names></name><name><surname>MERTENS</surname><given-names>Leonard</given-names></name></person-group></element-citation></ref><ref id="B18"><element-citation publication-type="book"><source>Construir competências desde a escola?</source><date><year>1999</year></date><person-group><name><surname>PERRENOU</surname><given-names>Philippe</given-names></name><name><surname>PERRENOU</surname><given-names>Philippe</given-names></name></person-group></element-citation></ref><ref id="B19"><element-citation publication-type="book"><source>A pedagogia das competências: autonomia ou adaptação?</source><date><year>2001</year></date><person-group><name><surname>RAMOS</surname><given-names>Marise Nogueira</given-names></name><name><surname>RAMOS</surname><given-names>Marise Nogueira</given-names></name></person-group></element-citation></ref><ref id="B20"><element-citation publication-type="book"><source>O público e o privado na educação: interfaces entre Estado e sociedade</source><date><year>2005</year></date><fpage>31</fpage><lpage>56</lpage><volume>1</volume><person-group><name><surname>RAMOS</surname><given-names>Marise Nogueira</given-names></name><name><surname>PERONI</surname><given-names>Vera</given-names></name><name><surname>ADRIÃO</surname><given-names>Teresa</given-names></name><name><surname>PERONI</surname><given-names>Vera</given-names></name><name><surname>ADRIÃO</surname><given-names>Teresa</given-names></name></person-group></element-citation></ref><ref id="B21"><element-citation publication-type="book"><source>Ensino médio integrado: concepção e contradições</source><date><year>2005</year></date><fpage>21</fpage><lpage>56</lpage><volume>1</volume><person-group><name><surname>RAMOS</surname><given-names>Marise Nogueira</given-names></name><name><surname>RAMOS</surname><given-names>Marise N.</given-names></name><name><surname>FRIGOTTO</surname><given-names>Gaudêncio</given-names></name><name><surname>CIAVATTA</surname><given-names>Maria</given-names></name><name><surname>RAMOS</surname><given-names>Marise N.</given-names></name><name><surname>FRIGOTTO</surname><given-names>Gaudêncio</given-names></name><name><surname>CIAVATTA</surname><given-names>Maria</given-names></name></person-group></element-citation></ref><ref id="B22"><element-citation publication-type="book"><source>Universidade e mundo do trabalho</source><date><year>2006</year></date><fpage>135</fpage><lpage>154</lpage><person-group><name><surname>RAMOS</surname><given-names>Marise Nogueira</given-names></name><name><surname>MOLL</surname><given-names>Jaqueline</given-names></name><name><surname>SEVEGNANI</surname><given-names>Palmira</given-names></name><name><surname>MOLL</surname><given-names>Jaqueline</given-names></name><name><surname>SEVEGNANI</surname><given-names>Palmira</given-names></name></person-group></element-citation></ref><ref id="B23"><element-citation publication-type="article"><article-title>A política de educação profissional no governo Lula: um percurso histórico controvertido</article-title><source>Educação &amp; Sociedade</source><date><year>2005</year></date><fpage>1087</fpage><lpage>1113</lpage><volume>26</volume><person-group><name><surname>RAMOS</surname><given-names>Marise N.</given-names></name><name><surname>FRIGOTTO</surname><given-names>Gaudêncio;</given-names></name><name><surname>CIAVATTA</surname><given-names>Maria.</given-names></name></person-group></element-citation></ref><ref id="B24"><element-citation publication-type="book"><source>Saberes e competências: o uso de tais noções na escola e na empresa</source><date><year>1997</year></date><person-group><name><surname>TANGUY</surname><given-names>Lucie</given-names></name><name><surname>ROPÉ</surname><given-names>Françoise</given-names></name><name><surname>TANGUY</surname><given-names>Lucie</given-names></name><name><surname>ROPÉ</surname><given-names>Françoise</given-names></name></person-group></element-citation></ref></ref-list></back></article></articles>