<articles xmlns:xsi="http://www.w3.org/2001/XMLSchema-instance" xsi:schemaLocation="https://raw.githubusercontent.com/scieloorg/articles_meta/master/tests/xsd/scielo_sci/ThomsonReuters_publishing.xsd" dtd-version="1.10"><article lang_id="pt" article-type="research-article"><front><journal-meta><journal-id journal-id-type="publisher">tes</journal-id><journal-title-group><journal-title>Trabalho, Educação e Saúde</journal-title><abbrev-journal-title>Trab. educ. saúde</abbrev-journal-title></journal-title-group><issn>1981-7746</issn><collection>SciELO Brazil</collection><publisher><publisher-name>Fundação Oswaldo Cruz, Escola Politécnica de Saúde Joaquim Venâncio</publisher-name></publisher></journal-meta><article-meta><unique-article-id pub-id-type="publisher-id">S1981-77462012000200010</unique-article-id><article-id pub-id-type="publisher-id">S1981-77462012000200010</article-id><article-id pub-id-type="doi">10.1590/S1981-77462012000200010</article-id><article-categories><subj-group><subject>EDUCATION &amp; EDUCATIONAL RESEARCH</subject><subject>PUBLIC, ENVIRONMENTAL &amp; OCCUPATIONAL HEALTH</subject></subj-group></article-categories><title-group><article-title lang_id="pt">O agente comunitário de saúde: práticas educativas</article-title></title-group><contrib-group><contrib contrib-type="author"><name><surname>Morosini</surname><given-names>Marcia Valéria Guimarães Cardoso</given-names></name><role>ND</role><xref ref-type="aff" rid="A01"/></contrib></contrib-group><aff id="A01"><institution>Fundação Oswaldo Cruz</institution><country>Brazil</country></aff><pub-date><month>10</month><year>2012</year></pub-date><volume>10</volume><issue>2</issue><fpage>347</fpage><lpage>348</lpage><permissions><license license-type="open-access" href="http://creativecommons.org/licenses/by-nc/4.0/"><license-p>This work is licensed under a Creative Commons Attribution-NonCommercial 4.0 International License.</license-p></license></permissions><self-uri href="http://www.scielo.br/scielo.php?script=sci_arttext&amp;pid=S1981-77462012000200010&amp;lng=en&amp;tlng=en" content-type="full_text_page"/><self-uri href="http://www.scielo.br/scielo.php?script=sci_issuetoc&amp;pid=1981-774620120002&amp;lng=en" content-type="issue_page"/><self-uri href="http://www.scielo.br/scielo.php?script=sci_serial&amp;pid=1981-7746&amp;lng=en" content-type="journal_page"/></article-meta></front><back><ref-list><ref id="B1"><element-citation publication-type="thesis"><source>O agente comunitário de saúde na mediação de saberes</source><date><year>2007</year></date><person-group><name><surname>BORNSTEIN</surname><given-names>Vera J.</given-names></name><name><surname>BORNSTEIN</surname><given-names>Vera J.</given-names></name></person-group></element-citation></ref><ref id="B2"><element-citation publication-type="book"><source>O discurso do sujeito coletivo: um novo enfoque em pesquisa qualitativa (desdobramentos)</source><date><year>2003</year></date><person-group><name><surname>LEFÈVRE</surname><given-names>Fernando</given-names></name><name><surname>LEFRÈVE</surname><given-names>Ana Maria C.</given-names></name><name><surname>LEFÈVRE</surname><given-names>Fernando</given-names></name><name><surname>LEFRÈVE</surname><given-names>Ana Maria C.</given-names></name></person-group></element-citation></ref><ref id="B3"><element-citation publication-type="book"><source>Filosofia da educação</source><date><year>1980</year></date><person-group><name><surname>LUCKESI</surname><given-names>Cipriano C.</given-names></name><name><surname>LUCKESI</surname><given-names>Cipriano C.</given-names></name></person-group></element-citation></ref></ref-list></back></article></articles>