<articles xmlns:xsi="http://www.w3.org/2001/XMLSchema-instance" xsi:schemaLocation="https://raw.githubusercontent.com/scieloorg/articles_meta/master/tests/xsd/scielo_sci/ThomsonReuters_publishing.xsd" dtd-version="1.10"><article lang_id="pt" article-type="research-article"><front><journal-meta><journal-id journal-id-type="publisher">tes</journal-id><journal-title-group><journal-title>Trabalho, Educação e Saúde</journal-title><abbrev-journal-title>Trab. educ. saúde</abbrev-journal-title></journal-title-group><issn>1981-7746</issn><collection>SciELO Brazil</collection><publisher><publisher-name>Fundação Oswaldo Cruz, Escola Politécnica de Saúde Joaquim Venâncio</publisher-name></publisher></journal-meta><article-meta><unique-article-id pub-id-type="publisher-id">S1981-77462014000200013</unique-article-id><article-id pub-id-type="publisher-id">S1981-77462014000200013</article-id><article-id pub-id-type="doi">10.1590/S1981-77462014000200013</article-id><article-categories><subj-group><subject>EDUCATION &amp; EDUCATIONAL RESEARCH</subject><subject>PUBLIC, ENVIRONMENTAL &amp; OCCUPATIONAL HEALTH</subject></subj-group></article-categories><title-group><article-title lang_id="pt">Narrativas na formação comum de profissionais de saúde</article-title><trans-title-group lang_id="es"><trans-title>Narrativas en la formación común de profesionales de la salud</trans-title></trans-title-group><trans-title-group lang_id="en"><trans-title>Narratives in the common training of health professionals</trans-title></trans-title-group></title-group><contrib-group><contrib contrib-type="author"><name><surname>Capozzolo</surname><given-names>Angela Aparecida</given-names></name><role>ND</role><xref ref-type="aff" rid="A01"/></contrib><contrib contrib-type="author"><name><surname>Casetto</surname><given-names>Sidnei José</given-names></name><role>ND</role><xref ref-type="aff" rid="A02"/></contrib><contrib contrib-type="author"><name><surname>Imbrizi</surname><given-names>Jaquelina Maria</given-names></name><role>ND</role><xref ref-type="aff" rid="A03"/></contrib><contrib contrib-type="author"><name><surname>Henz</surname><given-names>Alexandre de Oliveira</given-names></name><role>ND</role><xref ref-type="aff" rid="A04"/></contrib><contrib contrib-type="author"><name><surname>Kinoshita</surname><given-names>Roberto Tykanori</given-names></name><role>ND</role><xref ref-type="aff" rid="A05"/></contrib><contrib contrib-type="author"><name><surname>Queiroz</surname><given-names>Maria de Fátima Ferreira</given-names></name><role>ND</role><xref ref-type="aff" rid="A06"/></contrib></contrib-group><aff id="A02"><institution>Universidade Federal de São Paulo</institution><country>Brazil</country></aff><aff id="A03"><institution>Universidade Federal de São Paulo</institution><country>Brazil</country></aff><aff id="A05"><institution>Universidade Federal de São Paulo</institution><country>Brazil</country></aff><aff id="A06"><institution>Universidade Federal de São Paulo</institution><country>Brazil</country></aff><aff id="A04"><institution>Universidade Federal de São Paulo</institution><country>Brazil</country></aff><aff id="A01"><institution>Universidade Federal de São Paulo</institution><country>Brazil</country></aff><pub-date><month>08</month><year>2014</year></pub-date><volume>12</volume><issue>2</issue><fpage>443</fpage><lpage>456</lpage><permissions><license license-type="open-access" href="http://creativecommons.org/licenses/by-nc/4.0/"><license-p>This work is licensed under a Creative Commons Attribution-NonCommercial 4.0 International License.</license-p></license></permissions><self-uri href="http://www.scielo.br/scielo.php?script=sci_arttext&amp;pid=S1981-77462014000200013&amp;lng=en&amp;tlng=en" content-type="full_text_page"/><self-uri href="http://www.scielo.br/scielo.php?script=sci_issuetoc&amp;pid=1981-774620140002&amp;lng=en" content-type="issue_page"/><self-uri href="http://www.scielo.br/scielo.php?script=sci_serial&amp;pid=1981-7746&amp;lng=en" content-type="journal_page"/><abstract lang_id="pt"><p>Este texto relata a experiência de formação comum que ocorre desde 2007 no campus Baixada Santista da Universidade Federal de São Paulo, no terceiro semestre de graduação, do eixo curricular trabalho em saúde. A experiência articula estudantes e docentes de diferentes áreas profissionais: educação física, fisioterapia, nutrição, psicologia e terapia ocupacional. São apresentadas as diretrizes e estratégias de organização do módulo 'Prática clínica integrada: análise de demandas e necessidades de saúde', que adota a produção de narrativas de histórias de vida e de questões de saúde de pessoas selecionadas por docentes em conjunto com as equipes da rede de serviços do município de Santos, São Paulo. As narrativas foram produzidas em encontros quinzenais dos estudantes com as pessoas acompanhadas em suas residências e de supervisões com os docentes. Realizouse análise de conteúdo de 120 relatórios de conclusão do módulo elaborados pelos estudantes nos anos de 2007 e 2008 visando identificar efeitos dessa proposta de formação. A elaboração de narrativas favoreceu aos estudantes ampliar a capacidade de escuta e a percepção da complexidade do processo saúdedoençacuidado, bem como de outros aspectos do que se tem denominado de 'clínica comum' às diversas profissões em saúde.</p></abstract><trans-abstract lang_id="es"><p>En este trabajo se presenta la experiencia de formación común que ocurre desde 2007 en el campus Baixada Santista de la Universidad Federal de São Paulo (Sureste de Brasil), en el tercer semestre de pregrado, del eje curricular trabajo en salud. La experiencia articula estudiantes y docentes de diferentes áreas profesionales: educación física, fisioterapia, nutrición, psicología y terapia ocupacional. Se presentan las directrices y estrategias de organización del módulo "Práctica clínica integrada: análisis de demandas y necesidades de salud", que adopta la producción de narrativas de historias de vida y de temas de salud de personas seleccionadas por docentes conjuntamente con los equipos de la red de servicios del municipio de Santos, São Paulo. Las narraciones fueron producidas en reuniones quincenales de los estudiantes con las personas seguidas, en sus residencias, y de supervisiones con los docentes. Se realizó un análisis de contenido de 120 informes de conclusión del módulo preparados por los estudiantes en los años 2007 y 2008 buscando identificar los efectos de esta propuesta de formación. La preparación de narrativas propició que los estudiantes ampliaran su capacidad de escuchar y su percepción de la complejidad del proceso saludenfermedadcuidado, así como de otros aspectos de lo que se ha denominado "clínica común" a las diversas profesiones en salud.</p></trans-abstract><trans-abstract lang_id="en"><p>This account reports on the experience of the common training that has been taking place since 2007 at the Baixada Santista campus of the Federal University of São Paulo (Southeast Brazil), in the third semester of the undergraduate course, under the health work axis of the curriculum. The experience includes students and professors from different professional areas, ranging from physical education, physical therapy, nutrition, psychology to occupational therapy. The account presents the guidelines and strategies for organizing the 'Integrated clinical practice: analysis of health needs and demands' module, which adopts the production of life history narratives and health issues of people selected by professors together with the teams of the service network from the municipality of Santos, state of São Paulo. The narratives were produced in fortnightly meetings the students held with accompanied people in their homes and meetings held among supervisors and professors. The content of 120 reports on the completion of the module, produced by the students in 2007 and 2008, was analyzed aiming to identify the effects of the proposed training. Drafting the narratives helped the students expand their listening capacity and their perception of the complexity of the healthdiseasecare process, in addition to other aspects of what has been called the 'common practice' in the various health professions.</p></trans-abstract><kwd-group lang_id="es" kwd-group-type="author-generated"><kwd>trabajo en salud</kwd><kwd>narrativa</kwd><kwd>práctica clínica</kwd><kwd>formación interprofesional</kwd></kwd-group><kwd-group lang_id="en" kwd-group-type="author-generated"><kwd>health work</kwd><kwd>narrative</kwd><kwd>clinical practice</kwd><kwd>interprofessional education</kwd></kwd-group><kwd-group lang_id="pt" kwd-group-type="author-generated"><kwd>trabalho em saúde</kwd><kwd>narrativa</kwd><kwd>prática clínica</kwd><kwd>formação interprofissional</kwd></kwd-group></article-meta></front><back><ref-list><ref id="B1"><element-citation publication-type="book"><source>Análise de conteúdo</source><date><year>2000</year></date><person-group><name><surname>BARDIN</surname><given-names>Laurence</given-names></name><name><surname>BARDIN</surname><given-names>Laurence</given-names></name></person-group></element-citation></ref><ref id="B2"><element-citation publication-type="book"><source>Clínica comum: itinerários de uma formação em saúde</source><date><year>2013</year></date><person-group><name><surname>CASETTO</surname><given-names>Sidnei J</given-names></name><name><surname>CAPOZZOLO</surname><given-names>Angela A</given-names></name><name><surname>CASETTO</surname><given-names>Sidnei J</given-names></name><name><surname>HENZ</surname><given-names>Alexandre de O</given-names></name><name><surname>CAPOZZOLO</surname><given-names>Angela A</given-names></name><name><surname>CASETTO</surname><given-names>Sidnei J</given-names></name><name><surname>HENZ</surname><given-names>Alexandre de O</given-names></name></person-group></element-citation></ref><ref id="B3"><element-citation publication-type="book"><source>Cursos sobre Spinoza: Vincennes, 1978-1981</source><date><year>2009</year></date><person-group><name><surname>DELEUZE</surname><given-names>Gilles</given-names></name><name><surname>DELEUZE</surname><given-names>Gilles</given-names></name></person-group></element-citation></ref><ref id="B4"><element-citation publication-type="article"><article-title>Educação dos profissionais de saúde hoje: problemas, desafios, perspectivas e as propostas do Ministério da Saúde</article-title><source>Revista Abeno</source><date><year>2003</year></date><fpage>24</fpage><lpage>27</lpage><issue>1</issue><volume>3</volume><person-group><name><surname>FEUERWERKER</surname><given-names>Laura C. M</given-names></name></person-group></element-citation></ref><ref id="B5"><element-citation publication-type="article"><article-title>Estratégias para a mudança na graduação das profissões da saúde</article-title><source>Cadernos da Abem</source><date><year>2006</year></date><fpage>78</fpage><lpage>80</lpage><volume>2</volume><person-group><name><surname>FEUERWERKER</surname><given-names>Laura C. M</given-names></name></person-group></element-citation></ref><ref id="B6"><element-citation publication-type="article"><article-title>Narrative based medicine: why study narrative?</article-title><source>British Medical Journal</source><date><year>1999</year></date><issue>2</issue><volume>318</volume><person-group><name><surname>GREENHALGH</surname><given-names>Trisha</given-names></name><name><surname>HURWITZ</surname><given-names>Brian</given-names></name></person-group><ext-link>www. bmj.com/content/318/7175/48.1.full?sid=28222b0f-5b35-4a5d-8004-47eb1afc3275</ext-link></element-citation></ref><ref id="B7"><element-citation publication-type="article"><article-title>Narrativas, processos reflexivos e prática profissional: apontamentos para pesquisa e formação</article-title><source>Interface: Comunicação, Saúde, Educação</source><date><year>2008</year></date><fpage>541</fpage><lpage> 547</lpage><volume>12</volume><person-group><name><surname>MARCOLINO</surname><given-names>Taís Q</given-names></name><name><surname>MIZUKAMI</surname><given-names>Maria G. N</given-names></name></person-group></element-citation></ref><ref id="B8"><element-citation publication-type="article"><article-title>Um ensaio sobre o médico e suas valises tecnológicas</article-title><source>Interface: Comunicação, Saúde, Educação</source><date><year>2000</year></date><fpage>109</fpage><lpage>125</lpage><issue>6</issue><volume>6</volume><person-group><name><surname>MERHY</surname><given-names>Emerson E</given-names></name></person-group></element-citation></ref></ref-list></back></article></articles>