<articles xmlns:xsi="http://www.w3.org/2001/XMLSchema-instance" xsi:schemaLocation="https://raw.githubusercontent.com/scieloorg/articles_meta/master/tests/xsd/scielo_sci/ThomsonReuters_publishing.xsd" dtd-version="1.10"><article lang_id="pt" article-type="editorial"><front><journal-meta><journal-id journal-id-type="publisher">tes</journal-id><journal-title-group><journal-title>Trabalho, Educação e Saúde</journal-title><abbrev-journal-title>Trab. educ. saúde</abbrev-journal-title></journal-title-group><issn>1981-7746</issn><collection>SciELO Brazil</collection><publisher><publisher-name>Fundação Oswaldo Cruz, Escola Politécnica de Saúde Joaquim Venâncio</publisher-name></publisher></journal-meta><article-meta><unique-article-id pub-id-type="publisher-id">S1981-77462011000100001</unique-article-id><article-id pub-id-type="publisher-id">S1981-77462011000100001</article-id><article-id pub-id-type="doi">10.1590/S1981-77462011000100001</article-id><article-categories><subj-group><subject>EDUCATION &amp; EDUCATIONAL RESEARCH</subject><subject>PUBLIC, ENVIRONMENTAL &amp; OCCUPATIONAL HEALTH</subject></subj-group></article-categories><title-group><article-title lang_id="pt">EDITORIAL</article-title></title-group><contrib-group><contrib contrib-type="author"><name><surname>Fonseca</surname><given-names>Angélica Ferreira</given-names></name><role>ND</role></contrib><contrib contrib-type="author"><name><surname>Martins</surname><given-names></given-names></name><role>ND</role></contrib><contrib contrib-type="author"><name><surname>Pereira</surname><given-names>Isabel Brasil</given-names></name><role>ND</role></contrib></contrib-group><pub-date><month>06</month><year>2011</year></pub-date><volume>9</volume><issue>1</issue><fpage>5</fpage><lpage>6</lpage><permissions><license license-type="open-access" href="http://creativecommons.org/licenses/by-nc/4.0/"><license-p>This work is licensed under a Creative Commons Attribution-NonCommercial 4.0 International License.</license-p></license></permissions><self-uri href="http://www.scielo.br/scielo.php?script=sci_arttext&amp;pid=S1981-77462011000100001&amp;lng=en&amp;tlng=en" content-type="full_text_page"/><self-uri href="http://www.scielo.br/scielo.php?script=sci_issuetoc&amp;pid=1981-774620110001&amp;lng=en" content-type="issue_page"/><self-uri href="http://www.scielo.br/scielo.php?script=sci_serial&amp;pid=1981-7746&amp;lng=en" content-type="journal_page"/></article-meta></front></article></articles>