<articles xmlns:xsi="http://www.w3.org/2001/XMLSchema-instance" xsi:schemaLocation="https://raw.githubusercontent.com/scieloorg/articles_meta/master/tests/xsd/scielo_sci/ThomsonReuters_publishing.xsd" dtd-version="1.10"><article lang_id="pt" article-type="research-article"><front><journal-meta><journal-id journal-id-type="publisher">tes</journal-id><journal-title-group><journal-title>Trabalho, Educação e Saúde</journal-title><abbrev-journal-title>Trab. educ. saúde</abbrev-journal-title></journal-title-group><issn>1981-7746</issn><collection>SciELO Brazil</collection><publisher><publisher-name>Fundação Oswaldo Cruz, Escola Politécnica de Saúde Joaquim Venâncio</publisher-name></publisher></journal-meta><article-meta><unique-article-id pub-id-type="publisher-id">S1981-77462008000100005</unique-article-id><article-id pub-id-type="publisher-id">S1981-77462008000100005</article-id><article-id pub-id-type="doi">10.1590/S1981-77462008000100005</article-id><article-categories><subj-group><subject>EDUCATION &amp; EDUCATIONAL RESEARCH</subject><subject>PUBLIC, ENVIRONMENTAL &amp; OCCUPATIONAL HEALTH</subject></subj-group></article-categories><title-group><article-title lang_id="pt">O sofrimento no trabalho docente: o caso das professoras da rede pública de Montes Claros, Minas Gerais</article-title><trans-title-group lang_id="en"><trans-title>Suffering in teaching: the case of the public network teachers of Montes Claros, Minas Gerais</trans-title></trans-title-group></title-group><contrib-group><contrib contrib-type="author"><name><surname>Noronha</surname><given-names>Maria Márcia Bicalho</given-names></name><role>ND</role><xref ref-type="aff" rid="A01"/></contrib><contrib contrib-type="author"><name><surname>Assunção</surname><given-names>Ada Ávila</given-names></name><role>ND</role><xref ref-type="aff" rid="A02"/></contrib><contrib contrib-type="author"><name><surname>Oliveira</surname><given-names>Dalila Andrade</given-names></name><role>ND</role><xref ref-type="aff" rid="A03"/></contrib></contrib-group><aff id="A01"><institution>Universidade Estadual de Montes Claros</institution><country>Brazil</country></aff><aff id="A02"><institution>Universidade Federal de Minas Gerais</institution><country>Brasil</country></aff><aff id="A03"><institution>Universidade Federal de Minas Gerais</institution><country>Brasil</country></aff><pub-date><month>06</month><year>2008</year></pub-date><volume>6</volume><issue>1</issue><fpage>65</fpage><lpage>86</lpage><permissions><license license-type="open-access" href="http://creativecommons.org/licenses/by-nc/4.0/"><license-p>This work is licensed under a Creative Commons Attribution-NonCommercial 4.0 International License.</license-p></license></permissions><self-uri href="http://www.scielo.br/scielo.php?script=sci_arttext&amp;pid=S1981-77462008000100005&amp;lng=en&amp;tlng=en" content-type="full_text_page"/><self-uri href="http://www.scielo.br/scielo.php?script=sci_issuetoc&amp;pid=1981-774620080001&amp;lng=en" content-type="issue_page"/><self-uri href="http://www.scielo.br/scielo.php?script=sci_serial&amp;pid=1981-7746&amp;lng=en" content-type="journal_page"/><abstract lang_id="pt"><p>Estudos nas últimas décadas têm evidenciado que o adoecimento do professor teria origem no paradoxo entre sua missão e a invisibilidade do trabalho docente aos olhos da organização escolar. O objetivo deste estudo é identificar possíveis interseções entre o excesso e rigor das cobranças, que não vêm acompanhadas das condições necessárias para a realização do trabalho do professor, e os relatos de frustração presente entre esses profissionais. Para avaliar o trabalho em sala de aula de nove professoras, adotou-se a metodologia da ergonomia da atividade de trabalho. Viu-se que as professoras, depois de intervirem inúmeras vezes para separar brigas de alunos em sala de aula, deixam, outras vezes, de dar atenção ao fato. Existe um momento em que elas ignoram a indisciplina, parecendo expressar uma estratégia para lidar com essa perturbação. Os resultados indicam a elaboração de um modelo de planejamento com previsão de tempo para as inúmeras atividades previstas pela nova missão da escola, visando a descongestionar a sala de aula e evitar a sobreposição de tarefas cuja marca mais intensa são as interrupções descritas.</p></abstract><trans-abstract lang_id="en"><p>Studies in the last decades have shown that teachers' illnesses originate in the paradox between their mission and the invisibility of teaching in the eyes of the school organization. The objective of this study is to identify possible intersections between the excess and strictness of the demands, made without providing the conditions needed for the required teaching work, and the reports of frustration among those professionals. To assess the work of nine teachers in the classroom, the authors adopted the methodology of work activity ergonomics. It was found that the teachers, after intervening countless times to separate students fighting in class, at other times do not turn their attention to the fact. In such moments they ignore the lack of discipline, seemingly expressing a strategy to deal with the disturbance. The results indicate the preparation of a planning model with time estimates for the numerous activities established by the school's new mission, aiming to reduce crowding in the classroom and avoid the overlapping of tasks, which contribute markedly to the students' disruptions.</p></trans-abstract><kwd-group lang_id="pt" kwd-group-type="author-generated"><kwd>saúde e trabalho</kwd><kwd>ergonomia</kwd><kwd>professoras</kwd><kwd>sofrimento</kwd></kwd-group><kwd-group lang_id="en" kwd-group-type="author-generated"><kwd>health and work</kwd><kwd>ergonomics</kwd><kwd>teachers</kwd><kwd>suffering</kwd></kwd-group></article-meta></front><back><ref-list><ref id="B1"><element-citation publication-type="article"><article-title>As transformações do trabalho e desafios teórico-metodológicos na ergonomia</article-title><source>Estudos de Psicologia</source><date><year>2002</year></date><fpage>745</fpage><lpage>752</lpage><volume>7</volume><person-group><name><surname>ABRAHÃO</surname><given-names>Júlia I.</given-names></name></person-group></element-citation></ref><ref id="B2"><element-citation publication-type="book"><source>O método nas ciências naturais e sociais: pesquisa quantitativa e qualitativa</source><date><year>1998</year></date><person-group><name><surname>ALVES-MAZZOTTI</surname><given-names>Alda J.</given-names></name><name><surname>GEWANDSZNAJDER</surname><given-names>Fernando</given-names></name><name><surname>ALVES-MAZZOTTI</surname><given-names>Alda J.</given-names></name><name><surname>GEWANDSZNAJDER</surname><given-names>Fernando</given-names></name></person-group></element-citation></ref><ref id="B3"><element-citation publication-type="article"><article-title>Saúde e trabalho docente: dando visibilidade aos processos de desgaste e adoecimento docente a partir da construção de uma rede de produção coletiva. Dossiê: trabalho docente</article-title><source>Educação em Revista</source><date><year>2003</year></date><fpage>183</fpage><lpage>212</lpage><volume>37</volume><person-group><name><surname>ARAÚJO</surname><given-names>Tânia Maria</given-names></name></person-group></element-citation></ref><ref id="B4"><element-citation publication-type="book"><source>Patologia do trabalho</source><date><year>2003</year></date><fpage>1.767</fpage><lpage>1.789</lpage><volume>2</volume><person-group><name><surname>ASSUNÇÃO</surname><given-names>Ada A.</given-names></name><name><surname>LIMA</surname><given-names>Francisco Paula A.</given-names></name><name><surname>MENDES</surname><given-names>René</given-names></name><name><surname>MENDES</surname><given-names>René</given-names></name></person-group></element-citation></ref><ref id="B5"><element-citation publication-type="article"><article-title>Síndrome de burnout e fatores associados: um estudo epidemiológico com professores</article-title><source>Cadernos de Saúde Pública</source><date><year>2006</year></date><fpage>1.017</fpage><lpage>1.026</lpage><issue>5</issue><volume>22</volume><person-group><name><surname>CARLOTTO</surname><given-names>Mary S.</given-names></name><name><surname>PALAZZO</surname><given-names>Lílian S.</given-names></name></person-group></element-citation></ref><ref id="B6"><element-citation publication-type="article"><article-title>A história de Alda: ensino, classe, raça e gênero</article-title><source>Educação e Pesquisa</source><date><year>1999</year></date><fpage>89</fpage><lpage>106</lpage><issue>1</issue><volume>25</volume><person-group><name><surname>CARVALHO</surname><given-names>Marília P.</given-names></name></person-group></element-citation></ref><ref id="B7"><element-citation publication-type="book"><source>Educação: carinho e trabalho</source><date><year>1999</year></date><person-group><name><surname>CODO</surname><given-names>Wanderley</given-names></name><name><surname>CODO</surname><given-names>Wanderley</given-names></name></person-group></element-citation></ref><ref id="B8"><element-citation publication-type="article"><article-title>A prática docente no contexto da sala de aula frente às reformas curriculares</article-title><source>Educar</source><date><year>2007</year></date><fpage>191</fpage><lpage>205</lpage><issue>29</issue><person-group><name><surname>CRUZ</surname><given-names>Giselle B.</given-names></name></person-group></element-citation></ref><ref id="B9"><element-citation publication-type="book"><source>Travail usure mentale: de la psychopathologie la psychodynamique du travail</source><date><year>1993</year></date><person-group><name><surname>DEJOURS</surname><given-names>Christophe</given-names></name><name><surname>DEJOURS</surname><given-names>Christophe</given-names></name></person-group></element-citation></ref><ref id="B10"><element-citation publication-type="article"><article-title>Le travail comme énigme</article-title><source>Sociologie du travail</source><date><year>1994</year></date><fpage>35</fpage><lpage>44</lpage><volume>2</volume><person-group><name><surname>DEJOURS</surname><given-names>Christophe</given-names></name><name><surname>MOLINIER</surname><given-names>Pascale</given-names></name></person-group></element-citation></ref><ref id="B11"><element-citation publication-type="book"><source>Plaisir et souffrance dans le travail: Séminaire interdisciplinaire de psychopathologie du travail</source><date><year>1987</year></date><person-group><name><surname>DEJOURS</surname><given-names>Christophe</given-names></name><name><surname>DEJOURS</surname><given-names>Christophe</given-names></name></person-group></element-citation></ref><ref id="B12"><element-citation publication-type="article"><article-title>Condições de trabalho e Saúde dos professores da rede particular de ensino de Vitória da Conquista, Bahia, Brasil</article-title><source>Cadernos de Saúde Pública</source><date><year>2004</year></date><fpage>187</fpage><lpage>203</lpage><issue>1</issue><volume>20</volume><person-group><name><surname>DELCOR</surname><given-names>Núria S.</given-names></name></person-group></element-citation></ref><ref id="B13"><element-citation publication-type="book"><source>Malestar docente</source><date><year>1999</year></date><person-group><name><surname>ESTEVE</surname><given-names>José Manuel</given-names></name><name><surname>ESTEVE</surname><given-names>José Manuel</given-names></name></person-group></element-citation></ref><ref id="B14"><element-citation publication-type="article"><article-title>Prevalência de transtornos mentais comuns entre professores da rede municipal de ensino de Belo Horizonte</article-title><source>Cadernos de Saúde Pública</source><date><year>2006</year></date><fpage>2.679</fpage><lpage>2.691</lpage><issue>12</issue><volume>22</volume><person-group><name><surname>GASPARINI</surname><given-names>Sandra Maria</given-names></name><name><surname>BARRETO</surname><given-names>Sandhi Maria</given-names></name><name><surname>ASSUNÇÃO</surname><given-names>Ada A.</given-names></name></person-group></element-citation></ref><ref id="B15"><element-citation publication-type="article"><article-title>O professor, as condições de trabalho e os efeitos sobre sua saúde</article-title><source>Educação e Pesquisa</source><date><year>2005</year></date><fpage>189</fpage><lpage>199</lpage><issue>2</issue><volume>31</volume><person-group><name><surname>ASSUNÇÃO</surname><given-names>Ada A.</given-names></name><name><surname>BARRETO</surname><given-names>Sandhi Maria</given-names></name><name><surname>GASPARINI</surname><given-names>Sandra Maria</given-names></name></person-group></element-citation></ref><ref id="B16"><element-citation publication-type="article"><article-title>Pesquisa Qualitativa: tipos fundamentais</article-title><source>Revista de Administração de Empresas</source><date><year>1995</year></date><fpage>20</fpage><lpage>29</lpage><issue>3</issue><volume>35</volume><person-group><name><surname>GODOY</surname><given-names>Arilda S.</given-names></name></person-group></element-citation></ref><ref id="B17"><element-citation publication-type="book"><source>Compreender o trabalho para transformá-lo</source><date><year>2001</year></date><person-group><name><surname>GUÉRIN</surname><given-names>François</given-names></name><name><surname>GUÉRIN</surname><given-names>François</given-names></name></person-group></element-citation></ref><ref id="B18"><element-citation publication-type="article"><article-title>Condições de trabalho, qualidade de vida e disfonia entre docentes</article-title><source>Cadernos de Saúde Pública</source><date><year>2007</year></date><fpage>2.439</fpage><lpage>2.461</lpage><issue>10</issue><volume>23</volume><person-group><name><surname>JARDIM</surname><given-names>Renata</given-names></name><name><surname>BARRETO</surname><given-names>Sandhi Maria</given-names></name><name><surname>ASSUNÇÃO</surname><given-names>Ada A.</given-names></name></person-group></element-citation></ref><ref id="B19"><element-citation publication-type="book"><source>Competitividad y salud ocupacional</source><date><year>2002</year></date><fpage>203</fpage><lpage>220</lpage><person-group><name><surname>KOHEN</surname><given-names>Jorge A.</given-names></name><name><surname>PANAIA</surname><given-names>Marta</given-names></name><name><surname>PANAIA</surname><given-names>Marta</given-names></name></person-group></element-citation></ref><ref id="B20"><element-citation publication-type="book"><source>Competitividad y salud ocupacional</source><date><year>2002</year></date><fpage>193</fpage><lpage>201</lpage><person-group><name><surname>MARTÍNEZ</surname><given-names>Deolidia</given-names></name><name><surname>PANAIA</surname><given-names>Marta</given-names></name><name><surname>PANAIA</surname><given-names>Marta</given-names></name></person-group></element-citation></ref><ref id="B21"><element-citation publication-type="book"><source>Reformas educacionais na América Latina e os trabalhadores docentes</source><date><year>2003</year></date><fpage>75</fpage><lpage>85</lpage><person-group><name><surname>MARTÍNEZ</surname><given-names>Deolidia</given-names></name><name><surname>OLIVEIRA</surname><given-names>Dalila A.</given-names></name><name><surname>OLIVEIRA</surname><given-names>Dalila A.</given-names></name></person-group></element-citation></ref><ref id="B22"><element-citation publication-type="article"><article-title>Professores afastados da docência por disfonia: o caso de BH</article-title><source>Cadernos Saúde Coletiva</source><date><year>2006</year></date><fpage>615</fpage><lpage>624</lpage><issue>4</issue><volume>14</volume><person-group><name><surname>MEDEIROS</surname><given-names>Adriane M.</given-names></name><name><surname>BARRETO</surname><given-names>Sandhi Maria</given-names></name><name><surname>ASSUNÇÃO</surname><given-names>Ada A.</given-names></name></person-group></element-citation></ref><ref id="B23"><element-citation publication-type="book"><source>Pesquisa qualitativa de serviços de saúde</source><date><year>2004</year></date><person-group><name><surname>MEDEIROS</surname><given-names>Adriane M.</given-names></name><name><surname>BOSI</surname><given-names>Maria Lúcia M.</given-names></name></person-group></element-citation></ref><ref id="B24"><element-citation publication-type="article"><article-title>A dor e a delícia de ser (estar) professora: trabalho docente e saúde mental</article-title><source>Estudos e Pesquisas em Psicologia</source><date><year>2006</year></date><fpage>63</fpage><lpage>75</lpage><issue>1</issue><volume>6</volume><person-group><name><surname>NEVES</surname><given-names>Mary Y.R.</given-names></name><name><surname>SILVA</surname><given-names>Edith S.</given-names></name></person-group></element-citation></ref><ref id="B25"><element-citation publication-type="thesis"><source>Condições do exercício profissional da professora e dos possíveis efeitos sobre a saúde: estudo de casos das professoras do Ensino Fundamental em uma escola pública de Montes Claros, Minas Gerais</source><date><year>2001</year></date><person-group><name><surname>NORONHA</surname><given-names>Maria Márcia B.</given-names></name><name><surname>NORONHA</surname><given-names>Maria Márcia B.</given-names></name></person-group></element-citation></ref><ref id="B26"><element-citation publication-type="book"><source>Reformas educacionais na América Latina e os trabalhadores docentes</source><date><year>2003</year></date><fpage>13</fpage><lpage>35</lpage><person-group><name><surname>NORONHA</surname><given-names>Maria Márcia B.</given-names></name></person-group></element-citation></ref><ref id="B27"><element-citation publication-type="book"><source>Educação básica: gestão do trabalho e da pobreza</source><date><year>2000</year></date><person-group><name><surname>OLIVEIRA</surname><given-names>Dalila A.</given-names></name><name><surname>OLIVEIRA</surname><given-names>Dalila A.</given-names></name></person-group></element-citation></ref><ref id="B28"><element-citation publication-type="article"><article-title>Trabalho e distúrbios psíquicos em professores da rede municipal de Vitória da Conquista, Bahia, Brasil</article-title><source>Cadernos de Saúde Pública</source><date><year>2005</year></date><fpage>1.480</fpage><lpage>1.490</lpage><issue>5</issue><volume>21</volume><person-group><name><surname>REIS</surname><given-names>Eduardo José F.B.</given-names></name></person-group></element-citation></ref><ref id="B29"><element-citation publication-type="article"><article-title>¿Por qué se están 'quemando' los profesores?</article-title><source>Revista del Instituto Nacional de Seguridad e Higiene en el Trabajo</source><date><year>2003</year></date><fpage>16</fpage><lpage>20</lpage><issue>28</issue><person-group><name><surname>SALANOVA</surname><given-names>Marisa</given-names></name><name><surname>LLORENS</surname><given-names>Susana</given-names></name><name><surname>GARCIA-RENEDO</surname><given-names>Mônica</given-names></name></person-group></element-citation></ref><ref id="B30"><element-citation publication-type="book"><source>Complexidade e pesquisa interdisciplinar: epistemologia e metodologia operativa</source><date><year>2002</year></date><person-group><name><surname>VASCONCELOS</surname><given-names>Eduardo M.</given-names></name><name><surname>VASCONCELOS</surname><given-names>Eduardo M.</given-names></name></person-group></element-citation></ref></ref-list></back></article></articles>