<articles xmlns:xsi="http://www.w3.org/2001/XMLSchema-instance" xsi:schemaLocation="https://raw.githubusercontent.com/scieloorg/articles_meta/master/tests/xsd/scielo_sci/ThomsonReuters_publishing.xsd" dtd-version="1.10"><article lang_id="pt" article-type="article-commentary"><front><journal-meta><journal-id journal-id-type="publisher">tes</journal-id><journal-title-group><journal-title>Trabalho, Educação e Saúde</journal-title><abbrev-journal-title>Trab. educ. saúde</abbrev-journal-title></journal-title-group><issn>1981-7746</issn><collection>SciELO Brazil</collection><publisher><publisher-name>Fundação Oswaldo Cruz, Escola Politécnica de Saúde Joaquim Venâncio</publisher-name></publisher></journal-meta><article-meta><unique-article-id pub-id-type="publisher-id">S1981-77462014000100002</unique-article-id><article-id pub-id-type="publisher-id">S1981-77462014000100002</article-id><article-id pub-id-type="doi">10.1590/S1981-77462014000100002</article-id><article-categories><subj-group><subject>EDUCATION &amp; EDUCATIONAL RESEARCH</subject><subject>PUBLIC, ENVIRONMENTAL &amp; OCCUPATIONAL HEALTH</subject></subj-group></article-categories><title-group><article-title lang_id="pt">A cultura estética e a educação do gosto como caminho de formação e humanização na área da saúde</article-title><trans-title-group lang_id="es"><trans-title>La cultura estética y la educación del gusto como camino de formación y humanización en el área de la salud</trans-title></trans-title-group><trans-title-group lang_id="en"><trans-title>The culture of aesthetics and taste education as the path for training and humanization in health</trans-title></trans-title-group></title-group><contrib-group><contrib contrib-type="author"><name><surname>Silva</surname><given-names>Marlon Ribeiro da</given-names></name><role>ND</role></contrib><contrib contrib-type="author"><name><surname>Sakamoto</surname><given-names>Jacqueline</given-names></name><role>ND</role></contrib><contrib contrib-type="author"><name><surname>Gallian</surname><given-names>Dante Marcello Claramonte</given-names></name><role>ND</role></contrib></contrib-group><aff id="A01"><institution>Universidade Federal de São Paulo</institution><country>Brazil</country></aff><aff id="A02"><institution>Universidade Federal de São Paulo</institution><country>Brazil</country></aff><aff id="A03"><institution>Universidade Federal de São Paulo</institution><country>Brazil</country></aff><pub-date><month>04</month><year>2014</year></pub-date><volume>12</volume><issue>1</issue><fpage>15</fpage><lpage>28</lpage><permissions><license license-type="open-access" href="http://creativecommons.org/licenses/by-nc/4.0/"><license-p>This work is licensed under a Creative Commons Attribution-NonCommercial 4.0 International License.</license-p></license></permissions><self-uri href="http://www.scielo.br/scielo.php?script=sci_arttext&amp;pid=S1981-77462014000100002&amp;lng=en&amp;tlng=en" content-type="full_text_page"/><self-uri href="http://www.scielo.br/scielo.php?script=sci_issuetoc&amp;pid=1981-774620140001&amp;lng=en" content-type="issue_page"/><self-uri href="http://www.scielo.br/scielo.php?script=sci_serial&amp;pid=1981-7746&amp;lng=en" content-type="journal_page"/><abstract lang_id="pt"><p>Partindo da candente discussão sobre humanização em saúde, este ensaio procura problematizar a abordagem sobre essa temática enfocando a necessária contribuição da 'teoria da cultura' e da 'educação do gosto'. Resgatando, numa perspectiva histórica e filosófica, os conceitos de Kultur e Bildung de Goethe e entendendo a formação como resultado da 'educação do gosto', este ensaio busca também pensar a humanização do profissional de saúde para além da implementação de políticas de treinamento técnico aplicadas no cotidiano do trabalho - também como experiência efetiva de uma formação pessoal que passa por uma experiência cultural.</p></abstract><trans-abstract lang_id="es"><p>Con base en la candente discusión sobre humanización en salud, este ensayo busca problematizar el enfoque sobre la necesaria contribución de la teoría de la cultura y de la educación del gusto. Mediante el rescate, desde una perspectiva histórica y filosófica, de los conceptos Kultur y Bildung de Goethe y la comprensión de que la formación es el resultado de la educación de gusto, se buscan pensar en la humanización del profesional de salud más allá de la implementación de políticas de capacitación técnica aplicadas al trabajo cotidiano, como una experiencia efectiva de una formación personal que pasa por una experiencia cultural.</p></trans-abstract><trans-abstract lang_id="en"><p>Based on the hot-button discussion about humane health care, this essay aims to discuss the approach to the necessary contribution of the theory of culture and taste education. Upon bringing up, from a historical and philosophical perspective, Goethe's concepts of Kultur and Bildung and the understanding that training is a result of taste education, we seek to think of the humanization of health professionals beyond the implementation of technical training policies applied in daily work as an effective personal training experience that goes through a cultural experience.</p></trans-abstract><kwd-group lang_id="pt" kwd-group-type="author-generated"><kwd>cultura estética</kwd><kwd>educação do gosto</kwd><kwd>formação</kwd><kwd>humanização</kwd><kwd>profissional de saúde</kwd></kwd-group><kwd-group lang_id="es" kwd-group-type="author-generated"><kwd>cultura estética</kwd><kwd>educación del gusto</kwd><kwd>formación</kwd><kwd>humanización</kwd><kwd>profesional de la salud</kwd></kwd-group><kwd-group lang_id="en" kwd-group-type="author-generated"><kwd>culture of aesthetics</kwd><kwd>taste education</kwd><kwd>training</kwd><kwd>humanization</kwd><kwd>health professional</kwd></kwd-group></article-meta></front><back><ref-list><ref id="B1"><element-citation publication-type="book"><source>Humanidades: um novo curso para a USE São Paulo</source><date><year>2001</year></date><fpage>65</fpage><lpage>101</lpage><person-group><name><surname>COELHO</surname><given-names>Teixeira</given-names></name><name><surname>RIBEIRO</surname><given-names>Renato</given-names></name><name><surname>RIBEIRO</surname><given-names>Renato</given-names></name></person-group></element-citation></ref><ref id="B2"><element-citation publication-type="book"><source>Literatura para quê?</source><date><year>2009</year></date><person-group><name><surname>COMPAGNON</surname><given-names>Antoine</given-names></name><name><surname>Brandini</surname><given-names>Laura Taddei</given-names></name><name><surname>COMPAGNON</surname><given-names>Antoine</given-names></name><name><surname>Brandini</surname><given-names>Laura Taddei</given-names></name></person-group></element-citation></ref><ref id="B3"><element-citation publication-type="book"><source>Os alemães: a luta pelo poder e a evolução dos hábitos nos séculos XIX e XX</source><date><year>1997</year></date><person-group><name><surname>ELIAS</surname><given-names>Norbert</given-names></name><name><surname>Cabral</surname><given-names>Álvaro</given-names></name><name><surname>ELIAS</surname><given-names>Norbert</given-names></name><name><surname>Cabral</surname><given-names>Álvaro</given-names></name></person-group></element-citation></ref><ref id="B4"><element-citation publication-type="book"><source>A formação do homem grego</source><date><year>2001</year></date><person-group><name><surname>JAEGER</surname><given-names>Werner</given-names></name><name><surname>Parreira</surname><given-names>Artur M.</given-names></name><name><surname>JAEGER</surname><given-names>Werner</given-names></name><name><surname>Parreira</surname><given-names>Artur M.</given-names></name></person-group></element-citation></ref><ref id="B5"><element-citation publication-type="article"><article-title>A (re)humanização da medicina</article-title><source>Psiquiatria na Prática Médica</source><date><year>2000</year></date><fpage>5</fpage><lpage>8</lpage><issue>2</issue><volume>33</volume><person-group><name><surname>GALLIAN</surname><given-names>Dante.</given-names></name></person-group><ext-link>www.unifesp.br/dpsiq/polbr/ppm/especial02a.htm</ext-link></element-citation></ref><ref id="B6"><element-citation publication-type="article"><article-title>As humanidades e o saber médico</article-title><source>Notandum</source><date><year>2002</year></date><fpage>47</fpage><lpage>50</lpage><issue>9</issue><person-group><name><surname>GALLIAN</surname><given-names>Dante.</given-names></name></person-group><ext-link>www.hottopos.com/notand9/dante.htm</ext-link></element-citation></ref><ref id="B7"><element-citation publication-type="article"><article-title>Experiências de humanização por estudantes de medicina</article-title><source>Trabalho, Educação e Saúde</source><date><year>2012</year></date><fpage>87</fpage><lpage>106</lpage><issue>1</issue><volume>10</volume><person-group><name><surname>GARCIA</surname><given-names>Maria Alice A.</given-names></name><name><surname>FERREIRA</surname><given-names>Fernanda P.</given-names></name><name><surname>FERRONATO</surname><given-names>Fernanda A.</given-names></name></person-group></element-citation></ref><ref id="B8"><element-citation publication-type="book"><source>Werther</source><date><year>1971</year></date><person-group><name><surname>GOETHE</surname><given-names>Johann</given-names></name><name><surname>Coutinho</surname><given-names>Galeão</given-names></name><name><surname>GOETHE</surname><given-names>Johann</given-names></name><name><surname>Coutinho</surname><given-names>Galeão</given-names></name></person-group></element-citation></ref><ref id="B9"><element-citation publication-type="book"><source>Os anos de aprendizado de Wilhelm Meister</source><date><year>2006</year></date><person-group><name><surname>GOETHE</surname><given-names>Johann</given-names></name><name><surname>Simone Neto</surname><given-names>Nicolino</given-names></name><name><surname>Simone Neto</surname><given-names>Nicolino</given-names></name></person-group></element-citation></ref><ref id="B10"><element-citation publication-type="article"><article-title>O teatro de Augusto Boal e a educação profissional em saúde</article-title><source>Trabalho, Educação e Saúde</source><date><month>06</month><year>2012</year></date><fpage>61</fpage><lpage>69</lpage><issue>1</issue><volume>10</volume><person-group><name><surname>GOLDSCHMIDT</surname><given-names>Irene L.</given-names></name></person-group></element-citation></ref><ref id="B11"><element-citation publication-type="book"><source>Cadernos HumanizaSUS: Volume 1. Formação e intervenção</source><date><year>2010</year></date><fpage>13</fpage><lpage>28</lpage><volume>1</volume><person-group><name><surname>HECKERT</surname><given-names>Ana Lúcia C</given-names></name><name><surname>NEVES</surname><given-names>Cláudia A. B.</given-names></name></person-group></element-citation></ref><ref id="B12"><element-citation publication-type="book"><source>Os anos de aprendizado de Wilhelm Meister</source><date><year>2006</year></date><person-group><name><surname>LUKÁCS</surname><given-names>George</given-names></name><name><surname>GOETHE</surname><given-names>Johann</given-names></name><name><surname>Simone Neto</surname><given-names>Nicolino</given-names></name><name><surname>GOETHE</surname><given-names>Johann</given-names></name><name><surname>Simone Neto</surname><given-names>Nicolino</given-names></name></person-group></element-citation></ref><ref id="B13"><element-citation publication-type="book"><source>Observações sobre o sentimento do belo e do sublime</source><date><year>1993</year></date><person-group><name><surname>KANT</surname><given-names>Emmanuel</given-names></name><name><surname>Figueiredo</surname><given-names>Vinícius de</given-names></name><name><surname>KANT</surname><given-names>Emmanuel</given-names></name><name><surname>Figueiredo</surname><given-names>Vinícius de</given-names></name></person-group></element-citation></ref><ref id="B14"><element-citation publication-type="book"><source>O cânone mínimo: o Bildungsroman na história da literatura</source><date><year>2000</year></date><person-group><name><surname>MAAS</surname><given-names>Wilma</given-names></name><name><surname>MAAS</surname><given-names>Wilma</given-names></name></person-group></element-citation></ref><ref id="B15"><element-citation publication-type="book"><source>Romance de formação em perspectiva histórica</source><date><year>1999</year></date><person-group><name><surname>MAZZARI</surname><given-names>Marcus</given-names></name><name><surname>MAZZARI</surname><given-names>Marcus</given-names></name></person-group></element-citation></ref><ref id="B16"><element-citation publication-type="article"><article-title>El analise literario y su papel formativo</article-title><source>Corvenit Internacional</source><date><year>2000</year></date><volume>1</volume><person-group><name><surname>QUINTÁS</surname><given-names>Alfonso</given-names></name></person-group><ext-link>www.hottopos.com/convenit/lq1.htm</ext-link></element-citation></ref><ref id="B17"><element-citation publication-type="article"><article-title>Ser e fazer diferente...: É possível provocar o desejo?</article-title><source>Interface: Comunicação, Saúde, Educação</source><date><year>2007</year></date><fpage>619</fpage><lpage>635</lpage><issue>23</issue><volume>11</volume><person-group><name><surname>RIOS</surname><given-names>Izabel C.</given-names></name></person-group></element-citation></ref><ref id="B18"><element-citation publication-type="book"><source>Romantismo, uma questão alemã</source><date><year>2010</year></date><person-group><name><surname>SAFRANSKI</surname><given-names>Rüdiger</given-names></name><name><surname>Rios</surname><given-names>Rita</given-names></name><name><surname>SAFRANSKI</surname><given-names>Rüdiger</given-names></name><name><surname>Rios</surname><given-names>Rita</given-names></name></person-group></element-citation></ref><ref id="B19"><element-citation publication-type="book"><source>Cultura estética e liberdade</source><date><year>2009</year></date><person-group><name><surname>SCHILLER</surname><given-names>Friedrich</given-names></name><name><surname>Barbosa</surname><given-names>Ricardo</given-names></name><name><surname>SCHILLER</surname><given-names>Friedrich</given-names></name><name><surname>Barbosa</surname><given-names>Ricardo</given-names></name></person-group></element-citation></ref></ref-list></back></article></articles>