<articles xmlns:xsi="http://www.w3.org/2001/XMLSchema-instance" xsi:schemaLocation="https://raw.githubusercontent.com/scieloorg/articles_meta/master/tests/xsd/scielo_sci/ThomsonReuters_publishing.xsd" dtd-version="1.10"><article lang_id="pt" article-type="research-article"><front><journal-meta><journal-id journal-id-type="publisher">tes</journal-id><journal-title-group><journal-title>Trabalho, Educação e Saúde</journal-title><abbrev-journal-title>Trab. educ. saúde</abbrev-journal-title></journal-title-group><issn>1981-7746</issn><collection>SciELO Brazil</collection><publisher><publisher-name>Fundação Oswaldo Cruz, Escola Politécnica de Saúde Joaquim Venâncio</publisher-name></publisher></journal-meta><article-meta><unique-article-id pub-id-type="publisher-id">S1981-77462007000200004</unique-article-id><article-id pub-id-type="publisher-id">S1981-77462007000200004</article-id><article-id pub-id-type="doi">10.1590/S1981-77462007000200004</article-id><article-categories><subj-group><subject>EDUCATION &amp; EDUCATIONAL RESEARCH</subject><subject>PUBLIC, ENVIRONMENTAL &amp; OCCUPATIONAL HEALTH</subject></subj-group></article-categories><title-group><article-title lang_id="pt">Trabalho, qualificação e a construção social de identidades profissionais nas organizações públicas de saúde</article-title><trans-title-group lang_id="en"><trans-title>Work, qualification and the social construction of professional identities in public health organizations</trans-title></trans-title-group></title-group><contrib-group><contrib contrib-type="author"><name><surname>Vieira</surname><given-names>Monica</given-names></name><role>ND</role><xref ref-type="aff" rid="A01"/></contrib></contrib-group><aff id="A01"><institution>Fundação Oswaldo Cruz</institution><country>Brazil</country></aff><pub-date><month>07</month><year>2007</year></pub-date><volume>5</volume><issue>2</issue><fpage>271</fpage><lpage>286</lpage><permissions><license license-type="open-access" href="http://creativecommons.org/licenses/by-nc/4.0/"><license-p>This work is licensed under a Creative Commons Attribution-NonCommercial 4.0 International License.</license-p></license></permissions><self-uri href="http://www.scielo.br/scielo.php?script=sci_arttext&amp;pid=S1981-77462007000200004&amp;lng=en&amp;tlng=en" content-type="full_text_page"/><self-uri href="http://www.scielo.br/scielo.php?script=sci_issuetoc&amp;pid=1981-774620070002&amp;lng=en" content-type="issue_page"/><self-uri href="http://www.scielo.br/scielo.php?script=sci_serial&amp;pid=1981-7746&amp;lng=en" content-type="journal_page"/><abstract lang_id="pt"><p>Este texto é parte de uma pesquisa acerca da relação entre o trabalhador de nível médio e seu trabalho nas organizações públicas de saúde, que teve como propósito repensar as atuais propostas de gestão do trabalho em saúde. Busca-se compreender as repercussões das mudanças contemporâneas no mundo do trabalho sobre o trabalho dos agentes administrativos, um grupo profissional quantitativamente importante dos serviços de saúde. A análise toma como referencial teórico uma vertente da sociologia do trabalho, denominada por Dubar sociologia dos grupos profissionais, que se situa entre uma sociologia do trabalho tradicional, muito centrada na questão salarial, e uma nova sociologia da organização, menos fechada nas análises dos modos de gestão internos. O trabalho de campo acerca das trajetórias profissionais de 18 trabalhadores administrativos foi realizado em duas unidades públicas de saúde. Constatou-se, entre eles, uma grande diversificação de formas de emprego, percursos profissionais e dinâmicas de identidade. Evidenciou-se, assim, que a compreensão da construção dos modos de ser trabalhador deve considerar múltiplas variáveis: formação profissional, vínculo empregatício, setor de atuação profissional, tempo de atuação na área e formas de organização do trabalho.</p></abstract><trans-abstract lang_id="en"><p>This text is part of a survey carried out regarding the relationship between midtier workers and their work in public health organizations, which was aimed at rethinking the current health work management proposals. The goal was to understand the impact the current changes made in the labor world had on administrative agents, a professional health service group that is important from the quantitative viewpoint. The analysis' theoretical point of reference is a line in labor sociology which Dubar denominates as professional group sociology and is situated between traditional labor sociology, very centered on the salary issue, and a new organizational sociology that focuses less intensely on analyzing internal modes of management. The field work, which involved detailing the professional track records of 18 administrative workers, was carried out in two public health units. It was noticed, among them, that there is a great diversification in the forms of employment, professional backgrounds, and identity dynamics. It was clear, therefore, that multiple variables must be taken into account to understand how worker modes are built: professional qualifications, job ties, sector of professional performance, the amount of time the person has been in the area, and how the work is organized.</p></trans-abstract><kwd-group lang_id="en" kwd-group-type="author-generated"><kwd>labor</kwd><kwd>qualification</kwd><kwd>professional identity</kwd></kwd-group><kwd-group lang_id="pt" kwd-group-type="author-generated"><kwd>trabalho</kwd><kwd>qualificação</kwd><kwd>identidade profissional</kwd></kwd-group></article-meta></front><back><ref-list><ref id="B1"><element-citation publication-type="book"><source>The system of professions: an essay on the division of expert labor</source><date><year>1988</year></date><person-group><name><surname>ABBOTT</surname><given-names>Andrew</given-names></name><name><surname>ABBOTT</surname><given-names>Andrew</given-names></name></person-group></element-citation></ref><ref id="B2"><element-citation publication-type="book"><source>A administração entre a tradição e a renovação</source><date><year>1996</year></date><person-group><name><surname>ACKTOUF</surname><given-names>Omar</given-names></name><name><surname>ACKTOUF</surname><given-names>Omar</given-names></name></person-group></element-citation></ref><ref id="B3"><element-citation publication-type="book"><source>Os sentidos do trabalho: ensaio sobre a afirmação e a negação do trabalho</source><date><year>2000</year></date><person-group><name><surname>ANTUNES</surname><given-names>Ricardo</given-names></name><name><surname>ANTUNES</surname><given-names>Ricardo</given-names></name></person-group></element-citation></ref><ref id="B4"><element-citation publication-type="book"><source>O mal-estar da pós-modernidade</source><date><year>2001</year></date><person-group><name><surname>BAUMAN</surname><given-names>Zygmunt</given-names></name><name><surname>BAUMAN</surname><given-names>Zygmunt</given-names></name></person-group></element-citation></ref><ref id="B5"><element-citation publication-type="book"><source>Razões práticas: sobre a teoria da ação</source><date><year>2004</year></date><person-group><name><surname>BOURDIEU</surname><given-names>Pierre</given-names></name><name><surname>BOURDIEU</surname><given-names>Pierre</given-names></name></person-group></element-citation></ref><ref id="B6"><element-citation publication-type="book"><source>Trabalho e capital monopolista</source><date><year>1987</year></date><person-group><name><surname>BRAVERMAN</surname><given-names>Harry</given-names></name><name><surname>BRAVERMAN</surname><given-names>Harry</given-names></name></person-group></element-citation></ref><ref id="B7"><element-citation publication-type="book"><source>As metamorfoses da questão social: uma crônica do salário</source><date><year>1998</year></date><person-group><name><surname>CASTEL</surname><given-names>Robert</given-names></name><name><surname>CASTEL</surname><given-names>Robert</given-names></name></person-group></element-citation></ref><ref id="B8"><element-citation publication-type="book"><source>Trabalho e educação: Coletânea CBE</source><date><year>1994</year></date><fpage>69</fpage><lpage>83</lpage><person-group><name><surname>CASTRO</surname><given-names>Nadya Guimarães</given-names></name></person-group></element-citation></ref><ref id="B9"><element-citation publication-type="article"><article-title>A sociologia do trabalho industrial no Brasil: desafios e interpretações</article-title><source>Revista Brasileira de Informação Bibliográfica em Ciências Sociais</source><date><year>1994</year></date><fpage>39</fpage><lpage>59</lpage><issue>37</issue><person-group><name><surname>CASTRO</surname><given-names>Nadya Guimarães</given-names></name><name><surname>LEITE</surname><given-names>Marcia</given-names></name></person-group></element-citation></ref><ref id="B10"><element-citation publication-type="book"><source>Formação do trabalhador: produtividade e cidadania</source><date><year>2001</year></date><person-group><name><surname>DELUIZ</surname><given-names>Neise</given-names></name><name><surname>DELUIZ</surname><given-names>Neise</given-names></name></person-group></element-citation></ref><ref id="B11"><element-citation publication-type="article"><article-title>El trabajo y las identidades profesionales y personales: Trayectorias Ocupacionales y Mercado de Trabajo</article-title><source>Revista Latinoamericana de Estudios del Trabajo</source><date><year>2001</year></date><fpage>5</fpage><lpage>15</lpage><issue>13</issue><person-group><name><surname>DUBAR</surname><given-names>Claude</given-names></name></person-group></element-citation></ref><ref id="B12"><element-citation publication-type="book"><source>Sociologie des professions</source><date><year>1998</year></date><person-group><name><surname>DUBAR</surname><given-names>Claude</given-names></name><name><surname>TRIPIER</surname><given-names>Pierre</given-names></name><name><surname>DUBAR</surname><given-names>Claude</given-names></name><name><surname>TRIPIER</surname><given-names>Pierre</given-names></name></person-group></element-citation></ref><ref id="B13"><element-citation publication-type="article"><article-title>Trajetórias educacionais e profissionais de trabalhadores na indústria petroquímica brasileira: um processo multidimensional de aquisição de qualificação. Trayectorias Ocupacionales y Mercado de Trabajo</article-title><source>Revista Latinoamericana de Estudios del Trabajo</source><date><year>2001</year></date><fpage>53 </fpage><lpage> 73</lpage><issue>13</issue><person-group><name><surname>FARTES</surname><given-names>Vera Lúcia Bueno</given-names></name></person-group></element-citation></ref><ref id="B14"><element-citation publication-type="thesis"><source>Da Profissão como profissão de fé ao "mercado em constante mutação": trajetórias e profissionalização dos alunos do Plano Estadual de Qualificação do Rio Grande do Sul (PEQ-RS)</source><date><year>2003</year></date><person-group><name><surname>FRANZOI</surname><given-names>Naira</given-names></name><name><surname>FRANZOI</surname><given-names>Naira</given-names></name></person-group></element-citation></ref><ref id="B15"><element-citation publication-type="book"><source>La profesion médica: un estudio de la sociología del conocimiento aplicado</source><date><year>1978</year></date><person-group><name><surname>FREIDSON</surname><given-names>Eliot</given-names></name><name><surname>FREIDSON</surname><given-names>Eliot</given-names></name></person-group></element-citation></ref><ref id="B16"><element-citation publication-type="book"><source>The semi-professions and their organization</source><date><year>1969</year></date><fpage>266</fpage><lpage>313</lpage><person-group><name><surname>GOODE</surname><given-names>William</given-names></name><name><surname>ETZIONI</surname><given-names>Amitai</given-names></name><name><surname>ETZIONI</surname><given-names>Amitai</given-names></name></person-group></element-citation></ref><ref id="B17"><element-citation publication-type="book"><source>Adeus ao proletariado: para além do socialismo</source><date><year>1982</year></date><person-group><name><surname>GORZ</surname><given-names>André</given-names></name><name><surname>GORZ</surname><given-names>André</given-names></name></person-group></element-citation></ref><ref id="B18"><element-citation publication-type="book"><source>Misérias do presente, riqueza do possível</source><date><year>2004</year></date><person-group><name><surname>GORZ</surname><given-names>André</given-names></name></person-group></element-citation></ref><ref id="B19"><element-citation publication-type="book"><source>Condição pós-moderna</source><date><year>1996</year></date><person-group><name><surname>HARVEY</surname><given-names>David</given-names></name><name><surname>HARVEY</surname><given-names>David</given-names></name></person-group></element-citation></ref><ref id="B20"><element-citation publication-type="book"><source>Luta por reconhecimento: a gramática moral dos conflitos sociais</source><date><year>2003</year></date><person-group><name><surname>HONNETH</surname><given-names>Axel</given-names></name><name><surname>Repa</surname><given-names>Luiz</given-names></name><name><surname>HONNETH</surname><given-names>Axel</given-names></name><name><surname>Repa</surname><given-names>Luiz</given-names></name></person-group></element-citation></ref><ref id="B21"><element-citation publication-type="book"><source>Estatísticas da Saúde: Assistência Médica Sanitária 2002</source><date><year>2002</year></date></element-citation></ref><ref id="B22"><element-citation publication-type="book"><source>The rise of profissionalism: a sociological analysis</source><date><year>1977</year></date><person-group><name><surname>LARSON</surname><given-names>Magaly. Sarfati</given-names></name><name><surname>LARSON</surname><given-names>Magaly. Sarfati</given-names></name></person-group></element-citation></ref><ref id="B23"><element-citation publication-type="article"><article-title>A sociologia do trabalho frente à reestruturação produtiva: uma discussão teórica</article-title><source>Revista Brasileira de Informação Bibliográfica em Ciências Sociais</source><date><year>1996</year></date><fpage>41</fpage><lpage>57</lpage><issue>42</issue><person-group><name><surname>LEITE</surname><given-names>Márcia</given-names></name><name><surname>SILVA</surname><given-names>Roque Aparecido</given-names></name></person-group></element-citation></ref><ref id="B24"><element-citation publication-type="book"><source>The professions: roles and rules</source><date><year>1970</year></date><person-group><name><surname>MOORE</surname><given-names>William</given-names></name><name><surname>MOORE</surname><given-names>William</given-names></name></person-group></element-citation></ref><ref id="B25"><element-citation publication-type="book"><source>Capitalismo desorganizado</source><date><year>1994</year></date><person-group><name><surname>OFFE</surname><given-names>Claus</given-names></name><name><surname>OFFE</surname><given-names>Claus</given-names></name></person-group></element-citation></ref><ref id="B26"><element-citation publication-type="article"><article-title>Novos padrões econômicos e demanda de qualificação e competências: Reestructuración y Trabajo en la Producción Agroalimentaria</article-title><source>Revista latinoamericana de Estúdios del Trabajo</source><date><year>2000</year></date><fpage>139</fpage><lpage>152</lpage><issue>12</issue><person-group><name><surname>PAIVA</surname><given-names>Vanilda</given-names></name></person-group></element-citation></ref><ref id="B27"><element-citation publication-type="article"><article-title>Interrogações a um campo teórico em crise</article-title><source>Tempo Social - Revista de Sociologia da USP</source><date><year>1994</year></date><fpage>147</fpage><lpage>179</lpage><issue>1-2</issue><volume>6</volume><person-group><name><surname>RISEK</surname><given-names>Cibele. Saliba</given-names></name></person-group></element-citation></ref><ref id="B28"><element-citation publication-type="book"><source>A corrosão do caráter: conseqüências pessoais do trabalho no novo capitalismo</source><date><year>1999</year></date><person-group><name><surname>SENNET</surname><given-names>Richard</given-names></name><name><surname>SENNET</surname><given-names>Richard</given-names></name></person-group></element-citation></ref><ref id="B29"><element-citation publication-type="book"><source>The social transformation of American medicine</source><date><year>1982</year></date><person-group><name><surname>STARR</surname><given-names>Paul</given-names></name><name><surname>STARR</surname><given-names>Paul</given-names></name></person-group></element-citation></ref><ref id="B30"><element-citation publication-type="thesis"><source>O que há de novo no debate da "qualificação do trabalho"?: Reflexões sobre o conceito com base nas obras de Georges Friedmann e Pierre Naville</source><date><year>2002</year></date><person-group><name><surname>TARTUCE</surname><given-names>Gisela Lobo Pereira</given-names></name><name><surname>TARTUCE</surname><given-names>Gisela Lobo Pereira</given-names></name></person-group></element-citation></ref></ref-list></back></article></articles>