<articles xmlns:xsi="http://www.w3.org/2001/XMLSchema-instance" xsi:schemaLocation="https://raw.githubusercontent.com/scieloorg/articles_meta/master/tests/xsd/scielo_sci/ThomsonReuters_publishing.xsd" dtd-version="1.10"><article lang_id="pt" article-type="editorial"><front><journal-meta><journal-id journal-id-type="publisher">tes</journal-id><journal-title-group><journal-title>Trabalho, Educação e Saúde</journal-title><abbrev-journal-title>Trab. educ. saúde</abbrev-journal-title></journal-title-group><issn>1981-7746</issn><collection>SciELO Brazil</collection><publisher><publisher-name>Fundação Oswaldo Cruz, Escola Politécnica de Saúde Joaquim Venâncio</publisher-name></publisher></journal-meta><article-meta><unique-article-id pub-id-type="publisher-id">S1981-77462005000200011</unique-article-id><article-id pub-id-type="publisher-id">S1981-77462005000200011</article-id><article-id pub-id-type="doi">10.1590/S1981-77462005000200011</article-id><article-categories><subj-group><subject>EDUCATION &amp; EDUCATIONAL RESEARCH</subject><subject>PUBLIC, ENVIRONMENTAL &amp; OCCUPATIONAL HEALTH</subject></subj-group></article-categories><title-group><article-title lang_id="pt">Emir Sader</article-title><trans-title-group lang_id="en"><trans-title>Emir Sader</trans-title></trans-title-group></title-group><pub-date><month>09</month><year>2005</year></pub-date><volume>3</volume><issue>2</issue><fpage>441</fpage><lpage>444</lpage><permissions><license license-type="open-access" href="http://creativecommons.org/licenses/by-nc/4.0/"><license-p>This work is licensed under a Creative Commons Attribution-NonCommercial 4.0 International License.</license-p></license></permissions><self-uri href="http://www.scielo.br/scielo.php?script=sci_arttext&amp;pid=S1981-77462005000200011&amp;lng=en&amp;tlng=en" content-type="full_text_page"/><self-uri href="http://www.scielo.br/scielo.php?script=sci_issuetoc&amp;pid=1981-774620050002&amp;lng=en" content-type="issue_page"/><self-uri href="http://www.scielo.br/scielo.php?script=sci_serial&amp;pid=1981-7746&amp;lng=en" content-type="journal_page"/><abstract lang_id="pt"><p>Graduado em Filosofia e Doutor em Ciências Políticas pela Universidade de São Paulo - com a tese "A crise hegemônica e sua ideologia: teorias do Estado brasileiro durante o regime militar" -, o professor Emir Sader lecionou em instituições públicas nacionais e internacionais, mantendo intensa colaboração com países latino-americanos. Desde 2000, é professor da Universidade do Estado do Rio de Janeiro, atuando junto ao Programa de Pós-Graduação em Sociologia e coordenando o Laboratório de Políticas Públicas. Coordena também o grupo de pesquisa Conhecimento, Autonomia e Participação, onde desenvolve pesquisas em Políticas Públicas e Educação. Em 2004, foi agraciado com o Prêmio Jabuti, concedido pela Câmara Brasileira do Livro. Entre suas obras mais recentes destacam-se Perspectivas (Record, 2005) e Crisis hegemônicas en tiempos imperiales (Centro de Investigación y Desarrollo, Havana, 2004). Temas como o esgotamento teórico do neoliberalismo - e o papel dos movimentos sociais na resistência a este modelo - e o recrudescimento dos fundamentalismos religiosos são abordados nesta entrevista, em sintonia com a produção acadêmica de Sader, que destaca sua arguta visão desses movimentos e do contexto geopolítico do subcontinente latino-americano, resgatando a perspectiva libertadora presente nas diferentes experiências dos países da região.</p></abstract><trans-abstract lang_id="en"><p>Emir Sader majored in Philosophy and obtained his doctor's degree in Political Sciences at São Paulo University with a thesis entitled "Hegemony crisis and its ideology: theories of the Brazilian State during the military regime". As a professor, he taught in many national and international institutions and maintained an intense collaboration with Latin American countries. Since 2000, he has been teaching at the State University of Rio de Janeiro in the Graduate Program in Sociology and coordinating the Laboratory of Public Policies of the university. Emir Sader also coordinates the research group Knowledge, Autonomy and Participation, which researches Public Policies and Education. In 2004, he won the Jabuti Award, granted by the Brazilian Book Chamber. Among the author's recent books are Perspectivas [Prospects] (Record, 2005) and Crisis hegemónicas en tiempos imperiales [Hegemonic crises in imperial times] (Center for Investigation and Development, Havana, 2004). In this interview, which reveals the author's keen sense of these movements and of the geopolitical context of Latin America (reclaiming the liberating perspective present in the region's historical background), Emir Sader speaks of the weakening of the theory of neoliberalism, the roles of social movements in resisting to this model, and the aggravation of religious fundamentalism.</p></trans-abstract></article-meta></front></article></articles>