<articles xmlns:xsi="http://www.w3.org/2001/XMLSchema-instance" xsi:schemaLocation="https://raw.githubusercontent.com/scieloorg/articles_meta/master/tests/xsd/scielo_sci/ThomsonReuters_publishing.xsd" dtd-version="1.10"><article lang_id="pt" article-type="research-article"><front><journal-meta><journal-id journal-id-type="publisher">tes</journal-id><journal-title-group><journal-title>Trabalho, Educação e Saúde</journal-title><abbrev-journal-title>Trab. educ. saúde</abbrev-journal-title></journal-title-group><issn>1981-7746</issn><collection>SciELO Brazil</collection><publisher><publisher-name>Fundação Oswaldo Cruz, Escola Politécnica de Saúde Joaquim Venâncio</publisher-name></publisher></journal-meta><article-meta><unique-article-id pub-id-type="publisher-id">S1981-77462009000300003</unique-article-id><article-id pub-id-type="publisher-id">S1981-77462009000300003</article-id><article-id pub-id-type="doi">10.1590/S1981-77462009000300003</article-id><article-categories><subj-group><subject>EDUCATION &amp; EDUCATIONAL RESEARCH</subject><subject>PUBLIC, ENVIRONMENTAL &amp; OCCUPATIONAL HEALTH</subject></subj-group></article-categories><title-group><article-title lang_id="pt">A formação de profissionais de saúde em instituições de ensino superior de Divinópolis, Minas Gerais</article-title><trans-title-group lang_id="en"><trans-title>The training of health professionals in institutions of higher education in Divinópolis, Minas Gerais</trans-title></trans-title-group></title-group><contrib-group><contrib contrib-type="author"><name><surname>Moraes</surname><given-names>Juliano Teixeira</given-names></name><role>ND</role><xref ref-type="aff" rid="A01"/></contrib><contrib contrib-type="author"><name><surname>Lopes</surname><given-names>Eliane Marta Teixeira</given-names></name><role>ND</role><xref ref-type="aff" rid="A02"/></contrib></contrib-group><aff id="A01"><institution>Universidade do Estado de Minas Gerais</institution><country>Brazil</country></aff><aff id="A02"><institution>Universidade Vale do Rio Verde de Três Corações</institution></aff><pub-date><month>11</month><year>2009</year></pub-date><volume>7</volume><issue>3</issue><fpage>435</fpage><lpage>444</lpage><permissions><license license-type="open-access" href="http://creativecommons.org/licenses/by-nc/4.0/"><license-p>This work is licensed under a Creative Commons Attribution-NonCommercial 4.0 International License.</license-p></license></permissions><self-uri href="http://www.scielo.br/scielo.php?script=sci_arttext&amp;pid=S1981-77462009000300003&amp;lng=en&amp;tlng=en" content-type="full_text_page"/><self-uri href="http://www.scielo.br/scielo.php?script=sci_issuetoc&amp;pid=1981-774620090003&amp;lng=en" content-type="issue_page"/><self-uri href="http://www.scielo.br/scielo.php?script=sci_serial&amp;pid=1981-7746&amp;lng=en" content-type="journal_page"/><abstract lang_id="pt"><p>Este artigo é resultado de um trabalho descritivo e exploratório realizado com os coordenadores e professores dos cursos de Enfermagem e de Nutrição de duas instituições de ensino superior do município de Divinópolis, Minas Gerais. Busca-se detectar e avaliar as mudanças na formação dos profissionais de saúde, mediante a observação do que ocorre nesse município, além de caracterizar a formação do profissional de saúde, à luz da legislação pertinente e com ênfase na política e programas de saúde pública propostos pelas Diretrizes Curriculares Nacionais para os cursos de saúde. Problemas com as ações interdisciplinares e os princípios, diretrizes e conceitos relacionados ao Sistema Único de Saúde estão entre as principais dificuldades relatadas pelos entrevistados. É um trabalho científico que pretende somar ao conhecimento já produzido e servir de apoio às discussões que coordenadores, professores e alunos queiram fazer sobre a necessária atualização dos saberes e fazeres profissionais de enfermagem e nutrição, segundo o novo modelo de saúde em desenvolvimento no Brasil.</p></abstract><trans-abstract lang_id="en"><p>This article is the result of a descriptive and exploratory study conducted with the coordinators and teachers of the Nursing and Nutrition courses from an institution of higher education in the city of Divinópolis, in Minas Gerais state. The aim is to detect and assess changes in the training of health professionals by observing what happens in this city and to characterize the training of health professionals in the light of relevant legislation and with an emphasis on policy and public health programs proposed by the National Curriculum Guidelines for health courses. Problems with the disciplinary actions and principles, guidelines and concepts related to the National Health System are among the main difficulties reported by the interviewees. It is a scientific article that intends to contribute to the already produced knowledge and to provide support to the discussions that coordinators, teachers, and students wanted to have about the necessary updating of the knowledge and practices of nursing and nutrition professionals, according to the new model of health development in Brazil.</p></trans-abstract><kwd-group lang_id="pt" kwd-group-type="author-generated"><kwd>formação</kwd><kwd>saúde</kwd><kwd>diretrizes curriculares</kwd></kwd-group><kwd-group lang_id="en" kwd-group-type="author-generated"><kwd>training</kwd><kwd>health</kwd><kwd>curriculum guidelines</kwd></kwd-group></article-meta></front><back><ref-list><ref id="B1"><element-citation publication-type="article"><article-title>Implementando as novas diretrizes curriculares para a educação médica: o que nos ensina o caso de Harvard?</article-title><source>Revista Interface - Comunicação, Saúde, Educação</source><date><month>02</month><year>2001</year></date><fpage>161</fpage><lpage>166</lpage><issue>8</issue><volume>5</volume><person-group><name><surname>AGUIAR</surname><given-names>Adriana C. de</given-names></name></person-group></element-citation></ref><ref id="B2"><element-citation publication-type="article"><article-title>Dilemas e desafios da formação profissional em saúde</article-title><source>Revista Interface - Comunicação, Saúde, Educação</source><date><month>08</month><year>2004</year></date><fpage>375</fpage><lpage>80</lpage><issue>15</issue><volume>8</volume><person-group><name><surname>AMÂNCIO FILHO</surname><given-names>Antenor</given-names></name></person-group></element-citation></ref><ref id="B3"><element-citation publication-type="book"><source>Resolução n.º 3, de 7 de novembro de 2001</source><date><month>11</month><year>2001</year></date><ext-link>www.mec.gov.br/cne</ext-link></element-citation></ref><ref id="B4"><element-citation publication-type="book"><source>Resolução n.º 4, de 19 de fevereiro de 2002</source><date><month>02</month><year>2002</year></date><ext-link>www.mec.gov.br/cne</ext-link></element-citation></ref><ref id="B5"><element-citation publication-type="book"><source>Pró-Saúde: programa nacional de reorientação da formação profissional em saúde/Ministério da Saúde</source><date><year>2005</year></date></element-citation></ref><ref id="B6"><element-citation publication-type="article"><article-title>Inovação na preparação de profissionais de saúde e a novidade da graduação em saúde coletiva</article-title><source>Boletim da Saúde</source><date><year>2002</year></date><fpage>9</fpage><lpage>36</lpage><issue>1</issue><volume>16</volume><person-group><name><surname>CECCIM</surname><given-names>Ricardo B.</given-names></name></person-group></element-citation></ref><ref id="B7"><element-citation publication-type="article"><article-title>O quadrilátero da formação para a área da saúde: ensino, gestão, atenção e controle social</article-title><source>Physis</source><date><month>06</month><year>2004</year></date><fpage>41</fpage><lpage>65</lpage><issue>1</issue><volume>14</volume><person-group><name><surname>CECCIM</surname><given-names>Ricardo B.</given-names></name><name><surname>FEUERWERKER</surname><given-names>Laura C. M.</given-names></name></person-group></element-citation></ref><ref id="B8"><element-citation publication-type="article"><article-title>Educação dos profissionais de saúde hoje: problemas, desafios, perspectivas e as propostas do Ministério da Saúde</article-title><source>Revista da Abeno</source><date><year>2003</year></date><fpage>24</fpage><lpage>27</lpage><issue>1</issue><volume>3</volume><person-group><name><surname>FEUERWERKER</surname><given-names>Laura C. M.</given-names></name></person-group><ext-link>www.abeno.org.br/revista/arquivos_pdf/2003/feue.pdf</ext-link></element-citation></ref><ref id="B9"><element-citation publication-type="article"><article-title>Estratégias para a mudança da formação dos profissionais de saúde</article-title><source>Caderno de Currículo e Ensino</source><date><year>2001</year></date><issue>4</issue><volume>2</volume><person-group><name><surname>FEUERWERKER</surname><given-names>Laura C. M.</given-names></name></person-group></element-citation></ref><ref id="B10"><element-citation publication-type="article"><article-title>No olho do furacão: contribuição ao debate sobre a residência multiprofissional em saúde</article-title><source>Revista Interface - Comunicação, Saúde, Educação</source><date><year>2009</year></date><fpage>229</fpage><lpage>230</lpage><issue>28</issue><volume>13</volume><person-group><name><surname>FEUERWERKER</surname><given-names>Laura C. M.</given-names></name></person-group></element-citation></ref><ref id="B11"><element-citation publication-type="book"><source>Métodos e técnicas de pesquisa social</source><date><year>1995</year></date><person-group><name><surname>GIL</surname><given-names>Antonio Carlos</given-names></name><name><surname>GIL</surname><given-names>Antonio Carlos</given-names></name></person-group></element-citation></ref><ref id="B12"><element-citation publication-type="book"><source>Cartografias do trabalho docente: professor(a)-pesquisador(a)</source><date><year>1998</year></date><person-group><name><surname>GERALDI</surname><given-names>C. M. G.</given-names></name><name><surname>FIORENTINI</surname><given-names>D.</given-names></name><name><surname>PEREIRA</surname><given-names>E. M. A.</given-names></name><name><surname>GERALDI</surname><given-names>C. M. G.</given-names></name><name><surname>FIORENTINI</surname><given-names>D.</given-names></name><name><surname>PEREIRA</surname><given-names>E. M. A.</given-names></name></person-group></element-citation></ref><ref id="B13"><element-citation publication-type="book"><source>Educação/ Sociedade/Cultura</source><date><year>2000</year></date><person-group><name><surname>LOBO NETO</surname><given-names>Francisco J. da S.</given-names></name><name><surname>LOBO NETO</surname><given-names>Francisco J. da S.</given-names></name></person-group></element-citation></ref><ref id="B14"><element-citation publication-type="book"><source>Pesquisa em educação: abordagens qualitativas</source><date><year>1986</year></date><person-group><name><surname>LÜDKE</surname><given-names>Menga</given-names></name><name><surname>ANDRÉ</surname><given-names>Marli E. D. A.</given-names></name><name><surname>LÜDKE</surname><given-names>Menga</given-names></name><name><surname>ANDRÉ</surname><given-names>Marli E. D. A.</given-names></name></person-group></element-citation></ref><ref id="B15"><element-citation publication-type="book"><source>Técnicas de pesquisa</source><date><year>1992</year></date><person-group><name><surname>MARCONI</surname><given-names>Marina A.</given-names></name><name><surname>LAKATOS</surname><given-names>Eva M.</given-names></name><name><surname>MARCONI</surname><given-names>Marina A.</given-names></name><name><surname>LAKATOS</surname><given-names>Eva M.</given-names></name></person-group></element-citation></ref><ref id="B16"><element-citation publication-type="book"><source>O desafio do conhecimento: pesquisa qualitativa em saúde</source><date><year>2004</year></date><person-group><name><surname>MINAYO</surname><given-names>Maria Cecília S.</given-names></name><name><surname>MINAYO</surname><given-names>Maria Cecília S.</given-names></name></person-group></element-citation></ref><ref id="B17"><element-citation publication-type="book"><source>Os professores e a sua formação</source><date><year>1992</year></date><fpage>95</fpage><lpage>114</lpage><person-group><name><surname>PÉREZ</surname><given-names>G. A. P. O.</given-names></name><name><surname>NÓVOA</surname><given-names>A.</given-names></name><name><surname>NÓVOA</surname><given-names>A.</given-names></name></person-group></element-citation></ref><ref id="B18"><element-citation publication-type="article"><article-title>Contribuição para as novas diretrizes curriculares nos cursos de graduação da área da saúde</article-title><source>Olho Mágico</source><date><year>1998</year></date><fpage>11</fpage><lpage>28</lpage><issue>16</issue><ext-link>www.redeunida.org.br</ext-link></element-citation></ref><ref id="B19"><element-citation publication-type="book"><source>Pesquisa social: métodos e técnicas</source><date><year>1999</year></date><person-group><name><surname>RICHARDSON</surname><given-names>Roberto J.</given-names></name><name><surname>RICHARDSON</surname><given-names>Roberto J.</given-names></name></person-group></element-citation></ref><ref id="B20"><element-citation publication-type="book"><source>Formação profissional em saúde: desafios para a universidade</source><person-group><name><surname>SANTANA</surname><given-names>J. P.</given-names></name><name><surname>CAMPOS</surname><given-names>S. E.</given-names></name><name><surname>SENA</surname><given-names>R. R.</given-names></name><name><surname>SANTANA</surname><given-names>J. P.</given-names></name><name><surname>CAMPOS</surname><given-names>S. E.</given-names></name><name><surname>SENA</surname><given-names>R. R.</given-names></name></person-group><ext-link>www.unb.br/ceam/nesp/polrhs/Temas/Formacao_Profissional_em_Saude.pdf</ext-link></element-citation></ref><ref id="B21"><element-citation publication-type="book"><source>Os professores e sua formação</source><date><year>1997</year></date><person-group><name><surname>SCHÖN</surname><given-names>D. A.</given-names></name><name><surname>NÓVOA</surname><given-names>A.</given-names></name><name><surname>NÓVOA</surname><given-names>A.</given-names></name></person-group></element-citation></ref><ref id="B22"><element-citation publication-type="article"><article-title>Políticas de educação profissional: referências e perspectivas</article-title><source>Ensaio: Avaliação e Políticas Públicas em Educação</source><date><month>06</month><year>2007</year></date><fpage>207</fpage><lpage>222</lpage><issue>55</issue><volume>15</volume><person-group><name><surname>WERMELINGER</surname><given-names>Monica</given-names></name><name><surname>MACHADO</surname><given-names>Maria Helena</given-names></name><name><surname>AMÂNCIO F.</surname><given-names>Antenor</given-names></name></person-group></element-citation></ref></ref-list></back></article></articles>