<articles xmlns:xsi="http://www.w3.org/2001/XMLSchema-instance" xsi:schemaLocation="https://raw.githubusercontent.com/scieloorg/articles_meta/master/tests/xsd/scielo_sci/ThomsonReuters_publishing.xsd" dtd-version="1.10"><article lang_id="pt" article-type="research-article"><front><journal-meta><journal-id journal-id-type="publisher">tes</journal-id><journal-title-group><journal-title>Trabalho, Educação e Saúde</journal-title><abbrev-journal-title>Trab. educ. saúde</abbrev-journal-title></journal-title-group><issn>1981-7746</issn><collection>SciELO Brazil</collection><publisher><publisher-name>Fundação Oswaldo Cruz, Escola Politécnica de Saúde Joaquim Venâncio</publisher-name></publisher></journal-meta><article-meta><unique-article-id pub-id-type="publisher-id">S1981-77462014000100007</unique-article-id><article-id pub-id-type="publisher-id">S1981-77462014000100007</article-id><article-id pub-id-type="doi">10.1590/S1981-77462014000100007</article-id><article-categories><subj-group><subject>EDUCATION &amp; EDUCATIONAL RESEARCH</subject><subject>PUBLIC, ENVIRONMENTAL &amp; OCCUPATIONAL HEALTH</subject></subj-group></article-categories><title-group><article-title lang_id="pt">Contribuições da formação técnica do agente comunitário de saúde para o desenvolvimento do trabalho da equipe Saúde da Família</article-title><trans-title-group lang_id="es"><trans-title>Contribución con el trabajo del equipo Salud Familiar en la formación técnica del agente comunitario de salud</trans-title></trans-title-group><trans-title-group lang_id="en"><trans-title>Contribution to the work of the Family Health team in the technical training of the health community agent</trans-title></trans-title-group></title-group><contrib-group><contrib contrib-type="author"><name><surname>Bornstein</surname><given-names>Vera Joana</given-names></name><role>ND</role><xref ref-type="aff" rid="A01"/></contrib><contrib contrib-type="author"><name><surname>David</surname><given-names>Helena Maria Scherlowski Leal</given-names></name><role>ND</role><xref ref-type="aff" rid="A02"/></contrib></contrib-group><aff id="A02"><institution>Universidade do Estado do Rio de Janeiro</institution><country>Brazil</country></aff><aff id="A01"><institution>Fundação Oswaldo Cruz</institution><country>Brazil</country></aff><pub-date><month>04</month><year>2014</year></pub-date><volume>12</volume><issue>1</issue><fpage>107</fpage><lpage>128</lpage><permissions><license license-type="open-access" href="http://creativecommons.org/licenses/by-nc/4.0/"><license-p>This work is licensed under a Creative Commons Attribution-NonCommercial 4.0 International License.</license-p></license></permissions><self-uri href="http://www.scielo.br/scielo.php?script=sci_arttext&amp;pid=S1981-77462014000100007&amp;lng=en&amp;tlng=en" content-type="full_text_page"/><self-uri href="http://www.scielo.br/scielo.php?script=sci_issuetoc&amp;pid=1981-774620140001&amp;lng=en" content-type="issue_page"/><self-uri href="http://www.scielo.br/scielo.php?script=sci_serial&amp;pid=1981-7746&amp;lng=en" content-type="journal_page"/><abstract lang_id="pt"><p>Este artigo aborda os resultados de pesquisa realizada entre 2008 e 2011 no âmbito da Escola Politécnica de Saúde Joaquim Venâncio, cujo objeto foi a formação técnica do agente comunitário de saúde (ACS). O eixo central de análise foram as mudanças produzidas no processo de trabalho decorrentes da reorientação do modelo de atenção à saúde pretendida com a implantação da Estratégia Saúde da Família. Participaram da pesquisa 32 ACSs alunos do curso, oito profissionais das suas equipes e dois ACSs da diretoria do Sindicato de Agentes Comunitários de Saúde do Rio de Janeiro que não eram alunos do curso. De maneira geral, os entrevistados questionaram as conquistas pretendidas com a mudança no modelo de atenção. Quanto à contribuição da formação técnica para a atuação dos ACSs, existe uma contradição clara entre a percepção deles e a perspectiva de médicos e enfermeiros. Enquanto esses últimos perceberam poucas mudanças ocorridas na atuação dos ACSs em decorrência do curso realizado, os agentes foram unânimes em apontar mudanças em relação ao trabalho e à sua própria vida. A tensão na relação entre ACSs e demais profissionais da equipe esteve presente nos resultados da pesquisa e indica uma necessidade de aprofundamento dessa relação.</p></abstract><trans-abstract lang_id="es"><p>Este artículo presenta los resultados de la investigación realizada entre 2008 y 2011 en el ámbito de la Escuela Politécnica de Salud Joaquim Venâncio, cuyo objeto fue la formación técnica del agente comunitario de salud (ACS). El eje central del análisis fueron los cambios que se producen en el proceso de trabajo derivados de la reorientación del modelo de atención a la salud pretendida con la implantación de la Estrategia Salud Familiar. En la encuesta participaron 32 ACS, alumnos del curso, ocho profesionales de sus equipos y dos ACS de la dirección del Sindicato de Agentes Comunitarios de Salud de Río de Janeiro que no eran alumnos del curso. En forma general, los entrevistados cuestionaron las conquistas pretendidas con el cambio en el modelo de atención. En cuanto a la contribución de la formación técnica para la actuación de los ACS, existe una contradicción clara entre la percepción de éstos y la perspectiva de médicos y enfermeros. Mientras estos últimos observaron pocos cambios ocurridos en la actuación de los ACS como resultado del curso realizado, los agentes fueron unánimes en indicar cambios con relación al trabajo y a su propia vida. La tensión en la relación entre los ACS y los demás profesionales del equipo fue constatada en los resultados de la investigación y señala una necesidad de profundizar esta relación.</p></trans-abstract><trans-abstract lang_id="en"><p>This article presents the findings of a research project undertaken at Escola Politécnica de Saúde Joaquim Venâncio (EPSJV) (Joaquim Venâncio Polytechnic School of Health/Oswaldo Cruz Foundation), which analyzed the Community Health Agents (CHA) technical course between 2008 and 2011. The research was developed from the point of view of CHAs, and also from the point of view of the other family health team members. The research used as guideline the modifications produced in the work process taking into account the changes introduced in the health care model that had been intended with the implementation of the Family Health Strategy. Thirty-two CHAs students of the course, eight members of their teams and two CHA members of the head office of SINDACS-RJ (Health Community Agents Trade Union - Rio de Janeiro) which were not students took part in the research. In general terms, the achievements that had been intended with the changes in the health care model were disputed by interviewees. As for the contribution the technical courses had on CHAs' performance, there is a clear contradiction between the perceptions of CHAs and that of physicians and nurses. While the latter observed few changes after CHAs took the technical course, the former unanimously pointed out changes not only in their work but also in their lives. The tension underlying the relations between the CHAs and the other team members appeared in the research results. Hence, there is a need to investigate into this matter.</p></trans-abstract><kwd-group lang_id="es" kwd-group-type="author-generated"><kwd>formación profesional</kwd><kwd>agente comunitario de salud</kwd><kwd>salud de la familia</kwd></kwd-group><kwd-group lang_id="en" kwd-group-type="author-generated"><kwd>professional education</kwd><kwd>community health agent</kwd><kwd>family health</kwd></kwd-group><kwd-group lang_id="pt" kwd-group-type="author-generated"><kwd>formação profissional</kwd><kwd>agente comunitário de saúde</kwd><kwd>saúde da família</kwd></kwd-group></article-meta></front><back><ref-list><ref id="B1"><element-citation publication-type="article"><article-title>O trabalho dos agentes comunitários de saúde: entre a mediação convencedora e a transformadora</article-title><source>Trabalho, Educação e Saúde</source><date><month>11</month><year>2008</year></date><fpage>457</fpage><lpage>480</lpage><issue>3</issue><volume>6</volume><person-group><name><surname>BORNSTEIN</surname><given-names>Vera J.</given-names></name><name><surname>STOTZ</surname><given-names>Eduardo N.</given-names></name></person-group></element-citation></ref><ref id="B2"><element-citation publication-type="book"><source>Referencial curricular para curso técnico de agentes comunitários de saúde: área profissional saúde</source><date><year>2004</year></date></element-citation></ref><ref id="B3"><element-citation publication-type="book"><source>Política nacional de atenção básica</source><date><year>2006</year></date></element-citation></ref><ref id="B4"><element-citation publication-type="book"><source>Portal da Atenção Básica: Situação de Implantação de Equipes de Saúde da Família, Saúde Bucal e Agentes Comunitários de Saúde, Brasil, agosto 2011</source><date><year>2011</year></date><ext-link>http://dab.saude.gov.br/abnumeros.php#mapas</ext-link></element-citation></ref><ref id="B5"><element-citation publication-type="article"><article-title>Alguns desafios conceituais e técnico-operacionais para o desenvolvimento do Programa de Saúde da Família como uma proposta transformadora do modelo assistencial</article-title><source>Physis: Revista de Saúde Coletiva</source><date><year>2002</year></date><fpage>59</fpage><lpage>75</lpage><issue>1</issue><volume>12</volume><person-group><name><surname>FAVORETO</surname><given-names>Cesar Augusto O.</given-names></name><name><surname>CAMARGO JR.</surname><given-names>Kenneth Rochel de</given-names></name></person-group></element-citation></ref><ref id="B6"><element-citation publication-type="book"><source>A pedagogia do oprimido</source><date><year>1987</year></date><person-group><name><surname>FREIRE</surname><given-names>Paulo</given-names></name><name><surname>FREIRE</surname><given-names>Paulo</given-names></name></person-group></element-citation></ref><ref id="B7"><element-citation publication-type="book"><source>Os sentidos da integralidade na atenção e no cuidado à saúde</source><date><year>2001</year></date><fpage>39</fpage><lpage>64</lpage><person-group><name><surname>MATTOS</surname><given-names>Ruben A.</given-names></name><name><surname>PINHEIRO</surname><given-names>Roseni</given-names></name><name><surname>MATTOS</surname><given-names>Ruben A.</given-names></name><name><surname>PINHEIRO</surname><given-names>Roseni</given-names></name><name><surname>MATTOS</surname><given-names>Ruben A.</given-names></name></person-group></element-citation></ref><ref id="B8"><element-citation publication-type="article"><article-title>Programa Saúde da Família: somos contra ou a favor?</article-title><source>Saúde em debate</source><date><year>2002</year></date><fpage>118</fpage><lpage>122</lpage><issue>60</issue><volume>26</volume><person-group><name><surname>MERHY</surname><given-names>Emerson E.</given-names></name><name><surname>FRANCO</surname><given-names>Túlio B.</given-names></name></person-group></element-citation></ref><ref id="B9"><element-citation publication-type="article"><article-title>Por uma composição técnica do trabalho em saúde centrada no campo relacional e nas tecnologias leves: Apontando mudanças para os modelos tecno-assistenciais</article-title><source>Saúde em debate</source><date><year>2003</year></date><fpage>316</fpage><lpage>323</lpage><issue>65</issue><volume>27</volume><person-group><name><surname>MERHY</surname><given-names>Emerson E.</given-names></name></person-group></element-citation></ref><ref id="B10"><element-citation publication-type="book"><source>O desafio do conhecimento: pesquisa qualitativa em saúde</source><date><year>1999</year></date><person-group><name><surname>MINAYO</surname><given-names>Maria Cecília de S.</given-names></name><name><surname>MINAYO</surname><given-names>Maria Cecília de S.</given-names></name></person-group></element-citation></ref><ref id="B11"><element-citation publication-type="article"><article-title>O agente comunitário de saúde no âmbito das políticas voltadas para a atenção básica: concepções do trabalho e da formação profissional</article-title><source>Trabalho, Educação e Saúde</source><date><year>2007</year></date><fpage>261</fpage><lpage>280</lpage><issue>2</issue><volume>5</volume><person-group><name><surname>MOROSINI</surname><given-names>Márcia V.</given-names></name><name><surname>CORBO</surname><given-names>Ana-Maria D'Andrea</given-names></name><name><surname>GUIMARÃES</surname><given-names>Cátia C.</given-names></name></person-group></element-citation></ref><ref id="B12"><element-citation publication-type="article"><article-title>O trabalho do agente comunitário de saúde: entre a dimensão técnica 'universalista' e a dimensão social 'comunitarista'</article-title><source>Interface: Comunicação, Saúde, Educação</source><date><year>2002</year></date><fpage>91</fpage><lpage>93</lpage><issue>10</issue><volume>6</volume><person-group><name><surname>NOGUEIRA</surname><given-names>Roberto P.</given-names></name></person-group></element-citation></ref><ref id="B13"><element-citation publication-type="book"><source>Educação Profissional em Saúde</source><date><year>2006</year></date><person-group><name><surname>PEREIRA</surname><given-names>Isabel B.</given-names></name><name><surname>RAMOS</surname><given-names>Marise N.</given-names></name><name><surname>PEREIRA</surname><given-names>Isabel B.</given-names></name><name><surname>RAMOS</surname><given-names>Marise N.</given-names></name></person-group></element-citation></ref><ref id="B14"><element-citation publication-type="article"><article-title>O agente comunitário de saúde e suas atribuições: os desafios para os processos de formação de recursos humanos em saúde</article-title><source>Interface: Comunicação, Saúde, Educação</source><date><year>2002</year></date><fpage>75</fpage><lpage>83</lpage><issue>10</issue><volume>6</volume><person-group><name><surname>SILVA Joana</surname><given-names>A.</given-names></name><name><surname>DALMASO Ana Silvia</surname><given-names>W.</given-names></name></person-group></element-citation></ref><ref id="B15"><element-citation publication-type="book"><source>O Sistema Único de Saúde em dez anos de desafio</source><date><year>2002</year></date><fpage>221</fpage><lpage>240</lpage><person-group><name><surname>SOUZA</surname><given-names>Heloiza M. de</given-names></name><name><surname>NEGRI</surname><given-names>Barjas</given-names></name><name><surname>VIANA</surname><given-names>Ana Luiza d'Ávila</given-names></name><name><surname>NEGRI</surname><given-names>Barjas</given-names></name><name><surname>VIANA</surname><given-names>Ana Luiza d'Ávila</given-names></name></person-group></element-citation></ref><ref id="B16"><element-citation publication-type="book"><source>Práticas discursivas e produção de sentidos no cotidiano: aproximações teóricas e metodológicas</source><date><year>2000</year></date><fpage>63</fpage><lpage>92</lpage><person-group><name><surname>SPINK</surname><given-names>Mary J.</given-names></name><name><surname>MENEGON</surname><given-names>Vera M.</given-names></name><name><surname>SPINK</surname><given-names>Mary Jane</given-names></name><name><surname>SPINK</surname><given-names>Mary Jane</given-names></name></person-group></element-citation></ref><ref id="B17"><element-citation publication-type="book"><source>Modelo de atenção à saúde: promoção, vigilância e saúde da família</source><date><year>2006</year></date><fpage>19</fpage><lpage>58</lpage><person-group><name><surname>TEIXEIRA</surname><given-names>Carmen F.</given-names></name><name><surname>TEIXEIRA</surname><given-names>Carmen F.</given-names></name><name><surname>SOLLA</surname><given-names>Jorge P.</given-names></name><name><surname>TEIXEIRA</surname><given-names>Carmen F.</given-names></name><name><surname>SOLLA</surname><given-names>Jorge P.</given-names></name></person-group></element-citation></ref><ref id="B18"><element-citation publication-type="article"><article-title>O agente comunitário de saúde não deve ser um 'super-herói'</article-title><source>Interface: Comunicação, Saúde, Educação</source><date><year>2002</year></date><fpage>84</fpage><lpage>87</lpage><issue>10</issue><volume>6</volume><person-group><name><surname>TOMAZ João</surname><given-names>B. C.</given-names></name></person-group></element-citation></ref><ref id="B19"><element-citation publication-type="book"><source>Educação popular e a atenção à saúde da família</source><date><year>1999</year></date><person-group><name><surname>VASCONCELOS</surname><given-names>Eymard M.</given-names></name><name><surname>VASCONCELOS</surname><given-names>Eymard M.</given-names></name></person-group></element-citation></ref></ref-list></back></article></articles>