<articles xmlns:xsi="http://www.w3.org/2001/XMLSchema-instance" xsi:schemaLocation="https://raw.githubusercontent.com/scieloorg/articles_meta/master/tests/xsd/scielo_sci/ThomsonReuters_publishing.xsd" dtd-version="1.10"><article lang_id="pt" article-type="research-article"><front><journal-meta><journal-id journal-id-type="publisher">tes</journal-id><journal-title-group><journal-title>Trabalho, Educação e Saúde</journal-title><abbrev-journal-title>Trab. educ. saúde</abbrev-journal-title></journal-title-group><issn>1981-7746</issn><collection>SciELO Brazil</collection><publisher><publisher-name>Fundação Oswaldo Cruz, Escola Politécnica de Saúde Joaquim Venâncio</publisher-name></publisher></journal-meta><article-meta><unique-article-id pub-id-type="publisher-id">S1981-77462010000200003</unique-article-id><article-id pub-id-type="publisher-id">S1981-77462010000200003</article-id><article-id pub-id-type="doi">10.1590/S1981-77462010000200003</article-id><article-categories><subj-group><subject>EDUCATION &amp; EDUCATIONAL RESEARCH</subject><subject>PUBLIC, ENVIRONMENTAL &amp; OCCUPATIONAL HEALTH</subject></subj-group></article-categories><title-group><article-title lang_id="pt">A Educação Permanente em Saúde como estratégia pedagógica de transformação das práticas: possibilidades e limites</article-title><trans-title-group lang_id="en"><trans-title>Continuing Education in Health as a pedagogical strategy to transform the practice: possibilities and limits</trans-title></trans-title-group></title-group><contrib-group><contrib contrib-type="author"><name><surname>Lima</surname><given-names>Josiane Vivian Camargo de</given-names></name><role>ND</role></contrib><contrib contrib-type="author"><name><surname>Turini</surname><given-names>Bárbara</given-names></name><role>ND</role></contrib><contrib contrib-type="author"><name><surname>Carvalho</surname><given-names>Brígida Gimenez</given-names></name><role>ND</role></contrib><contrib contrib-type="author"><name><surname>Nunes</surname><given-names>Elisabete de Fátima Pólo Almeida</given-names></name><role>ND</role></contrib><contrib contrib-type="author"><name><surname>Lepre</surname><given-names>Rafaela de Lemos</given-names></name><role>ND</role></contrib><contrib contrib-type="author"><name><surname>Mainardes</surname><given-names>Priscila</given-names></name><role>ND</role></contrib><contrib contrib-type="author"><name><surname>Cordoni Junior</surname><given-names>Luiz</given-names></name><role>ND</role></contrib></contrib-group><pub-date><month>10</month><year>2010</year></pub-date><volume>8</volume><issue>2</issue><fpage>207</fpage><lpage>227</lpage><permissions><license license-type="open-access" href="http://creativecommons.org/licenses/by-nc/4.0/"><license-p>This work is licensed under a Creative Commons Attribution-NonCommercial 4.0 International License.</license-p></license></permissions><self-uri href="http://www.scielo.br/scielo.php?script=sci_arttext&amp;pid=S1981-77462010000200003&amp;lng=en&amp;tlng=en" content-type="full_text_page"/><self-uri href="http://www.scielo.br/scielo.php?script=sci_issuetoc&amp;pid=1981-774620100002&amp;lng=en" content-type="issue_page"/><self-uri href="http://www.scielo.br/scielo.php?script=sci_serial&amp;pid=1981-7746&amp;lng=en" content-type="journal_page"/><abstract lang_id="pt"><p>Para contribuir com a transformação das práticas profissionais, foi desenvolvido um curso a distância para facilitadores de Educação Permanente em Saúde, e de Londrina participaram mais de 150 profissionais. Este estudo visa analisar as contribuições desse curso, sob a ótica dos participantes. Tratase de uma pesquisa quanti-qualitativa, e a coleta dos dados se deu a partir de grupos focais e entrevista semiestruturada. As discussões do grupo focal e da entrevista foram gravadas e transcritas, e as questões fechadas processadas pelo programa Epi Info. Os resultados apontam que o curso possibilitou a instituição de espaços coletivos de reflexão das práticas e promoveu a integração das equipes. As facilidades e dificuldades referiram-se à garantia de espaço, tempo, material e apoio, porém a motivação, interesse e participação também foram destacados. Conclui-se que houve contribuição para uma prática mais humanizada e acolhedora dos profissionais de saúde, tanto da gestão como do cuidado.</p></abstract><trans-abstract lang_id="en"><p>To contribute to transforming professional practices, we created a distance learning course for Continuing Education in Health facilitators. Upwards of 150 professionals from Londrina took part in the course. This study aims to examine the contributions of this course from the participants' perspective. This is a quantitative and qualitative survey, and data were collected from focus groups and semistructured interviews. The focus group discussions and interviews were taped and transcribed, and the closed questions processed using the Epi Info software. The results indicate that the course allowed the deployment of collective spaces for reflection on practices and drove team integration. The facilities and difficulties involved securing space, time, material and support, but motivation, interest and participation were also highlighted. It is concluded that a contribution was made to a more humane, welcoming practice among both management and care health professionals.</p></trans-abstract><kwd-group lang_id="en" kwd-group-type="author-generated"><kwd>health education</kwd><kwd>training</kwd><kwd>human resources</kwd></kwd-group><kwd-group lang_id="pt" kwd-group-type="author-generated"><kwd>educação em saúde</kwd><kwd>capacitação</kwd><kwd>recursos humanos</kwd></kwd-group></article-meta></front><back><ref-list><ref id="B1"><element-citation publication-type="article"><article-title>Caminhos para a integralidade na educação profissional técnica de nível médio em saúde</article-title><source>Trabalho, Educação e Saúde</source><date><year>2009</year></date><fpage>249</fpage><lpage>264</lpage><issue>2</issue><volume>7</volume><person-group><name><surname>ABRAHÃO</surname><given-names>Ana Lucia</given-names></name><name><surname>CASSAL</surname><given-names>Luan Carpes Barros</given-names></name></person-group></element-citation></ref><ref id="B2"><element-citation publication-type="article"><article-title>O desafio do trabalho em equipe na atenção à Saúde da Família: construindo 'novas autonomias' no trabalho</article-title><source>Interface - Comunicação, Saúde, Educação</source><date><year>2001</year></date><fpage>150</fpage><lpage>153</lpage><issue>9</issue><volume>5</volume><person-group><name><surname>ALMEIDA</surname><given-names>Maria Cecília Puntel</given-names></name><name><surname>MISHIMA</surname><given-names>Silvana Martins</given-names></name></person-group></element-citation></ref><ref id="B3"><element-citation publication-type="article"><article-title>Grupo focal, estratégia metodológica qualitativa: um ensaio teórico</article-title><source>Cogitare Enfermagem</source><date><year>2004</year></date><fpage>9</fpage><lpage>14</lpage><issue>1</issue><volume>9</volume><person-group><name><surname>ASCHIDAMINI</surname><given-names>Ione Maria</given-names></name><name><surname>SAUPE</surname><given-names>Rosita</given-names></name></person-group></element-citation></ref><ref id="B4"><element-citation publication-type="book"><source>Grupos focais</source><date><year>2009</year></date><person-group><name><surname>BARBOUR</surname><given-names>Rosaline</given-names></name><name><surname>BARBOUR</surname><given-names>Rosaline</given-names></name></person-group></element-citation></ref><ref id="B5"><element-citation publication-type="article"><article-title>Perspectivas interdisciplinar e rizomática na formação dos profissionais da saúde</article-title><source>Trabalho, Educação e Saúde</source><date><year>2006</year></date><fpage>247</fpage><lpage>258</lpage><issue>2</issue><volume>4</volume><person-group><name><surname>BAGNATO</surname><given-names>Maria Helena Salgado</given-names></name><name><surname>MONTEIRO</surname><given-names>Maria Inês</given-names></name></person-group></element-citation></ref><ref id="B6"><element-citation publication-type="book"><source>Análise de conteúdo</source><date><year>2009</year></date><person-group><name><surname>BARDIN</surname><given-names>Laurence</given-names></name><name><surname>BARDIN</surname><given-names>Laurence</given-names></name></person-group></element-citation></ref><ref id="B7"><element-citation publication-type="book"><source>A Educação Permanente entra na roda: polos de educação permanente em saúde. Conceitos e caminhos a percorrer</source><date><year>2005</year></date></element-citation></ref><ref id="B8"><element-citation publication-type="book"><source>Política de educação e desenvolvimento para o SUS: caminhos para a educação permanente em saúde. Polos de educação permanente em saúde</source><date><year>2004</year></date></element-citation></ref><ref id="B9"><element-citation publication-type="book"><source>Portaria GM/MS n.º 1.996 , de 20 de agosto de 2007. Dispõe sobre as diretrizes para a implementação da Política Nacional de Educação Permanente em Saúde e dá outras providências</source><date><month>08</month><year>2007</year></date></element-citation></ref><ref id="B10"><element-citation publication-type="book"><source>Construção social da demanda: direito à saúde, trabalho em equipe, participação e espaços públicos</source><date><year>2005</year></date><fpage>161</fpage><lpage>180</lpage><person-group><name><surname>CECCIM</surname><given-names>Ricardo Burg</given-names></name><name><surname>Pinheiro</surname><given-names>ROSENI</given-names></name><name><surname>MATTOS</surname><given-names>Ruben Araújo de</given-names></name><name><surname>Pinheiro</surname><given-names>ROSENI</given-names></name><name><surname>MATTOS</surname><given-names>Ruben Araújo de</given-names></name></person-group></element-citation></ref><ref id="B11"><element-citation publication-type="article"><article-title>Educação permanente em saúde: desafio ambicioso e necessário</article-title><source>Interface - Comunicação, Saúde, Educação</source><date><year>2005</year></date><fpage>161</fpage><lpage>177</lpage><issue>16</issue><volume>9</volume><person-group><name><surname>CECCIM</surname><given-names>Ricardo Burg</given-names></name></person-group></element-citation></ref><ref id="B12"><element-citation publication-type="article"><article-title>Educação Permanente em Saúde: descentralização e disseminação de capacidade pedagógica na saúde</article-title><source>Ciência &amp; Saúde Coletiva</source><date><year>2005</year></date><fpage>975</fpage><lpage>986</lpage><issue>4</issue><volume>10</volume><person-group><name><surname>CECCIM</surname><given-names>Ricardo Burg</given-names></name></person-group></element-citation></ref><ref id="B13"><element-citation publication-type="book"><source>Curso de formação de facilitadores em Educação Permanente em Saúde: orientação para o curso</source><date><year>2005</year></date><fpage>11</fpage><lpage>12</lpage><person-group><name><surname>CECCIM</surname><given-names>Ricardo Burg</given-names></name></person-group></element-citation></ref><ref id="B14"><element-citation publication-type="article"><article-title>O 'trabalhador moral' na saúde: reflexões sobre um conceito</article-title><source>Interface - Comunicação, Saúde, Educação</source><date><month>08</month><year>2007</year></date><fpage>345</fpage><lpage>63</lpage><issue>22</issue><volume>11</volume><person-group><name><surname>CECÍLIO</surname><given-names>Luiz Carlos Oliveira</given-names></name></person-group></element-citation></ref><ref id="B15"><element-citation publication-type="article"><article-title>Educação continuada: a política da descontinuidade</article-title><source>Educação &amp; Sociedade</source><date><year>1999</year></date><fpage>202</fpage><lpage>219</lpage><issue>68</issue><volume>20</volume><person-group><name><surname>COLLARES</surname><given-names>Cecília Azevedo Lima</given-names></name><name><surname>MOYSES</surname><given-names>Maria Aparecida Afonso</given-names></name><name><surname>GERALDI</surname><given-names>J.W.</given-names></name></person-group></element-citation></ref><ref id="B16"><element-citation publication-type="article"><article-title>Healthcare production and pedagogical output: integration of healthcare system settings in Brazil</article-title><source>Interface - Comunicação, Saúde, Educação</source><date><month>12</month><year>2007</year></date><fpage>427</fpage><lpage>38</lpage><issue>23</issue><volume>11</volume><person-group><name><surname>FRANCO</surname><given-names>Túlio Batista</given-names></name></person-group></element-citation></ref><ref id="B17"><element-citation publication-type="book"><source>Manual de iniciação à pesquisa em saúde</source><date><year>2000</year></date><person-group><name><surname>GOLDIM</surname><given-names>J. R.</given-names></name><name><surname>GOLDIM</surname><given-names>J. R.</given-names></name></person-group></element-citation></ref><ref id="B18"><element-citation publication-type="article"><article-title>Proceso de trabajo y educacion permanente de personal de salud: reorientacion y tendencias en America Latina</article-title><source>Educacion Médica y Salyud</source><date><year>1990</year></date><fpage>136</fpage><lpage>204</lpage><issue>2</issue><volume>24</volume><person-group><name><surname>HADDAD</surname><given-names>Jorge</given-names></name><name><surname>ROSCHKE</surname><given-names>Maria Alice Clasem</given-names></name><name><surname>DAVINI</surname><given-names>Maria Cristina</given-names></name></person-group></element-citation></ref><ref id="B19"><element-citation publication-type="book"><source>Filosofia da educação</source><date><year>1994</year></date><person-group><name><surname>LUCKESI</surname><given-names>Cipriano Carlos</given-names></name><name><surname>LUCKESI</surname><given-names>Cipriano Carlos</given-names></name></person-group></element-citation></ref><ref id="B20"><element-citation publication-type="book"><source>Os sentidos da integralidade na atenção e no cuidado à saúde</source><date><year>2001</year></date><fpage>39</fpage><lpage>64</lpage><person-group><name><surname>MATTOS</surname><given-names>Ruben Araujo</given-names></name><name><surname>PINHEIRO</surname><given-names>Roseni</given-names></name><name><surname>MATTOS Rubens</surname><given-names>A.</given-names></name><name><surname>PINHEIRO</surname><given-names>Roseni</given-names></name><name><surname>MATTOS Rubens</surname><given-names>A.</given-names></name></person-group></element-citation></ref><ref id="B21"><element-citation publication-type="book"><source>Saúde: a cartografia do trabalho vivo</source><date><year>2002</year></date><person-group><name><surname>MERHY</surname><given-names>Emerson Elias</given-names></name><name><surname>MERHY</surname><given-names>Emerson Elias</given-names></name></person-group></element-citation></ref><ref id="B22"><element-citation publication-type="article"><article-title>Educación permanente en salud uma estrategia para intervenir en la micropolítica del trabajo en salud</article-title><source>Salud Colectiva</source><date><year>2006</year></date><fpage>147</fpage><lpage>60</lpage><issue>2</issue><volume>2</volume><person-group><name><surname>MERHY</surname><given-names>Emerson Elias</given-names></name><name><surname>FEUERWEKER</surname><given-names>Laura Camargo Macruz</given-names></name><name><surname>CECCIM</surname><given-names>Ricardo Burg</given-names></name></person-group></element-citation></ref><ref id="B23"><element-citation publication-type="book"><source>Os sete saberes necessários à educação do futuro</source><date><year>2006</year></date><person-group><name><surname>MORIN</surname><given-names>Edgar</given-names></name><name><surname>MORIN</surname><given-names>Edgar</given-names></name></person-group></element-citation></ref><ref id="B24"><element-citation publication-type="book"><source>Desenvolvimento gerencial de unidades básicas de saúde do distrito sanitário. Projeto Gerus</source><date><year>1995</year></date><fpage>241</fpage><lpage>244</lpage><person-group><name><surname>NOGUEIRA</surname><given-names>Roberto Passos</given-names></name></person-group></element-citation></ref><ref id="B25"><element-citation publication-type="article"><article-title>Equipe multiprofissional de saúde: conceito e tipologia</article-title><source>Revista de Saúde Pública</source><date><year>2001</year></date><fpage>103</fpage><lpage>109</lpage><issue>1</issue><volume>35</volume><person-group><name><surname>PEDUZZI</surname><given-names>Marina</given-names></name></person-group></element-citation></ref><ref id="B26"><element-citation publication-type="thesis"><source>Trabalho em equipe de saúde da perspectiva de gerentes de serviços de saúde: possibilidades da prática comunicativa orientada pelas necessidades de saúde dos usuários e da população</source><date><year>2007</year></date><person-group><name><surname>PEDUZZI</surname><given-names>Marina</given-names></name></person-group></element-citation></ref><ref id="B27"><element-citation publication-type="book"><source>Reestruturação produtiva e trabalho em saúde no Brasil</source><date><year>1998</year></date><person-group><name><surname>PIRES</surname><given-names>Denise</given-names></name><name><surname>PIRES</surname><given-names>Denise</given-names></name></person-group></element-citation></ref><ref id="B28"><element-citation publication-type="article"><article-title>Subjetividade e trabalho: algumas contribuições conceituais de Michel Foucault</article-title><source>Interface - Comunicação, Saúde, Educação</source><date><month>06</month><year>2008</year></date><fpage>339</fpage><lpage>346</lpage><issue>25</issue><volume>12</volume><person-group><name><surname>RAMMINGER</surname><given-names>Tatiana</given-names></name><name><surname>NARDI</surname><given-names>Henrique Caetano</given-names></name></person-group></element-citation></ref><ref id="B29"><element-citation publication-type="article"><article-title>Grupos focais: experiências precursoras em programas educativos em saúde no Brasil</article-title><source>Boletín de la Oficina Sanitaria Panamericana</source><date><year>1996</year></date><fpage>472</fpage><lpage>81</lpage><issue>6</issue><volume>120</volume><person-group><name><surname>WESTPHAL</surname><given-names>Márcia Faria</given-names></name><name><surname>BÓGUS</surname><given-names>Claudia Maria</given-names></name><name><surname>FARIA</surname><given-names>Mara de Mello</given-names></name></person-group></element-citation></ref></ref-list></back></article></articles>