<articles xmlns:xsi="http://www.w3.org/2001/XMLSchema-instance" xsi:schemaLocation="https://raw.githubusercontent.com/scieloorg/articles_meta/master/tests/xsd/scielo_sci/ThomsonReuters_publishing.xsd" dtd-version="1.10"><article lang_id="pt" article-type="research-article"><front><journal-meta><journal-id journal-id-type="publisher">tes</journal-id><journal-title-group><journal-title>Trabalho, Educação e Saúde</journal-title><abbrev-journal-title>Trab. educ. saúde</abbrev-journal-title></journal-title-group><issn>1981-7746</issn><collection>SciELO Brazil</collection><publisher><publisher-name>Fundação Oswaldo Cruz, Escola Politécnica de Saúde Joaquim Venâncio</publisher-name></publisher></journal-meta><article-meta><unique-article-id pub-id-type="publisher-id">S1981-77462011000400007</unique-article-id><article-id pub-id-type="publisher-id">S1981-77462011000400007</article-id><article-id pub-id-type="doi">10.1590/S1981-77462011000400007</article-id><article-categories><subj-group><subject>EDUCATION &amp; EDUCATIONAL RESEARCH</subject><subject>PUBLIC, ENVIRONMENTAL &amp; OCCUPATIONAL HEALTH</subject></subj-group></article-categories><title-group><article-title lang_id="pt">Competências, sofrimento e construção de sentido na atividade de auxiliares de enfermagem em Utin</article-title><trans-title-group lang_id="en"><trans-title>Skills, suffering and construction of meaning in the activity of auxiliary nurses in the neonatal intensive care unit (NICU)</trans-title></trans-title-group></title-group><contrib-group><contrib contrib-type="author"><name><surname>Gomes</surname><given-names>Luciana</given-names></name><role>ND</role></contrib><contrib contrib-type="author"><name><surname>Masson</surname><given-names>Letícia Pessoa</given-names></name><role>ND</role></contrib><contrib contrib-type="author"><name><surname>Brito</surname><given-names>Jussara Cruz de</given-names></name><role>ND</role></contrib><contrib contrib-type="author"><name><surname>Athayde</surname><given-names>Milton</given-names></name><role>ND</role></contrib></contrib-group><pub-date><year>2011</year></pub-date><volume>9</volume><issue>suppl 1</issue><fpage>137</fpage><lpage>156</lpage><permissions><license license-type="open-access" href="http://creativecommons.org/licenses/by-nc/4.0/"><license-p>This work is licensed under a Creative Commons Attribution-NonCommercial 4.0 International License.</license-p></license></permissions><self-uri href="http://www.scielo.br/scielo.php?script=sci_arttext&amp;pid=S1981-77462011000400007&amp;lng=en&amp;tlng=en" content-type="full_text_page"/><self-uri href="http://www.scielo.br/scielo.php?script=sci_issuetoc&amp;pid=1981-774620110004&amp;lng=en" content-type="issue_page"/><self-uri href="http://www.scielo.br/scielo.php?script=sci_serial&amp;pid=1981-7746&amp;lng=en" content-type="journal_page"/><abstract lang_id="pt"><p>O artigo trata das competências requeridas/ desenvolvidas nas atividades de auxiliares de enfermagem de uma Unidade de Terapia Intensiva Neonatal (Utin) em articulação com a saúde dessas trabalhadoras (o sofrimento→prazer no trabalho). A perspectiva da ergologia orienta o esforço investigativo, incorporando outros referenciais, como os contidos nos estudos de Zarifian e Dejours. No plano metodológico, ainda tendo o ponto de vista da atividade como operador sintético, foram feitos levantamento e análise de documentos e visitas à Utin, operando-se com o dispositivo Encontros sobre o Trabalho, da Comunidade Ampliada de Pesquisa (CAP). Concluiu-se que o coletivo de auxiliares, protagonista do trabalho em análise, construiu um patrimônio de conhecimentos práticos sobre o seu trabalho e uma base minimamente eficaz de transmissão desse patrimônio. Fazendo uso da abordagem 'Psicodinâmica do Trabalho', ressaltou-se o caráter desafiante que o trabalho em UTI Neonatal apresenta, o que envolve saber lidar não só com o sofrimento dos neonatos como também o de mães e familiares, inclusive como forma de defesa contra seu próprio sofrimento, evitando um rumo patogênico. Observou-se, por fim, que é premente a demanda de qualificação formal por parte dessas trabalhadoras, o que propiciaria, dentre outros importantes benefícios, um maior reconhecimento social, com efeitos positivos sobre sua própria saúde.</p></abstract><trans-abstract lang_id="en"><p>The article deals with vocational training and skills required in the activity of nursing staff in Neonatal Intensive Care Unit (NICU) in conjunction with the 'body-self' and the health of these workers. It discusses the issue of jurisdiction in synergy with other issues relevant to her, as the ratio of service and suffering→pleasure working. The perspective of Ergology guides the investigative effort, incorporating other materials such as Zarifian and Dejours. At the methodological level, even taking the viewpoint of activity as synthetic operator, made visits to the NICU, survey and analysis of documents and operated with the device Meetings on the Work of the Community Extended Search. It was concluded that this collective assistants built a heritage of practical knowledge about their work and a basis minimally effective transmission of this heritage. Using the approach of 'work labor psychodynamics', it was emphasized that the character challenging work in the NICU has, which also involves coping with the suffering of mothers and relatives of newborns, including as a defense against his own suffering, avoiding a pathogenic way. It was also highlighted the importance of the possibility of renormatization, recentering of the environment in which they work, the extent that their values can be expressed. It was observed, finally, that there is a pressing demand for formal qualifications by these workers, which would provide, among other important benefits, greater social recognition, with positives effects to the health.</p></trans-abstract><kwd-group lang_id="en" kwd-group-type="author-generated"><kwd>health work</kwd><kwd>NICU</kwd><kwd>psychic suffering</kwd><kwd>ergology</kwd><kwd>work labor psychodynamics</kwd></kwd-group><kwd-group lang_id="pt" kwd-group-type="author-generated"><kwd>trabalho em saúde</kwd><kwd>UTI Neonatal</kwd><kwd>sofrimento psíquico</kwd><kwd>ergologia</kwd><kwd>Psicodinâmica do Trabalho</kwd></kwd-group></article-meta></front><back><ref-list><ref id="B1"><element-citation publication-type="book"><source>Estética da criação verbal</source><date><year>2003</year></date><person-group><name><surname>BAKHTIN</surname><given-names>Mikhail</given-names></name><name><surname>BAKHTIN</surname><given-names>Mikhail</given-names></name></person-group></element-citation></ref><ref id="B2"><element-citation publication-type="book"><source>Labirintos do trabalho: interrogações e olhares sobre o trabalho vivo</source><date><year>2004</year></date><fpage>91</fpage><lpage>114</lpage><person-group><name><surname>BRITO</surname><given-names>Jussara</given-names></name><name><surname>FIGUEIREDO</surname><given-names>Marcelo</given-names></name><name><surname>FIGUEIREDO</surname><given-names>Marcelo</given-names></name></person-group></element-citation></ref><ref id="B3"><element-citation publication-type="article"><article-title>Trabalho e saúde coletiva: o ponto de vista da atividade e das relações de gênero</article-title><source>Ciência e Saúde Coletiva</source><date><year>2005</year></date><fpage>879</fpage><lpage>890</lpage><volume>10</volume><person-group><name><surname>BRITO</surname><given-names>Jussara</given-names></name></person-group></element-citation></ref><ref id="B4"><element-citation publication-type="book"><source>Educação profissional em saúde</source><date><year>2006</year></date><fpage>282</fpage><lpage>288</lpage><person-group><name><surname>BRITO</surname><given-names>Jussara</given-names></name></person-group></element-citation></ref><ref id="B5"><element-citation publication-type="article"><article-title>Trabalho, educação e saúde: o ponto de vista da atividade</article-title><source>Trabalho, Educação e Saúde</source><date><year>2003</year></date><fpage>239</fpage><lpage>265</lpage><issue>2</issue><volume>1</volume><person-group><name><surname>BRITO</surname><given-names>Jussara</given-names></name><name><surname>ATHAYDE</surname><given-names>Milton</given-names></name></person-group></element-citation></ref><ref id="B6"><element-citation publication-type="book"><source>O normal e o patológico</source><date><year>2002</year></date><person-group><name><surname>CANGUILHEM</surname><given-names>Georges</given-names></name><name><surname>CANGUILHEM</surname><given-names>Georges</given-names></name></person-group></element-citation></ref><ref id="B7"><element-citation publication-type="article"><article-title>Georges Canguilhem y el estatuto epistemológico del concepto de salud</article-title><source>História, Ciências, Saúde - Manguinhos</source><date><year>1997</year></date><fpage>287</fpage><lpage>307</lpage><issue>2</issue><volume>4</volume><person-group><name><surname>CAPONI</surname><given-names>Sandra</given-names></name></person-group></element-citation></ref><ref id="B8"><element-citation publication-type="article"><article-title>Por um novo conceito de saúde</article-title><source>Revista Brasileira de Saúde Ocupacional</source><date><month>06</month><year>1986</year></date><fpage>7</fpage><lpage>11</lpage><issue>54</issue><volume>14</volume><person-group><name><surname>DEJOURS</surname><given-names>Christophe</given-names></name></person-group></element-citation></ref><ref id="B9"><element-citation publication-type="article"><article-title>Normalidade, trabalho e cidadania</article-title><source>Cadernos CRP</source><date><year>1992</year></date><fpage>13</fpage><lpage>17</lpage><volume>6</volume><person-group><name><surname>DEJOURS</surname><given-names>Christophe</given-names></name></person-group></element-citation></ref><ref id="B10"><element-citation publication-type="book"><source>A loucura do trabalho</source><date><year>2003</year></date><person-group><name><surname>DEJOURS</surname><given-names>Christophe</given-names></name></person-group></element-citation></ref><ref id="B11"><element-citation publication-type="book"><source>Trabalho e ergologia: conversas sobre a atividade humana</source><date><year>2010</year></date><fpage>309</fpage><lpage>318</lpage><person-group><name><surname>DURRIVE</surname><given-names>Louis</given-names></name><name><surname>SCHWARTZ</surname><given-names>Yves</given-names></name><name><surname>DURRIVE</surname><given-names>Louis</given-names></name><name><surname>SCHWARTZ</surname><given-names>Yves</given-names></name><name><surname>DURRIVE</surname><given-names>Louis</given-names></name></person-group></element-citation></ref><ref id="B12"><element-citation publication-type="article"><article-title>Glossário da ergologia</article-title><source>Laboreal</source><date><year>2008</year></date><fpage>23</fpage><lpage>28</lpage><issue>1</issue><volume>4</volume><person-group><name><surname>DURRIVE</surname><given-names>Louis</given-names></name><name><surname>SCHWARTZ</surname><given-names>Yves</given-names></name></person-group><ext-link>http://laboreal.up.pt/revista/artigo.php?id=48u56oTV6582234396587;63882</ext-link></element-citation></ref><ref id="B13"><element-citation publication-type="article"><article-title>Services immatériels et relationnels: intensité du travail et santé</article-title><source>@ctivités</source><date><year>2005</year></date><fpage>37</fpage><lpage>49</lpage><issue>1</issue><volume>2</volume><person-group><name><surname>DU TERTRE</surname><given-names>Christian</given-names></name></person-group><ext-link>&lt;http://www.activites.org/v2n1/dutertre.pdf&amp;gt;</ext-link></element-citation></ref><ref id="B14"><element-citation publication-type="book"><source>Análise dialógica da atividade profissional</source><date><year>2005</year></date><person-group><name><surname>FAÏTA</surname><given-names>Daniel</given-names></name><name><surname>FAÏTA</surname><given-names>Daniel</given-names></name></person-group></element-citation></ref><ref id="B15"><element-citation publication-type="book"><source>Trabalho e ergologia: conversas sobre a atividade humana</source><date><year>2010</year></date><fpage>165</fpage><lpage>186</lpage><person-group><name><surname>FAÏTA</surname><given-names>Daniel</given-names></name><name><surname>SCHWARTZ</surname><given-names>Yves</given-names></name><name><surname>DURRIVE</surname><given-names>Louis</given-names></name><name><surname>SCHWARTZ</surname><given-names>Yves</given-names></name><name><surname>DURRIVE</surname><given-names>Louis</given-names></name></person-group></element-citation></ref><ref id="B16"><element-citation publication-type="book"><source>Uma comunidade dialógica de pesquisa: atividade e discurso em guichê hospitalar</source><date><year>2007</year></date><person-group><name><surname>FRANÇA</surname><given-names>Maristela</given-names></name><name><surname>FRANÇA</surname><given-names>Maristela</given-names></name></person-group></element-citation></ref><ref id="B17"><element-citation publication-type="article"><article-title>Processo de trabalho em saúde e enfermagem em UTI neonatal</article-title><source>Revista Latino-Americana de Enfermagem</source><date><year>2004</year></date><fpage>469</fpage><lpage>476</lpage><issue>3</issue><volume>12</volume><person-group><name><surname>GAÍVA</surname><given-names>Maria Aparecida</given-names></name><name><surname>SCOCHI</surname><given-names>Carmem</given-names></name></person-group></element-citation></ref><ref id="B18"><element-citation publication-type="book"><source>Compreender o trabalho para transformá-lo: a prática da ergonomia</source><date><year>2001</year></date><person-group><name><surname>GUÉRIN</surname><given-names>François</given-names></name><name><surname>GUÉRIN</surname><given-names>François</given-names></name></person-group></element-citation></ref><ref id="B19"><element-citation publication-type="book"><source>Comprendre que Travailler c'est Penser, um Enjeu Industriel de l'Intervention Ergonomique</source><date><year>2001</year></date><fpage>11</fpage><lpage>31</lpage><person-group><name><surname>GUÉRIN</surname><given-names>François</given-names></name></person-group></element-citation></ref><ref id="B20"><element-citation publication-type="article"><article-title>L'approche ergonomique des questions santé/travail</article-title><source>Mouvements</source><date><year>2009</year></date><fpage>97</fpage><lpage>102</lpage><volume>58</volume><person-group><name><surname>GUÉRIN</surname><given-names>François</given-names></name></person-group><ext-link>www.cairn.info/article.php?ID_REVUE=MOUV&amp;ID_NUMPUBLIE=MOUV_058&amp;ID_ARTICLE=MOUV_058_0097</ext-link></element-citation></ref><ref id="B21"><element-citation publication-type="book"><source>Christophe Dejours: da psicopatologia à psicodinâmica do trabalho</source><date><year>2008</year></date><person-group><name><surname>LANCHMAN</surname><given-names>Selma</given-names></name><name><surname>SZNELWAR</surname><given-names>Laerte I</given-names></name><name><surname>LANCHMAN</surname><given-names>Selma</given-names></name><name><surname>SZNELWAR</surname><given-names>Laerte I</given-names></name></person-group></element-citation></ref><ref id="B22"><element-citation publication-type="article"><article-title>A feminização persistente na qualificação profissional da enfermagem brasileira</article-title><source>Cadernos Pagu</source><date><year>2005</year></date><fpage>105</fpage><lpage>125</lpage><volume>24</volume><person-group><name><surname>LOPES</surname><given-names>Marta Júlia</given-names></name><name><surname>LEAL</surname><given-names>Sandra Maria</given-names></name></person-group></element-citation></ref><ref id="B23"><element-citation publication-type="thesis"><source>Reforma psiquiátrica: novas cartografias de trabalho para os técnicos e auxiliares de enfermagem psiquiátrica</source><date><year>2004</year></date><person-group><name><surname>MARANHÃO</surname><given-names>Rosa Maria</given-names></name><name><surname>MARANHÃO</surname><given-names>Rosa Maria</given-names></name></person-group></element-citation></ref><ref id="B24"><element-citation publication-type="thesis"><source>A dimensão relacional do trabalho de auxiliares de enfermagem de uma unidade neonatal: uma análise do ponto de vista da atividade</source><date><year>2007</year></date><person-group><name><surname>MASSON</surname><given-names>Letícia</given-names></name><name><surname>MASSON</surname><given-names>Letícia</given-names></name></person-group></element-citation></ref><ref id="B25"><element-citation publication-type="book"><source>Quando a vida começa diferente: o bebê e sua família na UTI neonatal</source><date><year>2006</year></date><fpage>107</fpage><lpage>116</lpage><person-group><name><surname>MOREIRA</surname><given-names>Maria Elisabeth</given-names></name><name><surname>BOMFIM</surname><given-names>Olga Luiza</given-names></name><name><surname>LLERENA JÚNIOR</surname><given-names>Juan</given-names></name><name><surname>MOREIRA</surname><given-names>Maria Elisabeth</given-names></name><name><surname>BRAGA</surname><given-names>Nina</given-names></name><name><surname>MORSCH</surname><given-names>Denise</given-names></name><name><surname>MOREIRA</surname><given-names>Maria Elisabeth</given-names></name><name><surname>BRAGA</surname><given-names>Nina</given-names></name><name><surname>MORSCH</surname><given-names>Denise</given-names></name></person-group></element-citation></ref><ref id="B26"><element-citation publication-type="book"><source>Labirintos do trabalho: interrogações e olhares sobre o trabalho vivo</source><date><year>2004</year></date><fpage>37</fpage><lpage>62</lpage><person-group><name><surname>NOUROUDINE</surname><given-names>Abdallah</given-names></name><name><surname>FIGUEIREDO</surname><given-names>Marcelo</given-names></name><name><surname>FIGUEIREDO</surname><given-names>Marcelo</given-names></name></person-group></element-citation></ref><ref id="B27"><element-citation publication-type="thesis"><source>Trabalho hospitalar e saúde mental: o caso de um hospital geral e público no município do Rio de Janeiro</source><date><year>1993</year></date><person-group><name><surname>REGO</surname><given-names>Marisa</given-names></name><name><surname>REGO</surname><given-names>Marisa</given-names></name></person-group></element-citation></ref><ref id="B28"><element-citation publication-type="book"><source>L'Ergonomie en Quête de ses Principes: débats épistémologiques</source><date><month>10</month><year>1996</year></date><fpage>141</fpage><lpage>182</lpage><person-group><name><surname>SCHWARTZ</surname><given-names>Yves</given-names></name><name><surname>DANIELLOU</surname><given-names>François</given-names></name><name><surname>DANIELLOU</surname><given-names>François</given-names></name></person-group></element-citation></ref><ref id="B29"><element-citation publication-type="article"><article-title>Os ingredientes da competência: Um exercício necessário para uma questão insolúvel</article-title><source>Educação &amp; Sociedade</source><date><month>12</month><year>1998</year></date><issue>65</issue><volume>19</volume><person-group><name><surname>SCHWARTZ</surname><given-names>Yves</given-names></name></person-group><ext-link>www.scielo.br/scielo.php?script=sci_arttext&amp;pid=S0101-73301998000400004&amp;lng=pt&amp;nrm=iso</ext-link></element-citation></ref><ref id="B30"><element-citation publication-type="book"><source>Le Paradigme Ergologique ou un Métier de Philosophe</source><date><month>10</month><year>2000</year></date><person-group><name><surname>SCHWARTZ</surname><given-names>Yves</given-names></name></person-group></element-citation></ref><ref id="B31"><element-citation publication-type="article"><article-title>A comunidade científica ampliada e o regime de produção de saberes</article-title><source>Trabalho &amp; Educação</source><date><year>2000</year></date><fpage>38</fpage><lpage>46</lpage><volume>7</volume><person-group><name><surname>SCHWARTZ</surname><given-names>Yves</given-names></name></person-group></element-citation></ref><ref id="B32"><element-citation publication-type="book"><source>Linguagem e trabalho: construções de objetos de análise no Brasil e na França</source><date><year>2002</year></date><fpage>109</fpage><lpage>126</lpage><person-group><name><surname>SCHWARTZ</surname><given-names>Yves</given-names></name><name><surname>SOUZA-E-SILVA</surname><given-names>Maria Cecília</given-names></name><name><surname>FAÏTA</surname><given-names>Daniel</given-names></name><name><surname>SOUZA-E-SILVA</surname><given-names>Maria Cecília</given-names></name><name><surname>FAÏTA</surname><given-names>Daniel</given-names></name></person-group></element-citation></ref><ref id="B33"><element-citation publication-type="book"><source>Trabalho e ergologia: conversas sobre a atividade humana</source><date><year>2010</year></date><fpage>205</fpage><lpage>221</lpage><person-group><name><surname>SCHWARTZ</surname><given-names>Yves</given-names></name><name><surname>SCHWARTZ</surname><given-names>Yves</given-names></name><name><surname>DURRIVE</surname><given-names>Louis</given-names></name><name><surname>SCHWARTZ</surname><given-names>Yves</given-names></name><name><surname>DURRIVE</surname><given-names>Louis</given-names></name></person-group></element-citation></ref><ref id="B34"><element-citation publication-type="book"><source>Trabalho e ergologia: conversas sobre a atividade humana</source><date><year>2010</year></date><fpage>191</fpage><lpage>204</lpage><person-group><name><surname>SCHWARTZ</surname><given-names>Yves</given-names></name><name><surname>SCHWARTZ</surname><given-names>Yves</given-names></name><name><surname>DURRIVE</surname><given-names>Louis</given-names></name><name><surname>SCHWARTZ</surname><given-names>Yves</given-names></name><name><surname>DURRIVE</surname><given-names>Louis</given-names></name></person-group></element-citation></ref><ref id="B35"><element-citation publication-type="book"><source>Trabalho e ergologia: conversas sobre a atividade humana</source><date><year>2010</year></date><fpage>149</fpage><lpage>164</lpage><person-group><name><surname>SCHWARTZ</surname><given-names>Yves</given-names></name><name><surname>SCHWARTZ</surname><given-names>Yves</given-names></name><name><surname>DURRIVE</surname><given-names>Louis</given-names></name><name><surname>SCHWARTZ</surname><given-names>Yves</given-names></name><name><surname>DURRIVE</surname><given-names>Louis</given-names></name></person-group></element-citation></ref><ref id="B36"><element-citation publication-type="book"><source>Trabalho e ergologia: conversas sobre a atividade humana</source><date><year>2010</year></date><fpage>131</fpage><lpage>148</lpage><person-group><name><surname>SCHWARTZ</surname><given-names>Yves</given-names></name><name><surname>SCHWARTZ</surname><given-names>Yves</given-names></name><name><surname>DURRIVE</surname><given-names>Louis</given-names></name><name><surname>SCHWARTZ</surname><given-names>Yves</given-names></name><name><surname>DURRIVE</surname><given-names>Louis</given-names></name></person-group></element-citation></ref><ref id="B37"><element-citation publication-type="article"><article-title>A organização do trabalho na assistência ao recém-nascido em berçários da regional de Ribeirão Preto - SP. Brasil - 1992</article-title><source>Revista Latino-Americana de Enfermagem</source><date><year>1997</year></date><fpage>27</fpage><lpage>36</lpage><issue>1</issue><volume>5</volume><person-group><name><surname>SCOCHI</surname><given-names>Carmem</given-names></name></person-group></element-citation></ref><ref id="B38"><element-citation publication-type="article"><article-title>Trabalho no hospital: ritmos frenéticos, rotinas entediantes</article-title><source>Cadernos de Psicologia Social do Trabalho</source><date><year>2006</year></date><fpage>15</fpage><lpage>32</lpage><issue>1</issue><volume>9</volume><person-group><name><surname>SILVA</surname><given-names>Cláudia O</given-names></name></person-group></element-citation></ref><ref id="B39"><element-citation publication-type="article"><article-title>A promoção da saúde a partir das situações de trabalho: considerações referenciadas em uma experiência com trabalhadores de escolas públicas</article-title><source>Interface - Comunicação, Saúde e Educação</source><date><year>2009</year></date><fpage>107</fpage><lpage>119</lpage><volume>13</volume><person-group><name><surname>SILVA</surname><given-names>Edil Ferreira</given-names></name></person-group></element-citation></ref><ref id="B40"><element-citation publication-type="book"><source>Labirintos do Trabalho: interrogações sobre o trabalho vivo</source><date><year>2004</year></date><fpage>63</fpage><lpage>90</lpage><person-group><name><surname>TELLES</surname><given-names>Ana Luiza</given-names></name><name><surname>ALVAREZ</surname><given-names>Denise</given-names></name><name><surname>FIGUEIREDO</surname><given-names>Marcelo</given-names></name><name><surname>FIGUEIREDO</surname><given-names>Marcelo</given-names></name></person-group></element-citation></ref><ref id="B41"><element-citation publication-type="book"><source>Relação de serviço: produção e avaliação</source><date><year>2001</year></date><fpage>67</fpage><lpage>94</lpage><person-group><name><surname>ZARIFIAN</surname><given-names>Philippe</given-names></name><name><surname>SALERNO</surname><given-names>Mario Sérgio</given-names></name><name><surname>SALERNO</surname><given-names>Mario Sérgio</given-names></name></person-group></element-citation></ref><ref id="B42"><element-citation publication-type="book"><source>Relação de Serviço: produção e avaliação</source><date><year>2001</year></date><fpage>95</fpage><lpage>150</lpage><person-group><name><surname>ZARIFIAN</surname><given-names>Philippe</given-names></name><name><surname>SALERNO</surname><given-names>Mario Sérgio</given-names></name><name><surname>SALERNO</surname><given-names>Mario Sérgio</given-names></name></person-group></element-citation></ref><ref id="B43"><element-citation publication-type="book"><source>Objetivo competência: por uma nova lógica</source><date><year>2001</year></date><person-group><name><surname>ZARIFIAN</surname><given-names>Philippe</given-names></name></person-group></element-citation></ref></ref-list></back></article></articles>