<articles xmlns:xsi="http://www.w3.org/2001/XMLSchema-instance" xsi:schemaLocation="https://raw.githubusercontent.com/scieloorg/articles_meta/master/tests/xsd/scielo_sci/ThomsonReuters_publishing.xsd" dtd-version="1.10"><article lang_id="pt" article-type="research-article"><front><journal-meta><journal-id journal-id-type="publisher">tes</journal-id><journal-title-group><journal-title>Trabalho, Educação e Saúde</journal-title><abbrev-journal-title>Trab. educ. saúde</abbrev-journal-title></journal-title-group><issn>1981-7746</issn><collection>SciELO Brazil</collection><publisher><publisher-name>Fundação Oswaldo Cruz, Escola Politécnica de Saúde Joaquim Venâncio</publisher-name></publisher></journal-meta><article-meta><unique-article-id pub-id-type="publisher-id">S1981-77462008000100003</unique-article-id><article-id pub-id-type="publisher-id">S1981-77462008000100003</article-id><article-id pub-id-type="doi">10.1590/S1981-77462008000100003</article-id><article-categories><subj-group><subject>EDUCATION &amp; EDUCATIONAL RESEARCH</subject><subject>PUBLIC, ENVIRONMENTAL &amp; OCCUPATIONAL HEALTH</subject></subj-group></article-categories><title-group><article-title lang_id="pt">Tecnologia e desafios da educação brasileira contemporânea</article-title><trans-title-group lang_id="en"><trans-title>Technology and challenges of contemporary brazilian education</trans-title></trans-title-group></title-group><contrib-group><contrib contrib-type="author"><name><surname>Silva</surname><given-names>Roberta Maria Lobo da</given-names></name><role>ND</role><xref ref-type="aff" rid="A01"/></contrib></contrib-group><aff id="A01"><institution>Universidade Federal Rural do Rio de Janeiro</institution><country>Brazil</country></aff><pub-date><month>06</month><year>2008</year></pub-date><volume>6</volume><issue>1</issue><fpage>29</fpage><lpage>50</lpage><permissions><license license-type="open-access" href="http://creativecommons.org/licenses/by-nc/4.0/"><license-p>This work is licensed under a Creative Commons Attribution-NonCommercial 4.0 International License.</license-p></license></permissions><self-uri href="http://www.scielo.br/scielo.php?script=sci_arttext&amp;pid=S1981-77462008000100003&amp;lng=en&amp;tlng=en" content-type="full_text_page"/><self-uri href="http://www.scielo.br/scielo.php?script=sci_issuetoc&amp;pid=1981-774620080001&amp;lng=en" content-type="issue_page"/><self-uri href="http://www.scielo.br/scielo.php?script=sci_serial&amp;pid=1981-7746&amp;lng=en" content-type="journal_page"/><abstract lang_id="pt"><p>Este artigo busca apresentar uma discussão conceitual sobre tecnologia, tendo como horizonte um projeto de educação centrado na liberdade humana. É um resultado parcial da linha de pesquisa Educação, Cultura e Tecnologia/Grupo de Pesquisa Teoria Crítica e Educação, da Universidade Federal Rural do Rio de Janeiro/Conselho Nacional de Desenvolvimento Científico e Tecnológico (UFRRJ/CNPq), que tem como objetivo desenvolver projetos de pesquisa sobre a relação existente entre educação, cultura e tecnologia a fim de discutir as mudanças do estatuto epistemológico da educação nos séculos XX e XXI. A referência teórica está centrada no pensamento de Herbert Marcuse, em especial em seus conceitos de racionalidade crítica e racionalidade tecnológica. À luz destes conceitos, apresentaremos os desafios da educação contemporânea brasileira diante de uma realidade de imensos territórios segregados espacial e socialmente, bem como do apelo de uma sociedade do espetáculo embrutecedora dos sentidos e intensificadora do fetiche da mercadoria. Partindo deste contexto, apresentaremos as possibilidades da educação preparar os jovens para a participação ativa no mundo da cultura através da exploração da imaginação histórica e estética, tendo como referência a produção audiovisual.</p></abstract><trans-abstract lang_id="en"><p>This article presents a conceptual discussion on technology, as it relates to an educational project centered on liberty. It is a partial result of the Line of Research on Education, Culture and Technology/Critical Theory and Education Research Group, at the Federal Rural University of Rio de Janeiro/National Council for Scientific and Technological Development (UFRRJ/CNPq). The objective of this research group is to develop research projects on the relationship between education, culture and technology, with a view to discussing the changes in the epistemological status of education in the 20th and 21st centuries. The theoretical reference centers on the work of Herbert Marcuse, particularly his concepts of critical rationality and technological rationality. In the light of these concepts, we will present the challenges of Brazilian contemporary education, faced with a reality of immense territories that are spatially and socially segregated, and of the appeal of a society of spectacle that desensitizes the person and intensifies the commercial object as fetish. In this context we will present the possibilities of education to prepare young people for an active participation in the world of culture through the exploration of historical and aesthetic imagination, with a reference in audiovisual production.</p></trans-abstract><kwd-group lang_id="pt" kwd-group-type="author-generated"><kwd>tecnologia</kwd><kwd>educação</kwd><kwd>produção audiovisual</kwd></kwd-group><kwd-group lang_id="en" kwd-group-type="author-generated"><kwd>technology</kwd><kwd>education</kwd><kwd>audiovisual production</kwd></kwd-group></article-meta></front><back><ref-list><ref id="B1"><element-citation publication-type="article"><article-title>Estado de Sítio</article-title><source>Caros Amigos Especial: Para onde vai a democracia?</source><date><month>11</month><year>2002</year></date><issue>15</issue><person-group><name><surname>ARANTES</surname><given-names>Paulo</given-names></name></person-group></element-citation></ref><ref id="B2"><element-citation publication-type="book"><source>Magia e técnica, arte e política</source><date><year>1994</year></date><person-group><name><surname>BENJAMIN</surname><given-names>Walter</given-names></name><name><surname>BENJAMIN</surname><given-names>Walter</given-names></name><name><surname>BENJAMIN</surname><given-names>Walter</given-names></name></person-group></element-citation></ref><ref id="B3"><element-citation publication-type="book"><source>Planeta Favela</source><date><year>2006</year></date><person-group><name><surname>DAVIS</surname><given-names>Mike</given-names></name><name><surname>DAVIS</surname><given-names>Mike</given-names></name></person-group></element-citation></ref><ref id="B4"><element-citation publication-type="book"><source>Anuário dos trabalhadores</source><date><year>2006</year></date></element-citation></ref><ref id="B5"><element-citation publication-type="book"><source>Censo Demográfico</source><date><year>2000</year></date></element-citation></ref><ref id="B6"><element-citation publication-type="article"><article-title>O 'fim da arte' segundo Theodor Adorno e Guy Debord</article-title><source>Krisis</source><date><year>1995</year></date><issue>15</issue><person-group><name><surname>JAPPE</surname><given-names>Anselm</given-names></name></person-group><ext-link>http://antivalor.vilabol.uol.com.br</ext-link></element-citation></ref><ref id="B7"><element-citation publication-type="conference"><source>O reino da contemplação passiva</source><date><day>09</day><month>09</month><year>2003</year></date><person-group><name><surname>JAPPE</surname><given-names>Anselm</given-names></name></person-group><ext-link>http://antivalor.vilabol.uol.com.br</ext-link></element-citation></ref><ref id="B8"><element-citation publication-type="book"><source>Para a ontologia do ser social: o trabalho</source><person-group><name><surname>LÚKACS</surname><given-names>G.</given-names></name><name><surname>Tonet</surname><given-names>Ivo</given-names></name><name><surname>LÚKACS</surname><given-names>G.</given-names></name><name><surname>Tonet</surname><given-names>Ivo</given-names></name></person-group></element-citation></ref><ref id="B9"><element-citation publication-type="book"><source>Ideologia da sociedade industrial</source><date><year>1967</year></date><person-group><name><surname>MARCUSE</surname><given-names>Herbert</given-names></name><name><surname>MARCUSE</surname><given-names>Herbert</given-names></name></person-group></element-citation></ref><ref id="B10"><element-citation publication-type="article"><article-title>Liberdade e agressão na sociedade tecnológica</article-title><source>Revista Civilização Brasileira</source><date><month>04</month><year>1968</year></date><issue>18</issue><person-group><name><surname>MARCUSE</surname><given-names>Herbert</given-names></name></person-group></element-citation></ref><ref id="B11"><element-citation publication-type="book"><source>A ideologia alemã e teses sobre Feuerbach</source><date><year>1984</year></date><person-group><name><surname>MARX</surname><given-names>Karl</given-names></name><name><surname>MARX</surname><given-names>Karl</given-names></name></person-group></element-citation></ref><ref id="B12"><element-citation publication-type="book"><source>O olho da barbárie: A guerra civil no Brasil</source><date><year>2006</year></date><person-group><name><surname>MENEGAT</surname><given-names>Marildo</given-names></name><name><surname>MENEGAT</surname><given-names>Marildo</given-names></name></person-group></element-citation></ref><ref id="B13"><element-citation publication-type="book"><source>Gênese e estrutura de O capital de Karl Marx</source><date><year>2001</year></date><person-group><name><surname>ROSDOLSKY</surname><given-names>Roman</given-names></name><name><surname>ROSDOLSKY</surname><given-names>Roman</given-names></name></person-group></element-citation></ref><ref id="B14"><element-citation publication-type="book"><source>Subjetividades, tecnologias e escolas</source><date><year>2002</year></date><person-group><name><surname>VERMELHO</surname><given-names>Sandra</given-names></name><name><surname>LEITE</surname><given-names>Márcia</given-names></name><name><surname>FILÉ</surname><given-names>Valter</given-names></name><name><surname>LEITE</surname><given-names>Márcia</given-names></name><name><surname>FILÉ</surname><given-names>Valter</given-names></name></person-group></element-citation></ref><ref id="B15"><element-citation publication-type="book"><source>Mapa da violência nos municípios brasileiros</source><date><year>2007</year></date><person-group><name><surname>WAISELFISZ</surname><given-names>Júlio Jacob</given-names></name><name><surname>WAISELFISZ</surname><given-names>Júlio Jacob</given-names></name></person-group></element-citation></ref></ref-list></back></article></articles>