<articles xmlns:xsi="http://www.w3.org/2001/XMLSchema-instance" xsi:schemaLocation="https://raw.githubusercontent.com/scieloorg/articles_meta/master/tests/xsd/scielo_sci/ThomsonReuters_publishing.xsd" dtd-version="1.10"><article lang_id="pt" article-type="research-article"><front><journal-meta><journal-id journal-id-type="publisher">tes</journal-id><journal-title-group><journal-title>Trabalho, Educação e Saúde</journal-title><abbrev-journal-title>Trab. educ. saúde</abbrev-journal-title></journal-title-group><issn>1981-7746</issn><collection>SciELO Brazil</collection><publisher><publisher-name>Fundação Oswaldo Cruz, Escola Politécnica de Saúde Joaquim Venâncio</publisher-name></publisher></journal-meta><article-meta><unique-article-id pub-id-type="publisher-id">S1981-77462015000100159</unique-article-id><article-id pub-id-type="publisher-id">S1981-77462015000100159</article-id><article-id pub-id-type="doi">10.1590/1981-7746-sip00022</article-id><article-categories><subj-group><subject>EDUCATION &amp; EDUCATIONAL RESEARCH</subject><subject>PUBLIC, ENVIRONMENTAL &amp; OCCUPATIONAL HEALTH</subject></subj-group></article-categories><title-group><article-title lang_id="pt">Perspectivas para o ensino na saúde: do 'apagão educacional' à política de educação permanente</article-title><trans-title-group lang_id="es"><trans-title>Perspectivas para la enseñanza en la salud: del 'apagón educativo' a la política de educación permanente</trans-title></trans-title-group><trans-title-group lang_id="en"><trans-title>Prospects for teaching in health: from the 'education blackout' to the continuing education policy</trans-title></trans-title-group></title-group><contrib-group><contrib contrib-type="author"><name><surname>Nideck</surname><given-names>Renata de Lima Pacheco</given-names></name><role>ND</role><xref ref-type="aff" rid="AFF1"/></contrib><contrib contrib-type="author"><name><surname>Queiroz</surname><given-names>Paulo Pires de</given-names></name><role>ND</role><xref ref-type="aff" rid="AFF2"/></contrib></contrib-group><aff id="AFF1"><institution>Universidade Federal Fluminense</institution><country>Brazil</country></aff><aff id="AFF2"><institution>Universidade Federal Fluminense</institution><country>Brazil</country></aff><pub-date><month>04</month><year>2015</year></pub-date><volume>13</volume><issue>1</issue><fpage>159</fpage><lpage>180</lpage><permissions><license license-type="open-access" href="http://creativecommons.org/licenses/by-nc/3.0/"><license-p>This work is licensed under a Creative Commons Attribution-NonCommercial 3.0 International License.</license-p></license></permissions><self-uri href="http://www.scielo.br/scielo.php?script=sci_arttext&amp;pid=S1981-77462015000100159&amp;lng=en&amp;tlng=en" content-type="full_text_page"/><self-uri href="http://www.scielo.br/scielo.php?script=sci_issuetoc&amp;pid=1981-774620150001&amp;lng=en" content-type="issue_page"/><self-uri href="http://www.scielo.br/scielo.php?script=sci_serial&amp;pid=1981-7746&amp;lng=en" content-type="journal_page"/><abstract lang_id="pt"><p>O artigo aborda a educação permanente na ótica reflexiva e rizomática, abrangendo a necessidade de desterritorializar os saberes circulantes na saúde. Trata-se de pesquisa bibliográfica cujo referencial teórico estrutura-se no materialismo histórico marxista. O estudo descreve um breve histórico sobre a política educacional com base em dois eventos marcantes ocorridos na década de 1980: a escassez de trabalhadores para o trabalho complexo, denominado ‘apagão educacional’, e o surgimento do novo ensino superior no Brasil. Tais eventos, ao atravessarem a formação profissional, reproduzem na educação em serviço a estrutura do conhecimento mais hierarquizada. Se o ensino na saúde apresenta limitações, oferece também possibilidades e perspectivas para romper com a rigidez epistemológica e aproximar-se da educação menor e do crescimento de rizomas nas práticas em saúde.</p></abstract><trans-abstract lang_id="es"><p>El artículo aborda la educación permanente desde la óptica reflexiva y rizomática, abarcando la necesidad de desterritorializar los saberes que circulan en la salud. Se trata de una investigación bibliográfica cuya referencia teórica se estructura en el materialismo histórico marxista. El estudio describe un breve historial sobre la política educacional en base a dos eventos relevantes que ocurrieron en la década de 1980: la escasez de trabajadores para el trabajo complejo, denominado ‘apagón educativo’, y el surgimiento de la nueva enseñanza superior en Brasil. Tales eventos, al penetrar la formación profesional, reproducen en la educación en servicio la estructura del conocimiento más jerarquizada. Si la enseñanza en salud presenta limitaciones, también ofrece posibilidades y perspectivas para romper con la rigidez epistemológica y aproximarse a la educación menor y al crecimiento de rizomas en las prácticas en salud.</p></trans-abstract><trans-abstract lang_id="en"><p>The article discusses continuing education from reflective and rhizomatic perspective, covering the need to deterritorialize the current knowledge on health. It is a review of the literature the theoretical reference for which is structured in historical Marxist materialism. The study describes a brief history of the educational policy based on two landmark events in the 1980s: A shortage of workers for complex work, which was called an educational blackout, and the emergence of new higher education in Brazil. Such events, when traversing professional training, reproduce the more hierarchical structure of knowledge in education in work. While teaching in health has limitations, it also offers possibilities and perspectives to break away from the epistemological rigidity and to approach the lower education and growth of rhizomes in health practices.</p></trans-abstract><kwd-group lang_id="es" kwd-group-type="author-generated"><kwd>educación permanente</kwd><kwd>SUS</kwd><kwd>profesional reflexivo</kwd><kwd>educación menor</kwd><kwd>pedagogía rizomática</kwd></kwd-group><kwd-group lang_id="en" kwd-group-type="author-generated"><kwd>continuing education</kwd><kwd>UHS</kwd><kwd>reflective practitioner</kwd><kwd>lower education</kwd><kwd>rhizomatic pedagogy</kwd></kwd-group><kwd-group lang_id="pt" kwd-group-type="author-generated"><kwd>educação permanente</kwd><kwd>SUS</kwd><kwd>profissional reflexivo</kwd><kwd>educação menor</kwd><kwd>pedagogia rizomática</kwd></kwd-group></article-meta></front><back><ref-list><ref id="B1"><element-citation publication-type="book"><source>O sentido da escola</source><date><year>2008</year></date><person-group><name><surname>ALVES</surname><given-names>Nilda</given-names></name><name><surname>GARCIA</surname><given-names>Regina L.</given-names></name><name><surname>ALVES</surname><given-names>Nilda</given-names></name><name><surname>GARCIA</surname><given-names>Regina L.</given-names></name></person-group></element-citation></ref><ref id="B2"><element-citation publication-type="book"><source>Cidadania negada: políticas de exclusão na educação e no trabalho</source><date><year>2001</year></date><fpage>35</fpage><lpage>48</lpage><person-group><name><surname>ANTUNES</surname><given-names>Ricardo</given-names></name><name><surname>FRIGOTTO</surname><given-names>Gaudêncio</given-names></name><name><surname>FRIGOTTO</surname><given-names>Gaudêncio</given-names></name></person-group></element-citation></ref><ref id="B3"><element-citation publication-type="book"><source>A dialética do trabalho: escritos de Marx e Engels</source><date><year>2004</year></date><person-group><name><surname>ANTUNES</surname><given-names>Ricardo</given-names></name><name><surname>ANTUNES</surname><given-names>Ricardo</given-names></name></person-group></element-citation></ref><ref id="B4"><element-citation publication-type="book"><source>Os sentidos do trabalho: ensaios sobre a afirmação e a negação do trabalho</source><date><year>2009</year></date><person-group><name><surname>ANTUNES</surname><given-names>Ricardo</given-names></name><name><surname>ANTUNES</surname><given-names>Ricardo</given-names></name></person-group></element-citation></ref><ref id="B5"><element-citation publication-type="book"><source>Para além da lógica do mercado: compreendendo e opondo-se ao neoliberalismo</source><date><year>2005</year></date><person-group><name><surname>APPLE</surname><given-names>Michael W</given-names></name><name><surname>APPLE</surname><given-names>Michael W</given-names></name></person-group></element-citation></ref><ref id="B6"><element-citation publication-type="book"><source>Trabalhar na saúde: experiências cotidianas e desafios para a gestão do trabalho e do emprego</source><date><year>2011</year></date><person-group><name><surname>ASSUNÇÃO</surname><given-names>Ada A.</given-names></name><name><surname>BRITO</surname><given-names>Jussara</given-names></name><name><surname>ASSUNÇÃO</surname><given-names>Ada A.</given-names></name><name><surname>BRITO</surname><given-names>Jussara</given-names></name></person-group></element-citation></ref><ref id="B7"><element-citation publication-type="article"><article-title>A precarização do trabalho docente nas instituições de ensino superior do Brasil nesses últimos 25 anos</article-title><source>Educação &amp; Sociedade</source><date><month>12</month><year>2007</year></date><fpage>1.503</fpage><lpage>1.523</lpage><issue>101</issue><volume>28</volume><person-group><name><surname>BOSI</surname><given-names>Antônio P</given-names></name></person-group><ext-link>www. scielo.br/pdf/es/v28n101/a1228101</ext-link></element-citation></ref><ref id="B8"><element-citation publication-type="book"><source>Lei n. 8.080, de 19 de setembro de 1990. Dispõe sobre as condições para a promoção, proteção e recuperação da saúde, a organização e o funcionamento dos serviços correspondentes e dá outras providências</source><date><month>03</month><year>2012</year></date><ext-link>www.planalto.gov.br/ccivil_03/leis/l8080.htm</ext-link></element-citation></ref><ref id="B9"><element-citation publication-type="book"><source>Portaria do Gabinete do Ministro n. 1.996, de 20 de agosto de 2007. Dispõe sobre as diretrizes para implementação da Política Nacional de Educação Permanente em Saúde - PNEPS e dá outras providências</source><date><month>04</month><year>2007</year></date><ext-link>http://dtr2001.saude.gov.br/sas/ PORTARIAS/Port2007/GM/GM-1996.htm</ext-link></element-citation></ref><ref id="B10"><element-citation publication-type="book"><source>Relatório Saúde Brasil 2009: uma análise da situação de saúde e da agenda nacional e internacional de prioridades em saúde</source><date><month>04</month><year>2009</year></date><ext-link>www.pnud.org.br/HDR/arquivos/rdh_brasil_2009_2010.pdf</ext-link></element-citation></ref><ref id="B11"><element-citation publication-type="book"><source>Entrevista de Gilles Deleuze a Christiam Deschamps sobre o livro Mil platôs</source><date><day>03</day><month>10</month><year>1980</year></date><person-group><name><surname>DESCHAMPS</surname><given-names>Christiam</given-names></name><name><surname>DESCHAMPS</surname><given-names>Christiam</given-names></name></person-group><ext-link>www.scribd.com/doc/55494307/Mil-Platos-Nao-Formam-Montanha-Entrevista-Gd#page=1http:</ext-link></element-citation></ref><ref id="B12"><element-citation publication-type="conference"><source>“Sociedade e política em tempos de incerteza”</source><date><month>10</month><year>2010</year></date><person-group><name><surname>FARAGO</surname><given-names>Cátia C.</given-names></name><name><surname>SAMPAIO</surname><given-names>Carlos M</given-names></name></person-group><ext-link>www.humanas.ufpr.br/site/evento/SociologiaPolitica/GTs-2009</ext-link></element-citation></ref><ref id="B13"><element-citation publication-type="book"><source>Unesco: International Handbook of Education for Changing World of Work</source><date><year>2009</year></date><fpage>1.307</fpage><lpage>1.319</lpage><person-group><name><surname>FRIGOTTO</surname><given-names>Gaudêncio</given-names></name><name><surname>CIAVATTA</surname><given-names>Maria</given-names></name><name><surname>RAMOS</surname><given-names>Marise</given-names></name><name><surname>FRIGOTTO</surname><given-names>Gaudêncio</given-names></name><name><surname>CIAVATTA</surname><given-names>Maria</given-names></name><name><surname>RAMOS</surname><given-names>Marise</given-names></name></person-group></element-citation></ref><ref id="B14"><element-citation publication-type="book"><source>Deleuze e a educação</source><date><year>2008</year></date><person-group><name><surname>GALLO</surname><given-names>Silvio</given-names></name><name><surname>GALLO</surname><given-names>Silvio</given-names></name></person-group></element-citation></ref><ref id="B15"><element-citation publication-type="book"><source>Censo Demográfico</source><date><day>05</day><month>10</month><year>2000</year></date><ext-link>www.ibge.gov.br/censo</ext-link></element-citation></ref><ref id="B16"><element-citation publication-type="book"><source>Tendências do Mercado de Trabalho no Brasil</source><date><day>22</day><month>02</month><year>2013</year></date><person-group><name><surname>MACHADO</surname><given-names>Maria H.</given-names></name><name><surname>OLIVEIRA</surname><given-names>Eliane dos S.</given-names></name><name><surname>MOYSÉS</surname><given-names>Neuza M. Nogueira</given-names></name><name><surname>MACHADO</surname><given-names>Maria H.</given-names></name><name><surname>OLIVEIRA</surname><given-names>Eliane dos S.</given-names></name><name><surname>MOYSÉS</surname><given-names>Neuza M. Nogueira</given-names></name></person-group><ext-link>www.ensp.fiocruz.br/observarh/arquivos/TendenciasTrabalho.pdf</ext-link></element-citation></ref><ref id="B17"><element-citation publication-type="article"><article-title>A reforma universitária de 1968 e a abertura para o ensino superior privado no Brasil</article-title><source>Educação &amp; Sociedade</source><date><day>11</day><month>04</month><year>2009</year></date><volume>30</volume><person-group><name><surname>MARTINS</surname><given-names>Carlos B.</given-names></name></person-group><ext-link>www.scielo.br/pdf/es/v30n106/ v30n106a02.pdf</ext-link></element-citation></ref><ref id="B18"><element-citation publication-type="book"><source>O mercado do conhecimento e o conhecimento para o mercado: a formação para o trabalho complexo no Brasil contemporâneo</source><date><year>2008</year></date><person-group><name><surname>NEVES</surname><given-names>Lúcia M. W.</given-names></name><name><surname>PRONKO</surname><given-names>Marcela A.</given-names></name><name><surname>NEVES</surname><given-names>Lúcia M. W.</given-names></name><name><surname>PRONKO</surname><given-names>Marcela A.</given-names></name></person-group></element-citation></ref><ref id="B19"><element-citation publication-type="book"><source>Educação superior no Brasil: estudos, debates, controvérsias</source><date><year>2012</year></date><person-group><name><surname>NUNES</surname><given-names>Edson de O.</given-names></name><name><surname>NUNES</surname><given-names>Edson de O.</given-names></name></person-group></element-citation></ref><ref id="B20"><element-citation publication-type="book"><source>O professor reflexivo no Brasil: gênese e crítica de um conceito</source><date><year>2002</year></date><person-group><name><surname>PIMENTA</surname><given-names>Selma G.</given-names></name><name><surname>GHEDIN</surname><given-names>Evandro</given-names></name><name><surname>PIMENTA</surname><given-names>Selma G.</given-names></name><name><surname>GHEDIN</surname><given-names>Evandro</given-names></name></person-group></element-citation></ref><ref id="B21"><element-citation publication-type="book"><source>Dicionário de educação profissional em saúde</source><date><year>2009</year></date><fpage>299</fpage><lpage>305</lpage><person-group><name><surname>RAMOS</surname><given-names>Marise</given-names></name><name><surname>PEREIRA</surname><given-names>Isabel Brasil</given-names></name><name><surname>LIMA</surname><given-names>Julio César França</given-names></name><name><surname>PEREIRA</surname><given-names>Isabel Brasil</given-names></name><name><surname>LIMA</surname><given-names>Julio César França</given-names></name></person-group></element-citation></ref><ref id="B22"><element-citation publication-type="book"><source>SUS – Sistema Único de Saúde (esquematizado): lei n. 8.080/90, de 19 de setembro de 1990, incluída a lei n. 8.142/90 e comentários sobre as NOBs 91/93/96, Noas – SUS 01/2001 e 01/2002 e Pacto pela Saúde /2006</source><date><year>2011</year></date><person-group><name><surname>SALDANHA</surname><given-names>Alessandra</given-names></name><name><surname>SALDANHA</surname><given-names>Alessandra</given-names></name></person-group></element-citation></ref><ref id="B23"><element-citation publication-type="book"><source>Pela mão de Alice: o social e o político na pós-modernidade</source><date><year>2008</year></date><person-group><name><surname>SANTOS</surname><given-names>Boaventura de S</given-names></name><name><surname>SANTOS</surname><given-names>Boaventura de S</given-names></name></person-group></element-citation></ref><ref id="B24"><element-citation publication-type="book"><source>Educando o profissional reflexivo: um novo design para o ensino e aprendizagem</source><date><year>2000</year></date><person-group><name><surname>SCHÖN</surname><given-names>Donald A</given-names></name><name><surname>SCHÖN</surname><given-names>Donald A</given-names></name></person-group></element-citation></ref><ref id="B25"><element-citation publication-type="book"><source>Escola, classes e luta de classes</source><date><year>2005</year></date><person-group><name><surname>SNYDERS</surname><given-names>Georges</given-names></name><name><surname>SNYDERS</surname><given-names>Georges</given-names></name></person-group></element-citation></ref><ref id="B26"><element-citation publication-type="book"><source>O vocabulário de Deleuze</source><date><year>2009</year></date><person-group><name><surname>ZOURABICHVILI</surname><given-names>François</given-names></name><name><surname>ZOURABICHVILI</surname><given-names>François</given-names></name></person-group></element-citation></ref></ref-list></back></article></articles>