<articles xmlns:xsi="http://www.w3.org/2001/XMLSchema-instance" xsi:schemaLocation="https://raw.githubusercontent.com/scieloorg/articles_meta/master/tests/xsd/scielo_sci/ThomsonReuters_publishing.xsd" dtd-version="1.10"><article lang_id="pt" article-type="research-article"><front><journal-meta><journal-id journal-id-type="publisher">tes</journal-id><journal-title-group><journal-title>Trabalho, Educação e Saúde</journal-title><abbrev-journal-title>Trab. educ. saúde</abbrev-journal-title></journal-title-group><issn>1981-7746</issn><collection>SciELO Brazil</collection><publisher><publisher-name>Fundação Oswaldo Cruz, Escola Politécnica de Saúde Joaquim Venâncio</publisher-name></publisher></journal-meta><article-meta><unique-article-id pub-id-type="publisher-id">S1981-77462006000200003</unique-article-id><article-id pub-id-type="publisher-id">S1981-77462006000200003</article-id><article-id pub-id-type="doi">10.1590/S1981-77462006000200003</article-id><article-categories><subj-group><subject>EDUCATION &amp; EDUCATIONAL RESEARCH</subject><subject>PUBLIC, ENVIRONMENTAL &amp; OCCUPATIONAL HEALTH</subject></subj-group></article-categories><title-group><article-title lang_id="pt">Perspectivas interdisciplinar e rizomática na formação dos profissionais da saúde</article-title><trans-title-group lang_id="en"><trans-title>Interdisciplinary and rhizomatic perspectives in the formation of the health professionals</trans-title></trans-title-group></title-group><contrib-group><contrib contrib-type="author"><name><surname>Bagnato</surname><given-names>Maria Helena Salgado</given-names></name><role>ND</role><xref ref-type="aff" rid="A01"/><xref ref-type="aff" rid="A02"/></contrib><contrib contrib-type="author"><name><surname>Monteiro</surname><given-names>Maria Inês</given-names></name><role>ND</role><xref ref-type="aff" rid="A03"/><xref ref-type="aff" rid="A04"/><xref ref-type="aff" rid="A05"/></contrib></contrib-group><aff id="A05"><institution>Universidade Estadual de Campinas</institution><country>Brazil</country></aff><aff id="A01"><institution>Universidade Estadual de Campinas</institution><country>Brazil</country></aff><aff id="A02"><institution>Universidade Estadual de Campinas</institution><country>Brazil</country></aff><aff id="A04"><institution>Universidade Estadual de Campinas</institution><country>Brazil</country></aff><aff id="A03"><institution>Universidade Estadual de Campinas</institution><country>Brazil</country></aff><pub-date><month>09</month><year>2006</year></pub-date><volume>4</volume><issue>2</issue><fpage>247</fpage><lpage>258</lpage><permissions><license license-type="open-access" href="http://creativecommons.org/licenses/by-nc/4.0/"><license-p>This work is licensed under a Creative Commons Attribution-NonCommercial 4.0 International License.</license-p></license></permissions><self-uri href="http://www.scielo.br/scielo.php?script=sci_arttext&amp;pid=S1981-77462006000200003&amp;lng=en&amp;tlng=en" content-type="full_text_page"/><self-uri href="http://www.scielo.br/scielo.php?script=sci_issuetoc&amp;pid=1981-774620060002&amp;lng=en" content-type="issue_page"/><self-uri href="http://www.scielo.br/scielo.php?script=sci_serial&amp;pid=1981-7746&amp;lng=en" content-type="journal_page"/><abstract lang_id="pt"><p>Este artigo tem como objetivo problematizar aspectos das perspectivas interdisciplinar e rizomática na formação de profissionais da área da saúde. Ambas as atitudes requerem olhares plurais e outras posturas dos educadores nas relações que estabelecem com os sujeitos e com os conhecimentos, visando a superar maneiras fragmentadas dos processos de trabalho e de produção de ciência, recuperando o caráter dialético da realidade social. Os desafios postos por estas perspectivas convidam todos os educadores envolvidos eticamente neste processo a refletirem sobre a inclusão de temas e dimensões que perpassam transversalmente o processo de formação profissional e a produção de conhecimentos, movimentando territórios, compreensões e subjetividades, o que pode possibilitar interpretações inovadoras e polissêmicas, bastante desejáveis para se lidar com a complexidade da realidade, inclusive na área da saúde.</p></abstract><trans-abstract lang_id="en"><p>This purpose of this article is to problemize aspects of the interdisciplinary and rhizomatic in the formation of professionals from the health area. Both attitudes require plural looks and other postures from the educators in the relationships that they establish with the subjects and with the knowledge, seeking to overcome fragmented manners of the labor processors and the production of science, recovering the dialectic character of the social reality. The challenges posed by these perspectives invite all the educators ethically involved in this to reflect on the inclusion of themes and dimensions that pass transversally by professional formation process and the production of knowledge, moving territories, comprehensions and subjectivities, which can enable innovative and polysemic interpretations, very desirable to deal with the complexity of reality, also in the health area.</p></trans-abstract><kwd-group lang_id="pt" kwd-group-type="author-generated"><kwd>ensino em saúde</kwd><kwd>interdisciplinaridade</kwd><kwd>rizoma</kwd><kwd>educação</kwd></kwd-group><kwd-group lang_id="en" kwd-group-type="author-generated"><kwd>teaching in health</kwd><kwd>interdisciplinarity</kwd><kwd>rhizoma</kwd><kwd>education</kwd></kwd-group></article-meta></front><back><ref-list><ref id="B1"><element-citation publication-type="conference"><source>Anais...</source><fpage>211</fpage><person-group><name><surname>BAGNATO</surname><given-names>Maria Helena S.</given-names></name><name><surname>RODRIGUES</surname><given-names>Rosa Maria</given-names></name></person-group></element-citation></ref><ref id="B2"><element-citation publication-type="article"><article-title>Desenvolvimento docente na área da saúde: uma análise</article-title><source>Trabalho, Educação e Saúde</source><fpage>283</fpage><lpage>294</lpage><issue>2</issue><volume>3</volume><person-group><name><surname>BATISTA</surname><given-names>Nildo A.</given-names></name></person-group></element-citation></ref><ref id="B3"><element-citation publication-type="article"><article-title>Professores de ensino superior da área da saúde e sua prática pedagógica</article-title><source>Interface</source><fpage>51</fpage><lpage>62</lpage><issue>10</issue><volume>6</volume><person-group><name><surname>CASTANHO</surname><given-names>Maria Eugênia</given-names></name></person-group></element-citation></ref><ref id="B4"><element-citation publication-type="article"><article-title>A formação do enfermeiro crítico-reflexivo no curso de enfermagem da Faculdade de Medicina de Marília (Famema)</article-title><source>Revista Latino-Americana de Enfermagem</source><fpage>574</fpage><lpage>584</lpage><issue>5</issue><volume>11</volume><person-group><name><surname>CHIRELLI</surname><given-names>Mara Q.</given-names></name><name><surname>MISHIMA</surname><given-names>Silvana M.</given-names></name></person-group></element-citation></ref><ref id="B5"><element-citation publication-type="book"><source>Diferença e repetição</source><date><year>1988</year></date><person-group><name><surname>DELEUZE</surname><given-names>Gilles</given-names></name><name><surname>DELEUZE</surname><given-names>Gilles</given-names></name></person-group></element-citation></ref><ref id="B6"><element-citation publication-type="book"><source>Conversações</source><date><year>1996</year></date><person-group><name><surname>DELEUZE</surname><given-names>Gilles</given-names></name><name><surname>Pelbart</surname><given-names>Peter Pál</given-names></name><name><surname>Pelbart</surname><given-names>Peter Pál</given-names></name></person-group></element-citation></ref><ref id="B7"><element-citation publication-type="book"><source>Mil platôs: capitalismo e esquizofrenia</source><date><year>1995</year></date><volume>1</volume><person-group><name><surname>DELEUZE</surname><given-names>Gilles</given-names></name><name><surname>GUATARRI</surname><given-names>Félix</given-names></name><name><surname>Guerra Neto</surname><given-names>Aurélio</given-names></name><name><surname>Costa</surname><given-names>Célia Pinto</given-names></name><name><surname>DELEUZE</surname><given-names>Gilles</given-names></name><name><surname>GUATARRI</surname><given-names>Félix</given-names></name><name><surname>Guerra Neto</surname><given-names>Aurélio</given-names></name><name><surname>Costa</surname><given-names>Célia Pinto</given-names></name></person-group></element-citation></ref><ref id="B8"><element-citation publication-type="book"><source>Mil platôs: capitalismo e esquizofrenia</source><date><year>1997</year></date><volume>5</volume><person-group><name><surname>DELEUZE</surname><given-names>Gilles</given-names></name></person-group></element-citation></ref><ref id="B9"><element-citation publication-type="book"><source>O inconsciente maquínico: ensaios de esquizo-análise</source><date><year>1988</year></date><person-group><name><surname>GUATTARI</surname><given-names>Félix</given-names></name><name><surname>GUATTARI</surname><given-names>Félix</given-names></name></person-group></element-citation></ref><ref id="B10"><element-citation publication-type="book"><source>Micropolítica: cartografias do desejo</source><date><year>1986</year></date><person-group><name><surname>GUATTARI</surname><given-names>Félix</given-names></name><name><surname>ROLNIK</surname><given-names>Suely</given-names></name><name><surname>ROLNIK</surname><given-names>Suely</given-names></name></person-group></element-citation></ref><ref id="B11"><element-citation publication-type="article"><article-title>Discutindo a relação entre espaço e aprendizagem na formação de profissionais de saúde</article-title><source>Interface</source><fpage>105</fpage><lpage>114</lpage><issue>16</issue><volume>9</volume><person-group><name><surname>FAGUNDES</surname><given-names>Norma C.</given-names></name><name><surname>BURNHAM</surname><given-names>Teresinha F.</given-names></name></person-group></element-citation></ref><ref id="B12"><element-citation publication-type="article"><article-title>A questão da interdisciplinaridade: notas para a reformulação dos cursos de pedagogia</article-title><source>Educação &amp; Sociedade</source><fpage>105</fpage><lpage>131</lpage><issue>33</issue><volume>10</volume><person-group><name><surname>FREITAS</surname><given-names>Luís Carlos</given-names></name></person-group></element-citation></ref><ref id="B13"><element-citation publication-type="book"><source>Interdisciplinaridade: para além da filosofia do sujeito</source><fpage>25</fpage><lpage>49</lpage><person-group><name><surname>FRIGOTTO</surname><given-names>Gaudêncio</given-names></name><name><surname>JANTSCH</surname><given-names>Ari Paulo</given-names></name><name><surname>BIANCHETTI</surname><given-names>Lucida</given-names></name><name><surname>JANTSCH</surname><given-names>Ari Paulo</given-names></name><name><surname>BIANCHETTI</surname><given-names>Lucida</given-names></name></person-group></element-citation></ref><ref id="B14"><element-citation publication-type="book"><source>O sentido da escola</source><fpage>17</fpage><lpage>41</lpage><person-group><name><surname>GALLO</surname><given-names>Sílvio</given-names></name><name><surname>ALVES</surname><given-names>Nilda</given-names></name><name><surname>GARCIA</surname><given-names>Regina L.</given-names></name><name><surname>ALVES</surname><given-names>Nilda</given-names></name><name><surname>GARCIA</surname><given-names>Regina L.</given-names></name></person-group></element-citation></ref><ref id="B15"><element-citation publication-type="book"><source>Linguagens, espaços e tempos no ensinar e aprender</source><fpage>147</fpage><lpage>163</lpage><person-group><name><surname>LOPES</surname><given-names>Alice C.</given-names></name><name><surname>ALVES-MAZZOTTI</surname><given-names>Alda Judith</given-names></name><name><surname>ALVES-MAZZOTTI</surname><given-names>Alda Judith</given-names></name></person-group></element-citation></ref><ref id="B16"><element-citation publication-type="book"><source>Complexidade e transdisciplinaridade: a reforma da universidade e do ensino fundamental</source><date><year>1999</year></date><person-group><name><surname>MORIN</surname><given-names>Edgar</given-names></name><name><surname>MORIN</surname><given-names>Edgar</given-names></name></person-group></element-citation></ref><ref id="B17"><element-citation publication-type="book"><source>Saberes globais e saberes locais: o olhar transdisciplinar</source><date><year>2000</year></date><person-group><name><surname>MORIN</surname><given-names>Edgar</given-names></name></person-group></element-citation></ref><ref id="B18"><element-citation publication-type="article"><article-title>Multidisciplinaridade, interdisciplinaridade e transdisciplinaridade no ensino</article-title><source>Interface</source><fpage>173</fpage><lpage>181</lpage><issue>2</issue><person-group><name><surname>PIRES</surname><given-names>Marília F. de C.</given-names></name></person-group></element-citation></ref><ref id="B19"><element-citation publication-type="article"><article-title>Interdisciplinaridade e integração de saberes</article-title><source>Liinc em Revista</source><fpage>4</fpage><lpage>16</lpage><issue>1</issue><volume>1</volume><person-group><name><surname>POMBO</surname><given-names>Olga</given-names></name></person-group></element-citation></ref><ref id="B20"><element-citation publication-type="article"><article-title>Jornal Vivo: relato de uma experiência de ensino-aprendizagem na área da saúde</article-title><source>Interface</source><fpage>195</fpage><lpage>204</lpage><issue>16</issue><volume>9</volume><person-group><name><surname>RUIZ-MORENO</surname><given-names>Lídia</given-names></name></person-group></element-citation></ref><ref id="B21"><element-citation publication-type="article"><article-title>A interdisciplinaridade na universidade: relevância e implicações</article-title><source>Educação Brasileira</source><fpage>59</fpage><lpage>80</lpage><issue>29</issue><volume>14</volume><person-group><name><surname>SANTOS FILHO</surname><given-names>Camilo</given-names></name></person-group></element-citation></ref><ref id="B22"><element-citation publication-type="article"><article-title>Idéias sobre currículo, caminhos e descaminhos de um labirinto</article-title><source>Revista da FAEEBA</source><fpage>417</fpage><lpage>430</lpage><issue>22</issue><volume>13</volume><person-group><name><surname>SANTOS</surname><given-names>Edméa O. dos</given-names></name></person-group></element-citation></ref></ref-list></back></article></articles>