<articles xmlns:xsi="http://www.w3.org/2001/XMLSchema-instance" xsi:schemaLocation="https://raw.githubusercontent.com/scieloorg/articles_meta/master/tests/xsd/scielo_sci/ThomsonReuters_publishing.xsd" dtd-version="1.10"><article lang_id="pt" article-type="research-article"><front><journal-meta><journal-id journal-id-type="publisher">tes</journal-id><journal-title-group><journal-title>Trabalho, Educação e Saúde</journal-title><abbrev-journal-title>Trab. educ. saúde</abbrev-journal-title></journal-title-group><issn>1981-7746</issn><collection>SciELO Brazil</collection><publisher><publisher-name>Fundação Oswaldo Cruz, Escola Politécnica de Saúde Joaquim Venâncio</publisher-name></publisher></journal-meta><article-meta><unique-article-id pub-id-type="publisher-id">S1981-77462011000400004</unique-article-id><article-id pub-id-type="publisher-id">S1981-77462011000400004</article-id><article-id pub-id-type="doi">10.1590/S1981-77462011000400004</article-id><article-categories><subj-group><subject>EDUCATION &amp; EDUCATIONAL RESEARCH</subject><subject>PUBLIC, ENVIRONMENTAL &amp; OCCUPATIONAL HEALTH</subject></subj-group></article-categories><title-group><article-title lang_id="pt">Como conhecer o trabalho quando o trabalho não é mais o trabalho?</article-title><trans-title-group lang_id="en"><trans-title>How to recognize work when is not work anymore?</trans-title></trans-title-group></title-group><contrib-group><contrib contrib-type="author"><name><surname>Nouroudine</surname><given-names>Abdallah</given-names></name><role>ND</role></contrib></contrib-group><pub-date><year>2011</year></pub-date><volume>9</volume><issue>suppl 1</issue><fpage>69</fpage><lpage>83</lpage><permissions><license license-type="open-access" href="http://creativecommons.org/licenses/by-nc/4.0/"><license-p>This work is licensed under a Creative Commons Attribution-NonCommercial 4.0 International License.</license-p></license></permissions><self-uri href="http://www.scielo.br/scielo.php?script=sci_arttext&amp;pid=S1981-77462011000400004&amp;lng=en&amp;tlng=en" content-type="full_text_page"/><self-uri href="http://www.scielo.br/scielo.php?script=sci_issuetoc&amp;pid=1981-774620110004&amp;lng=en" content-type="issue_page"/><self-uri href="http://www.scielo.br/scielo.php?script=sci_serial&amp;pid=1981-7746&amp;lng=en" content-type="journal_page"/><abstract lang_id="pt"><p>Como conhecer o trabalho quando o trabalho não é mais o trabalho? Esta pergunta comporta dois aspectos: o primeiro é de ordem metodológica (como conhecer o trabalho?). O segundo diz respeito a este objeto hipotético que seria 'o trabalho que não é mais o trabalho'. Se este último designa o trabalho não mercantil e o trabalho informal por distinção (ou oposição) ao trabalho mercantil, então o 'trabalho que não é mais o trabalho' continua sendo, na realidade, um trabalho. Todavia, ele é diferente do trabalho mercantil, que, de acordo com uma postura etnocêntrica, supostamente constitui uma referência para a avaliação da natureza das atividades humanas. Mas, qualquer que seja o modo de trabalho dominante num coletivo de vida, uma análise da norma na atividade dita informal, do duplo ponto de vista do conceito e da experiência, permite sugerir que uma atividade humana socializada não pode ser verdadeiramente informal. Algumas balizas metodológicas permitem tentar compreender as atividades supostamente informais, chamando a atenção para os princípios epistemológicos da ergonomia e da ergologia.</p></abstract><trans-abstract lang_id="en"><p>How to recognize work when is not work anymore? This question entails two aspects: the first one is a question of method (how to recognize work?). The second one is about this hypothetical subject that is 'work when it is not work anymore?'. If we talk about non-profit and informal work opposed to 'standard' work, then 'work that is not work anymore' is actually still work. Although, from an ethnocentric point of view, it is different from 'standard' work, which is supposed to be a reference in order to identify the nature of human activities. However, when analyzing the norm in informal activities, whatever the prevailing kind of work in a society, and from a conceptual as well as from a practical point of view, allows us to consider that a social human activity cannot be informal. A few methodological points will help us to understand these activities supposed to be informal, focusing on ergonomic's and ergology's epistemic principles.</p></trans-abstract><kwd-group lang_id="en" kwd-group-type="author-generated"><kwd>informal work</kwd><kwd>non-profit work</kwd><kwd>formal work</kwd><kwd>norm</kwd><kwd>dynamic three poles system</kwd></kwd-group><kwd-group lang_id="pt" kwd-group-type="author-generated"><kwd>trabalho informal</kwd><kwd>trabalho não mercantil</kwd><kwd>trabalho mercantil</kwd><kwd>norma</kwd><kwd>dispositivo dinâmico a três polos</kwd></kwd-group></article-meta></front><back><ref-list><ref id="B1"><element-citation publication-type="book"><source>Le normal et le pathologique</source><date><year>1991</year></date><person-group><name><surname>CANGUILHEM</surname><given-names>Georges</given-names></name><name><surname>CANGUILHEM</surname><given-names>Georges</given-names></name></person-group></element-citation></ref><ref id="B2"><element-citation publication-type="article"><article-title>DE DUBAÏ À LA CHINE, le 'rêve américain' des petits commerçants</article-title><source>Kashkazi</source><date><month>12</month><year>2007</year></date><volume>68</volume></element-citation></ref><ref id="B3"><element-citation publication-type="book"><source>De l'économie politique à l'ergologie: lettre aux amis</source><date><year>2003</year></date><person-group><name><surname>DI RUZZA</surname><given-names>Renato</given-names></name><name><surname>HALEVI</surname><given-names>Joseph</given-names></name><name><surname>DI RUZZA</surname><given-names>Renato</given-names></name><name><surname>HALEVI</surname><given-names>Joseph</given-names></name></person-group></element-citation></ref><ref id="B4"><element-citation publication-type="book"><source>Comprendre le travail pour le transformer: la pratique de l'ergonomie</source><date><year>1997</year></date><person-group><name><surname>GUÉRIN</surname><given-names>François</given-names></name><name><surname>GUÉRIN</surname><given-names>François</given-names></name></person-group></element-citation></ref><ref id="B5"><element-citation publication-type="book"><source>L'économie informelle dans le tiers monde</source><date><year>1994</year></date><person-group><name><surname>LAUTIER</surname><given-names>Bruno</given-names></name><name><surname>LAUTIER</surname><given-names>Bruno</given-names></name></person-group></element-citation></ref><ref id="B6"><element-citation publication-type="book"><source>Sociologie et anthropologie</source><date><year>1997</year></date><person-group><name><surname>MAUSS</surname><given-names>Marcel</given-names></name><name><surname>MAUSS</surname><given-names>Marcel</given-names></name></person-group></element-citation></ref><ref id="B7"><element-citation publication-type="book"><source>Techniques et cul-tures: comment s'approprie-t-on des technologies transférées?</source><date><year>2001</year></date><person-group><name><surname>NOUROUDINE</surname><given-names>Abdallah</given-names></name><name><surname>NOUROUDINE</surname><given-names>Abdallah</given-names></name></person-group></element-citation></ref><ref id="B8"><element-citation publication-type="book"><source>Réflexions sur l'anthropotechnologie</source><date><year>2009</year></date><person-group><name><surname>NOUROUDINE</surname><given-names>Abdallah</given-names></name><name><surname>GESLIN</surname><given-names>Philippe</given-names></name><name><surname>GESLIN</surname><given-names>Philippe</given-names></name></person-group></element-citation></ref><ref id="B9"><element-citation publication-type="book"><source>Au cŒ urdes sociétés</source><date><year>1980</year></date><person-group><name><surname>SAHLINS</surname><given-names>Marshall</given-names></name><name><surname>SAHLINS</surname><given-names>Marshall</given-names></name></person-group></element-citation></ref><ref id="B10"><element-citation publication-type="book"><source>Le paradigme ergologi-que ou un métier de philosophe</source><date><year>2000</year></date><person-group><name><surname>SCHWARTZ</surname><given-names>Yves</given-names></name><name><surname>SCHWARTZ</surname><given-names>Yves</given-names></name></person-group></element-citation></ref></ref-list></back></article></articles>