<articles xmlns:xsi="http://www.w3.org/2001/XMLSchema-instance" xsi:schemaLocation="https://raw.githubusercontent.com/scieloorg/articles_meta/master/tests/xsd/scielo_sci/ThomsonReuters_publishing.xsd" dtd-version="1.10"><article lang_id="pt" article-type="research-article"><front><journal-meta><journal-id journal-id-type="publisher">tes</journal-id><journal-title-group><journal-title>Trabalho, Educação e Saúde</journal-title><abbrev-journal-title>Trab. educ. saúde</abbrev-journal-title></journal-title-group><issn>1981-7746</issn><collection>SciELO Brazil</collection><publisher><publisher-name>Fundação Oswaldo Cruz, Escola Politécnica de Saúde Joaquim Venâncio</publisher-name></publisher></journal-meta><article-meta><unique-article-id pub-id-type="publisher-id">S1981-77462010000300010</unique-article-id><article-id pub-id-type="publisher-id">S1981-77462010000300010</article-id><article-id pub-id-type="doi">10.1590/S1981-77462010000300010</article-id><article-categories><subj-group><subject>EDUCATION &amp; EDUCATIONAL RESEARCH</subject><subject>PUBLIC, ENVIRONMENTAL &amp; OCCUPATIONAL HEALTH</subject></subj-group></article-categories><title-group><article-title lang_id="pt">Questões epistemológicas das neurociências cognitivas</article-title><trans-title-group lang_id="en"><trans-title>Epistemological questions of the cognitive neurosciences</trans-title></trans-title-group></title-group><contrib-group><contrib contrib-type="author"><name><surname>Pereira Jr.</surname><given-names>Alfredo</given-names></name><role>ND</role></contrib></contrib-group><pub-date><month>11</month><year>2010</year></pub-date><volume>8</volume><issue>3</issue><fpage>509</fpage><lpage>520</lpage><permissions><license license-type="open-access" href="http://creativecommons.org/licenses/by-nc/4.0/"><license-p>This work is licensed under a Creative Commons Attribution-NonCommercial 4.0 International License.</license-p></license></permissions><self-uri href="http://www.scielo.br/scielo.php?script=sci_arttext&amp;pid=S1981-77462010000300010&amp;lng=en&amp;tlng=en" content-type="full_text_page"/><self-uri href="http://www.scielo.br/scielo.php?script=sci_issuetoc&amp;pid=1981-774620100003&amp;lng=en" content-type="issue_page"/><self-uri href="http://www.scielo.br/scielo.php?script=sci_serial&amp;pid=1981-7746&amp;lng=en" content-type="journal_page"/><abstract lang_id="pt"><p>Neste ensaio, identificam-se quatro questões centrais fundamentais para a epistemologia da neurociência de orientação cognitiva: a multiplicidade de níveis de análise no estudo das funções do cérebro; o confronto entre modelos computacionais e dinamicistas; o tratamento adequado das interações entre cérebro, corpo e ambiente; e os problemas filosóficos encontrados nas tentativas de se construir uma teoria neurobiológica dos processos conscientes e da linguagem humana.</p></abstract><trans-abstract lang_id="en"><p>This essay pinpoints four key issues that are central to the epistemology of cognition-oriented neurosciences: the multiple levels of analysis in the study of the brain functions, the confrontation between the computational and dynamicist models; the proper treatment of the interactions among the brain, the body, and the environment; and the philosophical problems encountered in the attempts made to build a neurobiological theory of conscious and human language processes.</p></trans-abstract><kwd-group lang_id="pt" kwd-group-type="author-generated"><kwd>epistemologia</kwd><kwd>neurociência cognitiva</kwd><kwd>representações</kwd><kwd>consciência</kwd><kwd>linguagem</kwd></kwd-group><kwd-group lang_id="en" kwd-group-type="author-generated"><kwd>epistemology</kwd><kwd>cognitive neuroscience</kwd><kwd>representations</kwd><kwd>consciousness</kwd><kwd>language</kwd></kwd-group></article-meta></front><back><ref-list><ref id="B1"><element-citation publication-type="article"><article-title>The Hebbian Paradigm Reintegrated: Local Reverberations as Internal Representations</article-title><source>Behavioral and Brain Sciences</source><date><year>1995</year></date><fpage>617</fpage><lpage>657</lpage><issue>4</issue><volume>18</volume><person-group><name><surname>AMIT</surname><given-names>Daniel A.</given-names></name></person-group></element-citation></ref><ref id="B2"><element-citation publication-type="article"><article-title>Deictic Codes for the Embodiement of Cognition</article-title><source>Behavioral and Brain Sciences</source><fpage>723</fpage><lpage>767</lpage><issue>4</issue><volume>20</volume><person-group><name><surname>BALLARD</surname><given-names>Dana H.</given-names></name></person-group></element-citation></ref><ref id="B3"><element-citation publication-type="article"><article-title>New Approaches to Robotics</article-title><source>Science</source><date><year>1991</year></date><fpage>1.227</fpage><lpage>1.232</lpage><issue>5.025</issue><volume>253</volume><person-group><name><surname>BROOKS</surname><given-names>Rodney A</given-names></name></person-group></element-citation></ref><ref id="B4"><element-citation publication-type="book"><source>Origins: Brain and Self-Organization</source><date><year>1994</year></date><person-group><name><surname>CARIANI</surname><given-names>Peter</given-names></name><name><surname>PRIBRAM</surname><given-names>K.</given-names></name><name><surname>PRIBRAM</surname><given-names>K.</given-names></name></person-group></element-citation></ref><ref id="B5"><element-citation publication-type="book"><source>Neurophilosophy: Towards a Unified Approach of the Mind/Brain</source><date><year>1986</year></date><person-group><name><surname>CHURCHLAND</surname><given-names>Patricia. S.</given-names></name><name><surname>CHURCHLAND</surname><given-names>Patricia. S.</given-names></name></person-group></element-citation></ref><ref id="B6"><element-citation publication-type="book"><source>Matter and Consciousness</source><date><year>1988</year></date><person-group><name><surname>CHURCHLAND</surname><given-names>Paul. M.</given-names></name><name><surname>CHURCHLAND</surname><given-names>Paul. M.</given-names></name></person-group></element-citation></ref><ref id="B7"><element-citation publication-type="book"><source>Being There</source><date><year>1996</year></date><person-group><name><surname>CLARK</surname><given-names>Andy</given-names></name><name><surname>CLARK</surname><given-names>Andy</given-names></name></person-group></element-citation></ref><ref id="B8"><element-citation publication-type="book"><source>The Astonishing Hypothesis</source><date><year>1994</year></date><person-group><name><surname>CRICK</surname><given-names>Francis</given-names></name><name><surname>CRICK</surname><given-names>Francis</given-names></name></person-group></element-citation></ref><ref id="B9"><element-citation publication-type="article"><article-title>The Model-Theoretic Approach in the Philosophy of Science</article-title><source>Philosophy of Science</source><date><year>1990</year></date><fpage>248</fpage><lpage>265</lpage><issue>57</issue><person-group><name><surname>DA COSTA</surname><given-names>Newton. C. A.</given-names></name><name><surname>FRENCH</surname><given-names>Steven. R. D.</given-names></name></person-group></element-citation></ref><ref id="B10"><element-citation publication-type="book"><source>The Feeling of What Happens: Body, Emotion and the Making of Consciousness</source><date><year>1999</year></date><person-group><name><surname>DAMASIO</surname><given-names>Antonio</given-names></name><name><surname>DAMASIO</surname><given-names>Antonio</given-names></name></person-group></element-citation></ref><ref id="B11"><element-citation publication-type="book"><source>Consciousness Explained</source><date><year>1991</year></date><person-group><name><surname>DENNETT</surname><given-names>Daniel C.</given-names></name><name><surname>DENNETT</surname><given-names>Daniel C.</given-names></name></person-group></element-citation></ref><ref id="B12"><element-citation publication-type="article"><article-title>The Physiological Basis of Executive Functions and Working Memory</article-title><source>The Neuroscientist</source><date><year>1996</year></date><fpage>345</fpage><lpage>352</lpage><volume>2</volume><person-group><name><surname>D'ESPOSITO</surname><given-names>Mark.</given-names></name><name><surname>GROSSMAN</surname><given-names>Murray.</given-names></name></person-group></element-citation></ref><ref id="B13"><element-citation publication-type="book"><source>Neural Darwinism</source><date><year>1987</year></date><person-group><name><surname>EDELMAN</surname><given-names>Gerald M.</given-names></name><name><surname>EDELMAN</surname><given-names>Gerald M.</given-names></name></person-group></element-citation></ref><ref id="B14"><element-citation publication-type="book"><source>The Remembered Present: A Biological Theory of Consciousness</source><date><year>1989</year></date><person-group><name><surname>EDELMAN</surname><given-names>Gerald M.</given-names></name></person-group></element-citation></ref><ref id="B15"><element-citation publication-type="book"><source>The Modularity of Mind</source><date><year>1983</year></date><person-group><name><surname>FODOR</surname><given-names>Jerry</given-names></name><name><surname>FODOR</surname><given-names>Jerry</given-names></name></person-group></element-citation></ref><ref id="B16"><element-citation publication-type="book"><source>Cognitive Neuroscience</source><date><year>1997</year></date><person-group><name><surname>FRITH</surname><given-names>Chris D.</given-names></name><name><surname>FRISTON</surname><given-names>Karl. J.</given-names></name><name><surname>RUGG</surname><given-names>Michael. C.</given-names></name><name><surname>RUGG</surname><given-names>Michael. C.</given-names></name></person-group></element-citation></ref><ref id="B17"><element-citation publication-type="book"><source>The Echological Approach to Visual Perception</source><date><year>1979</year></date><person-group><name><surname>GIBSON</surname><given-names>James J.</given-names></name><name><surname>GIBSON</surname><given-names>James J.</given-names></name></person-group></element-citation></ref><ref id="B18"><element-citation publication-type="article"><article-title>The Hippocampus and Cerebellum in Adaptively Timed Learning, Recognition, and Movement</article-title><source>Journal of Cognitive Neuroscience</source><date><year>1996</year></date><fpage>257</fpage><lpage>277</lpage><issue>3</issue><volume>8</volume><person-group><name><surname>GROSSBERG</surname><given-names>Steve</given-names></name><name><surname>MERRILL</surname><given-names>John W. L.</given-names></name></person-group></element-citation></ref><ref id="B19"><element-citation publication-type="article"><article-title>Movement-Produced Stimulation in the Development of Visually Guided Behavior</article-title><source>Journal of Comparative and Physiological Psychology</source><date><year>1963</year></date><fpage>872</fpage><lpage>876</lpage><issue>5</issue><volume>56</volume><person-group><name><surname>HELD</surname><given-names>Richard</given-names></name><name><surname>HEIN</surname><given-names>Alan</given-names></name></person-group></element-citation></ref><ref id="B20"><element-citation publication-type="book"><source>Dynamic Patterns: The Self-Organization of Brain and Behavior</source><date><year>1995</year></date><person-group><name><surname>KELSO</surname><given-names>J. A. S.</given-names></name><name><surname>KELSO</surname><given-names>J. A. S.</given-names></name></person-group></element-citation></ref><ref id="B21"><element-citation publication-type="book"><source>Cerebral Mechanisms in Behavior: The Hixon Symposium</source><date><year>1951</year></date><person-group><name><surname>KOHLER</surname><given-names>Wolfgang</given-names></name><name><surname>JEFFRESS</surname><given-names>L. A.</given-names></name><name><surname>JEFFRESS</surname><given-names>L. A.</given-names></name></person-group></element-citation></ref><ref id="B22"><element-citation publication-type="book"><source>The Neuropsychology of Lashley</source><date><year>1960</year></date><person-group><name><surname>LASHLEY</surname><given-names>Karl.</given-names></name><name><surname>LASHLEY</surname><given-names>Karl.</given-names></name></person-group></element-citation></ref><ref id="B23"><element-citation publication-type="article"><article-title>Materialism and Qualia: The Explanatory Gap</article-title><source>Pacific Philosophical Quarterly</source><date><year>1983</year></date><fpage>354</fpage><lpage>361</lpage><volume>64</volume><person-group><name><surname>LEVINE</surname><given-names>Joseph.</given-names></name></person-group></element-citation></ref><ref id="B24"><element-citation publication-type="book"><source>I of the Vortex: From Neurons to Self</source><date><year>2002</year></date><person-group><name><surname>LLINÁS</surname><given-names>Rudolf.</given-names></name><name><surname>LLINÁS</surname><given-names>Rudolf.</given-names></name></person-group></element-citation></ref><ref id="B25"><element-citation publication-type="article"><article-title>A Cournotian Approach to the Emergence of Relational Collectives</article-title><source>TECCOGS - Revista Digital de Tecnologias Cognitivas</source><date><year>2009</year></date><fpage>1</fpage><lpage>17</lpage><issue>1</issue><person-group><name><surname>LUNGARZO</surname><given-names>Carlos</given-names></name><name><surname>PEREIRA JR.</surname><given-names>Alfredo</given-names></name></person-group></element-citation></ref><ref id="B26"><element-citation publication-type="book"><source>Cerebral Mechanisms in Behavior: The Hixon Symposium</source><date><year>1951</year></date><person-group><name><surname>McCULLOCH</surname><given-names>Warren S.</given-names></name><name><surname>JEFFRESS</surname><given-names>Lloyd. A.</given-names></name><name><surname>JEFFRESS</surname><given-names>Lloyd. A.</given-names></name></person-group></element-citation></ref><ref id="B27"><element-citation publication-type="book"><source>The Structure of Science: Problems in the Logic of Scientific Explanation</source><date><year>1961</year></date><person-group><name><surname>NAGEL</surname><given-names>Ernest</given-names></name><name><surname>NAGEL</surname><given-names>Ernest</given-names></name></person-group></element-citation></ref><ref id="B28"><element-citation publication-type="book"><source>Unified Theories of Cognition</source><date><year>1990</year></date><person-group><name><surname>NEWELL</surname><given-names>Alan</given-names></name><name><surname>NEWELL</surname><given-names>Alan</given-names></name></person-group></element-citation></ref><ref id="B29"><element-citation publication-type="conference"><source>Does Representation Needs Reality?</source><date><year>1997</year></date><person-group><name><surname>PEREIRA JR.</surname><given-names>Alfredo</given-names></name><name><surname>RIEGLER</surname><given-names>Alexander</given-names></name><name><surname>PESCHL</surname><given-names>Marcus</given-names></name><name><surname>RIEGLER</surname><given-names>Alexander</given-names></name><name><surname>PESCHL</surname><given-names>Marcus</given-names></name></person-group></element-citation></ref><ref id="B30"><element-citation publication-type="article"><article-title>The Degrees of Consciousness</article-title><source>Ciência e Cultura</source><date><year>1998</year></date><fpage>129</fpage><lpage>134</lpage><issue>2-3</issue><volume>50</volume><person-group><name><surname>PEREIRA JR.</surname><given-names>Alfredo</given-names></name></person-group></element-citation></ref><ref id="B31"><element-citation publication-type="article"><article-title>Coexisting Spatio-Temporal Scales in Neuroscience</article-title><source>Minds and Machines</source><date><year>2001</year></date><fpage>457</fpage><lpage>465</lpage><issue>4</issue><volume>11</volume><person-group><name><surname>PEREIRA JR.</surname><given-names>Alfredo</given-names></name></person-group></element-citation></ref><ref id="B32"><element-citation publication-type="article"><article-title>Uma abordagem naturalista da consciência humana</article-title><source>Trans/Form/Ação</source><date><year>2003</year></date><fpage>109</fpage><lpage>141</lpage><issue>2</issue><volume>26</volume><person-group><name><surname>PEREIRA JR.</surname><given-names>Alfredo</given-names></name></person-group></element-citation></ref><ref id="B33"><element-citation publication-type="article"><article-title>Uma reflexão a respeito da evolução humana e a natureza da linguagem</article-title><source>Abstracta</source><date><year>2007</year></date><fpage>138</fpage><lpage>161</lpage><issue>2</issue><volume>3</volume><person-group><name><surname>PEREIRA JR.</surname><given-names>Alfredo</given-names></name></person-group></element-citation></ref><ref id="B34"><element-citation publication-type="article"><article-title>What the Cognitive Neurosciences Mean to Me</article-title><source>Mens Sana Monographs</source><date><year>2007</year></date><fpage>158</fpage><lpage>168</lpage><issue>1</issue><volume>5</volume><person-group><name><surname>PEREIRA JR.</surname><given-names>Alfredo</given-names></name></person-group></element-citation></ref><ref id="B35"><element-citation publication-type="book"><source>Encontro com as ciências cognitivas</source><date><year>2008</year></date><volume>5</volume><person-group><name><surname>PEREIRA JR.</surname><given-names>Alfredo</given-names></name><name><surname>GONZALES</surname><given-names>Maria Eunice Quilici</given-names></name><name><surname>BROENS</surname><given-names>Mariana Claudia</given-names></name><name><surname>GONZALES</surname><given-names>Maria Eunice Quilici</given-names></name><name><surname>BROENS</surname><given-names>Mariana Claudia</given-names></name></person-group></element-citation></ref><ref id="B36"><element-citation publication-type="article"><article-title>Understanding Consciousness: a collaborative attempt to elucidate contemporary theories</article-title><source>Journal of Consciousness Studies</source><date><year>2010</year></date><fpage>213</fpage><lpage>219</lpage><issue>5-6</issue><volume>17</volume><person-group><name><surname>PEREIRA JR.</surname><given-names>Alfredo</given-names></name></person-group></element-citation></ref><ref id="B37"><element-citation publication-type="article"><article-title>Astrocytes and Human Cognition: Modeling Information Integration and Modulation of Neuronal Activity</article-title><source>Progress in Neurobiology</source><date><year>2010</year></date><fpage>405</fpage><lpage>420</lpage><issue>3</issue><volume>92</volume><person-group><name><surname>PEREIRA JR.</surname><given-names>Alfredo</given-names></name><name><surname>FURLAN</surname><given-names>Fabio</given-names></name></person-group></element-citation></ref><ref id="B38"><element-citation publication-type="article"><article-title>What is Consciousness?: Towards a preliminary definition</article-title><source>Journal of Consciousness Studies</source><date><year>2009</year></date><fpage>28</fpage><lpage>45</lpage><issue>5</issue><volume>16</volume><person-group><name><surname>PEREIRA JR.</surname><given-names>Alfredo</given-names></name><name><surname>RICKE</surname><given-names>Hans</given-names></name></person-group></element-citation></ref><ref id="B39"><element-citation publication-type="book"><source>Auto-organização: estudos interdisciplinares</source><date><year>2000</year></date><person-group><name><surname>PEREIRA JR.</surname><given-names>Alfredo</given-names></name><name><surname>ROCHA</surname><given-names>Armando. F.</given-names></name><name><surname>GONZALES</surname><given-names>M. E.</given-names></name><name><surname>D'OTTAVIANO</surname><given-names>I.</given-names></name><name><surname>GONZALES</surname><given-names>M. E.</given-names></name><name><surname>D'OTTAVIANO</surname><given-names>I.</given-names></name></person-group></element-citation></ref><ref id="B40"><element-citation publication-type="book"><source>Brain and Perception: Holonomy and Structure in Figural Processing</source><date><year>1991</year></date><person-group><name><surname>PRIBRAM</surname><given-names>Karl</given-names></name><name><surname>PRIBRAM</surname><given-names>Karl</given-names></name></person-group></element-citation></ref><ref id="B41"><element-citation publication-type="article"><article-title>NMDA Channel and Consciousness: From Signal Coincidence Detection to Quantum Computation</article-title><source>Progress in Neurobiology</source><date><year>2001</year></date><fpage>555</fpage><lpage>573</lpage><issue>6</issue><volume>64</volume><person-group><name><surname>ROCHA</surname><given-names>Armando</given-names></name><name><surname>PEREIRA JR.</surname><given-names>Alfredo</given-names></name><name><surname>COUTINHO</surname><given-names>Francisco</given-names></name></person-group></element-citation></ref><ref id="B42"><element-citation publication-type="book"><source>Mechanisms of Memory</source><date><year>1967</year></date><person-group><name><surname>ROY JOHN</surname><given-names>Erwin</given-names></name><name><surname>ROY JOHN</surname><given-names>Erwin</given-names></name></person-group></element-citation></ref><ref id="B43"><element-citation publication-type="book"><source>The Mystery of Consciousness</source><date><year>1997</year></date><person-group><name><surname>SEARLE</surname><given-names>John</given-names></name><name><surname>SEARLE</surname><given-names>John</given-names></name></person-group></element-citation></ref><ref id="B44"><element-citation publication-type="book"><source>The Future of the Cognitive Revolution</source><date><year>1997</year></date><person-group><name><surname>VAN GELDER</surname><given-names>Timothy</given-names></name><name><surname>JOHNSON</surname><given-names>David. M.</given-names></name><name><surname>ERNELING</surname><given-names>Christina. E.</given-names></name><name><surname>JOHNSON</surname><given-names>David. M.</given-names></name><name><surname>ERNELING</surname><given-names>Christina. E.</given-names></name></person-group></element-citation></ref><ref id="B45"><element-citation publication-type="book"><source>Cerebral Mechanisms in Behavior: The Hixon Symposium</source><date><year>1951</year></date><person-group><name><surname>VON NEUMANN</surname><given-names>John</given-names></name><name><surname>JEFFRESS</surname><given-names>Lloyd. A.</given-names></name><name><surname>JEFFRESS</surname><given-names>Lloyd. A.</given-names></name></person-group></element-citation></ref><ref id="B46"><element-citation publication-type="book"><source>Instinctive Behavior</source><date><year>1957</year></date><person-group><name><surname>VON UEXKULL</surname><given-names>Jakob</given-names></name><name><surname>SCHILLER</surname><given-names>Claire. H.</given-names></name><name><surname>LASHLEY</surname><given-names>Karl. S.</given-names></name><name><surname>SCHILLER</surname><given-names>Claire. H.</given-names></name><name><surname>LASHLEY</surname><given-names>Karl. S.</given-names></name></person-group></element-citation></ref><ref id="B47"><element-citation publication-type="book"><source>The Living Brain</source><date><year>1963</year></date><person-group><name><surname>WALTER</surname><given-names>W. Gray.</given-names></name><name><surname>WALTER</surname><given-names>W. Gray.</given-names></name></person-group></element-citation></ref></ref-list></back></article></articles>