<articles xmlns:xsi="http://www.w3.org/2001/XMLSchema-instance" xsi:schemaLocation="https://raw.githubusercontent.com/scieloorg/articles_meta/master/tests/xsd/scielo_sci/ThomsonReuters_publishing.xsd" dtd-version="1.10"><article lang_id="pt" article-type="research-article"><front><journal-meta><journal-id journal-id-type="publisher">tes</journal-id><journal-title-group><journal-title>Trabalho, Educação e Saúde</journal-title><abbrev-journal-title>Trab. educ. saúde</abbrev-journal-title></journal-title-group><issn>1981-7746</issn><collection>SciELO Brazil</collection><publisher><publisher-name>Fundação Oswaldo Cruz, Escola Politécnica de Saúde Joaquim Venâncio</publisher-name></publisher></journal-meta><article-meta><unique-article-id pub-id-type="publisher-id">S1981-77462014000300499</unique-article-id><article-id pub-id-type="publisher-id">S1981-77462014000300499</article-id><article-id pub-id-type="doi">10.1590/1981-7746-sip00019</article-id><article-categories><subj-group><subject>EDUCATION &amp; EDUCATIONAL RESEARCH</subject><subject>PUBLIC, ENVIRONMENTAL &amp; OCCUPATIONAL HEALTH</subject></subj-group></article-categories><title-group><article-title lang_id="pt">Privatização da gestão e organizações sociais na atenção à saúde</article-title><trans-title-group lang_id="es"><trans-title>Privatización de la gestión y organizaciones sociales en la atención a la salud</trans-title></trans-title-group><trans-title-group lang_id="en"><trans-title>Privatization of management and social organizations in health care</trans-title></trans-title-group></title-group><contrib-group><contrib contrib-type="author"><name><surname>Andreazzi</surname><given-names>Maria de Fátima Siliansky de</given-names></name><role>ND</role><xref ref-type="aff" rid="AFF1"/></contrib><contrib contrib-type="author"><name><surname>Bravo</surname><given-names>Maria Inês Souza</given-names></name><role>ND</role><xref ref-type="aff" rid="AFF2"/></contrib></contrib-group><aff id="AFF2"><institution>Universidade do Estado do Rio de Janeiro</institution><country>Brazil</country></aff><aff id="AFF1"><institution>Universidade Federal do Rio de Janeiro</institution><country>Brazil</country></aff><pub-date><month>12</month><year>2014</year></pub-date><volume>12</volume><issue>3</issue><fpage>499</fpage><lpage>518</lpage><permissions><license license-type="open-access" href="http://creativecommons.org/licenses/by-nc/4.0/"><license-p>This work is licensed under a Creative Commons Attribution-NonCommercial 4.0 International License.</license-p></license></permissions><self-uri href="http://www.scielo.br/scielo.php?script=sci_arttext&amp;pid=S1981-77462014000300499&amp;lng=en&amp;tlng=en" content-type="full_text_page"/><self-uri href="http://www.scielo.br/scielo.php?script=sci_issuetoc&amp;pid=1981-774620140003&amp;lng=en" content-type="issue_page"/><self-uri href="http://www.scielo.br/scielo.php?script=sci_serial&amp;pid=1981-7746&amp;lng=en" content-type="journal_page"/><abstract lang_id="pt"><p>Este artigo procura discutir os avanços recentes da contrarreforma do Estado na saúde, particularmente na privatização da gestão para organizações sociais, e ainda apresenta um enfoque teórico explicativo desse fenômeno na atualidade. São investigadas as novas configurações do sistema de saúde brasileiro resultantes das interações entre o Estado e o mercado, mediante a abordagem dos anos que se iniciam no primeiro governo Lula, de 2003 até o presente, e enfoque das organizações sociais sediadas ou atuantes nos estados do Rio de Janeiro e de São Paulo. A despeito das expectativas criadas de mudanças substanciais na política econômica e social, o governo Lula manteve elementos importantes dos governos que o precederam a partir dos anos 1990. No plano estadual, o governo Sérgio Cabral Filho priorizou claramente a terceirização. É feita uma análise crítica dos argumentos empregados para impulsionar essa contrarreforma, utilizando-se algumas análises de casos. Ao final, elabora-se uma tese explicativa desse avanço à luz das transformações da base material e da superestrutura política do capitalismo contemporâneo e da formação social brasileira.</p></abstract><trans-abstract lang_id="es"><p>Este artículo trata de discutir los últimos avances en la contrarreforma del Estado en la salud, en particular, en la privatización de la gestión para organizaciones sociales, y también presenta un enfoque teórico explicativo de este fenómeno en la actualidad. Se investigan las nuevas configuraciones del sistema de salud brasileño como resultado de las interacciones entre el Estado y el mercado, abordando los años a partir del primer gobierno de Lula, desde 2003 hasta el presente, y el enfoque de las organizaciones sociales con sedes o actuantes en los estados de Río de Janeiro y São Paulo. A pesar de las expectativas creadas de cambios sustanciales en la política económica y social, el gobierno de Lula mantuvo elementos importantes de los gobiernos que le precedieron desde la década de 1990. A nivel de estado, el gobierno de Sérgio Cabral Filho claramente priorizó la subcontratación. Se hace un análisis crítico de los argumentos utilizados para impulsar esta contrarreforma, utilizando algunos análisis de casos. Por último, se elabora una tesis explicativa de este avance a la luz de las transformaciones de la base material y de la superestructura política del capitalismo contemporáneo y de la formación social brasileña.</p></trans-abstract><trans-abstract lang_id="en"><p>This article discusses the recent progress made in the counter-reform of the State in health, particularly in the privatization of the management for social organizations, and it also presents an explanatory theoretical focus on this phenomenon today.The new settings of the Brazilian health system resulting from the interactions between the State and the market are investigated by addressing the years beginning in the first Lula administration, from 2003 to the present, and the focus of the social organizations based or active in the states of Rio de Janeiro and São Paulo. Despite the expectations created for substantial changes in the economic and social policies, the Lula administration maintained important elements of governments that preceded him from the 1990s. At the state level, the Sérgio Cabral Filho administration clearly prioritized outsourcing. A critical analysis of the arguments used to boost this counter-reform is made based on a few case studies. At the end, an explanatory thesis is presented on the progress made in the light of the transformations of the material base, of the political superstructure of contemporary capitalism, and of the Brazilian social formation.</p></trans-abstract><kwd-group lang_id="pt" kwd-group-type="author-generated"><kwd>organizações sociais</kwd><kwd>contrarreforma do Estado</kwd><kwd>saúde e mercado</kwd></kwd-group><kwd-group lang_id="es" kwd-group-type="author-generated"><kwd>organizaciones sociales</kwd><kwd>contrarreforma del Estado</kwd><kwd>salud y mercado</kwd></kwd-group><kwd-group lang_id="en" kwd-group-type="author-generated"><kwd>social organizations</kwd><kwd>counter-reform of the State</kwd><kwd>health and market</kwd></kwd-group></article-meta></front><back><ref-list><ref id="B1"><element-citation publication-type="article"><article-title>A health services under the General Agreement on Trade in Services</article-title><source>Bulletin WHO</source><date><year>2001</year></date><fpage>p. 352</fpage><lpage>p. 364</lpage><issue>n. 4</issue><volume>v. 79</volume><person-group><name><surname>ADLUNG</surname><given-names>Rudolf</given-names></name><name><surname>CARZANIGA</surname><given-names>Antonia</given-names></name><name><surname>ADLUNG</surname><given-names>Rudolf</given-names></name><name><surname>CARZANIGA</surname><given-names>Antonia</given-names></name></person-group></element-citation></ref><ref id="B2"><element-citation publication-type="article"><article-title>Equidade e reforma setorial na América Latina: um debate necessário</article-title><source>Cadernos de Saúde Pública</source><date><year>2002</year></date><fpage>p. S23</fpage><lpage>p. S36</lpage><volume>v.18</volume><person-group><name><surname>ALMEIDA</surname><given-names>Célia</given-names></name><name><surname>ALMEIDA</surname><given-names>Célia</given-names></name></person-group><ext-link>www.scielo.br/scielo.php?script=sci_arttext&amp;pid=S0102-311X2002000700004</ext-link></element-citation></ref><ref id="B3"><element-citation publication-type="book"><source>O seguro saúde privado no Brasil</source><date><year>1991</year></date><person-group><name><surname>ANDREAZZI</surname><given-names>Maria F. S.</given-names></name><name><surname>ANDREAZZI</surname><given-names>Maria F. S.</given-names></name></person-group></element-citation></ref><ref id="B4"><element-citation publication-type="article"><article-title>Recuperação de custos em unidades públicas de saúde: uma contribuição para o debate sobre novas formas de financiamento</article-title><source>RAP: Revista Brasileira de Administração Pública</source><date><year>1997</year></date><fpage>p. 153</fpage><lpage>p. 190</lpage><issue>n. 5</issue><volume>v. 31</volume><person-group><name><surname>ANDREAZZI</surname><given-names>Maria F. S.</given-names></name><name><surname>ANDREAZZI</surname><given-names>Maria F. S.</given-names></name></person-group></element-citation></ref><ref id="B5"><element-citation publication-type="book"><source>Financiamento e gestão do setor saúde: novos modelos</source><date><year>1999</year></date><fpage>p. 105</fpage><lpage>p. 132</lpage><person-group><name><surname>ANDREAZZI</surname><given-names>Maria F. S.</given-names></name><name><surname>ANDREAZZI</surname><given-names>Maria F. S.</given-names></name><name><surname>TURA</surname><given-names>Luiz F. R.</given-names></name><name><surname>ANDREAZZI</surname><given-names>Maria F. S.</given-names></name><name><surname>TURA</surname><given-names>Luiz F. R.</given-names></name></person-group></element-citation></ref><ref id="B6"><element-citation publication-type="article"><article-title>Padrões de acumulação setorial: finanças e serviços nas transformações contemporâneas da saúde</article-title><source>Ciência &amp; Saúde Coletiva</source><date><year>2008</year></date><fpage>p.1.409</fpage><lpage>p.1.420</lpage><issue>n. 5</issue><volume>v. 13</volume><person-group><name><surname>ANDREAZZI</surname><given-names>Maria F. S. de</given-names></name><name><surname>KORNIS</surname><given-names>George E. M.</given-names></name><name><surname>ANDREAZZI</surname><given-names>Maria F. S. de</given-names></name><name><surname>KORNIS</surname><given-names>George E. M.</given-names></name></person-group></element-citation></ref><ref id="B7"><element-citation publication-type="book"><source>Parecer da Comissão Parlamentar de Inquérito sobre Remuneração dos Serviços Médico-Hospitalares</source><date><year>2008</year></date><ext-link>http://fopspr.files.wordpress.com/2010/08/sub-relatoriocpi-rsmh-oss-hosp-publicos.pdf</ext-link></element-citation></ref><ref id="B8"><element-citation publication-type="article"><article-title>A hegemonia neoliberal no governo Lula</article-title><source>Crítica Marxista</source><date><year>2003</year></date><fpage>p. 1</fpage><lpage>p.25</lpage><issue>n. 17</issue><person-group><name><surname>BOITO JR.</surname><given-names>Armando</given-names></name><name><surname>BOITO JR.</surname><given-names>Armando</given-names></name></person-group></element-citation></ref><ref id="B9"><element-citation publication-type="article"><article-title>Editorial: o futuro das políticas sociais no governo Lula</article-title><source>Revista Katálysis</source><date><year>2007</year></date><issue>n. 1</issue><volume>v. 10</volume><person-group><name><surname>BOSCHETTI</surname><given-names>Ivanete</given-names></name><name><surname>BOSCHETTI</surname><given-names>Ivanete</given-names></name></person-group></element-citation></ref><ref id="B10"><element-citation publication-type="book"><source>Poder e dinheiro: uma economia política da globalização</source><date><year>1998</year></date><fpage>p. 195</fpage><lpage>p. 242</lpage><person-group><name><surname>BRAGA</surname><given-names>José C. S.</given-names></name><name><surname>TAVARES</surname><given-names>Maria C.</given-names></name><name><surname>FIORI</surname><given-names>José L.</given-names></name><name><surname>TAVARES</surname><given-names>Maria C.</given-names></name><name><surname>FIORI</surname><given-names>José L.</given-names></name></person-group></element-citation></ref><ref id="B11"><element-citation publication-type="book"><source>Brasil em Contrarreforma</source><date><year>2003</year></date><person-group><name><surname>BEHRING</surname><given-names>Elaine R</given-names></name><name><surname>BEHRING</surname><given-names>Elaine R</given-names></name></person-group></element-citation></ref><ref id="B12"><element-citation publication-type="article"><article-title>A política de saúde no governo Lula: algumas reflexões</article-title><source>Revista Inscrita</source><date><year>2004</year></date><fpage>p. 35</fpage><lpage>p. 39</lpage><issue>n. 9</issue><person-group><name><surname>BRAVO</surname><given-names>Maria I. S. B.</given-names></name><name><surname>BRAVO</surname><given-names>Maria I. S. B.</given-names></name></person-group></element-citation></ref><ref id="B13"><element-citation publication-type="article"><article-title>Desafios atuais do controle social no Sistema Único de Saúde (SUS)</article-title><source>Serviço Social &amp; Sociedade</source><date><year>2006</year></date><fpage>p.75</fpage><lpage>p100</lpage><issue>n. 88</issue><person-group><name><surname>BRAVO</surname><given-names>Maria I. S. B.</given-names></name><name><surname>BRAVO</surname><given-names>Maria I. S. B.</given-names></name></person-group></element-citation></ref><ref id="B14"><element-citation publication-type="book"><source>Política de saúde na atual conjuntura: modelos de gestão e agenda para a saúde</source><date><year>2007</year></date><fpage>p. 13</fpage><lpage>p. 21</lpage><person-group><name><surname>BRAVO</surname><given-names>Maria I. S. B.</given-names></name><name><surname>MENEZES</surname><given-names>Juliana S. B.</given-names></name><name><surname>BRAVO</surname><given-names>Maria I. S. B.</given-names></name><name><surname>BRAVO</surname><given-names>Maria I. S. B.</given-names></name></person-group></element-citation></ref><ref id="B15"><element-citation publication-type="article"><article-title>Da administração burocrática à gerencial</article-title><source>Revista do Serviço Público (RSP)</source><date><year>1996</year></date><fpage>p. 1</fpage><lpage>p.28</lpage><issue>n.1</issue><volume>v.120</volume><person-group><name><surname>BRESSER-PEREIRA</surname><given-names>Luiz C</given-names></name><name><surname>BRESSER-PEREIRA</surname><given-names>Luiz C</given-names></name></person-group></element-citation></ref><ref id="B16"><element-citation publication-type="book"><source>A mundialização do capital</source><date><year>1996</year></date><person-group><name><surname>CHESNAIS</surname><given-names>François</given-names></name><name><surname>CHESNAIS</surname><given-names>François</given-names></name></person-group></element-citation></ref><ref id="B17"><element-citation publication-type="book"><source>A finança mundializada: acumulação, internacionalização, efeitos econômicos e políticos</source><date><year>2005</year></date><fpage>p. 35</fpage><lpage>p. 67</lpage><person-group><name><surname>CHESNAIS</surname><given-names>François</given-names></name><name><surname>CHESNAIS</surname><given-names>François</given-names></name><name><surname>CHESNAIS</surname><given-names>François</given-names></name></person-group></element-citation></ref><ref id="B18"><element-citation publication-type="article"><article-title>Tribunal julga atendimento privado em hospitais estaduais de SP</article-title><source>Folha online</source><date><year>2012</year></date><person-group><name><surname>COLLUCCI</surname><given-names>Cláudia</given-names></name><name><surname>COLLUCCI</surname><given-names>Cláudia</given-names></name></person-group><ext-link>www1.folha.uol.com.br/cotidiano/1090521-tribunal-julga-atendimento-privadoem-hospitais-estaduais-de-sp.shtml</ext-link></element-citation></ref><ref id="B19"><element-citation publication-type="book"><source>As empresas médicas</source><date><year>1984</year></date><person-group><name><surname>CORDEIRO</surname><given-names>Hésio</given-names></name><name><surname>CORDEIRO</surname><given-names>Hésio</given-names></name></person-group></element-citation></ref><ref id="B20"><element-citation publication-type="book"><source>Corrupção: ensaio e críticas</source><date><year>2008</year></date><fpage>p. 187</fpage><lpage>p. 192</lpage><person-group><name><surname>DOMINGUES</surname><given-names>José M</given-names></name><name><surname>AVRITZER</surname><given-names>Leonardo</given-names></name><name><surname>AVRITZER</surname><given-names>Leonardo</given-names></name></person-group></element-citation></ref><ref id="B21"><element-citation publication-type="book"><source>Embedded Autonomy: States in Industrial Transformation</source><date><year>1995</year></date><person-group><name><surname>EVANS</surname><given-names>Peter</given-names></name><name><surname>EVANS</surname><given-names>Peter</given-names></name></person-group></element-citation></ref><ref id="B22"><element-citation publication-type="book"><source>Os donos do poder: formação do patronato político brasileiro</source><date><year>1958</year></date><person-group><name><surname>FAORO</surname><given-names>Raimundo</given-names></name><name><surname>FAORO</surname><given-names>Raimundo</given-names></name></person-group></element-citation></ref><ref id="B23"><element-citation publication-type="article"><article-title>Governança local no sistema descentralizado de saúde no Brasil</article-title><source>Revista Panamericana de Salud Publica</source><date><year>2010</year></date><fpage>p. 446</fpage><lpage>p. 455</lpage><issue>n. 6</issue><volume>v.28</volume><person-group><name><surname>FLEURY</surname><given-names>Sonia</given-names></name><name><surname>FLEURY</surname><given-names>Sonia</given-names></name></person-group></element-citation></ref><ref id="B24"><element-citation publication-type="article"><article-title>Saúde e desenvolvimento: uma nova abordagem para uma nova política</article-title><source>Revista de Saúde Pública</source><date><year>2012</year></date><volume>v. 46</volume><person-group><name><surname>GADELHA</surname><given-names>Carlos A. G.</given-names></name><name><surname>GADELHA</surname><given-names>Carlos A. G.</given-names></name></person-group><ext-link>www.scielosp.org/scielo.php?script=sci_arttext&amp;pid=S0034-89102012000700002&amp;lng=en&amp;nrm=iso</ext-link></element-citation></ref><ref id="B25"><element-citation publication-type="book"><source>L'Économie des services</source><date><year>1996</year></date><person-group><name><surname>GADREY</surname><given-names>Jean</given-names></name><name><surname>GADREY</surname><given-names>Jean</given-names></name></person-group></element-citation></ref><ref id="B26"><element-citation publication-type="article"><article-title>Políticas sociais e financeirização dos direitos do trabalho</article-title><source>Em Pauta</source><date><year>2007</year></date><fpage>p. 57</fpage><lpage>p. 68</lpage><issue>n. 20</issue><person-group><name><surname>GRANEMANN</surname><given-names>Sara</given-names></name><name><surname>GRANEMANN</surname><given-names>Sara</given-names></name></person-group></element-citation></ref><ref id="B27"><element-citation publication-type="book"><source>Desempenho do setor de serviços no mercado internacional</source><date><year>1998</year></date><person-group><name><surname>HORTA</surname><given-names>Maria H.</given-names></name><name><surname>SOUZA</surname><given-names>Carlos F.</given-names></name><name><surname>WADDINGTON</surname><given-names>Sérgio C.</given-names></name><name><surname>HORTA</surname><given-names>Maria H.</given-names></name><name><surname>SOUZA</surname><given-names>Carlos F.</given-names></name><name><surname>WADDINGTON</surname><given-names>Sérgio C.</given-names></name></person-group></element-citation></ref><ref id="B28"><element-citation publication-type="book"><source>Serviçosociale saúde:formação e trabalho profissional</source><date><year>2006</year></date><fpage>p. 1</fpage><lpage>p.37</lpage><person-group><name><surname>IAMAMOTO</surname><given-names>Marilda V</given-names></name><name><surname>MOTA</surname><given-names>Ana E. M.</given-names></name><name><surname>MOTA</surname><given-names>Ana E. M.</given-names></name></person-group></element-citation></ref><ref id="B29"><element-citation publication-type="book"><source>Estatísticas da saúde: assistência médico-sanitária 2009</source><date><year>2009</year></date></element-citation></ref><ref id="B30"><element-citation publication-type="article"><article-title>Política e saúde no Chile e no Brasil: contribuições para uma comparação</article-title><source>Ciência &amp; Saúde Coletiva</source><date><year>2001</year></date><fpage>p. 361</fpage><lpage>p. 376</lpage><issue>n. 2</issue><volume>v. 6</volume><person-group><name><surname>LABRA</surname><given-names>Maria E</given-names></name><name><surname>LABRA</surname><given-names>Maria E</given-names></name></person-group></element-citation></ref><ref id="B31"><element-citation publication-type="book"><source>Estado y políticas sociales em el neoliberalismo</source><date><year>1992</year></date><person-group><name><surname>LAURELL</surname><given-names>Asa C</given-names></name><name><surname>LAURELL</surname><given-names>Asa C</given-names></name></person-group></element-citation></ref><ref id="B32"><element-citation publication-type="book"><source>Capitalismo de laços</source><date><year>2010</year></date><person-group><name><surname>LAZZARINI</surname><given-names>Sérgio G</given-names></name><name><surname>LAZZARINI</surname><given-names>Sérgio G</given-names></name></person-group></element-citation></ref><ref id="B33"><element-citation publication-type="book"><source>Contexto, atores, instituições: um estudo exploratório acerca das novas modalidades de gerência nos hospitais públicos do município do Rio de Janeiro nos anos 90</source><date><year>1990</year></date><person-group><name><surname>MACHADO</surname><given-names>Cristiani V</given-names></name><name><surname>MACHADO</surname><given-names>Cristiani V</given-names></name></person-group></element-citation></ref><ref id="B34"><element-citation publication-type="book"><source>Adeus ao desenvolvimento: a opção do governo Lula</source><date><year>2005</year></date><fpage>p. 143</fpage><lpage>p. 170</lpage><person-group><name><surname>MARQUES</surname><given-names>Rosa M.</given-names></name><name><surname>MENDES</surname><given-names>Áquilas</given-names></name><name><surname>PAULA</surname><given-names>João A.</given-names></name><name><surname>PAULA</surname><given-names>João A.</given-names></name></person-group></element-citation></ref><ref id="B35"><element-citation publication-type="article"><article-title>Em busca de uma teoria da burocracia pública não-estatal: política e administração no terceiro setor</article-title><source>Revista de Administração Contemporânea</source><date><year>1998</year></date><fpage>p. 109</fpage><lpage>p. 128</lpage><issue>n. 3</issue><volume>v. 2</volume><person-group><name><surname>MARTINS</surname><given-names>Humberto F</given-names></name><name><surname>MARTINS</surname><given-names>Humberto F</given-names></name></person-group></element-citation></ref><ref id="B36"><element-citation publication-type="book"><source>O capital: crítica da economia política</source><date><year>1980</year></date><person-group><name><surname>MARX</surname><given-names>Karl</given-names></name><name><surname>MARX</surname><given-names>Karl</given-names></name></person-group></element-citation></ref><ref id="B37"><element-citation publication-type="book"><source>O capital: livro segundo - o processo de circulação do capital</source><date><year>1984</year></date><volume>v. 3</volume><person-group><name><surname>MARX</surname><given-names>Karl</given-names></name><name><surname>MARX</surname><given-names>Karl</given-names></name></person-group></element-citation></ref><ref id="B38"><element-citation publication-type="article"><article-title>As agências internacionais e as políticas de saúde nos anos 90: um panorama geral da oferta de idéias</article-title><source>Ciência &amp; Saúde Coletiva</source><date><year>2001</year></date><fpage>p. 377</fpage><lpage>p. 389</lpage><issue>n. 2</issue><volume>v. 6</volume><person-group><name><surname>MATTOS</surname><given-names>Ruben A. de</given-names></name><name><surname>MATTOS</surname><given-names>Ruben A. de</given-names></name></person-group></element-citation></ref><ref id="B39"><element-citation publication-type="book"><source>Serviço social: cotidiano profissional nas unidades de pronto atendimento geridas por organizações sociais no município do Rio de Janeiro</source><date><year>2012</year></date><person-group><name><surname>MATTOS</surname><given-names>Vivian de A</given-names></name><name><surname>MATTOS</surname><given-names>Vivian de A</given-names></name></person-group></element-citation></ref><ref id="B40"><element-citation publication-type="book"><source>Os grandes dilemas do SUS</source><date><year>2001</year></date><person-group><name><surname>MENDES</surname><given-names>Eugênio V</given-names></name><name><surname>MENDES</surname><given-names>Eugênio V</given-names></name></person-group></element-citation></ref><ref id="B41"><element-citation publication-type="book"><source>Gestão pública e relação público-privado na saúde</source><date><year>2010</year></date><fpage>p. 24</fpage><lpage>p. 47</lpage><person-group><name><surname>NOGUEIRA</surname><given-names>Roberto P</given-names></name><name><surname>SANTOS</surname><given-names>Nelson R. dos</given-names></name><name><surname>AMARANTE</surname><given-names>Paulo D. de. C.</given-names></name><name><surname>SANTOS</surname><given-names>Nelson R. dos</given-names></name><name><surname>AMARANTE</surname><given-names>Paulo D. de. C.</given-names></name></person-group></element-citation></ref><ref id="B42"><element-citation publication-type="article"><article-title>São Paulo fará parceria de R$ 6 bilhões na área da saúde</article-title><source>O Estado de S. Paulo</source><date><year>2010</year></date><ext-link>www.estadao.com.br/noticias/geral,sao-paulo-fara-parceria-der-6-bilhoes-na-area-da-saude,641664,0.htm</ext-link></element-citation></ref><ref id="B43"><element-citation publication-type="article"><article-title>Configuração institucional e gestão do Sistema Único de Saúde: problemas e desafios</article-title><source>Ciência &amp; Saúde Coletiva</source><date><year>2007</year></date><fpage>p. 1.819</fpage><lpage>p. 1.829</lpage><volume>v.12</volume><person-group><name><surname>PAIM</surname><given-names>Jairnilson S.</given-names></name><name><surname>TEIXEIRA</surname><given-names>Carmem F.</given-names></name><name><surname>PAIM</surname><given-names>Jairnilson S.</given-names></name><name><surname>TEIXEIRA</surname><given-names>Carmem F.</given-names></name></person-group><ext-link>www.scielo.br/scielo.php?script=sci_arttext&amp;pid=S0103-73312008000400003</ext-link></element-citation></ref><ref id="B44"><element-citation publication-type="conference"><source>Organizações sociais e reforma do estado no Brasil: riscos e desafios nesta forma de institucionalizar a parceria estado-sociedade organizada</source><date><year>2000</year></date><person-group><name><surname>PINTO</surname><given-names>Elida G</given-names></name><name><surname>PINTO</surname><given-names>Elida G</given-names></name></person-group></element-citation></ref><ref id="B45"><element-citation publication-type="book"><source>Intervenção no Hospital de Santa Maria começa hoje</source><date><year>2010</year></date><ext-link>www.secom.unb.br/unbcliping2/cpmod.php?id=78360</ext-link></element-citation></ref><ref id="B46"><element-citation publication-type="book"><source>Dados sobre beneficiários de planos privados de assistência a saúde</source><date><year>2013</year></date></element-citation></ref><ref id="B47"><element-citation publication-type="book"><source>O Banco Mundial e as políticas de saúde no Brasil nos anos 90: um projeto de desmonte do SUS</source><date><year>2000</year></date><person-group><name><surname>RIZZOTTO</surname><given-names>Maria L. F.</given-names></name><name><surname>RIZZOTTO</surname><given-names>Maria L. F.</given-names></name></person-group></element-citation></ref><ref id="B48"><element-citation publication-type="article"><article-title>Profit and health care: trends in corporatization and proprietization</article-title><source>International Journal of Health Services</source><date><year>1985</year></date><fpage>p. 395</fpage><lpage>p. 418</lpage><issue>n. 3</issue><volume>v. 15</volume><person-group><name><surname>SALMON</surname><given-names>Jack W</given-names></name><name><surname>SALMON</surname><given-names>Jack W</given-names></name></person-group></element-citation></ref><ref id="B49"><element-citation publication-type="article"><article-title>Promessas e resultados da nova gestão pública no Brasil: o caso das organizações sociais de saúde em São Paulo</article-title><source>Revista de Administração de Empresas</source><date><year>2008</year></date><fpage>p. 64</fpage><lpage>p. 80</lpage><issue>n. 3</issue><volume>v. 48</volume><person-group><name><surname>SANO</surname><given-names>Hironobu</given-names></name><name><surname>ABRUCIO</surname><given-names>Fernando L</given-names></name><name><surname>SANO</surname><given-names>Hironobu</given-names></name><name><surname>ABRUCIO</surname><given-names>Fernando L</given-names></name></person-group></element-citation></ref><ref id="B50"><element-citation publication-type="article"><article-title>Comércio internacional de serviços e complexo industrial da saúde: implicações para os sistemas nacionais de saúde</article-title><source>Cadernos de Saúde Pública</source><date><year>2010</year></date><fpage>p. 1.483</fpage><lpage>p. 1.493</lpage><issue>n. 8</issue><volume>v. 26</volume><person-group><name><surname>SANTOS</surname><given-names>Maria Angélica B. dos</given-names></name><name><surname>PASSOS</surname><given-names>Sonia R. L.</given-names></name><name><surname>SANTOS</surname><given-names>Maria Angélica B. dos</given-names></name><name><surname>PASSOS</surname><given-names>Sonia R. L.</given-names></name></person-group></element-citation></ref><ref id="B51"><element-citation publication-type="book"><source>Parecer do Deputado Estadual Raul Marcelo, PSol/SP</source><date><year>2008</year></date><ext-link>http://fopspr.files.wordpress.com/2010/08/sub-relatorio-cpi-rsmh-oss-hosppublicos.pdf</ext-link></element-citation></ref><ref id="B52"><element-citation publication-type="book"><source>Formação histórica do Brasil</source><date><year>1962</year></date><person-group><name><surname>SODRÉ</surname><given-names>Nelson W</given-names></name><name><surname>SODRÉ</surname><given-names>Nelson W</given-names></name></person-group></element-citation></ref><ref id="B53"><element-citation publication-type="book"><source>Report n. 36601-BR. Governance in Brazil'sUnified Health System (SUS). Raising the quality of public spending and resource management, 2007</source><date><year>2007</year></date><ext-link>www-wds.worldbank.org/external/default/WDSContentServer/WDSP/IB/2007/03/06/000090341_20070306085417/Rendered/PDF/366010BR.pdf</ext-link></element-citation></ref></ref-list></back></article></articles>