<articles xmlns:xsi="http://www.w3.org/2001/XMLSchema-instance" xsi:schemaLocation="https://raw.githubusercontent.com/scieloorg/articles_meta/master/tests/xsd/scielo_sci/ThomsonReuters_publishing.xsd" dtd-version="1.10"><article lang_id="pt" article-type="research-article"><front><journal-meta><journal-id journal-id-type="publisher">tes</journal-id><journal-title-group><journal-title>Trabalho, Educação e Saúde</journal-title><abbrev-journal-title>Trab. educ. saúde</abbrev-journal-title></journal-title-group><issn>1981-7746</issn><collection>SciELO Brazil</collection><publisher><publisher-name>Fundação Oswaldo Cruz, Escola Politécnica de Saúde Joaquim Venâncio</publisher-name></publisher></journal-meta><article-meta><unique-article-id pub-id-type="publisher-id">S1981-77462011000100011</unique-article-id><article-id pub-id-type="publisher-id">S1981-77462011000100011</article-id><article-id pub-id-type="doi">10.1590/S1981-77462011000100011</article-id><article-categories><subj-group><subject>EDUCATION &amp; EDUCATIONAL RESEARCH</subject><subject>PUBLIC, ENVIRONMENTAL &amp; OCCUPATIONAL HEALTH</subject></subj-group></article-categories><title-group><article-title lang_id="pt">Entrevista: Danièle Linhart</article-title><trans-title-group lang_id="en"><trans-title>Interview: Danièle Linhart</trans-title></trans-title-group></title-group><pub-date><month>06</month><year>2011</year></pub-date><volume>9</volume><issue>1</issue><fpage>149</fpage><lpage>160</lpage><permissions><license license-type="open-access" href="http://creativecommons.org/licenses/by-nc/4.0/"><license-p>This work is licensed under a Creative Commons Attribution-NonCommercial 4.0 International License.</license-p></license></permissions><self-uri href="http://www.scielo.br/scielo.php?script=sci_arttext&amp;pid=S1981-77462011000100011&amp;lng=en&amp;tlng=en" content-type="full_text_page"/><self-uri href="http://www.scielo.br/scielo.php?script=sci_issuetoc&amp;pid=1981-774620110001&amp;lng=en" content-type="issue_page"/><self-uri href="http://www.scielo.br/scielo.php?script=sci_serial&amp;pid=1981-7746&amp;lng=en" content-type="journal_page"/></article-meta></front><back><ref-list><ref id="B1"><element-citation publication-type="article"><source>Trabalho, Educação e Saúde</source><ext-link>www.revista.epsjv.fiocruz.br</ext-link></element-citation></ref><ref id="B2"><element-citation publication-type="book"><source>Pratiques et connaissances ouvrières dans l'industrie capitaliste</source><date><year>1975</year></date></element-citation></ref><ref id="B3"><element-citation publication-type="book"><source>Un travail à soi</source><date><year>1981</year></date></element-citation></ref><ref id="B4"><element-citation publication-type="book"><source>L'appel de la sirène ou l'accoutumance au travail</source><date><year>1981</year></date></element-citation></ref><ref id="B5"><element-citation publication-type="book"><source>Les règles du jeu, l'action collective et la régulation sociale</source><date><year>1989</year></date></element-citation></ref><ref id="B6"><element-citation publication-type="book"><source>Autonomie dans le travail</source><date><year>1992</year></date></element-citation></ref><ref id="B7"><element-citation publication-type="book"><source>Manufacturing consent</source><date><year>1979</year></date><person-group><name><surname>Burawoy</surname><given-names>Michael</given-names></name><name><surname>Burawoy</surname><given-names>Michael</given-names></name></person-group></element-citation></ref><ref id="B8"><element-citation publication-type="book"><source>Décider et agir au travail</source><date><year>1985</year></date><person-group><name><surname>D</surname></name><name><surname>Linhart</surname><given-names>R</given-names></name><name><surname>Bachet</surname><given-names>D</given-names></name><name><surname>Bachet</surname><given-names>D</given-names></name></person-group></element-citation></ref><ref id="B9"><element-citation publication-type="book"><source>La société malade de la gestion</source><date><year>2005</year></date><person-group><name><surname>Gaulejac</surname><given-names>Vincent de</given-names></name><name><surname>Gaulejac</surname><given-names>Vincent de</given-names></name></person-group></element-citation></ref><ref id="B10"><element-citation publication-type="book"><source>Les jeux du pouvoir et du désir en entreprise</source><date><year>1997</year></date><person-group><name><surname>Enriquez</surname><given-names>E</given-names></name><name><surname>Enriquez</surname><given-names>E</given-names></name></person-group></element-citation></ref><ref id="B11"><element-citation publication-type="book"><source>Le torticolis de l'autruche; l'éternelle modernisation des entreprises françaises</source><date><year>1991</year></date><person-group><name><surname>Linhart</surname><given-names>D</given-names></name><name><surname>Linhart</surname><given-names>D</given-names></name></person-group></element-citation></ref><ref id="B12"><element-citation publication-type="book"><source>La tentation éthique du capitalisme</source><date><year>2007</year></date><person-group><name><surname>Salmon</surname><given-names>A</given-names></name><name><surname>Salmon</surname><given-names>A</given-names></name></person-group></element-citation></ref><ref id="B13"><element-citation publication-type="book"><source>Ethique et ordre économique</source><date><year>2002</year></date></element-citation></ref><ref id="B14"><element-citation publication-type="book"><source>La chaîne invisible: Travailler aujourd'hui; flux tendu et servitude volontaire</source><date><year>2004</year></date><person-group><name><surname>Durand</surname><given-names>J.P</given-names></name><name><surname>Durand</surname><given-names>J.P</given-names></name></person-group></element-citation></ref><ref id="B15"><element-citation publication-type="book"><source>Cliniques du travail</source><date><year>2007</year></date></element-citation></ref><ref id="B16"><element-citation publication-type="book"><source>Perspectives en clinique du travail</source><date><month>05</month><year>2006</year></date><person-group><name><surname>Clot</surname></name><name><surname>Clot</surname><given-names>Y</given-names></name><name><surname>Lhuilier</surname><given-names>D</given-names></name><name><surname>Clot</surname><given-names>Y</given-names></name><name><surname>Lhuilier</surname><given-names>D</given-names></name></person-group></element-citation></ref><ref id="B17"><element-citation publication-type="book"><source>Le Guillant, Le drame humain du travail</source><date><year>2006</year></date><person-group><name><surname>Louis</surname></name><name><surname>Louis</surname></name></person-group></element-citation></ref><ref id="B18"><element-citation publication-type="book"><source>La division sociale du travail</source><date><year>2004</year></date></element-citation></ref><ref id="B19"><element-citation publication-type="book"><source>L'appel de la sirène ou l'accoutumance au travail</source><date><year>1981</year></date><person-group><name><surname>Linhart</surname><given-names>D</given-names></name><name><surname>Linhart</surname><given-names>D</given-names></name></person-group></element-citation></ref><ref id="B20"><element-citation publication-type="book"><source>La gestion contre la société</source><date><year>2006</year></date><person-group><name><surname>Gaulejac</surname><given-names>V. de</given-names></name><name><surname>Gaulejac</surname><given-names>V. de</given-names></name></person-group></element-citation></ref><ref id="B21"><element-citation publication-type="book"><source>L'idéal du travail</source><date><year>2006</year></date><person-group><name><surname>Dujarrier</surname><given-names>M. A</given-names></name><name><surname>Dujarrier</surname><given-names>M. A</given-names></name></person-group></element-citation></ref><ref id="B22"><element-citation publication-type="article"><article-title>À votre service, la relation de service comme rapport social</article-title><source>Sociologie du travail</source><date><year>2003</year></date><issue>45</issue><person-group><name><surname>Jeantet</surname><given-names>Aurélie</given-names></name></person-group></element-citation></ref><ref id="B23"><element-citation publication-type="book"><source>Entre utopie et résignation: la réforme permanente d'un service public</source><date><year>1999</year></date><person-group><name><surname>Metzger</surname><given-names>J.L</given-names></name><name><surname>Metzger</surname><given-names>J.L</given-names></name></person-group></element-citation></ref></ref-list></back></article></articles>