<articles xmlns:xsi="http://www.w3.org/2001/XMLSchema-instance" xsi:schemaLocation="https://raw.githubusercontent.com/scieloorg/articles_meta/master/tests/xsd/scielo_sci/ThomsonReuters_publishing.xsd" dtd-version="1.10"><article lang_id="pt" article-type="research-article"><front><journal-meta><journal-id journal-id-type="publisher">tes</journal-id><journal-title-group><journal-title>Trabalho, Educação e Saúde</journal-title><abbrev-journal-title>Trab. educ. saúde</abbrev-journal-title></journal-title-group><issn>1981-7746</issn><collection>SciELO Brazil</collection><publisher><publisher-name>Fundação Oswaldo Cruz, Escola Politécnica de Saúde Joaquim Venâncio</publisher-name></publisher></journal-meta><article-meta><unique-article-id pub-id-type="publisher-id">S1981-77462009000200004</unique-article-id><article-id pub-id-type="publisher-id">S1981-77462009000200004</article-id><article-id pub-id-type="doi">10.1590/S1981-77462009000200004</article-id><article-categories><subj-group><subject>EDUCATION &amp; EDUCATIONAL RESEARCH</subject><subject>PUBLIC, ENVIRONMENTAL &amp; OCCUPATIONAL HEALTH</subject></subj-group></article-categories><title-group><article-title lang_id="pt">Caminhos para a integralidade na educação profissional técnica de nível médio em saúde</article-title><trans-title-group lang_id="en"><trans-title>Paths to the integrality of mid-level professional technical education in health</trans-title></trans-title-group></title-group><contrib-group><contrib contrib-type="author"><name><surname>Abrahão</surname><given-names>Ana Lúcia</given-names></name><role>ND</role><xref ref-type="aff" rid="A01"/></contrib><contrib contrib-type="author"><name><surname>Cassal</surname><given-names>Luan Carpes Barros</given-names></name><role>ND</role><xref ref-type="aff" rid="A02"/></contrib></contrib-group><aff id="A01"><institution>Universidade Federal Fluminense</institution><country>Brazil</country></aff><aff id="A02"><institution>Universidade Federal do Rio de Janeiro</institution><country>Brazil</country></aff><pub-date><month>10</month><year>2009</year></pub-date><volume>7</volume><issue>2</issue><fpage>249</fpage><lpage>264</lpage><permissions><license license-type="open-access" href="http://creativecommons.org/licenses/by-nc/4.0/"><license-p>This work is licensed under a Creative Commons Attribution-NonCommercial 4.0 International License.</license-p></license></permissions><self-uri href="http://www.scielo.br/scielo.php?script=sci_arttext&amp;pid=S1981-77462009000200004&amp;lng=en&amp;tlng=en" content-type="full_text_page"/><self-uri href="http://www.scielo.br/scielo.php?script=sci_issuetoc&amp;pid=1981-774620090002&amp;lng=en" content-type="issue_page"/><self-uri href="http://www.scielo.br/scielo.php?script=sci_serial&amp;pid=1981-7746&amp;lng=en" content-type="journal_page"/><abstract lang_id="pt"><p>A relação entre o profissional, com suas técnicas e saberes, e o usuário, com suas necessidades e o desejo de retornar a sua autonomia, é um dos espaços que pontua a integralidade na produção em saúde. Ambiente em que profissional e usuário têm poderes e autonomia e podem colaborar ou competir. O objetivo neste estudo é compreender e problematizar o termo 'integral' na educação profissional e na saúde. Este termo está relacionado a formas de se produzir saúde no interior dos serviços e à formação com acesso à totalidade dos saberes envolvidos no trabalho e na educação. Nesta perspectiva, utilizamos a pesquisa bibliográfica de base qualitativa, através de sucessivas leituras do material bibliográfico, elaborando uma discussão argumentativa entre os diferentes referenciais teóricos do campo da saúde e da educação. Ao fim, podemos identificar os distintos entrelaçamentos que constituem a integralidade integral na formação em saúde.</p></abstract><trans-abstract lang_id="en"><p>The objective of this study is to understand and problematize the term 'integral' in professional education and health. This term is related to ways to produce health in the core of the services and in education with total access to the knowledge involved in work and education. In health care, the relationship between the professional, with his techniques and knowledge, and the user with his needs and desire to return to autonomy, is one of the areas that points o the integrality of production in health. It is in this environment that professionals and users have power and autonomy and can cooperate or compete. In the study, we used a literature-based qualitative bibliography. Through successive readings of the bibliographic material, we produced an argumentative discussion between different theoretical references in the areas of health and education. In the end, it was possible to identify the different ties that constitute the integrality in health education.</p></trans-abstract><kwd-group lang_id="en" kwd-group-type="author-generated"><kwd>professional education in health</kwd><kwd>health management</kwd><kwd>health policies</kwd><kwd>integrality</kwd></kwd-group><kwd-group lang_id="pt" kwd-group-type="author-generated"><kwd>educação profissional em saúde</kwd><kwd>gestão em saúde</kwd><kwd>políticas em saúde</kwd><kwd>integralidade</kwd></kwd-group></article-meta></front><back><ref-list><ref id="B1"><element-citation publication-type="book"><source>Textos de apoio em políticas de saúde</source><date><year>2005</year></date><person-group><name><surname>ABRAHÃO</surname><given-names>Ana Lúcia</given-names></name></person-group></element-citation></ref><ref id="B2"><element-citation publication-type="book"><source>A terapia do amor: trazendo saúde com a melhor das terapias - humor e alegria</source><date><year>2002</year></date><person-group><name><surname>ADAMS</surname><given-names>Patch</given-names></name><name><surname>ADAMS</surname><given-names>Patch</given-names></name></person-group></element-citation></ref><ref id="B3"><element-citation publication-type="article"><article-title>Falta de professores no Rio gera crise no governo</article-title><source>O Globo</source><date><day>09</day><month>06</month><year>2007</year></date><person-group><name><surname>AMORA</surname><given-names>Dimmi</given-names></name><name><surname>VASCONCELLOS</surname><given-names>Fábio</given-names></name></person-group><ext-link>http://oglobo.globo.com/educacao/mat/2007/06/09/296084880.asp</ext-link></element-citation></ref><ref id="B4"><element-citation publication-type="article"><article-title>Ensino Médio reprovado</article-title><source>O Globo</source><date><day>11</day><month>03</month><year>2007</year></date><fpage>19</fpage><person-group><name><surname>AUTRAN</surname><given-names>Paula</given-names></name></person-group></element-citation></ref><ref id="B5"><element-citation publication-type="book"><source>Educação profissional: uma análise dos cursos da Rede de Escolas Técnicas do SUS na área de Gestão em Saúde. Um estudo sobre os egressos do curso de educação profissional de nível médio em gestão de serviços de saúde. Relatório de Pesquisa. Projeto de Iniciação Científica (Pibic)</source><date><year>2006</year></date><person-group><name><surname>BARROS CASSAL</surname><given-names>Luan Carpes</given-names></name><name><surname>ABRAHÃO</surname><given-names>Ana Lúcia</given-names></name><name><surname>BARROS CASSAL</surname><given-names>Luan Carpes</given-names></name><name><surname>ABRAHÃO</surname><given-names>Ana Lúcia</given-names></name></person-group></element-citation></ref><ref id="B6"><element-citation publication-type="article"><article-title>Princípio educativo em Gramsci: busca de uma compreensão</article-title><source>Revista Tecnologia e Cultura - Cefet/RJ</source><date><year>1998</year></date><fpage>30</fpage><lpage>41</lpage><issue>2</issue><person-group><name><surname>BRANDÃO</surname><given-names>Marisa</given-names></name></person-group></element-citation></ref><ref id="B7"><element-citation publication-type="book"><source>Lei n.º 8.080, de 19 de setembro de 1990: Dispõe sobre as condições para a promoção, proteção e recuperação da saúde, a organização e o funcionamento dos serviços correspondentes e dá outras providências</source><date><year>1990</year></date></element-citation></ref><ref id="B8"><element-citation publication-type="book"><source>Lei n.º 9.394, de 20 de dezembro de 1996: Estabelece as diretrizes e bases da educação nacional</source><date><year>1996</year></date></element-citation></ref><ref id="B9"><element-citation publication-type="book"><source>Decreto n.º 2.208, de 17 de abril de 1997: Regulamenta o § 2° do art. 36 e os arts. 39 a 42 da lei n.º 9.394, de 20 de dezembro de 1996, que estabelece as diretrizes e bases da educação nacional</source><date><year>1997</year></date></element-citation></ref><ref id="B10"><element-citation publication-type="book"><source>Notas do II Colóquio do Grupo de Trabalho de Estudos da Subjetividade/Gestação: Subjetividade e política: macropolítica e micropolítica na pesquisa em Gestão em Saúde</source><date><month>06</month><year>2006</year></date><person-group><name><surname>CAMPOS</surname><given-names>Gastão W</given-names></name><name><surname>CAMPOS</surname><given-names>Gastão W</given-names></name></person-group></element-citation></ref><ref id="B11"><element-citation publication-type="book"><source>A organização do sistema educacional brasileiro e a formação na área da saúde</source><date><year>1992</year></date><person-group><name><surname>CHRISTÓFARO</surname><given-names>Maria Auxiliadora Córdova</given-names></name><name><surname>CHRISTÓFARO</surname><given-names>Maria Auxiliadora Córdova</given-names></name></person-group></element-citation></ref><ref id="B12"><element-citation publication-type="book"><source>Formação do trabalhador: produtividade e cidadania</source><date><year>1995</year></date><person-group><name><surname>DELUIZ</surname><given-names>Neise</given-names></name><name><surname>DELUIZ</surname><given-names>Neise</given-names></name></person-group></element-citation></ref><ref id="B13"><element-citation publication-type="article"><article-title>O acolhimento e os processos de trabalho em saúde: o caso de Betim, Minas Gerais, Brasil</article-title><source>Cadernos de Saúde Pública</source><date><month>06</month><year>1999</year></date><fpage>345</fpage><lpage>353</lpage><issue>2</issue><volume>15</volume><person-group><name><surname>FRANCO</surname><given-names>Túlio Batista</given-names></name></person-group></element-citation></ref><ref id="B14"><element-citation publication-type="article"><article-title>Escola em tempo integral já: quando quantidade é qualidade</article-title><source>Ciência Hoje</source><date><month>10</month><year>2006</year></date><fpage>19</fpage><lpage>23</lpage><issue>231</issue><volume>39</volume><person-group><name><surname>KERSTENETZKY</surname><given-names>Célia Lessa</given-names></name></person-group></element-citation></ref><ref id="B15"><element-citation publication-type="article"><article-title>A integralidade na prática (ou sobre a prática da integralidade)</article-title><source>Cadernos de Saúde Pública</source><date><month>10</month><year>2004</year></date><fpage>1.411</fpage><lpage>1.416</lpage><issue>5</issue><volume>20</volume><person-group><name><surname>MATTOS</surname><given-names>Ruben Araújo de</given-names></name></person-group></element-citation></ref><ref id="B16"><element-citation publication-type="book"><source>Agir em saúde: um desafio para o público</source><date><year>1997</year></date><person-group><name><surname>MERHY</surname><given-names>Emerson Elias</given-names></name><name><surname>MERHY</surname><given-names>Emerson Elias</given-names></name><name><surname>ONOCKO</surname><given-names>Rosana</given-names></name><name><surname>MERHY</surname><given-names>Emerson Elias</given-names></name><name><surname>ONOCKO</surname><given-names>Rosana</given-names></name></person-group></element-citation></ref><ref id="B17"><element-citation publication-type="article"><article-title>Como fatiar um usuário: atomédico + atoenfermagem + atoX + atoY</article-title><source>Conselhos regionais de saúde MG: jornal unificado</source><date><year>2003</year></date><person-group><name><surname>MERHY</surname><given-names>Emerson Elias</given-names></name></person-group></element-citation></ref><ref id="B18"><element-citation publication-type="book"><source>O trabalho em saúde: olhando e experienciando o SUS no cotidiano</source><date><year>2006</year></date><person-group><name><surname>MERHY</surname><given-names>Emerson Elias</given-names></name><name><surname>MERHY</surname><given-names>Emerson Elias</given-names></name></person-group></element-citation></ref><ref id="B19"><element-citation publication-type="book"><source>Pesquisa social: teoria, método e criatividade</source><date><year>1995</year></date><person-group><name><surname>MINAYO</surname><given-names>Maria Cecília de Souza</given-names></name><name><surname>MINAYO</surname><given-names>Maria Cecília de Souza</given-names></name></person-group></element-citation></ref><ref id="B20"><element-citation publication-type="book"><source>Textos de apoio em políticas de saúde</source><date><year>2005</year></date><person-group><name><surname>PEREIRA</surname><given-names>Isabel Brasil</given-names></name></person-group></element-citation></ref><ref id="B21"><element-citation publication-type="article"><article-title>É possível uma pedagogia das competências contra-hegemônica?: Relações entre pedagogia das competências, construtivismo e neopragmatismo</article-title><source>Trabalho, Educação e Saúde</source><date><year>2003</year></date><fpage>93</fpage><lpage>114</lpage><issue>1</issue><volume>1</volume><person-group><name><surname>RAMOS</surname><given-names>Marise Nogueira</given-names></name></person-group></element-citation></ref><ref id="B22"><element-citation publication-type="article"><article-title>Conferência quer educação profissional pública e integrada</article-title><source>Revista RET-SUS</source><date><year>2006</year></date><fpage>5</fpage><lpage>9</lpage><issue>23</issue></element-citation></ref><ref id="B23"><element-citation publication-type="book"><source>RET-SUS: Rede de Escolas Técnicas do Sistema Único de Saúde</source><ext-link>www.retsus.epsjv.fiocruz.br/curso/descricao.cfm?Num=444</ext-link></element-citation></ref><ref id="B24"><element-citation publication-type="article"><article-title>ABC saúde educação: educação profissional</article-title><source>Revista RET-SUS</source><date><year>2007</year></date><fpage>15</fpage><lpage>16</lpage><issue>25</issue></element-citation></ref><ref id="B25"><element-citation publication-type="article"><article-title>A teorização sobre o processo de trabalho em saúde como instrumental para análise do trabalho do Programa de Saúde da Família</article-title><source>Cadernos de Saúde Pública</source><date><year>2004</year></date><fpage>438</fpage><lpage>446</lpage><issue>2</issue><volume>20</volume><person-group><name><surname>RIBEIRO</surname><given-names>Edilza Maria</given-names></name><name><surname>PIRES</surname><given-names>Denise</given-names></name><name><surname>BLANK</surname><given-names>Vera Lúcia G</given-names></name></person-group></element-citation></ref><ref id="B26"><element-citation publication-type="book"><source>Educação, trabalho e formação profissional em saúde</source><person-group><name><surname>SANTANA</surname><given-names>José Paranaguá de</given-names></name><name><surname>CHRISTÓFARO</surname><given-names>Maria Auxiliadora Córdova</given-names></name><name><surname>SANTANA</surname><given-names>José Paranaguá de</given-names></name><name><surname>CHRISTÓFARO</surname><given-names>Maria Auxiliadora Córdova</given-names></name></person-group></element-citation></ref><ref id="B27"><element-citation publication-type="article"><article-title>Ensino de Nível Médio: perspectiva dos serviços</article-title><source>Cadernos de Saúde Pública</source><date><year>1986</year></date><fpage>449</fpage><lpage>465</lpage><issue>4</issue><volume>2</volume><person-group><name><surname>SANTOS</surname><given-names>Isabel</given-names></name></person-group></element-citation></ref><ref id="B28"><element-citation publication-type="article"><article-title>O choque teórico da politecnia</article-title><source>Trabalho, Educação e Saúde</source><date><year>2003</year></date><fpage>131</fpage><lpage>152</lpage><issue>1</issue><volume>1</volume><person-group><name><surname>SAVIANI</surname><given-names>Dermeval</given-names></name></person-group></element-citation></ref><ref id="B29"><element-citation publication-type="book"><source>Escolas técnicas têm quadro desolador no Rio</source><ext-link>http://noticias.terra.com.br/educacao/interna/0,,OI1637810-EI8266,00.html</ext-link></element-citation></ref><ref id="B30"><element-citation publication-type="article"><article-title>Ensino Médio: ciência, cultura e trabalho</article-title><source>Revista Brasileira de Educação</source><date><year>2005</year></date><fpage>182</fpage><lpage>184</lpage><issue>28</issue><person-group><name><surname>ZIBAS</surname><given-names>Dagmar M. L.</given-names></name><name><surname>FERRETTI</surname><given-names>Celso J.</given-names></name></person-group></element-citation></ref></ref-list></back></article></articles>