<articles xmlns:xsi="http://www.w3.org/2001/XMLSchema-instance" xsi:schemaLocation="https://raw.githubusercontent.com/scieloorg/articles_meta/master/tests/xsd/scielo_sci/ThomsonReuters_publishing.xsd" dtd-version="1.10"><article lang_id="pt" article-type="research-article"><front><journal-meta><journal-id journal-id-type="publisher">tes</journal-id><journal-title-group><journal-title>Trabalho, Educação e Saúde</journal-title><abbrev-journal-title>Trab. educ. saúde</abbrev-journal-title></journal-title-group><issn>1981-7746</issn><collection>SciELO Brazil</collection><publisher><publisher-name>Fundação Oswaldo Cruz, Escola Politécnica de Saúde Joaquim Venâncio</publisher-name></publisher></journal-meta><article-meta><unique-article-id pub-id-type="publisher-id">S1981-77462009000200010</unique-article-id><article-id pub-id-type="publisher-id">S1981-77462009000200010</article-id><article-id pub-id-type="doi">10.1590/S1981-77462009000200010</article-id><article-categories><subj-group><subject>EDUCATION &amp; EDUCATIONAL RESEARCH</subject><subject>PUBLIC, ENVIRONMENTAL &amp; OCCUPATIONAL HEALTH</subject></subj-group></article-categories><title-group><article-title lang_id="pt">Formação técnica de agente comunitário indígena de saúde: uma experiência em construção no Rio Negro</article-title><trans-title-group lang_id="en"><trans-title>Technical training of indigenous community health agents: an under construction experience in Rio Negro</trans-title></trans-title-group></title-group><contrib-group><contrib contrib-type="author"><name><surname>Garnelo</surname><given-names>Luiza</given-names></name><role>ND</role><xref ref-type="aff" rid="A01"/><xref ref-type="aff" rid="A02"/></contrib><contrib contrib-type="author"><name><surname>Rocha</surname><given-names>Esron</given-names></name><role>ND</role><xref ref-type="aff" rid="A03"/><xref ref-type="aff" rid="A04"/></contrib><contrib contrib-type="author"><name><surname>Peiter</surname><given-names>Paulo</given-names></name><role>ND</role><xref ref-type="aff" rid="A05"/></contrib><contrib contrib-type="author"><name><surname>Sampaio</surname><given-names>Sully</given-names></name><role>ND</role><xref ref-type="aff" rid="A06"/></contrib><contrib contrib-type="author"><name><surname>Santos</surname><given-names>Elciclei</given-names></name><role>ND</role><xref ref-type="aff" rid="A07"/></contrib><contrib contrib-type="author"><name><surname>Pontes</surname><given-names>Ana Lúcia</given-names></name><role>ND</role><xref ref-type="aff" rid="A09"/></contrib><contrib contrib-type="author"><name><surname>Stauffer</surname><given-names>Anakeila</given-names></name><role>ND</role><xref ref-type="aff" rid="A08"/></contrib></contrib-group><aff id="A02"><institution>Fundação Oswaldo Cruz</institution><country>Brazil</country></aff><aff id="A03"><institution>Universidade do Estado do Amazonas</institution><country>Brazil</country></aff><aff id="A08"><institution>Fundação Oswaldo Cruz</institution><country>Brazil</country></aff><aff id="A05"><institution>Fundação Oswaldo Cruz</institution><country>Brazil</country></aff><aff id="A06"><institution>Fundação Oswaldo Cruz</institution><country>Brazil</country></aff><aff id="A04"><institution>Universidade Federal do Amazonas</institution><country>Brazil</country></aff><aff id="A01"><institution>Universidade Federal do Amazonas</institution><country>Brazil</country></aff><aff id="A09"><institution>Fundação Oswaldo Cruz</institution><country>Brazil</country></aff><aff id="A07"><institution>Fundação Oswaldo Cruz</institution><country>Brazil</country></aff><pub-date><month>10</month><year>2009</year></pub-date><volume>7</volume><issue>2</issue><fpage>373</fpage><lpage>383</lpage><permissions><license license-type="open-access" href="http://creativecommons.org/licenses/by-nc/4.0/"><license-p>This work is licensed under a Creative Commons Attribution-NonCommercial 4.0 International License.</license-p></license></permissions><self-uri href="http://www.scielo.br/scielo.php?script=sci_arttext&amp;pid=S1981-77462009000200010&amp;lng=en&amp;tlng=en" content-type="full_text_page"/><self-uri href="http://www.scielo.br/scielo.php?script=sci_issuetoc&amp;pid=1981-774620090002&amp;lng=en" content-type="issue_page"/><self-uri href="http://www.scielo.br/scielo.php?script=sci_serial&amp;pid=1981-7746&amp;lng=en" content-type="journal_page"/><abstract lang_id="pt"><p>Este relato descreve a experiência de formação técnica profissionalizante de 250 agentes comunitários indígenas de saúde vinculados ao Distrito Sanitário Especial Indígena do Rio Negro, no estado do Amazonas. A iniciativa promove a elevação da escolaridade e o respeito às especificidades culturais dos alunos. Os eixos pedagógicos 'cultura', 'território', 'política', 'cuidado', 'informação', 'educação' e 'planejamento em saúde' estruturam uma matriz curricular operacionalizada por meio do ensino pela pesquisa, multilinguismo, multidisciplinaridade e intersetorialidade, em consonância com os princípios da educação escolar indígena, da atenção diferenciada à saúde dos povos indígenas e dos referenciais curriculares de formação técnica de agente comunitário de saúde. O processo pedagógico estimula a obtenção de habilidades e competências para diagnosticar e monitorar a situação de saúde e condições de risco e vulnerabilidade das populações indígenas rionegrinas, para subsidiar ações de prevenção, promoção, tratamento e reabilitação nas diversas fases da vida e desenvolver ação política e comunitária nas lutas pela melhoria da saúde. Resultados preliminares da experiência mostram o reconhecimento e fortalecimento do trabalho dos agentes indígenas de saúde, a melhoria da qualidade do trabalho em saúde na comunidade e a maior satisfação dos líderes do movimento indígena pela ampliação do acesso à educação qualificada e diferenciada.</p></abstract><trans-abstract lang_id="en"><p>This report describes the experience of the technical professional training of 250 indigenous community health agents linked to the Special Indigenous Sanitary District of Rio Negro in the state of Amazonas. The initiative promotes the increase of the level of education and the respect towards the specific cultural features of the students. The main pedagogical elements, 'culture', 'territory', 'policy', 'care', 'information', 'education', and 'health planning' form a curriculum matrix that is operationalized through teaching based on research, multilinguism, multi-disciplinarism, and intersectoralism, in tune with the principles of indigenous education, the special attention to the health of indigenous peoples, and of curriculum references of the technical training of community health agents. The pedagogy process fosters the acquisition of skills and competencies to diagnose and monitor health conditions and the risk and vulnerability of indigenous populations, in order to support preventive actions, promotion, treatment, and rehabilitation at the different stages of life, and develop political and communal action in the fight for better health. Preliminary results of the experience show the recognition and strengthening of the indigenous health agents work, the improving the quality of health work in the community, and the highest level of satisfaction of the leaders of the indigenous movement, by broadening the access to a qualified and specialized education.</p></trans-abstract><kwd-group lang_id="en" kwd-group-type="author-generated"><kwd>indigenous health</kwd><kwd>community health agents</kwd><kwd>professional training in health</kwd></kwd-group><kwd-group lang_id="pt" kwd-group-type="author-generated"><kwd>saúde indígena</kwd><kwd>agentes comunitários de saúde</kwd><kwd>formação profissional em saúde</kwd></kwd-group></article-meta></front><back><ref-list><ref id="B1"><element-citation publication-type="book"><source>Formação de agentes indígenas de saúde</source><date><year>1999</year></date></element-citation></ref><ref id="B2"><element-citation publication-type="book"><source>Distrito Sanitário Especial Indígena do Rio Negro: Relatório de Gestão</source><date><year>2003</year></date></element-citation></ref><ref id="B3"><element-citation publication-type="book"><source>Referencial curricular para curso técnico de agente comunitário de saúde: Série A. Normas e Manuais Técnicos</source><date><year>2005</year></date></element-citation></ref><ref id="B4"><element-citation publication-type="book"><source>Contas de vidro, enfeites de branco e 'potes de malária'</source><date><year>1995</year></date><person-group><name><surname>BUCHILLET</surname><given-names>Dominique</given-names></name><name><surname>BUCHILLET</surname><given-names>Dominique</given-names></name></person-group></element-citation></ref><ref id="B5"><element-citation publication-type="book"><source>Formação e situações de trabalho</source><date><year>2003</year></date><person-group><name><surname>CANÁRIO</surname><given-names>Rui</given-names></name><name><surname>CANÁRIO</surname><given-names>R.</given-names></name><name><surname>CANÁRIO</surname><given-names>R.</given-names></name></person-group></element-citation></ref><ref id="B6"><element-citation publication-type="article"><article-title>Fronteira das culturas: educação profissional na saúde indígena: História, impasses e perspectivas da formação do agente de saúde indígena</article-title><source>Revista RET-SUS</source><date><month>05</month><year>2005</year></date><fpage>4</fpage><lpage>7</lpage><issue>8</issue><person-group><name><surname>CASTRO</surname><given-names>Claudia de</given-names></name></person-group></element-citation></ref><ref id="B7"><element-citation publication-type="article"><article-title>Educação e saúde: ensino e cidadania como travessia de fronteiras</article-title><source>Trabalho, Educação e Saúde</source><date><year>2009</year></date><fpage>573</fpage><lpage>598</lpage><issue>3</issue><volume>6</volume><person-group><name><surname>CECCIM</surname><given-names>Ricardo Burg</given-names></name><name><surname>FERLA</surname><given-names>Alcindo Antônio</given-names></name></person-group></element-citation></ref><ref id="B8"><element-citation publication-type="book"><source>Ensino Médio integrado: concepção e contradições</source><date><year>2005</year></date><person-group><name><surname>CIAVATTA</surname><given-names>Maria</given-names></name><name><surname>FRIGOTTO</surname><given-names>Gaudêncio</given-names></name><name><surname>CIAVATTA</surname><given-names>Maria</given-names></name><name><surname>RAMOS</surname><given-names>Marise</given-names></name><name><surname>FRIGOTTO</surname><given-names>Gaudêncio</given-names></name><name><surname>CIAVATTA</surname><given-names>Maria</given-names></name><name><surname>RAMOS</surname><given-names>Marise</given-names></name></person-group></element-citation></ref><ref id="B9"><element-citation publication-type="book"><source>Projeto político-pedagógico</source><date><year>2005</year></date></element-citation></ref><ref id="B10"><element-citation publication-type="article"><article-title>Cosmologia, ambiente e saúde: mitos e ritos alimentares Baniwa</article-title><source>História, Ciências, Saúde: Manguinhos</source><date><year>2007</year></date><fpage>191</fpage><lpage>212</lpage><volume>14</volume><person-group><name><surname>GARNELO</surname><given-names>Luiza</given-names></name></person-group></element-citation></ref><ref id="B11"><element-citation publication-type="book"><source>Poder, hierarquia e reciprocidade: saúde e harmonia entre os Baniwa do Alto Rio Negro</source><date><year>2003</year></date><person-group><name><surname>GARNELO</surname><given-names>Luiza</given-names></name></person-group></element-citation></ref><ref id="B12"><element-citation publication-type="article"><article-title>Doença, cura e serviços de saúde. Representações, práticas e demandas Baniwa</article-title><source>Cadernos de Saúde Pública</source><date><year>2001</year></date><fpage>273</fpage><lpage>284</lpage><issue>2</issue><volume>17</volume><person-group><name><surname>GARNELO</surname><given-names>Luiza</given-names></name><name><surname>WRIGHT</surname><given-names>Robin</given-names></name></person-group></element-citation></ref><ref id="B13"><element-citation publication-type="book"><source>Estudos de politecnia e saúde</source><date><year>2009</year></date><person-group><name><surname>GONDIM</surname><given-names>Gracia Maria de Miranda</given-names></name><name><surname>PEREIRA</surname><given-names>Isabel Brasil</given-names></name><name><surname>DANTAS</surname><given-names>André Vianna</given-names></name><name><surname>PEREIRA</surname><given-names>Isabel Brasil</given-names></name><name><surname>DANTAS</surname><given-names>André Vianna</given-names></name></person-group></element-citation></ref><ref id="B14"><element-citation publication-type="article"><article-title>Social equality and ritual hierarchy: The Arawakan Wakuenai of Venezuela</article-title><source>American Ethnologist</source><date><year>1984</year></date><fpage>528</fpage><lpage>544</lpage><issue>3</issue><volume>11</volume><person-group><name><surname>HILL</surname><given-names>Jonathan</given-names></name></person-group></element-citation></ref><ref id="B15"><element-citation publication-type="book"><source>Avaliação e identificação de ações prioritárias para a conservação, utilização sustentável e repartição dos benefícios da biodiversidade na Amazônia brasileira</source><date><year>2001</year></date></element-citation></ref><ref id="B16"><element-citation publication-type="book"><source>O território na promoção e Vigilância em Saúde: o território e o processo saúde-doença</source><date><year>2007</year></date><person-group><name><surname>MONKEN</surname><given-names>Maurício</given-names></name><name><surname>BARCELLOS</surname><given-names>Christovam</given-names></name><name><surname>MONKEN</surname><given-names>Maurício</given-names></name><name><surname>BARCELLOS</surname><given-names>Christovam</given-names></name></person-group></element-citation></ref><ref id="B17"><element-citation publication-type="book"><source>A geografia e o contexto dos problemas de saúde</source><date><year>2008</year></date><person-group><name><surname>MONKEN</surname><given-names>Maurício</given-names></name><name><surname>BARCELLOS</surname><given-names>Christovam</given-names></name><name><surname>BARCELLOS</surname><given-names>Christovam</given-names></name></person-group></element-citation></ref><ref id="B18"><element-citation publication-type="book"><source>Educação profissional em saúde</source><date><year>2006</year></date><person-group><name><surname>PEREIRA</surname><given-names>Isabel Brasil</given-names></name><name><surname>RAMOS</surname><given-names>Marise Nogueira</given-names></name><name><surname>PEREIRA</surname><given-names>Isabel Brasil</given-names></name><name><surname>RAMOS</surname><given-names>Marise Nogueira</given-names></name></person-group></element-citation></ref><ref id="B19"><element-citation publication-type="article"><article-title>É possível uma pedagogia das competências contra-hegemônica?: Relações entre pedagogia das competências, construtivismo e neopragmatismo</article-title><source>Trabalho, Educação e Saúde</source><date><year>2003</year></date><issue>1</issue><volume>1</volume><person-group><name><surname>RAMOS</surname><given-names>Marise Nogueira</given-names></name></person-group></element-citation></ref><ref id="B20"><element-citation publication-type="thesis"><source>Uma etnografia das práticas sanitárias no Distrito Sanitário Especial Indígena do Rio Negro: noroeste do Amazonas</source><date><year>2007</year></date><person-group><name><surname>ROCHA</surname><given-names>Esron</given-names></name><name><surname>ROCHA</surname><given-names>Esron</given-names></name></person-group></element-citation></ref><ref id="B21"><element-citation publication-type="book"><source>A natureza do espaço: técnica e tempo. Razão e emoção</source><date><year>1997</year></date><person-group><name><surname>SANTOS</surname><given-names>Milton</given-names></name><name><surname>SANTOS</surname><given-names>Milton</given-names></name></person-group></element-citation></ref><ref id="B22"><element-citation publication-type="article"><article-title>SUS, modelos assistenciais e vigilância da saúde</article-title><source>Iesus</source><date><year>1998</year></date><fpage>7</fpage><lpage>28</lpage><issue>2</issue><volume>VII</volume><person-group><name><surname>TEIXEIRA</surname><given-names>Carmem Fontes</given-names></name><name><surname>PAIM</surname><given-names>Jairnilson Silva</given-names></name><name><surname>VILASBOAS</surname><given-names>Ana Luiza</given-names></name></person-group></element-citation></ref><ref id="B23"><element-citation publication-type="book"><source>Modelo de atenção à saúde: promoção, vigilância e saúde da família</source><date><year>2006</year></date><person-group><name><surname>TEIXEIRA</surname><given-names>Carmem Fontes</given-names></name><name><surname>SOLLA</surname><given-names>Jorge Pereira</given-names></name><name><surname>TEIXEIRA</surname><given-names>Carmem Fontes</given-names></name><name><surname>SOLLA</surname><given-names>Jorge Pereira</given-names></name></person-group></element-citation></ref><ref id="B24"><element-citation publication-type="book"><source>História dos índios no Brasil</source><date><year>1992</year></date><fpage>253</fpage><lpage>268</lpage><person-group><name><surname>WRIGHT</surname><given-names>Robin</given-names></name><name><surname>CARNEIRO DA CUNHA</surname><given-names>Manuela</given-names></name><name><surname>CARNEIRO DA CUNHA</surname><given-names>Manuela</given-names></name></person-group></element-citation></ref></ref-list></back></article></articles>