<articles xmlns:xsi="http://www.w3.org/2001/XMLSchema-instance" xsi:schemaLocation="https://raw.githubusercontent.com/scieloorg/articles_meta/master/tests/xsd/scielo_sci/ThomsonReuters_publishing.xsd" dtd-version="1.10"><article lang_id="pt" article-type="research-article"><front><journal-meta><journal-id journal-id-type="publisher">tes</journal-id><journal-title-group><journal-title>Trabalho, Educação e Saúde</journal-title><abbrev-journal-title>Trab. educ. saúde</abbrev-journal-title></journal-title-group><issn>1981-7746</issn><collection>SciELO Brazil</collection><publisher><publisher-name>Fundação Oswaldo Cruz, Escola Politécnica de Saúde Joaquim Venâncio</publisher-name></publisher></journal-meta><article-meta><unique-article-id pub-id-type="publisher-id">S1981-77462010000300005</unique-article-id><article-id pub-id-type="publisher-id">S1981-77462010000300005</article-id><article-id pub-id-type="doi">10.1590/S1981-77462010000300005</article-id><article-categories><subj-group><subject>EDUCATION &amp; EDUCATIONAL RESEARCH</subject><subject>PUBLIC, ENVIRONMENTAL &amp; OCCUPATIONAL HEALTH</subject></subj-group></article-categories><title-group><article-title lang_id="pt">A transitoriedade nos estados de saúde e doença: construção do cotidiano individual e coletivo em uma comunidade rural</article-title><trans-title-group lang_id="en"><trans-title>The transitory states of health and disease: the construction of the individual and collective daily life in a rural community</trans-title></trans-title-group></title-group><contrib-group><contrib contrib-type="author"><name><surname>Riquinho</surname><given-names>Deise Lisboa</given-names></name><role>ND</role></contrib><contrib contrib-type="author"><name><surname>Gerhardt</surname><given-names>Tatiana Engel</given-names></name><role>ND</role></contrib></contrib-group><pub-date><month>11</month><year>2010</year></pub-date><volume>8</volume><issue>3</issue><fpage>419</fpage><lpage>437</lpage><permissions><license license-type="open-access" href="http://creativecommons.org/licenses/by-nc/4.0/"><license-p>This work is licensed under a Creative Commons Attribution-NonCommercial 4.0 International License.</license-p></license></permissions><self-uri href="http://www.scielo.br/scielo.php?script=sci_arttext&amp;pid=S1981-77462010000300005&amp;lng=en&amp;tlng=en" content-type="full_text_page"/><self-uri href="http://www.scielo.br/scielo.php?script=sci_issuetoc&amp;pid=1981-774620100003&amp;lng=en" content-type="issue_page"/><self-uri href="http://www.scielo.br/scielo.php?script=sci_serial&amp;pid=1981-7746&amp;lng=en" content-type="journal_page"/><abstract lang_id="pt"><p>O objetivo deste artigo é o de conhecer e compreender as necessidades em saúde, por meio da autopercepção do estado de saúde e doença, considerando as desigualdades sociais presentes na localidade rural de Rincão dos Maia, Canguçu, Rio Grande do Sul. Utilizou-se a triangulação de métodos. No desenho qualitativo entrevistaram-se vinte sujeitos. A amostra foi intencional, ilustrativa das diferentes situações de vida, e a análise, temática. Os resultados indicaram que a sensação de estar adoecido é fortemente vinculada ao modo como se vivencia essa enfermidade, tendo em vista a incapacidade que este estado impõe, seja ela física ou mental. A alternância entre sentir-se doente ou saudável vem da constatação prática de que nenhum estado é contínuo. A observação do meio natural sinaliza o quão tênue são os estados de saúde e doença. A 'situação de vida', elaborada a partir das condições de vida e mobilização de recursos sociais, demonstrou que, apesar das diferenças econômicas, esse grupo apresentava uma coesão social, especialmente em sua matriz cultural de trabalhadores rurais. Enfatiza-se, assim, a necessidade de considerar o significado do fenômeno saúde e doença como ferramenta imprescindível para a formulação de programas de promoção e prevenção à saúde da população rural.</p></abstract><trans-abstract lang_id="en"><p>The aim of this article is to get to know and understand the health needs, through one's self-perception of the state of health and disease, considering the social inequalities there are in the rural town of Rincão dos Maia, Canguçu, Rio Grande do Sul. The method triangulation approach was used. Twenty subjects were interviewed in the qualitative design. The sample was intentional, illustrative of the different life situations, and the analysis was thematic. The results indicated that the feeling of being ill is strongly tied to how one experiences the disease, in view of the inability this state brings about, whether physical or mental. Alternating between feeling sick or healthy comes from the practical verification of the fact that no state is continuous. Observing the natural environment signals just how tenuous the states of health and disease in fact are. The 'life situation,' compiled based on the living conditions and on the mobilization of social resources, showed that despite the economic differences, this group was socially cohese, especially in its farmer cultural matrix. The need to consider the meaning of the health and disease phenomenon as an indispensable tool to formulate health prevention and promotion programs for the rural population is therefore emphasized.</p></trans-abstract><kwd-group lang_id="en" kwd-group-type="author-generated"><kwd>rural population health</kwd><kwd>public health</kwd><kwd>social inequality</kwd><kwd>health conditions</kwd></kwd-group><kwd-group lang_id="pt" kwd-group-type="author-generated"><kwd>saúde da população rural</kwd><kwd>saúde pública</kwd><kwd>desigualdade social</kwd><kwd>condições de saúde</kwd></kwd-group></article-meta></front><back><ref-list><ref id="B1"><element-citation publication-type="book"><source>Saúde e doença: um olhar antropológico. Rio de Janeiro</source><date><year>1994</year></date><fpage>141</fpage><lpage>152</lpage><person-group><name><surname>ADORNO</surname><given-names>Rubens de Camargo Ferreira</given-names></name><name><surname>ALVES</surname><given-names>Paulo César</given-names></name><name><surname>MINAYO</surname><given-names>Maria Cecília de Souza</given-names></name><name><surname>ALVES</surname><given-names>Paulo César</given-names></name><name><surname>MINAYO</surname><given-names>Maria Cecília de Souza</given-names></name></person-group></element-citation></ref><ref id="B2"><element-citation publication-type="book"><source>Antropologia da saúde: traçando identidades e explorando fronteiras</source><date><year>1998</year></date><fpage>107</fpage><lpage>122</lpage><person-group><name><surname>ALVES</surname><given-names>Paulo César</given-names></name><name><surname>RABELO</surname><given-names>Miriam Cristina</given-names></name><name><surname>ALVES</surname><given-names>Paulo César</given-names></name><name><surname>RABELO</surname><given-names>Miriam Cristina</given-names></name><name><surname>ALVES</surname><given-names>Paulo César</given-names></name><name><surname>RABELO</surname><given-names>Miriam Cristina</given-names></name></person-group></element-citation></ref><ref id="B3"><element-citation publication-type="book"><source>A condição humana</source><date><year>2008</year></date><person-group><name><surname>ARENDT</surname><given-names>Hannah</given-names></name><name><surname>ARENDT</surname><given-names>Hannah</given-names></name></person-group></element-citation></ref><ref id="B4"><element-citation publication-type="article"><article-title>Epidemiologia, promoção da saúde e o paradoxo do risco</article-title><source>Revista Brasileira de Epidemiologia</source><date><year>2002</year></date><fpage>28</fpage><lpage>42</lpage><volume>5</volume><person-group><name><surname>AYRES</surname><given-names>José Ricardo</given-names></name></person-group></element-citation></ref><ref id="B5"><element-citation publication-type="article"><article-title>Uma concepção hermenêutica de saúde</article-title><source>Physis: Revista de Saúde Coletiva</source><date><year>2007</year></date><fpage>43</fpage><lpage>62</lpage><issue>1</issue><volume>17</volume><person-group><name><surname>AYRES</surname><given-names>José Ricardo</given-names></name></person-group></element-citation></ref><ref id="B6"><element-citation publication-type="book"><source>Olhares socioantropológicos sobre os adoecimentos crônicos</source><date><year>2007</year></date><fpage>53</fpage><lpage>85</lpage><person-group><name><surname>BARSAGLINI</surname><given-names>Reni Aparecida</given-names></name><name><surname>CANESQUI</surname><given-names>Ana Maria</given-names></name><name><surname>CANESQUI</surname><given-names>Ana Maria</given-names></name></person-group></element-citation></ref><ref id="B7"><element-citation publication-type="book"><source>As classes sociais e o corpo</source><date><year>1989</year></date><person-group><name><surname>BOLTANSKI</surname><given-names>Luc</given-names></name><name><surname>BOLTANSKI</surname><given-names>Luc</given-names></name></person-group></element-citation></ref><ref id="B8"><element-citation publication-type="article"><article-title>Conceitos de saúde em discursos contemporâneos de referência científica</article-title><source>História, Ciências, Saúde - Manguinhos</source><date><year>2002</year></date><fpage>315</fpage><lpage>333</lpage><issue>2</issue><volume>9</volume><person-group><name><surname>COELHO</surname><given-names>Maria Thereza Ávila Dantas</given-names></name><name><surname>ALMEIDA FILHO</surname><given-names>Naomar de</given-names></name></person-group></element-citation></ref><ref id="B9"><element-citation publication-type="book"><source>A conceptual framework for action on social determinants of health</source><date><year>2005</year></date><ext-link>www.determinantes. fiocruz.br</ext-link></element-citation></ref><ref id="B10"><element-citation publication-type="book"><source>Oitava Conferência Nacional de Saúde: Relatório final. Brasília, 1986</source><ext-link>www.conselho.saúde.gov.br/biblioteca/ Relatorios.htm</ext-link></element-citation></ref><ref id="B11"><element-citation publication-type="article"><article-title>The Body in Health and Illness</article-title><source>Qualitative Health Research</source><date><year>2003</year></date><fpage>256</fpage><lpage>267</lpage><issue>2</issue><volume>13</volume><person-group><name><surname>CORBIN</surname><given-names>Juliet</given-names></name></person-group></element-citation></ref><ref id="B12"><element-citation publication-type="article"><article-title>Por um novo conceito de saúde</article-title><source>Revista Brasileira de Saúde Ocupacional</source><date><year>1986</year></date><fpage>7</fpage><lpage>11</lpage><issue>54</issue><volume>14</volume><person-group><name><surname>DEJOURS</surname><given-names>Christophe</given-names></name></person-group></element-citation></ref><ref id="B13"><element-citation publication-type="article"><article-title>A vida nos olhos, o coração nas mãos: concepções e representações femininas do processo saúde-doença</article-title><source>História, Ciências, Saúde - Manguinhos</source><date><year>2007</year></date><fpage>779</fpage><lpage>800</lpage><issue>3</issue><volume>14</volume><person-group><name><surname>DIAS</surname><given-names>Glauce</given-names></name></person-group></element-citation></ref><ref id="B14"><element-citation publication-type="article"><article-title>Narrativas sobre o processo saúde-doença: experiências em grupos operativos de educação em saúde</article-title><source>Interface: Comunicação, Saúde, Educação</source><date><year>2009</year></date><fpage>7</fpage><lpage>18</lpage><issue>28</issue><volume>13</volume><person-group><name><surname>FAVORETO</surname><given-names>Cesar Augusto Orazem</given-names></name><name><surname>CABRAL</surname><given-names>Cristiane Coelho</given-names></name></person-group></element-citation></ref><ref id="B15"><element-citation publication-type="thesis"><source>Rincões de pobreza e desenvolvimento: interpretações sobre comportamento coletivo</source><date><year>2005</year></date><person-group><name><surname>FIALHO</surname><given-names>Marco Antônio Verardi</given-names></name><name><surname>FIALHO</surname><given-names>Marco Antônio Verardi</given-names></name></person-group></element-citation></ref><ref id="B16"><element-citation publication-type="thesis"><source>Anthropologie et santé publique: approche interdisciplinaire - pauvreté, situations de vie et santé au quotidien à Paranaguá, Paraná, Brésil</source><date><year>2000</year></date><person-group><name><surname>GERHARDT</surname><given-names>Tatiana Engel</given-names></name><name><surname>GERHARDT</surname><given-names>Tatiana Engel</given-names></name></person-group></element-citation></ref><ref id="B17"><element-citation publication-type="book"><source>Razões públicas para a integralidade em saúde: o cuidado como valor</source><date><year>2007</year></date><fpage>279</fpage><lpage>300</lpage><person-group><name><surname>GERHARDT</surname><given-names>Tatiana Engel</given-names></name><name><surname>PINHEIRO</surname><given-names>Roseni</given-names></name><name><surname>MATTOS</surname><given-names>Rubem Araújo de</given-names></name><name><surname>PINHEIRO</surname><given-names>Roseni</given-names></name><name><surname>MATTOS</surname><given-names>Rubem Araújo de</given-names></name></person-group></element-citation></ref><ref id="B18"><element-citation publication-type="book"><source>Desigualdades sociais e de saúde: elementos para análise interdisciplinar</source><date><year>2008</year></date><person-group><name><surname>GERHARDT</surname><given-names>Tatiana Engel</given-names></name><name><surname>LOPES</surname><given-names>Marta Júlia Marques</given-names></name><name><surname>GERHARDT</surname><given-names>Tatiana Engel</given-names></name><name><surname>LOPES</surname><given-names>Marta Júlia Marques</given-names></name></person-group></element-citation></ref><ref id="B19"><element-citation publication-type="book"><source>O inquérito: teoria e prática</source><date><year>1997</year></date><person-group><name><surname>GHIGLIONE</surname><given-names>Rodolphe</given-names></name><name><surname>MATALON</surname><given-names>Benjamim</given-names></name><name><surname>GHIGLIONE</surname><given-names>Rodolphe</given-names></name><name><surname>MATALON</surname><given-names>Benjamim</given-names></name></person-group></element-citation></ref><ref id="B20"><element-citation publication-type="book"><source>A fenomenologia do espírito</source><date><year>1992</year></date><person-group><name><surname>HEGEL</surname><given-names>Georg Wilhelm Friedrich</given-names></name><name><surname>HEGEL</surname><given-names>Georg Wilhelm Friedrich</given-names></name></person-group></element-citation></ref><ref id="B21"><element-citation publication-type="book"><source>O cotidiano e a história</source><date><year>2008</year></date><person-group><name><surname>HELLER</surname><given-names>Agnes</given-names></name><name><surname>HELLER</surname><given-names>Agnes</given-names></name></person-group></element-citation></ref><ref id="B22"><element-citation publication-type="book"><source>Cultura, saúde e doença</source><date><year>2003</year></date><person-group><name><surname>HELMAN</surname><given-names>Cecil</given-names></name><name><surname>HELMAN</surname><given-names>Cecil</given-names></name></person-group></element-citation></ref><ref id="B23"><element-citation publication-type="article"><article-title>Saúde e doença no início do século XXI: entre a experiência privada e a esfera pública</article-title><source>Physis: Revista de Saúde Coletiva</source><date><year>2004</year></date><fpage>383</fpage><lpage>394</lpage><issue>2</issue><volume>14</volume><person-group><name><surname>HERZLICH</surname><given-names>Claudine</given-names></name></person-group></element-citation></ref><ref id="B24"><element-citation publication-type="book"><source>Censo demográfico 2000: resultados da amostra</source><date><year>2002</year></date></element-citation></ref><ref id="B25"><element-citation publication-type="article"><article-title>Percepções e ações de mulheres em relação à prevenção e promoção da saúde na atenção básica</article-title><source>Revista de Saúde Pública</source><date><year>2009</year></date><fpage>937</fpage><lpage>43</lpage><issue>6</issue><volume>43</volume><person-group><name><surname>FIGUEIRA</surname><given-names>Tais Rocha</given-names></name></person-group></element-citation></ref><ref id="B26"><element-citation publication-type="article"><article-title>Ação comunicativa, democracia e saúde</article-title><source>Ciência &amp; Saúde Coletiva</source><date><year>2005</year></date><fpage>167</fpage><lpage>178</lpage><volume>10</volume><person-group><name><surname>MELO</surname><given-names>Elza Machado de</given-names></name></person-group></element-citation></ref><ref id="B27"><element-citation publication-type="book"><source>Avaliação por triangulação de métodos: abordagens de programas sociais</source><date><year>2005</year></date><fpage>19</fpage><lpage>51</lpage><person-group><name><surname>MINAYO</surname><given-names>Maria Cecília de Souza</given-names></name><name><surname>MINAYO</surname><given-names>Maria Cecília de Souza</given-names></name><name><surname>ASSIS</surname><given-names>Simone Gonçalves de</given-names></name><name><surname>SOUZA</surname><given-names>Edinilsa de Souza</given-names></name><name><surname>MINAYO</surname><given-names>Maria Cecília de Souza</given-names></name><name><surname>ASSIS</surname><given-names>Simone Gonçalves de</given-names></name><name><surname>SOUZA</surname><given-names>Edinilsa de Souza</given-names></name></person-group></element-citation></ref><ref id="B28"><element-citation publication-type="book"><source>O desafio do conhecimento: pesquisa qualitativa em saúde</source><date><year>2007</year></date><person-group><name><surname>MINAYO</surname><given-names>Maria Cecília de Souza</given-names></name></person-group></element-citation></ref><ref id="B29"><element-citation publication-type="article"><article-title>Interfaces entre a antropología e a saúde: busca de novas abordagens conceituais</article-title><source>Revista Gaúcha de Enfermagem</source><date><year>2006</year></date><fpage>149</fpage><lpage>165</lpage><issue>2</issue><volume>27</volume><person-group><name><surname>RAYNAUT</surname><given-names>Claude</given-names></name></person-group></element-citation></ref><ref id="B30"><element-citation publication-type="thesis"><source>A outra face dos determinantes sociais de saúde: subjetividades na construção do cotidiano individual e coletivo em uma comunidade rural</source><date><year>2009</year></date><person-group><name><surname>RIQUINHO</surname><given-names>Deise Lisboa</given-names></name><name><surname>RIQUINHO</surname><given-names>Deise Lisboa</given-names></name></person-group></element-citation></ref><ref id="B31"><element-citation publication-type="article"><article-title>Pobreza rural, desequilíbrios regionais e desenvolvimento agrário no Rio Grande do Sul</article-title><source>Teoria e Evidência Econômica</source><date><year>2000</year></date><fpage>117</fpage><lpage>149</lpage><issue>15</issue><volume>8</volume><person-group><name><surname>SCHNEIDER</surname><given-names>Sergio</given-names></name><name><surname>FIALHO</surname><given-names>Marco Antônio Verardi</given-names></name></person-group></element-citation></ref><ref id="B32"><element-citation publication-type="article"><article-title>A autonomia do paciente no processo terapêutico como valor para a saúde</article-title><source>Interface: Comunicação, Saúde, Educação</source><date><year>2007</year></date><fpage>65</fpage><lpage>78</lpage><issue>21</issue><volume>11</volume><person-group><name><surname>SOARES</surname><given-names>Jussara Calmon Reis de Souza</given-names></name><name><surname>CAMARGO JR.</surname><given-names>Kenneth Rochel</given-names></name></person-group></element-citation></ref><ref id="B33"><element-citation publication-type="thesis"><source>Como manda o figurino: práticas entre idosos de Porto Alegre</source><date><year>2005</year></date><person-group><name><surname>SOUZA</surname><given-names>Aline Corrêa de</given-names></name><name><surname>SOUZA</surname><given-names>Aline Corrêa de</given-names></name></person-group></element-citation></ref><ref id="B34"><element-citation publication-type="thesis"><source>Necessidades de saúde: mediações de um conceito (contribuições das Ciências Sociais para a fundamentação teórico-metodológica de conceitos operacionais da área de planejamento em saúde)</source><date><year>1991</year></date><person-group><name><surname>STOTZ</surname><given-names>Eduardo Navarro</given-names></name><name><surname>STOTZ</surname><given-names>Eduardo Navarro</given-names></name></person-group></element-citation></ref><ref id="B35"><element-citation publication-type="article"><article-title>Medidas de morbidade referida e inter-relações com dimensões de saúde</article-title><source>Revista de Saúde Pública</source><date><year>2008</year></date><fpage>73</fpage><lpage>81</lpage><issue>1</issue><volume>42</volume><person-group><name><surname>THEME FILHA</surname><given-names>Mariza Miranda</given-names></name><name><surname>SZWARCWALD</surname><given-names>Célia Landmann</given-names></name><name><surname>SOUZA JUNIOR</surname><given-names>Paulo Roberto Borges de</given-names></name></person-group></element-citation></ref><ref id="B36"><element-citation publication-type="book"><source>Para compreender a pobreza no Brasil</source><date><year>2005</year></date><fpage>33</fpage><lpage>52</lpage><person-group><name><surname>VALLA</surname><given-names>Victor V.</given-names></name><name><surname>VALLA</surname><given-names>Victor V.</given-names></name><name><surname>STOTZ</surname><given-names>Eduardo Navarro</given-names></name><name><surname>ALGEBAILE</surname><given-names>Eveline Bertino</given-names></name><name><surname>VALLA</surname><given-names>Victor V.</given-names></name><name><surname>STOTZ</surname><given-names>Eduardo Navarro</given-names></name><name><surname>ALGEBAILE</surname><given-names>Eveline Bertino</given-names></name></person-group></element-citation></ref><ref id="B37"><element-citation publication-type="article"><article-title>Informações em saúde: a importância dos inquéritos populacionais</article-title><source>Ciência &amp; Saúde Coletiva</source><date><year>2002</year></date><fpage>607</fpage><lpage>621</lpage><issue>4</issue><volume>7</volume><person-group><name><surname>VIACAVA</surname><given-names>Francisco</given-names></name></person-group></element-citation></ref></ref-list></back></article></articles>