<articles xmlns:xsi="http://www.w3.org/2001/XMLSchema-instance" xsi:schemaLocation="https://raw.githubusercontent.com/scieloorg/articles_meta/master/tests/xsd/scielo_sci/ThomsonReuters_publishing.xsd" dtd-version="1.10"><article lang_id="pt" article-type="research-article"><front><journal-meta><journal-id journal-id-type="publisher">tes</journal-id><journal-title-group><journal-title>Trabalho, Educação e Saúde</journal-title><abbrev-journal-title>Trab. educ. saúde</abbrev-journal-title></journal-title-group><issn>1981-7746</issn><collection>SciELO Brazil</collection><publisher><publisher-name>Fundação Oswaldo Cruz, Escola Politécnica de Saúde Joaquim Venâncio</publisher-name></publisher></journal-meta><article-meta><unique-article-id pub-id-type="publisher-id">S1981-77462013000100006</unique-article-id><article-id pub-id-type="publisher-id">S1981-77462013000100006</article-id><article-id pub-id-type="doi">10.1590/S1981-77462013000100006</article-id><article-categories><subj-group><subject>EDUCATION &amp; EDUCATIONAL RESEARCH</subject><subject>PUBLIC, ENVIRONMENTAL &amp; OCCUPATIONAL HEALTH</subject></subj-group></article-categories><title-group><article-title lang_id="pt">Visão de profissionais e estudantes da área de saúde sobre a interface saúde e meio ambiente</article-title><trans-title-group lang_id="en"><trans-title>View of health area professionals on the interface between health and the environment</trans-title></trans-title-group></title-group><contrib-group><contrib contrib-type="author"><name><surname>Camponogara</surname><given-names>Silviamar</given-names></name><role>ND</role></contrib><contrib contrib-type="author"><name><surname>Viero</surname><given-names>Cibele Mello</given-names></name><role>ND</role></contrib><contrib contrib-type="author"><name><surname>Erthal</surname><given-names>Graciele</given-names></name><role>ND</role></contrib><contrib contrib-type="author"><name><surname>Diaz</surname><given-names>Paola da Silva</given-names></name><role>ND</role></contrib><contrib contrib-type="author"><name><surname>Rossato</surname><given-names>Gabriela Camponogara</given-names></name><role>ND</role></contrib><contrib contrib-type="author"><name><surname>Soares</surname><given-names>Sabrina de Aguiar</given-names></name><role>ND</role></contrib><contrib contrib-type="author"><name><surname>Peres</surname><given-names>Roger Rodrigues</given-names></name><role>ND</role></contrib></contrib-group><pub-date><month>04</month><year>2013</year></pub-date><volume>11</volume><issue>1</issue><fpage>93</fpage><lpage>111</lpage><permissions><license license-type="open-access" href="http://creativecommons.org/licenses/by-nc/4.0/"><license-p>This work is licensed under a Creative Commons Attribution-NonCommercial 4.0 International License.</license-p></license></permissions><self-uri href="http://www.scielo.br/scielo.php?script=sci_arttext&amp;pid=S1981-77462013000100006&amp;lng=en&amp;tlng=en" content-type="full_text_page"/><self-uri href="http://www.scielo.br/scielo.php?script=sci_issuetoc&amp;pid=1981-774620130001&amp;lng=en" content-type="issue_page"/><self-uri href="http://www.scielo.br/scielo.php?script=sci_serial&amp;pid=1981-7746&amp;lng=en" content-type="journal_page"/><abstract lang_id="pt"><p>Este artigo apresenta a visão de profissionais e estudantes da área da saúde sobre a interface saúde e meio ambiente. Estudo de abordagem qualitativa, descritivo, desenvolvidos com diferentes atores sociais que integram o processo de formação profissional e laboral da área da saúde em um município do Rio Grande do Sul. Os dados foram coletados por meio de entrevista semiestruturada com questões norteadoras sobre o objeto de estudo, feita com trabalhadores hospitalares, enfermeiros, docentes, acadêmicos da área da saúde e agentes comunitários de saúde. Cada subprojeto foi analisado individualmente, com base no referencial sobre análise de conteúdo. Os resultados evidenciam que os sujeitos possuem visões dicotômicas sobre meio ambiente e reconhecem os efeitos prejudiciais da atual crise ambiental, alegando que o ser humano é o principal causador. Os sujeitos do estudo entendem que há estreita interface entre saúde e meio ambiente, sendo as populações menos privilegiadas economicamente as mais afetadas pelos danos ambientais. Conclui-se que o aprofundamento do debate sobre o tema no processo de formação e prática profissional em saúde é fundamental no sentido de se buscar a efetiva responsabilidade socioambiental por parte dos atores sociais atuantes no setor.</p></abstract><trans-abstract lang_id="en"><p>This article presents the view health area professionals and students have concerning the interface between health and the environment. It is a qualitative, descriptive study undertaken with different social players that are part of the vocational training process in the health care area in a municipality in Rio Grande do Sul, Brazil. The data were collected through a semistructured interview comprising gui-ding questions on the study subject and carried out among hospital workers, nurses, health care professors and students, and community health agents. Each subproject was analyzed individually based on the content analysis framework. The results show that the subjects have dichotomous views on the environment and acknowledge the adverse effects of the current environmental crisis, claiming that human beings are the main cause of it. The study subjects understand that there is a narrow interface between health and the environment and that the economically less privileged populations are those most affected by environmental damage. It is concluded that deepening the debate on the subject in the process of providing training and professional practice in health is fundamental in order to seek effective socioenvironmental responsibility among the social players involved in the sector.</p></trans-abstract><kwd-group lang_id="en" kwd-group-type="author-generated"><kwd>health care professional</kwd><kwd>environmental health</kwd><kwd>training of human resources</kwd><kwd>environment</kwd></kwd-group><kwd-group lang_id="pt" kwd-group-type="author-generated"><kwd>profissional de saúde</kwd><kwd>saúde ambiental</kwd><kwd>formação de recursos humanos</kwd><kwd>meio ambiente</kwd></kwd-group></article-meta></front><back><ref-list><ref id="B1"><element-citation publication-type="book"><source>Análise de conteúdo</source><date><year>2007</year></date><person-group><name><surname>BARDIN</surname><given-names>Laurence</given-names></name><name><surname>BARDIN</surname><given-names>Laurence</given-names></name></person-group></element-citation></ref><ref id="B2"><element-citation publication-type="article"><article-title>Padrões de adoecimento e de morte da população brasileira: os renovados desafios para o Sistema Único de Saúde</article-title><source>Ciência &amp; Saúde Coletiva</source><date><year>2007</year></date><fpage>1.779</fpage><lpage>1.790</lpage><volume>12</volume><person-group><name><surname>BARRETO</surname><given-names>Mauricio Lima</given-names></name><name><surname>CARMO</surname><given-names>Eduardo Hage</given-names></name></person-group></element-citation></ref><ref id="B3"><element-citation publication-type="book"><source>Vida líquida</source><date><year>2007</year></date><person-group><name><surname>BAUMAN</surname><given-names>Zygmunt</given-names></name><name><surname>BAUMAN</surname><given-names>Zygmunt</given-names></name></person-group></element-citation></ref><ref id="B4"><element-citation publication-type="book"><source>Modernização reflexiva: política, tradição e estética na ordem social moderna</source><date><year>1997</year></date><fpage>11</fpage><lpage>71</lpage><person-group><name><surname>BAUMAN</surname><given-names>Zygmunt</given-names></name><name><surname>GIDDENS</surname><given-names>Anthony</given-names></name><name><surname>LASH</surname><given-names>Scott</given-names></name><name><surname>GIDDENS</surname><given-names>Anthony</given-names></name><name><surname>LASH</surname><given-names>Scott</given-names></name></person-group></element-citation></ref><ref id="B5"><element-citation publication-type="book"><source>Bioética cotidiana</source><date><year>2004</year></date><person-group><name><surname>BERLINGUER</surname><given-names>Giovanni</given-names></name><name><surname>BERLINGUER</surname><given-names>Giovanni</given-names></name></person-group></element-citation></ref><ref id="B6"><element-citation publication-type="book"><source>Resolução n. 196, de 10 de outubro de 1996. Fixa diretrizes e normas regulamentadoras de pesquisa envolvendo seres humanos</source><date><year>1996</year></date></element-citation></ref><ref id="B7"><element-citation publication-type="article"><article-title>Promoção da saúde e qualidade de vida</article-title><source>Ciência &amp; Saúde Coletiva</source><date><year>2000</year></date><fpage>163</fpage><lpage>177</lpage><issue>2</issue><volume>5</volume><person-group><name><surname>BUSS</surname><given-names>Paulo Marchiori</given-names></name></person-group></element-citation></ref><ref id="B8"><element-citation publication-type="article"><article-title>Uma revisão sistemática sobre a produção científica com ênfase na saúde e meio ambiente</article-title><source>Ciência &amp; Saúde Coletiva</source><date><year>2008</year></date><fpage>427</fpage><lpage>439</lpage><issue>2</issue><volume>13</volume><person-group><name><surname>CAMPONOGARA</surname><given-names>Silviamar</given-names></name><name><surname>KIRCHHOF</surname><given-names>Ana Lucia Cardoso</given-names></name><name><surname>RAMOS</surname><given-names>Flavia Regina Souza</given-names></name></person-group></element-citation></ref><ref id="B9"><element-citation publication-type="book"><source>Educação ambiental: a formação do sujeito ecológico</source><date><year>2004</year></date><person-group><name><surname>CARVALHO</surname><given-names>Isabel Cristina Moura</given-names></name><name><surname>CARVALHO</surname><given-names>Isabel Cristina Moura</given-names></name></person-group></element-citation></ref><ref id="B10"><element-citation publication-type="article"><article-title>Ciências em trânsito, objetos complexos: práticas e discursos socioambientais</article-title><source>Ambiente &amp; Sociedade</source><date><month>06</month><year>2006</year></date><fpage>65</fpage><lpage>80</lpage><issue>1</issue><volume>9</volume><person-group><name><surname>FLORIANI</surname><given-names>Dimas</given-names></name></person-group></element-citation></ref><ref id="B11"><element-citation publication-type="article"><article-title>Amostragem por saturação em pesquisas qualitativas em saúde: contribuições teóricas</article-title><source>Cadernos de Saúde Pública</source><date><year>2008</year></date><fpage>17</fpage><lpage>27</lpage><issue>1</issue><volume>24</volume><person-group><name><surname>FONTANELLA</surname><given-names>Bruno Jose Barcelos</given-names></name><name><surname>RICAS</surname><given-names>Janete</given-names></name><name><surname>TURATO</surname><given-names>Egberto Ribeiro</given-names></name></person-group></element-citation></ref><ref id="B12"><element-citation publication-type="article"><article-title>A produção científica sobre o ambiente na saúde coletiva</article-title><source>Cadernos de Saúde Pública</source><date><month>06</month><year>2005</year></date><fpage>679</fpage><lpage>701</lpage><issue>3</issue><volume>21</volume><person-group><name><surname>FREITAS</surname><given-names>Carlos Machado de</given-names></name></person-group></element-citation></ref><ref id="B13"><element-citation publication-type="article"><article-title>Problemas ambientais, saúde coletiva e ciências sociais</article-title><source>Ciência &amp; Saúde Coletiva</source><date><year>2003</year></date><fpage>137</fpage><lpage>150</lpage><issue>1</issue><volume>8</volume><person-group><name><surname>FREITAS</surname><given-names>Carlos Machado de</given-names></name></person-group></element-citation></ref><ref id="B14"><element-citation publication-type="book"><source>Modernização reflexiva: política, tradição e estética na ordem social moderna</source><date><year>1997</year></date><fpage>73</fpage><lpage>134</lpage><person-group><name><surname>GIDDENS</surname><given-names>Anthony</given-names></name><name><surname>BECK</surname><given-names>Ulrich</given-names></name><name><surname>GIDDENS</surname><given-names>Anthony</given-names></name><name><surname>LASH</surname><given-names>Scott</given-names></name><name><surname>BECK</surname><given-names>Ulrich</given-names></name><name><surname>GIDDENS</surname><given-names>Anthony</given-names></name><name><surname>LASH</surname><given-names>Scott</given-names></name></person-group></element-citation></ref><ref id="B15"><element-citation publication-type="book"><source>As consequências da modernidade</source><date><year>1991</year></date><person-group><name><surname>GIDDENS</surname><given-names>Anthony</given-names></name></person-group></element-citation></ref><ref id="B16"><element-citation publication-type="book"><source>Modernidade e identidade</source><date><year>2002</year></date><person-group><name><surname>GIDDENS</surname><given-names>Anthony</given-names></name></person-group></element-citation></ref><ref id="B17"><element-citation publication-type="book"><source>Fourth Assessment Report: Climate Change</source><date><year>2007</year></date></element-citation></ref><ref id="B18"><element-citation publication-type="article"><article-title>Educação ambiental e o desafio da sustentabilidade socioambiental</article-title><source>O Mundo da Saúde</source><date><month>12</month><year>2006</year></date><fpage>524</fpage><lpage>531</lpage><issue>4</issue><volume>30</volume><person-group><name><surname>JACOBI</surname><given-names>Pedro</given-names></name></person-group></element-citation></ref><ref id="B19"><element-citation publication-type="book"><source>El principio de responsabilidad: ensayo de una ética para la civilización tecnológica</source><date><year>1995</year></date><person-group><name><surname>JONAS</surname><given-names>Hans</given-names></name><name><surname>JONAS</surname><given-names>Hans</given-names></name></person-group></element-citation></ref><ref id="B20"><element-citation publication-type="book"><source>A ontologia da realidade</source><date><year>1997</year></date><person-group><name><surname>MATURANA</surname><given-names>Humberto</given-names></name><name><surname>MATURANA</surname><given-names>Humberto</given-names></name></person-group></element-citation></ref><ref id="B21"><element-citation publication-type="book"><source>A emergência do paradigma ecológico: reflexões ético-filosóficas para o século XXI</source><date><year>2004</year></date><person-group><name><surname>PELIZZOLI</surname><given-names>Marcelo Luiz</given-names></name><name><surname>PELIZZOLI</surname><given-names>Marcelo Luiz</given-names></name></person-group></element-citation></ref><ref id="B22"><element-citation publication-type="article"><article-title>Saúde e ambiente no Brasil: desenvolvimento, território e iniquidade social</article-title><source>Cadernos de Saúde Pública</source><date><year>2007</year></date><fpage>475</fpage><lpage>501</lpage><volume>23</volume><person-group><name><surname>RIGOTTO</surname><given-names>Raquel Maria</given-names></name><name><surname>AUGUSTO</surname><given-names>Lia Giraldo</given-names></name></person-group></element-citation></ref><ref id="B23"><element-citation publication-type="book"><source>A gramática do tempo: para uma nova cultura política</source><date><year>2006</year></date><person-group><name><surname>SANTOS</surname><given-names>Boaventura Sousa</given-names></name><name><surname>SANTOS</surname><given-names>Boaventura Sousa</given-names></name></person-group></element-citation></ref></ref-list></back></article></articles>