<articles xmlns:xsi="http://www.w3.org/2001/XMLSchema-instance" xsi:schemaLocation="https://raw.githubusercontent.com/scieloorg/articles_meta/master/tests/xsd/scielo_sci/ThomsonReuters_publishing.xsd" dtd-version="1.10"><article lang_id="pt" article-type="research-article"><front><journal-meta><journal-id journal-id-type="publisher">tes</journal-id><journal-title-group><journal-title>Trabalho, Educação e Saúde</journal-title><abbrev-journal-title>Trab. educ. saúde</abbrev-journal-title></journal-title-group><issn>1981-7746</issn><collection>SciELO Brazil</collection><publisher><publisher-name>Fundação Oswaldo Cruz, Escola Politécnica de Saúde Joaquim Venâncio</publisher-name></publisher></journal-meta><article-meta><unique-article-id pub-id-type="publisher-id">S1981-77462013000300004</unique-article-id><article-id pub-id-type="publisher-id">S1981-77462013000300004</article-id><article-id pub-id-type="doi">10.1590/S1981-77462013000300004</article-id><article-categories><subj-group><subject>EDUCATION &amp; EDUCATIONAL RESEARCH</subject><subject>PUBLIC, ENVIRONMENTAL &amp; OCCUPATIONAL HEALTH</subject></subj-group></article-categories><title-group><article-title lang_id="pt">Inovações do século passado: origens dos referenciais pedagógicos na formação profissional em saúde</article-title><trans-title-group lang_id="en"><trans-title>Innovations of the past century: origins of the educational benchmarks in vocational training in health</trans-title></trans-title-group></title-group><contrib-group><contrib contrib-type="author"><name><surname>Conterno</surname><given-names>Solange de Fátima Reis</given-names></name><role>ND</role><xref ref-type="aff" rid="A01"/><xref ref-type="aff" rid="A02"/></contrib><contrib contrib-type="author"><name><surname>Lopes</surname><given-names>Roseli Esquerdo</given-names></name><role>ND</role><xref ref-type="aff" rid="A03"/></contrib></contrib-group><aff id="A01"><institution>Universidade Estadual do Oeste do Paraná</institution><country>Brazil</country></aff><aff id="A02"><institution>Universidade Federal de São Carlos</institution><country>Brazil</country></aff><aff id="A03"><institution>Universidade Federal de São Carlos</institution><country>Brazil</country></aff><pub-date><month>12</month><year>2013</year></pub-date><volume>11</volume><issue>3</issue><fpage>503</fpage><lpage>523</lpage><permissions><license license-type="open-access" href="http://creativecommons.org/licenses/by-nc/4.0/"><license-p>This work is licensed under a Creative Commons Attribution-NonCommercial 4.0 International License.</license-p></license></permissions><self-uri href="http://www.scielo.br/scielo.php?script=sci_arttext&amp;pid=S1981-77462013000300004&amp;lng=en&amp;tlng=en" content-type="full_text_page"/><self-uri href="http://www.scielo.br/scielo.php?script=sci_issuetoc&amp;pid=1981-774620130003&amp;lng=en" content-type="issue_page"/><self-uri href="http://www.scielo.br/scielo.php?script=sci_serial&amp;pid=1981-7746&amp;lng=en" content-type="journal_page"/><abstract lang_id="pt"><p>Documentos oficiais destinados a reorientar a formação dos profissionais da saúde no Brasil foram utilizados para identificar princípios pedagógicos inovadores. Tal levantamento visou a explicitar a vinculação desses princípios com determinada corrente pedagógica, problematizando as origens teórico-metodológicas dos atuais referenciais para o ensino profissional em nível de graduação na área. A reorientação da formação em saúde se manifesta em diferentes iniciativas oficiais: nas Diretrizes Curriculares Nacionais para a graduação, na Política Nacional de Educação Permanente em Saúde e no Pró-Saúde. Analisaram-se os princípios pedagógicos recorrentemente citados nos documentos: a aprendizagem significativa, o professor facilitador, o aprender a aprender e as metodologias ativas. Com base no estudo da produção teórica nacional acerca dos fundamentos teórico-práticos das correntes pedagógicas, procedeu-se ao cotejamento dos princípios pedagógicos nesses referidos documentos. Em conclusão, os princípios pedagógicos explicitados se articulam aos referenciais teórico-metodológicos das pedagogias não diretivas, que, ao serem contextualizadas, inserem-se temporalmente nos primeiros anos do século XX, tendo como foco as propostas para a educação infantil.</p></abstract><trans-abstract lang_id="en"><p>Official documents intended to reorient the training provided to health professionals in Brazil were used as a source to a survey conducted to determine what such documents report as innovative educational principles. This survey aimed to clarify the connection between these principles and a certain educational line, problematizing the theoretical and methodological origins of the current framework for vocational education at the undergraduate level in the area. The reorientation of health training is expressed in different official initiatives: the National Curriculum Guidelines for undergraduate courses, the National Policy for Continuing Education in the Health, and in the Pro-Health program. The educational principles widely cited in the documents were analyzed: meaningful learning, the facilitator teacher, learning to learn, and active methodologies. Based on the study of the Brazilian theoretical production on the theoretical and practical educational lines, we compared the educational principles from those documents. In conclusion, the educational principles presented are connected to theoretical and methodological benchmarks ofnon-directive pedagogies, which, when contextualized, are inserted, temporally, into in the early years of the twentieth century, focusing on the proposals for child education.</p></trans-abstract><kwd-group lang_id="pt" kwd-group-type="author-generated"><kwd>formação profissional em saúde</kwd><kwd>metodologias ativas</kwd><kwd>pedagogias não diretivas</kwd></kwd-group><kwd-group lang_id="en" kwd-group-type="author-generated"><kwd>vocational training in health</kwd><kwd>active methodologies</kwd><kwd>non-directive pedagogies</kwd></kwd-group></article-meta></front><back><ref-list><ref id="B1"><element-citation publication-type="book"><source>História da educação e da pedagogia: geral e do Brasil</source><date><year>2006</year></date><person-group><name><surname>ARANHA</surname><given-names>Maria L. A.</given-names></name><name><surname>ARANHA</surname><given-names>Maria L. A.</given-names></name></person-group></element-citation></ref><ref id="B2"><element-citation publication-type="book"><source>Parecer n. 583, de 4 de abril de 2001: Orientação para as diretrizes curriculares dos cursos de graduação</source><date><year>2001</year></date><ext-link>http://portal.mec.gov.br/cne/arquivos/pdf/CES0583.pdf</ext-link></element-citation></ref><ref id="B3"><element-citation publication-type="book"><source>Parecer n. 1133, de 7 de agosto de 2001: Diretrizes curriculares nacionais dos cursos de graduação em enfermagem, medicina e nutrição</source><date><year>2001</year></date><ext-link>http://portal.mec.gov.br/cne/arquivos/pdf/2001/pces1214_01.pdf</ext-link></element-citation></ref><ref id="B4"><element-citation publication-type="book"><source>Resolução n. 1, de 30 de setembro de 1999: Dispõe sobre os Institutos Superiores de Educação</source><date><year>1999</year></date><ext-link>www.crmariocovas.sp.gov.br/pdf/diretrizes_p0209-0214_c.pdf</ext-link></element-citation></ref><ref id="B5"><element-citation publication-type="book"><source>Lei federal n. 9394, de 20 de dezembro de 1996: Estabelece as diretrizes e bases da educação nacional</source><date><year>1996</year></date><ext-link>http://www6.senado.gov.br/legislacao/ListaTextoIntegral.action?id=75723</ext-link></element-citation></ref><ref id="B6"><element-citation publication-type="book"><source>Portaria n. 2.253, de 18 de outubro de 2001: Introdução, na organização curricular dos cursos superiores, de disciplina não presencial</source><date><year>2001</year></date><ext-link>www.ufsj.edu.br/portalrepositorio/File/pdi/p2253.pdf</ext-link></element-citation></ref><ref id="B7"><element-citation publication-type="book"><source>Portaria interministerial n. 2.101, de 3 de novembro de 2005: Institui o Programa Nacional de Reorientação da Formação Profissional em Saúde - Pró-Saúde</source><date><year>2005</year></date><ext-link>www.abem-educmed.org.br/publicacoes/boletim_virtual/volume_10/portaria_pro_saude.pdf</ext-link></element-citation></ref><ref id="B8"><element-citation publication-type="book"><source>Programa Nacional de Reorientação da Formação Profissional em Saúde - Pró-Saúde: objetivos, implementação e desenvolvimento potencial</source><date><year>2007</year></date></element-citation></ref><ref id="B9"><element-citation publication-type="book"><source>Portaria GM/MS n. 1996, de 20 de agosto de 2007: Dispõe sobre as diretrizes para a implementação da Política Nacional de Educação Permanente em Saúde</source><date><year>2007</year></date><ext-link>http://portal.saude.gov.br/portal/arquivos/pdf/Portaria_1996de_20_de_agosto-de-2007.pdf</ext-link></element-citation></ref><ref id="B10"><element-citation publication-type="book"><source>GM/MS n. 198, de 13 de fevereiro de 2004: Institui a Política Nacional de Educação Permanente em Saúde</source><date><year>2004</year></date><ext-link>http://dtr2001.saude.gov.br/sas/PORTARIAS/Port2004/GM/GM198.htm</ext-link></element-citation></ref><ref id="B11"><element-citation publication-type="book"><source>Portal da Saúde</source><date><year>2010</year></date><ext-link>http://portal.saude.gov.br/portal/saude/area.cfm?id_area=360</ext-link></element-citation></ref><ref id="B12"><element-citation publication-type="book"><source>Política de recursos humanos em saúde</source><date><year>2002</year></date></element-citation></ref><ref id="B13"><element-citation publication-type="book"><source>Decreto n. 2.494, de 10 de fevereiro de 1998: Regulamenta o art. 80 da lei n. 9.394</source><date><year>1998</year></date><ext-link>http://portal.mec.gov.br/seed/arquivos/pdf/tvescola/leis/D2494.pdf</ext-link></element-citation></ref><ref id="B14"><element-citation publication-type="book"><source>Decreto n. 3.860, de 09 de julho de 2001: Dispõe sobre a organização do ensino superior, a avaliação de cursos e instituições</source><date><year>2001</year></date><ext-link>http://www010.dataprev.gov.br/sislex/paginas/23/2001/3860.htm</ext-link></element-citation></ref><ref id="B15"><element-citation publication-type="book"><source>Parâmetros curriculares nacionais: Introdução</source><date><year>1997</year></date></element-citation></ref><ref id="B16"><element-citation publication-type="book"><source>História da pedagogia</source><date><year>1999</year></date><person-group><name><surname>CAMBI</surname><given-names>Franco</given-names></name><name><surname>CAMBI</surname><given-names>Franco</given-names></name></person-group></element-citation></ref><ref id="B17"><element-citation publication-type="book"><source>Tratado de saúde coletiva</source><date><year>2006</year></date><person-group><name><surname>CAMPOS</surname><given-names>Gastão W. S.</given-names></name><name><surname>CAMPOS</surname><given-names>Gastão W. S.</given-names></name></person-group></element-citation></ref><ref id="B18"><element-citation publication-type="article"><article-title>Educação médica, hospitais universitários e o Sistema Único de Saúde</article-title><source>Cadernos de Saúde Pública</source><date><year>1999</year></date><fpage>187</fpage><lpage>193</lpage><issue>1</issue><volume>15</volume><person-group><name><surname>CAMPOS</surname><given-names>Gastão W. S.</given-names></name></person-group></element-citation></ref><ref id="B19"><element-citation publication-type="book"><source>Tratado de saúde coletiva</source><date><year>2006</year></date><fpage>137</fpage><lpage>170</lpage><person-group><name><surname>CARVALHO</surname><given-names>Yara M.</given-names></name><name><surname>CECCIM</surname><given-names>Ricardo B.</given-names></name><name><surname>CAMPOS</surname><given-names>Gastão W. S.</given-names></name><name><surname>CAMPOS</surname><given-names>Gastão W. S.</given-names></name></person-group></element-citation></ref><ref id="B20"><element-citation publication-type="article"><article-title>Educação permanente em saúde: desafio ambicioso e necessário</article-title><source>Interface: Comunicação, Saúde, Educação</source><date><year>2005</year></date><fpage>161</fpage><lpage>168</lpage><issue>16</issue><volume>9</volume><person-group><name><surname>CECCIM</surname><given-names>Ricardo B.</given-names></name></person-group></element-citation></ref><ref id="B21"><element-citation publication-type="book"><source>A educação nova</source><date><year>1959</year></date><person-group><name><surname>COUSINET</surname><given-names>Roger</given-names></name><name><surname>COUSINET</surname><given-names>Roger</given-names></name></person-group></element-citation></ref><ref id="B22"><element-citation publication-type="article"><article-title>Caracterizando a escola médica brasileira</article-title><source>Arquivos Catarinenses de Medicina</source><date><year>2003</year></date><fpage>24</fpage><lpage>34</lpage><issue>4</issue><volume>32</volume><person-group><name><surname>CUTOLO</surname><given-names>Luiz R. A.</given-names></name><name><surname>DELIZOICOV</surname><given-names>Demétrio</given-names></name></person-group></element-citation></ref><ref id="B23"><element-citation publication-type="book"><source>Educação: um tesouro a descobrir. Relatório para a UNESCO da Comissão Internacional sobre a Educação para o século XXI</source><date><year>1999</year></date><person-group><name><surname>DELORS</surname><given-names>Jacques</given-names></name><name><surname>DELORS</surname><given-names>Jacques</given-names></name></person-group></element-citation></ref><ref id="B24"><element-citation publication-type="book"><source>Vigotski e o 'aprender a aprender': crítica às apropriações neoliberais e pós-modernas da teoria vigotskiana</source><date><year>2001</year></date><person-group><name><surname>DUARTE</surname><given-names>Newton</given-names></name><name><surname>DUARTE</surname><given-names>Newton</given-names></name></person-group></element-citation></ref><ref id="B25"><element-citation publication-type="book"><source>Política de recursos humanos em saúde: seminário internacional</source><date><year>2002</year></date><fpage>169</fpage><lpage>178</lpage><person-group><name><surname>FEUERWERKER</surname><given-names>Laura C. M.</given-names></name><name><surname>LIMA</surname><given-names>Valeria V. de.</given-names></name></person-group></element-citation></ref><ref id="B26"><element-citation publication-type="book"><source>História das ideias pedagógicas</source><date><year>2004</year></date><person-group><name><surname>GADOTTI</surname><given-names>Moacir</given-names></name><name><surname>GADOTTI</surname><given-names>Moacir</given-names></name></person-group></element-citation></ref><ref id="B27"><element-citation publication-type="book"><source>Cadernos do cárcere</source><date><year>2004</year></date><volume>2</volume><person-group><name><surname>GRAMSCI</surname><given-names>Antonio</given-names></name><name><surname>GRAMSCI</surname><given-names>Antonio</given-names></name></person-group></element-citation></ref><ref id="B28"><element-citation publication-type="book"><source>Democratização da escola pública: a pedagogia crítico-social dos conteúdos</source><date><year>2002</year></date><person-group><name><surname>LIBÂNEO</surname><given-names>José C.</given-names></name><name><surname>LIBÂNEO</surname><given-names>José C.</given-names></name></person-group></element-citation></ref><ref id="B29"><element-citation publication-type="article"><article-title>A Educação permanente em saúde como estratégia pedagógica de transformação das práticas: possibilidades e limites</article-title><source>Trabalho, Educação e Saúde</source><date><month>10</month><year>2010</year></date><fpage>207</fpage><lpage>227</lpage><issue>2</issue><volume>8</volume><person-group><name><surname>LIMA</surname><given-names>Josiane V. C.</given-names></name></person-group></element-citation></ref><ref id="B30"><element-citation publication-type="book"><source>Filosofia da educação</source><date><year>1990</year></date><person-group><name><surname>LUCKESI</surname><given-names>Carlos Cipriano</given-names></name><name><surname>LUCKESI</surname><given-names>Carlos Cipriano</given-names></name></person-group></element-citation></ref><ref id="B31"><element-citation publication-type="book"><source>Agir em saúde um desafio para o público</source><date><year>2002</year></date><person-group><name><surname>MERHY</surname><given-names>Emerson E.</given-names></name><name><surname>CAMPOS</surname><given-names>Gastão W. S.</given-names></name><name><surname>MERHY</surname><given-names>Emerson E.</given-names></name><name><surname>CAMPOS</surname><given-names>Gastão W. S.</given-names></name></person-group></element-citation></ref><ref id="B32"><element-citation publication-type="book"><source>Ensino: as abordagens do processo</source><date><year>1986</year></date><person-group><name><surname>MIZUKAMI</surname><given-names>Maria das G. N.</given-names></name><name><surname>MIZUKAMI</surname><given-names>Maria das G. N.</given-names></name></person-group></element-citation></ref><ref id="B33"><element-citation publication-type="book"><source>Liberdade sem medo</source><date><year>1976</year></date><person-group><name><surname>NEILL</surname><given-names>Alexander S.</given-names></name><name><surname>NEILL</surname><given-names>Alexander S.</given-names></name></person-group></element-citation></ref><ref id="B34"><element-citation publication-type="book"><source>Oficina de trabalho: a avaliação de processos e projetos de capacitação nos serviços de saúde</source><date><year>2003</year></date></element-citation></ref><ref id="B35"><element-citation publication-type="book"><source>Estado, sociedade e formação profissional e saúde</source><date><year>2008</year></date><fpage>393</fpage><lpage>420</lpage><person-group><name><surname>PEREIRA</surname><given-names>Isabel B.</given-names></name><name><surname>MATTA</surname><given-names>Gustavo C.</given-names></name><name><surname>LIMA</surname><given-names>Júlio C. F.</given-names></name><name><surname>MATTA</surname><given-names>Gustavo C.</given-names></name><name><surname>LIMA</surname><given-names>Júlio C. F.</given-names></name></person-group></element-citation></ref><ref id="B36"><element-citation publication-type="article"><article-title>Desdobramentos da educação permanente em saúde no município de Vitória, Espírito Santo</article-title><source>Trabalho, Educação e Saúde</source><date><month>06</month><year>2010</year></date><fpage>77</fpage><lpage>96</lpage><issue>1</issue><volume>8</volume><person-group><name><surname>PINTO, Elzimar</surname><given-names>E. P.</given-names></name></person-group></element-citation></ref><ref id="B37"><element-citation publication-type="book"><source>Trabalho, educação e correntes pedagógicas no Brasil: um estudo a partir da formação dos trabalhadores técnicos da saúde</source><date><year>2010</year></date><person-group><name><surname>RAMOS</surname><given-names>Marise</given-names></name><name><surname>RAMOS</surname><given-names>Marise</given-names></name></person-group></element-citation></ref><ref id="B38"><element-citation publication-type="article"><article-title>Concepções e práticas pedagógicas nas escolas técnicas do sistema único de saúde: fundamentos e contradições</article-title><source>Trabalho, Educação e Saúde</source><date><year>2009</year></date><fpage>153</fpage><lpage>173</lpage><volume>7</volume><person-group><name><surname>RAMOS</surname><given-names>Marise</given-names></name></person-group></element-citation></ref><ref id="B39"><element-citation publication-type="thesis"><source>Diretrizes curriculares para a graduação em enfermagem no Brasil: contexto, conteúdo e possibilidades para a formação</source><date><year>2005</year></date><person-group><name><surname>RODRIGUES</surname><given-names>Rosa M.</given-names></name><name><surname>RODRIGUES</surname><given-names>Rosa M.</given-names></name></person-group></element-citation></ref><ref id="B40"><element-citation publication-type="book"><source>Liberdade para aprender</source><date><year>1971</year></date><person-group><name><surname>ROGERS</surname><given-names>Carl R.</given-names></name><name><surname>ROGERS</surname><given-names>Carl R.</given-names></name></person-group></element-citation></ref><ref id="B41"><element-citation publication-type="book"><source>Escola e democracia: teorias da educação, curvatura da vara, onze teses sobre educação e política</source><date><year>1991</year></date><person-group><name><surname>SAVIANI</surname><given-names>Dermeval</given-names></name><name><surname>SAVIANI</surname><given-names>Dermeval</given-names></name></person-group></element-citation></ref><ref id="B42"><element-citation publication-type="book"><source>História das ideias pedagógicas no Brasil</source><date><year>2007</year></date><person-group><name><surname>SAVIANI</surname><given-names>Dermeval</given-names></name></person-group></element-citation></ref><ref id="B43"><element-citation publication-type="book"><source>Para onde vão as pedagogias não-directivas?</source><date><year>1978</year></date><person-group><name><surname>SNYDERS</surname><given-names>Georges</given-names></name><name><surname>SNYDERS</surname><given-names>Georges</given-names></name></person-group></element-citation></ref><ref id="B44"><element-citation publication-type="book"><source>Pequena introdução à filosofia da educação: a escola progressiva ou a transformação da escola</source><date><year>1971</year></date><person-group><name><surname>TEIXEIRA</surname><given-names>Anísio S.</given-names></name><name><surname>TEIXEIRA</surname><given-names>Anísio S.</given-names></name></person-group></element-citation></ref></ref-list></back></article></articles>