<articles xmlns:xsi="http://www.w3.org/2001/XMLSchema-instance" xsi:schemaLocation="https://raw.githubusercontent.com/scieloorg/articles_meta/master/tests/xsd/scielo_sci/ThomsonReuters_publishing.xsd" dtd-version="1.10"><article lang_id="pt" article-type="research-article"><front><journal-meta><journal-id journal-id-type="publisher">tes</journal-id><journal-title-group><journal-title>Trabalho, Educação e Saúde</journal-title><abbrev-journal-title>Trab. educ. saúde</abbrev-journal-title></journal-title-group><issn>1981-7746</issn><collection>SciELO Brazil</collection><publisher><publisher-name>Fundação Oswaldo Cruz, Escola Politécnica de Saúde Joaquim Venâncio</publisher-name></publisher></journal-meta><article-meta><unique-article-id pub-id-type="publisher-id">S1981-77462005000100005</unique-article-id><article-id pub-id-type="publisher-id">S1981-77462005000100005</article-id><article-id pub-id-type="doi">10.1590/S1981-77462005000100005</article-id><article-categories><subj-group><subject>EDUCATION &amp; EDUCATIONAL RESEARCH</subject><subject>PUBLIC, ENVIRONMENTAL &amp; OCCUPATIONAL HEALTH</subject></subj-group></article-categories><title-group><article-title lang_id="pt">Consensos e divergências: a capacitação profissional das equipes de saúde da família no Município de São Carlos (SP)</article-title><trans-title-group lang_id="en"><trans-title>Consensus and disagreements: the professional training of family health teams in the Municipality of São Carlos (SP)</trans-title></trans-title-group></title-group><contrib-group><contrib contrib-type="author"><name><surname>Bernardino</surname><given-names>Mônica T. S. Matsukura</given-names></name><role>ND</role><xref ref-type="aff" rid="A01"/></contrib><contrib contrib-type="author"><name><surname>Conversani</surname><given-names>Danaé T. N.</given-names></name><role>ND</role><xref ref-type="aff" rid="A02"/></contrib><contrib contrib-type="author"><name><surname>Bógus</surname><given-names>Cláudia Maria</given-names></name><role>ND</role><xref ref-type="aff" rid="A03"/></contrib><contrib contrib-type="author"><name><surname>Feliciano</surname><given-names>Adriana Barbieri</given-names></name><role>ND</role><xref ref-type="aff" rid="A04"/></contrib></contrib-group><aff id="A02"><institution>Instituto de Saúde</institution></aff><aff id="A03"><institution>Universidade de São Paulo</institution><country>Brazil</country></aff><aff id="A01"><institution>Secretaria da Saúde do Estado de São Paulo</institution><country>Brazil</country></aff><aff id="A04"><institution>Secretaria Municipal de Saúde de São Carlos</institution></aff><pub-date><month>03</month><year>2005</year></pub-date><volume>3</volume><issue>1</issue><fpage>75</fpage><lpage>89</lpage><permissions><license license-type="open-access" href="http://creativecommons.org/licenses/by-nc/4.0/"><license-p>This work is licensed under a Creative Commons Attribution-NonCommercial 4.0 International License.</license-p></license></permissions><self-uri href="http://www.scielo.br/scielo.php?script=sci_arttext&amp;pid=S1981-77462005000100005&amp;lng=en&amp;tlng=en" content-type="full_text_page"/><self-uri href="http://www.scielo.br/scielo.php?script=sci_issuetoc&amp;pid=1981-774620050001&amp;lng=en" content-type="issue_page"/><self-uri href="http://www.scielo.br/scielo.php?script=sci_serial&amp;pid=1981-7746&amp;lng=en" content-type="journal_page"/><abstract lang_id="pt"><p>O objetivo deste trabalho consistiu em verificar o caráter das relações entre os membros das equipes de saúde da família e sua forma de atuação, por meio da identificação de temáticas que promovam convergência e divergência entre os profissionais de nível universitário e os de nível médio. Foi desenvolvido um estudo qualitativo, com a aplicação da técnica de grupo focal, para identificar a opinião e a percepção dos profissionais das equipes do PSF sobre os cursos de capacitação de que participaram e sobre as atividades desenvolvidas nas Unidades de Saúde da Família. Foram cinco os temas abordados: capacitação da equipe, responsabilidades na equipe, retaguarda ao PSF, relação com a comunidade e o PSF como modelo assistencial. As temáticas que geraram mais consenso entre os dois grupos, profissionais universitários e profissionais de nível médio, foram: a capacitação da equipe e a retaguarda ao PSF. Os demais temas - responsabilidades na equipe, relação com a comunidade e o PSF como modelo assistencial - geraram divergências. A pesquisa também possibilitou identificar a existência de dificuldades nas relações entre os membros da equipe e de limitações no sentido de uma atuação integrada e interdisciplinar.</p></abstract><trans-abstract lang_id="en"><p>The objective of this work is to verify the nature of the relationship between the members of family health teams and also how they perform at work. This was done by identifying themes that promote convergence and divergence between professionals that were divided, for this purpose, into two groups: those with high education and those with secondary education. Methodologically, we developed a qualitative study, using focal group technique, to determine the views and perceptions of the PSF team members about the training courses they attended and about the activities developed in the Family Health Units. The themes covered were five, namely: team's training, team's responsibilities, stand-by support for the PSF, relationship with the community and the PSF as a care model. The themes that led to greater consensus between the two groups were team's training and stand-by support for the PSF. The other themes - team's responsibilities, relationship with the community and PSF as a care model - led to disagreements. The research also enabled us to verify that are some problems in the relationship between team members and limitations in their performance with respect to integrated and interdisciplinary actions.</p></trans-abstract><kwd-group lang_id="en" kwd-group-type="author-generated"><kwd>Family Health Programme (PSF)</kwd><kwd>human resources in health</kwd><kwd>training</kwd></kwd-group><kwd-group lang_id="pt" kwd-group-type="author-generated"><kwd>Programa de Saúde da Família</kwd><kwd>recursos humanos em saúde</kwd><kwd>capacitação</kwd></kwd-group></article-meta></front><back><ref-list><ref id="B1"><element-citation publication-type="book"><source>A implantação da Unidade de Saúde da Família</source><date><year>2000</year></date></element-citation></ref><ref id="B2"><element-citation publication-type="book"><source>Educação permanente</source><date><year>2000</year></date></element-citation></ref><ref id="B3"><element-citation publication-type="book"><source>Saúde Paidéia</source><date><year>2003</year></date><person-group><name><surname>CAMPOS</surname><given-names>Gastão W. S</given-names></name><name><surname>CAMPOS</surname><given-names>Gastão W. S</given-names></name></person-group></element-citation></ref><ref id="B4"><element-citation publication-type="article"><article-title>Potencialidades da técnica qualitativa grupo focal em investigações sobre abuso de substâncias</article-title><source>Revista de Saúde Pública</source><fpage>285</fpage><lpage>293</lpage><issue>3</issue><volume>30</volume><person-group><name><surname>CARLINI-COTRIM</surname><given-names>Beatriz G.</given-names></name></person-group></element-citation></ref><ref id="B5"><element-citation publication-type="book"><source>Gestão de serviços de saúde</source><fpage>155</fpage><lpage>180</lpage><person-group><name><surname>CORNETTA</surname><given-names>Victoria K.</given-names></name><name><surname>PEREIRA</surname><given-names>Isabel M. T. B.</given-names></name><name><surname>LEFÈVRE</surname><given-names>Ana M. C.</given-names></name><name><surname>WESTPHAL</surname><given-names>Márcia F.</given-names></name><name><surname>ALMEIDA</surname><given-names>Eurivaldo S.</given-names></name><name><surname>WESTPHAL</surname><given-names>Márcia F.</given-names></name><name><surname>ALMEIDA</surname><given-names>Eurivaldo S.</given-names></name></person-group></element-citation></ref><ref id="B6"><element-citation publication-type="book"><source>Os sentidos da integralidade na atenção e no cuidado à saúde</source><fpage>127</fpage><lpage>156</lpage><person-group><name><surname>GUEDES</surname><given-names>Ana E.</given-names></name><name><surname>PINHEIRO</surname><given-names>Roseni;</given-names></name><name><surname>MATTOS</surname><given-names>Ruben A.</given-names></name><name><surname>PINHEIRO</surname><given-names>Roseni;</given-names></name><name><surname>MATTOS</surname><given-names>Ruben A.</given-names></name></person-group></element-citation></ref><ref id="B7"><element-citation publication-type="book"><source>Censo Demográfico 2000</source><date><year>2000</year></date><ext-link>www.ibge.com.br</ext-link></element-citation></ref><ref id="B8"><element-citation publication-type="book"><source>Uma agenda para a saúde</source><date><year>1999</year></date><person-group><name><surname>MENDES</surname><given-names>Eugênio V.</given-names></name><name><surname>MENDES</surname><given-names>Eugênio V.</given-names></name></person-group></element-citation></ref><ref id="B9"><element-citation publication-type="book"><source>O desafio do conhecimento: pesquisa qualitativa em saúde</source><date><year>1993</year></date><person-group><name><surname>MINAYO</surname><given-names>Maria Cecília S</given-names></name><name><surname>MINAYO</surname><given-names>Maria Cecília S</given-names></name></person-group></element-citation></ref><ref id="B10"><element-citation publication-type="book"><source>Programa Saúde da Família: saúde dentro de casa</source><date><year>1994</year></date></element-citation></ref><ref id="B11"><element-citation publication-type="book"><source>Monitoramento na atenção básica de saúde: roteiros para reflexão-ação</source><date><year>2004</year></date></element-citation></ref><ref id="B12"><element-citation publication-type="book"><source>Saúde nos grandes aglomerados urbanos: uma visão integrada</source><fpage>183</fpage><lpage>212</lpage><person-group><name><surname>PAIM</surname><given-names>Jairnilson S.</given-names></name><name><surname>RASSI NETO</surname><given-names>Elias</given-names></name><name><surname>BÓGUS</surname><given-names>Cláudia M</given-names></name><name><surname>RASSI NETO</surname><given-names>Elias</given-names></name><name><surname>BÓGUS</surname><given-names>Cláudia M</given-names></name></person-group></element-citation></ref><ref id="B13"><element-citation publication-type="article"><article-title>Consenso e diferenças em equipes do Programa Saúde da Família</article-title><source>Revista de Saúde Pública</source><fpage>303</fpage><lpage>311</lpage><issue>3</issue><volume>35</volume><person-group><name><surname>PEDROSA</surname><given-names>José Ivo S.</given-names></name><name><surname>TELES</surname><given-names>João B. M.</given-names></name></person-group></element-citation></ref><ref id="B14"><element-citation publication-type="book"><source>Os sentidos da integralidade na atenção e no cuidado à saúde</source><fpage>65</fpage><lpage> 112</lpage><person-group><name><surname>PINHEIRO</surname><given-names>Roseni</given-names></name><name><surname>PINHEIRO</surname><given-names>Roseni</given-names></name><name><surname>MATTOS</surname><given-names>Ruben A.</given-names></name><name><surname>PINHEIRO</surname><given-names>Roseni</given-names></name><name><surname>MATTOS</surname><given-names>Ruben A.</given-names></name></person-group></element-citation></ref><ref id="B15"><element-citation publication-type="undefined"><date><year>2000</year></date><fpage>316</fpage><lpage>319</lpage></element-citation></ref><ref id="B16"><element-citation publication-type="book"><source>Educação médica e capitalismo</source><date><year>1998</year></date><person-group><name><surname>SCHRAIBER</surname><given-names>Lilia B.</given-names></name><name><surname>SCHRAIBER</surname><given-names>Lilia B.</given-names></name></person-group></element-citation></ref><ref id="B17"><element-citation publication-type="thesis"><source>Modelos tecnoassistenciais em saúde: o debate no campo da saúde coletiva</source><date><year>1996</year></date><person-group><name><surname>SILVA JÚNIOR</surname><given-names>Aluizio G</given-names></name><name><surname>SILVA JÚNIOR</surname><given-names>Aluizio G</given-names></name></person-group></element-citation></ref><ref id="B18"><element-citation publication-type="book"><source>Agente comunitário de saúde: o ser, o saber, o fazer</source><date><year>2002</year></date><person-group><name><surname>SILVA</surname><given-names>Joana A</given-names></name><name><surname>DALMASO</surname><given-names>Ana S. W.</given-names></name><name><surname>SILVA</surname><given-names>Joana A</given-names></name><name><surname>DALMASO</surname><given-names>Ana S. W.</given-names></name></person-group></element-citation></ref><ref id="B19"><element-citation publication-type="book"><source>Boletim Informativo da Saúde</source><date><year>2004</year></date><ext-link>www.saocarlos.sp.gov.br/jornal-boletimsaude-p2htm</ext-link></element-citation></ref><ref id="B20"><element-citation publication-type="book"><source>Pesquisa social em saúde</source><fpage>117</fpage><lpage>124</lpage><person-group><name><surname>WESTPHAL</surname><given-names>Marcia F.</given-names></name><name><surname>SPINOLA</surname><given-names>Aracy W. P.</given-names></name><name><surname>SPINOLA</surname><given-names>Aracy W. P.</given-names></name></person-group></element-citation></ref><ref id="B21"><element-citation publication-type="article"><article-title>Grupos focais: experiências precursoras em programas educativos em saúde no Brasil</article-title><source>Boletín de la Oficina Sanitaria Panamericana</source><fpage>472</fpage><lpage>482</lpage><issue>6</issue><volume>120</volume><person-group><name><surname>WESTPHAL</surname><given-names>Marcia F.</given-names></name><name><surname>BÓGUS</surname><given-names>Cláudia M.</given-names></name><name><surname>FARIA</surname><given-names>Mara M.</given-names></name></person-group></element-citation></ref></ref-list></back></article></articles>