<articles xmlns:xsi="http://www.w3.org/2001/XMLSchema-instance" xsi:schemaLocation="https://raw.githubusercontent.com/scieloorg/articles_meta/master/tests/xsd/scielo_sci/ThomsonReuters_publishing.xsd" dtd-version="1.10"><article lang_id="pt" article-type="research-article"><front><journal-meta><journal-id journal-id-type="publisher">tes</journal-id><journal-title-group><journal-title>Trabalho, Educação e Saúde</journal-title><abbrev-journal-title>Trab. educ. saúde</abbrev-journal-title></journal-title-group><issn>1981-7746</issn><collection>SciELO Brazil</collection><publisher><publisher-name>Fundação Oswaldo Cruz, Escola Politécnica de Saúde Joaquim Venâncio</publisher-name></publisher></journal-meta><article-meta><unique-article-id pub-id-type="publisher-id">S1981-77462007000300014</unique-article-id><article-id pub-id-type="publisher-id">S1981-77462007000300014</article-id><article-id pub-id-type="doi">10.1590/S1981-77462007000300014</article-id><article-categories><subj-group><subject>EDUCATION &amp; EDUCATIONAL RESEARCH</subject><subject>PUBLIC, ENVIRONMENTAL &amp; OCCUPATIONAL HEALTH</subject></subj-group></article-categories><title-group><article-title lang_id="pt">Iniciação à educação politécnica em saúde: uma proposta de formação de técnicos em saúde</article-title><trans-title-group lang_id="en"><trans-title>Initiation to polytechnic education in health: a proposal to qualify health technicians</trans-title></trans-title-group></title-group><contrib-group><contrib contrib-type="author"><name><surname>Pontes</surname><given-names>Ana Lúcia de Moura</given-names></name><role>ND</role></contrib><contrib contrib-type="author"><name><surname>Fonseca</surname><given-names>Angélica Ferreira</given-names></name><role>ND</role></contrib></contrib-group><pub-date><month>11</month><year>2007</year></pub-date><volume>5</volume><issue>3</issue><fpage>559</fpage><lpage>569</lpage><permissions><license license-type="open-access" href="http://creativecommons.org/licenses/by-nc/4.0/"><license-p>This work is licensed under a Creative Commons Attribution-NonCommercial 4.0 International License.</license-p></license></permissions><self-uri href="http://www.scielo.br/scielo.php?script=sci_arttext&amp;pid=S1981-77462007000300014&amp;lng=en&amp;tlng=en" content-type="full_text_page"/><self-uri href="http://www.scielo.br/scielo.php?script=sci_issuetoc&amp;pid=1981-774620070003&amp;lng=en" content-type="issue_page"/><self-uri href="http://www.scielo.br/scielo.php?script=sci_serial&amp;pid=1981-7746&amp;lng=en" content-type="journal_page"/><abstract lang_id="pt"><p>A Escola Politécnica de Saúde Joaquim Venâncio, da Fundação Oswaldo Cruz (EPSJV/ Fiocruz), tem a politecnia como eixo da sua formação técnica, incorporando também como premissas a pesquisa como princípio educativo e a educação da sensibilidade, dos sentidos e dos sentimentos. Estas premissas, articuladas à concepção de trabalho como princípio educativo, fundamentam um projeto político e pedagógico que luta contra um projeto historicamente hegemônico de formação de trabalhadores. O trabalho relata a experiência de construção do primeiro semestre de formação técnica dos alunos da EPSJV, comum a todas as habilitações técnicas, e que busca desenvolver um conhecimento crítico sobre o campo da saúde, com ênfase na área da saúde pública. Criado em 2002, o Módulo Básico, a primeira estratégia com esse objetivo, passou em 2006 por uma avaliação, transformando-se em Iniciação à Educação Politécnica em Saúde no ano seguinte. Este relato faz também algumas reflexões críticas sobre tal processo.</p></abstract><trans-abstract lang_id="en"><p>The Joaquim Venâncio Polytechnic School of Health, which belongs to the Oswaldo Cruz Foundation (EPSJV/Fiocruz), has polytechnics as an axis for its technical formation, also incorporating research as an educational principle and education of sensibility, of the senses, and of feelings as its basic premises. These premises, articulated with the concept of work as an educational principle, are the base for a political and pedagogic project that fights against a historically hegemonic worker qualification project. The article reports on the experience of elaborating a first semester of technical qualification for EPSJV students, common in all technical accreditations, and that seeks to develop critical knowledge about the field of health with emphasis on Public Health. Created in 2002, the Basic Module, the first strategy with this objective, was evaluated in 2006 and turned into the Initiation to Polytechnic Education in Health in the following year. This report also reflected critically on such process.</p></trans-abstract><kwd-group lang_id="en" kwd-group-type="author-generated"><kwd>professional education</kwd><kwd>curricular reform</kwd><kwd>polytechnics</kwd></kwd-group><kwd-group lang_id="pt" kwd-group-type="author-generated"><kwd>educação profissional</kwd><kwd>reforma curricular</kwd><kwd>politecnia</kwd></kwd-group></article-meta></front><back><ref-list><ref id="B1"><element-citation publication-type="book"><source>A questão curricular nos percursos de formação integrada: uma experiência italiana para a reflexão, 2006</source><person-group><name><surname>CIAVATTA</surname><given-names>Maria</given-names></name><name><surname>CIAVATTA</surname><given-names>Maria</given-names></name></person-group></element-citation></ref><ref id="B2"><element-citation publication-type="book"><source>Ensino médio integrado: concepção e contradições</source><date><year>2005</year></date><fpage>21</fpage><lpage>56</lpage><person-group><name><surname>FRIGOTTO</surname><given-names>Gaudêncio</given-names></name><name><surname>CIAVATTA</surname><given-names>Maria</given-names></name><name><surname>RAMOS</surname><given-names>Marise</given-names></name><name><surname>FRIGOTTO</surname></name><name><surname>FRIGOTTO</surname></name></person-group></element-citation></ref><ref id="B3"><element-citation publication-type="book"><source>Educação profissional em saúde</source><date><year>2006</year></date><person-group><name><surname>PEREIRA</surname><given-names>Isabel Brasil</given-names></name><name><surname>RAMOS</surname><given-names>Marise N.</given-names></name><name><surname>PEREIRA</surname><given-names>Isabel Brasil</given-names></name><name><surname>RAMOS</surname><given-names>Marise N.</given-names></name></person-group></element-citation></ref><ref id="B4"><element-citation publication-type="article"><article-title>O choque teórico da politécnica</article-title><source>Trabalho, educação e saúde</source><date><year>2003</year></date><fpage>131</fpage><lpage>152</lpage><issue>1</issue><volume>1</volume><person-group><name><surname>SAVIANI</surname><given-names>Dermeval</given-names></name></person-group></element-citation></ref></ref-list></back></article></articles>