<articles xmlns:xsi="http://www.w3.org/2001/XMLSchema-instance" xsi:schemaLocation="https://raw.githubusercontent.com/scieloorg/articles_meta/master/tests/xsd/scielo_sci/ThomsonReuters_publishing.xsd" dtd-version="1.10"><article lang_id="pt" article-type="research-article"><front><journal-meta><journal-id journal-id-type="publisher">tes</journal-id><journal-title-group><journal-title>Trabalho, Educação e Saúde</journal-title><abbrev-journal-title>Trab. educ. saúde</abbrev-journal-title></journal-title-group><issn>1981-7746</issn><collection>SciELO Brazil</collection><publisher><publisher-name>Fundação Oswaldo Cruz, Escola Politécnica de Saúde Joaquim Venâncio</publisher-name></publisher></journal-meta><article-meta><unique-article-id pub-id-type="publisher-id">S1981-77462005000100004</unique-article-id><article-id pub-id-type="publisher-id">S1981-77462005000100004</article-id><article-id pub-id-type="doi">10.1590/S1981-77462005000100004</article-id><article-categories><subj-group><subject>EDUCATION &amp; EDUCATIONAL RESEARCH</subject><subject>PUBLIC, ENVIRONMENTAL &amp; OCCUPATIONAL HEALTH</subject></subj-group></article-categories><title-group><article-title lang_id="pt">Os tutores do Proformar e a educação profissional dos agentes de saúde pública: trabalho, meio ambiente, educação e saúde</article-title><trans-title-group lang_id="en"><trans-title>Proformar tutors and the public health agents' professional education: work, environment, education and health</trans-title></trans-title-group></title-group><contrib-group><contrib contrib-type="author"><name><surname>Barroso</surname><given-names>Maria Auxiliadora Bessa</given-names></name><role>ND</role><xref ref-type="aff" rid="A01"/></contrib></contrib-group><aff id="A01"><institution>Universidade Estácio de Sá</institution><country>Brazil</country></aff><pub-date><month>03</month><year>2005</year></pub-date><volume>3</volume><issue>1</issue><fpage>51</fpage><lpage>74</lpage><permissions><license license-type="open-access" href="http://creativecommons.org/licenses/by-nc/4.0/"><license-p>This work is licensed under a Creative Commons Attribution-NonCommercial 4.0 International License.</license-p></license></permissions><self-uri href="http://www.scielo.br/scielo.php?script=sci_arttext&amp;pid=S1981-77462005000100004&amp;lng=en&amp;tlng=en" content-type="full_text_page"/><self-uri href="http://www.scielo.br/scielo.php?script=sci_issuetoc&amp;pid=1981-774620050001&amp;lng=en" content-type="issue_page"/><self-uri href="http://www.scielo.br/scielo.php?script=sci_serial&amp;pid=1981-7746&amp;lng=en" content-type="journal_page"/><abstract lang_id="pt"><p>Este estudo se propõe a analisar as concepções de educação profissional dos agentes de saúde pública (ASP) presentes na formulação do Programa de Formação de Agentes Locais em Vigilância em Saúde (Proformar) e como estas concepções são apreendidas pelos tutores do referido Programa no município do Rio de Janeiro. Trata-se de uma pesquisa empírica, de abordagem qualitativa, com análise de fontes documentais e entrevistas semi-estruturadas com os tutores do Proformar lotados no município do Rio de Janeiro. Os resultados da pesquisa demonstram que o propósito do Proformar de capacitar os ASP, tornando-os vigilantes ambientais com visão crítica, é apreendido pelos tutores, entendendo que a construção da identidade do trabalhador de nível médio do Sistema Único de Saúde (SUS) ocorre no seu processo de trabalho pela compreensão do território-população, como espaço da produção social da saúde. Os tutores assimilam as concepções de educação profissional do ASP, que apontam para o rompimento do conceito de competência calcado na lógica do mercado e da produção, avançando no sentido da valorização da experiência dos trabalhadores e do seu desenvolvimento como sujeitos políticos.</p></abstract><trans-abstract lang_id="en"><p>This study proposes to analyze the conceptions of professional education for public health agents (agentes de saúde pública - ASP) that are present in the formulation of the Training Programme for Local Agents of Surveillance in Health (Proformar) and assess how well these conceptions are understood by the programme's tutors in the municipality of Rio de Janeiro. This is an empirical research, using a qualitative approach, with analysis of documentary sources and semi-structured interviews with the Proformar tutors working in Rio de Janeiro. The research results show that Proformar's objective of training the ASP to become environmental surveyors with a critical vision is understood by the tutors in so far as they understand that the construction of the identity of the Brazilian Health System's secondary level worker happens in his/her work process through the understanding of the territory-population as a space for the social production of health. The tutors assimilate the conceptions of the ASP's professional education that point to a rupture with the concept of competence based on the market/production logic and move on to an appreciation of the workers' experiences and of their development as political subjects.</p></trans-abstract><kwd-group lang_id="pt" kwd-group-type="author-generated"><kwd>educação profissional</kwd><kwd>Sistema Único de Saúde</kwd><kwd>trabalho e meio ambiente</kwd><kwd>vigilância em saúde</kwd></kwd-group><kwd-group lang_id="en" kwd-group-type="author-generated"><kwd>professional education</kwd><kwd>Brazilian Health System</kwd><kwd>work and environment</kwd><kwd>surveillance in health</kwd></kwd-group></article-meta></front><back><ref-list><ref id="B1"><element-citation publication-type="book"><source>A crise dos paradigmas em ciências sociais e os desafios para o século XXI</source><fpage>109</fpage><lpage>154</lpage><person-group><name><surname>ALTVATER</surname><given-names>Elmar.</given-names></name><name><surname>HELLER</surname><given-names>Agnes</given-names></name><name><surname>HELLER</surname><given-names>Agnes</given-names></name></person-group></element-citation></ref><ref id="B2"><element-citation publication-type="book"><source>Velhos e novos males da saúde no Brasil</source><fpage>17</fpage><lpage>30</lpage><person-group><name><surname>BARRETO</surname><given-names>Maurício L.</given-names></name><name><surname>CARMO</surname><given-names>Eduardo H.</given-names></name><name><surname>MONTEIRO</surname><given-names>Carlos A.</given-names></name><name><surname>MONTEIRO</surname><given-names>Carlos A.</given-names></name></person-group></element-citation></ref><ref id="B3"><element-citation publication-type="book"><source>Educação em Saúde no controle da malária: experiência em um assentamento de colonos na Amazônia</source><date><year>1990</year></date><person-group><name><surname>BARROSO</surname><given-names>Maria A. B.</given-names></name><name><surname>BARROSO</surname><given-names>Maria A. B.</given-names></name></person-group></element-citation></ref><ref id="B4"><element-citation publication-type="article"><article-title>Decreto-Lei no. 79.456, de 30 de março de 1977: Dispõe sobre o Grupo Saúde Pública, do Serviço Civil da União e outras providências</article-title><source>Diário Oficial da União</source><fpage>3717</fpage></element-citation></ref><ref id="B5"><element-citation publication-type="book"><source>Constituição Brasileira</source><date><year>1988</year></date></element-citation></ref><ref id="B6"><element-citation publication-type="book"><source>Lei no. 9.394, de 20 de dezembro de 1996: Estabelece as Diretrizes e Bases da Educação Nacional</source><date><year>1996</year></date><ext-link>www.planalto.gov.br/ccivil</ext-link></element-citation></ref><ref id="B7"><element-citation publication-type="book"><source>Promoção da saúde: conceitos, reflexões, tendências</source><fpage>15</fpage><lpage>38</lpage><person-group><name><surname>BUSS</surname><given-names>Paulo M.</given-names></name><name><surname>CZERESNIA</surname><given-names>Dina</given-names></name><name><surname>FREITAS</surname><given-names>Carlos M.</given-names></name><name><surname>CZERESNIA</surname><given-names>Dina</given-names></name><name><surname>FREITAS</surname><given-names>Carlos M.</given-names></name></person-group></element-citation></ref><ref id="B8"><element-citation publication-type="book"><source>O Banco Mundial e as políticas educacionais</source><fpage>75</fpage><lpage>123</lpage><person-group><name><surname>CORAGGIO</surname><given-names>José Luiz</given-names></name><name><surname>TOMMASI</surname><given-names>Lívia de</given-names></name><name><surname>WARDE</surname><given-names>Mirian J</given-names></name><name><surname>HADDAD</surname><given-names>Sérgio</given-names></name><name><surname>TOMMASI</surname><given-names>Lívia de</given-names></name><name><surname>WARDE</surname><given-names>Mirian J</given-names></name><name><surname>HADDAD</surname><given-names>Sérgio</given-names></name></person-group></element-citation></ref><ref id="B9"><element-citation publication-type="book"><source>Promoção da saúde: conceitos, reflexões, tendências</source><fpage>39</fpage><lpage>53</lpage><person-group><name><surname>CZERESNIA</surname><given-names>Dina</given-names></name><name><surname>CZERESNIA</surname><given-names>Dina</given-names></name><name><surname>FREITAS</surname><given-names>Carlos M</given-names></name><name><surname>CZERESNIA</surname><given-names>Dina</given-names></name><name><surname>FREITAS</surname><given-names>Carlos M</given-names></name></person-group></element-citation></ref><ref id="B10"><element-citation publication-type="article"><article-title>A globalização econômica e os desafios à formação profissional</article-title><source>Boletim Técnico do Senac</source><fpage>15</fpage><lpage>21</lpage><issue>2</issue><volume>22</volume><person-group><name><surname>DELUIZ</surname><given-names>Neise</given-names></name></person-group></element-citation></ref><ref id="B11"><element-citation publication-type="article"><article-title>Qualificação: competências e certificação: visão do mundo do trabalho</article-title><source>Formação</source><fpage>5</fpage><lpage>15</lpage><volume>2</volume><person-group><name><surname>DELUIZ</surname><given-names>Neise</given-names></name></person-group></element-citation></ref><ref id="B12"><element-citation publication-type="book"><source>Fundamentação teórica da linha de pesquisa: meio ambiente, trabalho e políticas educacionais</source><date><year>2001</year></date><person-group><name><surname>NOVICKI</surname><given-names>Victor</given-names></name><name><surname>NOVICKI</surname><given-names>Victor</given-names></name></person-group></element-citation></ref><ref id="B13"><element-citation publication-type="article"><article-title>Descentralização, focalização e parceria: uma análise das tendências nas políticas públicas de educação de jovens e adultos</article-title><source>Educação e Pesquisa</source><fpage>321</fpage><lpage>337</lpage><issue>2</issue><volume>27</volume><person-group><name><surname>DI PIERRO</surname><given-names>Maria Clara</given-names></name></person-group></element-citation></ref><ref id="B14"><element-citation publication-type="book"><source>Seminários estaduais: termo de referência</source><date><year>2001</year></date></element-citation></ref><ref id="B15"><element-citation publication-type="book"><source>Oficina de tutores: termo de referência</source><date><year>2002</year></date></element-citation></ref><ref id="B16"><element-citation publication-type="book"><source>Termo de referência em vigilância</source><person-group><name><surname>GONDIM</surname><given-names>Grácia M. de M.</given-names></name><name><surname>GONDIM</surname><given-names>Grácia M. de M.</given-names></name></person-group><ext-link>www.fiocruz.br/epsjv/outgracia.htm</ext-link></element-citation></ref><ref id="B17"><element-citation publication-type="article"><article-title>Saúde, educação, cidadania e participação: a experiência do Proformar</article-title><source>Trabalho, Educação e Saúde</source><fpage>335</fpage><lpage>353</lpage><issue>2</issue><volume>1</volume><person-group><name><surname>GONDIM</surname><given-names>Grácia M. de M.</given-names></name><name><surname>MONKEN</surname><given-names>Maurício.</given-names></name></person-group></element-citation></ref><ref id="B18"><element-citation publication-type="book"><source>Novas tecnologias, trabalho e educação: um debate multidisciplinar</source><fpage>128</fpage><lpage>142</lpage><person-group><name><surname>HIRATA</surname><given-names>Helena</given-names></name><name><surname>FERRETTI</surname><given-names>Celso</given-names></name><name><surname>FERRETTI</surname><given-names>Celso</given-names></name></person-group></element-citation></ref><ref id="B19"><element-citation publication-type="book"><source>Sociedade e meio ambiente: a educação ambiental em debate</source><fpage>13</fpage><lpage>51</lpage><person-group><name><surname>LOUREIRO</surname><given-names>Carlos Frederico B</given-names></name><name><surname>LOUREIRO</surname><given-names>Carlos Frederico B</given-names></name><name><surname>LOUREIRO</surname><given-names>Carlos Frederico B</given-names></name></person-group></element-citation></ref><ref id="B20"><element-citation publication-type="book"><source>Educação Profissional: legislação básica</source><date><year>2001</year></date></element-citation></ref><ref id="B21"><element-citation publication-type="book"><source>Educação profissional: referenciais curriculares nacionais da educação profissional de nível técnico</source><date><year>2000</year></date></element-citation></ref><ref id="B22"><element-citation publication-type="book"><source>Distrito Sanitário: o processo social de mudanças das práticas sanitárias do Sistema Único de Saúde</source><fpage>19</fpage><lpage>91</lpage><person-group><name><surname>MENDES</surname><given-names>Eugênio V</given-names></name><name><surname>MENDES</surname><given-names>Eugênio V</given-names></name><name><surname>MENDES</surname><given-names>Eugênio V</given-names></name></person-group></element-citation></ref><ref id="B23"><element-citation publication-type="book"><source>Trabalho e ambientes saudáveis</source><person-group><name><surname>MINAYO</surname><given-names>Maria Cecília S</given-names></name></person-group></element-citation></ref><ref id="B24"><element-citation publication-type="book"><source>Relatório final da 8ª Conferência Nacional de Saúde</source><date><year>1987</year></date></element-citation></ref><ref id="B25"><element-citation publication-type="book"><source>Condições de vida e situação de saúde</source><fpage>7</fpage><lpage>30</lpage><person-group><name><surname>PAIM</surname><given-names>Jairnilson S</given-names></name><name><surname>BARATA</surname><given-names>Rita B</given-names></name><name><surname>BARATA</surname><given-names>Rita B</given-names></name></person-group></element-citation></ref><ref id="B26"><element-citation publication-type="book"><source>Promoção da saúde: conceitos, reflexões, tendências</source><fpage>161</fpage><lpage>174</lpage><person-group><name><surname>PAIM</surname><given-names>Jairnilson S</given-names></name><name><surname>CZERESNIA</surname><given-names>Dina</given-names></name><name><surname>FREITAS</surname><given-names>Carlos M</given-names></name><name><surname>CZERESNIA</surname><given-names>Dina</given-names></name><name><surname>FREITAS</surname><given-names>Carlos M</given-names></name></person-group></element-citation></ref><ref id="B27"><element-citation publication-type="book"><source>Construir as competências desde a escola</source><date><year>1999</year></date><person-group><name><surname>PERRENOUD</surname><given-names>Philippe</given-names></name><name><surname>PERRENOUD</surname><given-names>Philippe</given-names></name></person-group></element-citation></ref><ref id="B28"><element-citation publication-type="book"><source>A pedagogia das competências: autonomia ou adaptação?</source><date><year>2001</year></date><person-group><name><surname>RAMOS</surname><given-names>Marise, N</given-names></name><name><surname>RAMOS</surname><given-names>Marise, N</given-names></name></person-group></element-citation></ref><ref id="B29"><element-citation publication-type="article"><article-title>Qualificação, competências e certificação: visão educacional</article-title><source>Formação</source><fpage>5</fpage><lpage>15</lpage><issue>2</issue><person-group><name><surname>RAMOS</surname><given-names>Marise, N</given-names></name></person-group></element-citation></ref><ref id="B30"><element-citation publication-type="book"><source>Os desafios da globalização</source><fpage>141</fpage><lpage>153</lpage><person-group><name><surname>SOBRAL</surname><given-names>Helena R.</given-names></name><name><surname>DOWBOR</surname><given-names>Ladislau</given-names></name><name><surname>IANNI</surname><given-names>Octavio</given-names></name><name><surname>RESENDE</surname><given-names>Paulo Edgard. A</given-names></name><name><surname>DOWBOR</surname><given-names>Ladislau</given-names></name><name><surname>IANNI</surname><given-names>Octavio</given-names></name><name><surname>RESENDE</surname><given-names>Paulo Edgard. A</given-names></name></person-group></element-citation></ref><ref id="B31"><element-citation publication-type="book"><source>Educação, saúde &amp; cidadania</source><fpage>123</fpage><lpage>142</lpage><person-group><name><surname>STOTZ</surname><given-names>Eduardo N</given-names></name><name><surname>STOTZ</surname><given-names>Eduardo N</given-names></name><name><surname>VALLA</surname><given-names>Victor V</given-names></name><name><surname>STOTZ</surname><given-names>Eduardo N</given-names></name><name><surname>VALLA</surname><given-names>Victor V</given-names></name></person-group></element-citation></ref><ref id="B32"><element-citation publication-type="article"><article-title>SUS, modelos assistenciais e vigilância da saúde</article-title><source>Informativo Epidemiológico do SUS</source><fpage>7</fpage><lpage>25</lpage><issue>2</issue><volume>7</volume><person-group><name><surname>TEIXEIRA</surname><given-names>Carmem F.</given-names></name><name><surname>PAIM</surname><given-names>Jairnilson S.</given-names></name><name><surname>VILASBÔAS</surname><given-names>Ana Luiza</given-names></name></person-group></element-citation></ref><ref id="B33"><element-citation publication-type="book"><source>Educação, saúde &amp; cidadania</source><fpage>99</fpage><lpage>122</lpage><person-group><name><surname>VALLA</surname><given-names>Victor V.</given-names></name><name><surname>STOTZ</surname><given-names>Eduardo N.</given-names></name><name><surname>STOTZ</surname><given-names>Eduardo N.</given-names></name><name><surname>VALLA</surname><given-names>Victor V.</given-names></name><name><surname>STOTZ</surname><given-names>Eduardo N.</given-names></name><name><surname>VALLA</surname><given-names>Victor V.</given-names></name></person-group></element-citation></ref><ref id="B34"><element-citation publication-type="book"><source>A miragem da pós-modernidade</source><fpage>201</fpage><lpage>210</lpage><person-group><name><surname>VIANA</surname><given-names>Ana Luíza</given-names></name><name><surname>GERSCHMAN</surname><given-names>Silvia</given-names></name><name><surname>VIANNA</surname><given-names>Maria Lucia W</given-names></name><name><surname>GERSCHMAN</surname><given-names>Silvia</given-names></name><name><surname>VIANNA</surname><given-names>Maria Lucia W</given-names></name></person-group></element-citation></ref></ref-list></back></article></articles>