<articles xmlns:xsi="http://www.w3.org/2001/XMLSchema-instance" xsi:schemaLocation="https://raw.githubusercontent.com/scieloorg/articles_meta/master/tests/xsd/scielo_sci/ThomsonReuters_publishing.xsd" dtd-version="1.10"><article lang_id="pt" article-type="research-article"><front><journal-meta><journal-id journal-id-type="publisher">tes</journal-id><journal-title-group><journal-title>Trabalho, Educação e Saúde</journal-title><abbrev-journal-title>Trab. educ. saúde</abbrev-journal-title></journal-title-group><issn>1981-7746</issn><collection>SciELO Brazil</collection><publisher><publisher-name>Fundação Oswaldo Cruz, Escola Politécnica de Saúde Joaquim Venâncio</publisher-name></publisher></journal-meta><article-meta><unique-article-id pub-id-type="publisher-id">S1981-77462012000100004</unique-article-id><article-id pub-id-type="publisher-id">S1981-77462012000100004</article-id><article-id pub-id-type="doi">10.1590/S1981-77462012000100004</article-id><article-categories><subj-group><subject>EDUCATION &amp; EDUCATIONAL RESEARCH</subject><subject>PUBLIC, ENVIRONMENTAL &amp; OCCUPATIONAL HEALTH</subject></subj-group></article-categories><title-group><article-title lang_id="pt">O teatro de Augusto Boal e a educação profissional em saúde</article-title><trans-title-group lang_id="en"><trans-title>The theater of Augusto Boal and the vocational education in health</trans-title></trans-title-group></title-group><contrib-group><contrib contrib-type="author"><name><surname>Goldschmidt</surname><given-names>Irene Leonore</given-names></name><role>ND</role><xref ref-type="aff" rid="A01"/></contrib></contrib-group><aff id="A01"><institution>Secretaria de Estado da Saúde do Rio de Janeiro</institution><country>Brazil</country></aff><pub-date><month>06</month><year>2012</year></pub-date><volume>10</volume><issue>1</issue><fpage>61</fpage><lpage>69</lpage><permissions><license license-type="open-access" href="http://creativecommons.org/licenses/by-nc/4.0/"><license-p>This work is licensed under a Creative Commons Attribution-NonCommercial 4.0 International License.</license-p></license></permissions><self-uri href="http://www.scielo.br/scielo.php?script=sci_arttext&amp;pid=S1981-77462012000100004&amp;lng=en&amp;tlng=en" content-type="full_text_page"/><self-uri href="http://www.scielo.br/scielo.php?script=sci_issuetoc&amp;pid=1981-774620120001&amp;lng=en" content-type="issue_page"/><self-uri href="http://www.scielo.br/scielo.php?script=sci_serial&amp;pid=1981-7746&amp;lng=en" content-type="journal_page"/><abstract lang_id="pt"><p>O presente artigo discute as possibilidades da inserção do teatro na educação profissional em saúde, tendo como referência a proposta estética e pedagógica de Augusto Boal. A concepção de politecnia, ao defender para a formação dos trabalhadores uma integração entre trabalho, ciência e cultura, abre espaço para novas possibilidades nesse campo. Autores como Paulo Freire, na educação, e Augusto Boal, no teatro, convergem para a perspectiva de construção, por parte dos trabalhadores, de uma cultura e estética próprias, que reflitam sua concepção de mundo. Buscamos pensar de que forma as proposições teatrais de Augusto Boal podem ser apropriadas para o campo da educação em saúde, tentando estabelecer afinidades e relações entre essas duas práticas, dentro da ótica de uma educação para os trabalhadores da saúde que lhes propicie uma formação humana para além daquela requerida de forma mais imediatista pelo mercado de trabalho.</p></abstract><trans-abstract lang_id="en"><p>This article discusses the possibilities of including the performing arts in professional health education based on the aesthetic and pedagogical proposal set forth by Augusto Boal. The polytechnic concept, by advocating that workers' training include an integration of work, science and culture, opens space for new possibilities in this field. Authors such as Paulo Freire, in the field of education, and Augusto Boal, in theater, converge towards the prospect of the workers building both a culture and aesthetics of their own to reflect their world view. Our goal was to think about how Augusto Boal's theatrical propositions may be appropriate for the field of health education in an attempt to establish relationships and affinities between these two practices, from the perspective of health worker education, that they will provide the professionals with a more humanistic type of training that will extend beyond the labor market's more immediate requirements.</p></trans-abstract><kwd-group lang_id="en" kwd-group-type="author-generated"><kwd>theater</kwd><kwd>Augusto Boal</kwd><kwd>health education</kwd><kwd>humanistic education</kwd></kwd-group><kwd-group lang_id="pt" kwd-group-type="author-generated"><kwd>teatro</kwd><kwd>Augusto Boal</kwd><kwd>educação em saúde</kwd><kwd>formação humana</kwd></kwd-group></article-meta></front><back><ref-list><ref id="B1"><element-citation publication-type="book"><source>A estética do oprimido</source><date><year>2009</year></date><person-group><name><surname>BOAL</surname><given-names>Augusto</given-names></name><name><surname>BOAL</surname><given-names>Augusto</given-names></name></person-group></element-citation></ref><ref id="B2"><element-citation publication-type="book"><source>Jogos para atores e não atores</source><date><year>2007</year></date><person-group><name><surname>BOAL</surname><given-names>Augusto</given-names></name></person-group></element-citation></ref><ref id="B3"><element-citation publication-type="book"><source>Teatro do Oprimido e outras poéticas políticas</source><date><year>1988</year></date><person-group><name><surname>BOAL</surname><given-names>Augusto</given-names></name></person-group></element-citation></ref><ref id="B4"><element-citation publication-type="book"><source>Teatro dialético</source><date><year>1967</year></date><person-group><name><surname>BRECHT</surname><given-names>Bertolt</given-names></name><name><surname>BRECHT</surname><given-names>Bertolt</given-names></name></person-group></element-citation></ref><ref id="B5"><element-citation publication-type="book"><source>Convite à filosofia</source><date><year>2002</year></date><person-group><name><surname>CHAUÍ</surname><given-names>Marilena</given-names></name><name><surname>CHAUÍ</surname><given-names>Marilena</given-names></name></person-group></element-citation></ref><ref id="B6"><element-citation publication-type="book"><source>Ação cultural para a liberdade</source><date><year>1976</year></date><person-group><name><surname>FREIRE</surname><given-names>Paulo</given-names></name><name><surname>FREIRE</surname><given-names>Paulo</given-names></name></person-group></element-citation></ref><ref id="B7"><element-citation publication-type="book"><source>Educação e mudança</source><date><year>2010</year></date><person-group><name><surname>FREIRE</surname><given-names>Paulo</given-names></name></person-group></element-citation></ref><ref id="B8"><element-citation publication-type="book"><source>Extensão ou comunicação?</source><date><year>1975</year></date><person-group><name><surname>FREIRE</surname><given-names>Paulo</given-names></name></person-group></element-citation></ref><ref id="B9"><element-citation publication-type="book"><source>A estética antes da estética</source><date><year>2003</year></date><person-group><name><surname>KIRCHOF</surname><given-names>Edgar Roberto</given-names></name><name><surname>KIRCHOF</surname><given-names>Edgar Roberto</given-names></name></person-group></element-citation></ref><ref id="B10"><element-citation publication-type="book"><source>O tortuoso e doce caminho da sensibilidade</source><date><year>1999</year></date><person-group><name><surname>LINHARES</surname><given-names>Ângela Maria Bessa</given-names></name><name><surname>LINHARES</surname><given-names>Ângela Maria Bessa</given-names></name></person-group></element-citation></ref><ref id="B11"><element-citation publication-type="book"><source>Criatividade e processo de criação</source><date><year>1987</year></date><person-group><name><surname>OSTROWER</surname><given-names>Fayga</given-names></name><name><surname>OSTROWER</surname><given-names>Fayga</given-names></name></person-group></element-citation></ref><ref id="B12"><element-citation publication-type="book"><source>Educação profissional em saúde</source><date><year>2006</year></date><person-group><name><surname>PEREIRA</surname><given-names>Isabel Brasil</given-names></name><name><surname>RAMOS</surname><given-names>Marise Nogueira</given-names></name><name><surname>PEREIRA</surname><given-names>Isabel Brasil</given-names></name><name><surname>RAMOS</surname><given-names>Marise Nogueira</given-names></name></person-group></element-citation></ref></ref-list></back></article></articles>