<articles xmlns:xsi="http://www.w3.org/2001/XMLSchema-instance" xsi:schemaLocation="https://raw.githubusercontent.com/scieloorg/articles_meta/master/tests/xsd/scielo_sci/ThomsonReuters_publishing.xsd" dtd-version="1.10"><article lang_id="pt" article-type="research-article"><front><journal-meta><journal-id journal-id-type="publisher">tes</journal-id><journal-title-group><journal-title>Trabalho, Educação e Saúde</journal-title><abbrev-journal-title>Trab. educ. saúde</abbrev-journal-title></journal-title-group><issn>1981-7746</issn><collection>SciELO Brazil</collection><publisher><publisher-name>Fundação Oswaldo Cruz, Escola Politécnica de Saúde Joaquim Venâncio</publisher-name></publisher></journal-meta><article-meta><unique-article-id pub-id-type="publisher-id">S1981-77462009000100006</unique-article-id><article-id pub-id-type="publisher-id">S1981-77462009000100006</article-id><article-id pub-id-type="doi">10.1590/S1981-77462009000100006</article-id><article-categories><subj-group><subject>EDUCATION &amp; EDUCATIONAL RESEARCH</subject><subject>PUBLIC, ENVIRONMENTAL &amp; OCCUPATIONAL HEALTH</subject></subj-group></article-categories><title-group><article-title lang_id="pt">Educação permanente dos serviços públicos de saúde de Florianópolis, Santa Catarina</article-title><trans-title-group lang_id="en"><trans-title>Permanent education in the public health services in Florianópolis, Santa Catarina</trans-title></trans-title-group></title-group><contrib-group><contrib contrib-type="author"><name><surname>Lino</surname><given-names>Mônica Motta</given-names></name><role>ND</role><xref ref-type="aff" rid="A01"/></contrib><contrib contrib-type="author"><name><surname>Backes</surname><given-names>Vânia Marli Schubert</given-names></name><role>ND</role><xref ref-type="aff" rid="A02"/><xref ref-type="aff" rid="A03"/></contrib><contrib contrib-type="author"><name><surname>Ferraz</surname><given-names>Fabiane</given-names></name><role>ND</role><xref ref-type="aff" rid="A04"/></contrib><contrib contrib-type="author"><name><surname>Prado</surname><given-names>Marta Lenise do</given-names></name><role>ND</role><xref ref-type="aff" rid="A05"/><xref ref-type="aff" rid="A06"/></contrib><contrib contrib-type="author"><name><surname>Fernandes</surname><given-names>Geani Farias Machado</given-names></name><role>ND</role><xref ref-type="aff" rid="A07"/></contrib><contrib contrib-type="author"><name><surname>Silva</surname><given-names>Luiz Anildo Anacleto da</given-names></name><role>ND</role><xref ref-type="aff" rid="A08"/></contrib><contrib contrib-type="author"><name><surname>Kloh</surname><given-names>Daiana</given-names></name><role>ND</role><xref ref-type="aff" rid="A09"/></contrib></contrib-group><aff id="A01"><institution>Universidade Federal de Santa Catarina</institution><country>Brasil</country></aff><aff id="A07"><institution>Fundação Universidade Federal do Rio Grande</institution></aff><aff id="A06"><institution>UFSC</institution></aff><aff id="A02"><institution>UFSC</institution><country>Brasil</country></aff><aff id="A03"><institution>UFSC</institution></aff><aff id="A08"><institution>Universidade Federal de Santa Maria</institution><country>Brazil</country></aff><aff id="A04"><institution>UFSC</institution><country>Brasil</country></aff><aff id="A09"><institution>UFSC</institution><country>Brasil</country></aff><aff id="A05"><institution>UFSC</institution></aff><pub-date><month>06</month><year>2009</year></pub-date><volume>7</volume><issue>1</issue><fpage>115</fpage><lpage>136</lpage><permissions><license license-type="open-access" href="http://creativecommons.org/licenses/by-nc/4.0/"><license-p>This work is licensed under a Creative Commons Attribution-NonCommercial 4.0 International License.</license-p></license></permissions><self-uri href="http://www.scielo.br/scielo.php?script=sci_arttext&amp;pid=S1981-77462009000100006&amp;lng=en&amp;tlng=en" content-type="full_text_page"/><self-uri href="http://www.scielo.br/scielo.php?script=sci_issuetoc&amp;pid=1981-774620090001&amp;lng=en" content-type="issue_page"/><self-uri href="http://www.scielo.br/scielo.php?script=sci_serial&amp;pid=1981-7746&amp;lng=en" content-type="journal_page"/><abstract lang_id="pt"><p>O objetivo principal da Política Nacional de Educação Permanente em Saúde (PNEPS) é a formação e o desenvolvimento dos trabalhadores para o setor da saúde. A partir dos pressupostos dessa política, buscou-se analisar a realidade da educação permanente (EP) dos serviços públicos de saúde do município de Florianópolis, no estado de Santa Catarina, por meio de pesquisa descritiva de abordagem qualitativa. Realizou-se entrevista semi-estruturada com 16 sujeitos responsáveis pelas iniciativas de EP da atenção básica, do setor hospitalar e órgão público municipal e estadual. A análise de conteúdo foi adotada como procedimento analítico dos dados, organizados em três categorias: planejamento das propostas de EP em saúde; metodologia e técnicas de ensino-aprendizagem utilizadas nas ações de EP; e avaliação do processo e dos resultados das ações de EP. Os resultados indicam que os serviços de saúde de Florianópolis caminham a passos lentos, mas progressivos, com iniciativas em EP interessantes, porém pontuais. Verificou-se que a EP não é priorizada frente ao 'ciclo vicioso' de dificuldades dos serviços de saúde. Logo, torna-se fundamental uma educação crítica e libertadora, que permita despertar mudanças nos trabalhadores, no ambiente de trabalho e usuários, com reflexos na qualidade dos serviços de saúde.</p></abstract><trans-abstract lang_id="en"><p>The main objective of the National Policy for Permanent Education in Health (PNEPS) is qualifying and developing workers for the health sector. Base on the assumptions of this policy, an attempt was made to analyze the reality of permanent education (PE) in the public health services in the municipality of Florianópolis, state of Santa Catarina, via a qualitative descriptive survey. A semi-structured interview was carried out with 16 subjects who are in charge of the basic care PE initiatives, of the hospital sector and of municipal and state public agencies. Content analysis was adopted as the analytical data procedure, organized in three categories: planning of the PE in health proposals; the teaching and learning methodology and techniques used in PE actions; and the assessment of the PE action process and results. The results show that the health services in Florianópolis are progressing, even if slowly, with interesting, although punctual PE initiatives. It was seen that PE is not prioritized on account of the 'vicious cycle' of the difficulties in the health services. Therefore, it is fundamental to have a critical, freeing education, one that allows for the perception of changes among the workers, in the work environment, and among the users, with reflexes on health service quality.</p></trans-abstract><kwd-group lang_id="en" kwd-group-type="author-generated"><kwd>continued education</kwd><kwd>public health policies</kwd><kwd>educational hospital service</kwd></kwd-group><kwd-group lang_id="pt" kwd-group-type="author-generated"><kwd>educação continuada</kwd><kwd>políticas públicas de saúde</kwd><kwd>serviço hospitalar de educação</kwd></kwd-group></article-meta></front><back><ref-list><ref id="B1"><element-citation publication-type="article"><article-title>Educação continuada: algumas considerações na história da educação e os reflexos na enfermagem</article-title><source>Texto &amp; Contexto Enfermagem</source><date><year>2003</year></date><fpage>80</fpage><lpage>88</lpage><issue>1</issue><volume>12</volume><person-group><name><surname>BACKES</surname><given-names>Vânia Marli Schubert</given-names></name></person-group></element-citation></ref><ref id="B2"><element-citation publication-type="book"><source>Análise de conteúdo</source><date><year>1977</year></date><person-group><name><surname>BARDIN</surname><given-names>Lawrence</given-names></name><name><surname>BARDIN</surname><given-names>Lawrence</given-names></name></person-group></element-citation></ref><ref id="B3"><element-citation publication-type="book"><source>Avaliação qualitativa de programas de saúde: enfoques emergentes</source><date><year>2006</year></date><person-group><name><surname>BOSI</surname><given-names>Maria Lúcia Magalhães</given-names></name><name><surname>UCHIMURA</surname><given-names>Kátia Y.</given-names></name><name><surname>BOSI</surname><given-names>Maria Lúcia Magalhães</given-names></name><name><surname>MERCADO</surname><given-names>Francisco Javier</given-names></name><name><surname>BOSI</surname><given-names>Maria Lúcia Magalhães</given-names></name><name><surname>MERCADO</surname><given-names>Francisco Javier</given-names></name></person-group></element-citation></ref><ref id="B4"><element-citation publication-type="book"><source>Lei n.º 8.080/90, de 19 de setembro de 1990: Dispõe sobre as condições para a promoção, proteção e recuperação da saúde, a organização e o funcionamento dos serviços correspondentes e dá outras providências</source><date><year>1990</year></date><ext-link>http://portal.saude.gov.br/portal/arquivos/pdf/LEI8080.pdf</ext-link></element-citation></ref><ref id="B5"><element-citation publication-type="book"><source>Princípios e diretrizes para a NOB/RH-SUS</source><date><year>2000</year></date><ext-link>http://portal.saude.gov.br/portal/arquivos/pdf/NOB/RH-SUS.pdf</ext-link></element-citation></ref><ref id="B6"><element-citation publication-type="book"><source>Política de Educação e Desenvolvimento para o SUS: caminhos para a educação permanente em saúde: Pólos de educação permanente em saúde</source></element-citation></ref><ref id="B7"><element-citation publication-type="book"><source>Portaria GM/MS no 198/04, de 13 de fevereiro de 2004: Institui a Política Nacional de Educação Permanente em Saúde como estratégia do Sistema Único de Saúde para a formação e o desenvolvimento de trabalhadores para o setor e dá outras providências</source><date><year>2004</year></date><ext-link>www.saude.gov.br/sgtes</ext-link></element-citation></ref><ref id="B8"><element-citation publication-type="book"><source>Portaria GM/MS no 1.996/07, de 20 de agosto de 2007: Dispõe sobre as diretrizes para a implementação da Política Nacional de Educação Permanente em Saúde</source><date><year>2007</year></date><ext-link>www.saude.gov.br/sgtes</ext-link></element-citation></ref><ref id="B9"><element-citation publication-type="article"><article-title>Educação permanente em saúde: desafio ambicioso e necessário</article-title><source>Interface: Comunicação, Saúde, Educação [Debate]</source><date><year>2005</year></date><fpage>161</fpage><lpage>77</lpage><issue>16</issue><volume>9</volume><person-group><name><surname>CECCIM</surname><given-names>Ricardo B.</given-names></name></person-group></element-citation></ref><ref id="B10"><element-citation publication-type="article"><article-title>O quadrilátero da formação para a área da saúde: ensino, gestão, atenção e controle social</article-title><source>Physis: Revista de Saúde Coletiva</source><date><year>2004</year></date><fpage>4</fpage><lpage>65</lpage><issue>1</issue><volume>14</volume><person-group><name><surname>CECCIM</surname><given-names>Ricardo B.</given-names></name><name><surname>FEUERWERKER</surname><given-names>Laura C. Macruz</given-names></name></person-group></element-citation></ref><ref id="B11"><element-citation publication-type="book"><source>Rumos da educação continuada na era do conhecimento</source><date><year>2000</year></date><person-group><name><surname>CORDÃO</surname><given-names>Francisco Aparecido</given-names></name><name><surname>CORDÃO</surname><given-names>Francisco Aparecido</given-names></name></person-group></element-citation></ref><ref id="B12"><element-citation publication-type="book"><source>Estratégia de ensino e aprendizagem</source><date><year>2005</year></date><person-group><name><surname>DÍAZ-BORDENAVE</surname><given-names>Juan</given-names></name><name><surname>PEREIRA</surname><given-names>Adair Martins</given-names></name><name><surname>DÍAZ-BORDENAVE</surname><given-names>Juan</given-names></name><name><surname>PEREIRA</surname><given-names>Adair Martins</given-names></name></person-group></element-citation></ref><ref id="B13"><element-citation publication-type="book"><source>Pedagogia da autonomia: saberes necessários à prática educativa</source><person-group><name><surname>FREIRE</surname><given-names>Paulo</given-names></name><name><surname>FREIRE</surname><given-names>Paulo</given-names></name></person-group></element-citation></ref><ref id="B14"><element-citation publication-type="article"><article-title>A realidade da educação continuada na enfermagem nos serviços públicos de saúde de Florianópolis</article-title><source>Online Braz J. Nurs</source><issue>0</issue><volume>6</volume><person-group><name><surname>LINO</surname><given-names>Mônica Motta</given-names></name></person-group><ext-link>www.uff.br/objnursing/index.php/nursing/issue/view/5</ext-link></element-citation></ref><ref id="B15"><element-citation publication-type="book"><source>Reestruturação produtiva e trabalho em saúde no Brasil</source><date><year>1998</year></date><person-group><name><surname>PIRES</surname><given-names>Denise</given-names></name><name><surname>PIRES</surname><given-names>Denise</given-names></name></person-group></element-citation></ref><ref id="B16"><element-citation publication-type="book"><source>Inovação e educação em enfermagem</source><date><year>2006</year></date><person-group><name><surname>REIBNITZ</surname><given-names>Kenya S.</given-names></name><name><surname>PRADO</surname><given-names>Marta L.</given-names></name><name><surname>REIBNITZ</surname><given-names>Kenya S.</given-names></name><name><surname>PRADO</surname><given-names>Marta L.</given-names></name></person-group></element-citation></ref></ref-list></back></article></articles>