<articles xmlns:xsi="http://www.w3.org/2001/XMLSchema-instance" xsi:schemaLocation="https://raw.githubusercontent.com/scieloorg/articles_meta/master/tests/xsd/scielo_sci/ThomsonReuters_publishing.xsd" dtd-version="1.10"><article lang_id="pt" article-type="research-article"><front><journal-meta><journal-id journal-id-type="publisher">tes</journal-id><journal-title-group><journal-title>Trabalho, Educação e Saúde</journal-title><abbrev-journal-title>Trab. educ. saúde</abbrev-journal-title></journal-title-group><issn>1981-7746</issn><collection>SciELO Brazil</collection><publisher><publisher-name>Fundação Oswaldo Cruz, Escola Politécnica de Saúde Joaquim Venâncio</publisher-name></publisher></journal-meta><article-meta><unique-article-id pub-id-type="publisher-id">S1981-77462011000400016</unique-article-id><article-id pub-id-type="publisher-id">S1981-77462011000400016</article-id><article-id pub-id-type="doi">10.1590/S1981-77462011000400016</article-id><article-categories><subj-group><subject>EDUCATION &amp; EDUCATIONAL RESEARCH</subject><subject>PUBLIC, ENVIRONMENTAL &amp; OCCUPATIONAL HEALTH</subject></subj-group></article-categories><title-group><article-title lang_id="pt">A ergologia na Argélia</article-title><trans-title-group lang_id="en"><trans-title>The ergology in Algeria</trans-title></trans-title-group></title-group><contrib-group><contrib contrib-type="author"><name><surname>Abderrahmane</surname><given-names>Fyad</given-names></name><role>ND</role></contrib></contrib-group><pub-date><year>2011</year></pub-date><volume>9</volume><issue>suppl 1</issue><fpage>327</fpage><lpage>333</lpage><permissions><license license-type="open-access" href="http://creativecommons.org/licenses/by-nc/4.0/"><license-p>This work is licensed under a Creative Commons Attribution-NonCommercial 4.0 International License.</license-p></license></permissions><self-uri href="http://www.scielo.br/scielo.php?script=sci_arttext&amp;pid=S1981-77462011000400016&amp;lng=en&amp;tlng=en" content-type="full_text_page"/><self-uri href="http://www.scielo.br/scielo.php?script=sci_issuetoc&amp;pid=1981-774620110004&amp;lng=en" content-type="issue_page"/><self-uri href="http://www.scielo.br/scielo.php?script=sci_serial&amp;pid=1981-7746&amp;lng=en" content-type="journal_page"/><abstract lang_id="pt"><p>O depoimento revela aspectos das relações de trabalho, focalizando principalmente nos direitos do trabalho de proteção aos riscos e à saúde. Além disso, apresenta elementos históricos da colaboração entre professores-pesquisadores da Universidade de Oran, na Argélia, e professores-pesquisadores do Departamento de Ergologia da Universidade de Provence, na França, para a implementação de projetos e formação de médicos do trabalho.</p></abstract><trans-abstract lang_id="en"><p>The testimony reveals aspects of labor relations, focusing primarily on labor rights protection and health risks. Maneover, it presents historical elements of collaboration between teachers and researchers at the Univesity of Oran, Algeria, and research faculty of the Departement of Ergology University of Provence, France for project implementation and training of occupational physicians.</p></trans-abstract><kwd-group lang_id="pt" kwd-group-type="author-generated"><kwd>trabalho</kwd><kwd>relações de trabalho</kwd><kwd>Argélia</kwd><kwd>ergologia</kwd></kwd-group><kwd-group lang_id="en" kwd-group-type="author-generated"><kwd>employment</kwd><kwd>labor relations</kwd><kwd>Algeria</kwd><kwd>ergology</kwd></kwd-group></article-meta></front><back><ref-list><ref id="B1"><element-citation publication-type="article"><article-title>O trabalho informal: uma abordagem ergológica</article-title><source>Revue Laboreal</source><date><month>07</month><year>2008</year></date><issue>1</issue><volume>IV</volume><person-group><name><surname>ABDERRAHMANE</surname><given-names>Fyad</given-names></name></person-group><ext-link>http://laboreal.up.pt</ext-link></element-citation></ref></ref-list></back></article></articles>