<articles xmlns:xsi="http://www.w3.org/2001/XMLSchema-instance" xsi:schemaLocation="https://raw.githubusercontent.com/scieloorg/articles_meta/master/tests/xsd/scielo_sci/ThomsonReuters_publishing.xsd" dtd-version="1.10"><article lang_id="pt" article-type="research-article"><front><journal-meta><journal-id journal-id-type="publisher">tes</journal-id><journal-title-group><journal-title>Trabalho, Educação e Saúde</journal-title><abbrev-journal-title>Trab. educ. saúde</abbrev-journal-title></journal-title-group><issn>1981-7746</issn><collection>SciELO Brazil</collection><publisher><publisher-name>Fundação Oswaldo Cruz, Escola Politécnica de Saúde Joaquim Venâncio</publisher-name></publisher></journal-meta><article-meta><unique-article-id pub-id-type="publisher-id">S1981-77462008000100006</unique-article-id><article-id pub-id-type="publisher-id">S1981-77462008000100006</article-id><article-id pub-id-type="doi">10.1590/S1981-77462008000100006</article-id><article-categories><subj-group><subject>EDUCATION &amp; EDUCATIONAL RESEARCH</subject><subject>PUBLIC, ENVIRONMENTAL &amp; OCCUPATIONAL HEALTH</subject></subj-group></article-categories><title-group><article-title lang_id="pt">O trabalho do enfermeiro nos centros de atenção psicossocial</article-title><trans-title-group lang_id="en"><trans-title>The work of the nurse in psychosocial care centers</trans-title></trans-title-group></title-group><contrib-group><contrib contrib-type="author"><name><surname>Kantorski</surname><given-names>Luciane Prado</given-names></name><role>ND</role><xref ref-type="aff" rid="A01"/></contrib><contrib contrib-type="author"><name><surname>Mielke</surname><given-names>Fernanda Barreto</given-names></name><role>ND</role></contrib><contrib contrib-type="author"><name><surname>Teixeira Júnior</surname><given-names>Sidnei</given-names></name><role>ND</role></contrib></contrib-group><aff id="A01"><institution>Universidade Federal de Pelotas</institution><country>Brazil</country></aff><pub-date><month>06</month><year>2008</year></pub-date><volume>6</volume><issue>1</issue><fpage>87</fpage><lpage>106</lpage><permissions><license license-type="open-access" href="http://creativecommons.org/licenses/by-nc/4.0/"><license-p>This work is licensed under a Creative Commons Attribution-NonCommercial 4.0 International License.</license-p></license></permissions><self-uri href="http://www.scielo.br/scielo.php?script=sci_arttext&amp;pid=S1981-77462008000100006&amp;lng=en&amp;tlng=en" content-type="full_text_page"/><self-uri href="http://www.scielo.br/scielo.php?script=sci_issuetoc&amp;pid=1981-774620080001&amp;lng=en" content-type="issue_page"/><self-uri href="http://www.scielo.br/scielo.php?script=sci_serial&amp;pid=1981-7746&amp;lng=en" content-type="journal_page"/><abstract lang_id="pt"><p>Este estudo trata do perfil e atividades desenvolvidas por enfermeiros nos centros de atenção psicossocial (Caps). Consiste num estudo qualitativo do tipo descritivo. O instrumento de pesquisa utilizado foi a entrevista estruturada, realizada com 13 enfermeiros dos Caps I e II, pertencentes à área de abrangência da Terceira Coordenadoria Regional de Saúde do Rio Grande do Sul (3ª CRS/RS), onde foram apreendidas informações sobre a clientela atendida no serviço, composição da equipe, atividades realizadas e ações desenvolvidas pelo enfermeiro no Caps. Os enfermeiros elencaram suas atividades na prática cotidiana do Caps e estas foram contextualizadas a partir do referencial da reabilitação psicossocial no interior da reforma psiquiátrica.</p></abstract><trans-abstract lang_id="en"><p>This study concerns the profile and activities carried out by nurses in the Psychosocial Care Centers (Caps). It is a qualitative study of the descriptive type. The research instrument used was the structured interview, conducted with 13 nurses of Caps I and II, belonging to the area covered by the Third Regional Health District of Rio Grande do Sul (3ª CRS/RS). From the interviews, information was obtained about the clientele of the Caps, the team's composition, and the activities the nurses carried out in the Caps. The nurses listed their activities in the routine of the Caps, and they were examined in reference to psychosocial rehabilitation within the psychiatric reform.</p></trans-abstract><kwd-group lang_id="en" kwd-group-type="author-generated"><kwd>work</kwd><kwd>nursing</kwd><kwd>mental health</kwd></kwd-group><kwd-group lang_id="pt" kwd-group-type="author-generated"><kwd>trabalho</kwd><kwd>enfermagem</kwd><kwd>saúde mental</kwd></kwd-group></article-meta></front><back><ref-list><ref id="B1"><element-citation publication-type="book"><source>Legislação em saúde mental: 1990-2004</source><date><year>2004</year></date></element-citation></ref><ref id="B2"><element-citation publication-type="book"><source>Relatório de gestão 2003-2006</source><date><year>2007</year></date></element-citation></ref><ref id="B3"><element-citation publication-type="article"><article-title>Saúde pública e saúde coletiva: campo e núcleo de saberes e práticas</article-title><source>Ciência e Saúde Coletiva</source><date><year>2000</year></date><fpage>219</fpage><lpage>230</lpage><issue>2</issue><volume>5</volume><person-group><name><surname>CAMPOS</surname><given-names>Gastão Wagner de Sousa</given-names></name></person-group></element-citation></ref><ref id="B4"><element-citation publication-type="book"><source>O que é ideologia: Coleção Primeiros Passos 13</source><date><year>1991</year></date><person-group><name><surname>CHAUÍ</surname><given-names>Marilena</given-names></name><name><surname>CHAUÍ</surname><given-names>Marilena</given-names></name></person-group></element-citation></ref><ref id="B5"><element-citation publication-type="book"><source>Clínica da psicose: um projeto na rede pública</source><date><year>1994</year></date><fpage>9</fpage><lpage>17</lpage><person-group><name><surname>COSTA</surname><given-names>Jurandir Freire</given-names></name></person-group></element-citation></ref><ref id="B6"><element-citation publication-type="book"><source>Ensaios: subjetividade, saúde mental, sociedade. Coleção Loucura &amp; Civilização</source><date><year>2000</year></date><fpage>141</fpage><lpage>168</lpage><person-group><name><surname>COSTA-ROSA</surname><given-names>Abílio</given-names></name><name><surname>AMARANTE</surname><given-names>Paulo</given-names></name><name><surname>AMARANTE</surname><given-names>Paulo</given-names></name></person-group></element-citation></ref><ref id="B7"><element-citation publication-type="article"><article-title>As transformações no mundo do trabalho e a questão da saúde</article-title><source>Revista Latino-Americana de Enfermagem</source><date><year>1997</year></date><fpage>5</fpage><lpage>15</lpage><issue>2</issue><volume>5</volume><person-group><name><surname>KANTORSKI</surname><given-names>Luciane Prado</given-names></name></person-group></element-citation></ref><ref id="B8"><element-citation publication-type="book"><source>Ensino de enfermagem e reforma psiquiátrica</source><date><year>2001</year></date><person-group><name><surname>KANTORSKI</surname><given-names>Luciane Prado</given-names></name><name><surname>SILVA</surname><given-names>Graciette Borges da</given-names></name><name><surname>KANTORSKI</surname><given-names>Luciane Prado</given-names></name><name><surname>SILVA</surname><given-names>Graciette Borges da</given-names></name></person-group></element-citation></ref><ref id="B9"><element-citation publication-type="article"><article-title>Saberes e estudos teóricos em enfermagem psiquiátrica e saúde mental</article-title><source>Revista Gaúcha de Enfermagem</source><date><year>2004</year></date><fpage>408</fpage><lpage>419</lpage><issue>3</issue><volume>25</volume><person-group><name><surname>KANTORSKI</surname><given-names>Luciane Prado</given-names></name></person-group></element-citation></ref><ref id="B10"><element-citation publication-type="book"><source>A ideologia alemã</source><date><year>1989</year></date><person-group><name><surname>MARX</surname><given-names>Karl</given-names></name><name><surname>ENGELS</surname><given-names>Friedrich</given-names></name><name><surname>MARX</surname><given-names>Karl</given-names></name><name><surname>ENGELS</surname><given-names>Friedrich</given-names></name></person-group></element-citation></ref><ref id="B11"><element-citation publication-type="book"><source>Agir em saúde: um desafio para o público</source><date><year>1997</year></date><fpage>71</fpage><lpage>112</lpage><person-group><name><surname>MERHY</surname><given-names>Emerson Elias</given-names></name><name><surname>MERHY</surname><given-names>Emerson Elias</given-names></name><name><surname>ONOCKO</surname><given-names>Rosana</given-names></name><name><surname>MERHY</surname><given-names>Emerson Elias</given-names></name><name><surname>ONOCKO</surname><given-names>Rosana</given-names></name></person-group></element-citation></ref><ref id="B12"><element-citation publication-type="book"><source>Psychiatric Rehabilitation</source><date><year>1999</year></date><person-group><name><surname>PRATT</surname><given-names>Carlos</given-names></name><name><surname>GILL</surname><given-names>Kenneth</given-names></name><name><surname>BARRET</surname><given-names>Nora</given-names></name><name><surname>PRATT</surname><given-names>Carlos</given-names></name><name><surname>GILL</surname><given-names>Kenneth</given-names></name><name><surname>BARRET</surname><given-names>Nora</given-names></name></person-group></element-citation></ref><ref id="B13"><element-citation publication-type="book"><source>Ensaios: subjetividade, saúde mental, sociedade</source><date><year>2000</year></date><fpage>267</fpage><lpage>277</lpage><person-group><name><surname>RAUTER</surname><given-names>Cristina</given-names></name><name><surname>AMARANTE</surname><given-names>Paulo</given-names></name><name><surname>AMARANTE</surname><given-names>Paulo</given-names></name></person-group></element-citation></ref><ref id="B14"><element-citation publication-type="book"><source>Guia de Saúde Mental</source><date><year>2001</year></date></element-citation></ref><ref id="B15"><element-citation publication-type="book"><source>Libertando identidades: da reabilitação psicossocial à cidadania possível</source><date><year>2001</year></date><person-group><name><surname>SARACENO</surname><given-names>Benedetto</given-names></name><name><surname>SARACENO</surname><given-names>Benedetto</given-names></name></person-group></element-citation></ref><ref id="B16"><element-citation publication-type="book"><source>Vínculos e redes sociais de indivíduos dependentes de substâncias psicoativas</source><date><year>2005</year></date><person-group><name><surname>SOUZA</surname><given-names>Jacqueline</given-names></name><name><surname>SOUZA</surname><given-names>Jacqueline</given-names></name></person-group></element-citation></ref></ref-list></back></article></articles>