<articles xmlns:xsi="http://www.w3.org/2001/XMLSchema-instance" xsi:schemaLocation="https://raw.githubusercontent.com/scieloorg/articles_meta/master/tests/xsd/scielo_sci/ThomsonReuters_publishing.xsd" dtd-version="1.10"><article lang_id="pt" article-type="research-article"><front><journal-meta><journal-id journal-id-type="publisher">tes</journal-id><journal-title-group><journal-title>Trabalho, Educação e Saúde</journal-title><abbrev-journal-title>Trab. educ. saúde</abbrev-journal-title></journal-title-group><issn>1981-7746</issn><collection>SciELO Brazil</collection><publisher><publisher-name>Fundação Oswaldo Cruz, Escola Politécnica de Saúde Joaquim Venâncio</publisher-name></publisher></journal-meta><article-meta><unique-article-id pub-id-type="publisher-id">S1981-77462012000100005</unique-article-id><article-id pub-id-type="publisher-id">S1981-77462012000100005</article-id><article-id pub-id-type="doi">10.1590/S1981-77462012000100005</article-id><article-categories><subj-group><subject>EDUCATION &amp; EDUCATIONAL RESEARCH</subject><subject>PUBLIC, ENVIRONMENTAL &amp; OCCUPATIONAL HEALTH</subject></subj-group></article-categories><title-group><article-title lang_id="pt">Classe hospitalar: a articulação da saúde e educação como expressão da política de humanização do SUS</article-title><trans-title-group lang_id="en"><trans-title>Hospital class: coordination between health and education as an expression of the NHS' policy of humanization</trans-title></trans-title-group></title-group><contrib-group><contrib contrib-type="author"><name><surname>Zombini</surname><given-names>Edson Vanderlei</given-names></name><role>ND</role><xref ref-type="aff" rid="A01"/></contrib><contrib contrib-type="author"><name><surname>Bogus</surname><given-names>Cláudia Maria</given-names></name><role>ND</role><xref ref-type="aff" rid="A02"/></contrib><contrib contrib-type="author"><name><surname>Pereira</surname><given-names>Isabel Maria Teixeira Bicudo</given-names></name><role>ND</role><xref ref-type="aff" rid="A03"/></contrib><contrib contrib-type="author"><name><surname>Pelicioni</surname><given-names>Maria Cecília Focesi</given-names></name><role>ND</role><xref ref-type="aff" rid="A04"/></contrib></contrib-group><aff id="A01"><institution>Universidade de São Paulo</institution><country>Brazil</country></aff><aff id="A03"><institution>Universidade de São Paulo</institution><country>Brazil</country></aff><aff id="A04"><institution>Universidade de São Paulo</institution><country>Brazil</country></aff><aff id="A02"><institution>Universidade de São Paulo</institution><country>Brazil</country></aff><pub-date><month>06</month><year>2012</year></pub-date><volume>10</volume><issue>1</issue><fpage>71</fpage><lpage>86</lpage><permissions><license license-type="open-access" href="http://creativecommons.org/licenses/by-nc/4.0/"><license-p>This work is licensed under a Creative Commons Attribution-NonCommercial 4.0 International License.</license-p></license></permissions><self-uri href="http://www.scielo.br/scielo.php?script=sci_arttext&amp;pid=S1981-77462012000100005&amp;lng=en&amp;tlng=en" content-type="full_text_page"/><self-uri href="http://www.scielo.br/scielo.php?script=sci_issuetoc&amp;pid=1981-774620120001&amp;lng=en" content-type="issue_page"/><self-uri href="http://www.scielo.br/scielo.php?script=sci_serial&amp;pid=1981-7746&amp;lng=en" content-type="journal_page"/><abstract lang_id="pt"><p>A saúde é determinada por condições sociais, econômicas, educacionais, políticas e ambientais, extrapolando, portanto, a dimensão exclusivamente biológica. O presente trabalho tenta estabelecer uma reflexão interpretativa sobre os princípios do SUS e mostrar a interface deles com a proposta da classe hospitalar, uma modalidade de educação especial que estimula a construção de conhecimentos, a capacitação e o ensino de algumas habilidades, contribuindo para o desenvolvimento infantil. Tratase de um exercício de argumentação para o entendimento do papel da classe hospitalar na realização da atenção integral à saúde no Brasil. O desenvolvimento de atividades pedagógico-educacionais em hospitais permite oferecer às crianças e adolescentes hospitalizados a continuidade do seu aprendizado.</p></abstract><trans-abstract lang_id="en"><p>Health is determined by social, economic, educational, political and environmental conditions and, as such, it ranges well beyond a solely biological dimension. This article attempts to establish an interpretative reflection on the principles of the NHS and to show the interface of such principles with the hospital class proposal, a type of special education that encourages the construction of knowledge, training and the teaching of a set of skills to contribute to development in childhood. This is an exercise of reasoning conceived to understand the role played by the hospital class in the achievement of comprehensive health care in Brazil. Providing educational activities in hospitals allows hospitalized children and adolescents to carry on with their learning processes.</p></trans-abstract><kwd-group lang_id="en" kwd-group-type="author-generated"><kwd>health promotion</kwd><kwd>humanization</kwd><kwd>hospital class</kwd><kwd>education</kwd><kwd>NHS</kwd></kwd-group><kwd-group lang_id="pt" kwd-group-type="author-generated"><kwd>promoção da saúde</kwd><kwd>humanização</kwd><kwd>classe hospitalar</kwd><kwd>educação</kwd><kwd>SUS</kwd></kwd-group></article-meta></front><back><ref-list><ref id="B1"><element-citation publication-type="article"><article-title>Contribuições da educação profissional em saúde à formação para o trabalho em classes hospitalares</article-title><source>Cadernos Cedes</source><date><year>2007</year></date><fpage>257278</fpage><issue>73</issue><volume>27</volume><person-group><name><surname>BARROS</surname><given-names>Alessandra S. S.</given-names></name></person-group></element-citation></ref><ref id="B2"><element-citation publication-type="book"><source>Diretrizes Nacionais para a Educação Especial na Educação Básica</source><date><year>2001</year></date><ext-link>http://portal.mec.gov.br/arquivos/pdf/ resolucao2.pdf</ext-link></element-citation></ref><ref id="B3"><element-citation publication-type="book"><source>Secretaria Executiva. Núcleo Técnico da Política Nacional de Humanização. Política Nacional de Humanização - PNH: humanização da atenção e da gestão em saúde do Sistema Único de Saúde - SUS</source><date><year>2004</year></date><ext-link>http://bvsms.saude.gov.br/bvs/publicacoes/humanizasus2004.pdf</ext-link></element-citation></ref><ref id="B4"><element-citation publication-type="article"><article-title>Classe hospitalar: encontros da educação e da saúde no ambiente hospitalar</article-title><source>Pátio Revista Pedagógica</source><date><year>1999</year></date><fpage>4144</fpage><issue>10</issue><volume>3</volume><person-group><name><surname>CECCIM</surname><given-names>Ricardo B</given-names></name></person-group></element-citation></ref><ref id="B5"><element-citation publication-type="book"><source>Gestão em redes: práticas de avaliação, formação e participação na saúde</source><date><year>2006</year></date><fpage>165184</fpage><person-group><name><surname>CECCIM</surname><given-names>Ricardo B.</given-names></name><name><surname>FERLA</surname><given-names>Alcindo. A.</given-names></name><name><surname>PINHEIRO</surname><given-names>Roseni</given-names></name><name><surname>MATTOS</surname><given-names>Ruben A.</given-names></name><name><surname>PINHEIRO</surname><given-names>Roseni</given-names></name><name><surname>MATTOS</surname><given-names>Ruben A.</given-names></name></person-group></element-citation></ref><ref id="B6"><element-citation publication-type="book"><source>Promoção da saúde: conceitos, reflexões, tendências</source><date><year>2003</year></date><fpage>3953</fpage><person-group><name><surname>CZERESNIA</surname><given-names>Dina</given-names></name><name><surname>CZERESNIA</surname><given-names>Dina</given-names></name><name><surname>FREITAS</surname><given-names>Carlos M.</given-names></name><name><surname>CZERESNIA</surname><given-names>Dina</given-names></name><name><surname>FREITAS</surname><given-names>Carlos M.</given-names></name></person-group></element-citation></ref><ref id="B7"><element-citation publication-type="article"><article-title>Educação da criança hospitalizada: as várias faces da pedagogia no contexto hospitalar</article-title><source>Cadernos Cedes</source><date><year>2007</year></date><fpage>253255</fpage><issue>73</issue><volume>27</volume><person-group><name><surname>DE PAULA</surname><given-names>Ercília M. A. T.</given-names></name><name><surname>MATOS</surname><given-names>Elizete L. M.</given-names></name></person-group></element-citation></ref><ref id="B8"><element-citation publication-type="article"><article-title>O projeto éticopolítico da humanização: conceitos, métodos e identidade</article-title><source>Interface - Comunicação, Saúde, Educação</source><date><year>2005</year></date><fpage>401403</fpage><issue>17</issue><volume>9</volume><person-group><name><surname>DESLANDES</surname><given-names>Sueli F.</given-names></name></person-group></element-citation></ref><ref id="B9"><element-citation publication-type="article"><article-title>A situação brasileira do atendimento pedagógicoeducacional hospitalar</article-title><source>Educação e Pesquisa</source><date><year>1999</year></date><fpage>117129</fpage><issue>1</issue><volume>25</volume><person-group><name><surname>FONSECA</surname><given-names>Eneida S.</given-names></name></person-group></element-citation></ref><ref id="B10"><element-citation publication-type="book"><source>Atendimento escolar no ambiente hospitalar</source><date><year>2003</year></date><fpage>710</fpage><person-group><name><surname>FONSECA</surname><given-names>Eneida S.</given-names></name></person-group></element-citation></ref><ref id="B11"><element-citation publication-type="book"><source>O SUS pra valer: universal, humanizado e de qualidade</source><date><year>2006</year></date><ext-link>www.abrasco.org.br/ publicacoes/arquivos/20070306142552.pdf</ext-link></element-citation></ref><ref id="B12"><element-citation publication-type="article"><article-title>A criança e seus direitos na família e na sociedade: uma cartografia das leis e resoluções</article-title><source>Revista Brasileira de Enfermagem</source><date><year>2008</year></date><fpage>6165</fpage><issue>1</issue><volume>61</volume><person-group><name><surname>GOMES</surname><given-names>Ilvana L. V.</given-names></name><name><surname>CAETANO</surname><given-names>Rosângela</given-names></name><name><surname>JORGE</surname><given-names>Maria Salete B.</given-names></name></person-group></element-citation></ref><ref id="B13"><element-citation publication-type="book"><source>Descentralização do sistema de saúde no Brasil</source><date><year>2005</year></date><person-group><name><surname>KLEBA</surname><given-names>Maria Elisabeth</given-names></name><name><surname>KLEBA</surname><given-names>Maria Elisabeth</given-names></name></person-group></element-citation></ref><ref id="B14"><element-citation publication-type="book"><source>A escola no hospital</source><date><year>2007</year></date><fpage>1521</fpage><person-group><name><surname>MONTEIRO</surname><given-names>Maria do Céu L. R.</given-names></name><name><surname>AROSA</surname><given-names>Armando C.</given-names></name><name><surname>SCHILKE</surname><given-names>Ana L.</given-names></name><name><surname>AROSA</surname><given-names>Armando C.</given-names></name><name><surname>SCHILKE</surname><given-names>Ana L.</given-names></name></person-group></element-citation></ref><ref id="B15"><element-citation publication-type="book"><source>Desvelando representações e práticas sociais em educação infantil</source><date><year>2005</year></date><fpage>16380</fpage><person-group><name><surname>PELICIONI</surname><given-names>Andréa. F.</given-names></name><name><surname>PELICIONI</surname><given-names>Andréa. F.</given-names></name></person-group></element-citation></ref><ref id="B16"><element-citation publication-type="article"><article-title>Educação e promoção da saúde: uma retrospectiva histórica</article-title><source>O Mundo da Saúde</source><date><year>2007</year></date><fpage>320328</fpage><issue>3</issue><volume>31</volume><person-group><name><surname>PELICIONI</surname><given-names>Maria Cecília F.</given-names></name><name><surname>PELICIONI</surname><given-names>Andréa F.</given-names></name></person-group></element-citation></ref><ref id="B17"><element-citation publication-type="book"><source>Saúde pública</source><date><year>2008</year></date><fpage>165177</fpage><person-group><name><surname>PELICIONI</surname><given-names>Maria Cecília F.</given-names></name><name><surname>PELICIONI</surname><given-names>Andréa F.</given-names></name><name><surname>TOLEDO</surname><given-names>Renata. F.</given-names></name><name><surname>ROCHA</surname><given-names>Aristides. A.</given-names></name><name><surname>ROCHA</surname><given-names>Aristides. A.</given-names></name></person-group></element-citation></ref><ref id="B18"><element-citation publication-type="article"><article-title>As tendências pedagógicas e a prática educativa nas ciências da saúde</article-title><source>Cadernos de Saúde Pública</source><date><year>2003</year></date><fpage>1.5271.534</fpage><issue>5</issue><volume>19</volume><person-group><name><surname>PEREIRA</surname><given-names>Adriana L. F.</given-names></name></person-group></element-citation></ref><ref id="B19"><element-citation publication-type="book"><source>Educação ambiental: desenvolvimento de cursos e projetos</source><date><year>2002</year></date><fpage>35</fpage><person-group><name><surname>PEREIRA</surname><given-names>Adriana L. F.</given-names></name></person-group></element-citation></ref><ref id="B20"><element-citation publication-type="book"><source>Gestão em redes: práticas de avaliação, formação e participação na saúde</source><date><year>2006</year></date><fpage>1126</fpage><person-group><name><surname>PINHEIRO</surname><given-names>Roseni</given-names></name><name><surname>MATTOS</surname><given-names>Ruben A</given-names></name><name><surname>PINHEIRO</surname><given-names>Roseni</given-names></name><name><surname>MATTOS</surname><given-names>Ruben A.</given-names></name><name><surname>PINHEIRO</surname><given-names>Roseni</given-names></name><name><surname>MATTOS</surname><given-names>Ruben A.</given-names></name></person-group></element-citation></ref><ref id="B21"><element-citation publication-type="article"><article-title>A humanização na saúde como instância libertadora</article-title><source>Saúde e Sociedade</source><date><year>2004</year></date><fpage>3643</fpage><issue>3</issue><volume>13</volume><person-group><name><surname>REIS</surname><given-names>Alberto O. A.</given-names></name><name><surname>MARAZINA</surname><given-names>Isabel V.</given-names></name><name><surname>GALLO</surname><given-names>Paulo R.</given-names></name></person-group></element-citation></ref><ref id="B22"><element-citation publication-type="book"><source>Os 10 passos para a atenção humanizada à criança e ao adolescente</source><date><year>2001</year></date><ext-link>www.sbp.com.br/show_ item2.cfm?id_categoria=65&amp;id_detalhe= 1877&amp;tipo_detalhe=s</ext-link></element-citation></ref><ref id="B23"><element-citation publication-type="book"><source>Health promotion evaluation: recommendations to policymakers</source><date><year>1998</year></date><ext-link>http://whqlibdoc.who.int/euro/199899/EUR_ICP_ IVST_05_01_03.pdf</ext-link></element-citation></ref><ref id="B24"><element-citation publication-type="conference"><source>Proceedings...</source><date><day>30</day><month>10</month><year>2009</year></date><ext-link>www.who.int/ healthpromotion/conferences/7gchp/ documents/en/index.html</ext-link></element-citation></ref></ref-list></back></article></articles>