<articles xmlns:xsi="http://www.w3.org/2001/XMLSchema-instance" xsi:schemaLocation="https://raw.githubusercontent.com/scieloorg/articles_meta/master/tests/xsd/scielo_sci/ThomsonReuters_publishing.xsd" dtd-version="1.10"><article lang_id="pt" article-type="research-article"><front><journal-meta><journal-id journal-id-type="publisher">tes</journal-id><journal-title-group><journal-title>Trabalho, Educação e Saúde</journal-title><abbrev-journal-title>Trab. educ. saúde</abbrev-journal-title></journal-title-group><issn>1981-7746</issn><collection>SciELO Brazil</collection><publisher><publisher-name>Fundação Oswaldo Cruz, Escola Politécnica de Saúde Joaquim Venâncio</publisher-name></publisher></journal-meta><article-meta><unique-article-id pub-id-type="publisher-id">S1981-77462007000300005</unique-article-id><article-id pub-id-type="publisher-id">S1981-77462007000300005</article-id><article-id pub-id-type="doi">10.1590/S1981-77462007000300005</article-id><article-categories><subj-group><subject>EDUCATION &amp; EDUCATIONAL RESEARCH</subject><subject>PUBLIC, ENVIRONMENTAL &amp; OCCUPATIONAL HEALTH</subject></subj-group></article-categories><title-group><article-title lang_id="pt">A Influência das políticas de educação e saúde nos currículos dos cursos de educação profissional técnica de nível médio em enfermagem</article-title><trans-title-group lang_id="en"><trans-title>The influence of the education and health policies in the curricula of the mid-level technical professional education in nursing</trans-title></trans-title-group></title-group><contrib-group><contrib contrib-type="author"><name><surname>Sant'Anna</surname><given-names>Suze Rosa</given-names></name><role>ND</role><xref ref-type="aff" rid="A01"/><xref ref-type="aff" rid="A02"/></contrib><contrib contrib-type="author"><name><surname>Ennes</surname><given-names>Lílian Dias</given-names></name><role>ND</role><xref ref-type="aff" rid="A03"/></contrib><contrib contrib-type="author"><name><surname>Soares</surname><given-names>Luiza Helena da Silva</given-names></name><role>ND</role><xref ref-type="aff" rid="A04"/></contrib><contrib contrib-type="author"><name><surname>Oliveira</surname><given-names>Sandra Regina de</given-names></name><role>ND</role><xref ref-type="aff" rid="A05"/></contrib><contrib contrib-type="author"><name><surname>Sant'Anna</surname><given-names>Leonardo da Silva</given-names></name><role>ND</role><xref ref-type="aff" rid="A06"/></contrib></contrib-group><aff id="A01"><institution>Fundação de Apoio à Escola Técnica do Estado do Rio de Janeiro</institution><country>Brazil</country></aff><aff id="A06"><institution>Universidade do Estado do Rio de Janeiro</institution><country>Brazil</country></aff><aff id="A02"><institution>Fundação Oswaldo Cruz</institution></aff><aff id="A03"><institution>Fundação de Apoio à Escola Técnica do Estado do Rio de Janeiro</institution><country>Brazil</country></aff><aff id="A04"><institution>Fundação de Apoio à Escola Técnica do Estado do Rio de Janeiro</institution><country>Brazil</country></aff><aff id="A05"><institution>Fundação de Apoio à Escola Técnica do Estado do Rio de Janeiro</institution><country>Brazil</country></aff><pub-date><month>11</month><year>2007</year></pub-date><volume>5</volume><issue>3</issue><fpage>415</fpage><lpage>431</lpage><permissions><license license-type="open-access" href="http://creativecommons.org/licenses/by-nc/4.0/"><license-p>This work is licensed under a Creative Commons Attribution-NonCommercial 4.0 International License.</license-p></license></permissions><self-uri href="http://www.scielo.br/scielo.php?script=sci_arttext&amp;pid=S1981-77462007000300005&amp;lng=en&amp;tlng=en" content-type="full_text_page"/><self-uri href="http://www.scielo.br/scielo.php?script=sci_issuetoc&amp;pid=1981-774620070003&amp;lng=en" content-type="issue_page"/><self-uri href="http://www.scielo.br/scielo.php?script=sci_serial&amp;pid=1981-7746&amp;lng=en" content-type="journal_page"/><abstract lang_id="pt"><p>O presente artigo tem por objetivo descrever as principais mudanças ocorridas na educação profissional técnica de nível médio, nos últimos dez anos. Enfatiza-se no trabalho o processo de reorganização curricular dos cursos de educação profissional técnica de nível médio em enfermagem, frente aos princípios, diretrizes e conceitos estabelecidos pelas políticas instituídas no campo da educação em saúde, cujo objetivo é formar trabalhadores de saúde com competência profissional necessária para rever e redirecionar a realidade de saúde do país.</p></abstract><trans-abstract lang_id="en"><p>The purpose of this article is to describe the main changes that have taken place in mid-level technical professional education in the past ten years. The article emphasizes the curricular reorganization process that has been undertaken in the mid-level technical professional education for nursing in order to deal with the principles, guidelines, and concepts set forth by the policies that have been instituted in the education and health fields, the goal of which is to qualify health workers who have the required professional competency to review and redirect the reality of health in Brazil.</p></trans-abstract><kwd-group lang_id="en" kwd-group-type="author-generated"><kwd>mid-level technical professional education</kwd><kwd>nursing</kwd><kwd>curriculum</kwd></kwd-group><kwd-group lang_id="pt" kwd-group-type="author-generated"><kwd>educação profissional técnica de nível médio</kwd><kwd>enfermagem</kwd><kwd>currículo</kwd></kwd-group></article-meta></front><back><ref-list><ref id="B1"><element-citation publication-type="article"><article-title>Lei nº 8080, de 19 de setembro de 1990a: Dispõe sobre as condições para a promoção, proteção e recuperação da saúde, a organização e o funcionamento dos serviços correspondentes e dá outras providências</article-title><source>Diário Oficial da União</source><date><day>20</day><month>09</month><year>1990</year></date></element-citation></ref><ref id="B2"><element-citation publication-type="article"><article-title>Lei nº 8142, de 29 de dezembro de 1990b: Dispõe sobre a participação da comunidade na gestão do Sistema Único de Saúde (SUS) e sobre as transferências intergovernamentais de recursos financeiros na área da saúde e dá outras providências</article-title><source>Diário Oficial da União</source><date><day>31</day><month>12</month><year>1990</year></date></element-citation></ref><ref id="B3"><element-citation publication-type="article"><article-title>Lei nº 9.394, de 20 de dezembro de 1996: Estabelece as Diretrizes e Bases da Educação Nacional</article-title><source>Diário Oficial da União</source><date><day>23</day><month>12</month><year>1996</year></date></element-citation></ref><ref id="B4"><element-citation publication-type="article"><article-title>Decreto nº 2.208, de 17 de abril de 1997: Regulamenta o parágrafo 2º do art. 36 e os arts. 39 a 42 da lei nº 9.394, de 20 de dezembro de 1996, que estabelece as diretrizes e bases da educação nacional</article-title><source>Diário Oficial da União</source><date><day>18</day><month>04</month><year>1997</year></date></element-citation></ref><ref id="B5"><element-citation publication-type="article"><article-title>Conselho Nacional de Educação (CNE): Resolução nº 4, de 8 de dezembro de 1999. Institui as Diretrizes Curriculares Nacionais para a Educação Profissional de Nível Técnico</article-title><source>Diário Oficial da União,</source><date><day>07</day><month>10</month><year>1999</year></date><fpage>52</fpage><issue>1</issue></element-citation></ref><ref id="B6"><element-citation publication-type="book"><source>Conselho Nacional de Educação (CNE): Parecer nº 16, de 5 de outubro de 1999. Diretrizes Curriculares Nacionais para a Educação Profissional de Nível Técnico</source><ext-link>www.mec.gov.br/cne/parecer.shtm</ext-link></element-citation></ref><ref id="B7"><element-citation publication-type="book"><source>Educação profissional: Referenciais Curriculares Nacionais da Educação Profissional de Ensino Técnico - área Saúde</source><date><year>2000</year></date></element-citation></ref><ref id="B8"><element-citation publication-type="article"><article-title>Decreto nº 5.154, de 23 de julho de 2004: Regulamenta o § 2º do artigo 36 e os arts. 39 a 41 da lei nº 9.394, de 20 de dezembro de 1996, que estabelece as diretrizes e bases da educação nacional, e dá outras providências</article-title><source>Diário Oficial da União</source><date><day>24</day><month>07</month><year>2004</year></date></element-citation></ref><ref id="B9"><element-citation publication-type="book"><source>Parecer nº 39, de 8 de dezembro de 2004: Aplicação do decreto nº 5.154/2004 na Educação Profissional Técnica de Nível Médio e no Ensino Médio</source><ext-link>www.mec.gov/setec</ext-link></element-citation></ref><ref id="B10"><element-citation publication-type="article"><article-title>Conselho Nacional de Educação: Resolução nº 1, de 3 de março de 2005. Atualiza as Diretrizes Curriculares Nacionais definidas pelo Conselho Nacional de Educação para o Ensino Médio e para a Educação Profissional Técnica de nível médio s disposições do Decreto nº 5.154/2004</article-title><source>Diário Oficial da República Federativa do Brasil</source><date><day>11</day><month>03</month><year>2005</year></date></element-citation></ref><ref id="B11"><element-citation publication-type="article"><article-title>Constituição da República Federativa do Brasil (1988)</article-title><source>Revista dos Tribunais</source><date><year>2006</year></date></element-citation></ref><ref id="B12"><element-citation publication-type="book"><source>Política Nacional de Promoção da Saúde</source><date><year>2006</year></date></element-citation></ref><ref id="B13"><element-citation publication-type="article"><article-title>Deliberação CEE nº 295/2005: Estabelece normas para o credenciamento de instituições e autorização de cursos de Educação Profissional Técnica de Nível Médio para o Sistema Estadual de Ensino do Rio de Janeiro</article-title><source>Diário Oficial da República</source><date><day>26</day><month>04</month><year>2006</year></date></element-citation></ref><ref id="B14"><element-citation publication-type="article"><article-title>Educação profissional numa sociedade sem empregos</article-title><source>Cadernos de Pesquisa</source><date><year>2000</year></date><fpage>43</fpage><lpage>66</lpage><issue>109</issue><person-group><name><surname>FERRETTI</surname><given-names>Celso João</given-names></name><name><surname>SILVA JUNIOR</surname><given-names>João dos Reis</given-names></name></person-group></element-citation></ref><ref id="B15"><element-citation publication-type="article"><article-title>A política de educação profissional no Governo Lula: um percurso histórico controvertido</article-title><source>Educação &amp; Sociedade,</source><date><year>2005</year></date><fpage>1087</fpage><lpage>1113</lpage><issue>92</issue><volume>26</volume><person-group><name><surname>FRIGOTTO</surname><given-names>Gaudêncio</given-names></name></person-group><ext-link>www.scielo.br/scielo.php?script=sci_arttext&amp;pid=S0101-73302005000300017</ext-link></element-citation></ref><ref id="B16"><element-citation publication-type="book"><source>Competência profissional: manual de conceitos, métodos e aplicações no setor saúde</source><date><year>2004</year></date><person-group><name><surname>IRIGON BARRENNE</surname><given-names>Maria Etiennette</given-names></name><name><surname>IRIGON BARRENNE</surname><given-names>Maria Etiennette</given-names></name></person-group></element-citation></ref><ref id="B17"><element-citation publication-type="book"><source>Profissionalização da enfermagem brasileira</source><date><year>2005</year></date><person-group><name><surname>MOREIRA</surname><given-names>Almerinda</given-names></name><name><surname>OGUISSO</surname><given-names>Taka</given-names></name><name><surname>MOREIRA</surname><given-names>Almerinda</given-names></name><name><surname>OGUISSO</surname><given-names>Taka</given-names></name></person-group></element-citation></ref><ref id="B18"><element-citation publication-type="book"><source>SUS ressignificando a promoção da saúde</source><date><year>2006</year></date><fpage>19</fpage><lpage>40</lpage><person-group><name><surname>PASCHE</surname><given-names>Dário Frederico</given-names></name><name><surname>HENNINGTON</surname><given-names>Élida Azevedo</given-names></name><name><surname>CASTRO</surname><given-names>Adriana</given-names></name><name><surname>MALO</surname><given-names>Miguel</given-names></name><name><surname>CASTRO</surname><given-names>Adriana</given-names></name><name><surname>MALO</surname><given-names>Miguel</given-names></name></person-group></element-citation></ref><ref id="B19"><element-citation publication-type="book"><source>Promoção da saúde: conceitos, reflexões, tendências</source><date><year>2003</year></date><fpage>161</fpage><lpage>174</lpage><person-group><name><surname>PAIM</surname><given-names>Jarnilson Silva</given-names></name><name><surname>CZERINA</surname><given-names>Dina</given-names></name><name><surname>CZERINA</surname><given-names>Dina</given-names></name></person-group></element-citation></ref><ref id="B20"><element-citation publication-type="book"><source>Textos de apoio em políticas de saúde</source><date><year>2005</year></date><fpage>117</fpage><lpage>142</lpage><person-group><name><surname>PEREIRA</surname><given-names>Isabel Brasil</given-names></name></person-group></element-citation></ref><ref id="B21"><element-citation publication-type="book"><source>Educação profissional em saúde</source><date><year>2006</year></date><person-group><name><surname>PEREIRA</surname><given-names>Isabel Brasil</given-names></name><name><surname>RAMOS</surname><given-names>Marise Nogueira</given-names></name><name><surname>PEREIRA</surname><given-names>Isabel Brasil</given-names></name><name><surname>RAMOS</surname><given-names>Marise Nogueira</given-names></name></person-group></element-citation></ref><ref id="B22"><element-citation publication-type="article"><article-title>Profissional de saúde: a inter-relação entre formação e prática</article-title><source>Revista Formação</source><date><year>2003</year></date><fpage>45</fpage><lpage>55</lpage><issue>8</issue><person-group><name><surname>PINHEIRO</surname><given-names>Eliana de Fátima Catussi</given-names></name></person-group></element-citation></ref><ref id="B23"><element-citation publication-type="book"><source>Profae: educação profissional em saúde e cidadania</source><date><year>2002</year></date><fpage>55</fpage><lpage>86</lpage><person-group><name><surname>RAMOS</surname><given-names>Marise Nogueira</given-names></name><name><surname>CASTRO</surname><given-names>Janete Lima de</given-names></name><name><surname>CASTRO</surname><given-names>Janete Lima de</given-names></name></person-group></element-citation></ref><ref id="B24"><element-citation publication-type="article"><article-title>A educação profissional pela pedagogia das competências e a superfície dos documentos oficiais</article-title><source>Educação &amp; Sociedade</source><fpage>401</fpage><lpage>422</lpage><issue>80</issue><volume>23</volume><person-group><name><surname>RAMOS</surname><given-names>Marise Nogueira</given-names></name></person-group></element-citation></ref><ref id="B25"><element-citation publication-type="book"><source>Textos de apoio em políticas de saúde</source><date><year>2005</year></date><fpage>43</fpage><lpage>73</lpage><person-group><name><surname>SILVA</surname><given-names>José Paulo Vicente da</given-names></name></person-group></element-citation></ref><ref id="B26"><element-citation publication-type="book"><source>Profae: educação profissional em saúde e cidadania</source><date><year>2002</year></date><fpage>17</fpage><lpage>29</lpage><person-group><name><surname>SÓRIO</surname><given-names>Rita Elizabeth da Rocha</given-names></name><name><surname>CASTRO</surname><given-names>Janete Lima de</given-names></name><name><surname>CASTRO</surname><given-names>Janete Lima de</given-names></name></person-group></element-citation></ref></ref-list></back></article></articles>