<articles xmlns:xsi="http://www.w3.org/2001/XMLSchema-instance" xsi:schemaLocation="https://raw.githubusercontent.com/scieloorg/articles_meta/master/tests/xsd/scielo_sci/ThomsonReuters_publishing.xsd" dtd-version="1.10"><article lang_id="pt" article-type="research-article"><front><journal-meta><journal-id journal-id-type="publisher">tes</journal-id><journal-title-group><journal-title>Trabalho, Educação e Saúde</journal-title><abbrev-journal-title>Trab. educ. saúde</abbrev-journal-title></journal-title-group><issn>1981-7746</issn><collection>SciELO Brazil</collection><publisher><publisher-name>Fundação Oswaldo Cruz, Escola Politécnica de Saúde Joaquim Venâncio</publisher-name></publisher></journal-meta><article-meta><unique-article-id pub-id-type="publisher-id">S1981-77462005000200002</unique-article-id><article-id pub-id-type="publisher-id">S1981-77462005000200002</article-id><article-id pub-id-type="doi">10.1590/S1981-77462005000200002</article-id><article-categories><subj-group><subject>EDUCATION &amp; EDUCATIONAL RESEARCH</subject><subject>PUBLIC, ENVIRONMENTAL &amp; OCCUPATIONAL HEALTH</subject></subj-group></article-categories><title-group><article-title lang_id="pt">Ainda a educação politécnica: o novo decreto da educação profissional e a permanência da dualidade estrutural</article-title><trans-title-group lang_id="en"><trans-title>Still polytechnic education: the new decree on professional education and the permanence of structural dualism</trans-title></trans-title-group></title-group><contrib-group><contrib contrib-type="author"><name><surname>Rodrigues</surname><given-names>José</given-names></name><role>ND</role><xref ref-type="aff" rid="A01"/></contrib></contrib-group><aff id="A01"><institution>Universidade Federal Fluminense</institution><country>Brazil</country></aff><pub-date><month>09</month><year>2005</year></pub-date><volume>3</volume><issue>2</issue><fpage>259</fpage><lpage>282</lpage><permissions><license license-type="open-access" href="http://creativecommons.org/licenses/by-nc/4.0/"><license-p>This work is licensed under a Creative Commons Attribution-NonCommercial 4.0 International License.</license-p></license></permissions><self-uri href="http://www.scielo.br/scielo.php?script=sci_arttext&amp;pid=S1981-77462005000200002&amp;lng=en&amp;tlng=en" content-type="full_text_page"/><self-uri href="http://www.scielo.br/scielo.php?script=sci_issuetoc&amp;pid=1981-774620050002&amp;lng=en" content-type="issue_page"/><self-uri href="http://www.scielo.br/scielo.php?script=sci_serial&amp;pid=1981-7746&amp;lng=en" content-type="journal_page"/><abstract lang_id="pt"><p>O ensaio analisa o recente decreto sobre educação profissional, nº 5.154/04, considerando os limites estruturais impostos pelo modo de produção capitalista à educação, que se manifestam no fenômeno da dualidade estrutural escolar. A partir daí, retoma a concepção de educação politécnica, como um (ainda) novo horizonte de debate teórico, político e pedagógico para o campo da educação profissional.</p></abstract><trans-abstract lang_id="en"><p>This article analyses the recently promulgated 5.154/04 decree on professional education, taking into account the structural limitations imposed by capitalism on education, manifested in the structural dualism of the school system. From there on, the article brings back the idea of polytechnic education as (still) a new perspective for the theoretical, political and pedagogical debate on professional education.</p></trans-abstract><kwd-group lang_id="en" kwd-group-type="author-generated"><kwd>polytechnic education</kwd><kwd>professional education reform</kwd><kwd>Brazilian legislation on education</kwd><kwd>polytechnic thinking</kwd><kwd>technological education</kwd></kwd-group><kwd-group lang_id="pt" kwd-group-type="author-generated"><kwd>educação politécnica</kwd><kwd>reforma da educação profissional</kwd><kwd>legislação educacional brasileira</kwd><kwd>politecnia</kwd><kwd>educação tecnológica</kwd></kwd-group></article-meta></front><back><ref-list><ref id="B1"><element-citation publication-type="book"><source>Trabalho, educação e prática social: por uma teoria da formação humana</source><person-group><name><surname>ARROYO</surname><given-names>Miguel</given-names></name><name><surname>SILVA</surname><given-names>Tomaz Tadeu</given-names></name><name><surname>SILVA</surname><given-names>Tomaz Tadeu</given-names></name></person-group></element-citation></ref><ref id="B2"><element-citation publication-type="book"><source>Política neoliberal e sindicalismo no Brasil</source><date><year>1999</year></date><person-group><name><surname>BOITO JR.</surname><given-names>Armando</given-names></name><name><surname>BOITO JR.</surname><given-names>Armando</given-names></name></person-group></element-citation></ref><ref id="B3"><element-citation publication-type="book"><source>Lei no. 5.692, de 11 de agosto de 1971: Fixa diretrizes e bases para o ensino de 1º e 2º graus, e dá outras providências</source><date><year>1971</year></date></element-citation></ref><ref id="B4"><element-citation publication-type="book"><source>Lei no. 7.044, de 18 de outubro de 1982: Altera dispositivos da Lei 5.692, de 11 de agosto de 1971, referentes a profissionalização do ensino de 2º grau</source><date><year>1982</year></date></element-citation></ref><ref id="B5"><element-citation publication-type="article"><article-title>Projeto de LDB no. 1258-A (de autoria do deputado Octávio Elísio)</article-title><source>Diário do Congresso Nacional</source><issue>175</issue></element-citation></ref><ref id="B6"><element-citation publication-type="book"><source>Lei no. 9.131, de 24 de novembro de 1995: Altera dispositivos da Lei 4.024, de 20 de dezembro de 1961, e dá outras providências</source><date><year>1995</year></date></element-citation></ref><ref id="B7"><element-citation publication-type="book"><source>Plano Diretor da Reforma do Aparelho do Estado</source><date><year>1995</year></date><ext-link>www.planalto.gov.br/publi_04/colecao/plandi.htm</ext-link></element-citation></ref><ref id="B8"><element-citation publication-type="book"><source>Lei no. 9.394, de 20 de dezembro de 1996: Estabelece as Diretrizes e Bases da Educação Nacional</source><date><year>1996</year></date></element-citation></ref><ref id="B9"><element-citation publication-type="book"><source>Decreto no. 2.208, de 17 de abril de 1997</source><date><year>1997</year></date></element-citation></ref><ref id="B10"><element-citation publication-type="book"><source>Decreto no. 5.154, de 23 de julho de 2004: Regulamenta o § 2º do artigo 36 e os arts. 39 a 41 da lei no. 9.394, de 20 de dezembro de 1996, que estabelece as diretrizes e bases da educação nacional e dá outras providências</source><date><year>2004</year></date></element-citation></ref><ref id="B11"><element-citation publication-type="book"><source>Projeto Escola de Fábrica</source><date><year>2004</year></date><ext-link>www.mec.gov.br/semtec/escola/projeto.pdf</ext-link></element-citation></ref><ref id="B12"><element-citation publication-type="book"><source>Análise do projeto de lei que dispõe sobre a educação profissional, a organização da rede federal de educação profissional, e dá outras providências</source><date><year>1996</year></date></element-citation></ref><ref id="B13"><element-citation publication-type="book"><source>A produtividade da escola improdutiva: um (re)exame das relações entre educação e estrutura econômico-social capitalista</source><date><year>1989</year></date><person-group><name><surname>FRIGOTTO</surname><given-names>Gaudêncio</given-names></name><name><surname>FRIGOTTO</surname><given-names>Gaudêncio</given-names></name></person-group></element-citation></ref><ref id="B14"><element-citation publication-type="book"><source>Trabalho, educação e prática social: por uma teoria da formação humana</source><person-group><name><surname>FRIGOTTO</surname><given-names>Gaudêncio</given-names></name><name><surname>SILVA</surname><given-names>Tomaz Tadeu</given-names></name><name><surname>SILVA</surname><given-names>Tomaz Tadeu</given-names></name></person-group></element-citation></ref><ref id="B15"><element-citation publication-type="article"><article-title>Tecnologia, relações sociais e educação</article-title><source>Tempo Brasileiro</source><fpage>131</fpage><lpage>148</lpage><issue>105</issue><person-group><name><surname>FRIGOTTO</surname><given-names>Gaudêncio</given-names></name></person-group></element-citation></ref><ref id="B16"><element-citation publication-type="book"><source>Condição pós-moderna: uma pesquisa sobre as origens da mudança cultural</source><date><year>1992</year></date><person-group><name><surname>HARVEY</surname><given-names>David</given-names></name><name><surname>HARVEY</surname><given-names>David</given-names></name></person-group></element-citation></ref><ref id="B17"><element-citation publication-type="book"><source>Ensino de 2º grau: o trabalho como princípio educativo</source><date><year>1988</year></date><person-group><name><surname>KUENZER</surname><given-names>Acácia</given-names></name><name><surname>KUENZER</surname><given-names>Acácia</given-names></name></person-group></element-citation></ref><ref id="B18"><element-citation publication-type="book"><source>Politecnia no ensino médio</source><person-group><name><surname>KUENZER</surname><given-names>Acácia</given-names></name></person-group></element-citation></ref><ref id="B19"><element-citation publication-type="book"><source>Ensino médio e profissional: as políticas do Estado neoliberal</source><date><year>1997</year></date><person-group><name><surname>KUENZER</surname><given-names>Acácia</given-names></name></person-group></element-citation></ref><ref id="B20"><element-citation publication-type="book"><source>Politecnia, escola unitária e trabalho</source><date><year>1989</year></date><person-group><name><surname>MACHADO</surname><given-names>Lucília</given-names></name><name><surname>MACHADO</surname><given-names>Lucília</given-names></name></person-group></element-citation></ref><ref id="B21"><element-citation publication-type="article"><article-title>A politecnia nos debates pedagógicos soviéticos das décadas de 20 e 30</article-title><source>Teoria &amp; Educação</source><fpage>151</fpage><lpage>174</lpage><issue>3</issue><person-group><name><surname>MACHADO</surname><given-names>Lucília</given-names></name></person-group></element-citation></ref><ref id="B22"><element-citation publication-type="book"><source>História da educação: da Antiguidade aos nossos dias</source><date><year>1989</year></date><person-group><name><surname>MANACORDA</surname><given-names>Mario A.</given-names></name><name><surname>MANACORDA</surname><given-names>Mario A.</given-names></name></person-group></element-citation></ref><ref id="B23"><element-citation publication-type="book"><source>O princípio educativo em Gramsci</source><date><year>1990</year></date><person-group><name><surname>MANACORDA</surname><given-names>Mario A.</given-names></name></person-group></element-citation></ref><ref id="B24"><element-citation publication-type="book"><source>Marx e a pedagogia moderna</source><date><year>1991</year></date><person-group><name><surname>MANACORDA</surname><given-names>Mario A.</given-names></name></person-group></element-citation></ref><ref id="B25"><element-citation publication-type="book"><source>Formação de pessoal de nível médio para a saúde: desafios e perspectivas</source><fpage>193</fpage><lpage>205</lpage><person-group><name><surname>MARTINS</surname><given-names>Carla M.</given-names></name><name><surname>FERREIRA</surname><given-names>Cristiane D.</given-names></name><name><surname>RODRIGUES</surname><given-names>José</given-names></name></person-group></element-citation></ref><ref id="B26"><element-citation publication-type="book"><source>Fundamentos da escola do trabalho</source><date><year>2002</year></date><person-group><name><surname>PISTRAK</surname></name><name><surname>PISTRAK</surname></name></person-group></element-citation></ref><ref id="B27"><element-citation publication-type="article"><article-title>Da teoria do capital humano à empregabilidade: um ensaio sobre as crises do Capital e a Educação Brasileira</article-title><source>Trabalho &amp; Educação</source><fpage>215</fpage><lpage>230</lpage><issue>2</issue><person-group><name><surname>RODRIGUES</surname><given-names>José</given-names></name></person-group></element-citation></ref><ref id="B28"><element-citation publication-type="book"><source>A educação politécnica no Brasil</source><date><year>1998</year></date><person-group><name><surname>RODRIGUES</surname><given-names>José</given-names></name></person-group></element-citation></ref><ref id="B29"><element-citation publication-type="book"><source>O moderno príncipe industrial: o pensamento pedagógico da Confederação Nacional da Indústria</source><date><year>1998</year></date><person-group><name><surname>RODRIGUES</surname><given-names>José</given-names></name></person-group></element-citation></ref><ref id="B30"><element-citation publication-type="article"><article-title>Quarenta anos adiante: breves anotações a respeito do novo decreto de educação profissional</article-title><source>Trabalho Necessário</source><issue>3</issue><person-group><name><surname>RODRIGUES</surname><given-names>José</given-names></name></person-group><ext-link>www.uff.br/trabalhonecessario/JoseRodriguesTN3.htm</ext-link></element-citation></ref><ref id="B31"><element-citation publication-type="book"><source>Nostalgia do mestre artesão</source><date><year>1998</year></date><person-group><name><surname>RUGIU</surname><given-names>Antonio Santoni</given-names></name><name><surname>RUGIU</surname><given-names>Antonio Santoni</given-names></name></person-group></element-citation></ref><ref id="B32"><element-citation publication-type="book"><source>Escola e democracia</source><date><year>1986</year></date><person-group><name><surname>SAVIANI</surname><given-names>Dermeval</given-names></name><name><surname>SAVIANI</surname><given-names>Dermeval</given-names></name></person-group></element-citation></ref><ref id="B33"><element-citation publication-type="book"><source>Contribuição à elaboração da nova Lei de Diretrizes e Bases da Educação: um início de conversa</source><date><year>1988</year></date><person-group><name><surname>SAVIANI</surname><given-names>Dermeval</given-names></name></person-group></element-citation></ref><ref id="B34"><element-citation publication-type="book"><source>Sobre a concepção de politecnia</source><date><year>1989</year></date><person-group><name><surname>SAVIANI</surname><given-names>Dermeval</given-names></name></person-group></element-citation></ref><ref id="B35"><element-citation publication-type="book"><source>A nova lei da educação: LDB - trajetória, limites e perspectivas</source><date><year>1997</year></date><person-group><name><surname>SAVIANI</surname><given-names>Dermeval</given-names></name></person-group></element-citation></ref><ref id="B36"><element-citation publication-type="article"><article-title>O choque teórico da politecnia</article-title><source>Trabalho, Educação e Saúde</source><fpage>131</fpage><lpage>152</lpage><issue>1</issue><volume>1</volume><person-group><name><surname>SAVIANI</surname><given-names>Dermeval</given-names></name></person-group></element-citation></ref><ref id="B37"><element-citation publication-type="book"><source>A corrosão do caráter: conseqüências pessoais do trabalho no novo capitalismo</source><date><year>2000</year></date><person-group><name><surname>SENNETT</surname><given-names>Richard</given-names></name><name><surname>SENNETT</surname><given-names>Richard</given-names></name></person-group></element-citation></ref></ref-list></back></article></articles>