<articles xmlns:xsi="http://www.w3.org/2001/XMLSchema-instance" xsi:schemaLocation="https://raw.githubusercontent.com/scieloorg/articles_meta/master/tests/xsd/scielo_sci/ThomsonReuters_publishing.xsd" dtd-version="1.10"><article lang_id="pt" article-type="research-article"><front><journal-meta><journal-id journal-id-type="publisher">tes</journal-id><journal-title-group><journal-title>Trabalho, Educação e Saúde</journal-title><abbrev-journal-title>Trab. educ. saúde</abbrev-journal-title></journal-title-group><issn>1981-7746</issn><collection>SciELO Brazil</collection><publisher><publisher-name>Fundação Oswaldo Cruz, Escola Politécnica de Saúde Joaquim Venâncio</publisher-name></publisher></journal-meta><article-meta><unique-article-id pub-id-type="publisher-id">S1981-77462011000300008</unique-article-id><article-id pub-id-type="publisher-id">S1981-77462011000300008</article-id><article-id pub-id-type="doi">10.1590/S1981-77462011000300008</article-id><article-categories><subj-group><subject>EDUCATION &amp; EDUCATIONAL RESEARCH</subject><subject>PUBLIC, ENVIRONMENTAL &amp; OCCUPATIONAL HEALTH</subject></subj-group></article-categories><title-group><article-title lang_id="pt">Relações entre profissionais de saúde e usuários durante as práticas em saúde</article-title><trans-title-group lang_id="en"><trans-title>Relationships between health professionals and users throughout health care practices</trans-title></trans-title-group></title-group><contrib-group><contrib contrib-type="author"><name><surname>Schimith</surname><given-names>Maria Denise</given-names></name><role>ND</role></contrib><contrib contrib-type="author"><name><surname>Simon</surname><given-names>Bruna Sodré</given-names></name><role>ND</role></contrib><contrib contrib-type="author"><name><surname>Brêtas</surname><given-names>Ana Cristina Passarella</given-names></name><role>ND</role></contrib><contrib contrib-type="author"><name><surname>Budó</surname><given-names>Maria de Lourdes Denardin</given-names></name><role>ND</role></contrib></contrib-group><pub-date><month>11</month><year>2011</year></pub-date><volume>9</volume><issue>3</issue><fpage>479</fpage><lpage>503</lpage><permissions><license license-type="open-access" href="http://creativecommons.org/licenses/by-nc/4.0/"><license-p>This work is licensed under a Creative Commons Attribution-NonCommercial 4.0 International License.</license-p></license></permissions><self-uri href="http://www.scielo.br/scielo.php?script=sci_arttext&amp;pid=S1981-77462011000300008&amp;lng=en&amp;tlng=en" content-type="full_text_page"/><self-uri href="http://www.scielo.br/scielo.php?script=sci_issuetoc&amp;pid=1981-774620110003&amp;lng=en" content-type="issue_page"/><self-uri href="http://www.scielo.br/scielo.php?script=sci_serial&amp;pid=1981-7746&amp;lng=en" content-type="journal_page"/><abstract lang_id="pt"><p>Apresenta-se uma revisão integrativa sobre estudos que abordam as relações entre profissionais de saúde e usuários durante as práticas em saúde. Objetivou-se identificar os aspectos pesquisados no cotidiano dos serviços acerca dessas relações. A coleta foi realizada nas bases Lilacs e Pubmed segundo os descritores: acolhimento; relações profissional-família; relações profissional-paciente; humanização da assistência; e a palavra 'vínculo' associada ao descritor Sistema Único de Saúde. Selecionaram-se 290 estudos publicados entre 1990 e 2010. Por meio da análise temática, foram criados cinco núcleos de sentido: a relevância da confiança na relação profissional-usuário; sentimentos e sentidos na prática do cuidado; a importância da comunicação nos serviços de saúde; modo de organização das práticas em saúde; e (des)colonialismo. Identificou-se que as relações estabelecidas nas práticas de saúde têm uma dimensão transformadora. No entanto, permanece o desafio de humanizar os serviços de saúde. A enfermagem se destaca na produção do conhecimento nessa temática.</p></abstract><trans-abstract lang_id="en"><p>This article presents an integrative review about studies that address the relationships between health professionals and users in health care practices. It aimed to identify aspects that were researched on the daily life of the services concerning such relationships. Data were collected from the Lilacs and Pubmed databases based on these descriptors: user embracement; professionalfamily relations; professionalpatient relations; humanization of the care; and the bonding word associated to the Single Health System descriptor. Two hundred and ninety studies, published from 1990 to 2010, were selected. Through thematic analyses, five meaning cores were created: the relevance of the confidence in the professionaluser relationship; feelings and senses in the health care practice; the importance of communications in health care services; ways to organize health care practices and (de)colonialism. It was found that relationships established in health care practices have a transformative dimension. However, the challenge to humanize health care services remains. Nursing stands out in the production of knowledge on such theme.</p></trans-abstract><kwd-group lang_id="pt" kwd-group-type="author-generated"><kwd>enfermagem</kwd><kwd>acolhimento</kwd><kwd>humanização da assistência</kwd><kwd>Sistema Único de Saúde</kwd></kwd-group><kwd-group lang_id="en" kwd-group-type="author-generated"><kwd>nursing</kwd><kwd>user embracement</kwd><kwd>humanization of assistance</kwd><kwd>Single Health System</kwd></kwd-group></article-meta></front><back><ref-list><ref id="B1"><element-citation publication-type="article"><article-title>A abertura da privacidade e o sigilo das informações sobre o HIV/Aids das mulheres atendidas pelo Programa Saúde da Família no município de São Paulo, Brasil</article-title><source>Saúde e Sociedade</source><date><month>06</month><year>2008</year></date><fpage>140</fpage><lpage>152</lpage><issue>2</issue><volume>17</volume><person-group><name><surname>ABDALLA</surname><given-names>Fermanda Tavares de Mello</given-names></name><name><surname>NICHIATA</surname><given-names>Lúcia Yasuko Izumi</given-names></name></person-group></element-citation></ref><ref id="B2"><element-citation publication-type="article"><article-title>Relações entre profissionais de saúde e mulheres HIV+: uma abordagem de gênero</article-title><source>Cadernos de Saúde Pública</source><date><month>10</month><year>2006</year></date><fpage>2.115</fpage><lpage>2.123</lpage><issue>10</issue><volume>22</volume><person-group><name><surname>AGUIAR</surname><given-names>Janaína Marques</given-names></name><name><surname>SIMÕES-BARBOSA</surname><given-names>Regina Helena</given-names></name></person-group></element-citation></ref><ref id="B3"><element-citation publication-type="article"><article-title>Necessidades de mulheres no puerpério imediato em uma maternidade pública de Salvador, Bahia, Brasil</article-title><source>Revista da Escola de Enfermagem da USP</source><fpage>347</fpage><lpage>354</lpage><issue>2</issue><volume>42</volume><person-group><name><surname>ALMEIDA</surname><given-names>Mariza Silva</given-names></name><name><surname>SILVA</surname><given-names>Isília Aparecida</given-names></name></person-group></element-citation></ref><ref id="B4"><element-citation publication-type="article"><article-title>Vulnerabilidades no uso de métodos contraceptivos entre adolescentes e jovens: interseções entre políticas públicas e atenção à saúde</article-title><source>Ciência &amp; Saúde Coletiva</source><date><month>04</month><year>2009</year></date><fpage>661</fpage><lpage>670</lpage><issue>2</issue><volume>14</volume><person-group><name><surname>ALVES</surname><given-names>Camila Aloísio</given-names></name><name><surname>BRANDÃO</surname><given-names>Elaine Reis</given-names></name></person-group></element-citation></ref><ref id="B5"><element-citation publication-type="article"><article-title>A humanização do trabalho para os profissionais de enfermagem</article-title><source>Acta Paulista de Enfermagem</source><date><month>12</month><year>2006</year></date><fpage>444</fpage><lpage>449</lpage><issue>4</issue><volume>19</volume><person-group><name><surname>AMESTOY</surname><given-names>Simone Coelho</given-names></name><name><surname>SCHUWARTZ</surname><given-names>Eda</given-names></name><name><surname>THOFEHRN</surname><given-names>Maria Buss</given-names></name></person-group></element-citation></ref><ref id="B6"><element-citation publication-type="article"><article-title>Interação criança/mãe/equipe de enfermagem em processo de hospitalização</article-title><source>Revista Enfermagem Uerj</source><date><month>06</month><year>1993</year></date><fpage>28</fpage><lpage>35</lpage><issue>1</issue><volume>1</volume><person-group><name><surname>ANDRADE</surname><given-names>Vera Rodrigues Oliveira</given-names></name></person-group></element-citation></ref><ref id="B7"><element-citation publication-type="article"><article-title>Além do rio psicoterapêutico: reflexões atuais sobre uma experiência de acolhimento e inclusão</article-title><source>Psicologia Argumento</source><date><month>10</month><year>2007</year></date><fpage>361</fpage><lpage>370</lpage><issue>51</issue><volume>25</volume><person-group><name><surname>ARAÚJO</surname><given-names>Anelize Teresinha da Silva</given-names></name><name><surname>LOBO</surname><given-names>Lilia Ferreira</given-names></name></person-group></element-citation></ref><ref id="B8"><element-citation publication-type="article"><article-title>O diálogo entre a equipe de saúde e mães de bebês prematuros: uma análise freireana</article-title><source>Revista Enfermagem Uerj</source><date><month>06</month><year>2008</year></date><fpage>180</fpage><lpage>186</lpage><issue>2</issue><volume>16</volume><person-group><name><surname>ARAÚJO</surname><given-names>Bárbara Bertolossi Marta</given-names></name><name><surname>RODRIGUES</surname><given-names>Benedita Maria Rêgo Deusdará</given-names></name><name><surname>RODRIGUES</surname><given-names>Elisa da Conceição</given-names></name></person-group></element-citation></ref><ref id="B9"><element-citation publication-type="article"><article-title>Estudo de fatores associados à adesão ao tratamento não farmacológico em portadores de diabetes mellitus assistidos pelo Programa Saúde da Família, Ventosa, Belo Horizonte</article-title><source>Ciência &amp; Saúde Coletiva</source><date><month>12</month><year>2008</year></date><fpage>2.189</fpage><lpage>2.197</lpage><issue>2</issue><volume>13</volume><person-group><name><surname>ASSUNÇÃO</surname><given-names>Thaís Silva</given-names></name><name><surname>URSINE</surname><given-names>Priscila Guedes Santana</given-names></name></person-group></element-citation></ref><ref id="B10"><element-citation publication-type="article"><article-title>Humanizing care through the valuation of the human being: resignification of values and principles by health professionals</article-title><source>Revista LatinoAmericana de Enfermagem</source><date><month>02</month><year>2007</year></date><fpage>34</fpage><lpage>41</lpage><issue>1</issue><volume>15</volume><person-group><name><surname>BACKES</surname><given-names>Dirce Stein</given-names></name><name><surname>KOERICH</surname><given-names>Magda Santos</given-names></name><name><surname>ERDMANN</surname><given-names>Alacoque Lorenzini</given-names></name></person-group></element-citation></ref><ref id="B11"><element-citation publication-type="article"><article-title>A construção de um ambiente de cuidado humano: percepção dos integrantes do grupo de humanização</article-title><source>Nursing</source><date><month>10</month><year>2006</year></date><fpage>1.057</fpage><lpage>1.063</lpage><issue>101</issue><volume>9</volume><person-group><name><surname>BACKES</surname><given-names>Dirce Stein</given-names></name><name><surname>LUNARDI FILHO</surname><given-names>Wilson Danilo</given-names></name><name><surname>LUNARDI</surname><given-names>Valéria Lerch</given-names></name></person-group></element-citation></ref><ref id="B12"><element-citation publication-type="article"><article-title>Humanização nas relações com a família: um desafio para a enfermagem em UTI pediátrica</article-title><source>Acta Scientiarum: Ciências da Saúde</source><date><month>06</month><year>2004</year></date><fpage>205</fpage><lpage>212</lpage><issue>1</issue><volume>26</volume><person-group><name><surname>BARBOSA</surname><given-names>Elizabeth Carla Vasconcelos</given-names></name></person-group></element-citation></ref><ref id="B13"><element-citation publication-type="article"><article-title>Processo de humanização e a tecnologia para o paciente internado em uma unidade de terapia intensiva</article-title><source>Reme - Revista Mineira de Enfermagem</source><date><month>12</month><year>2005</year></date><fpage>341</fpage><lpage>347</lpage><issue>4</issue><volume>9</volume><person-group><name><surname>BARRA</surname><given-names>Daniela Couto Carvalho</given-names></name></person-group></element-citation></ref><ref id="B14"><element-citation publication-type="article"><article-title>Participación materna en la atención del niño hospitalizado</article-title><source>Revista Chilena de Pediatria</source><date><month>06</month><year>1993</year></date><fpage>164</fpage><lpage>168</lpage><issue>3</issue><volume>64</volume><person-group><name><surname>BARRERA</surname><given-names>Francisco</given-names></name></person-group></element-citation></ref><ref id="B15"><element-citation publication-type="article"><article-title>Humanização da assistência de enfermagem: percepção de enfermeiros nos serviços de saúde de um município</article-title><source>Revista Gaúcha de Enfermagem</source><date><month>03</month><year>2009</year></date><fpage>54</fpage><lpage>61</lpage><issue>1</issue><volume>30</volume><person-group><name><surname>BECK</surname><given-names>Carmem Lúcia</given-names></name></person-group></element-citation></ref><ref id="B16"><element-citation publication-type="article"><article-title>Patients' commitment to their primary physician and why it matters</article-title><source>Annals of Family Medicine</source><date><month>02</month><year>2008</year></date><fpage>6</fpage><lpage>13</lpage><issue>1</issue><volume>6</volume><person-group><name><surname>BERRY</surname><given-names>Leonard</given-names></name></person-group></element-citation></ref><ref id="B17"><element-citation publication-type="article"><article-title>A atuação da enfermeira no Programa Saúde da Família: uma breve análise da sua prática assistencial</article-title><source>Nursing</source><date><month>01</month><year>2006</year></date><fpage>632</fpage><lpage>637</lpage><issue>92</issue><volume>9</volume><person-group><name><surname>BICCA</surname><given-names>Larissa Heckler</given-names></name><name><surname>TAVARES</surname><given-names>Kátia Ott</given-names></name></person-group></element-citation></ref><ref id="B18"><element-citation publication-type="article"><article-title>Ações para o enfrentamento da violência contra a mulher em duas unidades de atenção primária à saúde no município do Rio de Janeiro</article-title><source>Interface - Comunicação, Saúde, Educação</source><date><month>03</month><year>2009</year></date><fpage>165</fpage><lpage>174</lpage><issue>28</issue><volume>13</volume><person-group><name><surname>BORSOI</surname><given-names>Tatiana dos Santos</given-names></name><name><surname>BRANDÃO</surname><given-names>Elaine Reis</given-names></name><name><surname>CAVALCANTI</surname><given-names>Maria de Lourdes Tavares</given-names></name></person-group></element-citation></ref><ref id="B19"><element-citation publication-type="article"><article-title>Informed decision making in outpatient practice: time to get back to basics</article-title><source>Journal American Medical Association</source><date><month>12</month><year>1999</year></date><fpage>2.313</fpage><lpage>2.320</lpage><issue>24</issue><volume>282</volume><person-group><name><surname>BRADDOCK</surname><given-names>Clarence</given-names></name></person-group></element-citation></ref><ref id="B20"><element-citation publication-type="book"><source>HumanizaSUS: Política Nacional de Humanização: a humanização como eixo norteador das práticas de atenção e gestão em todas as instâncias do SUS - Ministério da Saúde, Secretaria-Executiva, Núcleo Técnico da Política Nacional de Humanização</source><date><year>2004</year></date></element-citation></ref><ref id="B21"><element-citation publication-type="article"><article-title>El cuidado percibido durante cel proceso de parto: una mirada desde las madres</article-title><source>Revista Chilena de Obstetricia y Ginecologia</source><date><year>2008</year></date><fpage>179</fpage><lpage>184</lpage><issue>3</issue><volume>73</volume><person-group><name><surname>BRAVO</surname><given-names>Paulina</given-names></name><name><surname>URIBET</surname><given-names>Claudia</given-names></name><name><surname>CONTRERAS</surname><given-names>Aixa</given-names></name></person-group></element-citation></ref><ref id="B22"><element-citation publication-type="article"><article-title>Atención prenatal en el primer nivel de atención: características de los proveedores que influyen en la satisfacción de las usuarias</article-title><source>Salud pública de México</source><date><month>12</month><year>2003</year></date><fpage>445</fpage><lpage>454</lpage><issue>6</issue><volume>45</volume><person-group><name><surname>BRONFMAN-PERTZOVSKY</surname><given-names>Mario Norberto</given-names></name><name><surname>LÓPEZ-MORENO</surname><given-names>Sergio</given-names></name><name><surname>MAGIS-RODRÍGUEZ</surname><given-names>Carlos</given-names></name><name><surname>MORENO-ALTAMIRANO</surname><given-names>Alejandra</given-names></name><name><surname>RUTSTEIN</surname><given-names>Shea</given-names></name></person-group></element-citation></ref><ref id="B23"><element-citation publication-type="article"><article-title>Cuidado humanizado em terapia intensiva: um estudo reflexivo</article-title><source>Escola Anna Nery Revista de Enfermagem</source><fpage>325</fpage><lpage>330</lpage><issue>2</issue><volume>11</volume><person-group><name><surname>CAETANO</surname><given-names>Joselany Afio</given-names></name></person-group></element-citation></ref><ref id="B24"><element-citation publication-type="thesis"><source>O acolhimento ao doente com tuberculose: estudo comparativo entre uma unidade de saúde da família e um ambulatório de especialidades médicas</source><date><year>2004</year></date><person-group><name><surname>CAMPINAS</surname><given-names>Lúcia de Lourdes Souza Leite</given-names></name><name><surname>CAMPINAS</surname><given-names>Lúcia de Lourdes Souza Leite</given-names></name></person-group></element-citation></ref><ref id="B25"><element-citation publication-type="article"><article-title>Prevalência e fatores associados ao uso inadequado do serviço de emergência: uma revisão sistemática da literatura</article-title><source>Cadernos de Saúde Pública</source><date><month>01</month><year>2009</year></date><fpage>7</fpage><lpage>28</lpage><issue>1</issue><volume>25</volume><person-group><name><surname>CARRET</surname><given-names>Maria Laura Vidal</given-names></name><name><surname>FASSA</surname><given-names>Ana Claudia Gastal</given-names></name><name><surname>DOMINGUES</surname><given-names>Marlos Rodrigues</given-names></name></person-group></element-citation></ref><ref id="B26"><element-citation publication-type="article"><article-title>Tecnologia das relações como dispositivo do atendimento humanizado na atenção básica à saúde na perspectiva do acesso, do acolhimento e do vínculo</article-title><source>Ciência &amp; Saúde Coletiva</source><date><month>10</month><year>2009</year></date><fpage>1.523</fpage><lpage>1.531</lpage><volume>14</volume><person-group><name><surname>COELHO</surname><given-names>Márcia Oliveira</given-names></name><name><surname>JORGE</surname><given-names>Maria Salete Bessa</given-names></name></person-group></element-citation></ref><ref id="B27"><element-citation publication-type="thesis"><source>Avaliação da organização da assistência às doenças sexualmente transmissíveis na rede básica de saúde do município de Ilhéus, BA</source><date><year>2008</year></date><person-group><name><surname>CORDEIRO</surname><given-names>Tania Maria de Oliviera</given-names></name><name><surname>CORDEIRO</surname><given-names>Tania Maria de Oliviera</given-names></name></person-group></element-citation></ref><ref id="B28"><element-citation publication-type="book"><source>Esperança equilibrista: cartografias de sujeitos em sofrimento psíquico</source><date><year>2006</year></date><person-group><name><surname>DALMOLIN</surname><given-names>Bernadete Maria</given-names></name><name><surname>DALMOLIN</surname><given-names>Bernadete Maria</given-names></name></person-group></element-citation></ref><ref id="B29"><element-citation publication-type="article"><article-title>Opinião de puérperas quanto ao acolhimento no alojamento conjunto de uma maternidade pública de Natal-RN</article-title><source>Nursing</source><date><month>10</month><year>2009</year></date><fpage>479</fpage><lpage>484</lpage><issue>137</issue><volume>12</volume><person-group><name><surname>DAVIM</surname><given-names>Rejane Marie Barbosa</given-names></name></person-group></element-citation></ref><ref id="B30"><element-citation publication-type="article"><article-title>Parceria entre Caps e PSF: o desafio da construção de um novo saber</article-title><source>Ciência &amp; Saúde Coletiva</source><date><month>10</month><year>2009</year></date><fpage>1.483</fpage><lpage>1.492</lpage><volume>14</volume><person-group><name><surname>DELFINI</surname><given-names>Patrícia Santos de Souza</given-names></name><name><surname>SATO</surname><given-names>Miki Takao</given-names></name><name><surname>ANTONELI</surname><given-names>Patrícia de Paulo</given-names></name></person-group></element-citation></ref><ref id="B31"><element-citation publication-type="thesis"><source>Do acolhimento à desconsideração da família no cenário hospitalar pela enfermagem: a divergência de modelos assistenciais e o sofrimento no trabalho, como componentes intervenientes</source><date><year>2008</year></date><person-group><name><surname>DELL'ACQUA</surname><given-names>Marcos Lourenço</given-names></name><name><surname>DELL'ACQUA</surname><given-names>Marcos Lourenço</given-names></name></person-group></element-citation></ref><ref id="B32"><element-citation publication-type="article"><article-title>Navigating the health care system: perceptions of patients with chronic pain</article-title><source>Chronic Diseases Canada</source><date><year>2009</year></date><fpage>162</fpage><lpage>168</lpage><issue>4</issue><volume>29</volume><person-group><name><surname>DEWAR</surname><given-names>Anne</given-names></name></person-group></element-citation></ref><ref id="B33"><element-citation publication-type="article"><article-title>Assistência pré-natal no Programa Saúde da Família</article-title><source>Escola Anna Nery Revista de Enfermagem</source><date><month>04</month><year>2006</year></date><fpage>121</fpage><lpage>126</lpage><issue>1</issue><volume>10</volume><person-group><name><surname>DUARTE</surname><given-names>Sebastião Junior Henrique</given-names></name><name><surname>ANDRADE</surname><given-names>Sônia Maria Oliveira de</given-names></name></person-group></element-citation></ref><ref id="B34"><element-citation publication-type="article"><article-title>Participación materna en la atención del niño hospitalizado</article-title><source>Revista Chilena de Pediatria</source><date><month>08</month><year>1998</year></date><fpage>158</fpage><lpage>60</lpage><issue>3</issue><volume>14</volume><person-group><name><surname>ESCOBAR</surname><given-names>Sonia</given-names></name></person-group></element-citation></ref><ref id="B35"><element-citation publication-type="article"><article-title>Os cuidadores: a prática clínica dos profissionais da saúde</article-title><source>Mundo Saúde</source><date><month>06</month><year>2003</year></date><fpage>254</fpage><lpage>257</lpage><issue>2</issue><volume>27</volume><person-group><name><surname>FAIMAN</surname><given-names>Carla Segre</given-names></name></person-group></element-citation></ref><ref id="B36"><element-citation publication-type="article"><article-title>O atendimento humanizado em unidade pediátrica: percepção do acompanhante da criança hospitalizada</article-title><source>Texto &amp; Contexto Enfermagem</source><date><month>12</month><year>2007</year></date><fpage>609</fpage><lpage>616</lpage><volume>16</volume><person-group><name><surname>FAQUINELLO</surname><given-names>Paula</given-names></name><name><surname>HIGRASHI</surname><given-names>Ieda Harumi</given-names></name><name><surname>MARCON</surname><given-names>Sonia Silva</given-names></name></person-group></element-citation></ref><ref id="B37"><element-citation publication-type="article"><article-title>What are the essential elements to enable patient participation in medical decision making?</article-title><source>Journal of General Internal Medicine</source><date><month>05</month><year>2007</year></date><fpage>614</fpage><lpage>619</lpage><issue>5</issue><volume>22</volume><person-group><name><surname>FRAENKEL</surname><given-names>Raenkel Liana</given-names></name><name><surname>McGRAW</surname><given-names>Sarah</given-names></name></person-group></element-citation></ref><ref id="B38"><element-citation publication-type="article"><article-title>Reflexões acerca da implantação e funcionamento de um plantão de emergência em saúde mental</article-title><source>Psicologia: Ciência e Profissão</source><date><year>2005</year></date><fpage>146</fpage><lpage>163</lpage><issue>1</issue><volume>25</volume><person-group><name><surname>FRANÇA</surname><given-names>Irvalete Guimarães</given-names></name></person-group></element-citation></ref><ref id="B39"><element-citation publication-type="article"><article-title>Criança hospitalizada: compreendendo as necessidades de mães durante a hospitalização</article-title><source>Nursing</source><date><month>04</month><year>2007</year></date><fpage>166</fpage><lpage>170</lpage><issue>107</issue><volume>9</volume><person-group><name><surname>FRANCO</surname><given-names>Sonia Maria Carneiro de Morais</given-names></name><name><surname>AGUILLAR</surname><given-names>Olga Maimoni</given-names></name></person-group></element-citation></ref><ref id="B40"><element-citation publication-type="article"><article-title>Representações e experiências das mulheres sobre a assistência ao parto vaginal e cesárea em maternidades pública e privada</article-title><source>Cadernos de Saúde Pública</source><date><month>11</month><year>2009</year></date><fpage>2.480</fpage><lpage>2.488</lpage><issue>11</issue><volume>25</volume><person-group><name><surname>GAMA</surname><given-names>Andréa de Sousa</given-names></name></person-group></element-citation></ref><ref id="B41"><element-citation publication-type="article"><article-title>A alta hospitalar na avaliação de pacientes e cuidadores: uma revisão integrativa da literatura</article-title><source>Acta Paulista de Enfermagem</source><date><month>12</month><year>2008</year></date><fpage>351</fpage><lpage>355</lpage><issue>2</issue><volume>21</volume><person-group><name><surname>GANZELLA</surname><given-names>Marcela</given-names></name><name><surname>ZAGO</surname><given-names>Márcia Maria Fontão</given-names></name></person-group></element-citation></ref><ref id="B42"><element-citation publication-type="article"><article-title>As concepções de vínculo e a relação com o controle da tuberculose</article-title><source>Revista da Escola de Enfermagem da USP</source><date><month>06</month><year>2009</year></date><fpage>365</fpage><lpage>372</lpage><issue>2</issue><volume>43</volume><person-group><name><surname>GOMES</surname><given-names>Anna Luiza Castro</given-names></name><name><surname>SÁ</surname><given-names>Lenilde Duarte</given-names></name></person-group></element-citation></ref><ref id="B43"><element-citation publication-type="article"><article-title>O cuidado compartilhado entre a família e a enfermagem à criança no hospital: uma perspectiva para a sua humanização</article-title><source>Revista Gaúcha de Enfermagem</source><date><month>04</month><year>2005</year></date><fpage>20</fpage><lpage>30</lpage><issue>1</issue><volume>26</volume><person-group><name><surname>GOMES</surname><given-names>Giovana Calcagno</given-names></name><name><surname>ERDMANN</surname><given-names>Alacoque Lorenzini</given-names></name></person-group></element-citation></ref><ref id="B44"><element-citation publication-type="article"><article-title>Interação do profissional de saúde com o paciente idoso</article-title><source>Jornal Brasileiro de Medicina</source><date><month>12</month><year>2008</year></date><fpage>36</fpage><lpage>39</lpage><issue>5/6</issue><volume>95</volume><person-group><name><surname>GOMES</surname><given-names>Lucy</given-names></name><name><surname>VIANNA</surname><given-names>Cecília</given-names></name></person-group></element-citation></ref><ref id="B45"><element-citation publication-type="article"><article-title>O cuidado dispensado aos familiares na unidade de terapia intensiva</article-title><source>Revista Enfermagem Uerj</source><date><month>08</month><year>2005</year></date><fpage>223</fpage><lpage>228</lpage><issue>2</issue><volume>13</volume><person-group><name><surname>GOTARDO</surname><given-names>Glória Inês Beal</given-names></name><name><surname>SILVA</surname><given-names>Claudia Aparecida</given-names></name></person-group></element-citation></ref><ref id="B46"><element-citation publication-type="article"><article-title>The patient role in decision-making in Lithuanian health care</article-title><source>Medicina (Kaunas)</source><date><year>2004</year></date><fpage>1.109</fpage><lpage>1.116</lpage><issue>11</issue><volume>40</volume><person-group><name><surname>GRABAUSKAS VILIUS</surname><given-names>Peicius Eimantas</given-names></name><name><surname>KAMINSKAS</surname><given-names>Raimundas</given-names></name></person-group></element-citation></ref><ref id="B47"><element-citation publication-type="article"><article-title>O cuidado de enfermagem no CTI: da ação-reflexão à conscientização</article-title><source>Texto &amp; Contexto Enfermagem</source><date><month>08</month><year>2000</year></date><fpage>824</fpage><lpage>837</lpage><issue>2</issue><volume>9</volume><person-group><name><surname>HAYASHI</surname><given-names>Alda Aparecida Mastelaro</given-names></name><name><surname>GISI</surname><given-names>Maria Lourdes</given-names></name></person-group></element-citation></ref><ref id="B48"><element-citation publication-type="article"><article-title>The relative importance of physician communication, participatory decision making, and patient understanding in diabetes self-management</article-title><source>Journal of General Internal Medicine</source><date><month>04</month><year>2002</year></date><fpage>243</fpage><lpage>252</lpage><issue>4</issue><volume>17</volume><person-group><name><surname>HEISLER</surname><given-names>Michele</given-names></name></person-group></element-citation></ref><ref id="B49"><element-citation publication-type="article"><article-title>Humanizar los contextos de salud, cuestión de liderazgo</article-title><source>Investigación y Educación en Enfermería</source><date><month>09</month><year>2008</year></date><fpage>218</fpage><lpage>225</lpage><issue>2</issue><volume>26</volume><person-group><name><surname>HOYOS</surname><given-names>Hernández Paula Andrea</given-names></name><name><surname>CARDONA</surname><given-names>Ramírez Mónica Alexandra</given-names></name><name><surname>CORREA</surname><given-names>Sánchez Diego</given-names></name></person-group></element-citation></ref><ref id="B50"><element-citation publication-type="article"><article-title>The dimensions of responsiveness of a health system: a Taiwanese perspective</article-title><source>BMC Public Health</source><date><month>03</month><year>2006</year></date><issue>72</issue><volume>6</volume><person-group><name><surname>HSU</surname><given-names>Chih-Cheng</given-names></name></person-group></element-citation></ref><ref id="B51"><element-citation publication-type="article"><article-title>Avaliação da qualidade do Programa Saúde da Família no Ceará: a satisfação dos usuários</article-title><source>Revista Baiana de Saúde Pública</source><date><month>12</month><year>2007</year></date><fpage>256</fpage><lpage>266</lpage><issue>2</issue><volume>31</volume><person-group><name><surname>JORGE</surname><given-names>Maria Salete Bessa</given-names></name></person-group></element-citation></ref><ref id="B52"><element-citation publication-type="article"><article-title>Pacific Islanders' perspectives on heart failure management</article-title><source>Patient Education and Counseling</source><date><month>02</month><year>2008</year></date><fpage>281</fpage><lpage>291</lpage><issue>2</issue><volume>70</volume><person-group><name><surname>KAHOLOKULA</surname><given-names>Joseph Keawe'aimoku</given-names></name></person-group></element-citation></ref><ref id="B53"><element-citation publication-type="article"><article-title>A ética, o cliente com câncer e o enfermeiro</article-title><source>Texto &amp; Contexto Enfermagem</source><date><month>12</month><year>1995</year></date><fpage>38</fpage><lpage>47</lpage><issue>2</issue><volume>4</volume><person-group><name><surname>KALAKUM</surname><given-names>Luciane</given-names></name><name><surname>VIEGAS</surname><given-names>Maria Alice Vargas</given-names></name><name><surname>GERHARDT</surname><given-names>Luiza Maria</given-names></name></person-group></element-citation></ref><ref id="B54"><element-citation publication-type="thesis"><source>Preparando-se para enfrentar o parto e pós-parto: a experiência da participação em grupo de gestantes</source><date><year>2001</year></date><person-group><name><surname>KESSELRING</surname><given-names>Beatriz Basile de Castro</given-names></name><name><surname>KESSELRING</surname><given-names>Beatriz Basile de Castro</given-names></name></person-group></element-citation></ref><ref id="B55"><element-citation publication-type="article"><article-title>Theory and practice of informed consent in the Czech Republic</article-title><source>Journal of Medical Ethics</source><date><month>05</month><year>2007</year></date><fpage>273</fpage><lpage>277</lpage><issue>5</issue><volume>33</volume><person-group><name><surname>KRIZOVA</surname><given-names>Eva</given-names></name><name><surname>SIMEK</surname><given-names>Jiri</given-names></name></person-group></element-citation></ref><ref id="B56"><element-citation publication-type="thesis"><source>Aids e gravidez: desafios para o cuidado nos serviços de saúde</source><date><year>2004</year></date><person-group><name><surname>LANDRONI</surname><given-names>Maria Angela Silva</given-names></name><name><surname>LANDRONI</surname><given-names>Maria Angela Silva</given-names></name></person-group></element-citation></ref><ref id="B57"><element-citation publication-type="article"><article-title>Acolhimento: perspectiva de reorganização da assistência de enfermagem</article-title><source>Revista Brasileira de Enfermagem</source><date><month>06</month><year>1999</year></date><fpage>161</fpage><lpage>168</lpage><issue>2</issue><volume>52</volume><person-group><name><surname>LEITE</surname><given-names>Juliana</given-names></name><name><surname>MAIA</surname><given-names>Carmem Araújo</given-names></name><name><surname>SENA</surname><given-names>Roseni Rosângela</given-names></name></person-group></element-citation></ref><ref id="B58"><element-citation publication-type="article"><article-title>O cuidado humanizado sob a perspectiva de enfermeiras em unidade de recuperação pós-anestésica</article-title><source>Revista Gaúcha de Enfermagem</source><date><month>03</month><year>2008</year></date><fpage>90</fpage><lpage>97</lpage><issue>1</issue><volume>29</volume><person-group><name><surname>LIMA</surname><given-names>Luciana Bjorklund</given-names></name><name><surname>BUSIN</surname><given-names>Lurdes</given-names></name></person-group></element-citation></ref><ref id="B59"><element-citation publication-type="thesis"><source>Assistência prestada pelo enfermeiro em unidades de terapia intensiva: aspectos afetivos e relacionais</source><date><year>1993</year></date><person-group><name><surname>LIMA</surname><given-names>Maria da Glória</given-names></name><name><surname>LIMA</surname><given-names>Maria da Glória</given-names></name></person-group></element-citation></ref><ref id="B60"><element-citation publication-type="article"><article-title>Assistência à criança hospitalizada: reflexões acerca da participação dos pais</article-title><source>Revista LatinoAmericana de Enfermagem</source><date><month>04</month><year>1999</year></date><fpage>33</fpage><lpage>39</lpage><issue>2</issue><volume>7</volume><person-group><name><surname>LIMA</surname><given-names>Regina Aparecida Garcia</given-names></name><name><surname>ROCHA</surname><given-names>Semiramis Melani Melo</given-names></name><name><surname>SCOCHI</surname><given-names>Carmen Gracinda Silvan</given-names></name></person-group></element-citation></ref><ref id="B61"><element-citation publication-type="article"><article-title>Impacto dos resultados das pesquisas em enfermagem na prática profissional</article-title><source>Cogitare Enfermagem</source><date><month>03</month><year>2009</year></date><fpage>165</fpage><lpage>171</lpage><issue>1</issue><volume>14</volume><person-group><name><surname>LUNARDI</surname><given-names>Valéria Lerch</given-names></name></person-group></element-citation></ref><ref id="B62"><element-citation publication-type="article"><article-title>Ophthalmology patients' religious and spiritual beliefs: an opportunity to build trust in the patient-physician relationship</article-title><source>Archives of Ophthalmology</source><date><month>09</month><year>2008</year></date><fpage>1.262</fpage><lpage>1.265</lpage><issue>9</issue><volume>126</volume><person-group><name><surname>MAGYAR-RUSSELL</surname><given-names>Gina</given-names></name></person-group></element-citation></ref><ref id="B63"><element-citation publication-type="article"><article-title>Alianza terapéutica en un grupo de pacientes de nivel socio-económico bajo</article-title><source>Revista Argentina Clínica Psicologica</source><date><month>08</month><year>1997</year></date><fpage>123</fpage><lpage>133</lpage><issue>2</issue><volume>6</volume><person-group><name><surname>MARTÍNEZ</surname><given-names>Cláudio</given-names></name></person-group></element-citation></ref><ref id="B64"><element-citation publication-type="article"><article-title>Repensando a tecnologia para o cuidado do idoso em UTI</article-title><source>ACM - Arquivos Catarinenses de Medicina</source><date><day>04</day><month>06</month><year>2005</year></date><fpage>49</fpage><lpage>55</lpage><issue>2</issue><volume>34</volume><person-group><name><surname>MARTINS</surname><given-names>Josiane de Jesus</given-names></name><name><surname>NASCIMENTO</surname><given-names>Eliane Regina Pereira</given-names></name></person-group></element-citation></ref><ref id="B65"><element-citation publication-type="article"><article-title>Humanização da assistência de enfermagem: estudo com clientes no período pós-internação de uma UTI-adulto</article-title><source>Acta Scientiarum: Health Science</source><date><month>12</month><year>2003</year></date><fpage>163</fpage><lpage>170</lpage><issue>2</issue><volume>25</volume><person-group><name><surname>MATSUDA</surname><given-names>Laura Misue</given-names></name><name><surname>SILVA</surname><given-names>Neuza</given-names></name><name><surname>TISOLIN</surname><given-names>Ana Maria</given-names></name></person-group></element-citation></ref><ref id="B66"><element-citation publication-type="book"><source>Estado, sociedade e formação profissional: contribuições e desafios em 20 anos de SUS</source><date><year>2008</year></date><fpage>313</fpage><lpage>352</lpage><person-group><name><surname>MATTOS</surname><given-names>Ruben Araujo</given-names></name><name><surname>MATTA</surname><given-names>Gustavo Corrêa</given-names></name><name><surname>LIMA</surname><given-names>Julio César França</given-names></name><name><surname>MATTA</surname><given-names>Gustavo Corrêa</given-names></name><name><surname>LIMA</surname><given-names>Julio César França</given-names></name></person-group></element-citation></ref><ref id="B67"><element-citation publication-type="article"><article-title>Revisão integrativa: método de pesquisa para a incorporação de evidências na saúde e na enfermagem</article-title><source>Texto Contexto Enfermagem</source><date><month>12</month><year>2008</year></date><fpage>758</fpage><lpage>764</lpage><issue>4</issue><volume>17</volume><person-group><name><surname>MENDES</surname><given-names>Karina Dal Sasso</given-names></name><name><surname>SILVEIRA</surname><given-names>Renata Cristina de Campos Pereira</given-names></name><name><surname>GALVÃO</surname><given-names>Cristina Maria</given-names></name></person-group></element-citation></ref><ref id="B68"><element-citation publication-type="book"><source>O desafio do conhecimento: pesquisa qualitativa em saúde</source><date><year>2008</year></date><person-group><name><surname>MINAYO</surname><given-names>Maria Cecília de Souza</given-names></name><name><surname>MINAYO</surname><given-names>Maria Cecília de Souza</given-names></name></person-group></element-citation></ref><ref id="B69"><element-citation publication-type="article"><article-title>A percepção da família sobre sua presença em uma Unidade de Terapia Intensiva Pediátrica e Neonatal</article-title><source>Revista Escola Enfermagem USP</source><date><month>09</month><year>2009</year></date><fpage>630</fpage><lpage>638</lpage><issue>3</issue><volume>43</volume><person-group><name><surname>MOLINA</surname><given-names>Rosemeire Cristina Moretto</given-names></name></person-group></element-citation></ref><ref id="B70"><element-citation publication-type="article"><article-title>Programa Mãe Participante: experiência de 1 ano de implantação no Hospital Humberto Primo (HUI)</article-title><source>Revista Paulista de Pediatria</source><date><month>03</month><year>1991</year></date><fpage>14</fpage><lpage>2l</lpage><issue>32</issue><volume>9</volume><person-group><name><surname>MORA</surname><given-names>Maria Cristina Surani</given-names></name></person-group></element-citation></ref><ref id="B71"><element-citation publication-type="article"><article-title>Vivenciando a autonomia do cliente e da família: percepção de enfermeiros da unidade de terapia intensiva de um hospital escola</article-title><source>Nursing</source><date><month>08</month><year>2009</year></date><fpage>375</fpage><lpage>380</lpage><issue>135</issue><volume>12</volume><person-group><name><surname>MORAES</surname><given-names>Edvaldo Leal</given-names></name></person-group></element-citation></ref><ref id="B72"><element-citation publication-type="article"><article-title>O modelo de atenção integral à saúde para tratamento de problemas decorrentes do uso de álcool e outras drogas: percepções de usuários, acompanhantes e profissionais</article-title><source>Ciência &amp; Saúde Coletiva</source><date><month>03</month><year>2008</year></date><fpage>121</fpage><lpage>133</lpage><issue>1</issue><volume>13</volume><person-group><name><surname>MORAES</surname><given-names>Maristela</given-names></name></person-group></element-citation></ref><ref id="B73"><element-citation publication-type="article"><article-title>Sistema interpessoal de Imogene King: as relações entre pacientes com hipertensão não aderentes ao tratamento e profissionais de saúde</article-title><source>Acta Paulista de Enfermagem</source><date><month>09</month><year>2002</year></date><fpage>34</fpage><lpage>43</lpage><issue>3</issue><volume>15</volume><person-group><name><surname>MOREIRA</surname><given-names>Thereza Maria Magalhães</given-names></name><name><surname>ARAÚJO</surname><given-names>Thelma Leite</given-names></name></person-group></element-citation></ref><ref id="B74"><element-citation publication-type="article"><article-title>A relação interpessoal entre profissionais de saúde e a mulher em abortamento incompleto: "o olhar da mulher"</article-title><source>Revista Brasileira de Saúde Materno Infantil</source><date><month>06</month><year>2005</year></date><fpage>219</fpage><lpage>227</lpage><issue>2</issue><volume>5</volume><person-group><name><surname>MOTTA</surname><given-names>Ilse Sodré</given-names></name></person-group></element-citation></ref><ref id="B75"><element-citation publication-type="article"><article-title>Humanization and nursing assistance to normal childbirth</article-title><source>Revista Brasileira de Enfermagem</source><date><month>08</month><year>2007</year></date><fpage>452</fpage><lpage>455</lpage><issue>4</issue><volume>60</volume><person-group><name><surname>MOURA</surname><given-names>Fernanda Maria de Jesus Pires</given-names></name></person-group></element-citation></ref><ref id="B76"><element-citation publication-type="article"><article-title>Pasos hacia un pensamiento complejo en salud</article-title><source>Claves en Psicoanálisis y Medicina</source><date><year>2004</year></date><fpage>70</fpage><lpage>76</lpage><issue>21</issue><volume>13</volume><person-group><name><surname>NAJMANOVICH</surname><given-names>Denise</given-names></name><name><surname>LENNIE</surname><given-names>Vera</given-names></name></person-group></element-citation></ref><ref id="B77"><element-citation publication-type="article"><article-title>Iniciação sexual masculina: conversas íntimas para fóruns privados</article-title><source>Ciência &amp; Saúde Coletiva</source><date><month>08</month><year>2009</year></date><fpage>1.101</fpage><lpage>1.110</lpage><issue>4</issue><volume>14</volume><person-group><name><surname>NASCIMENTO</surname><given-names>Elaine Ferreira</given-names></name><name><surname>GOMES</surname><given-names>Romeu</given-names></name></person-group></element-citation></ref><ref id="B78"><element-citation publication-type="article"><article-title>Implantação do acolhimento em uma unidade local de saúde de Florianópolis</article-title><source>ACM - Arquivos Catarinenses de Medicina</source><date><month>12</month><year>2008</year></date><fpage>32</fpage><lpage>34</lpage><issue>4</issue><volume>37</volume><person-group><name><surname>NASCIMENTO</surname><given-names>Paula Thais Avila</given-names></name><name><surname>TESSER</surname><given-names>Charles Dalcanale</given-names></name><name><surname>POLI NETO</surname><given-names>Paulo</given-names></name></person-group></element-citation></ref><ref id="B79"><element-citation publication-type="article"><article-title>Cuidado, "cavalo batizado" e crítica da conduta profissional pelo paciente-cidadão hospitalizado no Nordeste brasileiro</article-title><source>Cadernos de Saúde Pública</source><date><month>09</month><year>2007</year></date><fpage>2.103</fpage><lpage>2.112</lpage><issue>9</issue><volume>23</volume><person-group><name><surname>NATIONS</surname><given-names>Marilyn</given-names></name><name><surname>GOMES</surname><given-names>Annatália Meneses de Amorim</given-names></name></person-group></element-citation></ref><ref id="B80"><element-citation publication-type="article"><article-title>Acolhimento no cotidiano dos auxiliares de enfermagem nas Unidades de Saúde da Família, Londrina (PR)</article-title><source>Ciência &amp; Saúde Coletiva</source><date><month>10</month><year>2009</year></date><fpage>1.411</fpage><lpage>1.419</lpage><volume>14</volume><person-group><name><surname>NERY</surname><given-names>Sônia Regina</given-names></name></person-group></element-citation></ref><ref id="B81"><element-citation publication-type="article"><article-title>A comunicação no contexto do acolhimento em uma unidade de saúde da família de São Carlos, SP</article-title><source>Interface - Comunicação, Saúde, Educação</source><date><month>12</month><year>2008</year></date><fpage>749</fpage><lpage>762</lpage><issue>27</issue><volume>12</volume><person-group><name><surname>OLIVEIRA</surname><given-names>Adriano</given-names></name></person-group></element-citation></ref><ref id="B82"><element-citation publication-type="article"><article-title>Atendimento às mulheres vítimas de violência sexual: um estudo qualitativo</article-title><source>Revista de Saúde Pública</source><date><month>06</month><year>2005</year></date><fpage>376</fpage><lpage>382</lpage><issue>3</issue><volume>39</volume><person-group><name><surname>OLIVEIRA</surname><given-names>Eleonora Menicucci</given-names></name></person-group></element-citation></ref><ref id="B83"><element-citation publication-type="article"><article-title>Antropologia nos serviços de saúde: integralidade, cultura e comunicação</article-title><source>Interface - Comunicação, Saúde, Educação</source><date><month>02</month><year>2002</year></date><fpage>63</fpage><lpage>74</lpage><issue>10</issue><volume>6</volume><person-group><name><surname>OLIVEIRA</surname><given-names>Francisco Arsego</given-names></name></person-group></element-citation></ref><ref id="B84"><element-citation publication-type="book"><source>Manual de práticas em Atenção Básica: saúde ampliada e compartilhada</source><date><year>2007</year></date><fpage>283</fpage><lpage>297</lpage><person-group><name><surname>OLIVEIRA</surname><given-names>Gustavo Nunes</given-names></name><name><surname>CAMPOS</surname><given-names>Gastão Wagner de Souza</given-names></name><name><surname>GUERRERO</surname><given-names>André Vinicius Pires</given-names></name><name><surname>CAMPOS</surname><given-names>Gastão Wagner de Souza</given-names></name><name><surname>GUERRERO</surname><given-names>André Vinicius Pires</given-names></name></person-group></element-citation></ref><ref id="B85"><element-citation publication-type="article"><article-title>Discurso de médicos e enfermeiros sobre direitos e deveres de gestantes com HIV/Aids no âmbito assistencial: uma abordagem bioética</article-title><source>Nursing</source><date><month>09</month><year>2007</year></date><fpage>419</fpage><lpage>424</lpage><issue>112</issue><volume>10</volume><person-group><name><surname>OLIVEIRA</surname><given-names>Iaponira Cortez Costa</given-names></name><name><surname>COSTA</surname><given-names>Solange Fátima Geraldo</given-names></name><name><surname>SOARES</surname><given-names>Maria Julia Guimarães Oliveira</given-names></name></person-group></element-citation></ref><ref id="B86"><element-citation publication-type="article"><article-title>O processo de comunicação na administração de medicamentos injetáveis em crianças sob a perspectiva da interação entre mãecriança e auxiliares de enfermagem</article-title><source>Revista Latino Americana de Enfermagem</source><date><month>10</month><year>1997</year></date><fpage>61</fpage><lpage>67</lpage><issue>4</issue><volume>5</volume><person-group><name><surname>OLIVEIRA</surname><given-names>Viviane Tosta</given-names></name><name><surname>CASSIANI</surname><given-names>Silvia Helena de Bortoli</given-names></name></person-group></element-citation></ref><ref id="B87"><element-citation publication-type="thesis"><source>O mundo positivo do HIV a partir da visão dos profissionais de saúde no município de Niterói, RJ</source><date><year>2006</year></date><person-group><name><surname>PEREIRA</surname><given-names>Audrey Vidal</given-names></name><name><surname>PEREIRA</surname><given-names>Audrey Vidal</given-names></name></person-group></element-citation></ref><ref id="B88"><element-citation publication-type="article"><article-title>La relación médico-paciente en el sistema nacional de salud</article-title><source>Revista Cuba de Medicina General Integral</source><date><month>12</month><year>2003</year></date><issue>6</issue><volume>19</volume><person-group><name><surname>PÉREZ CICILI</surname><given-names>Amely</given-names></name></person-group></element-citation></ref><ref id="B89"><element-citation publication-type="article"><article-title>Mirada al gineco-obstetra en atención ambulatória</article-title><source>Revista Chilena de Salud Pública</source><date><year>2003</year></date><fpage>74</fpage><lpage>79</lpage><issue>2</issue><volume>7</volume><person-group><name><surname>PÉREZ</surname><given-names>Claudio</given-names></name></person-group></element-citation></ref><ref id="B90"><element-citation publication-type="book"><source>Gestão em redes: práticas de avaliação, formação e participação na saúde</source><date><year>2006</year></date><fpage>11</fpage><lpage>26</lpage><person-group><name><surname>PINHEIRO</surname><given-names>Roseni</given-names></name><name><surname>MATTOS</surname><given-names>Ruben Araújo</given-names></name><name><surname>PINHEIRO</surname><given-names>Roseni</given-names></name><name><surname>MATTOS</surname><given-names>Ruben Araujo</given-names></name><name><surname>PINHEIRO</surname><given-names>Roseni</given-names></name><name><surname>MATTOS</surname><given-names>Ruben Araujo</given-names></name></person-group></element-citation></ref><ref id="B91"><element-citation publication-type="article"><article-title>Revisão integrativa: etapa inicial do processo de validação de diagnóstico de enfermagem</article-title><source>Acta Paulista de Enfermagem</source><date><year>2009</year></date><fpage>434</fpage><lpage>438</lpage><issue>4</issue><volume>22</volume><person-group><name><surname>POMPEO</surname><given-names>Daniele Alcalá</given-names></name><name><surname>ROSSI</surname><given-names>Lídia Aparecida</given-names></name><name><surname>GALVÃO</surname><given-names>Cristina Maria</given-names></name></person-group></element-citation></ref><ref id="B92"><element-citation publication-type="article"><article-title>Mulheres enfrentando as violências: a voz dos operadores</article-title><source>Saúde e Sociedade</source><date><month>09</month><year>2008</year></date><fpage>126</fpage><lpage>137</lpage><issue>3</issue><volume>17</volume><person-group><name><surname>PRESSER</surname><given-names>Adriana Dewes</given-names></name><name><surname>MENEGHEL</surname><given-names>Stela Nazareth</given-names></name><name><surname>HENNINGTON</surname><given-names>Élida Azevedo</given-names></name></person-group></element-citation></ref><ref id="B93"><element-citation publication-type="article"><article-title>Indicadores de qualidade da assistência ao nascimento baseados na satisfação de puérperas</article-title><source>Texto &amp; Contexto Enfermagem</source><date><month>09</month><year>2007</year></date><fpage>479</fpage><lpage>487</lpage><issue>3</issue><volume>16</volume><person-group><name><surname>QUEIROZ</surname><given-names>Maria Veraci Oliveira</given-names></name></person-group></element-citation></ref><ref id="B94"><element-citation publication-type="article"><article-title>O poder no cuidado da enfermeira obstétrica: empoderamento ou submissão das mulheres usuárias?</article-title><source>Revista Enfermagem Uerj</source><date><month>09</month><year>2009</year></date><fpage>315</fpage><lpage>320</lpage><issue>3</issue><volume>17</volume><person-group><name><surname>QUITETE</surname><given-names>Jane Baptista</given-names></name><name><surname>VARGENS</surname><given-names>Octavio Muniz Costa</given-names></name></person-group></element-citation></ref><ref id="B95"><element-citation publication-type="article"><article-title>Communicating with patients: what happens in practice?</article-title><source>Physical Therapy</source><date><month>05</month><year>2007</year></date><fpage>586</fpage><lpage>594</lpage><issue>5</issue><volume>87</volume><person-group><name><surname>ROBERTS</surname><given-names>Lisa</given-names></name><name><surname>BUCKSEY</surname><given-names>Sally J.</given-names></name></person-group></element-citation></ref><ref id="B96"><element-citation publication-type="thesis"><source>A trajetória de gestantes e parturientes pelo Sistema Único de Saúde no Rio de Janeiro</source><date><year>2004</year></date><person-group><name><surname>ROCHA</surname><given-names>Francisca Auricélia Furtado</given-names></name><name><surname>ROCHA</surname><given-names>Francisca Auricélia Furtado</given-names></name></person-group></element-citation></ref><ref id="B97"><element-citation publication-type="article"><article-title>A educação em saúde no ambiente hospitalar</article-title><source>Nursing</source><date><month>05</month><year>2007</year></date><fpage>216</fpage><lpage>221</lpage><issue>108</issue><volume>9</volume><person-group><name><surname>ROCHA</surname><given-names>Karen Patricía Wilke Ferreira</given-names></name></person-group></element-citation></ref><ref id="B98"><element-citation publication-type="article"><article-title>Aborto espontâneo e provocado: sentimentos vivenciados pelos homens</article-title><source>Revista Brasileira de Enfermagem</source><date><month>02</month><year>2006</year></date><fpage>14</fpage><lpage>19</lpage><issue>1</issue><volume>59</volume><person-group><name><surname>RODRIGUES</surname><given-names>Márcia Melo Laet</given-names></name><name><surname>HOGA</surname><given-names>Luiza Akiko Komura</given-names></name></person-group></element-citation></ref><ref id="B99"><element-citation publication-type="article"><article-title>Acolhimento: tecnologia leve nos processos gerenciais do enfermeiro</article-title><source>Revista Brasileira de Enfermagem</source><date><month>06</month><year>2005</year></date><fpage>305</fpage><lpage>310</lpage><issue>3</issue><volume>58</volume><person-group><name><surname>ROSSI</surname><given-names>Flávia Raquel</given-names></name><name><surname>LIMA</surname><given-names>Maria Alice Dias da Silva</given-names></name></person-group></element-citation></ref><ref id="B100"><element-citation publication-type="article"><article-title>Interactive and evaluative correlates of dialogue sequence: a simulation study applying the RIAS to turn taking structures</article-title><source>Patient Educaton and Counseling</source><date><month>04</month><year>2008</year></date><fpage>26</fpage><lpage>33</lpage><issue>1</issue><volume>71</volume><person-group><name><surname>ROTER</surname><given-names>Debra</given-names></name></person-group></element-citation></ref><ref id="B101"><element-citation publication-type="article"><article-title>Tratamento da tuberculose em unidades de saúde da família: histórias de abandono</article-title><source>Texto &amp; Contexto Enfermagem</source><date><month>12</month><year>2007</year></date><fpage>712</fpage><lpage>718</lpage><issue>4</issue><volume>16</volume><person-group><name><surname>SÁ</surname><given-names>Lenilde Duarte</given-names></name></person-group></element-citation></ref><ref id="B102"><element-citation publication-type="article"><article-title>Formação da comunidade científica de enfermagem no Brasil</article-title><source>Texto &amp; Contexto Enfermagem</source><date><month>03</month><year>2010</year></date><fpage>137</fpage><lpage>146</lpage><issue>1</issue><volume>19</volume><person-group><name><surname>SALLES</surname><given-names>Eliane Brandão</given-names></name><name><surname>BARREIRA</surname><given-names>Ieda de Alencar</given-names></name></person-group></element-citation></ref><ref id="B103"><element-citation publication-type="book"><source>Renovar a teoria crítica e reinventar a emancipação social</source><date><year>2007</year></date><person-group><name><surname>SANTOS</surname><given-names>Boaventura de Sousa</given-names></name><name><surname>SANTOS</surname><given-names>Boaventura de Sousa</given-names></name></person-group></element-citation></ref><ref id="B104"><element-citation publication-type="book"><source>A crítica da razão indolente: contra o desperdício da experiência</source><date><year>2009</year></date><fpage>23</fpage><lpage>37</lpage><person-group><name><surname>SANTOS</surname><given-names>Boaventura de Sousa</given-names></name><name><surname>SANTOS</surname><given-names>Boaventura de Sousa</given-names></name><name><surname>SANTOS</surname><given-names>Boaventura de Sousa</given-names></name></person-group></element-citation></ref><ref id="B105"><element-citation publication-type="article"><article-title>Prática rotineira da episiotomia refletindo a desigualdade de poder entre profissionais de saúde e mulheres</article-title><source>Escola Anna Nery Revista de Enfermagem</source><date><month>12</month><year>2008</year></date><fpage>645</fpage><lpage>650</lpage><issue>4</issue><volume>12</volume><person-group><name><surname>SANTOS</surname><given-names>Jaqueline de Oliveira</given-names></name><name><surname>SHIMO</surname><given-names>Antonieta Keiko Kakuda</given-names></name></person-group></element-citation></ref><ref id="B106"><element-citation publication-type="thesis"><source>Necessidades de familiares da pessoa internada em unidade de terapia intensiva: uma perspectiva compreensiva para a humanização do cuidar</source><date><year>1998</year></date><person-group><name><surname>SANTOS</surname><given-names>Lia Cristina Galvão</given-names></name><name><surname>SANTOS</surname><given-names>Lia Cristina Galvão</given-names></name></person-group></element-citation></ref><ref id="B107"><element-citation publication-type="thesis"><source>Acolhimento e vínculo em uma equipe do Programa de Saúde da Família: realidade ou desejo?</source><date><year>2002</year></date><person-group><name><surname>SCHIMITH</surname><given-names>Maria Denise</given-names></name><name><surname>SCHIMITH</surname><given-names>Maria Denise</given-names></name></person-group></element-citation></ref><ref id="B108"><element-citation publication-type="article"><article-title>Refletindo sobre o cuidado de enfermagem em unidade de terapia intensiva</article-title><source>Reme - Revista Mineira de Enfermagem</source><date><month>03</month><year>2007</year></date><fpage>94</fpage><lpage>98</lpage><issue>1</issue><volume>11</volume><person-group><name><surname>SILVA</surname><given-names>Gisele Ferreira</given-names></name><name><surname>SANCHES</surname><given-names>Patrícia Gisele</given-names></name><name><surname>CARVALHO</surname><given-names>Maria Dalva de Barros</given-names></name></person-group></element-citation></ref><ref id="B109"><element-citation publication-type="article"><article-title>O acolhimento como ferramenta de práticas inclusivas de saúde</article-title><source>Revista de APS</source><date><month>03</month><year>2008</year></date><fpage>74</fpage><lpage>84</lpage><issue>1</issue><volume>11</volume><person-group><name><surname>SILVA</surname><given-names>Lívia Gomes</given-names></name><name><surname>ALVES</surname><given-names>Marcelo da Silva</given-names></name></person-group></element-citation></ref><ref id="B110"><element-citation publication-type="article"><article-title>Familiares de clientes acometidos pelo HIV/Aids e o atendimento prestado em uma unidade ambulatorial</article-title><source>Revista Latino-Americana de Enfermagem</source><date><month>12</month><year>2002</year></date><fpage>813</fpage><lpage>818</lpage><issue>6</issue><volume>10</volume><person-group><name><surname>SILVEIRA</surname><given-names>Edilene Aparecida Araújo</given-names></name><name><surname>CARVALHO</surname><given-names>Ana Maria Pimenta</given-names></name></person-group></element-citation></ref><ref id="B111"><element-citation publication-type="article"><article-title>Prevenção do câncer de colo uterino: percepções de mulheres ao primeiro exame e atitudes profissionais</article-title><source>Revista RENE</source><date><month>06</month><year>2008</year></date><fpage>38</fpage><lpage>46</lpage><issue>2</issue><volume>9</volume><person-group><name><surname>SOUSA</surname><given-names>Ivna Giovana da Silva</given-names></name></person-group></element-citation></ref><ref id="B112"><element-citation publication-type="article"><article-title>A consulta puerperal: demandas de mulheres na perspectiva das necessidades sociais em saúde</article-title><source>Revista Gaúcha de Enfermagem</source><date><month>06</month><year>2008</year></date><fpage>175</fpage><lpage>181</lpage><issue>2</issue><volume>29</volume><person-group><name><surname>SOUZA</surname><given-names>Kleyde Ventura</given-names></name></person-group></element-citation></ref><ref id="B113"><element-citation publication-type="article"><article-title>Acesso e acolhimento na Atenção Básica: uma análise da percepção dos usuários e profissionais de saúde</article-title><source>Cadernos de Saúde Pública</source><date><year>2008</year></date><fpage>100</fpage><lpage>110</lpage><volume>24</volume><person-group><name><surname>SOUZA</surname><given-names>Elizabethe Cristina Fagundes</given-names></name></person-group></element-citation></ref><ref id="B114"><element-citation publication-type="article"><article-title>What people want from their family physician</article-title><source>American Family Physician</source><date><month>05</month><year>2004</year></date><issue>10</issue><volume>69</volume><person-group><name><surname>STOCK KEISTER</surname><given-names>Mary C.</given-names></name></person-group></element-citation></ref><ref id="B115"><element-citation publication-type="article"><article-title>Maternidade segura: relato de experiência</article-title><source>Revista de APS</source><date><month>03</month><year>2008</year></date><fpage>109</fpage><lpage>114</lpage><issue>1</issue><volume>11</volume><person-group><name><surname>VERSIANI</surname><given-names>Clara de Cássia</given-names></name></person-group></element-citation></ref><ref id="B116"><element-citation publication-type="article"><article-title>Comunicação verbal de uma equipe médica: percepções e necessidades de visitantes de uma UTI</article-title><source>Acta Scientiarum: Health Science</source><date><month>12</month><year>2003</year></date><fpage>199</fpage><lpage>206</lpage><issue>2</issue><volume>25</volume><person-group><name><surname>VICTOR</surname><given-names>Ana Cleide Soares</given-names></name></person-group></element-citation></ref><ref id="B117"><element-citation publication-type="article"><article-title>Cuidado de enfermagem à criança vítima de violência sexual atendida em unidade de emergência hospitalar</article-title><source>Escola Anna Nery Revista de Enfermagem</source><date><month>03</month><year>2010</year></date><fpage>143</fpage><lpage>150</lpage><issue>1</issue><volume>14</volume><person-group><name><surname>WOISKI</surname><given-names>Ruth Oliveira Santos</given-names></name><name><surname>ROCHA</surname><given-names>Daniele Laís Brandalize</given-names></name></person-group></element-citation></ref><ref id="B118"><element-citation publication-type="article"><article-title>Equipes de farmácia e humanização da assistência a pacientes com HIV/Aids: um estudo qualitativo em serviços municipais de São Paulo</article-title><source>Jornal Brasileiro de Aids</source><date><month>10</month><year>2006</year></date><fpage>240</fpage><lpage>247</lpage><issue>5</issue><volume>7</volume><person-group><name><surname>YOKAICHIYA</surname><given-names>Chizuru Minami</given-names></name></person-group></element-citation></ref></ref-list></back></article></articles>