<articles xmlns:xsi="http://www.w3.org/2001/XMLSchema-instance" xsi:schemaLocation="https://raw.githubusercontent.com/scieloorg/articles_meta/master/tests/xsd/scielo_sci/ThomsonReuters_publishing.xsd" dtd-version="1.10"><article lang_id="pt" article-type="research-article"><front><journal-meta><journal-id journal-id-type="publisher">tes</journal-id><journal-title-group><journal-title>Trabalho, Educação e Saúde</journal-title><abbrev-journal-title>Trab. educ. saúde</abbrev-journal-title></journal-title-group><issn>1981-7746</issn><collection>SciELO Brazil</collection><publisher><publisher-name>Fundação Oswaldo Cruz, Escola Politécnica de Saúde Joaquim Venâncio</publisher-name></publisher></journal-meta><article-meta><unique-article-id pub-id-type="publisher-id">S1981-77462015000200515</unique-article-id><article-id pub-id-type="publisher-id">S1981-77462015000200515</article-id><article-id pub-id-type="doi">10.1590/1981-7746-sip00014</article-id><article-categories><subj-group><subject>EDUCATION &amp; EDUCATIONAL RESEARCH</subject><subject>PUBLIC, ENVIRONMENTAL &amp; OCCUPATIONAL HEALTH</subject></subj-group></article-categories><title-group><article-title lang_id="pt">AVALIAÇÃO DA QUALIDADE DEVIDA DE ESTUDANTES DE NUTRIÇÃO</article-title><trans-title-group lang_id="es"><trans-title>EVALUACIÓN DE LA CALIDAD DE VIDA DE LOS ESTUDIANTES DE NUTRICIÓN</trans-title></trans-title-group><trans-title-group lang_id="en"><trans-title>EVALUATION OFTHE QUALITY OF LIFE OF NUTRITION STUDENTS</trans-title></trans-title-group></title-group><contrib-group><contrib contrib-type="author"><name><surname>Baraldi</surname><given-names>Solange</given-names></name><role>ND</role><xref ref-type="aff" rid="AFF1"/></contrib><contrib contrib-type="author"><name><surname>Bampi</surname><given-names>Luciana Neves da Silva</given-names></name><role>ND</role><xref ref-type="aff" rid="AFF2"/></contrib><contrib contrib-type="author"><name><surname>Pereira</surname><given-names>Mariana Fernandes</given-names></name><role>ND</role><xref ref-type="aff" rid="AFF3"/></contrib><contrib contrib-type="author"><name><surname>Guilhem</surname><given-names>Dirce Bellezi</given-names></name><role>ND</role><xref ref-type="aff" rid="AFF4"/></contrib><contrib contrib-type="author"><name><surname>Mariath</surname><given-names>Aline Brandão</given-names></name><role>ND</role><xref ref-type="aff" rid="AFF5"/></contrib><contrib contrib-type="author"><name><surname>Campos</surname><given-names>Ana Carolina Oliveira</given-names></name><role>ND</role><xref ref-type="aff" rid="AFF6"/></contrib></contrib-group><aff id="AFF4"><institution>Universidade de Brasília</institution><country>Brazil</country></aff><aff id="AFF1"><institution>Universidade de Brasília</institution><country>Brazil</country></aff><aff id="AFF5"><institution>Câmara dos Deputados</institution><country>Brazil</country></aff><aff id="AFF6"><institution>Universidade Cruzeiro do Sul</institution><country>Brazil</country></aff><aff id="AFF3"><institution>Secretaria de Estado da Saúde do Distrito Federal</institution><country>Brazil</country></aff><aff id="AFF2"><institution>Universidade de Brasília</institution><country>Brazil</country></aff><pub-date><month>08</month><year>2015</year></pub-date><volume>13</volume><issue>2</issue><fpage>515</fpage><lpage>531</lpage><permissions><license license-type="open-access" href="http://creativecommons.org/licenses/by-nc/4.0/"><license-p>This work is licensed under a Creative Commons Attribution-NonCommercial 4.0 International License.</license-p></license></permissions><self-uri href="http://www.scielo.br/scielo.php?script=sci_arttext&amp;pid=S1981-77462015000200515&amp;lng=en&amp;tlng=en" content-type="full_text_page"/><self-uri href="http://www.scielo.br/scielo.php?script=sci_issuetoc&amp;pid=1981-774620150002&amp;lng=en" content-type="issue_page"/><self-uri href="http://www.scielo.br/scielo.php?script=sci_serial&amp;pid=1981-7746&amp;lng=en" content-type="journal_page"/><abstract lang_id="pt"><p>Este estudo objetivou avaliar a qualidade de vida dos estudantes de Nutrição, de modo a subsidiar reflexões no processo de formação em saúde. Tratou-se de estudo observacional de corte transversal, realizado com quarenta estudantes distribuídos em todos os semestres do curso no período de agosto de 2010 a agosto de 2011. A coleta de dados foi realizada por meio de questionário específico — aspectos sociodemográfi-cos — e do instrumento World Health Organization Quality of Life Instrument Bref. Foram realizadas análises estatísticas descritivas de frequência, tendência central e dispersão e análise inferencial de comparação entre os domínios. Estes apresentaram os seguintes escores: meio ambiente (68,17), relações sociais (66,67), físico (66,07) e psicológico (63,82). As facetas sono, energia para o dia a dia, capacidade de concentração, oportunidades de atividades de lazer, recursos financeiros, ambiente físico e sentimentos negativos influenciaram negativamente a qualidade de vida dos entrevistados e interferiram no desempenho acadêmico. Esses achados corroboram outros estudos sobre graduandos, revelando que a qualidade de vida desses jovens demanda aprimoramento das estruturas físicas e ambientais, do apoio pedagógico, social e psicológico num contexto de inclusão social e multidiversidade cultural cada vez mais presente nas universidades públicas brasileiras.</p></abstract><trans-abstract lang_id="es"><p>Este estudio tuvo como objetivo evaluar la calidad de vida de los estudiantes de Nutrición, con el fin de sustentar reflexiones sobre el proceso de formación en salud. Se trató de un estudio observacional de corte transversal, realizado con cuarenta estudiantes distribuidos en todos los semestres del curso durante el período de agosto de 2010 a agosto de 2011. La reco-lección de datos se realizó mediante un cuestionario específico -aspectos sociodemográficos- y del instrumento World Health Organization Quality of Life Instrument Bref. Se realizaron análisis estadísticos descriptivos de frecuencia, tendencia central y dispersión y análisis inferencial de comparación entre los dominios. Estos presentaron las siguientes puntuaciones: medio ambiente (68,17), relaciones sociales (66,67), física (66,07) y psicológica (63,82). Las facetas sueno, energía para el día a día, capacidad de concentración, oportunidades de actividades recreativas, recursos financieros, ambiente físico y sentimientos negativos afectaron negativamente la calidad de vida de los encuestados e interfirieron en el rendimiento académico. Estos hallazgos corroboran otros estudios sobre estudiantes de pregrado, que revelan que la calidad de vida de estos jóvenes exige la mejora de las estructuras físicas y ambientales, del apoyo pedagógico, social y psicológico en un contexto de inclusión social y de multidiversidad cultural cada vez más presente en las universidades públicas brasilenas.</p></trans-abstract><trans-abstract lang_id="en"><p>This study aimed to evaluate the quality of life of Nutrition students in order to subsidize reflections on the process of training in health. This was a cross-sectional observational study conducted from August 2010 to August 2011 among forty students attending all course semesters. Data was collected using a specific questionnaire — sociodemographic characteristics — and the World Health Organization Quality of Life Instrument-Bref. Descriptive frequency, central tendency and dispersion statistical analyses were performed, as was the comparison inferential analysis among the domains. The scores were: environment (68.17), social (66.67), physical (66.07) and psychological (63.82) relations. The sleep, energy for daily activities, concentration capacity, opportunities for leisure activities, financial resources, physical environment and negative feeling facets affected the respondents' quality oflife adversely and interfered with their academic performance. These findings corroborate other studies involving undergraduates, revealing that the quality of life of these young people require improving physical and environmental structures and pedagogical, social, and psychological support in a context of social inclusion and of cultural multidiversity that is increasingly present in Brazilian public universities.</p></trans-abstract><kwd-group lang_id="es" kwd-group-type="author-generated"><kwd>calidad de vida</kwd><kwd>percepción</kwd><kwd>estudiantes</kwd><kwd>pregrado</kwd><kwd>Nutrición</kwd></kwd-group><kwd-group lang_id="en" kwd-group-type="author-generated"><kwd>quality oflife</kwd><kwd>perception</kwd><kwd>students</kwd><kwd>undergraduate courses</kwd><kwd>Nutrition</kwd></kwd-group><kwd-group lang_id="pt" kwd-group-type="author-generated"><kwd>qualidade de vida</kwd><kwd>percepção</kwd><kwd>estudantes</kwd><kwd>graduação</kwd></kwd-group></article-meta></front><back><ref-list><ref id="B1"><element-citation publication-type="article"><article-title>O conceito de saúde: ponto cego da epidemiologia?</article-title><source>Revista Brasileira de Epidemiologia</source><date><year>2000</year></date><fpage>4</fpage><lpage>20</lpage><issue>1</issue><volume>13</volume><person-group><name><surname>ALMEIDA FILHO</surname><given-names>Naomar</given-names></name><name><surname>ALMEIDA FILHO</surname><given-names>Naomar</given-names></name></person-group></element-citation></ref><ref id="B2"><element-citation publication-type="article"><article-title>Qualidade de vida em estudantes de medicina no início e final do curso: avaliação pelo WHOQOL-BREF</article-title><source>Revista Brasileira de Educação Médica</source><date><year>2010</year></date><fpage>91</fpage><lpage>96</lpage><issue>1</issue><volume>34</volume><person-group><name><surname>ALVES</surname><given-names>João G. B.</given-names></name><name><surname>ALVES</surname><given-names>João G. B.</given-names></name></person-group></element-citation></ref><ref id="B3"><element-citation publication-type="article"><article-title>Percepção de graduandos de Enfermagem sobre sua qualidade de vida</article-title><source>Acta Paulista de Enfermagem</source><date><year>2011</year></date><fpage>762</fpage><lpage>765</lpage><issue>6</issue><volume>24</volume><person-group><name><surname>ARRONQUI</surname><given-names>Grazielle V.</given-names></name><name><surname>ARRONQUI</surname><given-names>Grazielle V.</given-names></name></person-group></element-citation></ref><ref id="B4"><element-citation publication-type="article"><article-title>Qualidade de vida em pessoas com lesão medular traumática: um estudo com o WHOQOL-BREF</article-title><source>Revista Brasileira de Epidemiologia</source><date><year>2008</year></date><fpage>67</fpage><lpage>77</lpage><issue>1</issue><volume>11</volume><person-group><name><surname>BAMPI</surname><given-names>Luciana N. S.</given-names></name><name><surname>GUILHEM</surname><given-names>Dirce</given-names></name><name><surname>LIMA</surname><given-names>David Duarte</given-names></name><name><surname>BAMPI</surname><given-names>Luciana N. S.</given-names></name><name><surname>GUILHEM</surname><given-names>Dirce</given-names></name><name><surname>LIMA</surname><given-names>David Duarte</given-names></name></person-group></element-citation></ref><ref id="B5"><element-citation publication-type="article"><article-title>Percepção sobre qualidade de vida de estudantes de graduação em Enfermagem</article-title><source>Revista Gaúcha de Enfermagem</source><date><year>2013</year></date><fpage>125</fpage><lpage>132</lpage><issue>2</issue><volume>34</volume><person-group><name><surname>BAMPI</surname><given-names>Luciana N. S.</given-names></name><name><surname>BAMPI</surname><given-names>Luciana N. S.</given-names></name></person-group></element-citation></ref><ref id="B6"><element-citation publication-type="article"><article-title>Qualidade de vida de estudantes de Medicina da Universidade de Brasília</article-title><source>Revista Brasileira de Educação Médica</source><date><year>2013</year></date><fpage>217</fpage><lpage>225</lpage><issue>2</issue><volume>37</volume><person-group><name><surname>BAMPI</surname><given-names>Luciana N. S.</given-names></name><name><surname>BAMPI</surname><given-names>Luciana N. S.</given-names></name></person-group></element-citation></ref><ref id="B7"><element-citation publication-type="book"><source>Constituição da República Federativa do Brasil de 1988</source><date><year>1988</year></date><ext-link>http://www.planalto.gov.br/ccivil_03/constituicao/constituicaocompilado.htm</ext-link></element-citation></ref><ref id="B8"><element-citation publication-type="book"><source>Diretrizes Curriculares Nacionais para Cursos de Graduação em Enfermagem, Medicina e Nutrição</source><date><year>2001</year></date><ext-link>http://portal.mec.gov.br/dmdocuments/ces1133.pdf</ext-link></element-citation></ref><ref id="B9"><element-citation publication-type="book"><source>Resumo Técnico: Censo da Educação Superior de 2009</source><ext-link>http://download.inep.gov.br/download/superior/censo/2009/resumo_tecnico_2009.pdf</ext-link></element-citation></ref><ref id="B10"><element-citation publication-type="article"><article-title>Qualidade de vida de universitários</article-title><source>Pensamento Plural</source><date><year>2008</year></date><fpage>22</fpage><lpage>31</lpage><issue>1</issue><volume>2</volume><person-group><name><surname>CATUNDA</surname><given-names>Maria A. P.</given-names></name><name><surname>RUIZ</surname><given-names>Valdete M</given-names></name><name><surname>CATUNDA</surname><given-names>Maria A. P.</given-names></name><name><surname>RUIZ</surname><given-names>Valdete M</given-names></name></person-group></element-citation></ref><ref id="B11"><element-citation publication-type="article"><article-title>Mudança na graduação das profissões de saúde sob o eixo da integralidade</article-title><source>Cadernos de Saúde Pública</source><date><year>2004</year></date><fpage>1.400</fpage><lpage>1.410</lpage><issue>5</issue><volume>20</volume><person-group><name><surname>CECCIM</surname><given-names>Ricardo B.</given-names></name><name><surname>FEUERWERKER</surname><given-names>Laura M</given-names></name><name><surname>CECCIM</surname><given-names>Ricardo B.</given-names></name><name><surname>FEUERWERKER</surname><given-names>Laura M</given-names></name></person-group></element-citation></ref><ref id="B12"><element-citation publication-type="article"><article-title>Avaliação da qualidade de vida de acadêmicos de graduação em Enfermagem do primeiro e quarto anos: influência das variáveis sociodemográficas</article-title><source>Revista de Psiquiatria do Rio Grande do Sul</source><date><year>2008</year></date><fpage>211</fpage><lpage>220</lpage><issue>3</issue><volume>30</volume><person-group><name><surname>EURICH</surname><given-names>Rosane B.</given-names></name><name><surname>KLUTHCOVSKY</surname><given-names>Ana Cláudia G. C</given-names></name><name><surname>EURICH</surname><given-names>Rosane B.</given-names></name><name><surname>KLUTHCOVSKY</surname><given-names>Ana Cláudia G. C</given-names></name></person-group></element-citation></ref><ref id="B13"><element-citation publication-type="article"><article-title>Desenvolvimento da versão em português do instrumento de avaliação de qualidade de vida da OMS(WHOQOL-100)</article-title><source>Revista Brasileira de Psiquiatria</source><date><year>1999</year></date><fpage>19</fpage><lpage>28</lpage><issue>1</issue><volume>21</volume><person-group><name><surname>FLECK</surname><given-names>Marcelo P. A.</given-names></name><name><surname>FLECK</surname><given-names>Marcelo P. A.</given-names></name></person-group></element-citation></ref><ref id="B14"><element-citation publication-type="article"><article-title>Aplicação da versão em português do instrumento abreviado de avaliação da qualidade de vida 'WHOQOL-BREF'</article-title><source>Revista de Saúde Pública</source><date><year>2000</year></date><fpage>178</fpage><lpage>183</lpage><issue>2</issue><volume>34</volume><person-group><name><surname>FLECK</surname><given-names>Marcelo P. A.</given-names></name><name><surname>FLECK</surname><given-names>Marcelo P. A.</given-names></name></person-group></element-citation></ref><ref id="B15"><element-citation publication-type="article"><article-title>Associação entre sintomas depressivos e funcionamento social em cuidados primários de saúde</article-title><source>Revista de Saúde Pública</source><date><year>2002</year></date><fpage>431</fpage><lpage>438</lpage><issue>4</issue><volume>36</volume><person-group><name><surname>FLECK</surname><given-names>Marcelo P. A.</given-names></name><name><surname>FLECK</surname><given-names>Marcelo P. A.</given-names></name></person-group></element-citation></ref><ref id="B16"><element-citation publication-type="article"><article-title>Enhancing the health of medical students: outcomes of an integrated mindfulness and lifestyle program</article-title><source>Advances in Health Sciences Education</source><date><year>2009</year></date><fpage>387</fpage><lpage>398</lpage><issue>3</issue><volume>14</volume><person-group><name><surname>HASSED</surname><given-names>Craig</given-names></name><name><surname>HASSED</surname><given-names>Craig</given-names></name></person-group></element-citation></ref><ref id="B17"><element-citation publication-type="article"><article-title>Qualidade de vida de estudantes de graduação em Enfermagem</article-title><source>Revista da Escola de Enfermagem da USP</source><date><year>2005</year></date><fpage>164</fpage><lpage>172</lpage><issue>2</issue><volume>39</volume><person-group><name><surname>KAWAKAME</surname><given-names>Patrícia M. G.</given-names></name><name><surname>MIYADAHI-RA</surname><given-names>Ana Maria Kazue</given-names></name><name><surname>KAWAKAME</surname><given-names>Patrícia M. G.</given-names></name><name><surname>MIYADAHI-RA</surname><given-names>Ana Maria Kazue</given-names></name></person-group></element-citation></ref><ref id="B18"><element-citation publication-type="article"><article-title>Qualidade de vida e condições de saúde de acadêmicos de Nutrição</article-title><source>Revista Espaço para a Saúde</source><date><year>2011</year></date><fpage>82</fpage><lpage>90</lpage><volume>13</volume><person-group><name><surname>LEITE</surname><given-names>Ana C. B.</given-names></name><name><surname>LEITE</surname><given-names>Ana C. B.</given-names></name></person-group></element-citation></ref><ref id="B19"><element-citation publication-type="article"><article-title>Sleep deprivation and vigilant attention</article-title><source>Annals of the New York Academy of Sciences</source><fpage>305</fpage><lpage>322</lpage><volume>1.129</volume><person-group><name><surname>LIM</surname><given-names>Julian</given-names></name><name><surname>DINGES</surname><given-names>David F</given-names></name><name><surname>LIM</surname><given-names>Julian</given-names></name><name><surname>DINGES</surname><given-names>David F</given-names></name></person-group></element-citation></ref><ref id="B20"><element-citation publication-type="article"><article-title>Qualidade de vida entre universitárias: estudos preliminares com o WHOQOL-BREF</article-title><source>Boletim Academia Paulista de Psicologia</source><date><year>2004</year></date><fpage>47</fpage><lpage>57</lpage><issue>3</issue><volume>24</volume><person-group><name><surname>MARCONI</surname><given-names>Eda Custódio</given-names></name><name><surname>MARCONI</surname><given-names>Eda Custódio</given-names></name></person-group></element-citation></ref><ref id="B21"><element-citation publication-type="article"><article-title>A universidade como espaço promotor de qualidade de vida: vivências e expressões dos alunos de Enfermagem</article-title><source>Texto e Contexto Enfermagem</source><date><year>2006</year></date><fpage>254</fpage><lpage>261</lpage><issue>2</issue><volume>15</volume><person-group><name><surname>OLIVEIRA</surname><given-names>Raquel A.</given-names></name><name><surname>CIAMPONE</surname><given-names>Maria H. T</given-names></name><name><surname>OLIVEIRA</surname><given-names>Raquel A.</given-names></name><name><surname>CIAMPONE</surname><given-names>Maria H. T</given-names></name></person-group></element-citation></ref><ref id="B22"><element-citation publication-type="book"><source>Constituição da Organização Mundial da Saúde (OMS/WHO), Nações Unidas, 1946. Biblioteca Virtual de Direitos Humanos</source><ext-link>http://www.direitoshumanos.usp.br/index.php/OMS-Organiza%C3%A7%C3%A3o-Mundial-da-Sa%C3%BAde/constituicao-da-organizacao-mundial-da-saude-omswho.html</ext-link></element-citation></ref><ref id="B23"><element-citation publication-type="book"><source>Versão em português dos instrumentos de avaliação de qualidade de vida (WHOQOL)</source><date><year>1998</year></date><ext-link>http://www.ufrgs.br/psiquiatria/psiq/whoqol.html</ext-link></element-citation></ref><ref id="B24"><element-citation publication-type="article"><article-title>Contribuição dos domínios físico, social, psicológico e ambiental para a qualidade de vida global de idosos</article-title><source>Revista de Psiquiatria do Rio Grande do Sul</source><date><year>2006</year></date><fpage>27</fpage><lpage>38</lpage><issue>1</issue><volume>28</volume><person-group><name><surname>PEREIRA</surname><given-names>Renata J.</given-names></name><name><surname>PEREIRA</surname><given-names>Renata J.</given-names></name></person-group></element-citation></ref><ref id="B25"><element-citation publication-type="article"><article-title>Qualidade de vida em cem alunos do curso de Medicina de Sorocaba - PUC/SP</article-title><source>Revista Brasileira de Educação Médica</source><date><year>2010</year></date><fpage>116</fpage><lpage>123</lpage><issue>1</issue><volume>34</volume><person-group><name><surname>RAMOS-DIAS</surname><given-names>João C.</given-names></name><name><surname>RAMOS-DIAS</surname><given-names>João C.</given-names></name></person-group></element-citation></ref><ref id="B26"><element-citation publication-type="article"><article-title>Qualidade de vida de pessoas vivendo com HIV/Aids em São Paulo</article-title><source>Revista de Saúde Pública</source><date><year>2007</year></date><fpage>64</fpage><lpage>71</lpage><volume>41</volume><person-group><name><surname>SANTOS</surname><given-names>Elisabete C. M.</given-names></name><name><surname>FRANÇA JÚNIOR</surname><given-names>Ivan</given-names></name><name><surname>LOPES</surname><given-names>Fernanda</given-names></name><name><surname>SANTOS</surname><given-names>Elisabete C. M.</given-names></name><name><surname>FRANÇA JÚNIOR</surname><given-names>Ivan</given-names></name><name><surname>LOPES</surname><given-names>Fernanda</given-names></name></person-group></element-citation></ref><ref id="B27"><element-citation publication-type="article"><article-title>Qualidade de vida dos acadêmicos de Enfermagem</article-title><source>Revista Latino--Americana de Enfermagem</source><date><year>2004</year></date><fpage>636</fpage><lpage>642</lpage><issue>4</issue><volume>12</volume><person-group><name><surname>SAUPE</surname><given-names>Rosita</given-names></name><name><surname>SAUPE</surname><given-names>Rosita</given-names></name></person-group></element-citation></ref><ref id="B28"><element-citation publication-type="article"><article-title>Avaliação da qualidade de vida de pacientes com trauma cra-nioencefálico</article-title><source>Fisioterapia e Pesquisa</source><date><year>2009</year></date><fpage>311</fpage><lpage>315</lpage><issue>4</issue><volume>16</volume><person-group><name><surname>SILVA</surname><given-names>Cleuza B.</given-names></name><name><surname>SILVA</surname><given-names>Cleuza B.</given-names></name></person-group></element-citation></ref><ref id="B29"><element-citation publication-type="article"><article-title>Sono e cognição: implicações da privação do sono para a percepção visual e visuoes-pacial</article-title><source>Psico</source><date><year>2012</year></date><fpage>85</fpage><lpage>92</lpage><issue>1</issue><volume>43</volume><person-group><name><surname>SOARES</surname><given-names>Cibele S.</given-names></name><name><surname>ALMONDES</surname><given-names>Katie M</given-names></name><name><surname>SOARES</surname><given-names>Cibele S.</given-names></name><name><surname>ALMONDES</surname><given-names>Katie M</given-names></name></person-group></element-citation></ref><ref id="B30"><element-citation publication-type="article"><article-title>Profissão nutricionista: 70 anos de história no Brasil</article-title><source>Revista de Nutrição</source><date><year>2011</year></date><fpage>605</fpage><lpage>617</lpage><issue>4</issue><volume>24</volume><person-group><name><surname>VASCONCELOS</surname><given-names>Assis G.</given-names></name><name><surname>CALADO</surname><given-names>Carmem L. A</given-names></name><name><surname>VASCONCELOS</surname><given-names>Assis G.</given-names></name><name><surname>CALADO</surname><given-names>Carmem L. A</given-names></name></person-group></element-citation></ref></ref-list></back></article></articles>