<articles xmlns:xsi="http://www.w3.org/2001/XMLSchema-instance" xsi:schemaLocation="https://raw.githubusercontent.com/scieloorg/articles_meta/master/tests/xsd/scielo_sci/ThomsonReuters_publishing.xsd" dtd-version="1.10"><article lang_id="pt" article-type="research-article"><front><journal-meta><journal-id journal-id-type="publisher">tes</journal-id><journal-title-group><journal-title>Trabalho, Educação e Saúde</journal-title><abbrev-journal-title>Trab. educ. saúde</abbrev-journal-title></journal-title-group><issn>1981-7746</issn><collection>SciELO Brazil</collection><publisher><publisher-name>Fundação Oswaldo Cruz, Escola Politécnica de Saúde Joaquim Venâncio</publisher-name></publisher></journal-meta><article-meta><unique-article-id pub-id-type="publisher-id">S1981-77462013000300010</unique-article-id><article-id pub-id-type="publisher-id">S1981-77462013000300010</article-id><article-id pub-id-type="doi">10.1590/S1981-77462013000300010</article-id><article-categories><subj-group><subject>EDUCATION &amp; EDUCATIONAL RESEARCH</subject><subject>PUBLIC, ENVIRONMENTAL &amp; OCCUPATIONAL HEALTH</subject></subj-group></article-categories><title-group><article-title lang_id="pt">Ênfase nas relações interpessoais na formação do enfermeiro sob o paradigma ético-humanista</article-title><trans-title-group lang_id="en"><trans-title>Emphasis on interpersonal relations in the basic training of nurses in the ethical-humanistic paradigm</trans-title></trans-title-group></title-group><contrib-group><contrib contrib-type="author"><name><surname>Ferla</surname><given-names>Josiane Bernart da Silva</given-names></name><role>ND</role><xref ref-type="aff" rid="A01"/></contrib></contrib-group><aff id="A01"><institution>Instituto Federal do Paraná</institution><country>Brazil</country></aff><pub-date><month>12</month><year>2013</year></pub-date><volume>11</volume><issue>3</issue><fpage>633</fpage><lpage>657</lpage><permissions><license license-type="open-access" href="http://creativecommons.org/licenses/by-nc/4.0/"><license-p>This work is licensed under a Creative Commons Attribution-NonCommercial 4.0 International License.</license-p></license></permissions><self-uri href="http://www.scielo.br/scielo.php?script=sci_arttext&amp;pid=S1981-77462013000300010&amp;lng=en&amp;tlng=en" content-type="full_text_page"/><self-uri href="http://www.scielo.br/scielo.php?script=sci_issuetoc&amp;pid=1981-774620130003&amp;lng=en" content-type="issue_page"/><self-uri href="http://www.scielo.br/scielo.php?script=sci_serial&amp;pid=1981-7746&amp;lng=en" content-type="journal_page"/><abstract lang_id="pt"><p>Este estudo analisa a formação inicial do enfermeiro e seu vínculo com o paradigma ético-humanista, especialmente as relações interpessoais. Adotou-se na pesquisa a abordagem qualitativa, do tipo descritivo-exploratório. Os sujeitos eram egressos e docentes do curso de enfermagem de uma faculdade particular da cidade de Curitiba, no Paraná. A coleta de dados foi feita em 2009, com utilização das técnicas de análise documental do projeto pedagógico do curso de graduação em enfermagem, aplicação de questionário aos egressos da graduação em enfermagem e entrevista semiestruturada realizada com enfermeiros-docentes. As informações coletadas foram submetidas à análise de conteúdo, da qual emergiram três categorias: totalidade/multidimensionalidade; interdisciplinaridade/disciplinaridade/dicotomia teoria-prática; relações interpessoais/competência interpessoal. Os resultados revelam que tanto docentes como discentes percebem a formação acadêmica ainda centrada nos referenciais técnico-científicos, porém com uma intencionalidade real de formação também de competências voltadas às relações humanas. Este estudo permitiu identificar a influência do paradigma ético-humanista proposto pelas diretrizes curriculares no processo de formação do enfermeiro, além de reforçar a necessidade de novas possibilidades de desdobramentos das ideias capazes de se fundamentarem em princípios pedagógicos que visem à totalidade do ser em formação e do ser assistido pelo profissional da saúde.</p></abstract><trans-abstract lang_id="en"><p>This study assesses on the early training of nurses and its relationship with the ethical-humanistic paradigm, especially to interpersonal relationships. A descriptive-exploratory qualitative research approach was used. The subjects were graduates and professors in nursing in the city of Curitiba, southern Brazil. The data were collected in 2009, using documentary analysis techniques for the undergraduate nursing program's educational project, the application of a questionnaire among graduates of the college of nursing, and semi-structured interviews conducted among nursing professors at a private college. The data collected were subjected to content analysis, from which three categories emerged: totality/multidimensionality; interdisciplinarity/disciplinarity/dichotomy between theory and practice, interpersonal relations/ interpersonal skills. The results show that both faculty and students realize that the academic training provided is still focused on technical and scientific references, but with a real intent to provide training in skills aimed at human relations. This study allowed the influence of the ethical and humanistic paradigm proposed by the curricular guidelines in the nursing education process to be noted, and reinforced the need for new possibilities to develop ideas capable of serving as the base for educational principles aimed at the totality of being in training and of the person assisted by a health professional.</p></trans-abstract><kwd-group lang_id="pt" kwd-group-type="author-generated"><kwd>educação</kwd><kwd>enfermagem</kwd><kwd>paradigma ético-humanista</kwd><kwd>relações interpessoais</kwd></kwd-group><kwd-group lang_id="en" kwd-group-type="author-generated"><kwd>education</kwd><kwd>nursing ethical and humanistic paradigm</kwd><kwd>interpersonal relationships</kwd></kwd-group></article-meta></front><back><ref-list><ref id="B1"><element-citation publication-type="book"><source>Análise de conteúdo</source><date><year>1977</year></date><person-group><name><surname>BARDIN</surname><given-names>Laurence</given-names></name><name><surname>BARDIN</surname><given-names>Laurence</given-names></name></person-group></element-citation></ref><ref id="B2"><element-citation publication-type="book"><source>O paradigma emergente e a prática pedagógica</source><date><year>2009</year></date><person-group><name><surname>BEHRENS</surname><given-names>Marilda A</given-names></name><name><surname>BEHRENS</surname><given-names>Marilda A</given-names></name></person-group></element-citation></ref><ref id="B3"><element-citation publication-type="book"><source>Educação em Enfermagem: novos olhares sobre o processo de formação</source><date><year>2006</year></date><person-group><name><surname>BEHRENS</surname><given-names>Marilda A.</given-names></name><name><surname>GISI</surname><given-names>Maria de L</given-names></name><name><surname>BEHRENS</surname><given-names>Marilda A.</given-names></name><name><surname>GISI</surname><given-names>Maria de L</given-names></name></person-group></element-citation></ref><ref id="B4"><element-citation publication-type="thesis"><source>Educação transpessoal: integrando o saber ao ser no processo educativo</source><date><year>2001</year></date><person-group><name><surname>BERGER</surname><given-names>Maria V. B</given-names></name><name><surname>BERGER</surname><given-names>Maria V. B</given-names></name></person-group></element-citation></ref><ref id="B5"><element-citation publication-type="book"><source>Resolução CNE/CES n. 3, de 07 de novembro de 2001: Institui as diretrizes curriculares nacionais do curso de graduação em enfermagem</source><date><day>09</day><month>11</month><year>2001</year></date></element-citation></ref><ref id="B6"><element-citation publication-type="book"><source>Lei de Diretrizes e Bases da Educação Nacional: Lei n. 9.394, de 20 de dezembro de 1996</source><ext-link>http://www.planalto.gov.br/ccivil_03/leis/l9394.htm</ext-link></element-citation></ref><ref id="B7"><element-citation publication-type="book"><source>Resolução 196/96: Normas regulamentadoras envolvendo seres humanos</source><date><year>1996</year></date></element-citation></ref><ref id="B8"><element-citation publication-type="book"><source>O ensino da ética médica e o horizonte bioética</source><date><year>1996</year></date><person-group><name><surname>CAMARGO</surname><given-names>Maria C. Von Z. A</given-names></name><name><surname>CAMARGO</surname><given-names>Maria C. Von Z. A</given-names></name></person-group><ext-link>www.cfm.org.br/revista/411996/ensin2.htm</ext-link></element-citation></ref><ref id="B9"><element-citation publication-type="article"><article-title>Reflexões sobre o conceito de humanização em saúde</article-title><source>Revista Saúde em Debate</source><date><month>08</month><year>2003</year></date><fpage>123</fpage><lpage>130</lpage><issue>64</issue><volume>27</volume><person-group><name><surname>CAMPOS</surname><given-names>Rosana T. O</given-names></name></person-group></element-citation></ref><ref id="B10"><element-citation publication-type="book"><source>O ponto de mutação: a ciência, a sociedade e a cultura emergente</source><date><year>1982</year></date><person-group><name><surname>CAPRA</surname><given-names>Fritjot</given-names></name><name><surname>CAPRA</surname><given-names>Fritjot</given-names></name></person-group></element-citation></ref><ref id="B11"><element-citation publication-type="thesis"><source>Colaboração, trabalho em equipe e as tecnologias de comunicação: relações de proximidade nos cursos de pós-graduação</source><date><year>2001</year></date><person-group><name><surname>CORTELAZZO</surname><given-names>Iolanda B. C</given-names></name><name><surname>CORTELAZZO</surname><given-names>Iolanda B. C</given-names></name></person-group></element-citation></ref><ref id="B12"><element-citation publication-type="book"><source>Psicologia das relações interpessoais: vivências para o trabalho em grupo</source><person-group><name><surname>DEL PRETTE</surname><given-names>Almir</given-names></name><name><surname>DEL PRETTE</surname><given-names>Almir</given-names></name></person-group></element-citation></ref><ref id="B13"><element-citation publication-type="book"><source>Pesquisa: Princípio científico e educativo</source><date><year>1990</year></date><person-group><name><surname>DEMO</surname><given-names>Pedro</given-names></name><name><surname>DEMO</surname><given-names>Pedro</given-names></name></person-group></element-citation></ref><ref id="B14"><element-citation publication-type="book"><source>História da Enfermagem: versões e interpretações</source><date><year>2005</year></date><person-group><name><surname>GEOVANINI</surname><given-names>Telma</given-names></name><name><surname>GEOVANINI</surname><given-names>Telma</given-names></name></person-group></element-citation></ref><ref id="B15"><element-citation publication-type="book"><source>Professor reflexivo no Brasil: gênese e crítica de um conceito</source><date><year>2002</year></date><fpage>129</fpage><lpage>150</lpage><person-group><name><surname>GHEDIN</surname><given-names>Evandro L</given-names></name><name><surname>PIMENTA</surname><given-names>Selma G.</given-names></name><name><surname>GHEDIN</surname><given-names>Evandro</given-names></name><name><surname>PIMENTA</surname><given-names>Selma G.</given-names></name><name><surname>GHEDIN</surname><given-names>Evandro</given-names></name></person-group></element-citation></ref><ref id="B16"><element-citation publication-type="book"><source>A estrutura das revoluções científicas</source><date><year>2007</year></date><person-group><name><surname>KHUN</surname><given-names>Thomas S</given-names></name><name><surname>KHUN</surname><given-names>Thomas S</given-names></name></person-group></element-citation></ref><ref id="B17"><element-citation publication-type="article"><article-title>É possível pensar de outro modo a educação em Enfermagem?</article-title><source>Escola Anna Nery Revista de Enfermagem</source><date><year>2008</year></date><fpage>348</fpage><lpage>52</lpage><issue>2</issue><volume>12</volume><person-group><name><surname>KRUSE</surname><given-names>Maria H. L</given-names></name></person-group></element-citation></ref><ref id="B18"><element-citation publication-type="book"><source>Pedagogia interdisciplinar: fundamentos teórico-metodológicos</source><date><year>2007</year></date><person-group><name><surname>LUCK</surname><given-names>Heloísa</given-names></name><name><surname>LUCK</surname><given-names>Heloísa</given-names></name></person-group></element-citation></ref><ref id="B19"><element-citation publication-type="book"><source>Pesquisa em Educação: abordagens qualitativas</source><date><year>1986</year></date><person-group><name><surname>LUDKE</surname><given-names>Menga</given-names></name><name><surname>ANDRÉ</surname><given-names>Marli E.D.A</given-names></name><name><surname>LUDKE</surname><given-names>Menga</given-names></name><name><surname>ANDRÉ</surname><given-names>Marli E.D.A</given-names></name></person-group></element-citation></ref><ref id="B20"><element-citation publication-type="thesis"><source>Análise do perfil dos alunos e da dimensão ético-humanística na formação de cirurgiões-dentistas em dois cursos de odontologia da Bahia</source><date><year>2006</year></date><person-group><name><surname>MATOS</surname><given-names>Mariângela S</given-names></name><name><surname>MATOS</surname><given-names>Mariângela S</given-names></name></person-group></element-citation></ref><ref id="B21"><element-citation publication-type="book"><source>Construção de competências em enfermagem</source><date><year>2001</year></date><person-group><name><surname>MEDEIROS</surname><given-names>Roseana M</given-names></name><name><surname>MEDEIROS</surname><given-names>Roseana M</given-names></name></person-group></element-citation></ref><ref id="B22"><element-citation publication-type="book"><source>Ensino: as abordagens do processo</source><date><year>1986</year></date><person-group><name><surname>MIZUKAMI</surname><given-names>Maria G. N</given-names></name><name><surname>MIZUKAMI</surname><given-names>Maria G. N</given-names></name></person-group></element-citation></ref><ref id="B23"><element-citation publication-type="book"><source>O paradigma educacional emergente</source><date><year>1997</year></date><person-group><name><surname>MORAES</surname><given-names>Maria C. B</given-names></name><name><surname>MORAES</surname><given-names>Maria C. B</given-names></name></person-group></element-citation></ref><ref id="B24"><element-citation publication-type="article"><article-title>A formação humanística do médico</article-title><source>Medicina Ribeirão Preto</source><fpage>440</fpage><lpage>448</lpage><volume>29</volume><person-group><name><surname>PESSOTTI</surname><given-names>Isaías</given-names></name></person-group></element-citation></ref><ref id="B25"><element-citation publication-type="book"><source>Ensino e saúde: práticas educacionais multidisciplinares</source><date><year>2004</year></date><person-group><name><surname>ROSSI</surname><given-names>Elaine</given-names></name><name><surname>ROSSI</surname><given-names>Elaine</given-names></name></person-group></element-citation></ref><ref id="B26"><element-citation publication-type="book"><source>Um discurso sobre as ciências</source><date><year>2008</year></date><person-group><name><surname>SANTOS</surname><given-names>Boaventura S</given-names></name><name><surname>SANTOS</surname><given-names>Boaventura S</given-names></name></person-group></element-citation></ref><ref id="B27"><element-citation publication-type="thesis"><source>Ser educador em enfermagem: limites e possibilidades na atuação profissional</source><date><year>2006</year></date><person-group><name><surname>SCHIRR</surname><given-names>Fabíola</given-names></name><name><surname>SCHIRR</surname><given-names>Fabíola</given-names></name></person-group></element-citation></ref><ref id="B28"><element-citation publication-type="book"><source>Currículo: uma abordagem conceitual e histórica</source><date><year>2003</year></date><person-group><name><surname>SCHMIDT</surname><given-names>Elizabeth S</given-names></name><name><surname>SCHMIDT</surname><given-names>Elizabeth S</given-names></name></person-group><ext-link>www.uepg.br/propesp/publicatio/2003/06.pdf</ext-link></element-citation></ref><ref id="B29"><element-citation publication-type="book"><source>Educando o profissional reflexivo: um novo design para o ensino e a aprendizagem</source><date><year>2000</year></date><person-group><name><surname>SCHÕN</surname><given-names>D. A</given-names></name><name><surname>Costa</surname><given-names>Roberto Cataldo</given-names></name><name><surname>SCHÕN</surname><given-names>D. A</given-names></name><name><surname>Costa</surname><given-names>Roberto Cataldo</given-names></name></person-group></element-citation></ref><ref id="B30"><element-citation publication-type="book"><source>As relações interpessoais na formação de professores</source><date><year>2004</year></date><person-group><name><surname>SOUZA</surname><given-names>Vera L. T</given-names></name><name><surname>ALMEIDA</surname><given-names>Laurinda R.</given-names></name><name><surname>PLACCO</surname><given-names>Vera M</given-names></name><name><surname>ALMEIDA</surname><given-names>Laurinda R.</given-names></name><name><surname>PLACCO</surname><given-names>Vera M</given-names></name></person-group></element-citation></ref><ref id="B31"><element-citation publication-type="book"><source>Cuidado humano: o resgate necessário</source><date><year>2001</year></date><person-group><name><surname>WALDOW</surname><given-names>Vera R</given-names></name><name><surname>WALDOW</surname><given-names>Vera R</given-names></name></person-group></element-citation></ref><ref id="B32"><element-citation publication-type="thesis"><source>Projeto político pedagógico: movimento contínuo e emancipatório</source><date><year>2003</year></date><person-group><name><surname>ZANETTE</surname><given-names>Maria V</given-names></name><name><surname>ZANETTE</surname><given-names>Maria V</given-names></name></person-group></element-citation></ref></ref-list></back></article></articles>