<articles xmlns:xsi="http://www.w3.org/2001/XMLSchema-instance" xsi:schemaLocation="https://raw.githubusercontent.com/scieloorg/articles_meta/master/tests/xsd/scielo_sci/ThomsonReuters_publishing.xsd" dtd-version="1.10"><article lang_id="pt" article-type="research-article"><front><journal-meta><journal-id journal-id-type="publisher">tes</journal-id><journal-title-group><journal-title>Trabalho, Educação e Saúde</journal-title><abbrev-journal-title>Trab. educ. saúde</abbrev-journal-title></journal-title-group><issn>1981-7746</issn><collection>SciELO Brazil</collection><publisher><publisher-name>Fundação Oswaldo Cruz, Escola Politécnica de Saúde Joaquim Venâncio</publisher-name></publisher></journal-meta><article-meta><unique-article-id pub-id-type="publisher-id">S1981-77462011000100002</unique-article-id><article-id pub-id-type="publisher-id">S1981-77462011000100002</article-id><article-id pub-id-type="doi">10.1590/S1981-77462011000100002</article-id><article-categories><subj-group><subject>EDUCATION &amp; EDUCATIONAL RESEARCH</subject><subject>PUBLIC, ENVIRONMENTAL &amp; OCCUPATIONAL HEALTH</subject></subj-group></article-categories><title-group><article-title lang_id="pt">A formação clínica e a produção do cuidado em saúde e na enfermagem</article-title><trans-title-group lang_id="en"><trans-title>Clinical training and the production care in health and nursing</trans-title></trans-title-group></title-group><contrib-group><contrib contrib-type="author"><name><surname>Vieira</surname><given-names>Alcivan Nunes</given-names></name><role>ND</role><xref ref-type="aff" rid="A01"/></contrib><contrib contrib-type="author"><name><surname>Silveira</surname><given-names>Lia Carneiro</given-names></name><role>ND</role><xref ref-type="aff" rid="A02"/></contrib><contrib contrib-type="author"><name><surname>Franco</surname><given-names>Túlio Batista</given-names></name><role>ND</role><xref ref-type="aff" rid="A03"/></contrib></contrib-group><aff id="A01"><institution>Universidade do Estado do Rio Grande do Norte</institution><country>Brazil</country></aff><aff id="A02"><institution>Universidade Estadual do Ceará</institution><country>Brazil</country></aff><aff id="A03"><institution>Universidade Federal Fluminense</institution><country>Brazil</country></aff><pub-date><month>06</month><year>2011</year></pub-date><volume>9</volume><issue>1</issue><fpage>9</fpage><lpage>24</lpage><permissions><license license-type="open-access" href="http://creativecommons.org/licenses/by-nc/4.0/"><license-p>This work is licensed under a Creative Commons Attribution-NonCommercial 4.0 International License.</license-p></license></permissions><self-uri href="http://www.scielo.br/scielo.php?script=sci_arttext&amp;pid=S1981-77462011000100002&amp;lng=en&amp;tlng=en" content-type="full_text_page"/><self-uri href="http://www.scielo.br/scielo.php?script=sci_issuetoc&amp;pid=1981-774620110001&amp;lng=en" content-type="issue_page"/><self-uri href="http://www.scielo.br/scielo.php?script=sci_serial&amp;pid=1981-7746&amp;lng=en" content-type="journal_page"/><abstract lang_id="pt"><p>Este ensaio propõe uma discussão sobre a clínica na prática e na formação acadêmica da enfermagem com base em referenciais teórico-conceituais situados no campo da filosofia, tendo como pistas as relações de poder, saber e subjetividade presentes no encontro entre os sujeitos implicados com a produção do cuidado em saúde e com a formação acadêmica. A clínica na enfermagem foi impregnada pelo referencial biomédico, o que lhe conferiu alguns atributos que condicionaram sua prática: a pretensa neutralidade nas relações entre quem cuida e quem é cuidado, bem como a objetificação dos sujeitos, dos problemas e das necessidades de saúde que limita o olhar e as possíveis intervenções elaboradas no sentido de atendê-las. Nesta perspectiva, estas se pautam na compreensão da doença apenas em sua dimensão orgânica. Encontramos na filosofia espinosista a clínica como um encontro potencializador dos sujeitos, espaço de recriação e ressignificação da vida. Em Epicuro, esse encontro produz também desvios, movimentos aversos a estaticidade e apatia. Partindo dessas concepções, entendemos que a reconstrução da prática clínica no trabalho do enfermeiro passa necessariamente pela reconstrução das relações entre os sujeitos envolvidos na formação e pela produção de dispositivos mobilizadores de subjetividades</p></abstract><trans-abstract lang_id="en"><p>This essay proposes a discussion on the practice and academic training in nursing based on theoretical and conceptual references in the field of philosophy, taking as cues the relationships of power, knowledge, and subjectivity in the meeting between the subjects involved with the production of health care and academic education. The nursing practice was impregnated by biomedical references, which conferred it a few attributes that have imposed limitations on it: the supposed neutrality in the relationships between those who provide care and those who are cared for, the problems and needs in health that limit the analysis and possible interventions developed in order to meet them. From this perspective, they are guided in seeking to understand disease only in its organic dimension. In Spinoza's philosophy, the clinical practice is a place that potentializes the subjects, a space to recreate and give new meaning to life. In Epicurus, this place also produces deviations, movements that are averse to changelessness and apathy. Based on these conceptions, we argue that the reconstruction of the clinical practice in nursing work should observe the reconstruction of the relationships among the individuals involved in the training and the production of devices that set subjectivities into motion</p></trans-abstract><kwd-group lang_id="pt" kwd-group-type="author-generated"><kwd>enfermagem</kwd><kwd>formação</kwd><kwd>clínica</kwd><kwd>cuidado</kwd></kwd-group><kwd-group lang_id="en" kwd-group-type="author-generated"><kwd>nursing</kwd><kwd>training</kwd><kwd>clinic</kwd><kwd>care</kwd></kwd-group></article-meta></front><back><ref-list><ref id="B1"><element-citation publication-type="book"><source>História da filosofia</source><date><year>1999</year></date><volume>2</volume><person-group><name><surname>ABBAGNANO</surname><given-names>Nicola</given-names></name><name><surname>ABBAGNANO</surname><given-names>Nicola</given-names></name></person-group></element-citation></ref><ref id="B2"><element-citation publication-type="book"><source>O saber de enfermagem e sua dimensão prática</source><date><year>1989</year></date><person-group><name><surname>ALMEIDA</surname><given-names>Maria Cecília Puntel de</given-names></name><name><surname>ROCHA</surname><given-names>Juan S. Yaslle</given-names></name><name><surname>ALMEIDA</surname><given-names>Maria Cecília Puntel de</given-names></name><name><surname>ROCHA</surname><given-names>Juan S. Yaslle</given-names></name></person-group></element-citation></ref><ref id="B3"><element-citation publication-type="book"><source>Minidicionário da língua portuguesa</source><date><year>2009</year></date><person-group><name><surname>BECHARA</surname><given-names>Evanildo</given-names></name><name><surname>BECHARA</surname><given-names>Evanildo</given-names></name></person-group></element-citation></ref><ref id="B4"><element-citation publication-type="article"><article-title>A biomedicina</article-title><source>Physis: Revista de Saúde Coletiva</source><date><year>2005</year></date><fpage>177</fpage><lpage>201</lpage><volume>15</volume><person-group><name><surname>CAMARGO JUNIOR</surname><given-names>Kenneth Rochel de</given-names></name></person-group></element-citation></ref><ref id="B5"><element-citation publication-type="article"><article-title>Educação permanente em saúde</article-title><source>Dicionário da educação profissional em saúde da EPSJV/Fiocruz</source><person-group><name><surname>CECCIM</surname><given-names>Ricardo Burg</given-names></name><name><surname>FERLA</surname><given-names>Antonio Alcindo</given-names></name></person-group><ext-link>www.epsjv.fiocruz.br/dicionario/verbetes/edupersau.html</ext-link></element-citation></ref><ref id="B6"><element-citation publication-type="book"><source>A construção da clínica ampliada na atenção básica</source><date><year>2005</year></date><person-group><name><surname>CUNHA</surname><given-names>Gustavo Tenório da</given-names></name><name><surname>CUNHA</surname><given-names>Gustavo Tenório da</given-names></name></person-group></element-citation></ref><ref id="B7"><element-citation publication-type="book"><source>Michel Foucault, filósofo</source><date><year>1990</year></date><fpage>155</fpage><lpage>161</lpage><person-group><name><surname>DELEUZE</surname><given-names>Giles</given-names></name><name><surname>FOUCAULT</surname><given-names>M</given-names></name><name><surname>FOUCAULT</surname><given-names>M</given-names></name></person-group><ext-link>www.unb.br/fe/tef/filoesco/foucault/art14.html</ext-link></element-citation></ref><ref id="B8"><element-citation publication-type="book"><source>Mil platôs: capitalismo e esquizofrenia</source><date><year>1995</year></date><volume>1</volume><person-group><name><surname>DELEUZE</surname><given-names>Giles</given-names></name><name><surname>GUATTARI</surname><given-names>Félix</given-names></name><name><surname>Guerra Neto</surname><given-names>Aurélio</given-names></name><name><surname>Costa</surname><given-names>Célia Pinto</given-names></name><name><surname>DELEUZE</surname><given-names>Giles</given-names></name><name><surname>GUATTARI</surname><given-names>Félix</given-names></name><name><surname>Guerra Neto</surname><given-names>Aurélio</given-names></name><name><surname>Costa</surname><given-names>Célia Pinto</given-names></name></person-group></element-citation></ref><ref id="B9"><element-citation publication-type="book"><source>Espinoza: filosofia prática</source><date><year>2002</year></date><person-group><name><surname>DELEUZE</surname><given-names>Giles</given-names></name><name><surname>DELEUZE</surname><given-names>Giles</given-names></name></person-group></element-citation></ref><ref id="B10"><element-citation publication-type="book"><source>Foucault</source><date><year>2005</year></date><person-group><name><surname>DELEUZE</surname><given-names>Giles</given-names></name><name><surname>Martins</surname><given-names>Claudia Sant'Anna</given-names></name><name><surname>Martins</surname><given-names>Claudia Sant'Anna</given-names></name></person-group></element-citation></ref><ref id="B11"><element-citation publication-type="thesis"><source>Clínica nômade e pedagogia médica mestiça: cartografia das ideias oficiais e populares em busca de inovações à formação e à clínica médicas</source><date><year>2002</year></date><person-group><name><surname>FERLA</surname><given-names>Antonio Alcindo</given-names></name><name><surname>FERLA</surname><given-names>Antonio Alcindo</given-names></name></person-group></element-citation></ref><ref id="B12"><element-citation publication-type="book"><source>O nascimento da clínica</source><date><year>1980</year></date><person-group><name><surname>FOUCAULT</surname><given-names>Michael</given-names></name><name><surname>Machado</surname><given-names>Roberto</given-names></name><name><surname>FOUCAULT</surname><given-names>Michael</given-names></name><name><surname>Machado</surname><given-names>Roberto</given-names></name></person-group></element-citation></ref><ref id="B13"><element-citation publication-type="book"><source>História da sexualidade 2: o cuidado de si</source><date><year>1988</year></date><person-group><name><surname>FOUCAULT</surname><given-names>Michael</given-names></name></person-group></element-citation></ref><ref id="B14"><element-citation publication-type="book"><source>A arqueologia do saber</source><date><year>2002</year></date><person-group><name><surname>FOUCAULT</surname><given-names>Michael</given-names></name><name><surname>Neves</surname><given-names>Luiz Felipe Baeta</given-names></name><name><surname>Neves</surname><given-names>Luiz Felipe Baeta</given-names></name></person-group></element-citation></ref><ref id="B15"><element-citation publication-type="book"><source>Cuidado: as fronteiras da integralidade</source><date><year>2004</year></date><fpage>205</fpage><lpage>219</lpage><person-group><name><surname>FAVORETO</surname><given-names>César Augusto Orazen</given-names></name><name><surname>PINHEIRO</surname><given-names>Roseni</given-names></name><name><surname>MATTOS</surname><given-names>Ruben Araújo de</given-names></name><name><surname>PINHEIRO</surname><given-names>Roseni</given-names></name><name><surname>MATTOS</surname><given-names>Ruben Araújo de</given-names></name></person-group></element-citation></ref><ref id="B16"><element-citation publication-type="article"><article-title>A clínica como instrumento de fortalecimento do sujeito: um debate ético-filosófico</article-title><source>Revista Bioethikos</source><date><year>2007</year></date><fpage>53</fpage><lpage>60</lpage><issue>1</issue><volume>1</volume><person-group><name><surname>FERIGATO</surname><given-names>Sabrina Helena</given-names></name><name><surname>BALLARIM</surname><given-names>Maria Luisa Gazabim Simões</given-names></name></person-group></element-citation></ref><ref id="B17"><element-citation publication-type="article"><article-title>Produção do cuidado e produção pedagógica</article-title><source>Interface: Comunicação, Saúde, Educação</source><date><month>12</month><year>2007</year></date><fpage>427</fpage><lpage>38</lpage><issue>23</issue><volume>11</volume><person-group><name><surname>FRANCO</surname><given-names>Túlio Batista</given-names></name></person-group></element-citation></ref><ref id="B18"><element-citation publication-type="book"><source>Micropolítica: cartografias do desejo</source><date><year>1986</year></date><person-group><name><surname>GUATTARI</surname><given-names>Félix</given-names></name><name><surname>ROLNIK</surname><given-names>Suely</given-names></name><name><surname>GUATTARI</surname><given-names>Félix</given-names></name><name><surname>ROLNIK</surname><given-names>Suely</given-names></name></person-group></element-citation></ref><ref id="B19"><element-citation publication-type="article"><article-title>O corpo como pulso</article-title><source>Interface: Comunicação, Saúde, Educação</source><date><month>06</month><year>2010</year></date><fpage>449</fpage><lpage>60</lpage><issue>33</issue><volume>14</volume><person-group><name><surname>LIBERMAN</surname><given-names>Flávia</given-names></name></person-group></element-citation></ref><ref id="B20"><element-citation publication-type="thesis"><source>O corpo invisível do trabalho: cartografia dos processos de trabalho em saúde</source><date><year>2006</year></date><person-group><name><surname>MAIA</surname><given-names>Miguel Angelo Barbosa</given-names></name><name><surname>MAIA</surname><given-names>Miguel Angelo Barbosa</given-names></name></person-group></element-citation></ref><ref id="B21"><element-citation publication-type="article"><article-title>Biopolítica: o poder médico e a autonomia do paciente em uma nova concepção de saúde</article-title><source>Interface: Comunicação, Saúde, Educação</source><date><month>02</month><year>2004</year></date><fpage>21</fpage><lpage>32</lpage><issue>14</issue><volume>8</volume><person-group><name><surname>MARTINS</surname><given-names>André</given-names></name></person-group></element-citation></ref><ref id="B22"><element-citation publication-type="book"><source>Saúde: a cartografia do trabalho vivo</source><date><year>2005</year></date><person-group><name><surname>MERHY</surname><given-names>Emerson Elias</given-names></name><name><surname>MERHY</surname><given-names>Emerson Elias</given-names></name></person-group></element-citation></ref><ref id="B23"><element-citation publication-type="article"><article-title>O processo de trabalho e a clínica na enfermagem: pensando novas possibilidades</article-title><source>Revista de Enfermagem da Uerj</source><date><month>12</month><year>2009</year></date><fpage>521</fpage><lpage>526</lpage><issue>4</issue><volume>17</volume><person-group><name><surname>OLIVEIRA</surname><given-names>D. C</given-names></name></person-group></element-citation></ref><ref id="B24"><element-citation publication-type="book"><source>Polifonias: clínica, política e criação</source><date><year>2006</year></date><fpage>89</fpage><lpage>100</lpage><person-group><name><surname>PASSOS</surname><given-names>Eduardo</given-names></name><name><surname>BENEVIDES</surname><given-names>Regina</given-names></name><name><surname>MACIEL</surname><given-names>Auterives</given-names></name><name><surname>KUPERMANN</surname><given-names>Daniel</given-names></name><name><surname>TEDESCO</surname><given-names>Silvia</given-names></name><name><surname>MACIEL</surname><given-names>Auterives</given-names></name><name><surname>KUPERMANN</surname><given-names>Daniel</given-names></name><name><surname>TEDESCO</surname><given-names>Silvia</given-names></name></person-group></element-citation></ref><ref id="B25"><element-citation publication-type="article"><article-title>As identidades dos enfermeiros em cenários de mudanças curriculares no ensino da enfermagem</article-title><source>Trabalho, Educação e Saúde</source><date><month>10</month><year>2009</year></date><fpage>231</fpage><lpage>248</lpage><issue>2</issue><volume>7</volume><person-group><name><surname>RENOVATO</surname><given-names>R. D</given-names></name></person-group></element-citation></ref><ref id="B26"><element-citation publication-type="book"><source>Modelos tecnoassistenciais em saúde: o debate no campo da saúde coletiva</source><date><year>2006</year></date><person-group><name><surname>SILVA JÚNIOR</surname><given-names>Aloísio Gomes da</given-names></name><name><surname>SILVA JÚNIOR</surname><given-names>Aloísio Gomes da</given-names></name></person-group></element-citation></ref><ref id="B27"><element-citation publication-type="book"><source>Política e gestão em saúde: reflexões e estudos</source><date><year>2006</year></date><fpage>125</fpage><lpage>145</lpage><person-group><name><surname>SOUZA</surname><given-names>Elizabeth Cristina Fagundes de</given-names></name><name><surname>CASTRO</surname><given-names>Janete Lima</given-names></name><name><surname>VILAR</surname><given-names>Rosana Lima Alves</given-names></name><name><surname>CASTRO</surname><given-names>Janete Lima</given-names></name><name><surname>VILAR</surname><given-names>Rosana Lima Alves</given-names></name></person-group></element-citation></ref><ref id="B28"><element-citation publication-type="thesis"><source>Estudo sobre a técnica e a saúde</source><date><year>2003</year></date><person-group><name><surname>TEIXEIRA</surname><given-names>Ricardo Rodrigues</given-names></name><name><surname>TEIXEIRA</surname><given-names>Ricardo Rodrigues</given-names></name></person-group></element-citation></ref></ref-list></back></article></articles>