<articles xmlns:xsi="http://www.w3.org/2001/XMLSchema-instance" xsi:schemaLocation="https://raw.githubusercontent.com/scieloorg/articles_meta/master/tests/xsd/scielo_sci/ThomsonReuters_publishing.xsd" dtd-version="1.10"><article lang_id="pt" article-type="research-article"><front><journal-meta><journal-id journal-id-type="publisher">tes</journal-id><journal-title-group><journal-title>Trabalho, Educação e Saúde</journal-title><abbrev-journal-title>Trab. educ. saúde</abbrev-journal-title></journal-title-group><issn>1981-7746</issn><collection>SciELO Brazil</collection><publisher><publisher-name>Fundação Oswaldo Cruz, Escola Politécnica de Saúde Joaquim Venâncio</publisher-name></publisher></journal-meta><article-meta><unique-article-id pub-id-type="publisher-id">S1981-77462005000100009</unique-article-id><article-id pub-id-type="publisher-id">S1981-77462005000100009</article-id><article-id pub-id-type="doi">10.1590/S1981-77462005000100009</article-id><article-categories><subj-group><subject>EDUCATION &amp; EDUCATIONAL RESEARCH</subject><subject>PUBLIC, ENVIRONMENTAL &amp; OCCUPATIONAL HEALTH</subject></subj-group></article-categories><title-group><article-title lang_id="pt">Educação a distância e a formação em saúde: nem tanto, nem tão pouco</article-title><trans-title-group lang_id="en"><trans-title>Distance education and training in the area of health: not so much, not so little</trans-title></trans-title-group></title-group><contrib-group><contrib contrib-type="author"><name><surname>Torrez</surname><given-names>Milta Neide Freire Barron</given-names></name><role>ND</role><xref ref-type="aff" rid="A01"/><xref ref-type="aff" rid="A02"/></contrib></contrib-group><aff id="A02"><institution>Ministério da Saúde</institution><country>Brazil</country></aff><aff id="A01"><institution>Fiocruz</institution></aff><pub-date><month>03</month><year>2005</year></pub-date><volume>3</volume><issue>1</issue><fpage>171</fpage><lpage>186</lpage><permissions><license license-type="open-access" href="http://creativecommons.org/licenses/by-nc/4.0/"><license-p>This work is licensed under a Creative Commons Attribution-NonCommercial 4.0 International License.</license-p></license></permissions><self-uri href="http://www.scielo.br/scielo.php?script=sci_arttext&amp;pid=S1981-77462005000100009&amp;lng=en&amp;tlng=en" content-type="full_text_page"/><self-uri href="http://www.scielo.br/scielo.php?script=sci_issuetoc&amp;pid=1981-774620050001&amp;lng=en" content-type="issue_page"/><self-uri href="http://www.scielo.br/scielo.php?script=sci_serial&amp;pid=1981-7746&amp;lng=en" content-type="journal_page"/><abstract lang_id="pt"><p>O texto discute o papel da educação a distância (EaD) na formação dos profissionais de saúde, com vistas à democratização das oportunidades no contexto das estratégias que visam à consolidação do Sistema Único de Saúde (SUS). Partindo da experiência do Curso de Formação Pedagógica em Educação Profissional na Área de Saúde: Enfermagem (executado pela Escola Nacional de Saúde Pública Sergio Arouca, Fiocruz, e promovido pela Secretaria de Gestão do Trabalho e da Educação na Saúde, Ministério da Saúde), o texto apresenta estratégias capazes de, nesta modalidade, mediar propostas pedagógicas comprometidas com políticas públicas que buscam corresponder às demandas da educação em saúde como direito social. Constatando a necessidade de ampliação da oferta de projetos desta natureza no campo da saúde e reconhecendo os temores dos docentes e alunos em face do 'canto das sereias eletrônicas' e dos riscos de aligeiramento e descolamento político de formações promovidas nesta modalidade, reitera-se a crença de que a EaD é, antes de mais nada, educação.</p></abstract><trans-abstract lang_id="en"><p>This paper discusses the role distance education plays in the training of health professionals, in particular with regard to the democratization of opportunities, in the context of the strategies for the consolidation of the Brazilian Health System (SUS). Grounded on the experience of the Course of Pedagogical Training in Professional Education in the Area of Health: Nursing (run by the Secretariat of Health Work and Education Management of the Ministry of Health), the text presents strategies that, in this modality, are able to introduce pedagogical proposals related to the kind of public policies that, regarding education in the area of health as a social right, attempt to respond to the demands for this type of education. Verifying the need for more projects of this nature in the field of health, and being aware of the fears both teachers and pupils have of the 'electronic sirens' singing' and of the risk that this type of training may become too superficial or too detached from reality, we reaffirm our belief that distance education is, more than anything else, genuine education.</p></trans-abstract><kwd-group lang_id="en" kwd-group-type="author-generated"><kwd>distance education</kwd><kwd>training in the area of health</kwd><kwd>teachers' training</kwd><kwd>public policies</kwd></kwd-group><kwd-group lang_id="pt" kwd-group-type="author-generated"><kwd>educação a distância</kwd><kwd>formação em saúde</kwd><kwd>formação de formadores</kwd><kwd>política pública</kwd></kwd-group></article-meta></front><back><ref-list><ref id="B1"><element-citation publication-type="book"><source>Educação a distância: referências e trajetórias</source><fpage>46</fpage><lpage>52</lpage><person-group><name><surname>ALVES</surname><given-names>Amélia Maria de A.</given-names></name><name><surname>LOBO NETO</surname><given-names>Francisco J. S.</given-names></name><name><surname>LOBO NETO</surname><given-names>Francisco J. S.</given-names></name></person-group></element-citation></ref><ref id="B2"><element-citation publication-type="book"><source>Educação a distância</source><date><year>1999</year></date><person-group><name><surname>BELLONI</surname><given-names>Maria Luiza</given-names></name><name><surname>BELLONI</surname><given-names>Maria Luiza</given-names></name></person-group></element-citation></ref><ref id="B3"><element-citation publication-type="article"><article-title>Ensaio sobre a educação a distância no Brasil</article-title><source>Educação &amp; Sociedade</source><fpage>117</fpage><lpage>142</lpage><issue>78</issue><volume>23</volume><person-group><name><surname>BELLONI</surname><given-names>Maria Luiza</given-names></name></person-group></element-citation></ref><ref id="B4"><element-citation publication-type="book"><source>Educação online</source><fpage>23</fpage><lpage>38</lpage><person-group><name><surname>BLIKSTEIN</surname><given-names>Paulo</given-names></name><name><surname>ZUFFO</surname><given-names>Marcelo K</given-names></name><name><surname>SILVA</surname><given-names>Marco</given-names></name><name><surname>SILVA</surname><given-names>Marco</given-names></name></person-group></element-citation></ref><ref id="B5"><element-citation publication-type="book"><source>A educação a distância e a nova saúde pública</source><date><year>2000</year></date><person-group><name><surname>CARVALHO</surname><given-names>Antonio Ivo</given-names></name><name><surname>CARVALHO</surname><given-names>Antonio Ivo</given-names></name></person-group></element-citation></ref><ref id="B6"><element-citation publication-type="book"><source>Rede Escolas de Governo: estratégia inovadora para a consolidação do SUS</source><date><year>2004</year></date><person-group><name><surname>CARVALHO</surname><given-names>Antonio Ivo</given-names></name></person-group></element-citation></ref><ref id="B7"><element-citation publication-type="book"><source>Educação a distância: algumas considerações</source><date><year>1997</year></date><person-group><name><surname>LANDIM</surname><given-names>Cláudia Maria das M. P. F.</given-names></name><name><surname>LANDIM</surname><given-names>Cláudia Maria das M. P. F.</given-names></name></person-group></element-citation></ref><ref id="B8"><element-citation publication-type="article"><article-title>O foco da distância</article-title><source>Advir</source><fpage>5</fpage><lpage>9</lpage><issue>14</issue><person-group><name><surname>LEHER</surname><given-names>Roberto</given-names></name></person-group></element-citation></ref><ref id="B9"><element-citation publication-type="book"><source>Educação a distância: referências e trajetórias</source><date><year>2001</year></date><person-group><name><surname>LOBO NETO</surname><given-names>Francisco J. S.</given-names></name><name><surname>LOBO NETO</surname><given-names>Francisco J. S.</given-names></name></person-group></element-citation></ref><ref id="B10"><element-citation publication-type="book"><source>Oficio n. 4.231. Regulamentação da oferta de cursos superiores a distância: Resposta Moção de Repúdio</source><date><year>2004</year></date></element-citation></ref><ref id="B11"><element-citation publication-type="book"><source>Formação pedagógica em educação profissional na área de saúde: Enfermagem. Livro do tutor</source><date><year>2003</year></date></element-citation></ref><ref id="B12"><element-citation publication-type="book"><source>Aprender SUS: o SUS e os cursos de graduação da área da saúde</source><date><year>2004</year></date></element-citation></ref><ref id="B13"><element-citation publication-type="book"><source>Projeto Versus/Brasil: vivências e estágios nas realidades do Sistema Único de Saúde</source><date><year>2004</year></date></element-citation></ref><ref id="B14"><element-citation publication-type="article"><article-title>Educação a distância</article-title><source>Jornal do Brasil</source><fpage>1</fpage><person-group><name><surname>NIDECKER</surname><given-names>Fernanda</given-names></name></person-group></element-citation></ref><ref id="B15"><element-citation publication-type="article"><article-title>Educação a distância não se lamenta, discute-se</article-title><source>Advir</source><fpage>3</fpage><issue>14</issue><person-group><name><surname>PIRES</surname><given-names>Hindenburgo Francisco</given-names></name></person-group></element-citation></ref><ref id="B16"><element-citation publication-type="book"><source>Educação online</source><fpage>51</fpage><lpage>73</lpage><person-group><name><surname>SILVA</surname><given-names>Marco</given-names></name><name><surname>SILVA</surname><given-names>Marco</given-names></name><name><surname>SILVA</surname><given-names>Marco</given-names></name></person-group></element-citation></ref><ref id="B17"><element-citation publication-type="book"><source>A universidade virtual no Brasil: o ensino superior a distância no país</source><date><year>2003</year></date><person-group><name><surname>VIANNEY</surname><given-names>João</given-names></name><name><surname>TORRES</surname><given-names>Patrícia L.</given-names></name><name><surname>SILVA</surname><given-names>Elizabeth F. da.</given-names></name><name><surname>VIANNEY</surname><given-names>João</given-names></name><name><surname>TORRES</surname><given-names>Patrícia L.</given-names></name><name><surname>SILVA</surname><given-names>Elizabeth F. da.</given-names></name></person-group></element-citation></ref><ref id="B18"><element-citation publication-type="article"><article-title>Crenças em ação</article-title><source>Cult</source><fpage>55</fpage><lpage>57</lpage><issue>7</issue><volume>85</volume><person-group><name><surname>VILLAS BOAS</surname><given-names>Sergio</given-names></name></person-group></element-citation></ref></ref-list></back></article></articles>