<articles xmlns:xsi="http://www.w3.org/2001/XMLSchema-instance" xsi:schemaLocation="https://raw.githubusercontent.com/scieloorg/articles_meta/master/tests/xsd/scielo_sci/ThomsonReuters_publishing.xsd" dtd-version="1.10"><article lang_id="pt" article-type="research-article"><front><journal-meta><journal-id journal-id-type="publisher">tes</journal-id><journal-title-group><journal-title>Trabalho, Educação e Saúde</journal-title><abbrev-journal-title>Trab. educ. saúde</abbrev-journal-title></journal-title-group><issn>1981-7746</issn><collection>SciELO Brazil</collection><publisher><publisher-name>Fundação Oswaldo Cruz, Escola Politécnica de Saúde Joaquim Venâncio</publisher-name></publisher></journal-meta><article-meta><unique-article-id pub-id-type="publisher-id">S1981-77462006000200018</unique-article-id><article-id pub-id-type="publisher-id">S1981-77462006000200018</article-id><article-id pub-id-type="doi">10.1590/S1981-77462006000200018</article-id><article-categories><subj-group><subject>EDUCATION &amp; EDUCATIONAL RESEARCH</subject><subject>PUBLIC, ENVIRONMENTAL &amp; OCCUPATIONAL HEALTH</subject></subj-group></article-categories><title-group><article-title lang_id="pt">Saúde e democracia: história e perspectivas do SUS</article-title></title-group><contrib-group><contrib contrib-type="author"><name><surname>Koifman</surname><given-names>Lilian</given-names></name><role>ND</role><xref ref-type="aff" rid="A01"/></contrib></contrib-group><aff id="A01"><institution>Universidade Federal Fluminense</institution><country>Brazil</country></aff><pub-date><month>09</month><year>2006</year></pub-date><volume>4</volume><issue>2</issue><fpage>472</fpage><lpage>474</lpage><permissions><license license-type="open-access" href="http://creativecommons.org/licenses/by-nc/4.0/"><license-p>This work is licensed under a Creative Commons Attribution-NonCommercial 4.0 International License.</license-p></license></permissions><self-uri href="http://www.scielo.br/scielo.php?script=sci_arttext&amp;pid=S1981-77462006000200018&amp;lng=en&amp;tlng=en" content-type="full_text_page"/><self-uri href="http://www.scielo.br/scielo.php?script=sci_issuetoc&amp;pid=1981-774620060002&amp;lng=en" content-type="issue_page"/><self-uri href="http://www.scielo.br/scielo.php?script=sci_serial&amp;pid=1981-7746&amp;lng=en" content-type="journal_page"/></article-meta></front><back><ref-list><ref id="B1"><element-citation publication-type="book"><source>Construção social da demanda: direito à saúde, trabalho em equipe e espaços públicos</source><fpage>161</fpage><lpage>180</lpage><person-group><name><surname>PINHEIRO</surname><given-names>Roseni</given-names></name><name><surname>MATTOS</surname><given-names>Ruben A. de</given-names></name><name><surname>PINHEIRO</surname><given-names>Roseni</given-names></name><name><surname>MATTOS</surname><given-names>Ruben A. de</given-names></name></person-group></element-citation></ref><ref id="B2"><element-citation publication-type="article"><article-title>As agências internacionais e as políticas de saúde nos anos 90: um panorama geral da oferta de idéias</article-title><source>Ciências e Saúde Coletiva</source><fpage>377</fpage><lpage>389</lpage><issue>2</issue><volume>6</volume><person-group><name><surname>MATTOS</surname><given-names>Ruben A. de</given-names></name></person-group></element-citation></ref><ref id="B3"><element-citation publication-type="book"><source>Construção social da demanda: direito à saúde, trabalho em equipe e espaços públicos</source><fpage>33</fpage><lpage>46</lpage><person-group><name><surname>MATTOS</surname><given-names>Ruben A. de</given-names></name><name><surname>PINHEIRO</surname><given-names>Roseni</given-names></name><name><surname>PINHEIRO</surname><given-names>Roseni</given-names></name></person-group></element-citation></ref><ref id="B4"><element-citation publication-type="book"><source>Cuidado: as fronteiras da integralidade</source><fpage>307</fpage><lpage>319</lpage><person-group><name><surname>PINHEIRO</surname><given-names>Roseni</given-names></name><name><surname>MATTOS</surname><given-names>Ruben A.</given-names></name><name><surname>PINHEIRO</surname><given-names>Roseni</given-names></name><name><surname>MATTOS</surname><given-names>Ruben A.</given-names></name></person-group></element-citation></ref><ref id="B5"><element-citation publication-type="book"><source>Construção social da demanda: direito à saúde, trabalho em equipe e espaços públicos</source><fpage>77</fpage><lpage>90</lpage><person-group><name><surname>PINHEIRO</surname><given-names>Roseni</given-names></name><name><surname>MATTOS</surname><given-names>Ruben A.</given-names></name><name><surname>PINHEIRO</surname><given-names>Roseni</given-names></name><name><surname>MATTOS</surname><given-names>Ruben A.</given-names></name></person-group></element-citation></ref></ref-list></back></article></articles>