<articles xmlns:xsi="http://www.w3.org/2001/XMLSchema-instance" xsi:schemaLocation="https://raw.githubusercontent.com/scieloorg/articles_meta/master/tests/xsd/scielo_sci/ThomsonReuters_publishing.xsd" dtd-version="1.10"><article lang_id="pt" article-type="book-review"><front><journal-meta><journal-id journal-id-type="publisher">tes</journal-id><journal-title-group><journal-title>Trabalho, Educação e Saúde</journal-title><abbrev-journal-title>Trab. educ. saúde</abbrev-journal-title></journal-title-group><issn>1981-7746</issn><collection>SciELO Brazil</collection><publisher><publisher-name>Fundação Oswaldo Cruz, Escola Politécnica de Saúde Joaquim Venâncio</publisher-name></publisher></journal-meta><article-meta><unique-article-id pub-id-type="publisher-id">S1981-77462005000200012</unique-article-id><article-id pub-id-type="publisher-id">S1981-77462005000200012</article-id><article-id pub-id-type="doi">10.1590/S1981-77462005000200012</article-id><article-categories><subj-group><subject>EDUCATION &amp; EDUCATIONAL RESEARCH</subject><subject>PUBLIC, ENVIRONMENTAL &amp; OCCUPATIONAL HEALTH</subject></subj-group></article-categories><title-group><article-title lang_id="pt">História e memórias da educação no Brasil: Vol. III - Século XX</article-title></title-group><contrib-group><contrib contrib-type="author"><name><surname>Sanfelice</surname><given-names>José Luís</given-names></name><role>ND</role><xref ref-type="aff" rid="A01"/></contrib></contrib-group><aff id="A01"><institution>Universidade Estadual de Campinas</institution><country>Brazil</country></aff><pub-date><month>09</month><year>2005</year></pub-date><volume>3</volume><issue>2</issue><fpage>445</fpage><lpage>446</lpage><permissions><license license-type="open-access" href="http://creativecommons.org/licenses/by-nc/4.0/"><license-p>This work is licensed under a Creative Commons Attribution-NonCommercial 4.0 International License.</license-p></license></permissions><self-uri href="http://www.scielo.br/scielo.php?script=sci_arttext&amp;pid=S1981-77462005000200012&amp;lng=en&amp;tlng=en" content-type="full_text_page"/><self-uri href="http://www.scielo.br/scielo.php?script=sci_issuetoc&amp;pid=1981-774620050002&amp;lng=en" content-type="issue_page"/><self-uri href="http://www.scielo.br/scielo.php?script=sci_serial&amp;pid=1981-7746&amp;lng=en" content-type="journal_page"/></article-meta></front><back><ref-list><ref id="B1"><element-citation publication-type="book"><source>Sobre história</source><date><year>1998</year></date><person-group><name><surname>HOBSBAWM</surname><given-names>Eric</given-names></name><name><surname>HOBSBAWM</surname><given-names>Eric</given-names></name></person-group></element-citation></ref><ref id="B2"><element-citation publication-type="book"><source>Dicionário do pensamento social do século XX</source><date><year>1996</year></date><person-group><name><surname>OUTHWAITE</surname><given-names>William</given-names></name><name><surname>BOTTOMORE</surname><given-names>Tom</given-names></name><name><surname>OUTHWAITE</surname><given-names>William</given-names></name><name><surname>BOTTOMORE</surname><given-names>Tom</given-names></name></person-group></element-citation></ref></ref-list></back></article></articles>