<articles xmlns:xsi="http://www.w3.org/2001/XMLSchema-instance" xsi:schemaLocation="https://raw.githubusercontent.com/scieloorg/articles_meta/master/tests/xsd/scielo_sci/ThomsonReuters_publishing.xsd" dtd-version="1.10"><article lang_id="pt" article-type="research-article"><front><journal-meta><journal-id journal-id-type="publisher">tes</journal-id><journal-title-group><journal-title>Trabalho, Educação e Saúde</journal-title><abbrev-journal-title>Trab. educ. saúde</abbrev-journal-title></journal-title-group><issn>1981-7746</issn><collection>SciELO Brazil</collection><publisher><publisher-name>Fundação Oswaldo Cruz, Escola Politécnica de Saúde Joaquim Venâncio</publisher-name></publisher></journal-meta><article-meta><unique-article-id pub-id-type="publisher-id">S1981-77462007000100002</unique-article-id><article-id pub-id-type="publisher-id">S1981-77462007000100002</article-id><article-id pub-id-type="doi">10.1590/S1981-77462007000100002</article-id><article-categories><subj-group><subject>EDUCATION &amp; EDUCATIONAL RESEARCH</subject><subject>PUBLIC, ENVIRONMENTAL &amp; OCCUPATIONAL HEALTH</subject></subj-group></article-categories><title-group><article-title lang_id="pt">Os significados do trabalho: produção de valores como produção semiótica no capitalismo informacional</article-title><trans-title-group lang_id="en"><trans-title>The meaning of labour: the production of values as a semiotic production in informational capitalism</trans-title></trans-title-group></title-group><contrib-group><contrib contrib-type="author"><name><surname>Dantas</surname><given-names>Marcos</given-names></name><role>ND</role><xref ref-type="aff" rid="A01"/></contrib></contrib-group><aff id="A01"><institution>Pontifícia Universidade Católica do Rio de Janeiro</institution><country>Brazil</country></aff><pub-date><month>06</month><year>2007</year></pub-date><volume>5</volume><issue>1</issue><fpage>9</fpage><lpage>50</lpage><permissions><license license-type="open-access" href="http://creativecommons.org/licenses/by-nc/4.0/"><license-p>This work is licensed under a Creative Commons Attribution-NonCommercial 4.0 International License.</license-p></license></permissions><self-uri href="http://www.scielo.br/scielo.php?script=sci_arttext&amp;pid=S1981-77462007000100002&amp;lng=en&amp;tlng=en" content-type="full_text_page"/><self-uri href="http://www.scielo.br/scielo.php?script=sci_issuetoc&amp;pid=1981-774620070001&amp;lng=en" content-type="issue_page"/><self-uri href="http://www.scielo.br/scielo.php?script=sci_serial&amp;pid=1981-7746&amp;lng=en" content-type="journal_page"/><abstract lang_id="pt"><p>Em qualquer indústria, os processos de trabalho tornaram-se, no capitalismo avançado, essencialmente semióticos, isto é, o trabalhador, ao longo da cadeia produtiva que vem desde a engenharia até o ajuste e controle das máquinas, é empregado para processar informações às quais pode atribuir significados relacionados às suas situações concretas de trabalho. A compreensão desse processo ajuda a entender o conceito marxiano de trabalho concreto e pode contribuir para uma melhor compreensão da natureza do capitalismo informacional que emerge neste início de século.</p></abstract><trans-abstract lang_id="en"><p>In advanced capitalism, in all industries the labour process has become essentially semiotic, that is, in all steps of the productive chain, from engineering to machine adjustment and control, workers are employed to process information to which they can attribute meanings related to concrete labour situations. Understanding this process helps to understand the Marxian concept of concrete labour and can contribute to a better understanding of the nature of the informational capitalism that has been emerging in the beginning of this century.</p></trans-abstract><kwd-group lang_id="en" kwd-group-type="author-generated"><kwd>concrete labour</kwd><kwd>live labour</kwd><kwd>semiotic labour</kwd><kwd>information</kwd><kwd>model</kwd><kwd>Marx</kwd></kwd-group><kwd-group lang_id="pt" kwd-group-type="author-generated"><kwd>trabalho concreto</kwd><kwd>trabalho vivo</kwd><kwd>trabalho semiótico</kwd><kwd>informação</kwd><kwd>molde</kwd><kwd>Marx</kwd></kwd-group></article-meta></front><back><ref-list><ref id="B1"><element-citation publication-type="book"><source>Entre o cristal e a fumaça</source><date><year>1992</year></date><person-group><name><surname>ATLAN</surname><given-names>Henri</given-names></name><name><surname>ATLAN</surname><given-names>Henri</given-names></name></person-group></element-citation></ref><ref id="B2"><element-citation publication-type="book"><source>Vers un capitalisme cognitif</source><date><year>2001</year></date><person-group><name><surname>AZAÏS</surname><given-names>Christian</given-names></name><name><surname>CORSANI</surname><given-names>Antonella</given-names></name><name><surname>DIEUAIDE</surname><given-names>Patrick</given-names></name><name><surname>AZAÏS</surname><given-names>Christian</given-names></name><name><surname>CORSANI</surname><given-names>Antonella</given-names></name><name><surname>DIEUAIDE</surname><given-names>Patrick</given-names></name></person-group></element-citation></ref><ref id="B3"><element-citation publication-type="book"><source>Pasos hacia una ecología de la mente</source><date><year>1998</year></date><fpage>443</fpage><person-group><name><surname>BATESON</surname><given-names>Gregori</given-names></name><name><surname>BATESON</surname><given-names>Gregori</given-names></name></person-group></element-citation></ref><ref id="B4"><element-citation publication-type="book"><source>Para uma crítica da economia política do signo</source><person-group><name><surname>BAUDRILLARD</surname><given-names>Jean</given-names></name><name><surname>BAUDRILLARD</surname><given-names>Jean</given-names></name></person-group></element-citation></ref><ref id="B5"><element-citation publication-type="book"><source>Indústria cultural, informação e capitalismo</source><date><year>2000</year></date><person-group><name><surname>BOLAÑO</surname><given-names>César</given-names></name><name><surname>BOLAÑO</surname><given-names>César</given-names></name></person-group></element-citation></ref><ref id="B6"><element-citation publication-type="book"><source>A economia das trocas simbólicas</source><date><year>1982</year></date><person-group><name><surname>BOURDIEU</surname><given-names>Pierre</given-names></name><name><surname>BOURDIEU</surname><given-names>Pierre</given-names></name></person-group></element-citation></ref><ref id="B7"><element-citation publication-type="book"><source>Pierre Bourdieu</source><fpage>46</fpage><lpage>81</lpage><person-group><name><surname>BOURDIEU</surname><given-names>Pierre</given-names></name><name><surname>ORTIZ</surname><given-names>Renato</given-names></name><name><surname>ORTIZ</surname><given-names>Renato</given-names></name></person-group></element-citation></ref><ref id="B8"><element-citation publication-type="book"><source>Pierre Bourdieu</source><fpage>122</fpage><lpage>155</lpage><person-group><name><surname>BOURDIEU</surname><given-names>Pierre</given-names></name><name><surname>ORTIZ</surname><given-names>Renato</given-names></name><name><surname>ORTIZ</surname><given-names>Renato</given-names></name></person-group></element-citation></ref><ref id="B9"><element-citation publication-type="book"><source>Trabalho e capital monopolista</source><date><year>1981</year></date><person-group><name><surname>BRAVERMAN</surname><given-names>Harry</given-names></name><name><surname>BRAVERMAN</surname><given-names>Harry</given-names></name></person-group></element-citation></ref><ref id="B10"><element-citation publication-type="book"><source>Manufacturing consent</source><date><year>1979</year></date><person-group><name><surname>BURAWOY</surname><given-names>Michael</given-names></name><name><surname>BURAWOY</surname><given-names>Michael</given-names></name></person-group></element-citation></ref><ref id="B11"><element-citation publication-type="book"><source>Science, technique et capital</source><date><year>1976</year></date><person-group><name><surname>CORIAT</surname><given-names>Benjamin</given-names></name><name><surname>CORIAT</surname><given-names>Benjamin</given-names></name></person-group></element-citation></ref><ref id="B12"><element-citation publication-type="book"><source>Informação e globalização na Era do Conhecimento</source><fpage>216</fpage><lpage>261</lpage><person-group><name><surname>DANTAS</surname><given-names>Marcos</given-names></name><name><surname>LASTRES</surname><given-names>Helena</given-names></name><name><surname>ALBAGLI</surname><given-names>Sarita</given-names></name><name><surname>LASTRES</surname><given-names>Helena</given-names></name><name><surname>ALBAGLI</surname><given-names>Sarita</given-names></name></person-group></element-citation></ref><ref id="B13"><element-citation publication-type="book"><source>Vers un capitalisme cognitif</source><date><year>2001</year></date><fpage>76</fpage><lpage>89</lpage><person-group><name><surname>DANTAS</surname><given-names>Marcos</given-names></name><name><surname>AZAÏS</surname></name><name><surname>AZAÏS</surname></name></person-group></element-citation></ref><ref id="B14"><element-citation publication-type="thesis"><source>Os significados do trabalho: uma investigação semiótica no processo de produção</source><date><year>2001</year></date><person-group><name><surname>DANTAS</surname><given-names>Marcos</given-names></name></person-group></element-citation></ref><ref id="B15"><element-citation publication-type="article"><article-title>"Informação e trabalho no capitalismo contemporâneo"</article-title><source>Lua Nova</source><fpage>5</fpage><lpage>44</lpage><issue>60</issue><person-group><name><surname>DANTAS</surname><given-names>Marcos</given-names></name></person-group></element-citation></ref><ref id="B16"><element-citation publication-type="article"><article-title>"Informação como trabalho e como valor"</article-title><source>Revista da Sociedade Brasileira de Economia Política</source><fpage>44</fpage><lpage>72</lpage><issue>19</issue><person-group><name><surname>DANTAS</surname><given-names>Marcos</given-names></name></person-group></element-citation></ref><ref id="B17"><element-citation publication-type="book"><source>A sociedade do espetáculo</source><date><year>1997</year></date><person-group><name><surname>DÉBORD</surname><given-names>Guy</given-names></name><name><surname>DÉBORD</surname><given-names>Guy</given-names></name></person-group></element-citation></ref><ref id="B18"><element-citation publication-type="book"><source>Sobre o "modelo" japonês</source><fpage>281</fpage><lpage>309</lpage><person-group><name><surname>DEJOURS</surname><given-names>Christophe</given-names></name><name><surname>HIRATA</surname><given-names>Helena</given-names></name><name><surname>HIRATA</surname><given-names>Helena</given-names></name></person-group></element-citation></ref><ref id="B19"><element-citation publication-type="book"><source>O fator humano</source><date><year>1997</year></date><person-group><name><surname>DEJOURS</surname><given-names>Christophe</given-names></name><name><surname>DEJOURS</surname><given-names>Christophe</given-names></name></person-group></element-citation></ref><ref id="B20"><element-citation publication-type="book"><source>Tratado geral de semiótica</source><date><year>1980</year></date><person-group><name><surname>ECO</surname><given-names>Umberto</given-names></name><name><surname>ECO</surname><given-names>Umberto</given-names></name></person-group></element-citation></ref><ref id="B21"><element-citation publication-type="book"><source>O signo</source><date><year>1981</year></date><person-group><name><surname>ECO</surname><given-names>Umberto</given-names></name></person-group></element-citation></ref><ref id="B22"><element-citation publication-type="book"><source>A era das revoluções</source><date><year>1997</year></date><person-group><name><surname>HOBSBAWN</surname><given-names>Eric</given-names></name><name><surname>HOBSBAWN</surname><given-names>Eric</given-names></name></person-group></element-citation></ref><ref id="B23"><element-citation publication-type="book"><source>Prometeu desacorrentado</source><date><year>1994</year></date><person-group><name><surname>LANDES</surname><given-names>David S.</given-names></name><name><surname>LANDES</surname><given-names>David S.</given-names></name></person-group></element-citation></ref><ref id="B24"><element-citation publication-type="book"><source>Codes et machines: essais de sémiologie industrielle</source><date><year>1974</year></date><person-group><name><surname>LUCAS</surname><given-names>Yvette</given-names></name><name><surname>LUCAS</surname><given-names>Yvette</given-names></name></person-group></element-citation></ref><ref id="B25"><element-citation publication-type="book"><source>História e consciência de classe</source><date><year>1989</year></date><person-group><name><surname>LUKÁCS</surname><given-names>Georg</given-names></name><name><surname>LUKÁCS</surname><given-names>Georg</given-names></name></person-group></element-citation></ref><ref id="B26"><element-citation publication-type="book"><source>Elementos fundamentales para la crítica de la Economía Política</source><date><year>1973</year></date><volume>3</volume><person-group><name><surname>MARX</surname><given-names>Karl</given-names></name><name><surname>MARX</surname><given-names>Karl</given-names></name></person-group></element-citation></ref><ref id="B27"><element-citation publication-type="book"><source>O capital</source><date><year>1983</year></date><volume>4</volume><person-group><name><surname>MARX</surname><given-names>Karl</given-names></name></person-group></element-citation></ref><ref id="B28"><element-citation publication-type="book"><source>Capítulo VI inédito de O capital</source><date><year>1969</year></date><person-group><name><surname>MARX</surname><given-names>Karl</given-names></name></person-group></element-citation></ref><ref id="B29"><element-citation publication-type="book"><source>Traité de sociologie du travail</source><fpage>247</fpage><lpage>267</lpage><person-group><name><surname>MAURICE</surname><given-names>Marc</given-names></name><name><surname>de COSTER</surname><given-names>Michel</given-names></name><name><surname>PICHAULD</surname><given-names>François</given-names></name><name><surname>de COSTER</surname><given-names>Michel</given-names></name><name><surname>PICHAULD</surname><given-names>François</given-names></name></person-group></element-citation></ref><ref id="B30"><element-citation publication-type="book"><source>Vers l'automatisme social?</source><date><year>1963</year></date><person-group><name><surname>NAVILLE</surname><given-names>Pierre</given-names></name><name><surname>NAVILLE</surname><given-names>Pierre</given-names></name></person-group></element-citation></ref><ref id="B31"><element-citation publication-type="book"><source>Semiótica</source><date><year>1977</year></date><person-group><name><surname>PEIRCE</surname><given-names>Charles Sanders</given-names></name><name><surname>PEIRCE</surname><given-names>Charles Sanders</given-names></name></person-group></element-citation></ref><ref id="B32"><element-citation publication-type="book"><source>Génese e estrutura de O Capital de Marx</source><date><year>2001</year></date><person-group><name><surname>ROSDOLSKY</surname><given-names>Roman</given-names></name><name><surname>ROSDOLSKY</surname><given-names>Roman</given-names></name></person-group></element-citation></ref><ref id="B33"><element-citation publication-type="book"><source>A teoria matemática da comunicação</source><date><year>1975</year></date><person-group><name><surname>SHANNON</surname><given-names>Claude</given-names></name><name><surname>WEAVER</surname><given-names>Claude</given-names></name><name><surname>SHANNON</surname><given-names>Claude</given-names></name><name><surname>WEAVER</surname><given-names>Claude</given-names></name></person-group></element-citation></ref><ref id="B34"><element-citation publication-type="article"><article-title>"Automação e racionalidade técnica"</article-title><source>Revista Brasileira de Ciências Sociais</source><fpage>53</fpage><lpage>67</lpage><issue>17</issue><person-group><name><surname>VALLE</surname><given-names>Rogério</given-names></name></person-group></element-citation></ref></ref-list></back></article></articles>