<articles xmlns:xsi="http://www.w3.org/2001/XMLSchema-instance" xsi:schemaLocation="https://raw.githubusercontent.com/scieloorg/articles_meta/master/tests/xsd/scielo_sci/ThomsonReuters_publishing.xsd" dtd-version="1.10"><article lang_id="pt" article-type="research-article"><front><journal-meta><journal-id journal-id-type="publisher">tes</journal-id><journal-title-group><journal-title>Trabalho, Educação e Saúde</journal-title><abbrev-journal-title>Trab. educ. saúde</abbrev-journal-title></journal-title-group><issn>1981-7746</issn><collection>SciELO Brazil</collection><publisher><publisher-name>Fundação Oswaldo Cruz, Escola Politécnica de Saúde Joaquim Venâncio</publisher-name></publisher></journal-meta><article-meta><unique-article-id pub-id-type="publisher-id">S1981-77462014000100004</unique-article-id><article-id pub-id-type="publisher-id">S1981-77462014000100004</article-id><article-id pub-id-type="doi">10.1590/S1981-77462014000100004</article-id><article-categories><subj-group><subject>EDUCATION &amp; EDUCATIONAL RESEARCH</subject><subject>PUBLIC, ENVIRONMENTAL &amp; OCCUPATIONAL HEALTH</subject></subj-group></article-categories><title-group><article-title lang_id="pt">Capacitação discente no processo de trabalho em diagnóstico por imagem do técnico em enfermagem</article-title><trans-title-group lang_id="es"><trans-title>Capacitación discente en el proceso detrabajo en diagnóstico por imagen del técnico en enfermería</trans-title></trans-title-group><trans-title-group lang_id="en"><trans-title>Training nursing technician students in the process of working with diagnostic imaging</trans-title></trans-title-group></title-group><contrib-group><contrib contrib-type="author"><name><surname>Coelho</surname><given-names>Juliana Almeida</given-names></name><role>ND</role></contrib><contrib contrib-type="author"><name><surname>Vargas</surname><given-names>Franciele Cardoso de</given-names></name><role>ND</role></contrib></contrib-group><aff id="A01"><institution>Instituto Federal Catarinense</institution><country>Brazil</country></aff><aff id="A02"><institution>Universidade Federal de Santa Catarina</institution><country>Brazil</country></aff><aff id="A03"><institution>Instituto Federal Catarinense</institution><country>Brazil</country></aff><pub-date><month>04</month><year>2014</year></pub-date><volume>12</volume><issue>1</issue><fpage>51</fpage><lpage>67</lpage><permissions><license license-type="open-access" href="http://creativecommons.org/licenses/by-nc/4.0/"><license-p>This work is licensed under a Creative Commons Attribution-NonCommercial 4.0 International License.</license-p></license></permissions><self-uri href="http://www.scielo.br/scielo.php?script=sci_arttext&amp;pid=S1981-77462014000100004&amp;lng=en&amp;tlng=en" content-type="full_text_page"/><self-uri href="http://www.scielo.br/scielo.php?script=sci_issuetoc&amp;pid=1981-774620140001&amp;lng=en" content-type="issue_page"/><self-uri href="http://www.scielo.br/scielo.php?script=sci_serial&amp;pid=1981-7746&amp;lng=en" content-type="journal_page"/><abstract lang_id="pt"><p>A atuação da enfermagem radiológica cresceu significativamente, tornando esse profissional um elemento integral na radiologia e no diagnóstico por imagem. Considerando que um profissional com fragilidades em sua qualificação expõe-se a riscos desnecessários, a importância deste trabalho é resultado da necessidade de disseminar conhecimentos acerca da especialidade a futuros profissionais. O objetivo deste artigo é conhecer o processo de trabalho em diagnóstico por imagem dos discentes do Curso Técnico em Enfermagem-Proeja, em uma instituição pública da Grande Florianópolis, no estado de Santa Catarina. A metodologia utilizada foi a pesquisa-ação. Aplicaram-se três questionários aos discentes e docentes do curso, a fim de conhecer as necessidades do curso em relação ao tema. Os resultados revelaram uma defasagem na formação, visto que a temática não é abordada nas aulas. Com base nas necessidades expostas pelos participantes da pesquisa, as ações de capacitação foram planejadas, abordando temas como radiação ionizante, proteção radiológica, atuação do técnico em enfermagem na área e legislação. Após a capacitação, os alunos mostraram maior segurança e interesse em atuar nos serviços de diagnóstico por imagem, bem como em manter um processo de educação continuada. Sendo assim, a realização da capacitação mostrou-se pertinente à formação dos futuros profissionais.</p></abstract><trans-abstract lang_id="es"><p>El papel de la enfermería radiológica creció de manera significativa, volviendo a este profesional un elemento esencial en radiología y diagnóstico por imagen. Considerando que un profesional con fragilidades en su calificación se expone a riesgos innecesarios, la importancia de este trabajo es el resultado de la necesidad de divulgar conocimientos acerca de la especialidad a futuros profesionales. El objetivo de este artículo es conocer el proceso de trabajo en diagnóstico por imagen de los estudiantes del Curso Técnico en Enfermería - Proeja, en una institución pública de la Gran Florianópolis, en el estado de Santa Catarina. La metodología utilizada fue la investigación-acción. Se aplicaron tres cuestionarios a los estudiantes y docentes del curso, a fin de conocer las necesidades del curso con relación al tema. Los resultados revelaron un desfasaje en la formación puesto que no se aborda la temática en las clases. Con base en las necesidades expuestas por los participantes en la investigación, las acciones de capacitación se planificaron abordando temas como radiación ionizante, protección radiológica, papel del técnico en enfermería en el área y legislación. Después de la capacitación, los alumnos presentaron mayor seguridad e interés en actuar en los servicios de diagnóstico por imagen, así como en mantener un proceso de educación continua. Por lo tanto, la realización de la capacitación resultó ser pertinente para la formación de los futuros profesionales.</p></trans-abstract><trans-abstract lang_id="en"><p>The role played by radiologic nursing has grown significantly, rendering this professional an integral element of radiology and of diagnostic imaging. Since a professional with flaws in training is exposed to unnecessary risks, the importance of this work is the outcome of the need to disseminate knowledge about this area of expertise to future professionals. The purpose of this article is to get to know the diagnostic imaging work process offered to the students of the Technical Course in Nursing-Proeja at a public institution in the Metropolitan Region of Florianópolis, state of Santa Catarina. Action research was the methodology used. Three questionnaires were applied to course students and faculty in order to learn more about the needs of the course insofar as this topic is concerned. The results revealed a lag in training, since the subject is not addressed in class. Based on the needs shown by the research subjects, the training activities were planned in such a manner as to cover topics related to ionizing radiation, protection against radiation, the work of the nursing technician in this area, and the legislation. After the training, students showed greater security and interest in working with diagnostic imaging services as well as in maintaining a continuing education process. Thus, providing the training proved to be relevant to qualifying future professionals.</p></trans-abstract><kwd-group lang_id="pt" kwd-group-type="author-generated"><kwd>radiologia</kwd><kwd>educação em enfermagem</kwd><kwd>trabalho</kwd></kwd-group><kwd-group lang_id="es" kwd-group-type="author-generated"><kwd>radiología</kwd><kwd>educación en enfermería</kwd><kwd>trabajo</kwd></kwd-group><kwd-group lang_id="en" kwd-group-type="author-generated"><kwd>radiology</kwd><kwd>nursing education</kwd><kwd>work</kwd></kwd-group></article-meta></front><back><ref-list><ref id="B1"><element-citation publication-type="article"><article-title>Lei n. 7498, de 25 de junho de 1986: Dispõe sobre a regulamentação do exercício da enfermagem e dá outras providências</article-title><source>Diário Oficial da União</source><date><day>26</day><month>06</month><year>1986</year></date><fpage>9.273</fpage><lpage>9.275</lpage></element-citation></ref><ref id="B2"><element-citation publication-type="article"><article-title>Resolução Cofen n. 389, de 20 de outubro de 2011a: Atualiza, no âmbito do sistema Cofen/Conselhos Regionais de Enfermagem, os procedimentos para registro de título de pós-graduação lato e stricto sensu concedido a enfermeiros e lista as especialidades</article-title><source>Diário Oficial da União</source><date><day>20</day><month>10</month><year>2011</year></date><fpage>146</fpage></element-citation></ref><ref id="B3"><element-citation publication-type="article"><article-title>Resolução Cofen n. 418, de 29 de novembro de 2011b: Atualiza, no âmbito do sistema Cofen/Conselhos Regionais de Enfermagem, os procedimentos para registro de especialização técnica de nível médio em enfermagem</article-title><source>Diário Oficial da União</source><date><day>06</day><month>12</month><year>2011</year></date><fpage>78</fpage><lpage>79</lpage></element-citation></ref><ref id="B4"><element-citation publication-type="book"><source>Resolução Cofen n. 211, de 1 de junho de 1998: Dispõe sobre a atuação dos profissionais de enfermagem que trabalham com radiação ionizante</source><date><year>1998</year></date></element-citation></ref><ref id="B5"><element-citation publication-type="article"><article-title>Resolução n. 196/96: Diretrizes e normas regulamentadoras de pesquisa envolvendo seres humanos</article-title><source>Diário Oficial da União</source><date><day>16</day><month>10</month><year>1996</year></date><ext-link>www.cep.ufsc.br</ext-link></element-citation></ref><ref id="B6"><element-citation publication-type="book"><source>Educação: um tesouro a descobrir. Relatório para a Unesco da Comissão Internacional sobre Educação para o Século XXI</source><date><year>2000</year></date><fpage>89</fpage><lpage>102</lpage><person-group><name><surname>DELORS</surname><given-names>Jacques</given-names></name><name><surname>DELORS</surname><given-names>Jacques</given-names></name></person-group></element-citation></ref><ref id="B7"><element-citation publication-type="article"><article-title>Tecnologias emissoras de radiação ionizante e a necessidade de educação permanente para uma práxis segura da enfermagem radiológica</article-title><source>Revista Brasileira de Enfermagem</source><date><month>10</month><year>2009</year></date><fpage>766</fpage><lpage>770</lpage><issue>5</issue><volume>62</volume><person-group><name><surname>FLÔR</surname><given-names>Rita de C.</given-names></name><name><surname>GELBCKE</surname><given-names>Francine L.</given-names></name></person-group></element-citation></ref><ref id="B8"><element-citation publication-type="article"><article-title>Uma prática educativa de sensibilização quanto à exposição à radiação ionizante com profissionais de saúde</article-title><source>Revista Brasileira de Enfermagem</source><date><month>06</month><year>2006</year></date><fpage>274</fpage><lpage>278</lpage><issue>3</issue><volume>59</volume><person-group><name><surname>FLÔR</surname><given-names>Rita de C.</given-names></name><name><surname>KIRCHHOF</surname><given-names>Ana L. C.</given-names></name></person-group></element-citation></ref><ref id="B9"><element-citation publication-type="book"><source>A trajetória dos cursos de graduação na área da saúde: 1991-2004</source><date><year>2006</year></date><person-group><name><surname>HADDAD</surname><given-names>Ana E.</given-names></name><name><surname>HADDAD</surname><given-names>Ana E.</given-names></name></person-group></element-citation></ref><ref id="B10"><element-citation publication-type="article"><article-title>Teaching Radiology to Military Nursing Students</article-title><source>Military Medicine</source><date><month>08</month><year>2005</year></date><fpage>713</fpage><lpage>714</lpage><volume>170</volume><person-group><name><surname>HAMA</surname><given-names>Yukihiro</given-names></name><name><surname>KUSANO</surname><given-names>Shoichi</given-names></name></person-group></element-citation></ref><ref id="B11"><element-citation publication-type="article"><article-title>A enfermagem enquanto disciplina, profissão e trabalho</article-title><source>Revista Brasileira de Enfermagem</source><date><month>10</month><year>2009</year></date><fpage>739</fpage><lpage>744</lpage><issue>5</issue><volume>62</volume><person-group><name><surname>PIRES</surname><given-names>Denise</given-names></name></person-group></element-citation></ref><ref id="B12"><element-citation publication-type="article"><article-title>Atuação de enfermeiros em um centro de diagnóstico por imagem</article-title><source>Journal of the Health Sciences Institute</source><date><year>2010</year></date><fpage>325</fpage><lpage>328</lpage><issue>4</issue><volume>28</volume><person-group><name><surname>SALES</surname><given-names>Orcélia P.</given-names></name></person-group></element-citation></ref><ref id="B13"><element-citation publication-type="article"><article-title>Management and Leadership: Educating and Orienting the Radiology Nurse of the Future</article-title><source>Journal of Radiology Nursing</source><date><year>2011</year></date><fpage>135</fpage><lpage>136</lpage><issue>3</issue><volume>30</volume><person-group><name><surname>SOUSA</surname><given-names>Mary F.</given-names></name></person-group></element-citation></ref><ref id="B14"><element-citation publication-type="article"><article-title>Pesquisa-ação: uma introdução metodológica</article-title><source>Educação e Pesquisa</source><date><month>12</month><year>2005</year></date><fpage>443</fpage><lpage>466</lpage><issue>3</issue><volume>31</volume><person-group><name><surname>TRIPP</surname><given-names>David</given-names></name></person-group></element-citation></ref><ref id="B15"><element-citation publication-type="book"><source>Perplexidade na universidade: vivência nos cursos de saúde</source><date><year>2006</year></date><person-group><name><surname>VASCONCELLOS</surname><given-names>E. M.</given-names></name><name><surname>FROTA</surname><given-names>Lia H.</given-names></name><name><surname>SIMON</surname><given-names>Eduardo</given-names></name><name><surname>VASCONCELLOS</surname><given-names>E. M.</given-names></name><name><surname>FROTA</surname><given-names>Lia H.</given-names></name><name><surname>SIMON</surname><given-names>Eduardo</given-names></name></person-group></element-citation></ref></ref-list></back></article></articles>