<articles xmlns:xsi="http://www.w3.org/2001/XMLSchema-instance" xsi:schemaLocation="https://raw.githubusercontent.com/scieloorg/articles_meta/master/tests/xsd/scielo_sci/ThomsonReuters_publishing.xsd" dtd-version="1.10"><article lang_id="pt" article-type="research-article"><front><journal-meta><journal-id journal-id-type="publisher">tes</journal-id><journal-title-group><journal-title>Trabalho, Educação e Saúde</journal-title><abbrev-journal-title>Trab. educ. saúde</abbrev-journal-title></journal-title-group><issn>1981-7746</issn><collection>SciELO Brazil</collection><publisher><publisher-name>Fundação Oswaldo Cruz, Escola Politécnica de Saúde Joaquim Venâncio</publisher-name></publisher></journal-meta><article-meta><unique-article-id pub-id-type="publisher-id">S1981-77462008000300011</unique-article-id><article-id pub-id-type="publisher-id">S1981-77462008000300011</article-id><article-id pub-id-type="doi">10.1590/S1981-77462008000300011</article-id><article-categories><subj-group><subject>EDUCATION &amp; EDUCATIONAL RESEARCH</subject><subject>PUBLIC, ENVIRONMENTAL &amp; OCCUPATIONAL HEALTH</subject></subj-group></article-categories><title-group><article-title lang_id="pt">Financiamento da saúde: impasses ainda não resolvidos</article-title><trans-title-group lang_id="en"><trans-title>Funding health: unsolved impasses</trans-title></trans-title-group></title-group><contrib-group><contrib contrib-type="author"><name><surname>Viana</surname><given-names>Ana Luiza d'Ávila</given-names></name><role>ND</role><xref ref-type="aff" rid="A01"/></contrib></contrib-group><aff id="A01"><institution>Universidade de São Paulo</institution><country>Brazil</country></aff><pub-date><year>2008</year></pub-date><volume>6</volume><issue>3</issue><fpage>599</fpage><lpage>612</lpage><permissions><license license-type="open-access" href="http://creativecommons.org/licenses/by-nc/4.0/"><license-p>This work is licensed under a Creative Commons Attribution-NonCommercial 4.0 International License.</license-p></license></permissions><self-uri href="http://www.scielo.br/scielo.php?script=sci_arttext&amp;pid=S1981-77462008000300011&amp;lng=en&amp;tlng=en" content-type="full_text_page"/><self-uri href="http://www.scielo.br/scielo.php?script=sci_issuetoc&amp;pid=1981-774620080003&amp;lng=en" content-type="issue_page"/><self-uri href="http://www.scielo.br/scielo.php?script=sci_serial&amp;pid=1981-7746&amp;lng=en" content-type="journal_page"/><abstract lang_id="pt"><p>O trabalho procura dialogar com os achados apresentados por Luciana Dias de Lima em seu texto sobre federalismo fiscal e financiamento descentralizado da saúde no Brasil, mediante a apresentação de resultados parciais e inéditos de um estudo, realizado no período 2006-2008, sobre estratégias de financiamento da atenção básica em municípios com mais de 100 mil habitantes do estado de São Paulo. O estudo envolveu a execução de dois módulos relacionados entre si: coleta e análise de dados secundários, buscando relacionar indicadores de financiamento da saúde no plano local com níveis de desempenho da atenção básica, e entrevistas semi-estruturadas com gestores de saúde de municípios selecionados. Os resultados mostram, de um lado, que os diferentes modelos de atenção básica existentes nos municípios, assim como os níveis diferenciados de eficácia e efetividade dos sistemas municipais de saúde, estão relacionados com o padrão de financiamento e gasto com saúde nesses municípios; de outro lado, que existem diversos aspectos que tendem a jogar papel decisivo na disponibilidade de recursos financeiros para o desenvolvimento da atenção básica, incluindo o comprometimento de recursos com serviços de média e alta complexidade e o alinhamento político do município com as demais esferas de governo.</p></abstract><trans-abstract lang_id="en"><p>The article seeks to dialogue with the discoveries presented by Luciana Dias de Lima in her article about fiscal federalism and decentralized funding of health in Brazil by presenting partial, unpublished results of a study carried out between 2006 and 2008 regarding basic care funding strategies in cities with more than 100,000 inhabitants in the State of São Paulo. The study involved two interrelated modules: secondary data collection and analysis, seeking to relate health funding indices on the local plan to basic care performance levels, and semi-structured interviews with health managers of selected cities. The results show, on one token, that the different basic care models that exist in the cities, as well as the differentiated levels of efficacy and effectiveness of the municipal health systems, are related to the health funding and expenditure standard in these cities; and, on the other, that there are several aspects that tend to play decisive roles in the availability of financial resources for the development of basic care, including committing resources with medium-complexity and high-complexity services and the city's political alignment with the remaining spheres of government.</p></trans-abstract><kwd-group lang_id="pt" kwd-group-type="author-generated"><kwd>Sistema Único de Saúde</kwd><kwd>federalismo fiscal</kwd><kwd>financiamento</kwd><kwd>atenção básica</kwd></kwd-group><kwd-group lang_id="en" kwd-group-type="author-generated"><kwd>Single Health System</kwd><kwd>fiscal federalism</kwd><kwd>funding</kwd><kwd>basic care</kwd></kwd-group></article-meta></front><back><ref-list><ref id="B1"><element-citation publication-type="book"><source>Inquérito com usuários e profissionais, percepção dos gestores e estudos sobre o trabalho do PSF</source><date><year>2007</year></date></element-citation></ref><ref id="B2"><element-citation publication-type="article"><article-title>Os vários mundos do financiamento da Saúde no Brasil: uma tentativa de integração</article-title><source>Ciência &amp; Saúde Coletiva</source><date><year>2007</year></date><fpage>1851</fpage><lpage>1864</lpage><volume>12</volume><person-group><name><surname>DAIN</surname><given-names>Sulamis</given-names></name></person-group></element-citation></ref><ref id="B3"><element-citation publication-type="book"><source>Saúde e democracia: história e perspectivas do SUS</source><date><year>2005</year></date><person-group><name><surname>GERSCHMAN</surname><given-names>Silvia</given-names></name><name><surname>VIANA</surname><given-names>Ana Luiza d'Ávila</given-names></name><name><surname>LIMA</surname><given-names>Nísia Trindade</given-names></name><name><surname>LIMA</surname><given-names>Nísia Trindade</given-names></name></person-group></element-citation></ref><ref id="B4"><element-citation publication-type="book"><source>Boletim de políticas sociais: acompanhamento e análise</source><date><month>03</month><year>2008</year></date><fpage>73</fpage><lpage>95</lpage></element-citation></ref><ref id="B5"><element-citation publication-type="book"><source>Federalismo, relações fiscais e financiamento do Sistema Único de Saúde: a distribuição de receitas vinculadas à saúde nos orçamentos municipais e estaduais</source><date><year>2007</year></date><person-group><name><surname>LIMA</surname><given-names>Luciana Dias de</given-names></name><name><surname>LIMA</surname><given-names>Luciana Dias de</given-names></name></person-group></element-citation></ref><ref id="B6"><element-citation publication-type="book"><source>Estratégias de financiamento para organização e fortalecimento da atenção básica nos grandes centros urbanos de São Paulo: Relatório de Pesquisa</source><date><year>2008</year></date><person-group><name><surname>VIANA</surname><given-names>Ana Luiza d'Ávila</given-names></name><name><surname>VIANA</surname><given-names>Ana Luiza d'Ávila</given-names></name></person-group></element-citation></ref></ref-list></back></article></articles>