<articles xmlns:xsi="http://www.w3.org/2001/XMLSchema-instance" xsi:schemaLocation="https://raw.githubusercontent.com/scieloorg/articles_meta/master/tests/xsd/scielo_sci/ThomsonReuters_publishing.xsd" dtd-version="1.10"><article lang_id="pt" article-type="research-article"><front><journal-meta><journal-id journal-id-type="publisher">csp</journal-id><journal-title-group><journal-title>Cadernos de Saúde Pública</journal-title><abbrev-journal-title>Cad. Saúde Pública</abbrev-journal-title></journal-title-group><issn>1678-4464</issn><collection>SciELO Brazil</collection><publisher><publisher-name>Escola Nacional de Saúde Pública Sergio Arouca, Fundação Oswaldo Cruz</publisher-name></publisher></journal-meta><article-meta><unique-article-id pub-id-type="publisher-id">S0102-311X1991000300002</unique-article-id><article-id pub-id-type="publisher-id">S0102-311X1991000300002</article-id><article-id pub-id-type="doi">10.1590/S0102-311X1991000300002</article-id><article-categories><subj-group><subject>Health Policy &amp; Services</subject></subj-group></article-categories><title-group><article-title lang_id="pt">Epidemiologia e geografia: o complexo patogênico de Max. Sorre</article-title></title-group><contrib-group><contrib contrib-type="author"><name><surname>Ferreira</surname><given-names>Marcelo Urbano</given-names></name><role>ND</role><xref ref-type="aff" rid="A01"/></contrib></contrib-group><aff id="A01"><institution>Universidade de São Paulo</institution><country>Brazil</country></aff><pub-date><month>09</month><year>1991</year></pub-date><volume>7</volume><issue>3</issue><fpage>301</fpage><lpage>309</lpage><permissions><license license-type="open-access" href="http://creativecommons.org/licenses/by-nc/4.0/"><license-p>This work is licensed under a Creative Commons Attribution-NonCommercial 4.0 International License.</license-p></license></permissions><self-uri href="http://www.scielo.br/scielo.php?script=sci_arttext&amp;pid=S0102-311X1991000300002&amp;lng=en&amp;tlng=en" content-type="full_text_page"/><self-uri href="http://www.scielosp.org/scielo.php?script=sci_issuetoc&amp;pid=0102-311X19910003&amp;lng=en" content-type="issue_page"/><self-uri href="http://www.scielosp.org/scielo.php?script=sci_serial&amp;pid=0102-311X&amp;lng=en" content-type="journal_page"/><abstract lang_id="pt"><p>Apresentam-se alguns traços essenciais do conceito de complexo patogênico, formulado pelo geógrafo francês Max. Sorre, com o objetivo de estimular estudos de integração entre a epidemiologia e a geografia.</p></abstract><trans-abstract lang_id="en"><p>Some essential features of the pathogenic complex concept formulated by the French geographer Max. Sorre are presented, aiming at integrating epidemiological and geografic studies.</p></trans-abstract></article-meta></front><back><ref-list><ref id="B1"><element-citation publication-type="book"><source>Introdução à controvérsia sobre o positivismo na sociologia alemã: Em: Textos escolhidos/Walter Benjamim, Max Horkheimer, Theodor W. Adorno, Jurgen Habermas</source><date><year>1983</year></date><fpage>209</fpage><lpage>268</lpage><person-group><name><surname>ADORNO</surname><given-names>T.W.</given-names></name><name><surname>ADORNO</surname><given-names>T.W.</given-names></name></person-group></element-citation></ref><ref id="B2"><element-citation publication-type="book"><source>Epidemiologia sem números</source><date><year>1989</year></date><person-group><name><surname>ALMEIDA FILHO</surname><given-names>N.</given-names></name><name><surname>ALMEIDA FILHO</surname><given-names>N.</given-names></name></person-group></element-citation></ref><ref id="B3"><element-citation publication-type="book"><source>Análise de sistemas em geografia</source><date><year>1979</year></date><person-group><name><surname>CHISTOFOLETTI</surname><given-names>A.</given-names></name><name><surname>CHISTOFOLETTI</surname><given-names>A.</given-names></name></person-group></element-citation></ref><ref id="B4"><element-citation publication-type="book"><source>Teoria analítica da ciência e dialética: Em: Textos escolhidos/Walter Benjamin, Max Horkheimer, Theodor W. Adorno, Jurgen Habermas</source><date><year>1983</year></date><fpage>271</fpage><lpage>299</lpage><person-group><name><surname>HABERMAS</surname><given-names>J.</given-names></name><name><surname>HABERMAS</surname><given-names>J.</given-names></name></person-group></element-citation></ref><ref id="B5"><element-citation publication-type="book"><source>HERÔDOTOS: História</source><date><year>1985</year></date><person-group><name><surname>Kury</surname><given-names>Mário da Gama</given-names></name><name><surname>Kury</surname><given-names>Mário da Gama</given-names></name></person-group></element-citation></ref><ref id="B6"><element-citation publication-type="book"><source>Introdução à geografia médica do Brasil</source><date><year>1972</year></date><person-group><name><surname>LACAZ</surname><given-names>C. S.</given-names></name><name><surname>BASRUZZI</surname><given-names>R. G.</given-names></name><name><surname>SIQUEIRA</surname><given-names>W.</given-names></name><name><surname>LACAZ</surname><given-names>C. S.</given-names></name><name><surname>BASRUZZI</surname><given-names>R. G.</given-names></name><name><surname>SIQUEIRA</surname><given-names>W.</given-names></name></person-group></element-citation></ref><ref id="B7"><element-citation publication-type="book"><source>Medicine and medical geography</source><date><year>1972</year></date><fpage>17</fpage><lpage>42</lpage><person-group><name><surname>LEARMONTH</surname><given-names>A.T.A.</given-names></name><name><surname>MCGLASHAN</surname><given-names>N. D.</given-names></name><name><surname>LEARMONTH</surname><given-names>A.T.A.</given-names></name><name><surname>MCGLASHAN</surname><given-names>N. D.</given-names></name></person-group></element-citation></ref><ref id="B8"><element-citation publication-type="article"><article-title>Medical geography: its methods and objectives</article-title><source>Georgr. Rev.</source><date><year>1950</year></date><fpage>9</fpage><lpage>41</lpage><volume>40</volume><person-group><name><surname>MAY</surname><given-names>J.M.</given-names></name></person-group></element-citation></ref><ref id="B9"><element-citation publication-type="book"><source>Medical geography: an introduction</source><fpage>3</fpage><lpage>15</lpage><person-group><name><surname>McGLASHAN</surname><given-names>N. D.</given-names></name><name><surname>McGLASHAN</surname><given-names>N. D.</given-names></name><name><surname>McGLASHAN</surname><given-names>N. D.</given-names></name><name><surname>McGLASHAN</surname><given-names>N. D.</given-names></name></person-group></element-citation></ref><ref id="B10"><element-citation publication-type="book"><source>A geografia torna-se uma ciência social</source><date><year>1984</year></date><person-group><name><surname>MEGALE</surname><given-names>J.F.</given-names></name><name><surname>MEGALE</surname><given-names>J.F.</given-names></name><name><surname>Sorre</surname><given-names>Max</given-names></name><name><surname>MEGALE</surname><given-names>J.F.</given-names></name><name><surname>MEGALE</surname><given-names>J.F.</given-names></name><name><surname>Sorre</surname><given-names>Max</given-names></name></person-group></element-citation></ref><ref id="B11"><element-citation publication-type="book"><source>Geografia: uma pequena história crítica</source><date><year>1984</year></date><person-group><name><surname>MORAES</surname><given-names>A.C.R.</given-names></name><name><surname>MORAES</surname><given-names>A.C.R.</given-names></name></person-group></element-citation></ref><ref id="B12"><element-citation publication-type="book"><source>Human diseases with natural foci</source><person-group><name><surname>PAVLOVSKY</surname><given-names>Y. N.</given-names></name><name><surname>PAVLOVSKY</surname><given-names>Y. N.</given-names></name></person-group></element-citation></ref><ref id="B13"><element-citation publication-type="book"><source>Pobreza urbana</source><date><year>1979</year></date><person-group><name><surname>SANTOS</surname><given-names>M.</given-names></name><name><surname>SANTOS</surname><given-names>M.</given-names></name></person-group></element-citation></ref><ref id="B14"><element-citation publication-type="book"><source>Ensaios sobre a urbanização latino-americana</source><date><year>1982</year></date><person-group><name><surname>SANTOS</surname><given-names>M.</given-names></name><name><surname>SANTOS</surname><given-names>M.</given-names></name></person-group></element-citation></ref><ref id="B15"><element-citation publication-type="book"><source>Espaço e método</source><date><year>1985</year></date><person-group><name><surname>SANTOS</surname><given-names>M.</given-names></name><name><surname>SANTOS</surname><given-names>M.</given-names></name></person-group></element-citation></ref><ref id="B16"><element-citation publication-type="book"><source>Por uma geografia nova</source><date><year>1986</year></date><person-group><name><surname>SANTOS</surname><given-names>M.</given-names></name><name><surname>SANTOS</surname><given-names>M.</given-names></name></person-group></element-citation></ref><ref id="B17"><element-citation publication-type="book"><source>O espaço interdisciplinar</source><date><year>1986</year></date><person-group><name><surname>SANTOS</surname><given-names>M.</given-names></name><name><surname>SOUZA</surname><given-names>M. A. A.</given-names></name><name><surname>SANTOS</surname><given-names>M.</given-names></name><name><surname>SOUZA</surname><given-names>M. A. A.</given-names></name></person-group></element-citation></ref><ref id="B18"><element-citation publication-type="book"><source>A construção do espaço</source><date><year>1986</year></date><person-group><name><surname>SANTOS</surname><given-names>M.</given-names></name><name><surname>SOUZA</surname><given-names>M. A.A.</given-names></name><name><surname>SANTOS</surname><given-names>M.</given-names></name><name><surname>SOUZA</surname><given-names>M. A.A.</given-names></name></person-group></element-citation></ref><ref id="B19"><element-citation publication-type="thesis"><source>Evolução da doença de Chagas no Estado de São Paulo</source><date><year>1981</year></date><person-group><name><surname>SILVA</surname><given-names>L. J.</given-names></name><name><surname>SILVA</surname><given-names>L. J.</given-names></name></person-group></element-citation></ref><ref id="B20"><element-citation publication-type="thesis"><source>Poluição do ar e doenças respiratórias em crianças da Grande São Paulo: um estudo de geografia médica</source><date><year>1988</year></date><person-group><name><surname>SOBRAL</surname><given-names>H. R. W.</given-names></name><name><surname>SOBRAL</surname><given-names>H. R. W.</given-names></name></person-group></element-citation></ref><ref id="B21"><element-citation publication-type="book"><source>A noção de gênero de vida e sua evolução</source><fpage>99</fpage><lpage>123</lpage><person-group><name><surname>SORRE</surname><given-names>M.</given-names></name><name><surname>MEGALE</surname><given-names>J. F.</given-names></name><name><surname>SORRE</surname><given-names>M.</given-names></name><name><surname>MEGALE</surname><given-names>J. F.</given-names></name></person-group></element-citation></ref><ref id="B22"><element-citation publication-type="book"><source>Les fondements de la géographie humaine</source><date><year>1951</year></date><person-group><name><surname>SORRE</surname><given-names>M.</given-names></name><name><surname>SORRE</surname><given-names>M.</given-names></name></person-group></element-citation></ref><ref id="B23"><element-citation publication-type="book"><source>Les migrations des peuples</source><date><year>1955</year></date><person-group><name><surname>SORRE</surname><given-names>M.</given-names></name><name><surname>SORRE</surname><given-names>M.</given-names></name></person-group></element-citation></ref></ref-list></back></article></articles>