<articles xmlns:xsi="http://www.w3.org/2001/XMLSchema-instance" xsi:schemaLocation="https://raw.githubusercontent.com/scieloorg/articles_meta/master/tests/xsd/scielo_sci/ThomsonReuters_publishing.xsd" dtd-version="1.10"><article lang_id="pt" article-type="research-article"><front><journal-meta><journal-id journal-id-type="publisher">csp</journal-id><journal-title-group><journal-title>Cadernos de Saúde Pública</journal-title><abbrev-journal-title>Cad. Saúde Pública</abbrev-journal-title></journal-title-group><issn>1678-4464</issn><collection>SciELO Public Health</collection><publisher><publisher-name>Escola Nacional de Saúde Pública Sergio Arouca, Fundação Oswaldo Cruz</publisher-name></publisher></journal-meta><article-meta><unique-article-id pub-id-type="publisher-id">S0102-311X1985000200004</unique-article-id><article-id pub-id-type="publisher-id">S0102-311X1985000200004</article-id><article-id pub-id-type="doi">10.1590/S0102-311X1985000200004</article-id><article-categories><subj-group><subject>Health Policy &amp; Services</subject></subj-group></article-categories><title-group><article-title lang_id="pt">Fumo, bebida alcoólica, migração, instrução, ocupação, agregação familiar e pressão arterial em Volta Redonda, Rio de Janeiro</article-title></title-group><contrib-group><contrib contrib-type="author"><name><surname>Klein</surname><given-names>Carlos Henrique</given-names></name><role>ND</role><xref ref-type="aff" rid="A01"/></contrib><contrib contrib-type="author"><name><surname>Araújo</surname><given-names>José Wellington Gomes de</given-names></name><role>ND</role><xref ref-type="aff" rid="A01"/></contrib></contrib-group><aff id="A01"><institution>FIOCRUZ</institution></aff><pub-date><month>06</month><year>1985</year></pub-date><volume>1</volume><issue>2</issue><fpage>160</fpage><lpage>176</lpage><permissions><license license-type="open-access" href="http://creativecommons.org/licenses/by/4.0/"><license-p>This work is licensed under a Creative Commons Attribution 4.0 International License.</license-p></license></permissions><self-uri href="http://www.scielosp.org/scielo.php?script=sci_arttext&amp;pid=S0102-311X1985000200004&amp;lng=en&amp;tlng=en" content-type="full_text_page"/><self-uri href="http://www.scielosp.org/scielo.php?script=sci_issuetoc&amp;pid=0102-311X19850002&amp;lng=en" content-type="issue_page"/><self-uri href="http://www.scielosp.org/scielo.php?script=sci_serial&amp;pid=0102-311X&amp;lng=en" content-type="journal_page"/><abstract lang_id="pt"><p>Em 1979, tendo por objetivo estimar a prevalência de hipertensão arterial e examinar associações entre diversos fatores e a pressão arterial, foi realizada uma pesquisa epidemiológica do tipo seccional na cidade de Volta Redonda, tendo sido examinadas cerca de 650 pessoas, de 20 a 74 anos de idade, residentes em domicílios selecionados ao acaso. O hábito de fumar, a ingestão de bebida alcoólica, o baixo grau de instrução escolar e o trabalho em ocupações subalternas da prestação de serviços são características dos indivíduos de maior risco de hipertensão arterial e de médias mais elevadas de pressão. Também as pessoas que sabiam que seus pais eram hipertensos tiveram médias mais elevadas de pressão arterial e maior chance de serem hipertensas, segundo o critério da OMS (sistólica &gt; 160 e/ou diastólica &gt; 95 mmHg). Finalmente, migrantes e naturais de Volta Redonda não se diferenciaram significativamente de acordo com suas médias de pressão e prevalências de hipertensão arterial.</p></abstract><trans-abstract lang_id="en"><p>In 1979, in the city of Volta Redonda, a cross-sectional epidemiological investigation was carried out to estimate the prevalence of arterial hypertension and to study the association between different factors and arterial blood pressure. About 650 residents between 20 to 74years old were studied. The habit of smoking, the use of alcohol, the low level of education and the insecurity o f employment are some of the characteristics of people with a greater risk of arterial hypertension and, in general, higher average levels of blood pressure. People who knew that their parents had high blood pressure had higher average blood pressure levels and had more chance of being hypertensive according to WHO standard (systolic &gt; 160 and/or diastolic &gt; 95mmHg). Finally, migrants and natives of Volta Redonda do not show any significant difference in their average pressure and arterial hypertension prevalence.</p></trans-abstract></article-meta></front><back><ref-list><ref id="B1"><element-citation publication-type="thesis"><source>Hipertensão arterial em grupos sócio-ocupacionais de Volta Redonda-RJ</source><date><year>1984</year></date><person-group><name><surname>ARAÚJO</surname><given-names>J.W.G.</given-names></name><name><surname>ARAÚJO</surname><given-names>J.W.G.</given-names></name></person-group></element-citation></ref></ref-list></back></article></articles>