<articles xmlns:xsi="http://www.w3.org/2001/XMLSchema-instance" xsi:schemaLocation="https://raw.githubusercontent.com/scieloorg/articles_meta/master/tests/xsd/scielo_sci/ThomsonReuters_publishing.xsd" dtd-version="1.10"><article lang_id="pt" article-type="research-article"><front><journal-meta><journal-id journal-id-type="publisher">csp</journal-id><journal-title-group><journal-title>Cadernos de Saúde Pública</journal-title><abbrev-journal-title>Cad. Saúde Pública</abbrev-journal-title></journal-title-group><issn>1678-4464</issn><collection>SciELO Brazil</collection><publisher><publisher-name>Escola Nacional de Saúde Pública Sergio Arouca, Fundação Oswaldo Cruz</publisher-name></publisher></journal-meta><article-meta><unique-article-id pub-id-type="publisher-id">S0102-311X1993000200009</unique-article-id><article-id pub-id-type="publisher-id">S0102-311X1993000200009</article-id><article-id pub-id-type="doi">10.1590/S0102-311X1993000200009</article-id><article-categories><subj-group><subject>Health Policy &amp; Services</subject></subj-group></article-categories><title-group><article-title lang_id="pt">Saúde pública, rede básica e o sistema de saúde brasileiro</article-title><trans-title-group lang_id="en"><trans-title>Public health, local health units, and the Brazilian health system</trans-title></trans-title-group></title-group><contrib-group><contrib contrib-type="author"><name><surname>Merhy</surname><given-names>Emerson E.</given-names></name><role>ND</role><xref ref-type="aff" rid="A01"/></contrib><contrib contrib-type="author"><name><surname>Queiroz</surname><given-names>Marcos S.</given-names></name><role>ND</role><xref ref-type="aff" rid="A02"/></contrib></contrib-group><aff id="A01"><institution>Universidade Estadual de Campinas</institution><country>Brazil</country></aff><aff id="A02"><institution>Universidade Estadual de Campinas</institution><country>Brazil</country></aff><pub-date><month>06</month><year>1993</year></pub-date><volume>9</volume><issue>2</issue><fpage>177</fpage><lpage>184</lpage><permissions><license license-type="open-access" href="http://creativecommons.org/licenses/by-nc/4.0/"><license-p>This work is licensed under a Creative Commons Attribution-NonCommercial 4.0 International License.</license-p></license></permissions><self-uri href="http://www.scielo.br/scielo.php?script=sci_arttext&amp;pid=S0102-311X1993000200009&amp;lng=en&amp;tlng=en" content-type="full_text_page"/><self-uri href="http://www.scielo.br/scielo.php?script=sci_issuetoc&amp;pid=0102-311X19930002&amp;lng=en" content-type="issue_page"/><self-uri href="http://www.scielosp.org/scielo.php?script=sci_serial&amp;pid=0102-311X&amp;lng=en" content-type="journal_page"/><abstract lang_id="pt"><p>Este artigo focaliza o desenvolvimento da saúde pública no Brasil com o intuito de analisar os problemas com os quais se depara o processo atual de municipalização dos serviços de saúde. Argumenta-se que a postura neoliberal ou conservadora tornou-se incapaz de articular uma proposta viável para o sistema de saúde. Por outro lado, a proposta reformista concentra sua atenção no sistema de saúde e sua administração, tendo como modelo a postura positivista das ciências naturais e administrativas. Argumenta-se que apenas uma mudança radical no paradigma da medicina, na qual a dimensão coletiva e social predomina sobre a dimensão biológica e individual, permitiria conciliá-la com as necessidades de saúde da população.</p></abstract><trans-abstract lang_id="en"><p>This article focuses on the development of public health in Brazil, with the aim of analyzing the present process of decentralization of health care. The authors argue that the neoliberal or conservative position is unable to offer a reasonable solution to problems in the health care system. On the other hand, the reformist position concentrates its attention on the health system and its administration, taking as its model a positivistic approach to natural and administrative sciences. The authors further argue that only a radical change in the prevailing medical paradigm and a predominance of social over biological aspects would meet the health needs of the population.</p></trans-abstract><kwd-group lang_id="en" kwd-group-type="author-generated"><kwd>Public Health</kwd><kwd>Health Systems</kwd></kwd-group><kwd-group lang_id="pt" kwd-group-type="author-generated"><kwd>Saúde Pública</kwd><kwd>Sistemas de Saúde</kwd></kwd-group></article-meta></front><back><ref-list><ref id="B1"><element-citation publication-type="book"><source>Saúde e Previdência Social</source><date><year>1981</year></date><person-group><name><surname>BRAGA</surname><given-names>J. C. S.</given-names></name><name><surname>PAULA</surname><given-names>S. G.</given-names></name><name><surname>BRAGA</surname><given-names>J. C. S.</given-names></name><name><surname>PAULA</surname><given-names>S. G.</given-names></name></person-group></element-citation></ref><ref id="B2"><element-citation publication-type="book"><source>Saúde e Sociedade</source><date><year>1976</year></date><person-group><name><surname>DONNANGELO</surname><given-names>M. C. F.</given-names></name><name><surname>DONNANGELO</surname><given-names>M. C. F.</given-names></name></person-group></element-citation></ref><ref id="B3"><element-citation publication-type="thesis"><source>Tecnologia e Organização Social das Práticas de Saúde</source><date><year>1986</year></date><person-group><name><surname>GONÇALVES</surname><given-names>R. B. M.</given-names></name><name><surname>GONÇALVES</surname><given-names>R. B. M.</given-names></name></person-group></element-citation></ref><ref id="B4"><element-citation publication-type="book"><source>A Estrutura das Revoluções Científicas</source><date><year>1975</year></date><person-group><name><surname>KUHN</surname><given-names>T. S.</given-names></name><name><surname>KUHN</surname><given-names>T. S.</given-names></name></person-group></element-citation></ref><ref id="B5"><element-citation publication-type="book"><source>Medicina Preventiva</source><date><year>1970</year></date><person-group><name><surname>LEAVELL</surname><given-names>H. R.</given-names></name><name><surname>CLARCK</surname><given-names>E. G.</given-names></name><name><surname>LEAVELL</surname><given-names>H. R.</given-names></name><name><surname>CLARCK</surname><given-names>E. G.</given-names></name></person-group></element-citation></ref><ref id="B6"><element-citation publication-type="book"><source>Saúde e Assistência Médica no Brasil</source><date><year>1977</year></date><person-group><name><surname>MELO</surname><given-names>G.</given-names></name><name><surname>MELO</surname><given-names>G.</given-names></name></person-group></element-citation></ref><ref id="B7"><element-citation publication-type="book"><source>A Saúde Pública como Política: Um Estudo de Formuladores de Políticas</source><date><year>1991</year></date><person-group><name><surname>MERHY</surname><given-names>E. E.</given-names></name><name><surname>MERHY</surname><given-names>E. E.</given-names></name></person-group></element-citation></ref><ref id="B8"><element-citation publication-type="book"><source>(IM)Previdência Social</source><date><year>1988</year></date><person-group><name><surname>OLIVEIRA</surname><given-names>J.</given-names></name><name><surname>TEIXEIRA</surname><given-names>S. M. F.</given-names></name><name><surname>OLIVEIRA</surname><given-names>J.</given-names></name><name><surname>TEIXEIRA</surname><given-names>S. M. F.</given-names></name></person-group></element-citation></ref><ref id="B9"><element-citation publication-type="article"><article-title>O paradigma mecanicista da medicina ocidental moderna: uma perspectiva antropológica</article-title><source>Revista de Saúde Pública</source><date><year>1986</year></date><fpage>309</fpage><lpage>317</lpage><volume>20</volume><person-group><name><surname>QUEIROZ</surname><given-names>M. S.</given-names></name></person-group></element-citation></ref><ref id="B10"><element-citation publication-type="book"><source>Quando Novos Personagens Entraram em Cena</source><date><year>1988</year></date><person-group><name><surname>SADER</surname><given-names>E.</given-names></name><name><surname>SADER</surname><given-names>E.</given-names></name></person-group></element-citation></ref><ref id="B11"><element-citation publication-type="thesis"><source>Community Health and Class Society: The Health Programme of Norte de Minas, Brazil</source><date><year>1988</year></date><person-group><name><surname>SOMARRIBA</surname><given-names>M. M. G.</given-names></name><name><surname>SOMARRIBA</surname><given-names>M. M. G.</given-names></name></person-group></element-citation></ref></ref-list></back></article></articles>