<articles xmlns:xsi="http://www.w3.org/2001/XMLSchema-instance" xsi:schemaLocation="https://raw.githubusercontent.com/scieloorg/articles_meta/master/tests/xsd/scielo_sci/ThomsonReuters_publishing.xsd" dtd-version="1.10"><article lang_id="pt" article-type="research-article"><front><journal-meta><journal-id journal-id-type="publisher">csp</journal-id><journal-title-group><journal-title>Cadernos de Saúde Pública</journal-title><abbrev-journal-title>Cad. Saúde Pública</abbrev-journal-title></journal-title-group><issn>1678-4464</issn><collection>SciELO Public Health</collection><publisher><publisher-name>Escola Nacional de Saúde Pública Sergio Arouca, Fundação Oswaldo Cruz</publisher-name></publisher></journal-meta><article-meta><unique-article-id pub-id-type="publisher-id">S0102-311X1990000100004</unique-article-id><article-id pub-id-type="publisher-id">S0102-311X1990000100004</article-id><article-id pub-id-type="doi">10.1590/S0102-311X1990000100004</article-id><article-categories><subj-group><subject>Health Policy &amp; Services</subject></subj-group></article-categories><title-group><article-title lang_id="pt">Inefetividade e ineficiência: reflexões sobre a epidemiologia e os serviços de saúde de um estado de mal-estar social</article-title></title-group><contrib-group><contrib contrib-type="author"><name><surname>Castiel</surname><given-names>Luís David</given-names></name><role>ND</role><xref ref-type="aff" rid="A01"/></contrib></contrib-group><aff id="A01"><institution>Fiocruz</institution></aff><pub-date><month>03</month><year>1990</year></pub-date><volume>6</volume><issue>1</issue><fpage>27</fpage><lpage>39</lpage><permissions><license license-type="open-access" href="http://creativecommons.org/licenses/by/4.0/"><license-p>This work is licensed under a Creative Commons Attribution 4.0 International License.</license-p></license></permissions><self-uri href="http://www.scielosp.org/scielo.php?script=sci_arttext&amp;pid=S0102-311X1990000100004&amp;lng=en&amp;tlng=en" content-type="full_text_page"/><self-uri href="http://www.scielosp.org/scielo.php?script=sci_issuetoc&amp;pid=0102-311X19900001&amp;lng=en" content-type="issue_page"/><self-uri href="http://www.scielosp.org/scielo.php?script=sci_serial&amp;pid=0102-311X&amp;lng=en" content-type="journal_page"/><abstract lang_id="pt"><p>Apresenta-se uma discussão da efetividade da prática epidemiológica nos Serviços de Saúde Coletiva no Brasil. Além disso, são abordados os quadros de referência teóricos no que se refere ao objeto da epidemiologia em suas vertentes "clássica" e "social". Por fim, é destacada a importância da dimensão ideológica na configuração do "sujeito da ciência epidemiológica" e suas relações com a efetividade dos Serviços de Saúde Coletiva.</p></abstract><trans-abstract lang_id="en"><p>A discussion about effectiveness of epidemiological practice im Public Health Services in Brazil is presented. In addition, an approach towards theoretical frames concerning epidemiology's object is developed regarding ''social" and "classical" trends. Finally, it is emphasized the importance of ideological dimensions in devising the "subject of epidemiology" and its relationship with Public Health Services effectiveness.</p></trans-abstract></article-meta></front><back><ref-list><ref id="B1"><element-citation publication-type="book"><source>Epidemiologia Sem Números</source><date><year>1989</year></date><person-group><name><surname>ALMEIDA FILHO</surname><given-names>N.</given-names></name><name><surname>ALMEIDA FILHO</surname><given-names>N.</given-names></name></person-group></element-citation></ref></ref-list></back></article></articles>