<articles xmlns:xsi="http://www.w3.org/2001/XMLSchema-instance" xsi:schemaLocation="https://raw.githubusercontent.com/scieloorg/articles_meta/master/tests/xsd/scielo_sci/ThomsonReuters_publishing.xsd" dtd-version="1.10"><article lang_id="pt" article-type="research-article"><front><journal-meta><journal-id journal-id-type="publisher">csp</journal-id><journal-title-group><journal-title>Cadernos de Saúde Pública</journal-title><abbrev-journal-title>Cad. Saúde Pública</abbrev-journal-title></journal-title-group><issn>1678-4464</issn><collection>SciELO Brazil</collection><publisher><publisher-name>Escola Nacional de Saúde Pública Sergio Arouca, Fundação Oswaldo Cruz</publisher-name></publisher></journal-meta><article-meta><unique-article-id pub-id-type="publisher-id">S0102-311X1989000100004</unique-article-id><article-id pub-id-type="publisher-id">S0102-311X1989000100004</article-id><article-id pub-id-type="doi">10.1590/S0102-311X1989000100004</article-id><article-categories><subj-group><subject>Health Policy &amp; Services</subject></subj-group></article-categories><title-group><article-title lang_id="pt">O agente comunitário de saúde pública: a proposta de Manguinhos</article-title></title-group><contrib-group><contrib contrib-type="author"><name><surname>Giffin</surname><given-names>Karen</given-names></name><role>ND</role></contrib><contrib contrib-type="author"><name><surname>Shiraiwa</surname><given-names>Tizuko</given-names></name><role>ND</role></contrib></contrib-group><pub-date><month>01</month><year>1989</year></pub-date><volume>5</volume><issue>1</issue><fpage>24</fpage><lpage>44</lpage><permissions><license license-type="open-access" href="http://creativecommons.org/licenses/by-nc/4.0/"><license-p>This work is licensed under a Creative Commons Attribution-NonCommercial 4.0 International License.</license-p></license></permissions><self-uri href="http://www.scielo.br/scielo.php?script=sci_arttext&amp;pid=S0102-311X1989000100004&amp;lng=en&amp;tlng=en" content-type="full_text_page"/><self-uri href="http://www.scielosp.org/scielo.php?script=sci_issuetoc&amp;pid=0102-311X19890001&amp;lng=en" content-type="issue_page"/><self-uri href="http://www.scielosp.org/scielo.php?script=sci_serial&amp;pid=0102-311X&amp;lng=en" content-type="journal_page"/><abstract lang_id="pt"><p>O artigo descreve a implantação de um trabalho de atenção primária à saúde em favelas do Rio de Janeiro Agentes de saúde das comunidades atendidas, cada uma responsável por uma população de aproximadamente 2000 pessoas, trabalham dentro de um modelo operacional que inclui visitas domiciliares contínuas às famílias e trabalho em grupos de mulheres e de gestantes. As ações básicas desenvolvidas neste período inicial representam uma extensão de cobertura do Programa de Assistência Integral à Saúde da Mulher e da Criança. A segunda parte do artigo discute alguns pontos polêmicos relacionados com a conceituação deste modelo de atuação, que promove tanto uma melhoria no estado de saúde como o desenvolvimento social.</p></abstract><trans-abstract lang_id="en"><p>This article describes the implantation of an innovative proposal for primary health care in squatter areas of Rio de Janeiro. Community health agents, each of whom is responsible for an area of approximately 2000 inhabitants, work within an operational model which includes continuous home visits and work with groups of women and expectant mothers. The basic actions, in this initial period, represent an extension of coverage of the Programme for Integral Health Care for Women and Children. The second part of the article discusses some of the polemical points related to this delivery model, which promotes both an improvement in health and social development.</p></trans-abstract></article-meta></front><back><ref-list><ref id="B1"><element-citation publication-type="book"><source>Saúde e Educação de Base: algumas notas</source><person-group><name><surname>CARVALHO</surname><given-names>Antonio Ivo</given-names></name><name><surname>CARVALHO</surname><given-names>Antonio Ivo</given-names></name></person-group></element-citation></ref><ref id="B2"><element-citation publication-type="book"><source>Saúde: Uma Estratégia de Mudança</source><date><year>1982</year></date><person-group><name><surname>CHAVES</surname><given-names>Mario M.</given-names></name><name><surname>CHAVES</surname><given-names>Mario M.</given-names></name></person-group></element-citation></ref><ref id="B3"><element-citation publication-type="book"><source>Family Planning Practices in a Low-Income Community in Rio de Janeiro</source><date><year>1987</year></date><person-group><name><surname>COSTA</surname><given-names>Sarah</given-names></name><name><surname>COSTA</surname><given-names>Sarah</given-names></name></person-group></element-citation></ref><ref id="B4"><element-citation publication-type="book"><source>Saúde da Comunidade: Um Desafio</source><date><year>1984</year></date><person-group><name><surname>ELLIOTT</surname><given-names>Charles</given-names></name></person-group></element-citation></ref><ref id="B5"><element-citation publication-type="book"><source>Encontro Nacional Sobre Política de Desenvolvimento de Recursos Humanos para a Saúde: Documento-síntese</source><date><year>1980</year></date></element-citation></ref><ref id="B6"><element-citation publication-type="article"><article-title>Participação Comunitária nos Programas de Saúde</article-title><source>Saúde em Debate: Revista do CEBES</source><fpage>181</fpage><volume>12</volume><person-group><name><surname>NORONHA</surname><given-names>José de Carvalho</given-names></name><name><surname>TRAVASSOS</surname><given-names>Claudia Maria</given-names></name></person-group></element-citation></ref><ref id="B7"><element-citation publication-type="book"><source>Experiencias Nacionales en el Empleo de Trabajadores de Salud de la Comunidad</source><date><year>1984</year></date><person-group><name><surname>OFOSU-AMAAH</surname><given-names>V.</given-names></name><name><surname>OFOSU-AMAAH</surname><given-names>V.</given-names></name></person-group></element-citation></ref><ref id="B8"><element-citation publication-type="book"><source>Declaração de Alma Ata 1978: Cuidados Primários de Saúde</source><date><year>1979</year></date></element-citation></ref><ref id="B9"><element-citation publication-type="book"><source>Primary Health care: The Community Health Worker</source><date><year>1980</year></date></element-citation></ref><ref id="B10"><element-citation publication-type="book"><source>Educação e Favela</source><date><year>1986</year></date><person-group><name><surname>VALLA</surname><given-names>Victor V.</given-names></name><name><surname>VALLA</surname><given-names>Victor V.</given-names></name></person-group></element-citation></ref><ref id="B11"><element-citation publication-type="article"><article-title>El agente de Salud de Aldea: Lacayo o libertador?</article-title><source>Foro Mundial de la Salud</source><date><year>1981</year></date><fpage>54</fpage><issue>1</issue><volume>2</volume><person-group><name><surname>WERNER</surname><given-names>David</given-names></name></person-group></element-citation></ref><ref id="B12"><element-citation publication-type="book"><source>Saúde da Comunidade: Um Desafio</source><date><year>1984</year></date><person-group><name><surname>WERNER</surname><given-names>David</given-names></name></person-group></element-citation></ref></ref-list></back></article></articles>