<articles xmlns:xsi="http://www.w3.org/2001/XMLSchema-instance" xsi:schemaLocation="https://raw.githubusercontent.com/scieloorg/articles_meta/master/tests/xsd/scielo_sci/ThomsonReuters_publishing.xsd" dtd-version="1.10"><article lang_id="pt" article-type="research-article"><front><journal-meta><journal-id journal-id-type="publisher">csp</journal-id><journal-title-group><journal-title>Cadernos de Saúde Pública</journal-title><abbrev-journal-title>Cad. Saúde Pública</abbrev-journal-title></journal-title-group><issn>1678-4464</issn><collection>SciELO Brazil</collection><publisher><publisher-name>Escola Nacional de Saúde Pública Sergio Arouca, Fundação Oswaldo Cruz</publisher-name></publisher></journal-meta><article-meta><unique-article-id pub-id-type="publisher-id">S0102-311X1991000100004</unique-article-id><article-id pub-id-type="publisher-id">S0102-311X1991000100004</article-id><article-id pub-id-type="doi">10.1590/S0102-311X1991000100004</article-id><article-categories><subj-group><subject>Health Policy &amp; Services</subject></subj-group></article-categories><title-group><article-title lang_id="pt">As origens e as correntes atuais do enfoque estratégico em planejamento de saúde na América Latina</article-title></title-group><contrib-group><contrib contrib-type="author"><name><surname>Giovanella</surname><given-names>Lígia</given-names></name><role>ND</role><xref ref-type="aff" rid="A01"/></contrib></contrib-group><aff id="A01"><institution>Fundação Oswaldo Cruz</institution><country>Brazil</country></aff><pub-date><month>03</month><year>1991</year></pub-date><volume>7</volume><issue>1</issue><fpage>26</fpage><lpage>44</lpage><permissions><license license-type="open-access" href="http://creativecommons.org/licenses/by-nc/4.0/"><license-p>This work is licensed under a Creative Commons Attribution-NonCommercial 4.0 International License.</license-p></license></permissions><self-uri href="http://www.scielo.br/scielo.php?script=sci_arttext&amp;pid=S0102-311X1991000100004&amp;lng=en&amp;tlng=en" content-type="full_text_page"/><self-uri href="http://www.scielo.br/scielo.php?script=sci_issuetoc&amp;pid=0102-311X19910001&amp;lng=en" content-type="issue_page"/><self-uri href="http://www.scielosp.org/scielo.php?script=sci_serial&amp;pid=0102-311X&amp;lng=en" content-type="journal_page"/><abstract lang_id="pt"><p>A partir de um breve histórico do planejamento econômico e do planejamento em saúde na América Latina, a autora aponta três vertentes do enfoque estratégico do planejamento em saúde e suas origens: na discussão do planejamento para o desenvolvimento da América Latina, na administração estratégica empresarial e na discussão e crítica do método Cendes/Opas.</p></abstract><trans-abstract lang_id="en"><p>Following a brief historical review of economic and social planning in Latin America, the author presents the origins of three tendencies in the strategic approach to health planning in: the debate over planning for Latin American development, the strategic business administration, and the discussion and critique of the CENDES/PAHO method of health planning.</p></trans-abstract></article-meta></front><back><ref-list><ref id="B1"><element-citation publication-type="book"><source>Administração Estratégica</source><date><year>1983</year></date><person-group><name><surname>ANSOFF</surname><given-names>H. Igor</given-names></name><name><surname>ANSOFF</surname><given-names>H. Igor</given-names></name></person-group></element-citation></ref><ref id="B2"><element-citation publication-type="book"><source>Salud para Todos en el año 2.000: Implicaciones para la Planificación y Administración de los Sistemas de Salud</source><date><year>1987</year></date><person-group><name><surname>BARRENECHEA</surname><given-names>Juan José</given-names></name><name><surname>TRUJILLO URBE</surname><given-names>Emiro</given-names></name><name><surname>BARRENECHEA</surname><given-names>Juan José</given-names></name><name><surname>TRUJILLO URBE</surname><given-names>Emiro</given-names></name></person-group></element-citation></ref><ref id="B3"><element-citation publication-type="book"><source>Dicionário de Política</source><date><year>1986</year></date><person-group><name><surname>BOBBIO</surname><given-names>N.</given-names></name><name><surname>MATTEUCCI</surname><given-names>N.</given-names></name><name><surname>PASQUINO</surname><given-names>G.</given-names></name><name><surname>BOBBIO</surname><given-names>N.</given-names></name><name><surname>MATTEUCCI</surname><given-names>N.</given-names></name><name><surname>PASQUINO</surname><given-names>G.</given-names></name></person-group></element-citation></ref><ref id="B4"><element-citation publication-type="book"><source>O Desencantamento do Mundo</source><date><year>1979</year></date><person-group><name><surname>BOURDIEU</surname><given-names>Pierre</given-names></name><name><surname>BOURDIEU</surname><given-names>Pierre</given-names></name></person-group></element-citation></ref><ref id="B5"><element-citation publication-type="book"><source>O capitalismo tardio</source><date><year>1984</year></date><person-group><name><surname>CARDOSO DE MELO</surname><given-names>João Manoel</given-names></name><name><surname>CARDOSO DE MELO</surname><given-names>João Manoel</given-names></name></person-group></element-citation></ref><ref id="B6"><element-citation publication-type="book"><source>As idéias e seu lugar: ensaios sobre as teorias de desenvolvimento</source><date><year>1980</year></date><person-group><name><surname>CARDOSO</surname><given-names>Fernando Henrique</given-names></name><name><surname>CARDOSO</surname><given-names>Fernando Henrique</given-names></name></person-group></element-citation></ref><ref id="B7"><element-citation publication-type="article"><article-title>La planificación como proceso social, un esquema de análisis</article-title><source>Cuadernos Sociedad Venezuelana de Planificación</source><date><year>1974</year></date><fpage>147</fpage><lpage>179</lpage><volume>3</volume><person-group><name><surname>GIORDANI</surname><given-names>Jorge A.</given-names></name></person-group></element-citation></ref><ref id="B8"><element-citation publication-type="book"><source>Os Pensadores: Sel. Textos. Paul Singer</source><date><year>1978</year></date><person-group><name><surname>KEYNES</surname><given-names>John M.</given-names></name><name><surname>KALECKI</surname><given-names>Michal</given-names></name><name><surname>KEYNES</surname><given-names>John M.</given-names></name><name><surname>KALECKI</surname><given-names>Michal</given-names></name></person-group></element-citation></ref><ref id="B9"><element-citation publication-type="book"><source>Estrategia y Plan</source><date><year>1978</year></date><person-group><name><surname>MATUS</surname><given-names>Carlos</given-names></name><name><surname>MATUS</surname><given-names>Carlos</given-names></name></person-group></element-citation></ref><ref id="B10"><element-citation publication-type="book"><source>Planificación, Libertad y Conflicto</source><date><year>1981</year></date><volume>1</volume><person-group><name><surname>MATUS</surname><given-names>Carlos</given-names></name></person-group></element-citation></ref><ref id="B11"><element-citation publication-type="book"><source>Política y Plan.</source><date><year>1982</year></date><person-group><name><surname>MATUS</surname><given-names>Carlos</given-names></name></person-group></element-citation></ref><ref id="B12"><element-citation publication-type="book"><source>Problemas Conceptuales y Metodológicos de la programación de la Salud</source><date><year>1965</year></date><volume>111</volume></element-citation></ref><ref id="B13"><element-citation publication-type="book"><source>Hechos que revelan Progreso en Salud</source><date><year>1971</year></date><volume>227</volume></element-citation></ref><ref id="B14"><element-citation publication-type="book"><source>Plan Decenal de Salud para las Américas</source><date><year>1973</year></date></element-citation></ref><ref id="B15"><element-citation publication-type="book"><source>Formulación de Políticas de Salud</source><date><year>1975</year></date></element-citation></ref><ref id="B16"><element-citation publication-type="book"><source>Pensar en Salud</source><date><year>1985</year></date><person-group><name><surname>TESTA</surname><given-names>Mario</given-names></name><name><surname>TESTA</surname><given-names>Mario</given-names></name></person-group></element-citation></ref><ref id="B17"><element-citation publication-type="book"><source>Pensamiento Estratégico, Lógica de Programación, Estrategia y Programación</source><date><year>1986</year></date><person-group><name><surname>TESTA</surname><given-names>Mario</given-names></name></person-group></element-citation></ref><ref id="B18"><element-citation publication-type="article"><article-title>Estrategia, Coherencia y Poder en las Propuestas de Salud: Parte II</article-title><source>Cuadernos Médico Sociales</source><date><year>1987</year></date><fpage>328</fpage><volume>39</volume><person-group><name><surname>TESTA</surname><given-names>Mario</given-names></name></person-group></element-citation></ref><ref id="B19"><element-citation publication-type="thesis"><source>Os determinantes históricos do planejamento de saúde na América Latina</source><date><year>1982</year></date><person-group><name><surname>URIBE RIVERA</surname><given-names>F. Javier</given-names></name><name><surname>URIBE RIVERA</surname><given-names>F. Javier</given-names></name></person-group></element-citation></ref></ref-list></back></article></articles>