<articles xmlns:xsi="http://www.w3.org/2001/XMLSchema-instance" xsi:schemaLocation="https://raw.githubusercontent.com/scieloorg/articles_meta/master/tests/xsd/scielo_sci/ThomsonReuters_publishing.xsd" dtd-version="1.10"><article lang_id="pt" article-type="research-article"><front><journal-meta><journal-id journal-id-type="publisher">csp</journal-id><journal-title-group><journal-title>Cadernos de Saúde Pública</journal-title><abbrev-journal-title>Cad. Saúde Pública</abbrev-journal-title></journal-title-group><issn>1678-4464</issn><collection>SciELO Brazil</collection><publisher><publisher-name>Escola Nacional de Saúde Pública Sergio Arouca, Fundação Oswaldo Cruz</publisher-name></publisher></journal-meta><article-meta><unique-article-id pub-id-type="publisher-id">S0102-311X1991000100008</unique-article-id><article-id pub-id-type="publisher-id">S0102-311X1991000100008</article-id><article-id pub-id-type="doi">10.1590/S0102-311X1991000100008</article-id><article-categories><subj-group><subject>Health Policy &amp; Services</subject></subj-group></article-categories><title-group><article-title lang_id="pt">Avaliação da contaminação experimental de areias de praias por enteroparasitas: pesquisa de ovos de Helmintos</article-title></title-group><contrib-group><contrib contrib-type="author"><name><surname>Silva</surname><given-names>Joaquim Pereira da</given-names></name><role>ND</role><xref ref-type="aff" rid="A01"/></contrib><contrib contrib-type="author"><name><surname>Marzochi</surname><given-names>Mauro Célio de A.</given-names></name><role>ND</role><xref ref-type="aff" rid="A01"/></contrib><contrib contrib-type="author"><name><surname>Santos</surname><given-names>Elisabeth Cardoso Leal dos</given-names></name><role>ND</role><xref ref-type="aff" rid="A02"/></contrib></contrib-group><aff id="A01"><institution>Fundação Oswaldo Cruz</institution><country>Brazil</country></aff><aff id="A02"><institution>Companhia Municipal de limpeza Urbana/Comlurb</institution><country>Brasil</country></aff><pub-date><month>03</month><year>1991</year></pub-date><volume>7</volume><issue>1</issue><fpage>90</fpage><lpage>99</lpage><permissions><license license-type="open-access" href="http://creativecommons.org/licenses/by-nc/4.0/"><license-p>This work is licensed under a Creative Commons Attribution-NonCommercial 4.0 International License.</license-p></license></permissions><self-uri href="http://www.scielo.br/scielo.php?script=sci_arttext&amp;pid=S0102-311X1991000100008&amp;lng=en&amp;tlng=en" content-type="full_text_page"/><self-uri href="http://www.scielo.br/scielo.php?script=sci_issuetoc&amp;pid=0102-311X19910001&amp;lng=en" content-type="issue_page"/><self-uri href="http://www.scielosp.org/scielo.php?script=sci_serial&amp;pid=0102-311X&amp;lng=en" content-type="journal_page"/><abstract lang_id="pt"><p>Procurou-se avaliar métodos e soluções tradicionalmente utilizados na evidenciação de ovos de helmintos parásitos, de fezes ou do solo, em amostras de areia de praia experimentalmente contaminadas com ovos de Ascaris lumbricoides, Trichuris trichiura, Toxocara canis e Ancylostoma sp. Das soluções classicamente utilizadas, a de Dicromato de Sódio (d= 1,350) foi a que apresentou melhores resultados (índice de recuperação = 50%) para ovos de Ascaris, em 24 horas de observação. As duas soluções propostas: Carbonato de Sódio (d= 1,040) e Detergente aniônico sintético - Sulfonato de Sódio (d= 1,040), apresentaram índices de recuperação surpreendentes, superiores a 80% para os ovos de Ascaris, em 24 horas de observação. Conclui-se que o detergente de uso doméstico, pelo seu baixo custo e facilidade de aquisição, pode ser usado na avaliação de rotina da contaminação de areias de praias pelos ovos de enteroparasitos, importantes indicadores de contaminação fecal, necessários a um adequado monitoramento sanitário do meio.</p></abstract><trans-abstract lang_id="en"><p>An attempt was made to assess methods and solutions traditionally used for evidencing the presence of helminth's eggs in faeces or soil from beach sand samples experimentally infected with eggs of Ascaris lumbricoides, Trichuris trichiura, Toxocara canis and Ancylostomidae. Among classically used solutions. Sodium Dicromate (d= 1.350) was the one with better results (recovery rate =50%) for Ascaris eggs in a 24 hours observation. The two suggested solutions - Sodium Carbonate (d= 1.040) and synthetic anionic detergent - Sodium Sulphonate (d- 1.040) - showed surprising recovery rates, higher than 80% for Ascaris eggs in a 24 hours observation. We concluded that, because of their low cost and great availability, domestic detergents can be used for the routine evaluations of beachs contamination with enteroparasites eggs, which are important indicators of faecal contamination and necessary for an adequate sanitary monitoring of the environment.</p></trans-abstract></article-meta></front><back><ref-list><ref id="B1"><element-citation publication-type="article"><article-title>Observation on the epidemiology of Ascaris in a region of high kookworm endemieity</article-title><source>J. Parasit.</source><date><year>1952</year></date><fpage>445</fpage><lpage>453</lpage><volume>38</volume><person-group><name><surname>BEAVER</surname><given-names>P. C.</given-names></name></person-group></element-citation></ref><ref id="B2"><element-citation publication-type="book"><source>Textbook of Parasitology</source><date><year>1965</year></date><person-group><name><surname>BELDING</surname><given-names>. L.</given-names></name><name><surname>BELDING</surname><given-names>. L.</given-names></name></person-group></element-citation></ref><ref id="B3"><element-citation publication-type="article"><article-title>Ricerca e conteggio delle uova di elminti nel terreno con particolare riguardo agli ascaridi</article-title><source>Parasitologia</source><date><year>1962</year></date><fpage>147 </fpage><lpage>154</lpage><volume>4</volume><person-group><name><surname>BERLINGUER</surname><given-names>G.</given-names></name></person-group></element-citation></ref><ref id="B4"><element-citation publication-type="article"><article-title>Preliminary report on observation on the development of pig and human Ascaris under natural conditions and studies of factors influencing development</article-title><source>Parasit.</source><date><year>1928</year></date><fpage>154</fpage><lpage>260</lpage><volume>14</volume><person-group><name><surname>CALDWELL</surname><given-names>F. C.</given-names></name><name><surname>CALDWELL</surname><given-names>E. L.</given-names></name></person-group></element-citation></ref><ref id="B5"><element-citation publication-type="article"><article-title>A pre-historic revealed in coprolites</article-title><source>New Sci.</source><date><year>1960</year></date><fpage>35</fpage><lpage>40</lpage><volume>7</volume><person-group><name><surname>CALLEN</surname><given-names>E. O.</given-names></name><name><surname>CAMERON</surname><given-names>T. W. M.</given-names></name></person-group></element-citation></ref><ref id="B6"><element-citation publication-type="book"><source>Contribuição ao estudo das geohelmintíases</source><date><year>1970</year></date><person-group><name><surname>CAMILLO-COURA</surname><given-names>L.</given-names></name><name><surname>CAMILLO-COURA</surname><given-names>L.</given-names></name></person-group></element-citation></ref><ref id="B7"><element-citation publication-type="article"><article-title>Studies on Ascaris in Virginia: A preliminary report</article-title><source>South med. J.</source><date><year>1929</year></date><fpage>608 </fpage><lpage>614</lpage><volume>7</volume><person-group><name><surname>CORT</surname><given-names>W. W.</given-names></name><name><surname>OTTO</surname><given-names>G. F.</given-names></name><name><surname>SPINDLER</surname><given-names>L. A.</given-names></name></person-group></element-citation></ref><ref id="B8"><element-citation publication-type="article"><article-title>Comparative efficiency of various technics for the diagnosis of protozoa and helminths in fezes</article-title><source>J. Parasit.</source><date><year>1939</year></date><fpage>241</fpage><lpage>262</lpage><volume>25</volume><person-group><name><surname>FAUST</surname><given-names>E. C.</given-names></name><name><surname>SAWITZ</surname><given-names>W.</given-names></name><name><surname>TOBIE</surname><given-names>J.</given-names></name><name><surname>ODOM</surname><given-names>V.</given-names></name><name><surname>PERES</surname><given-names>C.</given-names></name><name><surname>LINCICOME</surname><given-names>D. R.</given-names></name></person-group></element-citation></ref><ref id="B9"><element-citation publication-type="article"><article-title>Estudo dos fatores envolvidos na disseminação dos enteroparasitas: II - Estudo da contaminação de verduras e solo de hortas na cidade de Ribeirão Preto, São Paulo, Brasil</article-title><source>Rev. Inst. Med. Trop.</source><date><year>1977</year></date><fpage>148</fpage><lpage>155</lpage><volume>19</volume><person-group><name><surname>MARZOCHI</surname><given-names>M. C. A.</given-names></name></person-group></element-citation></ref><ref id="B10"><element-citation publication-type="book"><source>Diagnóstico parasitológico veterinário</source><date><year>1961</year></date><person-group><name><surname>NEMESSERI</surname><given-names>L.</given-names></name><name><surname>HOLLO</surname><given-names>F.</given-names></name><name><surname>NEMESSERI</surname><given-names>L.</given-names></name><name><surname>HOLLO</surname><given-names>F.</given-names></name></person-group></element-citation></ref><ref id="B11"><element-citation publication-type="book"><source>Comité de expertos de la OMS en helmintiasis</source><date><year>1964</year></date></element-citation></ref><ref id="B12"><element-citation publication-type="article"><article-title>Enteroparasitoses em uma comunidade fechada: I - Estudo do solo como elo de transmissão em um orfanato de Manaus, Amazonas, Brasil</article-title><source>Acta Amazonica</source><date><year>1977</year></date><fpage>503</fpage><lpage>506</lpage><volume>7</volume><person-group><name><surname>PINHEIRO</surname><given-names>M. F. S.</given-names></name><name><surname>MARZOCHI</surname><given-names>M. C. A.</given-names></name><name><surname>GIUGLIANO</surname><given-names>R.</given-names></name><name><surname>GIUGLIANO</surname><given-names>L. G.</given-names></name></person-group></element-citation></ref><ref id="B13"><element-citation publication-type="article"><source>Brit. Med. J.</source><date><year>1910</year></date><fpage>16</fpage><volume>1</volume><person-group><name><surname>RUFFER</surname><given-names>M. A.</given-names></name></person-group></element-citation></ref><ref id="B14"><element-citation publication-type="article"><article-title>Fundamentos e importância das campanhas contra os geo-helmintos no Brasil</article-title><source>Rev. Bras. Malariol.</source><date><year>1965</year></date><fpage>379</fpage><lpage>406</lpage><volume>17</volume><person-group><name><surname>VINHA</surname><given-names>C.</given-names></name></person-group></element-citation></ref></ref-list></back></article></articles>