<articles xmlns:xsi="http://www.w3.org/2001/XMLSchema-instance" xsi:schemaLocation="https://raw.githubusercontent.com/scieloorg/articles_meta/master/tests/xsd/scielo_sci/ThomsonReuters_publishing.xsd" dtd-version="1.10"><article lang_id="pt" article-type="research-article"><front><journal-meta><journal-id journal-id-type="publisher">csp</journal-id><journal-title-group><journal-title>Cadernos de Saúde Pública</journal-title><abbrev-journal-title>Cad. Saúde Pública</abbrev-journal-title></journal-title-group><issn>1678-4464</issn><collection>SciELO Public Health</collection><publisher><publisher-name>Escola Nacional de Saúde Pública Sergio Arouca, Fundação Oswaldo Cruz</publisher-name></publisher></journal-meta><article-meta><unique-article-id pub-id-type="publisher-id">S0102-311X1992000400008</unique-article-id><article-id pub-id-type="publisher-id">S0102-311X1992000400008</article-id><article-id pub-id-type="doi">10.1590/S0102-311X1992000400008</article-id><article-categories><subj-group><subject>Health Policy &amp; Services</subject></subj-group></article-categories><title-group><article-title lang_id="pt">Representações sociais da AIDS, práticas sexuais e vida social entre heterossexuais, bissexuais e homossexuais em Brasília, Brasil</article-title><trans-title-group lang_id="en"><trans-title>Social representations concerning AIDS, sexual practices and social life among heterosexuals, bisexuals and homosexuals in Brasília, Brazil</trans-title></trans-title-group></title-group><contrib-group><contrib contrib-type="author"><name><surname>Souza Filho</surname><given-names>Edson A. de</given-names></name><role>ND</role><xref ref-type="aff" rid="A01"/></contrib><contrib contrib-type="author"><name><surname>Henning</surname><given-names>Márcia G.</given-names></name><role>ND</role><xref ref-type="aff" rid="A01"/></contrib></contrib-group><aff id="A01"><institution>Fundação Universidade de Brasília</institution><country>Brazil</country></aff><pub-date><month>12</month><year>1992</year></pub-date><volume>8</volume><issue>4</issue><fpage>428</fpage><lpage>441</lpage><permissions><license license-type="open-access" href="http://creativecommons.org/licenses/by/4.0/"><license-p>This work is licensed under a Creative Commons Attribution 4.0 International License.</license-p></license></permissions><self-uri href="http://www.scielosp.org/scielo.php?script=sci_arttext&amp;pid=S0102-311X1992000400008&amp;lng=en&amp;tlng=en" content-type="full_text_page"/><self-uri href="http://www.scielosp.org/scielo.php?script=sci_issuetoc&amp;pid=0102-311X19920004&amp;lng=en" content-type="issue_page"/><self-uri href="http://www.scielosp.org/scielo.php?script=sci_serial&amp;pid=0102-311X&amp;lng=en" content-type="journal_page"/><abstract lang_id="pt"><p>Através de 33 questões abertas e fechadas, observamos as representações sociais da AIDS, práticas sexuais e preventivas, auto-representações, vida social, valores e meios de informações de 89 heterossexuais (HE), 7 bissexuais (BI) e 33 homossexuais (HO). Os resultados mostraram uma crença geral de que todos estão vulneráveis ao vírus. Os HE e HO consideraram alterações corporais externas como o principal sintoma da AIDS. Os HE praticavam mais sexo vaginal e oral (52,69%), os HO, sexo anal e oral (43,33%), e os BI se dispersaram entre muitas práticas sexuais. Além do uso de preservativo, os HE evitariam grupos de risco e prefeririam um parceiro único, enquanto os HO evitariam praticar sexo (18,2%). Apesar das auto-representações de HE e HO em termos de conduta sexual, estes valorizaram mais a família do que a atividade sexual - o que pode ser um sinal de mudança psicossocial. Algumas sugestões de pesquisa foram feitas sobre a prática BI como elo entre os grupos, sobre as relações de poder e confiança entre parceiros, e sobre a urgência de novos estudos a respeito da vida psicossocial desses grupos.</p></abstract><trans-abstract lang_id="en"><p>The social representations of AIDS, preventive practices concerning sexually transmissible diseases, self-representations, social life, values, and forms of information for 89 heterosexuals (HE), 7 bisexuals (BI) and 33 homosexuals (HO) were investigated through a questionnaire containing 33 open and closed questions. Results showed a general belief that everybody is vulnerable to the AIDS virus, but that external changes in the body were considered the major sympton of AIDS by HE and HO. Vaginal sex (30.47%) and oral/anal sex (43.33%) were the most commonly referred by HE and HO, respectively, while BI were more diffuse with regard to their sexual practices. In addition to the use of condoms, HE referred avoiding risk groups and opting for only one partner, while HO would avoid sex (18.2%). Despite HE and HO self-representations in terms of sexual behaviour they gave more emphasis to family than to sexual activity - something that could be regarded as an indication of psychosocial change in these groups caused by AIDS. Suggestions for future research included BI practices as a link between the groups, the power and trust relationships among HE partners, and the urgent need for further studies on the psycho-social life of these groups.</p></trans-abstract><kwd-group lang_id="en" kwd-group-type="author-generated"><kwd>AIDS</kwd><kwd>Social Representation</kwd><kwd>Sexual Behavior</kwd><kwd>Social Psychology</kwd></kwd-group><kwd-group lang_id="pt" kwd-group-type="author-generated"><kwd>AIDS</kwd><kwd>Representação Social</kwd><kwd>Comportamento Sexual</kwd><kwd>Psicologia Social</kwd></kwd-group></article-meta></front><back><ref-list><ref id="B1"><element-citation publication-type="book"><source>AIDS se alastra entre os brasileiros mais pobres</source><date><year>1991</year></date><fpage>22</fpage><person-group><name><surname>ADEODATO</surname><given-names>S.</given-names></name><name><surname>ADEODATO</surname><given-names>S.</given-names></name></person-group></element-citation></ref></ref-list></back></article></articles>