<articles xmlns:xsi="http://www.w3.org/2001/XMLSchema-instance" xsi:schemaLocation="https://raw.githubusercontent.com/scieloorg/articles_meta/master/tests/xsd/scielo_sci/ThomsonReuters_publishing.xsd" dtd-version="1.10"><article lang_id="pt" article-type="research-article"><front><journal-meta><journal-id journal-id-type="publisher">csp</journal-id><journal-title-group><journal-title>Cadernos de Saúde Pública</journal-title><abbrev-journal-title>Cad. Saúde Pública</abbrev-journal-title></journal-title-group><issn>1678-4464</issn><collection>SciELO Brazil</collection><publisher><publisher-name>Escola Nacional de Saúde Pública Sergio Arouca, Fundação Oswaldo Cruz</publisher-name></publisher></journal-meta><article-meta><unique-article-id pub-id-type="publisher-id">S0102-311X1993000400011</unique-article-id><article-id pub-id-type="publisher-id">S0102-311X1993000400011</article-id><article-id pub-id-type="doi">10.1590/S0102-311X1993000400011</article-id><article-categories><subj-group><subject>Health Policy &amp; Services</subject></subj-group></article-categories><title-group><article-title lang_id="pt">Redução dos índices de abandono no programa de controle da hanseníase: a experiência de um serviço de saúde no Rio de Janeiro, Brasil</article-title><trans-title-group lang_id="en"><trans-title>Reduction in dropout rate of patients in a leprosy control program: the experience of a health service in Rio de Janeiro, Brazil</trans-title></trans-title-group></title-group><contrib-group><contrib contrib-type="author"><name><surname>Claro</surname><given-names>Lenita B. L.</given-names></name><role>ND</role><xref ref-type="aff" rid="A01"/></contrib><contrib contrib-type="author"><name><surname>Monnerat</surname><given-names>Giselle L.</given-names></name><role>ND</role><xref ref-type="aff" rid="A01"/></contrib><contrib contrib-type="author"><name><surname>Pessoa</surname><given-names>Viviani Lourdes R.</given-names></name><role>ND</role><xref ref-type="aff" rid="A01"/></contrib></contrib-group><aff id="A01"><institution>Centro Municipal de Saúde da VII Região Administrativa</institution><country>Brasil</country></aff><pub-date><month>12</month><year>1993</year></pub-date><volume>9</volume><issue>4</issue><fpage>504</fpage><lpage>507</lpage><permissions><license license-type="open-access" href="http://creativecommons.org/licenses/by-nc/4.0/"><license-p>This work is licensed under a Creative Commons Attribution-NonCommercial 4.0 International License.</license-p></license></permissions><self-uri href="http://www.scielo.br/scielo.php?script=sci_arttext&amp;pid=S0102-311X1993000400011&amp;lng=en&amp;tlng=en" content-type="full_text_page"/><self-uri href="http://www.scielo.br/scielo.php?script=sci_issuetoc&amp;pid=0102-311X19930004&amp;lng=en" content-type="issue_page"/><self-uri href="http://www.scielosp.org/scielo.php?script=sci_serial&amp;pid=0102-311X&amp;lng=en" content-type="journal_page"/><abstract lang_id="pt"><p>O presente trabalho descreve as estratégias empregadas para a redução dos índices de abandono no Programa de Controle da Hanseníase em um centro municipal de saúde do Rio de Janeiro. Esta redução, observada no decorrer do ano de 1992, resultou, em parte, do trabalho de equipe multidisciplinar e da aplicação de estratégias de prevenção do abandono, voltadas para a educação em saúde, e de busca ativa de pacientes irregulares e sem controle. Entre as últimas, destacou-se a visitação domiciliar, realizada por um profissional treinado para a atividade, seguida do envio de aerogramas domiciliares.</p></abstract><trans-abstract lang_id="en"><p>During the year 1992, an important decrease in the dropout rate of patients in a leprosy control program was observed in a public health center in Rio de Janeiro (Brazil). This paper discusses the factors associated with this reduction, especially the strategies employed by the health service. These strategies include the prevention of non-compliance by special interviewing of patients and the recuperation of defaulter patients by means of home visits and mail.</p></trans-abstract><kwd-group lang_id="en" kwd-group-type="author-generated"><kwd>Leprosy</kwd><kwd>Compliance</kwd><kwd>Health Service</kwd></kwd-group><kwd-group lang_id="pt" kwd-group-type="author-generated"><kwd>Hanseníase</kwd><kwd>Adesão ao Tratamento</kwd><kwd>Serviço de Saúde</kwd></kwd-group></article-meta></front><back><ref-list><ref id="B1"><element-citation publication-type="thesis"><source>Hanseníase: Representações sobre a Doença. Estudo em População de Pacientes Ambulatoriais no Rio de Janeiro</source><person-group><name><surname>CLARO</surname><given-names>L. B. L.</given-names></name><name><surname>CLARO</surname><given-names>L. B. L.</given-names></name></person-group></element-citation></ref><ref id="B2"><element-citation publication-type="article"><article-title>Beliefs of leprosy patients about their illness</article-title><source>Tropical and Geographical Medicine</source><fpage>379</fpage><lpage>382</lpage><volume>43</volume><person-group><name><surname>ELISSEN</surname><given-names>M. C. C. A.</given-names></name></person-group></element-citation></ref><ref id="B3"><element-citation publication-type="article"><article-title>Influence of social perceptions of leprosy and leprosy patients on public health programs</article-title><source>International Journal of Leprosy</source><fpage>111</fpage><lpage>114</lpage><volume>58</volume><person-group><name><surname>FASSIN</surname><given-names>D.</given-names></name></person-group></element-citation></ref><ref id="B4"><element-citation publication-type="article"><article-title>Health education and leprosy</article-title><source>Leprosy Review</source><fpage>167</fpage><lpage>171</lpage><volume>51</volume><person-group><name><surname>MATTHEWS</surname><given-names>C. M. E.</given-names></name><name><surname>SELVAPANDIAN</surname><given-names>A. J.</given-names></name><name><surname>JESUDASAN</surname><given-names>M.</given-names></name></person-group></element-citation></ref><ref id="B5"><element-citation publication-type="article"><article-title>Culture and "compliance" among leprosy patients in Pakistan</article-title><source>Social Science and Medicine</source><fpage>799</fpage><lpage>811</lpage><volume>29</volume><person-group><name><surname>MULL</surname><given-names>J. D.</given-names></name><name><surname>WOOD</surname><given-names>C. S.</given-names></name><name><surname>GANS</surname><given-names>L. P.</given-names></name><name><surname>MULL</surname><given-names>D. S.</given-names></name></person-group></element-citation></ref><ref id="B6"><element-citation publication-type="article"><article-title>Illness beliefs of leprosy patients: Use of medical anthropology in clinical practice</article-title><source>International Journal of Leprosy</source><fpage>231</fpage><lpage>237</lpage><volume>56</volume><person-group><name><surname>NEYLAN</surname><given-names>T. C.</given-names></name><name><surname>KENRAD</surname><given-names>N. E.</given-names></name><name><surname>SCHAUF</surname><given-names>V.</given-names></name><name><surname>SCOLLARD</surname><given-names>D. M.</given-names></name></person-group></element-citation></ref><ref id="B7"><element-citation publication-type="book"><source>Relatório do Programa de Controle da Hanseníase - 1991</source></element-citation></ref><ref id="B8"><element-citation publication-type="book"><source>Relatório do Programa de Controle da Hanseníase - 1992</source></element-citation></ref><ref id="B9"><element-citation publication-type="article"><article-title>Social science research on social dimensions of leprosy: Where are we going from here?</article-title><source>International Journal of Leprosy</source><fpage>847</fpage><lpage>863</lpage><volume>57</volume><person-group><name><surname>VALENCIA</surname><given-names>L. B.</given-names></name></person-group></element-citation></ref></ref-list></back></article></articles>