<articles xmlns:xsi="http://www.w3.org/2001/XMLSchema-instance" xsi:schemaLocation="https://raw.githubusercontent.com/scieloorg/articles_meta/master/tests/xsd/scielo_sci/ThomsonReuters_publishing.xsd" dtd-version="1.10"><article lang_id="pt" article-type="research-article"><front><journal-meta><journal-id journal-id-type="publisher">csp</journal-id><journal-title-group><journal-title>Cadernos de Saúde Pública</journal-title><abbrev-journal-title>Cad. Saúde Pública</abbrev-journal-title></journal-title-group><issn>1678-4464</issn><collection>SciELO Brazil</collection><publisher><publisher-name>Escola Nacional de Saúde Pública Sergio Arouca, Fundação Oswaldo Cruz</publisher-name></publisher></journal-meta><article-meta><unique-article-id pub-id-type="publisher-id">S0102-311X1989000300004</unique-article-id><article-id pub-id-type="publisher-id">S0102-311X1989000300004</article-id><article-id pub-id-type="doi">10.1590/S0102-311X1989000300004</article-id><article-categories><subj-group><subject>Health Policy &amp; Services</subject></subj-group></article-categories><title-group><article-title lang_id="pt">Prevenção da desnutrição energético-protéica</article-title></title-group><contrib-group><contrib contrib-type="author"><name><surname>Batista Filho</surname><given-names>Malaquias</given-names></name><role>ND</role><xref ref-type="aff" rid="A01"/></contrib><contrib contrib-type="author"><name><surname>Bleil</surname><given-names>Susana Inez</given-names></name><role>ND</role><xref ref-type="aff" rid="A02"/></contrib><contrib contrib-type="author"><name><surname>Van Eysden</surname><given-names>Lea Maria</given-names></name><role>ND</role><xref ref-type="aff" rid="A02"/></contrib></contrib-group><aff id="A02"><institution>Fundação Oswaldo Cruz</institution><country>Brazil</country></aff><aff id="A01"><institution>Universidade Federal de Pernambuco</institution><country>Brazil</country></aff><pub-date><month>09</month><year>1989</year></pub-date><volume>5</volume><issue>3</issue><fpage>276</fpage><lpage>283</lpage><permissions><license license-type="open-access" href="http://creativecommons.org/licenses/by-nc/4.0/"><license-p>This work is licensed under a Creative Commons Attribution-NonCommercial 4.0 International License.</license-p></license></permissions><self-uri href="http://www.scielo.br/scielo.php?script=sci_arttext&amp;pid=S0102-311X1989000300004&amp;lng=en&amp;tlng=en" content-type="full_text_page"/><self-uri href="http://www.scielo.br/scielo.php?script=sci_issuetoc&amp;pid=0102-311X19890003&amp;lng=en" content-type="issue_page"/><self-uri href="http://www.scielosp.org/scielo.php?script=sci_serial&amp;pid=0102-311X&amp;lng=en" content-type="journal_page"/><abstract lang_id="pt"><p>Descreve-se, de forma abreviada, a evolução de conceito de prevenção na área de saúde e suas implicações com as políticas e programas, objetivando o controle da desnutrição energética-protéica (DEP). Partindo-se do enfoque reducionista, considera-se a efetividade de intervenções propostas, segundo sua lógica e a experiência de alguns países. Reconhece-se o caráter conjuntural das medidas unissetoriais de saúde, assumindo-se a conduta "holística" como a mais válida e legítima para fundamentar os programas de prevenção da DEP, nos países subdesenvolvidos.</p></abstract><trans-abstract lang_id="en"><p>This paper gives a concise description of the evolution undergone by the concept of prevention in the health field and its involvement in the policies and programs that aim at controlling the malnutrition. The effectiveness of some proposed interventions is considered in accordance with their logic and the experience developed by some countries. While recognizing the conjunctional character of one-sided measures taken to solve health problems, the holistic point of view is adopted as the most legitimate and valid behaviour to establish the basis of preventive programs for solving energetic-proteinic malnutrition in developing countries.</p></trans-abstract></article-meta></front><back><ref-list><ref id="B1"><element-citation publication-type="conference"><date><year>1987</year></date><person-group><name><surname>ALIAGA</surname><given-names>H.</given-names></name></person-group></element-citation></ref><ref id="B2"><element-citation publication-type="article"><article-title>Programa de Vigilancia Epidemiológica Nutricional en la Población de 05 Años: Salta, República Argentina</article-title><source>Anais do Seminário sobre Atenção Primária de Saúde</source><date><year>1985</year></date><person-group><name><surname>ANDRE DE MATEO</surname><given-names>S.</given-names></name></person-group></element-citation></ref><ref id="B3"><element-citation publication-type="book"><source>Alimentação e Nutrição no Brasil: Pró-Memória: 1974-1984</source><date><year>1985</year></date><person-group><name><surname>BATISTA FILHO</surname><given-names>M</given-names></name><name><surname>BARBOSA</surname><given-names>N. P.</given-names></name><name><surname>BATISTA FILHO</surname><given-names>M</given-names></name><name><surname>BARBOSA</surname><given-names>N. P.</given-names></name></person-group></element-citation></ref><ref id="B4"><element-citation publication-type="book"><source>Epidemiologia &amp; Saúde</source><date><year>1986</year></date><person-group><name><surname>BATISTA FILHO</surname><given-names>M.</given-names></name><name><surname>ROUQUAYROL</surname><given-names>Z. M.</given-names></name><name><surname>ROUQUAYROL</surname><given-names>Z. M.</given-names></name></person-group></element-citation></ref><ref id="B5"><element-citation publication-type="article"><article-title>Desnutrición, desarollo nacional y planificación</article-title><source>Boletin de la Oficina Sanitaria Pan-Americana</source><date><year>1980</year></date><fpage>505</fpage><lpage>15</lpage><issue>6</issue><volume>89</volume><person-group><name><surname>BEGHIN</surname><given-names>I.</given-names></name></person-group></element-citation></ref><ref id="B6"><element-citation publication-type="book"><source>Los malnutridos: Examen de políticas</source><date><year>1984</year></date><person-group><name><surname>BERG</surname><given-names>A.</given-names></name><name><surname>BERG</surname><given-names>A.</given-names></name></person-group></element-citation></ref><ref id="B7"><element-citation publication-type="book"><source>Epidemiologia: economia, medicina y política</source><date><year>1981</year></date><person-group><name><surname>BREILH</surname><given-names>P. J.</given-names></name><name><surname>BREILH</surname><given-names>P. J.</given-names></name></person-group></element-citation></ref><ref id="B8"><element-citation publication-type="book"><source>Comunicação pessoal</source><person-group><name><surname>GRAVIOTO</surname><given-names>J.</given-names></name><name><surname>GRAVIOTO</surname><given-names>J.</given-names></name></person-group></element-citation></ref><ref id="B9"><element-citation publication-type="book"><source>Comparative analyses of nutritional effectiveness of food subsidies and other food-related interventions</source><date><year>1987</year></date><person-group><name><surname>KENNEDY</surname><given-names>E. T.</given-names></name><name><surname>ALDERMAN</surname><given-names>H. H.</given-names></name><name><surname>KENNEDY</surname><given-names>E. T.</given-names></name><name><surname>ALDERMAN</surname><given-names>H. H.</given-names></name></person-group></element-citation></ref><ref id="B10"><element-citation publication-type="book"><source>Medicina Preventiva</source><date><year>1976</year></date><person-group><name><surname>LEAVELL</surname><given-names>H.</given-names></name><name><surname>CLARK</surname><given-names>E. Q.</given-names></name><name><surname>LEAVELL</surname><given-names>H.</given-names></name><name><surname>CLARK</surname><given-names>E. Q.</given-names></name></person-group></element-citation></ref><ref id="B11"><element-citation publication-type="book"><source>Nutrition: an integral approach</source><date><year>1975</year></date><person-group><name><surname>PIKE</surname><given-names>R. L.</given-names></name><name><surname>BROWN</surname><given-names>M. L.</given-names></name><name><surname>PIKE</surname><given-names>R. L.</given-names></name><name><surname>BROWN</surname><given-names>M. L.</given-names></name></person-group></element-citation></ref><ref id="B12"><element-citation publication-type="book"><source>Epidemiologia &amp; Saúde</source><date><year>1986</year></date><person-group><name><surname>ROUQUAYROL</surname><given-names>Z. M.</given-names></name><name><surname>ROUQUAYROL</surname><given-names>Z. M.</given-names></name></person-group></element-citation></ref></ref-list></back></article></articles>