<articles xmlns:xsi="http://www.w3.org/2001/XMLSchema-instance" xsi:schemaLocation="https://raw.githubusercontent.com/scieloorg/articles_meta/master/tests/xsd/scielo_sci/ThomsonReuters_publishing.xsd" dtd-version="1.10"><article lang_id="pt" article-type="research-article"><front><journal-meta><journal-id journal-id-type="publisher">csp</journal-id><journal-title-group><journal-title>Cadernos de Saúde Pública</journal-title><abbrev-journal-title>Cad. Saúde Pública</abbrev-journal-title></journal-title-group><issn>1678-4464</issn><collection>SciELO Brazil</collection><publisher><publisher-name>Escola Nacional de Saúde Pública Sergio Arouca, Fundação Oswaldo Cruz</publisher-name></publisher></journal-meta><article-meta><unique-article-id pub-id-type="publisher-id">S0102-311X1992000300008</unique-article-id><article-id pub-id-type="publisher-id">S0102-311X1992000300008</article-id><article-id pub-id-type="doi">10.1590/S0102-311X1992000300008</article-id><article-categories><subj-group><subject>Health Policy &amp; Services</subject></subj-group></article-categories><title-group><article-title lang_id="pt">Análise de correspondência: uma aplicação do método à avaliação de serviços de vacinação</article-title><trans-title-group lang_id="en"><trans-title>Correspondence analysis: an application of the method to the evaluation of vaccination services</trans-title></trans-title-group></title-group><contrib-group><contrib contrib-type="author"><name><surname>Carvalho</surname><given-names>Marília Sá</given-names></name><role>ND</role><xref ref-type="aff" rid="A01"/></contrib><contrib contrib-type="author"><name><surname>Struchiner</surname><given-names>Cláudio José</given-names></name><role>ND</role><xref ref-type="aff" rid="A02"/></contrib></contrib-group><aff id="A01"><institution>Fundação Oswaldo Cruz</institution><country>Brazil</country></aff><aff id="A02"><institution>Fundação Oswaldo Cruz</institution><country>Brazil</country></aff><pub-date><month>09</month><year>1992</year></pub-date><volume>8</volume><issue>3</issue><fpage>287</fpage><lpage>301</lpage><permissions><license license-type="open-access" href="http://creativecommons.org/licenses/by-nc/4.0/"><license-p>This work is licensed under a Creative Commons Attribution-NonCommercial 4.0 International License.</license-p></license></permissions><self-uri href="http://www.scielo.br/scielo.php?script=sci_arttext&amp;pid=S0102-311X1992000300008&amp;lng=en&amp;tlng=en" content-type="full_text_page"/><self-uri href="http://www.scielosp.org/scielo.php?script=sci_issuetoc&amp;pid=0102-311X19920003&amp;lng=en" content-type="issue_page"/><self-uri href="http://www.scielosp.org/scielo.php?script=sci_serial&amp;pid=0102-311X&amp;lng=en" content-type="journal_page"/><abstract lang_id="pt"><p>A análise de correspondência é um método estatístico desenvolvido para a análise descritiva exploratória de grandes tabelas. Através desta técnica, pode-se visualizar, graficamente, as relações mais importantes de um grande conjunto de variáveis categóricas e contínuas. Neste trabalho, aplicou-se a técnica descrita, seguida de um processo de classificação hierárquica ascendente, disponíveis no programa "Systeme Portable Pour L'Analise de Données - SPAD", aos dados obtidos a partir de uma avaliação de desempenho do Programa Nacional de Imunizações realizada em 660 unidades públicas de saúde, distribuídas em 98 municípios brasileiros. Foram incluídas na análise diversas variáveis relacionadas ao cumprimento das normas do PNI e outras "determinantes" potenciais do desempenho das unidades na atividade. Os serviços avaliados não apresentaram padrão uniforme de desempenho, sendo classificados em cinco grupos, segundo sua atuação no PNI. Desrespeito às normas mais elementares foi observado em 58% das unidades. A análise de correspondência em epidemiologia pode servir como um auxiliar poderoso na primeira inspeção de grandes volumes de dados, que após seleção cuidadosa seriam então submetidos a outras técnicas de maior precisão.</p></abstract><trans-abstract lang_id="en"><p>Correspondence analysis is a statistical method developed for descriptive exploratory analysis of large matrices. Through this technique, the most important relations between a large pool of categorical and continuous variables may be plotted graphically. In this paper the described technique was applied to the data of an evaluation process of the National Program of Immunizations (PNI). This evaluation was carried out in 660 health clinics, distributed over 98 Brazilian cities. The variables analysed were related to the performance in PNI activities or potential determinants of this performance. The correspondence analysis was followed by an ascending hierarchical classification process of the Health Clinics, using the computer program "Systeme Portable Pour L'Analise de Données - SPA". The performance pattern was not homogeneous. The clinics were classified in five groups according to the performance in the PNI activities. In 58% of the Health Clinics, even the most elementary norms for the PNI were not followed. The correpondence analysis is a powerful tool for inspecting large data matrices and selecting the most important variables for a more detailed subsequent analysis.</p></trans-abstract><kwd-group lang_id="en" kwd-group-type="author-generated"><kwd>Correspondence Analysis</kwd><kwd>Assessment</kwd><kwd>Vaccination</kwd></kwd-group><kwd-group lang_id="pt" kwd-group-type="author-generated"><kwd>Análise de Correspondência</kwd><kwd>Avaliação</kwd><kwd>Vacinação</kwd></kwd-group></article-meta></front><back><ref-list><ref id="B1"><element-citation publication-type="article"><article-title>Sur le calcul des taux d'inertie dans l'analyse d'un questionaire</article-title><source>Cahiers de L'Analyse des Données</source><date><year>1979</year></date><fpage>377</fpage><lpage>384</lpage><volume>3</volume><person-group><name><surname>BENZECRI</surname><given-names>J. P.</given-names></name></person-group></element-citation></ref><ref id="B2"><element-citation publication-type="thesis"><source>Avaliação da Prática de Vigilância Epidemiológica nos Serviços Públicos de Saúde no Brasil</source><date><year>1990</year></date><person-group><name><surname>CARVALHO</surname><given-names>M. S.</given-names></name><name><surname>CARVALHO</surname><given-names>M. S.</given-names></name></person-group></element-citation></ref><ref id="B3"><element-citation publication-type="book"><source>Systeme portable pour l'analyse des donées (SPAD): notices d'utilizacion</source><date><year>1982</year></date></element-citation></ref><ref id="B4"><element-citation publication-type="book"><source>Systeme portable pour l'analyse des donees (SPAD)</source><date><year>1985</year></date></element-citation></ref><ref id="B5"><element-citation publication-type="book"><source>Avaliação do impacto da estratégia de treinamento da SNABS/MS em controle de doenças transmissíveis: Relatório Final</source><date><year>1986</year></date></element-citation></ref><ref id="B6"><element-citation publication-type="book"><source>Análise de correspondências: Textos Didáticos</source><date><year>1990</year></date><person-group><name><surname>GOUVÊA</surname><given-names>V.</given-names></name><name><surname>GOUVÊA</surname><given-names>V.</given-names></name></person-group></element-citation></ref><ref id="B7"><element-citation publication-type="book"><source>Looking at Multivariate Data</source><date><year>1981</year></date><person-group><name><surname>GREENACRE</surname><given-names>M. J.</given-names></name></person-group></element-citation></ref><ref id="B8"><element-citation publication-type="book"><source>Multivariate Descriptive Statistical Analysis: Correspondence Analysis and Related Techniques for Large Matrices</source><date><year>1984</year></date><person-group><name><surname>LEBART</surname><given-names>L.</given-names></name><name><surname>MORINEAU</surname><given-names>A.</given-names></name><name><surname>WARWICK</surname><given-names>K. M.</given-names></name><name><surname>LEBART</surname><given-names>L.</given-names></name><name><surname>MORINEAU</surname><given-names>A.</given-names></name><name><surname>WARWICK</surname><given-names>K. M.</given-names></name></person-group></element-citation></ref><ref id="B9"><element-citation publication-type="book"><source>Traitement des Données Statistiques: Méthodes et Programmes</source><date><year>1977</year></date><person-group><name><surname>LEBART</surname><given-names>L.</given-names></name><name><surname>MORINEAU</surname><given-names>A.</given-names></name><name><surname>FÉNELON</surname><given-names>J. P.</given-names></name><name><surname>LEBART</surname><given-names>L.</given-names></name><name><surname>MORINEAU</surname><given-names>A.</given-names></name><name><surname>FÉNELON</surname><given-names>J. P.</given-names></name></person-group></element-citation></ref><ref id="B10"><element-citation publication-type="article"><article-title>Note sur la caracterisation statistique d'une classe et les valeurs-tests</article-title><source>Bulletin Techique CESIA</source><date><year>1984</year></date><fpage>20</fpage><lpage>27</lpage><volume>2</volume><person-group><name><surname>MORINEAU</surname><given-names>A.</given-names></name></person-group></element-citation></ref><ref id="B11"><element-citation publication-type="book"><source>Informes sobre a Avaliação do Programa de Imunizações do Estado da Bahia</source><date><year>1983</year></date></element-citation></ref><ref id="B12"><element-citation publication-type="book"><source>Primeira Avaliação Operacional Multidisciplinar do Programa de Imunizações do Estado do Rio de Janeiro</source><date><year>1983</year></date></element-citation></ref></ref-list></back></article></articles>