<articles xmlns:xsi="http://www.w3.org/2001/XMLSchema-instance" xsi:schemaLocation="https://raw.githubusercontent.com/scieloorg/articles_meta/master/tests/xsd/scielo_sci/ThomsonReuters_publishing.xsd" dtd-version="1.10"><article lang_id="pt" article-type="research-article"><front><journal-meta><journal-id journal-id-type="publisher">csp</journal-id><journal-title-group><journal-title>Cadernos de Saúde Pública</journal-title><abbrev-journal-title>Cad. Saúde Pública</abbrev-journal-title></journal-title-group><issn>1678-4464</issn><collection>SciELO Brazil</collection><publisher><publisher-name>Escola Nacional de Saúde Pública Sergio Arouca, Fundação Oswaldo Cruz</publisher-name></publisher></journal-meta><article-meta><unique-article-id pub-id-type="publisher-id">S0102-311X1987000100002</unique-article-id><article-id pub-id-type="publisher-id">S0102-311X1987000100002</article-id><article-id pub-id-type="doi">10.1590/S0102-311X1987000100002</article-id><article-categories><subj-group><subject>Health Policy &amp; Services</subject></subj-group></article-categories><title-group><article-title lang_id="pt">Epidemias</article-title></title-group><contrib-group><contrib contrib-type="author"><name><surname>Barata</surname><given-names>Rita de Cássia Barradas</given-names></name><role>ND</role><xref ref-type="aff" rid="A01"/></contrib></contrib-group><aff id="A01"><institution>Santa Casa de Misericórdia de São Paulo</institution><country>Brazil</country></aff><pub-date><month>03</month><year>1987</year></pub-date><volume>3</volume><issue>1</issue><fpage>9</fpage><lpage>15</lpage><permissions><license license-type="open-access" href="http://creativecommons.org/licenses/by-nc/4.0/"><license-p>This work is licensed under a Creative Commons Attribution-NonCommercial 4.0 International License.</license-p></license></permissions><self-uri href="http://www.scielo.br/scielo.php?script=sci_arttext&amp;pid=S0102-311X1987000100002&amp;lng=en&amp;tlng=en" content-type="full_text_page"/><self-uri href="http://www.scielosp.org/scielo.php?script=sci_issuetoc&amp;pid=0102-311X19870001&amp;lng=en" content-type="issue_page"/><self-uri href="http://www.scielosp.org/scielo.php?script=sci_serial&amp;pid=0102-311X&amp;lng=en" content-type="journal_page"/><abstract lang_id="pt"><p>A questão das epidemias, presente desde o início da história do Homem, é tratada nesse artigo, com especial destaque para as alterações sofridas pelo conceito durante o desenrolar da história e para as diversas práticas de controle desenvolvidas em resposta a elas. Através de diversas citações extraídas de pensadores e cientistas de diferentes épocas buscou-se retratar essas alterações históricas.</p></abstract><trans-abstract lang_id="en"><p>Epidemics, a subject that has been present since the beginnings of Man's history, is treated in this article with special emphasis on the changes that the concept underwent during the course of History and on the several pratices of control that were developed in response to it. Scientists ans thisnkers of different periods are quoted, in search of a picture of these historical changes.</p></trans-abstract></article-meta></front><back><ref-list><ref id="B1"><element-citation publication-type="book"><source>Epidemiologia: economia, medicina e política</source><date><year>1980</year></date><person-group><name><surname>BREILH</surname><given-names>Jaime</given-names></name><name><surname>BREILH</surname><given-names>Jaime</given-names></name></person-group></element-citation></ref><ref id="B2"><element-citation publication-type="book"><source>História da Medicina</source><date><year>1947</year></date><person-group><name><surname>CASTIGLIONE</surname><given-names>Arturo</given-names></name><name><surname>CASTIGLIONE</surname><given-names>Arturo</given-names></name></person-group></element-citation></ref><ref id="B3"><element-citation publication-type="book"><source>O Nascimento da Clínica</source><date><year>1977</year></date><person-group><name><surname>FOUCAULT</surname><given-names>Michel</given-names></name><name><surname>FOUCAULT</surname><given-names>Michel</given-names></name></person-group></element-citation></ref><ref id="B4"><element-citation publication-type="article"><article-title>The Sydehan: Boyle Theory of morbific particles</article-title><source>Medical History</source><fpage>240</fpage><lpage>248</lpage><volume>18</volume><person-group><name><surname>KEELE</surname><given-names>Kenneth D.</given-names></name></person-group></element-citation></ref><ref id="B5"><element-citation publication-type="book"><source>Da polícia médica à medicina social</source><date><year>1979</year></date><person-group><name><surname>ROSEN</surname><given-names>George</given-names></name><name><surname>ROSEN</surname><given-names>George</given-names></name></person-group></element-citation></ref><ref id="B6"><element-citation publication-type="book"><source>Sobre a maneira de transmissão da cólera</source><date><year>1967</year></date><person-group><name><surname>SNOW</surname><given-names>John</given-names></name><name><surname>SNOW</surname><given-names>John</given-names></name></person-group></element-citation></ref></ref-list></back></article></articles>