<articles xmlns:xsi="http://www.w3.org/2001/XMLSchema-instance" xsi:schemaLocation="https://raw.githubusercontent.com/scieloorg/articles_meta/master/tests/xsd/scielo_sci/ThomsonReuters_publishing.xsd" dtd-version="1.10"><article lang_id="pt" article-type="research-article"><front><journal-meta><journal-id journal-id-type="publisher">csp</journal-id><journal-title-group><journal-title>Cadernos de Saúde Pública</journal-title><abbrev-journal-title>Cad. Saúde Pública</abbrev-journal-title></journal-title-group><issn>1678-4464</issn><collection>SciELO Brazil</collection><publisher><publisher-name>Escola Nacional de Saúde Pública Sergio Arouca, Fundação Oswaldo Cruz</publisher-name></publisher></journal-meta><article-meta><unique-article-id pub-id-type="publisher-id">S0102-311X1986000100002</unique-article-id><article-id pub-id-type="publisher-id">S0102-311X1986000100002</article-id><article-id pub-id-type="doi">10.1590/S0102-311X1986000100002</article-id><article-categories><subj-group><subject>Health Policy &amp; Services</subject></subj-group></article-categories><title-group><article-title lang_id="pt">A hospitalização como fator de seleção em estudo de casos e controles</article-title></title-group><contrib-group><contrib contrib-type="author"><name><surname>Klein</surname><given-names>Carlos Henrique</given-names></name><role>ND</role><xref ref-type="aff" rid="A01"/></contrib></contrib-group><aff id="A01"><institution>Fundação Oswaldo Cruz</institution><country>Brazil</country></aff><pub-date><month>03</month><year>1986</year></pub-date><volume>2</volume><issue>1</issue><fpage>13</fpage><lpage>18</lpage><permissions><license license-type="open-access" href="http://creativecommons.org/licenses/by-nc/4.0/"><license-p>This work is licensed under a Creative Commons Attribution-NonCommercial 4.0 International License.</license-p></license></permissions><self-uri href="http://www.scielo.br/scielo.php?script=sci_arttext&amp;pid=S0102-311X1986000100002&amp;lng=en&amp;tlng=en" content-type="full_text_page"/><self-uri href="http://www.scielosp.org/scielo.php?script=sci_issuetoc&amp;pid=0102-311X19860001&amp;lng=en" content-type="issue_page"/><self-uri href="http://www.scielosp.org/scielo.php?script=sci_serial&amp;pid=0102-311X&amp;lng=en" content-type="journal_page"/><abstract lang_id="pt"><p>Neste artigo se demonstra que, se os riscos relativos de hospitalização de expostos em relação aos não-expostos ao fator em investigação nos grupos de comparação hospitalares casos e não-casos da doença-objeto, são diferentes, a estimativa da Razão de Produtos Cruzados (RPC) será distorcida. Essa distorção pode se dar em qualquer direção, para mais ou para menos, quer dizer, tanto a estimativa de risco (RPC) pode ser sub como superestimada, devido ao fator de seleção da hospitalização. Por fim, deriva-se uma expressão algébrica que permite corrigir a estimativa de RPC.</p></abstract><trans-abstract lang_id="en"><p>This paper shows that if the relative risks of hospitalization of exposed compared to non-exposed to a putative study factor are different in comparison groups of in-patients - cases and non-cases of a specific disease - the odds-ratio estimate will be biased. This bias can be in any direction, either overestimated or underestimated, due to the selection factor of hospitalization. Finally, it is derived an algebraic expression that can correct the odds-ratio estimate.</p></trans-abstract></article-meta></front><back><ref-list><ref id="B1"><element-citation publication-type="book"><source>Foundations of epidemiology</source><date><year>1980</year></date><person-group><name><surname>LILLIENFELD</surname><given-names>A.M.</given-names></name><name><surname>LILLIENFELD</surname><given-names>A.M.</given-names></name></person-group></element-citation></ref><ref id="B2"><element-citation publication-type="book"><source>Epidemiology: Principles and methods</source><date><year>1970</year></date><person-group><name><surname>MacMAHON</surname><given-names>B</given-names></name><name><surname>PUGH</surname><given-names>T.F.</given-names></name><name><surname>MacMAHON</surname><given-names>B</given-names></name><name><surname>PUGH</surname><given-names>T.F.</given-names></name></person-group></element-citation></ref><ref id="B3"><element-citation publication-type="article"><article-title>Differences in risk estimations from a hospital and a population-based case-control study</article-title><source>Int. J. Epidemiology</source><date><year>1984</year></date><fpage>235</fpage><lpage>39</lpage><issue>2</issue><volume>13</volume><person-group><name><surname>WEST</surname><given-names>D.W.</given-names></name><name><surname>SCHUMAN</surname><given-names>K.L.</given-names></name><name><surname>LYON</surname><given-names>J. L.</given-names></name><name><surname>ROBINSON</surname><given-names>L.M.</given-names></name><name><surname>ALLRED</surname><given-names>R.</given-names></name></person-group></element-citation></ref></ref-list></back></article></articles>