<articles xmlns:xsi="http://www.w3.org/2001/XMLSchema-instance" xsi:schemaLocation="https://raw.githubusercontent.com/scieloorg/articles_meta/master/tests/xsd/scielo_sci/ThomsonReuters_publishing.xsd" dtd-version="1.10"><article lang_id="en" article-type="research-article"><front><journal-meta><journal-id journal-id-type="publisher">csp</journal-id><journal-title-group><journal-title>Cadernos de Saúde Pública</journal-title><abbrev-journal-title>Cad. Saúde Pública</abbrev-journal-title></journal-title-group><issn>1678-4464</issn><collection>SciELO Brazil</collection><publisher><publisher-name>Escola Nacional de Saúde Pública Sergio Arouca, Fundação Oswaldo Cruz</publisher-name></publisher></journal-meta><article-meta><unique-article-id pub-id-type="publisher-id">S0102-311X1993000400007</unique-article-id><article-id pub-id-type="publisher-id">S0102-311X1993000400007</article-id><article-id pub-id-type="doi">10.1590/S0102-311X1993000400007</article-id><article-categories><subj-group><subject>Health Policy &amp; Services</subject></subj-group></article-categories><title-group><article-title lang_id="en">Chagas' disease: the rural environment and vector control in the state of São Paulo, Brazil</article-title><trans-title-group lang_id="pt"><trans-title>Doença de Chagas: meio rural e controle de vetores no Estado de São Paulo, Brasil</trans-title></trans-title-group></title-group><contrib-group><contrib contrib-type="author"><name><surname>Wanderley</surname><given-names>Dalva Marli V.</given-names></name><role>ND</role><xref ref-type="aff" rid="A01"/></contrib></contrib-group><aff id="A01"><institution>Secretaria da Saúde do Estado de São Paulo</institution><country>Brazil</country></aff><pub-date><month>12</month><year>1993</year></pub-date><volume>9</volume><issue>4</issue><fpage>466</fpage><lpage>476</lpage><permissions><license license-type="open-access" href="http://creativecommons.org/licenses/by-nc/4.0/"><license-p>This work is licensed under a Creative Commons Attribution-NonCommercial 4.0 International License.</license-p></license></permissions><self-uri href="http://www.scielo.br/scielo.php?script=sci_arttext&amp;pid=S0102-311X1993000400007&amp;lng=en&amp;tlng=en" content-type="full_text_page"/><self-uri href="http://www.scielo.br/scielo.php?script=sci_issuetoc&amp;pid=0102-311X19930004&amp;lng=en" content-type="issue_page"/><self-uri href="http://www.scielosp.org/scielo.php?script=sci_serial&amp;pid=0102-311X&amp;lng=en" content-type="journal_page"/><abstract lang_id="en"><p>In the first half of this century - a period of expanding coffee cultivation - there was a close relationship between the growth of cleared spaces, the domestication of triatomines, and the establishment of Chagas' disease in the state of São Paulo. However, the initiation of control mesuares in 1950 coincided with a period characterized by a progressive reversal of the conditions that had facilitated the establishment of Chagas' disease in the first place. Alterations were taking place in the agricultural environment, rural areas were becoming depopulated, and low-grade housing was being destroyed. Natural transmission of the endemic was interrupted in the mid-1970's, following the elimination of Triatoma infestans from homes. Subsequently, however, a challenge emerged from two extradomiciliary species, Triatoma sordida and Panstrongylus megistus. The invasive character of these species made it necessary to investigate their possible repercussions on human populations and to set up permanent programs of epidemiological surveillance involving direct participation by local populations.</p></abstract><trans-abstract lang_id="pt"><p>O presente estudo analisa as relações entre a expansão dos espaços abertos, a domiciliação triatomínea e a instalação da doença de Chagas no Estado de São Paulo durante a expansão da cultura cafeeira, na primeira metade do século. No período pós-50, o início das ações de controle coincide com a desestruturação das relações facilitadoras para a instalação da doença de Chagas, através da alteração do espaço agrário, êxodo rural e destruição de domicílios de pior qualidade. A partir da interrupção da transmissão natural da endemia, em meados da década de 70, conseqüência da eliminação de Triatoma infestans dos domicílios, enfrenta-se o desafio das populações triatomíneas extradomiciliares - Triatoma sordida e Panstrongylus megistus -, cujo caráter invasivo tem requerido a investigação das possíveis repercussões humanas da sua presença, através da vigilância epidemiológica permanente com participação da população.</p></trans-abstract><kwd-group lang_id="en" kwd-group-type="author-generated"><kwd>Trypanosomiasis</kwd><kwd>Chagas' Disease</kwd><kwd>Epidemiological Surveillance</kwd><kwd>Vector Control</kwd></kwd-group><kwd-group lang_id="pt" kwd-group-type="author-generated"><kwd>Triatomíneos</kwd><kwd>Vigilância Epidemiológica</kwd><kwd>Controle de Vetores</kwd><kwd>Doença de Chagas</kwd></kwd-group></article-meta></front><back><ref-list><ref id="B1"><element-citation publication-type="thesis"><source>Estudo do Controle dos Triatomíneos Domiciliados no Estado de São Paulo</source><person-group><name><surname>BURALLI</surname><given-names>G. M.</given-names></name><name><surname>BURALLI</surname><given-names>G. M.</given-names></name></person-group></element-citation></ref><ref id="B2"><element-citation publication-type="thesis"><source>Epidemiologia e Controle de Doença de Chagas: Relação com a estrutura agrária na região de Sorocaba - SP</source><person-group><name><surname>CALDAS Jr.</surname><given-names>A. L.</given-names></name><name><surname>CALDAS Jr.</surname><given-names>A. L.</given-names></name></person-group></element-citation></ref><ref id="B3"><element-citation publication-type="book"><source>Áreas Naturais do Estado de São Paulo</source></element-citation></ref><ref id="B4"><element-citation publication-type="article"><article-title>Biogeografia, origem e distribuição da domiciliação de triatomíneos no Brasil</article-title><source>Revista de Saúde Pública</source><fpage>265</fpage><lpage>99</lpage><volume>14</volume><person-group><name><surname>FORATTINI</surname><given-names>O. P.</given-names></name></person-group></element-citation></ref><ref id="B5"><element-citation publication-type="undefined"><person-group><name><surname>FORATTINI</surname><given-names>O. P.</given-names></name><name><surname>RABELLO</surname><given-names>F. X.</given-names></name><name><surname>CASTANHO</surname><given-names>M. L. S.</given-names></name><name><surname>PATTOLI</surname><given-names>D. G. B.</given-names></name></person-group></element-citation></ref><ref id="B6"><element-citation publication-type="article"><article-title>Doença de Chagas: Atividades do controle dos transmissores no Estado de São Paulo, Brasil</article-title><source>Revista Brasileira de Malariologia e Doenças Tropicais</source><fpage>99</fpage><lpage>119</lpage><volume>31</volume><person-group><name><surname>ROCHA E SILVA</surname><given-names>E. O.</given-names></name><name><surname>GUARITA</surname><given-names>O. F.</given-names></name><name><surname>ISHIHATA</surname><given-names>G. K.</given-names></name></person-group></element-citation></ref><ref id="B7"><element-citation publication-type="article"><article-title>Aspectos da epidemiologia da doença de Chagas</article-title><source>Ciência e Cultura</source><fpage>81</fpage><lpage>103</lpage><volume>31</volume><person-group><name><surname>SILVA</surname><given-names>G. R.</given-names></name><name><surname>LITVOC</surname><given-names>J.</given-names></name><name><surname>GOLDBAUM</surname><given-names>M. G.</given-names></name><name><surname>DIAS</surname><given-names>J. C. P.</given-names></name></person-group></element-citation></ref><ref id="B8"><element-citation publication-type="thesis"><source>Evolução da Doença de Chagas no Estado de São Paulo</source><person-group><name><surname>SILVA</surname><given-names>L. J.</given-names></name><name><surname>SILVA</surname><given-names>L. J.</given-names></name></person-group></element-citation></ref><ref id="B9"><element-citation publication-type="article"><article-title>Consolidation of the control of Chagas' disease vectors in the state of São Paulo</article-title><source>Memórias do Instituto Oswaldo Cruz</source><fpage>125</fpage><lpage>131</lpage><volume>79</volume><person-group><name><surname>SOUZA</surname><given-names>A. G.</given-names></name></person-group></element-citation></ref><ref id="B10"><element-citation publication-type="book"><source>Relatório do Grupo de Estudo do Programa de Controle da Doença de Chagas</source></element-citation></ref><ref id="B11"><element-citation publication-type="thesis"><source>Análise da Atual Estratégia do Programa de Controle da Doença de Chagas no Estado de São Paulo</source><person-group><name><surname>WANDERLEY</surname><given-names>D. M. V.</given-names></name><name><surname>WANDERLEY</surname><given-names>D. M. V.</given-names></name></person-group></element-citation></ref><ref id="B12"><element-citation publication-type="article"><article-title>Vigilância entomológica da doença de Chagas no Estado de São Paulo</article-title><source>Revista de Saúde Pública</source><fpage>28</fpage><lpage>32</lpage><volume>25</volume></element-citation></ref></ref-list></back></article></articles>