<articles xmlns:xsi="http://www.w3.org/2001/XMLSchema-instance" xsi:schemaLocation="https://raw.githubusercontent.com/scieloorg/articles_meta/master/tests/xsd/scielo_sci/ThomsonReuters_publishing.xsd" dtd-version="1.10"><article lang_id="pt" article-type="research-article"><front><journal-meta><journal-id journal-id-type="publisher">csp</journal-id><journal-title-group><journal-title>Cadernos de Saúde Pública</journal-title><abbrev-journal-title>Cad. Saúde Pública</abbrev-journal-title></journal-title-group><issn>1678-4464</issn><collection>SciELO Brazil</collection><publisher><publisher-name>Escola Nacional de Saúde Pública Sergio Arouca, Fundação Oswaldo Cruz</publisher-name></publisher></journal-meta><article-meta><unique-article-id pub-id-type="publisher-id">S0102-311X1989000100005</unique-article-id><article-id pub-id-type="publisher-id">S0102-311X1989000100005</article-id><article-id pub-id-type="doi">10.1590/S0102-311X1989000100005</article-id><article-categories><subj-group><subject>Health Policy &amp; Services</subject></subj-group></article-categories><title-group><article-title lang_id="pt">Avaliação da qualidade da atenção à saúde na rede básica</article-title></title-group><contrib-group><contrib contrib-type="author"><name><surname>Madureira</surname><given-names>Paulo Roberto de</given-names></name><role>ND</role><xref ref-type="aff" rid="A01"/></contrib><contrib contrib-type="author"><name><surname>De Capitani</surname><given-names>Eduardo Mello</given-names></name><role>ND</role><xref ref-type="aff" rid="A01"/></contrib><contrib contrib-type="author"><name><surname>Campos</surname><given-names>Gastão Wagner de Souza</given-names></name><role>ND</role><xref ref-type="aff" rid="A01"/></contrib></contrib-group><aff id="A01"><institution>Universidade Estadual de Campinas</institution><country>Brazil</country></aff><pub-date><month>01</month><year>1989</year></pub-date><volume>5</volume><issue>1</issue><fpage>45</fpage><lpage>59</lpage><permissions><license license-type="open-access" href="http://creativecommons.org/licenses/by-nc/4.0/"><license-p>This work is licensed under a Creative Commons Attribution-NonCommercial 4.0 International License.</license-p></license></permissions><self-uri href="http://www.scielo.br/scielo.php?script=sci_arttext&amp;pid=S0102-311X1989000100005&amp;lng=en&amp;tlng=en" content-type="full_text_page"/><self-uri href="http://www.scielosp.org/scielo.php?script=sci_issuetoc&amp;pid=0102-311X19890001&amp;lng=en" content-type="issue_page"/><self-uri href="http://www.scielosp.org/scielo.php?script=sci_serial&amp;pid=0102-311X&amp;lng=en" content-type="journal_page"/><abstract lang_id="pt"><p>A partir de uma análise de tendências quanto à organização dos serviços de saúde dentro da proposta de ações integradas de saúde, os autores se propõem a avaliar qualitativamente um serviço de saúde específico no município de Paulínia/São Paulo, que desde 1974 vem consolidando sua rede básica dentro de um sistema hierarquizado de atendimento com atenção primária como porta de entrada, privilegiando a estrutura epidemiológica da população como base para o planejamento das ações de saúde. Os autores se propõem discutir alguns indicadores de qualidade de serviço de atenção ambulatorial na área de adultos, visando ultrapassar a visão estreita de avaliação da produção de serviços até hoje em uso na rede pública. São analisados dados provenientes de 663 consultas médicas de adultos de primeiro atendimento referentes a diagnósticos, exames laboratoriais, esquemas terapêuticos e destino do paciente após a consulta. Valorizou-se na discussão as relações nº. de consultas realizadas/ nº. de exames subsidiários solicitados; nº. de medicamentos prescritos; nº. de consultas/nº. de consultas com prescrição; nº. de consultas/nº. de retornos pedidos, índices estes relativizados pela qualidade dos diagnósticos realizados. Ressaltam que, apesar de experimentais esses índices mostram-se relativamente adequados para a aferição preliminar da qualidade de um serviço ambulatorial a nível primário, superando a duvidosa eficácia de índices do tipo "resolutividade", e apontam para a necessidade de novos estudos nesse sentido, visando a implementação da rede pública dentro do sistema unificado de saúde.</p></abstract><trans-abstract lang_id="en"><p>The authors going through an analyses of the trends in current policy of integration of health services in the public field in Brazil, propose a qualitative assessment of these services as an imperative need at this point of implementation of that policy. They focused the Health Center of Paulinia in the state of São Paulo that since 1974 has been running an integrated system where the primary atention is the first door the patient hits searching for health care. Trying to work with qualitative parameters of medical attention they analysed 663 adult consultations, examining their diagnostic pattern, number and type of medicine prescribed, number of complementary laboratory examens and the further destination of the patient. Some indices as number of consultations done/number of complementary laboratoty examens; NC/ number of medicine prescribed NC/ NC with medicine prescriptions and NC/ number of asks for return in the service for a follow-up, were stablished. All these indices were related with the pattern of diagnostic done. Despite the simplicity of these experimental indices the authors believe they are good enough to detect services in a good path of quality from others whose goal is simply production of consultation as an answer to pressures of a social demand. They also believe further studies must be developed in this field trying to improve the health care in the Brazilian net of public services.</p></trans-abstract></article-meta></front><back><ref-list><ref id="B1"><element-citation publication-type="article"><article-title>Situaciones de cobertura, níveles de atención y atención primária</article-title><source>Bol. Of. Sanit. Panam.</source><date><year>1977</year></date><fpage>478</fpage><lpage>92</lpage><volume>82</volume><person-group><name><surname>CASTELLANOS</surname><given-names>J.</given-names></name></person-group></element-citation></ref><ref id="B2"><element-citation publication-type="article"><article-title>Evaluación del rendimento de programas de salud</article-title><source>Bol. Of. Sanit. Panam.</source><date><month>11</month><year>1969</year></date><fpage>389</fpage><lpage>398</lpage><person-group><name><surname>DENISTON</surname><given-names>O. L.</given-names></name></person-group></element-citation></ref><ref id="B3"><element-citation publication-type="book"><source>Saúde e Sociedade</source><date><year>1976</year></date><person-group><name><surname>DONNANGFLO</surname><given-names>M. C. F.</given-names></name><name><surname>PEREIRA</surname><given-names>L.</given-names></name><name><surname>DONNANGFLO</surname><given-names>M. C. F.</given-names></name><name><surname>PEREIRA</surname><given-names>L.</given-names></name></person-group></element-citation></ref><ref id="B4"><element-citation publication-type="article"><article-title>Evaluation of medical action and action in public health</article-title><source>Effec. Health. Cate</source><date><year>1983</year></date><volume>1</volume><person-group><name><surname>GRÉ MY</surname><given-names>F.</given-names></name></person-group></element-citation></ref><ref id="B5"><element-citation publication-type="book"><source>Servicios de salud y sectores populares: los años del proceso</source><date><year>1984</year></date><person-group><name><surname>LLOVET</surname><given-names>I. J.</given-names></name><name><surname>LLOVET</surname><given-names>I. J.</given-names></name></person-group></element-citation></ref><ref id="B6"><element-citation publication-type="book"><source>Reorientação da assistência à saúde no âmbito da Previdência Social</source><date><year>1983</year></date></element-citation></ref><ref id="B7"><element-citation publication-type="book"><source>Ações Integradas de Saúde</source><date><year>1985</year></date></element-citation></ref><ref id="B8"><element-citation publication-type="book"><source>Orientação para organização de Centros de Saúde: o planejamento local</source><date><year>1985</year></date><person-group><name><surname>MOULAIN</surname><given-names>M.</given-names></name><name><surname>MOULAIN</surname><given-names>M.</given-names></name></person-group></element-citation></ref><ref id="B9"><element-citation publication-type="book"><source>As ambigüidades da noção de necessidades de saúde</source><date><year>1982</year></date><person-group><name><surname>PAIM</surname><given-names>J.</given-names></name><name><surname>PAIM</surname><given-names>J.</given-names></name></person-group></element-citation></ref><ref id="B10"><element-citation publication-type="article"><article-title>Estúdio de la capacidade resolutiva de la demanda de morbidad a nivel primario. (Área urbana)</article-title><source>Cuad. Med. Soc.</source><date><year>1983</year></date><fpage>170</fpage><lpage>175</lpage><volume>24</volume><person-group><name><surname>SIAMENT</surname><given-names>S. J.</given-names></name></person-group></element-citation></ref></ref-list></back></article></articles>