<articles xmlns:xsi="http://www.w3.org/2001/XMLSchema-instance" xsi:schemaLocation="https://raw.githubusercontent.com/scieloorg/articles_meta/master/tests/xsd/scielo_sci/ThomsonReuters_publishing.xsd" dtd-version="1.10"><article lang_id="pt" article-type="research-article"><front><journal-meta><journal-id journal-id-type="publisher">csp</journal-id><journal-title-group><journal-title>Cadernos de Saúde Pública</journal-title><abbrev-journal-title>Cad. Saúde Pública</abbrev-journal-title></journal-title-group><issn>1678-4464</issn><collection>SciELO Brazil</collection><publisher><publisher-name>Escola Nacional de Saúde Pública Sergio Arouca, Fundação Oswaldo Cruz</publisher-name></publisher></journal-meta><article-meta><unique-article-id pub-id-type="publisher-id">S0102-311X1992000200011</unique-article-id><article-id pub-id-type="publisher-id">S0102-311X1992000200011</article-id><article-id pub-id-type="doi">10.1590/S0102-311X1992000200011</article-id><article-categories><subj-group><subject>Health Policy &amp; Services</subject></subj-group></article-categories><title-group><article-title lang_id="pt">Peso ao Nascer, classe social e mortalidade infantil em Ribeirão Preto, São Paulo</article-title><trans-title-group lang_id="en"><trans-title>Birthweight, social class and infant mortality in Ribeirão Preto, São Paulo</trans-title></trans-title-group></title-group><contrib-group><contrib contrib-type="author"><name><surname>Almeida</surname><given-names>Luis Eduardo A. de</given-names></name><role>ND</role><xref ref-type="aff" rid="A01"/></contrib><contrib contrib-type="author"><name><surname>Barbieri</surname><given-names>Marco Antônio</given-names></name><role>ND</role><xref ref-type="aff" rid="A01"/></contrib><contrib contrib-type="author"><name><surname>Gomes</surname><given-names>Uilho Antônio</given-names></name><role>ND</role><xref ref-type="aff" rid="A02"/></contrib><contrib contrib-type="author"><name><surname>Reis</surname><given-names>Patrícia Maria dos</given-names></name><role>ND</role><xref ref-type="aff" rid="A01"/></contrib><contrib contrib-type="author"><name><surname>Chiaratti</surname><given-names>Telma M.</given-names></name><role>ND</role><xref ref-type="aff" rid="A01"/></contrib><contrib contrib-type="author"><name><surname>Vasconcelos</surname><given-names>Valéria</given-names></name><role>ND</role><xref ref-type="aff" rid="A01"/></contrib><contrib contrib-type="author"><name><surname>Bettiol</surname><given-names>Heloisa</given-names></name><role>ND</role><xref ref-type="aff" rid="A01"/></contrib></contrib-group><aff id="A02"><institution>Universidade de São Paulo</institution><country>Brazil</country></aff><aff id="A01"><institution>Universidade de São Paulo</institution><country>Brazil</country></aff><pub-date><month>06</month><year>1992</year></pub-date><volume>8</volume><issue>2</issue><fpage>190</fpage><lpage>198</lpage><permissions><license license-type="open-access" href="http://creativecommons.org/licenses/by-nc/4.0/"><license-p>This work is licensed under a Creative Commons Attribution-NonCommercial 4.0 International License.</license-p></license></permissions><self-uri href="http://www.scielo.br/scielo.php?script=sci_arttext&amp;pid=S0102-311X1992000200011&amp;lng=en&amp;tlng=en" content-type="full_text_page"/><self-uri href="http://www.scielosp.org/scielo.php?script=sci_issuetoc&amp;pid=0102-311X19920002&amp;lng=en" content-type="issue_page"/><self-uri href="http://www.scielosp.org/scielo.php?script=sci_serial&amp;pid=0102-311X&amp;lng=en" content-type="journal_page"/><abstract lang_id="pt"><p>Foi realizado um estudo sobre mortalidade neonatal e pós-neonatal e mortalidade no lº ano de vida de uma coorte de crianças nascidas vivas, de partos hospitalares em Ribeirão Preto, São Paulo, Brasil, cujas mães foram entrevistadas por ocasião do nascimento. Relacionou-se mortalidade com classe social e peso ao nascer. A distribuição desigual da mortalidade mostrou que as classes sociais se comportam como populações distintas, e o peso ao nascer não foi a causa isolada dessa desigualdade. Às classes sociais mais baixas corresponderam maiores taxas de baixo peso ao nascer e coeficientes de mortalidade mais elevados. O estudo da mortalidade infantil, sem levar em conta a classe social, pode mostrar coeficientes que subestimam a magnitude do problema nas camadas mais pobres da população.</p></abstract><trans-abstract lang_id="en"><p>A study of infant mortality and its components was carried out in a cohort of live born children from hospitals of Ribeirão Preto, city of São Paulo, Brazil, whose mothers were interviewed shortly after deliverance. Mortality was associated to social classes and birthweight. The uneven distribution of mortality showed that social classes acted as distinct populations and that birthweight was not the only cause of this unballance. Lower social classes were associated with higher low birthweight rates and mortality coefficients. The study of infant mortality without taking into account the social differences may show coefficients that underestimate the magnitude of the problem among the poorest population segments.</p></trans-abstract><kwd-group lang_id="en" kwd-group-type="author-generated"><kwd>Birthweight</kwd><kwd>Social Class</kwd><kwd>Infant Mortality</kwd></kwd-group><kwd-group lang_id="pt" kwd-group-type="author-generated"><kwd>Peso ao Nascer</kwd><kwd>Classe Social</kwd><kwd>Mortalidade Infantil</kwd></kwd-group></article-meta></front><back><ref-list><ref id="B1"><element-citation publication-type="thesis"><source>Mortalidade Infantil em Ribeirão Preto: Estudo da Coorte Nascida entre Junho 78 e Maio 79. Análise de Algumas Variáveis Sociais e Biológicas</source><date><year>1988</year></date><person-group><name><surname>ALMEIDA</surname><given-names>L. E. A.</given-names></name><name><surname>ALMEIDA</surname><given-names>L. E. A.</given-names></name></person-group></element-citation></ref><ref id="B2"><element-citation publication-type="article"><article-title>Saúde perinatal em Ribeirão Preto, SP, Brasil: a questão do método</article-title><source>Cadernos de Saúde Pública</source><date><year>1989</year></date><fpage>376</fpage><lpage>387</lpage><volume>5</volume><person-group><name><surname>BARBIERI</surname><given-names>M. A.</given-names></name><name><surname>GOMES</surname><given-names>U. A.</given-names></name><name><surname>BARROS FILHO</surname><given-names>A. A.</given-names></name><name><surname>BETTIOL</surname><given-names>H.</given-names></name><name><surname>ALMEIDA</surname><given-names>L. E. A.</given-names></name><name><surname>SILVA</surname><given-names>A. A. M.</given-names></name></person-group></element-citation></ref><ref id="B3"><element-citation publication-type="book"><source>Tratado de Higiene</source><date><year>1948</year></date><volume>l</volume><person-group><name><surname>BARRETO</surname><given-names>J. B.</given-names></name><name><surname>BARRETO</surname><given-names>J. B.</given-names></name></person-group></element-citation></ref><ref id="B4"><element-citation publication-type="thesis"><source>Saúde e Classe Social: Um Estudo Sobre Mortalidade e Consumo de Medicamentos</source><date><year>1983</year></date><person-group><name><surname>BARROS</surname><given-names>M. A. B</given-names></name><name><surname>BARROS</surname><given-names>M. A. B</given-names></name></person-group></element-citation></ref><ref id="B5"><element-citation publication-type="thesis"><source>Influência de Algumas Variáveis no Peso de Recém-Nascidos no Hospital das Clínicas de Ribeirão Preto</source><date><year>1976</year></date><person-group><name><surname>BARROS FILHO</surname><given-names>A. A.</given-names></name><name><surname>BARROS FILHO</surname><given-names>A. A.</given-names></name></person-group></element-citation></ref><ref id="B6"><element-citation publication-type="article"><article-title>Determinantes económicas y sociales de la mortalidad en América Latina</article-title><source>Revista Cubana de Administración de Salud</source><date><year>1980</year></date><fpage>1</fpage><lpage>30</lpage><volume>6</volume><person-group><name><surname>BEHM</surname><given-names>H.</given-names></name></person-group></element-citation></ref><ref id="B7"><element-citation publication-type="article"><article-title>Distribution of low birth weight babies in developing countries</article-title><source>American Journal of Obstetrics and Gynecology</source><date><year>1978</year></date><fpage>704</fpage><lpage>706</lpage><volume>132</volume><person-group><name><surname>BELIZAN</surname><given-names>J. M.</given-names></name><name><surname>LECHTIG</surname><given-names>A.</given-names></name><name><surname>VILLAR</surname><given-names>J.</given-names></name></person-group></element-citation></ref><ref id="B8"><element-citation publication-type="thesis"><source>Saúde Perinatal em Ribeirão Preto. Estudo de Algumas Variáveis Sociais e Biológicas no Perfil Reprodutivo de Mães Adolescentes</source><date><year>1990</year></date><person-group><name><surname>BETTIOL</surname><given-names>H.</given-names></name><name><surname>BETTIOL</surname><given-names>H.</given-names></name></person-group></element-citation></ref><ref id="B9"><element-citation publication-type="article"><article-title>La desigualdad social ante la muerte: classes sociales y mortalidad en la niñez</article-title><source>Cuadernos Médico-Sociales</source><date><year>1984</year></date><fpage>53</fpage><lpage>75</lpage><volume>29</volume><person-group><name><surname>BRONFMAN</surname><given-names>M.</given-names></name><name><surname>TUIRAN</surname><given-names>R. A.</given-names></name></person-group></element-citation></ref><ref id="B10"><element-citation publication-type="article"><article-title>Infant mortality and weigth at birth. 1960: - United States Birth Cohort</article-title><source>American Journal of Public Health</source><date><year>1969</year></date><fpage>1618</fpage><lpage>1628</lpage><volume>59</volume><person-group><name><surname>CHASE</surname><given-names>H. C.</given-names></name></person-group></element-citation></ref><ref id="B11"><element-citation publication-type="article"><article-title>Infant mortality among moderately low birthweight infants in Alabama, 1980 to 1983</article-title><source>Pediatrics</source><date><year>1989</year></date><fpage>285</fpage><lpage>289</lpage><volume>84</volume><person-group><name><surname>HALE</surname><given-names>C. B.</given-names></name><name><surname>DRUSCHELL</surname><given-names>C. M.</given-names></name></person-group></element-citation></ref><ref id="B12"><element-citation publication-type="article"><article-title>Effect of food suplementation during pregnancy on birth-weight</article-title><source>Pediatrics</source><date><year>1975</year></date><fpage>508</fpage><lpage>520</lpage><volume>56</volume><person-group><name><surname>LECHTIG</surname><given-names>A.</given-names></name><name><surname>DELGADO</surname><given-names>H.</given-names></name><name><surname>MARTORELL</surname><given-names>R.</given-names></name><name><surname>BUND</surname><given-names>O.</given-names></name><name><surname>YARBROUGH</surname><given-names>C.</given-names></name></person-group></element-citation></ref><ref id="B13"><element-citation publication-type="thesis"><source>O Peso ao Nascer no Município de São Paulo: Impacto sobre os Níveis de Mortalidade na Infância</source><date><year>1979</year></date><person-group><name><surname>MONTEIRO</surname><given-names>C. A.</given-names></name><name><surname>MONTEIRO</surname><given-names>C. A.</given-names></name></person-group></element-citation></ref><ref id="B14"><element-citation publication-type="article"><article-title>Desairolo social y mortalidad infantil, 1977-1986, Cuba: Un análisis regional</article-title><source>Revista de Saúde Pública</source><date><year>1990</year></date><fpage>186</fpage><lpage>195</lpage><volume>24</volume><person-group><name><surname>PEREZ</surname><given-names>G. G.</given-names></name><name><surname>LEÓN</surname><given-names>L. H.</given-names></name></person-group></element-citation></ref><ref id="B15"><element-citation publication-type="book"><source>SAREC REPORT</source><date><year>1978</year></date><fpage>33</fpage><lpage>39</lpage><person-group><name><surname>PETTERSON</surname><given-names>R.</given-names></name><name><surname>RENGSTRON</surname><given-names>N.</given-names></name><name><surname>STERKY</surname><given-names>G.</given-names></name><name><surname>TAUBE</surname><given-names>A.</given-names></name><name><surname>Storky</surname><given-names>G.</given-names></name><name><surname>Mellander</surname><given-names>L.</given-names></name><name><surname>Storky</surname><given-names>G.</given-names></name><name><surname>Mellander</surname><given-names>L.</given-names></name></person-group></element-citation></ref><ref id="B16"><element-citation publication-type="book"><source>Características de la mortalidad en la niñez</source><date><year>1973</year></date><person-group><name><surname>PUFFER</surname><given-names>R. R.</given-names></name><name><surname>SERRANO</surname><given-names>C. V.</given-names></name><name><surname>PUFFER</surname><given-names>R. R.</given-names></name><name><surname>SERRANO</surname><given-names>C. V.</given-names></name></person-group></element-citation></ref><ref id="B17"><element-citation publication-type="book"><source>Educação Sanitaria</source><date><year>1947</year></date><person-group><name><surname>QUEIROZ</surname><given-names>J. S.</given-names></name><name><surname>QUEIROZ</surname><given-names>J. S.</given-names></name></person-group></element-citation></ref><ref id="B18"><element-citation publication-type="book"><source>Dominação e desigualdade: Estrutura de classe e repartição de renda no Brasil</source><date><year>1981</year></date><person-group><name><surname>SINGER</surname><given-names>P. I.</given-names></name><name><surname>SINGER</surname><given-names>P. I.</given-names></name></person-group></element-citation></ref><ref id="B19"><element-citation publication-type="article"><article-title>Programas de nutrición materna: Un análisis crítica</article-title><source>Archivos Latino-Americanos de Nutrición</source><date><year>1977</year></date><fpage>223</fpage><lpage>240</lpage><volume>27</volume><person-group><name><surname>SOLIMANO</surname><given-names>G.</given-names></name><name><surname>GALLER</surname><given-names>J. R.</given-names></name></person-group></element-citation></ref><ref id="B20"><element-citation publication-type="article"><article-title>Mortalidad Perinatal en Chile, 1956-1986</article-title><source>Boletin de la Oficina Sanitária Panamericana</source><date><year>1989</year></date><fpage>287</fpage><lpage>295</lpage><volume>106</volume><person-group><name><surname>ZAPATERO</surname><given-names>J. T.</given-names></name><name><surname>CHAVEZ</surname><given-names>R. T.</given-names></name><name><surname>TORRES</surname><given-names>G. O.</given-names></name></person-group></element-citation></ref><ref id="B21"><element-citation publication-type="article"><article-title>Recommended definiton, terminology and format for statistical tables related to the perinatal period and use of a new certificate for cause of perinatal deaths</article-title><source>Acta Obstetríca et Gynecologica Scandinavica</source><date><year>1977</year></date><fpage>247</fpage><lpage>253</lpage><volume>56</volume></element-citation></ref></ref-list></back></article></articles>