<articles xmlns:xsi="http://www.w3.org/2001/XMLSchema-instance" xsi:schemaLocation="https://raw.githubusercontent.com/scieloorg/articles_meta/master/tests/xsd/scielo_sci/ThomsonReuters_publishing.xsd" dtd-version="1.10"><article lang_id="es" article-type="research-article"><front><journal-meta><journal-id journal-id-type="publisher">csp</journal-id><journal-title-group><journal-title>Cadernos de Saúde Pública</journal-title><abbrev-journal-title>Cad. Saúde Pública</abbrev-journal-title></journal-title-group><issn>1678-4464</issn><collection>SciELO Brazil</collection><publisher><publisher-name>Escola Nacional de Saúde Pública Sergio Arouca, Fundação Oswaldo Cruz</publisher-name></publisher></journal-meta><article-meta><unique-article-id pub-id-type="publisher-id">S0102-311X1987000200003</unique-article-id><article-id pub-id-type="publisher-id">S0102-311X1987000200003</article-id><article-id pub-id-type="doi">10.1590/S0102-311X1987000200003</article-id><article-categories><subj-group><subject>Health Policy &amp; Services</subject></subj-group></article-categories><title-group><article-title lang_id="es">Algunos aspectos clínicos durante la epidemia de Dengue hemorrágico en Cuba</article-title><trans-title-group lang_id="pt"><trans-title>Aspectos clínicos observados na epidemia de Dengue hemorrágica em Cuba</trans-title></trans-title-group></title-group><contrib-group><contrib contrib-type="author"><name><surname>Dotres Martinez</surname><given-names>Carlos</given-names></name><role>ND</role><xref ref-type="aff" rid="A01"/></contrib><contrib contrib-type="author"><name><surname>Machado</surname><given-names>Gladys Fallat</given-names></name><role>ND</role><xref ref-type="aff" rid="A02"/></contrib><contrib contrib-type="author"><name><surname>Torres</surname><given-names>Eric Martinez</given-names></name><role>ND</role><xref ref-type="aff" rid="A03"/></contrib><contrib contrib-type="author"><name><surname>Sabatela</surname><given-names>Roberto Carpio</given-names></name><role>ND</role><xref ref-type="aff" rid="A03"/></contrib><contrib contrib-type="author"><name><surname>Hernandez</surname><given-names>Eulogio</given-names></name><role>ND</role><xref ref-type="aff" rid="A03"/></contrib><contrib contrib-type="author"><name><surname>Rojo Concepcion</surname><given-names>Manuel</given-names></name><role>ND</role><xref ref-type="aff" rid="A04"/></contrib></contrib-group><aff id="A01"><institution>Hospital Universitário Pediátrico del Cerro</institution><country>Cuba</country></aff><aff id="A02"><institution>Policlínico Angel Almejeiras</institution><country>Cuba</country></aff><aff id="A04"><institution>Hospital Pediátrico Pedro Borras</institution><country>Cuba</country></aff><aff id="A03"><institution>Hospital Pediátrico Willian Soler</institution><country>Cuba</country></aff><pub-date><month>06</month><year>1987</year></pub-date><volume>3</volume><issue>2</issue><fpage>148</fpage><lpage>157</lpage><permissions><license license-type="open-access" href="http://creativecommons.org/licenses/by-nc/4.0/"><license-p>This work is licensed under a Creative Commons Attribution-NonCommercial 4.0 International License.</license-p></license></permissions><self-uri href="http://www.scielo.br/scielo.php?script=sci_arttext&amp;pid=S0102-311X1987000200003&amp;lng=en&amp;tlng=en" content-type="full_text_page"/><self-uri href="http://www.scielo.br/scielo.php?script=sci_issuetoc&amp;pid=0102-311X19870002&amp;lng=en" content-type="issue_page"/><self-uri href="http://www.scielosp.org/scielo.php?script=sci_serial&amp;pid=0102-311X&amp;lng=en" content-type="journal_page"/><trans-abstract lang_id="pt"><p>Uma epidemia de Dengue hemorrágica ocorreu em Cuba no ano de 1981. Entre a população de cerca de 10 milhões de habitantes, registraram-se 344.203 casos, sendo 71,3% em adultos e o restante crianças, entre as quais a doença se apresentou com maior gravidade. Durante o pico da epidemia, foram notificados 11.271 casos em um único dia. Neste trabalho se expõem os aspectos organizativos do atendimento médico durante a epidemia e o estudo realizado em 2239 pacientes hospitalizados com diagnóstico confirmado de Dengue hemorrágica, em três hospitais da Cidade de Havana, no período junho - agosto de 1981. Apresentam-se as principais manifestações clínicas e humorais de uma amostra de 2239 pacientes menores de 15 anos de idade. Discute-se ainda alguns aspectos terapêuticos, inclusive a experiência do autor com o uso de interferon em 166 pacientes.</p></trans-abstract><trans-abstract lang_id="en"><p>An outbreak of hemorrhagic dengue fever occurred in Cuba in 1981. Among a population of about 10 million people, 344.203 persons were affected; 71,3% of these were adults and the remaining were children. Among the latter the disease was more severe. During the peak of the epidemic up to 11. 701 cases were reported in one single day. In this article the organizational aspects of health care delivery durint the epidemics as well as the studies performed in the 2239 patients admited to 3 hospitals of the city of La Habana from June to August 1981 are reported. The most important clinical and laboratory data from sample of 2239 patients under 15 years of age are presented. Some therapeutic aspects, including the experience of the author with the use of in tereferon in 166 patients, are also discussed.</p></trans-abstract></article-meta></front><back><ref-list><ref id="B1"><element-citation publication-type="conference"><date><year>1985</year></date><person-group><name><surname>DOTRES MARTINEZ</surname><given-names>C.</given-names></name></person-group></element-citation></ref><ref id="B2"><element-citation publication-type="conference"><source>Resumenes</source><date><day>16</day><month>12</month><year>1981</year></date><person-group><name><surname>DOTRES MARTINEZ</surname><given-names>C.</given-names></name></person-group></element-citation></ref><ref id="B3"><element-citation publication-type="article"><article-title>Circulación del dengue en Cuba 1978-1979</article-title><source>Rev. Cub. Med. Trop.</source><date><year>1981</year></date><fpage>72</fpage><lpage>8</lpage><issue>1</issue><volume>33</volume><person-group><name><surname>CANTELAR</surname><given-names>F.N.</given-names></name></person-group></element-citation></ref><ref id="B4"><element-citation publication-type="book"><source>Discurso por el 28º aniversário del Asalto al Cuartel Moncada, las Tunas, 26 de julio de 1981</source><date><year>1981</year></date><person-group><name><surname>CASTRO RUZ</surname><given-names>F.</given-names></name><name><surname>CASTRO RUZ</surname><given-names>F.</given-names></name></person-group></element-citation></ref><ref id="B5"><element-citation publication-type="book"><source>Estudio de la epidemia de dengue en el area del Policlinico Docente Pasteur</source><date><year>1979</year></date><person-group><name><surname>CRUZ PEDROSO</surname><given-names>P.</given-names></name><name><surname>CRUZ PEDROSO</surname><given-names>P.</given-names></name></person-group></element-citation></ref><ref id="B6"><element-citation publication-type="article"><article-title>Declaración sobre el dengue, la fiebre amarella y la erradicación del Aedes aegypti</article-title><source>Bol. OPS</source><date><year>1975</year></date><fpage>265</fpage><lpage>7</lpage><issue>3</issue><volume>78</volume><person-group><name><surname>GABIN</surname><given-names>A.</given-names></name></person-group></element-citation></ref><ref id="B7"><element-citation publication-type="article"><article-title>Dengue: antecedentes históricos, agentes etiológicos, quadro clínico</article-title><source>Rev. Cub. Med. Trop.</source><date><year>1980</year></date><fpage>123</fpage><lpage>30</lpage><issue>2</issue><volume>32</volume><person-group><name><surname>GUSMÁN TIRADO</surname><given-names>M.V.</given-names></name></person-group></element-citation></ref><ref id="B8"><element-citation publication-type="book"><source>Cuadro clínico del dengue en el Hospital Pediátrico Docente de Centro Habana, jun. - sep., 1981</source><date><year>1982</year></date><person-group><name><surname>HERNÁNDEZ</surname><given-names>E.</given-names></name><name><surname>HERNÁNDEZ</surname><given-names>E.</given-names></name></person-group></element-citation></ref><ref id="B9"><element-citation publication-type="book"><source>Estudio clínico de 202 casos de fiebre hemorrágica dengue</source><date><year>1982</year></date><person-group><name><surname>LA HOZ</surname><given-names>E.M.</given-names></name><name><surname>LA HOZ</surname><given-names>E.M.</given-names></name></person-group></element-citation></ref><ref id="B10"><element-citation publication-type="book"><source>Degue hemorrágico en el niño: estudio clínico patológico</source><date><year>1984</year></date><person-group><name><surname>MARTÍNEZ TORRES</surname><given-names>E.</given-names></name><name><surname>MARTÍNEZ TORRES</surname><given-names>E.</given-names></name></person-group></element-citation></ref><ref id="B11"><element-citation publication-type="article"><article-title>Dengue haemorrhagic fever</article-title><source>Pediatric Practice</source><fpage>155</fpage><lpage>161</lpage><person-group><name><surname>NIMANNITIA</surname><given-names>S.</given-names></name></person-group></element-citation></ref><ref id="B12"><element-citation publication-type="conference"><date><day>06</day><month>05</month><year>1982</year></date></element-citation></ref><ref id="B13"><element-citation publication-type="article"><article-title>Dengue hemorrágico: estudio clínico de 202 paciente s pediátricos</article-title><source>Rev. Cub. Pediat.</source><date><year>1982</year></date><fpage>519</fpage><lpage>38</lpage><issue>5</issue><volume>54</volume><person-group><name><surname>ROJO</surname><given-names>C.M.</given-names></name></person-group></element-citation></ref><ref id="B14"><element-citation publication-type="book"><source>Guide for diagnosis, treatment and control of dengue naemorrhagic fever</source><date><year>1980</year></date></element-citation></ref></ref-list></back></article></articles>