<articles xmlns:xsi="http://www.w3.org/2001/XMLSchema-instance" xsi:schemaLocation="https://raw.githubusercontent.com/scieloorg/articles_meta/master/tests/xsd/scielo_sci/ThomsonReuters_publishing.xsd" dtd-version="1.10"><article lang_id="pt" article-type="research-article"><front><journal-meta><journal-id journal-id-type="publisher">csp</journal-id><journal-title-group><journal-title>Cadernos de Saúde Pública</journal-title><abbrev-journal-title>Cad. Saúde Pública</abbrev-journal-title></journal-title-group><issn>1678-4464</issn><collection>SciELO Public Health</collection><publisher><publisher-name>Escola Nacional de Saúde Pública Sergio Arouca, Fundação Oswaldo Cruz</publisher-name></publisher></journal-meta><article-meta><unique-article-id pub-id-type="publisher-id">S0102-311X1990000200008</unique-article-id><article-id pub-id-type="publisher-id">S0102-311X1990000200008</article-id><article-id pub-id-type="doi">10.1590/S0102-311X1990000200008</article-id><article-categories><subj-group><subject>Health Policy &amp; Services</subject></subj-group></article-categories><title-group><article-title lang_id="pt">Infecção hospitalar: comparação entre dois métodos de vigilância epidemiológica</article-title></title-group><contrib-group><contrib contrib-type="author"><name><surname>Chor</surname><given-names>Dora</given-names></name><role>ND</role><xref ref-type="aff" rid="A01"/></contrib><contrib contrib-type="author"><name><surname>Klein</surname><given-names>Carlos Henrique</given-names></name><role>ND</role><xref ref-type="aff" rid="A01"/></contrib><contrib contrib-type="author"><name><surname>Marzochi</surname><given-names>Keyla Belizia Feldman</given-names></name><role>ND</role><xref ref-type="aff" rid="A02"/></contrib></contrib-group><aff id="A02"><institution>Fiocruz</institution><country>Brazil</country></aff><aff id="A01"><institution>Fiocruz</institution><country>Brazil</country></aff><pub-date><month>06</month><year>1990</year></pub-date><volume>6</volume><issue>2</issue><fpage>201</fpage><lpage>217</lpage><permissions><license license-type="open-access" href="http://creativecommons.org/licenses/by/4.0/"><license-p>This work is licensed under a Creative Commons Attribution 4.0 International License.</license-p></license></permissions><self-uri href="http://www.scielosp.org/scielo.php?script=sci_arttext&amp;pid=S0102-311X1990000200008&amp;lng=en&amp;tlng=en" content-type="full_text_page"/><self-uri href="http://www.scielo.br/scielo.php?script=sci_issuetoc&amp;pid=0102-311X19900002&amp;lng=en" content-type="issue_page"/><self-uri href="http://www.scielosp.org/scielo.php?script=sci_serial&amp;pid=0102-311X&amp;lng=en" content-type="journal_page"/><abstract lang_id="pt"><p>Uma pequena parcela das infecções hospitalares, cerca de 30%, já é passível de prevenção através de tecnologia simples e de baixo custo. A vigilância epidemiológica deve servir, portanto, para sugerir e avaliar medidas de controle, além de descrever a freqüência e distribuição das infecções. Tendo em vista estes objetivos, questiona-se o método preconizado pelo Ministério da Saúde nos últimos anos e a notificação de infecção preenchida pelos médicos responsáveis pelo atendimento. O estudo foi realizado no Hospital de Clínicas da Universidade Federal do Paraná, entre março e junho de 1987, onde a notificação foi comparada à busca ativa de casos, utilizada em outros países há 20 anos, e considerada a estratégia de eleição para a vigilância epidemiológica das infecções hospitalares. Eficácia e eficiência foram avaliadas em termos do número de casos identificados e do custo de cada um dos métodos. Os resultados foram favoráveis à busca ativa de casos, que pode ser adaptada aos diferentes tipos de hospitais nacionais.</p></abstract><trans-abstract lang_id="en"><p>About 30% of hospital-acquired infections can already be prevented using simple and low cost technology. Therefore, surveillance should be used to suggest and evaluate control measures, as well as to describe infection frequency and distribution. Keeping in mind these objectives, we put into question the method proposed by the Ministry of Health in recent years, infection notification by physicians responsible for care provision. The study was carried out at the Paraná Federal University Hospital, from March to June 1987, where notification was compared to active case-finding, used in other countries for 20 years and considered the optimal strategy for hospital-acquired infection surveillance. Both efficacy and efficiency were evaluated in terms of number of identified cases and method cost. Results were favorable to active case-finding, which can be adjusted to different types of national hospitals.</p></trans-abstract></article-meta></front><back><ref-list><ref id="B1"><element-citation publication-type="article"><article-title>Disadvantages of Infection Surveillance by Medical Record Chart Review</article-title><source>Am. J. Infect. Com.</source><date><year>1981</year></date><fpage>15</fpage><lpage>7</lpage><issue>1</issue><volume>9</volume><person-group><name><surname>BIRNBAUM</surname><given-names>D.</given-names></name><name><surname>KING</surname><given-names>L. A.</given-names></name></person-group></element-citation></ref></ref-list></back></article></articles>