<articles xmlns:xsi="http://www.w3.org/2001/XMLSchema-instance" xsi:schemaLocation="https://raw.githubusercontent.com/scieloorg/articles_meta/master/tests/xsd/scielo_sci/ThomsonReuters_publishing.xsd" dtd-version="1.10"><article lang_id="pt" article-type="research-article"><front><journal-meta><journal-id journal-id-type="publisher">csp</journal-id><journal-title-group><journal-title>Cadernos de Saúde Pública</journal-title><abbrev-journal-title>Cad. Saúde Pública</abbrev-journal-title></journal-title-group><issn>1678-4464</issn><collection>SciELO Brazil</collection><publisher><publisher-name>Escola Nacional de Saúde Pública Sergio Arouca, Fundação Oswaldo Cruz</publisher-name></publisher></journal-meta><article-meta><unique-article-id pub-id-type="publisher-id">S0102-311X1990000200006</unique-article-id><article-id pub-id-type="publisher-id">S0102-311X1990000200006</article-id><article-id pub-id-type="doi">10.1590/S0102-311X1990000200006</article-id><article-categories><subj-group><subject>Health Policy &amp; Services</subject></subj-group></article-categories><title-group><article-title lang_id="pt">Fatores envolvidos na reatividade do PPD em pacientes com doença de Hansen</article-title></title-group><contrib-group><contrib contrib-type="author"><name><surname>Düppre</surname><given-names>Nádia Cristina</given-names></name><role>ND</role><xref ref-type="aff" rid="A01"/></contrib><contrib contrib-type="author"><name><surname>Alvim</surname><given-names>Maria Fernanda Sardella</given-names></name><role>ND</role><xref ref-type="aff" rid="A01"/></contrib><contrib contrib-type="author"><name><surname>Gallo</surname><given-names>Maria Eugenia Noviski</given-names></name><role>ND</role><xref ref-type="aff" rid="A01"/></contrib><contrib contrib-type="author"><name><surname>Nery</surname><given-names>José Augusto da Costa</given-names></name><role>ND</role><xref ref-type="aff" rid="A01"/></contrib><contrib contrib-type="author"><name><surname>Sarno</surname><given-names>Euzenir Nunes</given-names></name><role>ND</role><xref ref-type="aff" rid="A01"/></contrib></contrib-group><aff id="A01"><institution>Fundação Oswaldo Cruz</institution><country>Brazil</country></aff><pub-date><month>06</month><year>1990</year></pub-date><volume>6</volume><issue>2</issue><fpage>175</fpage><lpage>185</lpage><permissions><license license-type="open-access" href="http://creativecommons.org/licenses/by-nc/4.0/"><license-p>This work is licensed under a Creative Commons Attribution-NonCommercial 4.0 International License.</license-p></license></permissions><self-uri href="http://www.scielo.br/scielo.php?script=sci_arttext&amp;pid=S0102-311X1990000200006&amp;lng=en&amp;tlng=en" content-type="full_text_page"/><self-uri href="http://www.scielo.br/scielo.php?script=sci_issuetoc&amp;pid=0102-311X19900002&amp;lng=en" content-type="issue_page"/><self-uri href="http://www.scielosp.org/scielo.php?script=sci_serial&amp;pid=0102-311X&amp;lng=en" content-type="journal_page"/><abstract lang_id="pt"><p>Foram testados intradermicamente com PPD (RT23 e FAP5U) 236 pacientes hansenianos (138 multibacilares e 98 paucibacilares) e 291 contatos sadios. Observa-se um percentual menor de reatores ao PPD em pacientes multibacilares (42%), quando comparados a paucibacilares (62,2%) e contatos sadios (63,2%). Entre os pacientes multibacilares, o índice bacteriológico (IB) mostrou ser fator de interferência na resposta ao PPD, sendo significativamente maior o percentual de respondedores em pacientes com IB negativo, quando comparados aos com IB igual ou acima de 3. Foi observado um elevado índice de positividade à tuberculina em contatos sadios (61,0%) e pacientes paucibacilares (65,3%) com teste de Mitsuda positivo.</p></abstract><trans-abstract lang_id="en"><p>PPD (Purified Protein Derivative) was injected intradermally in 236 leprosy patients (138 of multibacillary form and 98 paucibacillary), 297 healthy household leprosy contacts. The less reactive population to PPD was composed of multibacillary patients with a positivity rate of 42%, 62,2% for paucibacillary and 63,2% for contacts. Among the multibacillary patients the BI (Bacteriological index) seems to interfere with PPD reactivity. It was found a significative association between negative response to PPD and BI greater than 3+ (p&lt;5). It was observed high positivity rate to PPD in healthy household contacts (61,0%) and paucibacillary leprosy patients (65,3%) with positive Mitsuda Skin test.</p></trans-abstract></article-meta></front><back><ref-list><ref id="B1"><element-citation publication-type="article"><article-title>Prova Tuberculínica em Saúde Pública: 2ª Recomendação</article-title><source>Rev. Ser. Nac. Tuberculose</source><date><year>1968</year></date><fpage>219</fpage><lpage>230</lpage><volume>XII</volume></element-citation></ref><ref id="B2"><element-citation publication-type="article"><article-title>The influence of antimycobacterial chemotherapy on delayed hypersensitivity skin-test reactions in leprosy patients</article-title><source>Lepr. Rev.</source><date><year>1988</year></date><fpage>145</fpage><lpage>151</lpage><volume>59</volume><person-group><name><surname>CREE</surname><given-names>I. A.</given-names></name><name><surname>SMITH</surname><given-names>W. C. S.</given-names></name><name><surname>REES</surname><given-names>R. J. W.</given-names></name><name><surname>SWANSON BECK</surname><given-names>J.</given-names></name></person-group></element-citation></ref><ref id="B3"><element-citation publication-type="article"><article-title>Estudio comparativo de la reacción de Mitsuda con las reacciones tuberculínicas</article-title><source>Rev. Argent. Dermatosif.</source><date><year>1939</year></date><fpage>425</fpage><lpage>451</lpage><volume>23</volume><person-group><name><surname>FERNANDEZ</surname><given-names>J. M. M.</given-names></name></person-group></element-citation></ref><ref id="B4"><element-citation publication-type="article"><article-title>A note on the tuberculin reaction in leprosy</article-title><source>Int. J. Lepr.</source><date><year>1962</year></date><fpage>278 </fpage><lpage> 283</lpage><volume>30</volume><person-group><name><surname>QUINTO</surname><given-names>R. S.</given-names></name><name><surname>MABALAY</surname><given-names>M. C.</given-names></name></person-group></element-citation></ref><ref id="B5"><element-citation publication-type="article"><article-title>The relationship and significance of the mantoux and lepromin reactions in leprosy</article-title><source>Int. J. Lepr.</source><date><year>1955</year></date><fpage>139</fpage><lpage>147</lpage><volume>23</volume><person-group><name><surname>HALE</surname><given-names>J. H.</given-names></name><name><surname>MOLESWORTH</surname><given-names>B. D.</given-names></name><name><surname>GROVE-WHITE</surname><given-names>R. J.</given-names></name><name><surname>SAMBAMURTHI</surname><given-names>C. M.</given-names></name><name><surname>RUSSEL</surname><given-names>D. A.</given-names></name></person-group></element-citation></ref><ref id="B6"><element-citation publication-type="article"><article-title>Lepromin and Kveim antigen reactivity in man, and their relation to tuberculin reactivity</article-title><source>Br. Mrd. Bull</source><date><year>1967</year></date><fpage>80</fpage><lpage>55</lpage><volume>23</volume><person-group><name><surname>HART</surname><given-names>P. D'ARCY</given-names></name><name><surname>REES</surname><given-names>R. J. W.</given-names></name></person-group></element-citation></ref><ref id="B7"><element-citation publication-type="article"><source>Int. J. Leprosy</source><date><year>1953</year></date><fpage>527</fpage><lpage>535</lpage><volume>21</volume></element-citation></ref><ref id="B8"><element-citation publication-type="article"><article-title>The nature and kinetics of a delayed immune response to a purified protein derivative of tuberculin in the skin of lepromatous leprosy patients</article-title><source>J. Exp. Med.</source><date><year>1988</year></date><fpage>1811</fpage><lpage>24</lpage><volume>168</volume><person-group><name><surname>KAPLAN</surname><given-names>G.</given-names></name><name><surname>LAAL</surname><given-names>S.</given-names></name><name><surname>SHEFTEL</surname><given-names>G.</given-names></name><name><surname>NUSRAT</surname><given-names>A.</given-names></name><name><surname>NATH</surname><given-names>J.</given-names></name><name><surname>COHN</surname><given-names>Z.A.</given-names></name></person-group></element-citation></ref><ref id="B9"><element-citation publication-type="article"><article-title>Cadastro torácico e tuberculínico na polícia militar do Estado da Guanabara</article-title><source>R. Serv. Nac. Tuberc.</source><date><year>1969</year></date><fpage>265</fpage><lpage>272</lpage><volume>13</volume><person-group><name><surname>NASCIMENTO</surname><given-names>E. A.</given-names></name><name><surname>DIAGO</surname><given-names>D. O.</given-names></name><name><surname>MOURÃO</surname><given-names>L. W.</given-names></name><name><surname>LIMA</surname><given-names>M. M.</given-names></name></person-group></element-citation></ref><ref id="B10"><element-citation publication-type="article"><article-title>The diferencial tuberculin test in leprosy</article-title><source>Lepr. Rev.</source><date><year>1973</year></date><fpage>13</fpage><lpage>21</lpage><volume>44</volume><person-group><name><surname>PINTO</surname><given-names>M. R. M.</given-names></name><name><surname>ARSECULERATNE</surname><given-names>S. N.</given-names></name><name><surname>WELIANGA</surname><given-names>L. V.</given-names></name></person-group></element-citation></ref><ref id="B11"><element-citation publication-type="article"><article-title>The specificity of the immunodeficiency in lepromatous leprosy</article-title><source>Lepr. Rev.</source><date><year>1986</year></date><fpage>203</fpage><lpage>205</lpage><volume>57</volume><person-group><name><surname>REITAN</surname><given-names>L. J.</given-names></name></person-group></element-citation></ref><ref id="B12"><element-citation publication-type="article"><article-title>Classification of leprosy according to immunity: a five group system</article-title><source>Int. J. Lepr.</source><date><year>1966</year></date><fpage>255</fpage><lpage>273</lpage><volume>34</volume><person-group><name><surname>RIDLEY</surname><given-names>D. S.</given-names></name><name><surname>JOPLING</surname><given-names>W. H.</given-names></name></person-group></element-citation></ref><ref id="B13"><element-citation publication-type="article"><article-title>Evidence that the Mitsuda reaction to Mycobacterium leprae can be mediated by lymphocytes responsive to Mycobacterium tubercolusis</article-title><source>clin. Exp. Immunol.</source><date><year>1988</year></date><fpage>390</fpage><lpage>393</lpage><volume>72</volume><person-group><name><surname>ROBERTS</surname><given-names>P. P.</given-names></name><name><surname>DOCKRELL</surname><given-names>H. M.</given-names></name><name><surname>MC ADAM</surname><given-names>K. P. W. J.</given-names></name></person-group></element-citation></ref><ref id="B14"><element-citation publication-type="article"><article-title>The Immunology of Leprosy: Speculations on the Leprosy Spectrum</article-title><source>Rev. Infect. Dis.</source><date><year>1981</year></date><fpage>422</fpage><lpage>469</lpage><volume>1</volume><person-group><name><surname>SANSONETTI</surname><given-names>P.</given-names></name><name><surname>LAGRANGE</surname><given-names>P. H.</given-names></name></person-group></element-citation></ref><ref id="B15"><element-citation publication-type="article"><article-title>Failure to induce delayed: type hipersensitivity to Mycobacterium leprae in long term treated lepromatous leprosy patients</article-title><source>Clin. Exp. Immunol.</source><date><year>1981</year></date><fpage>44</fpage><lpage>507</lpage><person-group><name><surname>SMELT</surname><given-names>H. M.</given-names></name><name><surname>REES</surname><given-names>R. J. M.</given-names></name><name><surname>LIEW</surname><given-names>F. Y.</given-names></name></person-group></element-citation></ref><ref id="B16"><element-citation publication-type="article"><article-title>Skin testing with mucobacterial reagents in leprosy</article-title><source>Tubercle</source><date><year>1984</year></date><fpage>63</fpage><lpage>74</lpage><volume>65</volume><person-group><name><surname>STANFORD</surname><given-names>J. L.</given-names></name></person-group></element-citation></ref><ref id="B17"><element-citation publication-type="article"><article-title>BCG vaccination of children against leprosy in Uganda, final results</article-title><source>J. Hygiene</source><date><year>1981</year></date><fpage>87</fpage><lpage>233</lpage><person-group><name><surname>STANLEY</surname><given-names>S. J.</given-names></name><name><surname>ROWLAND</surname><given-names>C.</given-names></name><name><surname>STONE</surname><given-names>M. M.</given-names></name><name><surname>SUTHERLAND</surname><given-names>I.</given-names></name></person-group></element-citation></ref><ref id="B18"><element-citation publication-type="article"><article-title>The influence of immunossupression and immunodeficiency on infection with leprosy and tuberculosis</article-title><source>Int. J. Lepr.</source><date><year>1985</year></date><fpage>86</fpage><lpage>100</lpage><volume>53</volume><person-group><name><surname>STRICKLAND</surname><given-names>N. H.</given-names></name></person-group></element-citation></ref><ref id="B19"><element-citation publication-type="article"><article-title>Evaluation of cell mediated immune responses in untreated cases of leprosy</article-title><source>Clin. Exp. Immonul</source><date><year>1972</year></date><fpage>195</fpage><lpage>203</lpage><volume>12</volume><person-group><name><surname>TALWAR</surname><given-names>G. P.</given-names></name><name><surname>KRISHNAN</surname><given-names>A. D.</given-names></name><name><surname>MEHRA</surname><given-names>V. L.</given-names></name><name><surname>BLUM</surname><given-names>E. A.</given-names></name><name><surname>PEARSON</surname><given-names>J. M. H.</given-names></name></person-group></element-citation></ref><ref id="B20"><element-citation publication-type="article"><article-title>Giant reactions to tuberculin in lepromatous leprosy patient</article-title><source>Int. J. Lepr.</source><date><year>1985</year></date><fpage>546</fpage><lpage>553</lpage><volume>53</volume><person-group><name><surname>WATERS</surname><given-names>M. F. R.</given-names></name><name><surname>STANFORD</surname><given-names>J. L.</given-names></name></person-group></element-citation></ref></ref-list></back></article></articles>