<articles xmlns:xsi="http://www.w3.org/2001/XMLSchema-instance" xsi:schemaLocation="https://raw.githubusercontent.com/scieloorg/articles_meta/master/tests/xsd/scielo_sci/ThomsonReuters_publishing.xsd" dtd-version="1.10"><article lang_id="pt" article-type="research-article"><front><journal-meta><journal-id journal-id-type="publisher">csp</journal-id><journal-title-group><journal-title>Cadernos de Saúde Pública</journal-title><abbrev-journal-title>Cad. Saúde Pública</abbrev-journal-title></journal-title-group><issn>1678-4464</issn><collection>SciELO Brazil</collection><publisher><publisher-name>Escola Nacional de Saúde Pública Sergio Arouca, Fundação Oswaldo Cruz</publisher-name></publisher></journal-meta><article-meta><unique-article-id pub-id-type="publisher-id">S0102-311X1992000200009</unique-article-id><article-id pub-id-type="publisher-id">S0102-311X1992000200009</article-id><article-id pub-id-type="doi">10.1590/S0102-311X1992000200009</article-id><article-categories><subj-group><subject>Health Policy &amp; Services</subject></subj-group></article-categories><title-group><article-title lang_id="pt">Conhecimentos e atitudes relativas a SIDA/AIDS em uma população de favela do Rio de Janeiro</article-title><trans-title-group lang_id="en"><trans-title>Knowledges and attitudes related to AIDS in a slum population of Rio de Janeiro</trans-title></trans-title-group></title-group><contrib-group><contrib contrib-type="author"><name><surname>Fernandes</surname><given-names>João Claudio L.</given-names></name><role>ND</role><xref ref-type="aff" rid="A01"/></contrib><contrib contrib-type="author"><name><surname>Coutinho</surname><given-names>Evandro da S. F.</given-names></name><role>ND</role><xref ref-type="aff" rid="A02"/></contrib><contrib contrib-type="author"><name><surname>Matida</surname><given-names>Alvaro</given-names></name><role>ND</role><xref ref-type="aff" rid="A03"/></contrib></contrib-group><aff id="A01"><institution>Associação dos Moradores e Amigos do Bairro Barcellos</institution><country>Brasil</country></aff><aff id="A02"><institution>Escola Nacional de Saúde Pública</institution><country>Brasil</country></aff><aff id="A03"><institution>Secretaria de Estado de Saúde do Estado do Rio de Janeiro</institution><country>Brazil</country></aff><pub-date><month>06</month><year>1992</year></pub-date><volume>8</volume><issue>2</issue><fpage>176</fpage><lpage>182</lpage><permissions><license license-type="open-access" href="http://creativecommons.org/licenses/by-nc/4.0/"><license-p>This work is licensed under a Creative Commons Attribution-NonCommercial 4.0 International License.</license-p></license></permissions><self-uri href="http://www.scielo.br/scielo.php?script=sci_arttext&amp;pid=S0102-311X1992000200009&amp;lng=en&amp;tlng=en" content-type="full_text_page"/><self-uri href="http://www.scielosp.org/scielo.php?script=sci_issuetoc&amp;pid=0102-311X19920002&amp;lng=en" content-type="issue_page"/><self-uri href="http://www.scielosp.org/scielo.php?script=sci_serial&amp;pid=0102-311X&amp;lng=en" content-type="journal_page"/><abstract lang_id="pt"><p>Com o objetivo de avaliar o grau de conhecimento e atitudes relativos à SIDA/AIDS, realizou-se um inquérito numa amostra de moradores da Favela da Rocinha, Rio de Janeiro, com idades entre 13 e 45 anos. Optou-se pela metodologia denominada Rapid Survey Methodology, sobretudo pelo seu baixo custo e por permitir um conhecimento quase que imediato das questões de maior interesse. Embora a maior parte dos indivíduos da amostra tenha demonstrado um grau elevado de conhecimento no que se refere às formas de transmissão sexual do VIH, mais da metade destes referiu a picada de mosquito, a doação de sangue e o beijo na boca como meio de adquirir a SIDA/AIDS. Com relação ao uso de preservativos, apenas 57,6% dos entrevistados acreditaram tratar-se de um método seguro de prevenção, e somente 21,9% referiram utilizá-lo, ainda que de modo irregular.</p></abstract><trans-abstract lang_id="en"><p>Aiming to evaluate the level of knowledge and attitudes related to AIDS, a survey was conducted in a sample of 13-45 year-old dwellers from Rocinha slum, Rio de Janeiro. The "Rapid Survey Methodology" was adopted mainly because of its low cost and the possibility to get fast answering to the most relevant questions. Although most of the sample showed a good knowledge about the sexual transmission of HIV, over 50% referred to mosquito bite, blood donation and mouth kissing as ways of getting AIDS. In terms of condom use, only 57,6% of the respondents believe that this is a safe method for prevention, and 21,9% referred the eventual use of preservatives.</p></trans-abstract><kwd-group lang_id="pt" kwd-group-type="author-generated"><kwd>AIDS</kwd><kwd>Transmissão VIH</kwd><kwd>Conhecimento</kwd><kwd>Comportamentos</kwd><kwd>Prevenção</kwd></kwd-group><kwd-group lang_id="en" kwd-group-type="author-generated"><kwd>AIDS</kwd><kwd>HIV Transmission</kwd><kwd>Knowledge</kwd><kwd>Behaviours</kwd><kwd>Prevention</kwd></kwd-group></article-meta></front><back><ref-list><ref id="B1"><element-citation publication-type="article"><article-title>Computer-Assisted Rapid Surveys in Developing Countries</article-title><source>Public Health Reports</source><date><year>1989</year></date><fpage>14</fpage><lpage>23</lpage><volume>104</volume><person-group><name><surname>FRERICHS</surname><given-names>R.</given-names></name><name><surname>TAR TAR</surname><given-names>K.</given-names></name></person-group></element-citation></ref><ref id="B2"><element-citation publication-type="article"><article-title>Cluster sampling to assess immunization coverage: a review of experience with a simplified sampling method</article-title><source>Bulletin of the World Health Organization</source><date><year>1982</year></date><fpage>253</fpage><lpage>260</lpage><volume>60</volume><person-group><name><surname>HENDERSON</surname><given-names>R. H.</given-names></name><name><surname>SUNDARESAN</surname><given-names>T.</given-names></name></person-group></element-citation></ref><ref id="B3"><element-citation publication-type="book"><source>Comunicação pessoal</source><date><year>1991</year></date><person-group><name><surname>MAY</surname><given-names>S. B.</given-names></name><name><surname>MAY</surname><given-names>S. B.</given-names></name></person-group></element-citation></ref><ref id="B4"><element-citation publication-type="book"><source>Pesquisa Você e a AIDS</source><date><year>1989</year></date><person-group><name><surname>MUNHOZ</surname><given-names>R.</given-names></name><name><surname>GRANJEIRO</surname><given-names>A.</given-names></name><name><surname>SILVA</surname><given-names>J. L.</given-names></name><name><surname>MUNHOZ</surname><given-names>R.</given-names></name><name><surname>GRANJEIRO</surname><given-names>A.</given-names></name><name><surname>SILVA</surname><given-names>J. L.</given-names></name></person-group></element-citation></ref><ref id="B5"><element-citation publication-type="book"><source>AIDS: A Terceira Epidemia</source><date><year>1990</year></date><person-group><name><surname>PARKER</surname><given-names>R.</given-names></name><name><surname>Daniel</surname><given-names>H.</given-names></name><name><surname>Parker</surname><given-names>R.</given-names></name><name><surname>Daniel</surname><given-names>H.</given-names></name><name><surname>Parker</surname><given-names>R.</given-names></name></person-group></element-citation></ref><ref id="B6"><element-citation publication-type="book"><source>AIDS Prevention Through Education: a world view</source><person-group><name><surname>PARKER</surname><given-names>R.</given-names></name><name><surname>Mann</surname><given-names>J.</given-names></name><name><surname>Fineberg</surname><given-names>H.</given-names></name><name><surname>Sepulveda</surname><given-names>J.</given-names></name><name><surname>Mann</surname><given-names>J.</given-names></name><name><surname>Fineberg</surname><given-names>H.</given-names></name><name><surname>Sepulveda</surname><given-names>J.</given-names></name></person-group></element-citation></ref><ref id="B7"><element-citation publication-type="book"><source>Boletim Epidemiológico sobre AIDS</source><date><year>1990</year></date></element-citation></ref></ref-list></back></article></articles>