<articles xmlns:xsi="http://www.w3.org/2001/XMLSchema-instance" xsi:schemaLocation="https://raw.githubusercontent.com/scieloorg/articles_meta/master/tests/xsd/scielo_sci/ThomsonReuters_publishing.xsd" dtd-version="1.10"><article lang_id="pt" article-type="research-article"><front><journal-meta><journal-id journal-id-type="publisher">csp</journal-id><journal-title-group><journal-title>Cadernos de Saúde Pública</journal-title><abbrev-journal-title>Cad. Saúde Pública</abbrev-journal-title></journal-title-group><issn>1678-4464</issn><collection>SciELO Public Health</collection><publisher><publisher-name>Escola Nacional de Saúde Pública Sergio Arouca, Fundação Oswaldo Cruz</publisher-name></publisher></journal-meta><article-meta><unique-article-id pub-id-type="publisher-id">S0102-311X1986000300006</unique-article-id><article-id pub-id-type="publisher-id">S0102-311X1986000300006</article-id><article-id pub-id-type="doi">10.1590/S0102-311X1986000300006</article-id><article-categories><subj-group><subject>Health Policy &amp; Services</subject></subj-group></article-categories><title-group><article-title lang_id="pt">Espaço social urbano e doença mental: um estudo de área ecológica</article-title></title-group><contrib-group><contrib contrib-type="author"><name><surname>Almeida Filho</surname><given-names>Naomar de</given-names></name><role>ND</role><xref ref-type="aff" rid="A01"/></contrib><contrib contrib-type="author"><name><surname>Santana</surname><given-names>Vilma Souza</given-names></name><role>ND</role><xref ref-type="aff" rid="A02"/></contrib></contrib-group><aff id="A01"><institution>UFBA</institution><country>Brazil</country></aff><aff id="A02"><institution>UFBA</institution><country>Brazil</country></aff><pub-date><month>09</month><year>1986</year></pub-date><volume>2</volume><issue>3</issue><fpage>334</fpage><lpage>348</lpage><permissions><license license-type="open-access" href="http://creativecommons.org/licenses/by/4.0/"><license-p>This work is licensed under a Creative Commons Attribution 4.0 International License.</license-p></license></permissions><self-uri href="http://www.scielosp.org/scielo.php?script=sci_arttext&amp;pid=S0102-311X1986000300006&amp;lng=en&amp;tlng=en" content-type="full_text_page"/><self-uri href="http://www.scielosp.org/scielo.php?script=sci_issuetoc&amp;pid=0102-311X19860003&amp;lng=en" content-type="issue_page"/><self-uri href="http://www.scielosp.org/scielo.php?script=sci_serial&amp;pid=0102-311X&amp;lng=en" content-type="journal_page"/><abstract lang_id="pt"><p>A hipótese de uma correlação positiva entre densidade demográfica e níveis de psicopatologia foi testada, a partir de um estudo de área ecológica realizado em um setor de baixa renda da Região Metropolitana de Salvador-BA. Taxas de prevalência de doença mental em adultos e em crianças, além de níveis de sintomatologia psiquiátrica, coletadas por área, através de um inquérito transversal, com uma amostra representativa de 1 549 adultos e 848 crianças, foram tomadas como indicadores da variável dependente. Densidade externa e densidade interna, tempo de residência urbana e renda média per capita, medidas por meio de coleta direta na mesma amostra, foram utilizadas como variáveis independentes. A análise de regressão múltipla revelou que apenas renda exercia um efeito significante, porém no sentido oposto ao previsto, sobre as equações de todas as variáveis dependentes. O incremento no R², que variou de 15 a 71%, deveu-se principalmente a variáveis não incluídas nas hipóteses, como média de idade, número de residentes por família e proporção de migrantes. As hipóteses deste estudo, em resumo, são refutadas pelos seus resultados, devendo-se interpretar tais achados basicamente em termos das suas objeções metodológicas.</p></abstract><trans-abstract lang_id="en"><p>The hypothesis of a psitive correlation between population density and levels of psycopathology was tested with an ecological study carried on in a low-income sector of the metropolitan region of Salvador - Bahia, Northeast Brazil. Prevalence rates of mental illness in children and adults, as well as scores of psychiatric simptomatology (collected by means of a cross-sectional survey with a representative sample of 1 549 adults and 848 children) were taken as indicators of the dependent variable. External and internal density, time of urban residence and average per capita income, measured directly from the same survey, were employed as independent variables. Multiple regression analysis showed that only income had a significant effect, but in the opposite direction, over the equations of all dependent variables. The increase in the R², which varied from 15 to 71%, was due mainly to variables not included in the hypothesis, such as average age, number of residents per dwellers and percent of migrants. The hypothesis of this study, in sum, are not confirmed by data, and such findings may be interpreted basically in terms of methodological problems of the study design.</p></trans-abstract></article-meta></front><back><ref-list><ref id="B1"><element-citation publication-type="article"><article-title>Development and assessment of the QMPI, a brazilian children's behavior questionnaire for completion by parents</article-title><source>Soc. Psychiatry</source><date><year>1980</year></date><fpage>256</fpage><lpage>62</lpage><issue>3</issue><volume>17</volume><person-group><name><surname>ALMEIDA FILHO</surname><given-names>N.</given-names></name></person-group></element-citation></ref></ref-list></back></article></articles>