<articles xmlns:xsi="http://www.w3.org/2001/XMLSchema-instance" xsi:schemaLocation="https://raw.githubusercontent.com/scieloorg/articles_meta/master/tests/xsd/scielo_sci/ThomsonReuters_publishing.xsd" dtd-version="1.10"><article lang_id="pt" article-type="research-article"><front><journal-meta><journal-id journal-id-type="publisher">csp</journal-id><journal-title-group><journal-title>Cadernos de Saúde Pública</journal-title><abbrev-journal-title>Cad. Saúde Pública</abbrev-journal-title></journal-title-group><issn>1678-4464</issn><collection>SciELO Public Health</collection><publisher><publisher-name>Escola Nacional de Saúde Pública Sergio Arouca, Fundação Oswaldo Cruz</publisher-name></publisher></journal-meta><article-meta><unique-article-id pub-id-type="publisher-id">S0102-311X1993000100002</unique-article-id><article-id pub-id-type="publisher-id">S0102-311X1993000100002</article-id><article-id pub-id-type="doi">10.1590/S0102-311X1993000100002</article-id><article-categories><subj-group><subject>Health Policy &amp; Services</subject></subj-group></article-categories><title-group><article-title lang_id="pt">Arranjos neocorporativos e defesa de interesses do médicos</article-title><trans-title-group lang_id="en"><trans-title>Neocorporatist arrangements and defense of physicians' interests</trans-title></trans-title-group></title-group><contrib-group><contrib contrib-type="author"><name><surname>Ribeiro</surname><given-names>José M.</given-names></name><role>ND</role></contrib></contrib-group><pub-date><month>03</month><year>1993</year></pub-date><volume>9</volume><issue>1</issue><fpage>05</fpage><lpage>20</lpage><permissions><license license-type="open-access" href="http://creativecommons.org/licenses/by/4.0/"><license-p>This work is licensed under a Creative Commons Attribution 4.0 International License.</license-p></license></permissions><self-uri href="http://www.scielosp.org/scielo.php?script=sci_arttext&amp;pid=S0102-311X1993000100002&amp;lng=en&amp;tlng=en" content-type="full_text_page"/><self-uri href="http://www.scielosp.org/scielo.php?script=sci_issuetoc&amp;pid=0102-311X19930001&amp;lng=en" content-type="issue_page"/><self-uri href="http://www.scielosp.org/scielo.php?script=sci_serial&amp;pid=0102-311X&amp;lng=en" content-type="journal_page"/><abstract lang_id="pt"><p>No Brasil, o modelo sindical formado a partir do corporativismo autoritário instituído na década de 30 sofre transformações com o fim do ciclo militar inaugurado em 1964. Com a redemocratização, o movimento sindical passou a conviver com a representação plural de interesses, o que se refletiu no sindicalismo médico a partir de 1977. O arranjo político decorrente da Constituinte de 1988 consagrou, no caso da saúde, formas pluripartites de gestão da política pública. Propomos uma discussão conceitual acerca dos arranjos neocorporativos, característicos das experiências sociais européias, e sobre a sua relevância para a compreensão da política pública em saúde no contexto da chamada Reforma Sanitária.</p></abstract><trans-abstract lang_id="en"><p>In Brazil, the trade union structure created by authoritarian corporatism in the 1930's began to change when the cycle of the military regime installed in 1964 came to an end. With redemocratization, the trade union movement began to coexist with the organization of pluralistic interests, a process which has influenced the physicians' movement since 1977. The new National Constitution adopted in 1988 provided for multipartite control over health policy. We present a conceptual discussion of neocorporatist arrangements (which are common in European social experience) and their signficance for an understanding of health policy in the context of the so called Health Reform process in Brazil.</p></trans-abstract><kwd-group lang_id="pt" kwd-group-type="author-generated"><kwd>Arranjos Neocorporativos</kwd><kwd>Médicos</kwd><kwd>Políticas de Saúde</kwd></kwd-group><kwd-group lang_id="en" kwd-group-type="author-generated"><kwd>Neocorporatist Arrangements</kwd><kwd>Physicians</kwd><kwd>Health Policy</kwd></kwd-group></article-meta></front><back><ref-list><ref id="B1"><element-citation publication-type="book"><source>Reforma Sanitária Itália e Brasil</source><fpage>1</fpage><lpage>106</lpage><person-group><name><surname>BERLINGUER</surname><given-names>G.</given-names></name></person-group></element-citation></ref><ref id="B2"><element-citation publication-type="conference"><source>Relatório</source><person-group><name><surname>BJORKMAN</surname><given-names>J. W.</given-names></name></person-group></element-citation></ref><ref id="B3"><element-citation publication-type="book"><source>Médicos e a Política de Saúde</source><person-group><name><surname>CAMPOS</surname><given-names>G. W. S.</given-names></name><name><surname>CAMPOS</surname><given-names>G. W. S.</given-names></name></person-group></element-citation></ref><ref id="B4"><element-citation publication-type="book"><source>Reforma Sanitária Itália e Brasil</source><fpage>179</fpage><lpage>194</lpage></element-citation></ref><ref id="B5"><element-citation publication-type="book"><source>A Saúde Pública e a Defesa da Vida</source></element-citation></ref><ref id="B6"><element-citation publication-type="book"><source>Anais</source></element-citation></ref><ref id="B7"><element-citation publication-type="book"><source>Anais</source></element-citation></ref><ref id="B8"><element-citation publication-type="book"><source>Demandas Populares, Políticas Públicas e Saúde</source><fpage>45</fpage><lpage> 65</lpage><person-group><name><surname>COSTA</surname><given-names>N. R.</given-names></name></person-group></element-citation></ref><ref id="B9"><element-citation publication-type="book"><source>Saúde e Sociedade</source><person-group><name><surname>DONNÂNGELO</surname><given-names>M. C. F.</given-names></name><name><surname>PEREIRA</surname><given-names>L.</given-names></name><name><surname>DONNÂNGELO</surname><given-names>M. C. F.</given-names></name><name><surname>PEREIRA</surname><given-names>L.</given-names></name></person-group></element-citation></ref><ref id="B10"><element-citation publication-type="book"><source>Sindicalismo no Processo Político do Brasil</source><person-group><name><surname>ERICKSON</surname><given-names>K. P.</given-names></name><name><surname>ERICKSON</surname><given-names>K. P.</given-names></name></person-group></element-citation></ref><ref id="B11"><element-citation publication-type="thesis"><source>Reviravolta na Saúde: Origem e Articulação do Movimento Sanitário</source><person-group><name><surname>ESCOREL</surname><given-names>S.</given-names></name><name><surname>ESCOREL</surname><given-names>S.</given-names></name></person-group></element-citation></ref><ref id="B12"><element-citation publication-type="book"><source>A Universalização Excludente Reflexões Sobre as Tendências do Sistema de Saúde</source><person-group><name><surname>FAVARET-FILHO</surname><given-names>P.</given-names></name><name><surname>OLIVEIRA</surname><given-names>P. J.</given-names></name><name><surname>FAVARET-FILHO</surname><given-names>P.</given-names></name><name><surname>OLIVEIRA</surname><given-names>P. J.</given-names></name></person-group></element-citation></ref><ref id="B13"><element-citation publication-type="book"><source>Concepção Dialética da História</source><person-group><name><surname>GRAMSCI</surname><given-names>A.</given-names></name><name><surname>GRAMSCI</surname><given-names>A.</given-names></name></person-group></element-citation></ref><ref id="B14"><element-citation publication-type="book"><source>Os Intelectuais e a Organização da Cultura</source></element-citation></ref><ref id="B15"><element-citation publication-type="book"><source>A Expropriação da Saúde Nêmesis da Medicina</source><date><year>1975</year></date><person-group><name><surname>ILLICH</surname><given-names>I.</given-names></name><name><surname>ILLICH</surname><given-names>I.</given-names></name></person-group></element-citation></ref><ref id="B16"><element-citation publication-type="book"><source>Dicionário de Política</source><fpage>287</fpage><lpage>291</lpage><person-group><name><surname>INCISA</surname><given-names>L.</given-names></name></person-group></element-citation></ref><ref id="B17"><element-citation publication-type="article"><article-title>O Estado e as estruturas de bem-estar em democracias industriais avançadas</article-title><source>Novos Estudos/Cebrap</source><fpage>53</fpage><lpage>76</lpage><volume>22</volume><person-group><name><surname>KING</surname><given-names>D.</given-names></name></person-group></element-citation></ref><ref id="B18"><element-citation publication-type="book"><source>A Derrota da Dialética A Recepção das Idéias de Marx no Brasil até o Começo dos Anos Trinta</source><person-group><name><surname>KONDER</surname><given-names>L. A</given-names></name><name><surname>KONDER</surname><given-names>L. A</given-names></name></person-group></element-citation></ref><ref id="B19"><element-citation publication-type="book"><source>Que Hacer?: Problemas Candentes de Nuestro Movimiento</source><person-group><name><surname>LENIN</surname><given-names>V. I.</given-names></name><name><surname>LENIN</surname><given-names>V. I.</given-names></name></person-group></element-citation></ref><ref id="B20"><element-citation publication-type="article"><article-title>Sobre o corporativismo e a questão do Estado</article-title><source>Cadernos do Departamento de Ciência Política da Faculdade de Filsofia e Ciências Humanas da Universidade Federal de Minas Gerais</source><fpage>1</fpage><lpage>53</lpage><volume>3</volume><person-group><name><surname>O'DONNEL</surname><given-names>G.</given-names></name></person-group></element-citation></ref><ref id="B21"><element-citation publication-type="book"><source>A Democracia no Brasil Dilemas e Perspectivas</source></element-citation></ref><ref id="B22"><element-citation publication-type="book"><source>Capitalismo Desorganizado</source><fpage>223</fpage><lpage>268</lpage><person-group><name><surname>OFFE</surname><given-names>C.</given-names></name></person-group></element-citation></ref><ref id="B23"><element-citation publication-type="book"><source>Capitalismo Desorganizado</source><fpage>269</fpage><lpage>317</lpage></element-citation></ref><ref id="B24"><element-citation publication-type="book"><source>Capitalismo Desorganizado</source><fpage>131</fpage><lpage>165</lpage></element-citation></ref><ref id="B25"><element-citation publication-type="book"><source>Contradictions of the Welfare State</source><fpage>252</fpage><lpage>299</lpage></element-citation></ref><ref id="B26"><element-citation publication-type="book"><source>Societal Pre conditions of Corporatism and some Current Dilemmas of Democratic Theory</source></element-citation></ref><ref id="B27"><element-citation publication-type="book"><source>Problemas Estruturais do Estado Capitalista</source><fpage>122</fpage><lpage>139</lpage><person-group><name><surname>OFFE</surname><given-names>C.</given-names></name><name><surname>RONGE</surname><given-names>V.</given-names></name></person-group></element-citation></ref><ref id="B28"><element-citation publication-type="book"><source>Demandas populares, Políticas Públicas e Saúde</source><fpage>13</fpage><lpage>44</lpage><person-group><name><surname>OLIVEIRA</surname><given-names>J. A.</given-names></name></person-group></element-citation></ref><ref id="B29"><element-citation publication-type="article"><article-title>Os sindicatos e o Estado no capitalismo avançado</article-title><source>Revista de Cultura e Política</source><fpage>81</fpage><lpage>104</lpage><volume>5</volume><person-group><name><surname>PANITCH</surname><given-names>L.</given-names></name></person-group></element-citation></ref><ref id="B30"><element-citation publication-type="book"><source>Capitalismo e Social-Democracia</source><person-group><name><surname>PRZEWORSKI</surname><given-names>A.</given-names></name><name><surname>PRZEWORSKI</surname><given-names>A.</given-names></name></person-group></element-citation></ref><ref id="B31"><element-citation publication-type="article"><article-title>Still the century of corporatism?</article-title><source>Review of Politics</source><fpage>85</fpage><lpage>131</lpage><volume>36</volume><person-group><name><surname>SCHMITTER</surname><given-names>P. C.</given-names></name></person-group></element-citation></ref><ref id="B32"><element-citation publication-type="thesis"><source>Medicina e Incorporação de Tecnologia: as Transformações Históricas da Autonomia Profissional dos Médicos em São Paulo</source><person-group><name><surname>SCHRAIBER</surname><given-names>L. B.</given-names></name><name><surname>SCHRAIBER</surname><given-names>L. B.</given-names></name></person-group></element-citation></ref><ref id="B33"><element-citation publication-type="book"><source>Bases do Autoritarismo Brasileiro</source><person-group><name><surname>SCHWARTZMAN</surname><given-names>S.</given-names></name><name><surname>SCHWARTZMAN</surname><given-names>S.</given-names></name></person-group></element-citation></ref><ref id="B34"><element-citation publication-type="book"><source>Reforma Sanitária Itália e Brasil</source><fpage>195</fpage><lpage>207</lpage><person-group><name><surname>TEIXEIRA</surname><given-names>S. M. F.</given-names></name></person-group></element-citation></ref><ref id="B35"><element-citation publication-type="book"><source>Liberalismo e Sindicato no Brasil</source><person-group><name><surname>VIANNA</surname><given-names>L. W.</given-names></name><name><surname>VIANNA</surname><given-names>L. W.</given-names></name></person-group></element-citation></ref><ref id="B36"><element-citation publication-type="article"><article-title>A centralização sindical e dependências face ao comércio: as origens do corporativismo democrático</article-title><source>Dados/Revista de Ciências Sociais/Iuperj</source><fpage>42</fpage><lpage>73</lpage><volume>32</volume><person-group><name><surname>WALLERSTEIN</surname><given-names>M.</given-names></name></person-group></element-citation></ref></ref-list></back></article></articles>