<articles xmlns:xsi="http://www.w3.org/2001/XMLSchema-instance" xsi:schemaLocation="https://raw.githubusercontent.com/scieloorg/articles_meta/master/tests/xsd/scielo_sci/ThomsonReuters_publishing.xsd" dtd-version="1.10"><article lang_id="pt" article-type="research-article"><front><journal-meta><journal-id journal-id-type="publisher">csp</journal-id><journal-title-group><journal-title>Cadernos de Saúde Pública</journal-title><abbrev-journal-title>Cad. Saúde Pública</abbrev-journal-title></journal-title-group><issn>1678-4464</issn><collection>SciELO Brazil</collection><publisher><publisher-name>Escola Nacional de Saúde Pública Sergio Arouca, Fundação Oswaldo Cruz</publisher-name></publisher></journal-meta><article-meta><unique-article-id pub-id-type="publisher-id">S0102-311X1992000100006</unique-article-id><article-id pub-id-type="publisher-id">S0102-311X1992000100006</article-id><article-id pub-id-type="doi">10.1590/S0102-311X1992000100006</article-id><article-categories><subj-group><subject>Health Policy &amp; Services</subject></subj-group></article-categories><title-group><article-title lang_id="pt">Vigilância nutricional em adultos: experiência de uma unidade de saúde atendendo população favelada</article-title><trans-title-group lang_id="en"><trans-title>Nutritional surveillance of adults: the experience of a health service for an urban slum population</trans-title></trans-title-group></title-group><contrib-group><contrib contrib-type="author"><name><surname>Anjos</surname><given-names>Luiz A. dos</given-names></name><role>ND</role><xref ref-type="aff" rid="A01"/></contrib><contrib contrib-type="author"><name><surname>Silva</surname><given-names>Denise O. e</given-names></name><role>ND</role><xref ref-type="aff" rid="A02"/></contrib><contrib contrib-type="author"><name><surname>Serrão</surname><given-names>Simone A.</given-names></name><role>ND</role><xref ref-type="aff" rid="A02"/></contrib><contrib contrib-type="author"><name><surname>Silva</surname><given-names>Cláudia V. C. da</given-names></name><role>ND</role><xref ref-type="aff" rid="A02"/></contrib></contrib-group><aff id="A01"><institution>Fundação Oswaldo Cruz</institution><country>Brazil</country></aff><aff id="A02"><institution>Fundação Oswaldo Cruz</institution><country>Brazil</country></aff><pub-date><month>03</month><year>1992</year></pub-date><volume>8</volume><issue>1</issue><fpage>50</fpage><lpage>56</lpage><permissions><license license-type="open-access" href="http://creativecommons.org/licenses/by-nc/4.0/"><license-p>This work is licensed under a Creative Commons Attribution-NonCommercial 4.0 International License.</license-p></license></permissions><self-uri href="http://www.scielo.br/scielo.php?script=sci_arttext&amp;pid=S0102-311X1992000100006&amp;lng=en&amp;tlng=en" content-type="full_text_page"/><self-uri href="http://www.scielo.br/scielo.php?script=sci_issuetoc&amp;pid=0102-311X19920001&amp;lng=en" content-type="issue_page"/><self-uri href="http://www.scielosp.org/scielo.php?script=sci_serial&amp;pid=0102-311X&amp;lng=en" content-type="journal_page"/><abstract lang_id="pt"><p>O sistema de vigilância nutricional de adultos (idade &gt; 20 anos), realizado no Centro de Saúde Escola Germano Sinval Faria (CSEGSF), registra diariamente dados de massa corporal (kg), estatura (m) e morbidades, além de dados sócio-econômicos de sua clientela, que são moradores de sete favelas da região de Manguinhos, RJ. Esse sistema tem como objetivo o controle permanente, a níveis individual e epidemiológico, da situação nutricional desta população. O presente trabalho apresenta dados relativos à demanda espontânea de 1.352 indivíduos (1.111 mulheres e 241 homens) maiores de 20 anos de idade atendidos entre agosto e dezembro de 1989. O estado nutricional (EN) foi determinado a partir do índice de massa corporal (IMC = kg.(m²)-1): baixo peso (BP; IMC &lt; 20), normal (20 &lt; IMC &lt; 25), sobrepeso (SP; 25 &lt; IMC &lt; 30) e obeso (IMC &gt; 30). A freqüência (%) do EN para mulheres e homens, respectivamente, foi: BP = 9,5 e 17,5; normal = 37,2 e 46,9; SP = 31,3 e 29,0; obesidade = 22,0 e 6,6. Estes dados demonstram que, nesta população ambulatorial de baixa renda, pelo menos 50% das mulheres apresentam SP. Os autores especulam que essa alta freqüência de SP pode estar relacionada com fatores alimentares, qualitativos e quantitativos, além da influência do número de gravidezes, e mais remotamente, a possibilidade de haver adaptação à baixa ingestão energética na infância. Com relação ao serviço, houve uma proposta de utilização de um nomograma para o cálculo do IMC pelos profissionais do Paisa (Programa de Atenção Integral a Saúde do Adulto), o que facilitará a implantação da vigilância nutricional no serviço.</p></abstract><trans-abstract lang_id="en"><p>The nutritional surveillance team of the Centro de Saúde Escola Germano Sinval Faria (CSEGSF) collects anthropometric (body mass and stature) as well as socioeconomic and morbidity data of low-income adults (age &gt; 20 years) from seven slums in Manguinhos, Rio de Janeiro. This report presents data on 1352 people (1111 women and 241 men) seen between August and December 1989. Nutritional status (NS) was determined according to the value of body mass index (BMI = Kg.(m²)-1): underweight (UW; EMI &lt; 20), normal (20 &lt; BMI &lt; 25), overweight (OW; 25 &lt; BM &lt; 30) and obesity (BMI &gt; 30). The frequency (%) of NS was: UW = 9.5 e 17.5; normal = 37.2 and 46.9; OW = 31.3 e 29.0; obesity = 22.0 e 6.6 for women and men, respectively. These data indicate that among these low-income women at least 50% are OW. The authors speculate that this high frequency of OW may be associated not only with dietary intake (quality and quantity) but also with the number of pregnancies and maybe an adaptation to low energy intake during infancy. As far as the service is concerned, a nomogram to calculate BMI was introduced in the routine to be used by the professionals of the PA1SA (Adult Health Program).</p></trans-abstract><kwd-group lang_id="en" kwd-group-type="author-generated"><kwd>Health Service</kwd><kwd>Nutritional Surveillance</kwd><kwd>Obesity</kwd><kwd>Health of Adults</kwd></kwd-group><kwd-group lang_id="pt" kwd-group-type="author-generated"><kwd>Serviço de Saúde</kwd><kwd>Avaliação Nutricional</kwd><kwd>Obesidade</kwd><kwd>Saúde do Adulto</kwd></kwd-group></article-meta></front><back><ref-list><ref id="B1"><element-citation publication-type="article"><article-title>Diet and health: Scientific concepts and principles</article-title><source>Nutrition Reviews</source><date><year>1989</year></date><fpage>276</fpage><lpage>287</lpage><volume>45</volume></element-citation></ref><ref id="B2"><element-citation publication-type="article"><article-title>National Academy of Sciences Report on Diet and Health</article-title><source>Nutrition Reviews</source><date><year>1989</year></date><fpage>142</fpage><lpage>149</lpage><volume>47</volume></element-citation></ref><ref id="B3"><element-citation publication-type="article"><article-title>Classification and evaluation of the obesities</article-title><source>Medical Clinics of North America</source><date><year>1989</year></date><fpage>161</fpage><lpage>184</lpage><volume>73</volume><person-group><name><surname>BRAY</surname><given-names>G. A.</given-names></name></person-group></element-citation></ref><ref id="B4"><element-citation publication-type="article"><article-title>Race and sex-specific reference data for triceps and subscapular skinfolds and weight/stature</article-title><source>American Journal of Clinical Nutrition</source><date><year>1982</year></date><fpage>347</fpage><lpage>354</lpage><volume>35</volume><person-group><name><surname>CRONCK</surname><given-names>C. E.</given-names></name><name><surname>ROCHE</surname><given-names>A. F.</given-names></name></person-group></element-citation></ref><ref id="B5"><element-citation publication-type="book"><source>Malnutrition and Behavior: Critical Assessment of Key Issues</source><date><year>1984</year></date><fpage>396</fpage><lpage>410</lpage><person-group><name><surname>ENGLE</surname><given-names>P. L.</given-names></name><name><surname>LEVIN</surname><given-names>R. J.</given-names></name><name><surname>Brozek</surname><given-names>J.</given-names></name><name><surname>Schuch</surname><given-names>B.</given-names></name><name><surname>Brozek</surname><given-names>J.</given-names></name><name><surname>Schuch</surname><given-names>B.</given-names></name></person-group></element-citation></ref><ref id="B6"><element-citation publication-type="article"><article-title>Monitoring the nutritional status of the hispanic population: Selected findings for Mexican Americans, Cubans and Puerto Ricans</article-title><source>Nutrition Today</source><date><year>1990</year></date><fpage>6</fpage><lpage>11</lpage><volume>25</volume><person-group><name><surname>FANELLI-KWCZMARSKI</surname><given-names>M.</given-names></name><name><surname>WOTEKI</surname><given-names>C. E.</given-names></name></person-group></element-citation></ref><ref id="B7"><element-citation publication-type="article"><article-title>Secular trends in body mass index and skinfold thickness with socioeconomic factors in young adult women</article-title><source>American Journal Clinical Nutrition</source><date><year>1988</year></date><fpage>535</fpage><lpage>543</lpage><volume>48</volume><person-group><name><surname>FLEGAL</surname><given-names>K. M.</given-names></name><name><surname>HARLAN</surname><given-names>W. R.</given-names></name><name><surname>LANDES</surname><given-names>J. R.</given-names></name></person-group></element-citation></ref><ref id="B8"><element-citation publication-type="article"><article-title>Differential fatness gain of low income boys and girls</article-title><source>American Journal of Clinical Nutrition</source><date><year>1981</year></date><fpage>1465</fpage><lpage>1468</lpage><volume>34</volume><person-group><name><surname>GARN</surname><given-names>S. M.</given-names></name><name><surname>HOPKINS</surname><given-names>P. J.</given-names></name><name><surname>RYAN</surname><given-names>A. S.</given-names></name></person-group></element-citation></ref><ref id="B9"><element-citation publication-type="article"><article-title>Body mass index at the age of 18 and its effects on 32 year-mortality from coronary heart and cancer: A nested case-control study among the entire 1932 Dutch Male Birth Cohort</article-title><source>Journal of Clinical Epidemiology</source><date><year>1989</year></date><fpage>513</fpage><lpage>520</lpage><volume>42</volume><person-group><name><surname>HOFFMANS</surname><given-names>M. D. A.</given-names></name><name><surname>KROMHOUT</surname><given-names>D.</given-names></name><name><surname>LEZENNE-COULANDER</surname><given-names>C.</given-names></name></person-group></element-citation></ref><ref id="B10"><element-citation publication-type="article"><article-title>Methods for the assessment of human body composition: Traditional and new</article-title><source>American Journal of Clinical Nutrition</source><date><year>1987</year></date><fpage>537</fpage><lpage>556</lpage><volume>46</volume><person-group><name><surname>LUKASKI</surname><given-names>H. C.</given-names></name></person-group></element-citation></ref><ref id="B11"><element-citation publication-type="article"><article-title>Correlations of body mass indices with weight, stature, and body composition in men and women in NHANES I and II</article-title><source>American Journal of Clinical Nutrition</source><date><year>1986</year></date><fpage>725</fpage><lpage>731</lpage><volume>44</volume><person-group><name><surname>MICOZZI</surname><given-names>M. S.</given-names></name><name><surname>ALBANES</surname><given-names>D.</given-names></name><name><surname>JONES</surname><given-names>D. Y.</given-names></name><name><surname>CHUMLEA</surname><given-names>W. C.</given-names></name></person-group></element-citation></ref><ref id="B12"><element-citation publication-type="article"><article-title>Critérios antropométricos no diagnóstico da desnutrição em programas de assistência à criança</article-title><source>Revista de Saúde Pública</source><date><year>1984</year></date><fpage>209</fpage><lpage>217</lpage><volume>18</volume><person-group><name><surname>MONTEIRO</surname><given-names>C. A.</given-names></name></person-group></element-citation></ref><ref id="B13"><element-citation publication-type="article"><article-title>Health implications of obesity: National Institute of Health Consensus Development Conference Statement</article-title><source>Annals of Internal Medicine</source><date><year>1985</year></date><fpage>1073</fpage><lpage>1077</lpage><volume>103</volume></element-citation></ref><ref id="B14"><element-citation publication-type="article"><article-title>Body mass index and body energy stores in developing countries</article-title><source>European Journal of Clinical Nutrition</source><date><year>1990</year></date><fpage>79</fpage><lpage>84</lpage><volume>44</volume><person-group><name><surname>NORGAN</surname><given-names>N. G.</given-names></name></person-group></element-citation></ref><ref id="B15"><element-citation publication-type="article"><article-title>No correlation between adiposity and food intake: Why are working class children fatter?</article-title><source>American Journal of Clinical Nutrition</source><date><year>1986</year></date><fpage>779</fpage><lpage>787</lpage><volume>44</volume><person-group><name><surname>ROLLAND-CACHERA</surname><given-names>M. F.</given-names></name><name><surname>BELLISLE</surname><given-names>F.</given-names></name></person-group></element-citation></ref><ref id="B16"><element-citation publication-type="book"><source>User's guide: Statistics, version 5 Edition</source><date><year>1985</year></date></element-citation></ref><ref id="B17"><element-citation publication-type="article"><article-title>Reassessment of body mass indices</article-title><source>American Journal of clinical Nutrition</source><date><year>1990</year></date><fpage>405</fpage><lpage>408</lpage><volume>52</volume><person-group><name><surname>SMALLEY</surname><given-names>K. J.</given-names></name><name><surname>KNERR</surname><given-names>A. N.</given-names></name><name><surname>KENDRICK</surname><given-names>Z. V.</given-names></name><name><surname>COLLIVER</surname><given-names>J. A.</given-names></name><name><surname>OWEN</surname><given-names>O. E.</given-names></name></person-group></element-citation></ref><ref id="B18"><element-citation publication-type="article"><article-title>Hazard of obesity: the Norweigian experience</article-title><source>Acta Medica Scandinavica</source><date><year>1988</year></date><fpage>17</fpage><lpage>21</lpage><volume>713</volume><person-group><name><surname>WAALER</surname><given-names>H. T.</given-names></name></person-group></element-citation></ref><ref id="B19"><element-citation publication-type="article"><article-title>The presentation and use of height and weight data for comparing the nutritional status of groups of children under the age of 10 years</article-title><source>Bulletin of the World Health Organization</source><date><year>1977</year></date><fpage>489</fpage><lpage>498</lpage><volume>55</volume><person-group><name><surname>WATERLOW</surname><given-names>J. C.</given-names></name><name><surname>BUZINA</surname><given-names>R.</given-names></name><name><surname>KELLER</surname><given-names>W.</given-names></name><name><surname>LANE</surname><given-names>J. M.</given-names></name><name><surname>NICHAMAN</surname><given-names>N. Z.</given-names></name><name><surname>TANNER</surname><given-names>J. M.</given-names></name></person-group></element-citation></ref><ref id="B20"><element-citation publication-type="article"><article-title>A comparison of the skinfold method with extent of "overweight" and various weight-height relationships in the assessment of obesity</article-title><source>British Journal of Nutrition</source><date><year>1977</year></date><fpage>271</fpage><lpage>282</lpage><volume>38</volume><person-group><name><surname>WOMERSLEY</surname><given-names>J.</given-names></name><name><surname>DURNIN</surname><given-names>J. V. G. A.</given-names></name></person-group></element-citation></ref><ref id="B21"><element-citation publication-type="book"><source>Energy and protein requirements: Report of a joint FAO/WHO/UNU meeting</source><date><year>1985</year></date><volume>724</volume></element-citation></ref></ref-list></back></article></articles>