<articles xmlns:xsi="http://www.w3.org/2001/XMLSchema-instance" xsi:schemaLocation="https://raw.githubusercontent.com/scieloorg/articles_meta/master/tests/xsd/scielo_sci/ThomsonReuters_publishing.xsd" dtd-version="1.10"><article lang_id="pt" article-type="research-article"><front><journal-meta><journal-id journal-id-type="publisher">csp</journal-id><journal-title-group><journal-title>Cadernos de Saúde Pública</journal-title><abbrev-journal-title>Cad. Saúde Pública</abbrev-journal-title></journal-title-group><issn>1678-4464</issn><collection>SciELO Brazil</collection><publisher><publisher-name>Escola Nacional de Saúde Pública Sergio Arouca, Fundação Oswaldo Cruz</publisher-name></publisher></journal-meta><article-meta><unique-article-id pub-id-type="publisher-id">S0102-311X1990000100003</unique-article-id><article-id pub-id-type="publisher-id">S0102-311X1990000100003</article-id><article-id pub-id-type="doi">10.1590/S0102-311X1990000100003</article-id><article-categories><subj-group><subject>Health Policy &amp; Services</subject></subj-group></article-categories><title-group><article-title lang_id="pt">Contaminação por agrotóxico em população de área urbana: Petrópolis, RJ</article-title></title-group><contrib-group><contrib contrib-type="author"><name><surname>Oliveira</surname><given-names>Sandra Mara de</given-names></name><role>ND</role><xref ref-type="aff" rid="A01"/></contrib><contrib contrib-type="author"><name><surname>Gomes</surname><given-names>Tereza Cristina Cabral</given-names></name><role>ND</role><xref ref-type="aff" rid="A02"/></contrib></contrib-group><aff id="A01"><institution>Secretaria Municipal de Petrópolis</institution></aff><aff id="A02"><institution>Secretaria Municipal de Petrópolis</institution></aff><pub-date><month>03</month><year>1990</year></pub-date><volume>6</volume><issue>1</issue><fpage>18</fpage><lpage>26</lpage><permissions><license license-type="open-access" href="http://creativecommons.org/licenses/by-nc/4.0/"><license-p>This work is licensed under a Creative Commons Attribution-NonCommercial 4.0 International License.</license-p></license></permissions><self-uri href="http://www.scielo.br/scielo.php?script=sci_arttext&amp;pid=S0102-311X1990000100003&amp;lng=en&amp;tlng=en" content-type="full_text_page"/><self-uri href="http://www.scielosp.org/scielo.php?script=sci_issuetoc&amp;pid=0102-311X19900001&amp;lng=en" content-type="issue_page"/><self-uri href="http://www.scielosp.org/scielo.php?script=sci_serial&amp;pid=0102-311X&amp;lng=en" content-type="journal_page"/><abstract lang_id="pt"><p>É bastante conhecido o risco de contaminação por agrotóxicos das populações de áreas rurais, principalmente trabalhadores agrícolas. Pouco comum, no entanto, é a constatação de população, em área urbana, sofrer esse tipo de contaminação, da mesma forma que na área rural, e não como acidente em locais de fabricação. Este trabalho procura descrever como a equipe da Secretaria Municipal de Saúde de Petrópolis tomou conhecimento de uma possível intoxicação por organofosforado em população urbana local, e as medidas de controle adotadas. Utilizou-se, no estudo, inquérito epidemiológico, com população previamente definida por amostragem, confirmando-se a hipótese através do teste do qui-quadrado (x²).</p></abstract><trans-abstract lang_id="en"><p>It's well-known enough the risk of contamination by agrotoxines of the rural area population, mainly agricultural workers. Not common, nevertheless, is the conclusion that the urban area population suffers from this kind of contamination as well as the one in the rural area, and not only in case of accidents in manufacturing places. This work aims to describe how the team of the Community Health Service of Petrópolis became aware of a possible intoxication by organophosphate insecticides in a local urban population, and the control attitude adopted. We used in this study, epidemiological inquiries, with the population previously defined by sampling, confirming the hypothesis by means of chi-square test (x²).</p></trans-abstract></article-meta></front><back><ref-list><ref id="B1"><element-citation publication-type="book"><source>Pragas e Venenos: Agrotóxicos no Brasil e no Terceiro Mundo</source><date><year>1986</year></date><fpage>235</fpage><person-group><name><surname>BULL</surname><given-names>D.</given-names></name><name><surname>HATHAWAY</surname><given-names>D.</given-names></name><name><surname>BULL</surname><given-names>D.</given-names></name><name><surname>HATHAWAY</surname><given-names>D.</given-names></name></person-group></element-citation></ref><ref id="B2"><element-citation publication-type="book"><source>Nociones Básicas de Tóxicologia México</source><date><year>1985</year></date><fpage>113</fpage><person-group><name><surname>FERNÍCOLA</surname><given-names>N. A.</given-names></name><name><surname>JAUGE</surname><given-names>P.</given-names></name><name><surname>FERNÍCOLA</surname><given-names>N. A.</given-names></name><name><surname>JAUGE</surname><given-names>P.</given-names></name></person-group></element-citation></ref><ref id="B3"><element-citation publication-type="book"><source>Censo Demográfico</source><date><year>1980</year></date><person-group><name><surname>FERNÍCOLA</surname><given-names>N. A.</given-names></name></person-group></element-citation></ref><ref id="B4"><element-citation publication-type="book"><source>Elementos e Epidemiologia Geral</source><date><year>1985</year></date><fpage>3</fpage><lpage>58</lpage><person-group><name><surname>LESER</surname><given-names>W.</given-names></name><name><surname>LESER</surname><given-names>W.</given-names></name></person-group></element-citation></ref><ref id="B5"><element-citation publication-type="book"><source>Epidemiólogo e Saúde Pública</source><date><year>1988</year></date><fpage>59</fpage><lpage>74</lpage><person-group><name><surname>MALETTA</surname><given-names>C. H, M.</given-names></name><name><surname>MALETTA</surname><given-names>C. H, M.</given-names></name></person-group></element-citation></ref><ref id="B6"><element-citation publication-type="article"><article-title>Intoxicação por Organofosforados</article-title><source>ARS CVRAMDI</source><date><month>02</month><year>1983</year></date><fpage>72</fpage><lpage>85</lpage><issue>1</issue><volume>16</volume><person-group><name><surname>PROFETA</surname><given-names>G. R.</given-names></name></person-group></element-citation></ref><ref id="B7"><element-citation publication-type="book"><source>Bioestatística</source><date><year>1985</year></date><fpage>323</fpage><person-group><name><surname>SOUNIS</surname><given-names>E.</given-names></name><name><surname>SOUNIS</surname><given-names>E.</given-names></name></person-group></element-citation></ref><ref id="B8"><element-citation publication-type="book"><source>Uso de Agrotóxicos e Receituário Agronômico</source><date><year>1982</year></date><person-group><name><surname>SOUNIS</surname><given-names>E.</given-names></name><name><surname>Graziano Neto</surname><given-names>Francisco</given-names></name><name><surname>Graziano Neto</surname><given-names>Francisco</given-names></name></person-group></element-citation></ref></ref-list></back></article></articles>