<articles xmlns:xsi="http://www.w3.org/2001/XMLSchema-instance" xsi:schemaLocation="https://raw.githubusercontent.com/scieloorg/articles_meta/master/tests/xsd/scielo_sci/ThomsonReuters_publishing.xsd" dtd-version="1.10"><article lang_id="pt" article-type="research-article"><front><journal-meta><journal-id journal-id-type="publisher">csp</journal-id><journal-title-group><journal-title>Cadernos de Saúde Pública</journal-title><abbrev-journal-title>Cad. Saúde Pública</abbrev-journal-title></journal-title-group><issn>1678-4464</issn><collection>SciELO Brazil</collection><publisher><publisher-name>Escola Nacional de Saúde Pública Sergio Arouca, Fundação Oswaldo Cruz</publisher-name></publisher></journal-meta><article-meta><unique-article-id pub-id-type="publisher-id">S0102-311X1992000300012</unique-article-id><article-id pub-id-type="publisher-id">S0102-311X1992000300012</article-id><article-id pub-id-type="doi">10.1590/S0102-311X1992000300012</article-id><article-categories><subj-group><subject>Health Policy &amp; Services</subject></subj-group></article-categories><title-group><article-title lang_id="pt">Endemias e meio ambiente no século XXI</article-title><trans-title-group lang_id="en"><trans-title>Endemics and the environment in the 21st century</trans-title></trans-title-group></title-group><contrib-group><contrib contrib-type="author"><name><surname>Coura</surname><given-names>José R.</given-names></name><role>ND</role><xref ref-type="aff" rid="A01"/></contrib></contrib-group><aff id="A01"><institution>Fundação Oswaldo Cruz</institution><country>Brazil</country></aff><pub-date><month>09</month><year>1992</year></pub-date><volume>8</volume><issue>3</issue><fpage>335</fpage><lpage>341</lpage><permissions><license license-type="open-access" href="http://creativecommons.org/licenses/by-nc/4.0/"><license-p>This work is licensed under a Creative Commons Attribution-NonCommercial 4.0 International License.</license-p></license></permissions><self-uri href="http://www.scielo.br/scielo.php?script=sci_arttext&amp;pid=S0102-311X1992000300012&amp;lng=en&amp;tlng=en" content-type="full_text_page"/><self-uri href="http://www.scielosp.org/scielo.php?script=sci_issuetoc&amp;pid=0102-311X19920003&amp;lng=en" content-type="issue_page"/><self-uri href="http://www.scielosp.org/scielo.php?script=sci_serial&amp;pid=0102-311X&amp;lng=en" content-type="journal_page"/><abstract lang_id="pt"><p>Na introdução do trabalho, o autor define saúde como a "adaptação do homem ao meio, preservando sua integridade física, funcional, mental e social". Por outro lado, amplifica o conceito de desenvolvimento como uma "boa qualidade de vida em tremos de alimentação, habitação, educação e saúde, seguridade social, recreação, segurança e liberdade". A relação entre desenvolvimento e saúde está associada com os recursos e meios naturais e artificiais e com os comportamentos da população humana, tais como crescimento populacional, aglomeração e migrações. O homem é "hóspede da natureza e vítima de si próprio". Embora a Conferência de Alma-Ata de 1978 tenha previsto "Saúde para todos no ano 2000", a saúde do mundo piorou na última década devido à crise econômica na América Latina, Ásia e África. Ao lado da crise econômica, o crescimento da população, de cerca de um bilhão de pessoas por década, não pôde ser acompanhado pelos serviços de saúde, educação, transporte, alimentação, habitação e seguridade social. As doenças infecciosas são responsáveis por 34% das mortes no mundo subdesenvolvido e somente 1 % nos países desenvolvidos. Anualmente, 15 milhões de crianças morrem por doenças infecciosas e/ou má nutrição, e 93% das mortes evitáveis ocorrem exatamente nos países em desenvolvimento. Não há uma correlação direta entre desenvolvimento econômico e qualidade da saúde; ela depende da organização dos serviços sociais e de saúde.</p></abstract><trans-abstract lang_id="en"><p>In the introduction the autor defines health as the "adaptation of man to environment, preserving his physical, functional, mental and social integrity". He extends the concept of development to "good living conditions, including food, housing, education, health care, social welfare, security, recreation, safety, and freedom". The relationship between development and health is associated with natural and artificial resources and environments and with human behaviours such as population growth, crowding and migrations. Man is "Nature's host and his own victim". Although the 1978 Alma-Ata Conference predicted "Health for all by the year 2000", the world's health deteriorated in the last decade because of the economic crisis and a population increase of about one billion persons that could not be matched by sendees such as health, education, transportation, food, housing and social security. Infectious diseases are responsible for 34% of deaths in the developing world and only 1% in developed countries. Yearly, 15 million children die from infectious diseases and/or malnutrition and 93% of avoidable deaths occur in the developing countries. There is no direct correlation between economic development and health quality; it depends on health and social organization.</p></trans-abstract><kwd-group lang_id="en" kwd-group-type="author-generated"><kwd>Health</kwd><kwd>Development</kwd><kwd>Environment</kwd><kwd>Endemic Diseases</kwd><kwd>Morbi-Mortality</kwd></kwd-group><kwd-group lang_id="pt" kwd-group-type="author-generated"><kwd>Saúde</kwd><kwd>Desenvolvimento</kwd><kwd>Meio Ambiente</kwd><kwd>Doenças Endêmicas</kwd><kwd>Morbi-Mortalidade</kwd></kwd-group></article-meta></front><back><ref-list><ref id="B1"><element-citation publication-type="book"><source>Aula inaugural proferida em 14 de setembro de 1926, no Pavilhão Miguel Couto da Faculdade Nacional de Medicina</source><date><year>1926</year></date><person-group><name><surname>CHAGAS</surname><given-names>C.</given-names></name><name><surname>CHAGAS</surname><given-names>C.</given-names></name></person-group></element-citation></ref><ref id="B2"><element-citation publication-type="article"><article-title>Saúde e Desenvolvimento do Nordeste Brasileiro</article-title><source>Jornal Brasileiro de Medicina</source><date><year>1982</year></date><fpage>15</fpage><lpage>31</lpage><volume>42</volume><person-group><name><surname>COURA</surname><given-names>J. R.</given-names></name></person-group></element-citation></ref><ref id="B3"><element-citation publication-type="article"><article-title>Desafios das Doenças Infecciosas e Parasitárias e da Medicina Tropical no Último Decênio do Século XX</article-title><source>Jornal Brasileiro de Medicina</source><date><year>1991</year></date><fpage>14</fpage><lpage>21</lpage><volume>61</volume><person-group><name><surname>COURA</surname><given-names>J. R.</given-names></name></person-group></element-citation></ref><ref id="B4"><element-citation publication-type="book"><source>Determinants of Health and Disease in Man, Medicine and Environment</source><date><year>1968</year></date><person-group><name><surname>DUBOS</surname><given-names>R.</given-names></name><name><surname>DUBOS</surname><given-names>R.</given-names></name></person-group></element-citation></ref><ref id="B5"><element-citation publication-type="book"><source>Essential link to equity in development</source><date><year>1990</year></date></element-citation></ref><ref id="B6"><element-citation publication-type="book"><source>Introdução à Geografia Médica do Brasil</source><date><year>1972</year></date><person-group><name><surname>LACAZ</surname><given-names>C. A.</given-names></name><name><surname>BARUZZI</surname><given-names>R. C.</given-names></name><name><surname>SIQUEIRA JR.</surname><given-names>W.</given-names></name><name><surname>LACAZ</surname><given-names>C. A.</given-names></name><name><surname>BARUZZI</surname><given-names>R. C.</given-names></name><name><surname>SIQUEIRA JR.</surname><given-names>W.</given-names></name></person-group></element-citation></ref><ref id="B7"><element-citation publication-type="book"><source>O Homem e o Trópico: Uma Experiência Brasileira</source><date><year>1959</year></date><person-group><name><surname>LATIF</surname><given-names>M. B.</given-names></name><name><surname>LATIF</surname><given-names>M. B.</given-names></name></person-group></element-citation></ref><ref id="B8"><element-citation publication-type="book"><source>The Ecology of Human Disease</source><date><year>1959</year></date><person-group><name><surname>MARTÍ-IBAÑEZ</surname></name><name><surname>FOREWORD</surname><given-names>F.</given-names></name><name><surname>May</surname><given-names>M. M.</given-names></name><name><surname>May</surname><given-names>M. M.</given-names></name></person-group></element-citation></ref><ref id="B9"><element-citation publication-type="book"><source>Ecology of Human Disease</source><date><year>1958</year></date><person-group><name><surname>MAY</surname><given-names>M. M.</given-names></name><name><surname>MAY</surname><given-names>M. M.</given-names></name></person-group></element-citation></ref><ref id="B10"><element-citation publication-type="book"><source>Saúde para todos no ano 2000: Pronunciamento do H. Mahler no dia Mundial da Saúde, em 7 de abril de 1981</source><date><year>1981</year></date></element-citation></ref><ref id="B11"><element-citation publication-type="book"><source>Cause and Prevention of Disease</source><date><year>1938</year></date><person-group><name><surname>PERKINS</surname><given-names>W. H.</given-names></name><name><surname>PERKINS</surname><given-names>W. H.</given-names></name></person-group></element-citation></ref><ref id="B12"><element-citation publication-type="book"><source>Ensaios Médico-Sociais</source><date><year>1969</year></date><person-group><name><surname>PESSOA</surname><given-names>S. B.</given-names></name><name><surname>PESSOA</surname><given-names>S. B.</given-names></name></person-group></element-citation></ref><ref id="B13"><element-citation publication-type="book"><source>Um Dia Depois do Outro</source><date><year>1965</year></date><person-group><name><surname>PRADO</surname><given-names>A. A.</given-names></name></person-group></element-citation></ref><ref id="B14"><element-citation publication-type="book"><source>Fundamentos Biológicos de la Geografia Humana: Ensayo de una Ecologia del Hombre</source><date><year>1955</year></date><person-group><name><surname>SORRE</surname><given-names>M.</given-names></name><name><surname>SORRE</surname><given-names>M.</given-names></name></person-group></element-citation></ref><ref id="B15"><element-citation publication-type="book"><source>World development report</source><date><year>1988</year></date></element-citation></ref></ref-list></back></article></articles>