<articles xmlns:xsi="http://www.w3.org/2001/XMLSchema-instance" xsi:schemaLocation="https://raw.githubusercontent.com/scieloorg/articles_meta/master/tests/xsd/scielo_sci/ThomsonReuters_publishing.xsd" dtd-version="1.10"><article lang_id="pt" article-type="research-article"><front><journal-meta><journal-id journal-id-type="publisher">csp</journal-id><journal-title-group><journal-title>Cadernos de Saúde Pública</journal-title><abbrev-journal-title>Cad. Saúde Pública</abbrev-journal-title></journal-title-group><issn>1678-4464</issn><collection>SciELO Public Health</collection><publisher><publisher-name>Escola Nacional de Saúde Pública Sergio Arouca, Fundação Oswaldo Cruz</publisher-name></publisher></journal-meta><article-meta><unique-article-id pub-id-type="publisher-id">S0102-311X1990000100008</unique-article-id><article-id pub-id-type="publisher-id">S0102-311X1990000100008</article-id><article-id pub-id-type="doi">10.1590/S0102-311X1990000100008</article-id><article-categories><subj-group><subject>Health Policy &amp; Services</subject></subj-group></article-categories><title-group><article-title lang_id="pt">Aspectos educacionais da intervenção em helmintoses intestinais, no subdistrito de Santa Eudóxia, Município de São Carlos - SP</article-title></title-group><contrib-group><contrib contrib-type="author"><name><surname>Pedrazzani</surname><given-names>Elisete Silva</given-names></name><role>ND</role><xref ref-type="aff" rid="A01"/></contrib><contrib contrib-type="author"><name><surname>Mello</surname><given-names>Dalva A.</given-names></name><role>ND</role><xref ref-type="aff" rid="A02"/></contrib><contrib contrib-type="author"><name><surname>Pizzigatti</surname><given-names>Clemência P.</given-names></name><role>ND</role><xref ref-type="aff" rid="A02"/></contrib><contrib contrib-type="author"><name><surname>Barbosa</surname><given-names>Calógeras A. A.</given-names></name><role>ND</role><xref ref-type="aff" rid="A02"/></contrib></contrib-group><aff id="A01"><institution>UFScar</institution><country>Brazil</country></aff><aff id="A02"><institution>UFScar</institution><country>Brazil</country></aff><pub-date><month>03</month><year>1990</year></pub-date><volume>6</volume><issue>1</issue><fpage>74</fpage><lpage>85</lpage><permissions><license license-type="open-access" href="http://creativecommons.org/licenses/by/4.0/"><license-p>This work is licensed under a Creative Commons Attribution 4.0 International License.</license-p></license></permissions><self-uri href="http://www.scielosp.org/scielo.php?script=sci_arttext&amp;pid=S0102-311X1990000100008&amp;lng=en&amp;tlng=en" content-type="full_text_page"/><self-uri href="http://www.scielosp.org/scielo.php?script=sci_issuetoc&amp;pid=0102-311X19900001&amp;lng=en" content-type="issue_page"/><self-uri href="http://www.scielosp.org/scielo.php?script=sci_serial&amp;pid=0102-311X&amp;lng=en" content-type="journal_page"/><abstract lang_id="pt"><p>A pesquisa sobre conhecimento, atitudes e percepção da população local sobre helmintoses intestinais mostrou que os mesmos detêm uma codificação das helmintoses; analisou-se a prevalência associada com anemia, estado nutritional, renda e composição familiar. O Programa de Educação e Saúde em verminose exercitou a prática dos conhecimentos sobre intervenção em verminose, estimulando ações coletivas.</p></abstract><trans-abstract lang_id="en"><p>This paper discusses the knowledge, attitudes and perception of a population about the intestinal helminthiasis. It was shown that the individuals have their own codes to identify the diseases. The paper also presents the analysis of the prevalence of helminthiasis and their relationships with anemia, nutritional status, income and familiar composition. The Program of Health and Education in verminoses, tried to exercise practice of the knowledge on intervention and to stimulate the collective actions.</p></trans-abstract></article-meta></front><back><ref-list><ref id="B1"><element-citation publication-type="article"><article-title>A survey of what people know about Chagas disease</article-title><source>Wld Hlth Forum</source><date><year>1981</year></date><fpage>394</fpage><lpage>397</lpage><volume>2</volume><person-group><name><surname>BIZERRA</surname><given-names>J. F.</given-names></name><name><surname>GAZZANA</surname><given-names>M. R.</given-names></name><name><surname>COSTA</surname><given-names>C. H.</given-names></name><name><surname>MELLO</surname><given-names>D. A.</given-names></name><name><surname>MARSDEN</surname><given-names>P. D.</given-names></name></person-group></element-citation></ref></ref-list></back></article></articles>