<articles xmlns:xsi="http://www.w3.org/2001/XMLSchema-instance" xsi:schemaLocation="https://raw.githubusercontent.com/scieloorg/articles_meta/master/tests/xsd/scielo_sci/ThomsonReuters_publishing.xsd" dtd-version="1.10"><article lang_id="pt" article-type="research-article"><front><journal-meta><journal-id journal-id-type="publisher">csp</journal-id><journal-title-group><journal-title>Cadernos de Saúde Pública</journal-title><abbrev-journal-title>Cad. Saúde Pública</abbrev-journal-title></journal-title-group><issn>1678-4464</issn><collection>SciELO Brazil</collection><publisher><publisher-name>Escola Nacional de Saúde Pública Sergio Arouca, Fundação Oswaldo Cruz</publisher-name></publisher></journal-meta><article-meta><unique-article-id pub-id-type="publisher-id">S0102-311X1986000300005</unique-article-id><article-id pub-id-type="publisher-id">S0102-311X1986000300005</article-id><article-id pub-id-type="doi">10.1590/S0102-311X1986000300005</article-id><article-categories><subj-group><subject>Health Policy &amp; Services</subject></subj-group></article-categories><title-group><article-title lang_id="pt">As desigualdades na distribuição dos óbitos no município de Salvador - 1980</article-title></title-group><contrib-group><contrib contrib-type="author"><name><surname>Paim</surname><given-names>Jairnilson Silva</given-names></name><role>ND</role><xref ref-type="aff" rid="A01"/></contrib><contrib contrib-type="author"><name><surname>Costa</surname><given-names>Maria da Conceição Nascimento</given-names></name><role>ND</role><xref ref-type="aff" rid="A02"/></contrib></contrib-group><aff id="A02"><institution>Universidade Federal da Bahia</institution><country>Brazil</country></aff><aff id="A01"><institution>Universidade Federal da Bahia</institution><country>Brazil</country></aff><pub-date><month>09</month><year>1986</year></pub-date><volume>2</volume><issue>3</issue><fpage>312</fpage><lpage>333</lpage><permissions><license license-type="open-access" href="http://creativecommons.org/licenses/by-nc/4.0/"><license-p>This work is licensed under a Creative Commons Attribution-NonCommercial 4.0 International License.</license-p></license></permissions><self-uri href="http://www.scielo.br/scielo.php?script=sci_arttext&amp;pid=S0102-311X1986000300005&amp;lng=en&amp;tlng=en" content-type="full_text_page"/><self-uri href="http://www.scielosp.org/scielo.php?script=sci_issuetoc&amp;pid=0102-311X19860003&amp;lng=en" content-type="issue_page"/><self-uri href="http://www.scielosp.org/scielo.php?script=sci_serial&amp;pid=0102-311X&amp;lng=en" content-type="journal_page"/><abstract lang_id="pt"><p>O presente estudo teve como objetivo descrever a distribuição da mortalidade do Município de Salvador em 1980, segundo as diferentes zonas da cidade, utilizando-se do coeficiente de mortalidade geral, da razão da mortalidade proporcional, da curva de mortalidade proporcional e do indicador quantificado de Guedes &amp; Guedes. Utilizou-se como fonte de dados as Declarações de Óbitos disponíveis na Secretaria de Saúde do Estado da Bahia referentes aos residentes de Salvador no ano de 1980, agrupados segundo zonas de informação definidas pela CONDER, bem como indicadores sócio-econômicos cujos dados foram coletados em diferentes órgãos públicos. Aplicaram-se testes estatísticos de correlação entre as razões de mortalidade proporcional e os indicadores sócio-econômicos selecionados. Verificou-se uma expressiva variação dos indicadores entre os diferentes bairros da cidade, mesmo considerando-se o uso de indicador com reconhecido baixo poder discriminatório como o coeficiente de mortalidade geral Quanto aos índices de Swaroop-Uemura e de Moraes e ao sistema de pontuação de Guedes e Guedes evidenciaram flagrantes desigualdades na distribuição das mortes entre os diferentes bairros de Salvador. Os elevados índices de correlação encontrados entre a razão da mortalidade proporcional e a renda, a disponibilidade de água e a aglomeração reforçam a idéia de que na base dessa desigualdade encontra-se a estrutura econômica geradora de iniqüidades.</p></abstract><trans-abstract lang_id="en"><p>The present study is aimed to describe the mortality in the county of Salvador in 1980, as distributed over different areas, by using overall mortality coefficients, proportional mortality ratios, proportional mortality curves and Guedes &amp; Guedes indicators. Death certificates from residents in Salvador during 1980, available in the Health State Office of Bahia, were used as data sources. They were grouped according to census tracts as defined by CONDER (Company for the Development of Salvador) as well as socio-economic indicators gathered from several sources in different public offices. Correlation analyses between mortality measures and selected socio-economic indicators were used. A marked variation of indicators among different city sectors was found, even considering the use of an indicator with low discriminant power as the overall mortality coefficient. The indexes of Moraes and Swaroop-Uemura and Guedes &amp; Guedes scoring system pointed out evident inequalities in the distribution of deaths among different sectors of Salvador. High levels of correlation were found between proportional mortality ratio and income, water supply, and population density, reinforcing the idea that at the basis of such mal-distribution is the economic structure as a generator of inequalities.</p></trans-abstract></article-meta></front><back><ref-list><ref id="B1"><element-citation publication-type="book"><source>ANUÁRIO ESTATÍSTICO DO BRASIL</source><date><year>1980</year></date><volume>41</volume></element-citation></ref><ref id="B2"><element-citation publication-type="book"><source>Base cadastral da região metropolitana de Salvador</source><date><year>1981</year></date><volume>1</volume></element-citation></ref><ref id="B3"><element-citation publication-type="article"><source>R. baiana Saúde públ,</source><date><year>1980</year></date><fpage>15</fpage><lpage>28</lpage><issue>1</issue><volume>12</volume><person-group><name><surname>COSTA</surname><given-names>M.C.N.</given-names></name><name><surname>PAIM</surname><given-names>J.S.</given-names></name><name><surname>CABRAL</surname><given-names>V.M.C.</given-names></name><name><surname>MOTA</surname><given-names>J.A.</given-names></name><name><surname>COSTA</surname><given-names>M.C.N.</given-names></name><name><surname>PAIM</surname><given-names>J.S.</given-names></name><name><surname>CABRAL</surname><given-names>V.M.C.</given-names></name><name><surname>MOTA</surname><given-names>J.A.</given-names></name></person-group></element-citation></ref><ref id="B4"><element-citation publication-type="article"><article-title>Quantificação do indicador de Nelson de Moraes: Curva de Mortalidade Proporcional</article-title><source>R. Saúde públ.</source><date><year>1973</year></date><fpage>103</fpage><lpage>13</lpage><volume>7</volume><person-group><name><surname>GUEDES</surname><given-names>J. da S.</given-names></name><name><surname>GUEDES</surname><given-names>M.L. da S.</given-names></name></person-group></element-citation></ref><ref id="B5"><element-citation publication-type="article"><article-title>Revisão analítica dos indicadores de saúde</article-title><source>R. bras. Estat,</source><date><year>1974</year></date><fpage>339</fpage><lpage>56</lpage><issue>139</issue><volume>35</volume><person-group><name><surname>JORDAN FILHO</surname><given-names>L.</given-names></name><name><surname>MONTEIRO</surname><given-names>M.F.G.</given-names></name><name><surname>CARVALHO</surname><given-names>A.V.W. de</given-names></name></person-group></element-citation></ref><ref id="B6"><element-citation publication-type="book"><source>Epidemiologia geral</source><date><year>1980</year></date><fpage>64</fpage><lpage>85</lpage><person-group><name><surname>LAURENTI</surname><given-names>R.</given-names></name><name><surname>FORATTINI</surname><given-names>O.P.</given-names></name><name><surname>FORATTINI</surname><given-names>O.P.</given-names></name></person-group></element-citation></ref><ref id="B7"><element-citation publication-type="book"><source>Métodos de epidemiologia</source><date><year>1976</year></date><fpage>121</fpage><lpage>22</lpage><person-group><name><surname>MAcMAHON</surname><given-names>B.</given-names></name><name><surname>PUGH</surname><given-names>T.F.</given-names></name><name><surname>IPSEN</surname><given-names>J.</given-names></name><name><surname>MAcMAHON</surname><given-names>B.</given-names></name><name><surname>PUGH</surname><given-names>T.F.</given-names></name><name><surname>IPSEN</surname><given-names>J.</given-names></name></person-group></element-citation></ref><ref id="B8"><element-citation publication-type="article"><article-title>Níveis de saúde de coletividades brasileiras</article-title><source>R. Saúde públ.</source><date><year>1957</year></date><fpage>403</fpage><lpage>97</lpage><volume>10</volume><person-group><name><surname>MORAES</surname><given-names>N.L. de A.</given-names></name></person-group></element-citation></ref><ref id="B9"><element-citation publication-type="article"><article-title>Ordenação de populações em amplas classes de níveis de saúde, segundo um indicador abrangente definido por uma função discriminante linear</article-title><source>R. Saúde públ</source><date><year>1985</year></date><fpage>344</fpage><lpage>63</lpage><volume>19</volume><person-group><name><surname>NOVO</surname><given-names>N.F.</given-names></name><name><surname>JULIANO</surname><given-names>Y.</given-names></name><name><surname>PAIVA</surname><given-names>E.R. de</given-names></name><name><surname>LESER</surname><given-names>W.</given-names></name></person-group></element-citation></ref><ref id="B10"><element-citation publication-type="book"><source>Bahia de todos os pobres</source><date><year>1980</year></date><fpage>9</fpage><lpage>21</lpage><person-group><name><surname>OLIVEIRA</surname><given-names>F.</given-names></name><name><surname>SOUZA</surname><given-names>C.A.A. de</given-names></name><name><surname>FARIA</surname><given-names>V.</given-names></name><name><surname>SOUZA</surname><given-names>C.A.A. de</given-names></name><name><surname>FARIA</surname><given-names>V.</given-names></name></person-group></element-citation></ref><ref id="B11"><element-citation publication-type="article"><article-title>Indicadores de saúde no Brasil</article-title><source>R. baiana Saúde púlb.</source><date><year>1975</year></date><fpage>39</fpage><lpage>83</lpage><issue>2</issue><volume>2</volume><person-group><name><surname>PAIM</surname><given-names>J. S.</given-names></name></person-group></element-citation></ref><ref id="B12"><element-citation publication-type="book"><source>Distribuição espacial de mortalidade infantil porporcional e sua relação com variáveis sócio-econômicas, Salvador-BA. (Brasil)</source><person-group><name><surname>PAIM</surname><given-names>J.S.</given-names></name><name><surname>COSTA</surname><given-names>M.C.N.</given-names></name><name><surname>CABRAL</surname><given-names>V.M.C.</given-names></name><name><surname>MOTA</surname><given-names>I.A.</given-names></name><name><surname>PAIM</surname><given-names>J.S.</given-names></name><name><surname>COSTA</surname><given-names>M.C.N.</given-names></name><name><surname>CABRAL</surname><given-names>V.M.C.</given-names></name><name><surname>MOTA</surname><given-names>I.A.</given-names></name></person-group></element-citation></ref><ref id="B13"><element-citation publication-type="book"><source>Epidemiologia e saúde</source><date><year>1983</year></date><fpage>15</fpage><lpage>52</lpage><person-group><name><surname>ROUQUAYROL</surname><given-names>M.Z.</given-names></name><name><surname>ROUQUAYROL</surname><given-names>M.Z.</given-names></name></person-group></element-citation></ref><ref id="B14"><element-citation publication-type="article"><article-title>Invasões: agentes da produção da cidade do Salvador</article-title><source>Cad. CEAS</source><date><year>1985</year></date><fpage>36</fpage><lpage>43</lpage><volume>99</volume><person-group><name><surname>SIMÕES</surname><given-names>M.L.</given-names></name></person-group></element-citation></ref><ref id="B15"><element-citation publication-type="article"><article-title>Proportional mortality of 50 years and above: a suggested indicator of the component "health including demographic conditions" in the measurement of living</article-title><source>Bull. WHO</source><date><year>1957</year></date><fpage>439</fpage><lpage>81</lpage><volume>17</volume><person-group><name><surname>SWAROOP</surname><given-names>S.</given-names></name><name><surname>UEMURA</surname><given-names>K.</given-names></name></person-group></element-citation></ref></ref-list></back></article></articles>