<articles xmlns:xsi="http://www.w3.org/2001/XMLSchema-instance" xsi:schemaLocation="https://raw.githubusercontent.com/scieloorg/articles_meta/master/tests/xsd/scielo_sci/ThomsonReuters_publishing.xsd" dtd-version="1.10"><article lang_id="pt" article-type="research-article"><front><journal-meta><journal-id journal-id-type="publisher">csp</journal-id><journal-title-group><journal-title>Cadernos de Saúde Pública</journal-title><abbrev-journal-title>Cad. Saúde Pública</abbrev-journal-title></journal-title-group><issn>1678-4464</issn><collection>SciELO Public Health</collection><publisher><publisher-name>Escola Nacional de Saúde Pública Sergio Arouca, Fundação Oswaldo Cruz</publisher-name></publisher></journal-meta><article-meta><unique-article-id pub-id-type="publisher-id">S0102-311X1987000300003</unique-article-id><article-id pub-id-type="publisher-id">S0102-311X1987000300003</article-id><article-id pub-id-type="doi">10.1590/S0102-311X1987000300003</article-id><article-categories><subj-group><subject>Health Policy &amp; Services</subject></subj-group></article-categories><title-group><article-title lang_id="pt">Os erros de classificação e os resultados de estudos epidemiológicos</article-title></title-group><contrib-group><contrib contrib-type="author"><name><surname>Klein</surname><given-names>Carlos Henrique</given-names></name><role>ND</role><xref ref-type="aff" rid="A01"/></contrib><contrib contrib-type="author"><name><surname>Costa</surname><given-names>Eduardo de Azeredo</given-names></name><role>ND</role><xref ref-type="aff" rid="A01"/></contrib></contrib-group><aff id="A01"><institution>FIOCRUZ</institution></aff><pub-date><month>09</month><year>1987</year></pub-date><volume>3</volume><issue>3</issue><fpage>236</fpage><lpage>249</lpage><permissions><license license-type="open-access" href="http://creativecommons.org/licenses/by/4.0/"><license-p>This work is licensed under a Creative Commons Attribution 4.0 International License.</license-p></license></permissions><self-uri href="http://www.scielosp.org/scielo.php?script=sci_arttext&amp;pid=S0102-311X1987000300003&amp;lng=en&amp;tlng=en" content-type="full_text_page"/><self-uri href="http://www.scielo.br/scielo.php?script=sci_issuetoc&amp;pid=0102-311X19870003&amp;lng=en" content-type="issue_page"/><self-uri href="http://www.scielosp.org/scielo.php?script=sci_serial&amp;pid=0102-311X&amp;lng=en" content-type="journal_page"/><abstract lang_id="pt"><p>Este artigo analisa a validade de técnicas diagnósticas ou de medidas de fatores de risco, através dos seus erros de classificação, e seus efeitos sobre indicadores de risco, próprios de grupos, bem como sobre o risco relativo e a razão de produtos cruzados, obtidos em estudos epidemiológicos analíticos. É demonstrado como os erros de classificação podem distorcer os resultados de inquéritos e estudos de cortes ou de casos e controles. Porém, são propostas formas simples de correção dos indicadores obtidos, sempre que se conhecem estimativas de sensibilidade e especificidade das técnicas utilizadas.</p></abstract><trans-abstract lang_id="en"><p>This paper analyses validity of techniques, either for diagnosis or for measures of risk factors, by means of their misclassifications and their effects upon risk measures of groups as well as upon relative risk and odds ratio obtained in analytical studies. It is presented how misclassifîcation can distort results of cross-sectional and cohorts or case-controls studies. Nevertheless simple ways of correcting the results are suggested provided sensibility and especificity estimates of the techniques employed are known.</p></trans-abstract><kwd-group lang_id="pt" kwd-group-type="author-generated"><kwd>método epidemiológico</kwd><kwd>studos analíticos</kwd><kwd>validade de técnicas</kwd><kwd>erros de classificação</kwd></kwd-group></article-meta></front><back><ref-list><ref id="B1"><element-citation publication-type="book"><source>Statistical Methds in Medical Research</source><date><year>1971</year></date><person-group><name><surname>ARMITAGE</surname><given-names>P.</given-names></name><name><surname>ARMITAGE</surname><given-names>P.</given-names></name></person-group></element-citation></ref></ref-list></back></article></articles>