<articles xmlns:xsi="http://www.w3.org/2001/XMLSchema-instance" xsi:schemaLocation="https://raw.githubusercontent.com/scieloorg/articles_meta/master/tests/xsd/scielo_sci/ThomsonReuters_publishing.xsd" dtd-version="1.10"><article lang_id="pt" article-type="research-article"><front><journal-meta><journal-id journal-id-type="publisher">csp</journal-id><journal-title-group><journal-title>Cadernos de Saúde Pública</journal-title><abbrev-journal-title>Cad. Saúde Pública</abbrev-journal-title></journal-title-group><issn>1678-4464</issn><collection>SciELO Brazil</collection><publisher><publisher-name>Escola Nacional de Saúde Pública Sergio Arouca, Fundação Oswaldo Cruz</publisher-name></publisher></journal-meta><article-meta><unique-article-id pub-id-type="publisher-id">S0102-311X1992000400012</unique-article-id><article-id pub-id-type="publisher-id">S0102-311X1992000400012</article-id><article-id pub-id-type="doi">10.1590/S0102-311X1992000400012</article-id><article-categories><subj-group><subject>Health Policy &amp; Services</subject></subj-group></article-categories><title-group><article-title lang_id="pt">Obsolescência institucional e degradação ambiental e social</article-title><trans-title-group lang_id="en"><trans-title>Institutional obsolescence and environmental and social decay</trans-title></trans-title-group></title-group><contrib-group><contrib contrib-type="author"><name><surname>D'Ambrosio</surname><given-names>Ubiratan</given-names></name><role>ND</role><xref ref-type="aff" rid="A01"/></contrib></contrib-group><aff id="A01"><institution>Universidade Estadual de Campinas</institution><country>Brazil</country></aff><pub-date><month>12</month><year>1992</year></pub-date><volume>8</volume><issue>4</issue><fpage>466</fpage><lpage>469</lpage><permissions><license license-type="open-access" href="http://creativecommons.org/licenses/by-nc/4.0/"><license-p>This work is licensed under a Creative Commons Attribution-NonCommercial 4.0 International License.</license-p></license></permissions><self-uri href="http://www.scielo.br/scielo.php?script=sci_arttext&amp;pid=S0102-311X1992000400012&amp;lng=en&amp;tlng=en" content-type="full_text_page"/><self-uri href="http://www.scielosp.org/scielo.php?script=sci_issuetoc&amp;pid=0102-311X19920004&amp;lng=en" content-type="issue_page"/><self-uri href="http://www.scielosp.org/scielo.php?script=sci_serial&amp;pid=0102-311X&amp;lng=en" content-type="journal_page"/><abstract lang_id="pt"><p>Embora as crises militares continuem a ser uma uma preocupação maior para toda a humanidade, é claro que problemas continuados, tais como a disparidade entre ricos e pobres, entre as nações e internamente às sociedades, e outras formas de violação de direitos humanos e de agressão ambiental, em níveis regional e global, ameaçam o futuro da civilização na Terra. A qualidade de vida nos países menos desenvolvidos permanece sem melhorias e, ao mesmo tempo, mergulha vertiginosamente nos países industrializados. Medidas urgentes se fazem necessárias e reclamam um esforço cooperativo entre países mais e menos desenvolvidos em projetos de longo alcance em educação, saúde, agricultura sustentável e suprimento de energia. Sem dúvida, o problema populacional é igualmente fonte de grande preocupação. Falamos não apenas de aspectos quantitativos, mas, principalmente, de aspectos qualitativos. Embora haja instrumentos científicos e tecnológicos para corrigir essas perversões da civilização moderna, um esforço concentrado de todas as nações do mundo em direção à paz, nas suas várias dimensões, é absolutamente necessário.</p></abstract><trans-abstract lang_id="en"><p>Although military crises continue to be a major concern for all of mankind, it is clear that ongoing problems such as disparities between rich and poor, among nations and within societies, other forms of violation of human rights and regional and global environmental aggression jeopardize the future of civilization on Earth. Quality of life continues to defy improvement in the less developed countries and at the same time plunges dizzily in the industrialized countries. Such issues call for a cooperative effort, bringing developed and less developed nations together in long-range projects in education, health, sustainable agriculture and energy supply. Clearly, the population problem is of equal concern. We are talking not only of quantitative aspects, but mainly of qualitative ones. Although there are scientific and technological instruments to correct these distortions in modern civilization, a concerted effort by all nations in the world towards peace in its various dimensions is an absolute necessity.</p></trans-abstract><kwd-group lang_id="en" kwd-group-type="author-generated"><kwd>Environment</kwd><kwd>Conflict</kwd><kwd>Peace</kwd><kwd>Survival</kwd></kwd-group><kwd-group lang_id="pt" kwd-group-type="author-generated"><kwd>Ambiente</kwd><kwd>Conflitos</kwd><kwd>Paz</kwd><kwd>Sobrevivência</kwd></kwd-group></article-meta></front><back><ref-list><ref id="B1"><element-citation publication-type="conference"><date><day>03</day><month>09</month><year>1988</year></date><fpage>546</fpage><lpage>550</lpage><person-group><name><surname>D'AMBROSIO</surname><given-names>U.</given-names></name></person-group></element-citation></ref><ref id="B2"><element-citation publication-type="conference"><source>Vancouver Declaration</source><date><day>15</day><month>09</month><year>1989</year></date><fpage>103</fpage><lpage>107</lpage><person-group><name><surname>D'AMBROSIO</surname><given-names>U.</given-names></name><name><surname>MacLaren</surname><given-names>D.</given-names></name><name><surname>MacLaren</surname><given-names>D.</given-names></name></person-group></element-citation></ref><ref id="B3"><element-citation publication-type="book"><source>Towards a Secure World in the 21st Century</source><date><year>1991</year></date><fpage>323</fpage><lpage>325</lpage><person-group><name><surname>D'AMBROSIO</surname><given-names>U.</given-names></name><name><surname>Rotblat</surname><given-names>J.</given-names></name><name><surname>Blackby</surname><given-names>F.</given-names></name><name><surname>Rotblat</surname><given-names>J.</given-names></name><name><surname>Blackby</surname><given-names>F.</given-names></name></person-group></element-citation></ref><ref id="B4"><element-citation publication-type="book"><source>Solutions for a Troubled Word</source><date><year>1989</year></date><person-group><name><surname>MACY</surname><given-names>M.</given-names></name><name><surname>MACY</surname><given-names>M.</given-names></name></person-group></element-citation></ref></ref-list></back></article></articles>