<articles xmlns:xsi="http://www.w3.org/2001/XMLSchema-instance" xsi:schemaLocation="https://raw.githubusercontent.com/scieloorg/articles_meta/master/tests/xsd/scielo_sci/ThomsonReuters_publishing.xsd" dtd-version="1.10"><article lang_id="pt" article-type="research-article"><front><journal-meta><journal-id journal-id-type="publisher">csp</journal-id><journal-title-group><journal-title>Cadernos de Saúde Pública</journal-title><abbrev-journal-title>Cad. Saúde Pública</abbrev-journal-title></journal-title-group><issn>1678-4464</issn><collection>SciELO Brazil</collection><publisher><publisher-name>Escola Nacional de Saúde Pública Sergio Arouca, Fundação Oswaldo Cruz</publisher-name></publisher></journal-meta><article-meta><unique-article-id pub-id-type="publisher-id">S0102-311X1985000400005</unique-article-id><article-id pub-id-type="publisher-id">S0102-311X1985000400005</article-id><article-id pub-id-type="doi">10.1590/S0102-311X1985000400005</article-id><article-categories><subj-group><subject>Health Policy &amp; Services</subject></subj-group></article-categories><title-group><article-title lang_id="pt">Planejamento em Saúde e Epidemiologia no Brasil: casamento ou divórcio?</article-title></title-group><contrib-group><contrib contrib-type="author"><name><surname>Castiel</surname><given-names>Luís David</given-names></name><role>ND</role><xref ref-type="aff" rid="A01"/></contrib><contrib contrib-type="author"><name><surname>Rivera</surname><given-names>Francisco Javier Uribe</given-names></name><role>ND</role><xref ref-type="aff" rid="A01"/></contrib></contrib-group><aff id="A01"><institution>Fundação Oswaldo Cruz</institution><country>Brazil</country></aff><pub-date><month>12</month><year>1985</year></pub-date><volume>1</volume><issue>4</issue><fpage>447</fpage><lpage>456</lpage><permissions><license license-type="open-access" href="http://creativecommons.org/licenses/by-nc/4.0/"><license-p>This work is licensed under a Creative Commons Attribution-NonCommercial 4.0 International License.</license-p></license></permissions><self-uri href="http://www.scielo.br/scielo.php?script=sci_arttext&amp;pid=S0102-311X1985000400005&amp;lng=en&amp;tlng=en" content-type="full_text_page"/><self-uri href="http://www.scielosp.org/scielo.php?script=sci_issuetoc&amp;pid=0102-311X19850004&amp;lng=en" content-type="issue_page"/><self-uri href="http://www.scielosp.org/scielo.php?script=sci_serial&amp;pid=0102-311X&amp;lng=en" content-type="journal_page"/><abstract lang_id="pt"><p>O presente artigo discute a relação entre o instrumental epidemiológico e os métodos de planejamento das atividades de Saúde Pública no Brasil Para isso, são apresentadas, de forma resumida, concepções e atuais tendências de ambas disciplinas. Também é considerado um esquema de análise da racionalidade no processo de planejamento. Por fim, aventa razões para explicar o fracasso do planejamento em saúde no Brasil e o papel da epidemiologia nesta situação.</p></abstract><trans-abstract lang_id="en"><p>This paper discusses the relationship between the epidemiological tool and the planning methods applied to Public Health activities in Brazil In order to achieve this, current ideas and trends of these disciplines are briefly reviewed. An analytical framework related to rationality in the planning process is considered. At last, possible reasons for explaining health planning failure in Brazil and the role of Epidemiology within this context are presented.</p></trans-abstract></article-meta></front><back><ref-list><ref id="B1"><element-citation publication-type="book"><source>Textos em Epidemiologia</source><date><year>1984</year></date><person-group><name><surname>ALMEIDA FILHO</surname><given-names>N.</given-names></name></person-group></element-citation></ref><ref id="B2"><element-citation publication-type="book"><source>Epidemiologia; economia, medicina y política</source><date><year>1981</year></date><person-group><name><surname>BREILH</surname><given-names>J.</given-names></name><name><surname>BREILH</surname><given-names>J.</given-names></name></person-group></element-citation></ref><ref id="B3"><element-citation publication-type="book"><source>Processo migratório e disseminação de doenças: Textos de Apoio - Ciências Sociais I.</source><date><year>1983</year></date><person-group><name><surname>CARVALHEIRO</surname><given-names>J.R.</given-names></name><name><surname>CARVALHEIRO</surname><given-names>J.R.</given-names></name></person-group></element-citation></ref><ref id="B4"><element-citation publication-type="article"><article-title>La epidemiologia, la planificación, la necesidad de atención de la salud y los sistemas de información</article-title><source>Rev. Atención Méd.</source><date><month>12</month><year>1973</year></date><fpage>125</fpage><lpage>61</lpage><issue>3/4</issue><volume>2</volume><person-group><name><surname>CHORNY</surname><given-names>A.</given-names></name></person-group></element-citation></ref><ref id="B5"><element-citation publication-type="article"><article-title>Algunas consideraciones sobre la evolución del concepto de epidemiologia</article-title><source>Saúde em Debate</source><date><year>1977</year></date><fpage>35</fpage><lpage>8</lpage><volume>4</volume><person-group><name><surname>CREVENNA</surname><given-names>P.B.</given-names></name></person-group></element-citation></ref><ref id="B6"><element-citation publication-type="book"><source>Epidemiology in health services management</source><date><year>1983</year></date><person-group><name><surname>DEVER</surname><given-names>G.E.A.</given-names></name></person-group></element-citation></ref><ref id="B7"><element-citation publication-type="book"><source>Planejamento sim e não</source><date><year>1981</year></date><person-group><name><surname>FERREIRA</surname><given-names>F.W.</given-names></name><name><surname>FERREIRA</surname><given-names>F.W.</given-names></name></person-group></element-citation></ref><ref id="B8"><element-citation publication-type="article"><article-title>La planificación como proceso social: un esquema de análisis</article-title><source>Cuad. Soc. Venez. Planif.</source><date><year>1979</year></date><fpage>142</fpage><lpage>9</lpage><volume>3</volume><person-group><name><surname>GIORDANI</surname><given-names>J.A.</given-names></name></person-group></element-citation></ref><ref id="B9"><element-citation publication-type="book"><source>Epidemiology in health care planning</source><date><year>1979</year></date><person-group><name><surname>KNOX</surname><given-names>E.G.</given-names></name><name><surname>KNOX</surname><given-names>E.G.</given-names></name></person-group></element-citation></ref><ref id="B10"><element-citation publication-type="book"><source>Dictionary of epidemiology</source><date><year>1983</year></date><person-group><name><surname>LAST</surname><given-names>J.</given-names></name><name><surname>LAST</surname><given-names>J.</given-names></name></person-group></element-citation></ref><ref id="B11"><element-citation publication-type="book"><source>Algunos problemas teóricos y conceptuales de la epidemiologia social</source><date><year>1976</year></date><person-group><name><surname>LAURELL</surname><given-names>A.C.</given-names></name><name><surname>LAURELL</surname><given-names>A.C.</given-names></name></person-group></element-citation></ref><ref id="B12"><element-citation publication-type="book"><source>Medicina preventiva</source><date><year>1978</year></date><person-group><name><surname>LEAVELL</surname><given-names>H.</given-names></name><name><surname>CLARK</surname><given-names>E.G.</given-names></name><name><surname>LEAVELL</surname><given-names>H.</given-names></name><name><surname>CLARK</surname><given-names>E.G.</given-names></name></person-group></element-citation></ref><ref id="B13"><element-citation publication-type="article"><article-title>Definitions of epidemiology</article-title><source>Am J. Epidemiol</source><date><year>1978</year></date><fpage>87</fpage><lpage>90</lpage><issue>2</issue><volume>107</volume><person-group><name><surname>LILIENFELD</surname><given-names>D.E.</given-names></name></person-group></element-citation></ref><ref id="B14"><element-citation publication-type="book"><source>Principios y métodos de epidemiologia</source><date><year>1975</year></date><person-group><name><surname>MACMAHON</surname><given-names>B.</given-names></name><name><surname>PUGH</surname><given-names>T.</given-names></name><name><surname>MACMAHON</surname><given-names>B.</given-names></name><name><surname>PUGH</surname><given-names>T.</given-names></name></person-group></element-citation></ref><ref id="B15"><element-citation publication-type="book"><source>Introdução ao planejamento econômico</source><date><year>1980</year></date><person-group><name><surname>MIGLIOLI</surname><given-names>I.</given-names></name><name><surname>MIGLIOLI</surname><given-names>I.</given-names></name></person-group></element-citation></ref><ref id="B16"><element-citation publication-type="article"><article-title>Uses of ecology analysis in epidemiological research</article-title><source>Am. J. Public. Health</source><date><year>1982</year></date><issue>12</issue><volume>72</volume><person-group><name><surname>MORGENSTERN</surname><given-names>H.</given-names></name></person-group></element-citation></ref><ref id="B17"><element-citation publication-type="book"><source>Uses of Epidemiology</source><date><year>1975</year></date><person-group><name><surname>MORRIS</surname><given-names>J.N.</given-names></name><name><surname>MORRIS</surname><given-names>J.N.</given-names></name></person-group></element-citation></ref><ref id="B18"><element-citation publication-type="book"><source>Viver é resistir</source><date><year>1983</year></date><person-group><name><surname>QUADRA</surname><given-names>A.A.F.</given-names></name><name><surname>QUADRA</surname><given-names>A.A.F.</given-names></name></person-group></element-citation></ref><ref id="B19"><element-citation publication-type="book"><source>Clinical epidemiology: a basic science for clinical medicine</source><date><year>1985</year></date><person-group><name><surname>SACKETT</surname><given-names>D.</given-names></name><name><surname>HAYNES</surname><given-names>R.B.</given-names></name><name><surname>TUGWELL</surname><given-names>P.</given-names></name><name><surname>SACKETT</surname><given-names>D.</given-names></name><name><surname>HAYNES</surname><given-names>R.B.</given-names></name><name><surname>TUGWELL</surname><given-names>P.</given-names></name></person-group></element-citation></ref><ref id="B20"><element-citation publication-type="book"><source>Causal thinking in the health sciences</source><date><year>1973</year></date><person-group><name><surname>SUSSER</surname><given-names>M.</given-names></name><name><surname>SUSSER</surname><given-names>M.</given-names></name></person-group></element-citation></ref><ref id="B21"><element-citation publication-type="book"><source>Saúde e medicina no Brasil</source><date><year>1978</year></date><person-group><name><surname>TAMBELLINI</surname><given-names>A.</given-names></name><name><surname>GUIMARÃES</surname><given-names>R.</given-names></name><name><surname>GUIMARÃES</surname><given-names>R.</given-names></name></person-group></element-citation></ref><ref id="B22"><element-citation publication-type="article"><article-title>Health planning as a regulatory strategy: a discussion of its history and current uses</article-title><source>J. Health Serv.</source><date><year>1985</year></date><fpage>127</fpage><lpage>9</lpage><issue>1</issue><volume>10</volume><person-group><name><surname>TANNEN</surname><given-names>L.</given-names></name></person-group></element-citation></ref><ref id="B23"><element-citation publication-type="book"><source>La revolución epidemiológica y la medicina social</source><date><year>1981</year></date><person-group><name><surname>TERRIS</surname><given-names>M.</given-names></name><name><surname>TERRIS</surname><given-names>M.</given-names></name></person-group></element-citation></ref></ref-list></back></article></articles>