<articles xmlns:xsi="http://www.w3.org/2001/XMLSchema-instance" xsi:schemaLocation="https://raw.githubusercontent.com/scieloorg/articles_meta/master/tests/xsd/scielo_sci/ThomsonReuters_publishing.xsd" dtd-version="1.10"><article lang_id="pt" article-type="research-article"><front><journal-meta><journal-id journal-id-type="publisher">csp</journal-id><journal-title-group><journal-title>Cadernos de Saúde Pública</journal-title><abbrev-journal-title>Cad. Saúde Pública</abbrev-journal-title></journal-title-group><issn>1678-4464</issn><collection>SciELO Brazil</collection><publisher><publisher-name>Escola Nacional de Saúde Pública Sergio Arouca, Fundação Oswaldo Cruz</publisher-name></publisher></journal-meta><article-meta><unique-article-id pub-id-type="publisher-id">S0102-311X1991000100009</unique-article-id><article-id pub-id-type="publisher-id">S0102-311X1991000100009</article-id><article-id pub-id-type="doi">10.1590/S0102-311X1991000100009</article-id><article-categories><subj-group><subject>Health Policy &amp; Services</subject></subj-group></article-categories><title-group><article-title lang_id="pt">Parasitismo intestinal entre o grupo indígena Zoró, Estado de Mato Grosso (Brasil)</article-title></title-group><contrib-group><contrib contrib-type="author"><name><surname>Coimbra Jr.</surname><given-names>Carlos E. A.</given-names></name><role>ND</role><xref ref-type="aff" rid="A01"/></contrib><contrib contrib-type="author"><name><surname>Santos</surname><given-names>Ricardo Ventura</given-names></name><role>ND</role><xref ref-type="aff" rid="A01"/></contrib></contrib-group><aff id="A01"><institution>Fundação Oswaldo Cruz</institution><country>Brazil</country></aff><pub-date><month>03</month><year>1991</year></pub-date><volume>7</volume><issue>1</issue><fpage>100</fpage><lpage>103</lpage><permissions><license license-type="open-access" href="http://creativecommons.org/licenses/by-nc/4.0/"><license-p>This work is licensed under a Creative Commons Attribution-NonCommercial 4.0 International License.</license-p></license></permissions><self-uri href="http://www.scielo.br/scielo.php?script=sci_arttext&amp;pid=S0102-311X1991000100009&amp;lng=en&amp;tlng=en" content-type="full_text_page"/><self-uri href="http://www.scielo.br/scielo.php?script=sci_issuetoc&amp;pid=0102-311X19910001&amp;lng=en" content-type="issue_page"/><self-uri href="http://www.scielosp.org/scielo.php?script=sci_serial&amp;pid=0102-311X&amp;lng=en" content-type="journal_page"/><abstract lang_id="pt"><p>Essa nota relata os resultados de inquérito parasitológico realizado entre o grupo indígena Zoró (Mato Grosso). Dentre os 173 exames realizados, foram encontradas 9 (5,2%) amostras positivas para Ancilostomtdeos, 4 (2,3%) para Trichuris trichiura, 5 (2,9%) para Hymenolepis nana, 17 (9,8%) para Giardia lamblia, 5 (2,9%) para Balantidium coli e 29 (16,8%) para Entamoeba histolytica. Os autores observam a baixa prevalência de helmintoses e chamam a atenção para a possibilidade de controle dessas parasitoses em comunidades indígenas por meio de medicação em massa. Discutem, também, as implicações epidemiológicas da prática de criar porcos selvagens no peridomicílio na transmissão do B. coli.</p></abstract><trans-abstract lang_id="en"><p>This paper reports on the results of a parasitological survey conducted among the Zoró Indians (Mato Grosso). From the total of 173 stool samples, 9 (5.2%) were positive for Ancilostomidae, 4 (23%) for Trichuris trichiura, 5 (2.9%) for Hymenolepis nana, 17 (9.8%) for Guardia lamblia, 5 (2.9%) for Balantidium coli, and 29 (16.8%) for Entamoeba hislolytica. The authors note the low prevalence of helminths and call attention for the possibilities of achieving control of these parasites among Amerindian communities by means of mass treatment. The authors also discuss the epidemiological implications of the practice of rearing mid pigs near the houses in the transmission of B. coli.</p></trans-abstract></article-meta></front><back><ref-list><ref id="B1"><element-citation publication-type="article"><article-title>Bebe! Bebe!... Jikkoi!: Les Zorós vont à la chasse</article-title><source>Recherches Amerindiennes au Quebec</source><date><year>1985</year></date><fpage>45</fpage><lpage>57</lpage><volume>15</volume><person-group><name><surname>BRUNELLI</surname><given-names>G.</given-names></name></person-group></element-citation></ref><ref id="B2"><element-citation publication-type="thesis"><source>Condições Sanitárias em Escolares em Zonas Rurais do Território Federal do Amapá</source><date><year>1978</year></date><person-group><name><surname>BRUNO</surname><given-names>A. A. G.</given-names></name><name><surname>BRUNO</surname><given-names>A. A. G.</given-names></name></person-group></element-citation></ref><ref id="B3"><element-citation publication-type="book"><source>Natural Nidality of Diseases and Questions of Parasitology</source><date><year>1968</year></date><person-group><name><surname>HOARE</surname><given-names>C. A.</given-names></name><name><surname>Levine</surname><given-names>N, D.</given-names></name><name><surname>Pious</surname><given-names>F. K.</given-names></name><name><surname>Levine</surname><given-names>N, D.</given-names></name><name><surname>Pious</surname><given-names>F. K.</given-names></name></person-group></element-citation></ref><ref id="B4"><element-citation publication-type="article"><article-title>Epidemiologic studies among Amerindian populations of Amazonia: III. Intestinal parasitoses in newly contacted and acculturating villages</article-title><source>Am. J. Trop. Med. Hyg.</source><date><year>1980</year></date><fpage>530</fpage><lpage>537</lpage><volume>29</volume><person-group><name><surname>LAWRENCE</surname><given-names>D. L.</given-names></name><name><surname>NEEL</surname><given-names>J. V.</given-names></name><name><surname>ABADIE</surname><given-names>S. H.</given-names></name><name><surname>MOORE</surname><given-names>L. L.</given-names></name><name><surname>ADAMS</surname><given-names>L. J.</given-names></name><name><surname>HEALY</surname><given-names>G. R.</given-names></name><name><surname>KAGAN</surname><given-names>I. G.</given-names></name></person-group></element-citation></ref><ref id="B5"><element-citation publication-type="book"><source>Pessôa Parasitologia Médica</source><date><year>1977</year></date><person-group><name><surname>MARTINS</surname><given-names>A. V.</given-names></name><name><surname>PESSÔA</surname><given-names>S. B.</given-names></name><name><surname>MARTINS</surname><given-names>A. V.</given-names></name><name><surname>PESSÔA</surname><given-names>S. B.</given-names></name></person-group></element-citation></ref><ref id="B6"><element-citation publication-type="article"><article-title>Estimativa quantitativa da resposta à clortetraciclina em um caso grave de disenteria por Balantidium coli</article-title><source>Acta Amazonica</source><date><year>1977</year></date><fpage>47</fpage><lpage>49</lpage><volume>7</volume><person-group><name><surname>REES</surname><given-names>R. G. P.</given-names></name><name><surname>SHELLEY</surname><given-names>A. J.</given-names></name></person-group></element-citation></ref><ref id="B7"><element-citation publication-type="book"><source>South American Indians: A Case Study in Evolution</source><date><year>1988</year></date><person-group><name><surname>SALZANO</surname><given-names>F. M.</given-names></name><name><surname>CALLEGARI-JACQUES</surname><given-names>S.</given-names></name><name><surname>SALZANO</surname><given-names>F. M.</given-names></name><name><surname>CALLEGARI-JACQUES</surname><given-names>S.</given-names></name></person-group></element-citation></ref><ref id="B8"><element-citation publication-type="article"><article-title>Estudos epidemiológicos entre grupos indígenas de Rondônia: III. Parasitoses intestinais nas populações dos vales dos rios Guaporé e Mamoré</article-title><source>Cadernos de Saúde Pública</source><date><year>1985</year></date><fpage>467</fpage><lpage>477</lpage><volume>1</volume><person-group><name><surname>SANTOS</surname><given-names>R. V.</given-names></name><name><surname>COIMBRA JR.</surname><given-names>C. E. A.</given-names></name><name><surname>OTT</surname><given-names>A. M.</given-names></name></person-group></element-citation></ref><ref id="B9"><element-citation publication-type="article"><article-title>Prevalência de parasitoses intestinais no grupo indígena Kantiana, Rondônia</article-title><source>Ciência e Cultura</source><date><year>1985</year></date><fpage>68</fpage><volume>37</volume><person-group><name><surname>SANTOS</surname><given-names>R. V.</given-names></name><name><surname>TANUS</surname><given-names>R.</given-names></name><name><surname>COIMBRA JR.</surname><given-names>C. E. A.</given-names></name></person-group></element-citation></ref><ref id="B10"><element-citation publication-type="book"><source>Manson's Tropical Disease</source><date><year>1972</year></date><person-group><name><surname>WILCOCKS</surname><given-names>C.</given-names></name><name><surname>MANSON-BAHR</surname><given-names>P. E. C.</given-names></name><name><surname>WILCOCKS</surname><given-names>C.</given-names></name><name><surname>MANSON-BAHR</surname><given-names>P. E. C.</given-names></name></person-group></element-citation></ref></ref-list></back></article></articles>