<articles xmlns:xsi="http://www.w3.org/2001/XMLSchema-instance" xsi:schemaLocation="https://raw.githubusercontent.com/scieloorg/articles_meta/master/tests/xsd/scielo_sci/ThomsonReuters_publishing.xsd" dtd-version="1.10"><article lang_id="pt" article-type="research-article"><front><journal-meta><journal-id journal-id-type="publisher">csp</journal-id><journal-title-group><journal-title>Cadernos de Saúde Pública</journal-title><abbrev-journal-title>Cad. Saúde Pública</abbrev-journal-title></journal-title-group><issn>1678-4464</issn><collection>SciELO Brazil</collection><publisher><publisher-name>Escola Nacional de Saúde Pública Sergio Arouca, Fundação Oswaldo Cruz</publisher-name></publisher></journal-meta><article-meta><unique-article-id pub-id-type="publisher-id">S0102-311X1991000200008</unique-article-id><article-id pub-id-type="publisher-id">S0102-311X1991000200008</article-id><article-id pub-id-type="doi">10.1590/S0102-311X1991000200008</article-id><article-categories><subj-group><subject>Health Policy &amp; Services</subject></subj-group></article-categories><title-group><article-title lang_id="pt">AIDS em mulheres adultas no município do Rio de Janeiro</article-title></title-group><contrib-group><contrib contrib-type="author"><name><surname>Koifman</surname><given-names>Rosalina Jorge</given-names></name><role>ND</role><xref ref-type="aff" rid="A01"/></contrib><contrib contrib-type="author"><name><surname>Quinhões</surname><given-names>Eleonora Pati</given-names></name><role>ND</role><xref ref-type="aff" rid="A01"/></contrib><contrib contrib-type="author"><name><surname>Monteiro</surname><given-names>Gina Torres Rego</given-names></name><role>ND</role><xref ref-type="aff" rid="A02"/></contrib><contrib contrib-type="author"><name><surname>Rodrigues</surname><given-names>Regina</given-names></name><role>ND</role><xref ref-type="aff" rid="A01"/></contrib><contrib contrib-type="author"><name><surname>Koifman</surname><given-names>Sérgio</given-names></name><role>ND</role><xref ref-type="aff" rid="A02"/></contrib></contrib-group><aff id="A01"><institution>Fundação Oswaldo Cruz</institution><country>Brazil</country></aff><aff id="A02"><institution>Prefeitura do Rio de Janeiro</institution></aff><pub-date><month>06</month><year>1991</year></pub-date><volume>7</volume><issue>2</issue><fpage>232</fpage><lpage>250</lpage><permissions><license license-type="open-access" href="http://creativecommons.org/licenses/by-nc/4.0/"><license-p>This work is licensed under a Creative Commons Attribution-NonCommercial 4.0 International License.</license-p></license></permissions><self-uri href="http://www.scielo.br/scielo.php?script=sci_arttext&amp;pid=S0102-311X1991000200008&amp;lng=en&amp;tlng=en" content-type="full_text_page"/><self-uri href="http://www.scielosp.org/scielo.php?script=sci_issuetoc&amp;pid=0102-311X19910002&amp;lng=en" content-type="issue_page"/><self-uri href="http://www.scielosp.org/scielo.php?script=sci_serial&amp;pid=0102-311X&amp;lng=en" content-type="journal_page"/><abstract lang_id="pt"><p>Este trabalho apresenta as principais características epidemiológicas descritivas da distribuição de AIDS em mulheres adultas no Município do Rio de Janeiro, ao longo da década de oitenta. Pode-se observar uma participação crescente das mesmas, com elevadas taxas de incidência comparativamente com coeficientes para todo o Brasil, bem como para o Canadá. A contaminação transfusional, predominante no início da epidemia, vem cedendo lugar à transmissão sexual e por utilização de drogas endovenosas. Observa-se, também, uma distribuição espacial definida na ocorrência dos casos, com participação crescente das mulheres jovens. O trabalho ressalta a importância da tuberculose como segunda causa de complicação mais freqüente entre as infecções oportunistas observadas. Finalmente, são apontadas algumas das questões cruciais a serem abordadas no futuro, tendo em vista a compreensão e o controle na difusão da epidemia no grupo estudado.</p></abstract><trans-abstract lang_id="en"><p>This paper presents the main epidemiological characteristics of AIDS cases observed among adult women in Rio de Janeiro Municipality (Rio) during 1980-89. Higher incidence rates as compared to Brazilian and Canadian women, rising participation of either sexual transmission and EV drug addiction and an increasing involvement of young women were also observed. The disease does not present a random spatial distribution in Rio, and case clusters in definite high risks areas were shown. Tuberculosis was found to be the second most frequent opportunistic infection detected among cases. Finally, some of the main trends and questions related to AIDS control among women in the studied area are discussed.</p></trans-abstract></article-meta></front><back><ref-list><ref id="B1"><element-citation publication-type="article"><article-title>Epidemiology of HIV infection and AIDS</article-title><source>Epidemiologic Reviews</source><date><year>1989</year></date><fpage>222</fpage><lpage>229</lpage><volume>11</volume><person-group><name><surname>BERKELMAN</surname><given-names>R. L.</given-names></name><name><surname>CURRAN</surname><given-names>J. W.</given-names></name></person-group></element-citation></ref><ref id="B2"><element-citation publication-type="article"><article-title>Revision of case definition of acquire immunodeficiency syndrome for natural reporting: United States</article-title><source>MMWR</source><date><year>1985</year></date><fpage>373</fpage><lpage>375</lpage><volume>34</volume></element-citation></ref><ref id="B3"><element-citation publication-type="undefined"/></ref><ref id="B4"><element-citation publication-type="article"><article-title>Human immunodeficiency virus infection in the United States: a review of current knowledge</article-title><source>MMWR</source><date><year>1987</year></date><fpage>1</fpage><lpage>21</lpage><volume>36</volume></element-citation></ref><ref id="B5"><element-citation publication-type="article"><article-title>Antibody to human immunodeficiency virus in female prostitutes</article-title><source>MMWR</source><date><year>1987</year></date><fpage>157</fpage><lpage>161</lpage><volume>36</volume></element-citation></ref><ref id="B6"><element-citation publication-type="article"><article-title>Global surveillance and forecasting of AIDS</article-title><source>WHO Bulletin</source><date><year>1989</year></date><fpage>1</fpage><lpage>7</lpage><issue>1</issue><volume>67</volume><person-group><name><surname>CHIN</surname><given-names>J.</given-names></name><name><surname>MANN</surname><given-names>J.</given-names></name></person-group></element-citation></ref><ref id="B7"><element-citation publication-type="article"><article-title>Risk factors for male to female transmission of HIV</article-title><source>Brit. Med. J.</source><date><year>1989</year></date><fpage>411</fpage><lpage>418</lpage><volume>298</volume></element-citation></ref><ref id="B8"><element-citation publication-type="book"><source>Surveillance Update: AIDS in Canada</source><date><day>07</day><month>08</month><year>1990</year></date></element-citation></ref><ref id="B9"><element-citation publication-type="book"><source>IX Recenceamento Geral do Brasil</source><date><year>1980</year></date></element-citation></ref><ref id="B10"><element-citation publication-type="conference"><source>Seroprevalence and risks of HIV infection in spouses of persons infected by HIV</source><date><year>1988</year></date><person-group><name><surname>FISCHL</surname><given-names>M.</given-names></name><name><surname>FISCHL</surname><given-names>M.</given-names></name></person-group></element-citation></ref><ref id="B11"><element-citation publication-type="conference"><source>Heterosexual transmission of human immunodeficiency virus (HIV): association with severe T4 cell depletion in male hemophiliacs</source><date><year>1987</year></date><person-group><name><surname>GOEDDERT</surname><given-names>J. J.</given-names></name><name><surname>GOEDDERT</surname><given-names>J. J.</given-names></name></person-group></element-citation></ref><ref id="B12"><element-citation publication-type="article"><article-title>Seroprevalence of human immunodeficiency vims among childbearing women</article-title><source>N. Engl. J. Med.</source><date><year>1980</year></date><fpage>525</fpage><lpage>530</lpage><volume>318</volume><person-group><name><surname>HOFF</surname><given-names>R.</given-names></name></person-group></element-citation></ref><ref id="B13"><element-citation publication-type="article"><article-title>Human immunodeficiency virus infection in women</article-title><source>Brit. J. Obst. Gynaecol.</source><date><year>1989</year></date><fpage>129</fpage><lpage>134</lpage><volume>96</volume><person-group><name><surname>JOHNSON</surname><given-names>M. A.</given-names></name><name><surname>WEBSTER</surname><given-names>A.</given-names></name></person-group></element-citation></ref><ref id="B14"><element-citation publication-type="article"><article-title>The international epidemiology of AIDS</article-title><source>Scientific American</source><date><year>1988</year></date><fpage>82</fpage><lpage>89</lpage><volume>256</volume><person-group><name><surname>MANN</surname><given-names>J.</given-names></name></person-group></element-citation></ref><ref id="B15"><element-citation publication-type="book"><source>AIDS: Boletim Epidemiológico</source><date><year>1990</year></date></element-citation></ref><ref id="B16"><element-citation publication-type="article"><article-title>Infants born to mothers seropositive for human immunodeficiency virus: Preliminary findings from a multicenter European study</article-title><source>Lancet</source><date><year>1987</year></date><fpage>1164</fpage><lpage>1168</lpage><volume>1</volume><person-group><name><surname>MOK</surname><given-names>J. G.</given-names></name></person-group></element-citation></ref><ref id="B17"><element-citation publication-type="article"><article-title>Acquired immunodeficiency syndrome: current and future trends</article-title><source>Public Health Reports</source><date><year>1980</year></date><fpage>459</fpage><lpage>465</lpage><volume>101</volume><person-group><name><surname>MORGAN</surname><given-names>W. M.</given-names></name><name><surname>CURRAN</surname><given-names>J. W.</given-names></name></person-group></element-citation></ref><ref id="B18"><element-citation publication-type="book"><source>Natural history of HIV infection AIDS</source><date><year>1989</year></date><fpage>55</fpage><lpage>61</lpage><volume>3</volume><person-group><name><surname>MOSS</surname><given-names>A. R.</given-names></name><name><surname>BACCHETTI</surname><given-names>P.</given-names></name><name><surname>MOSS</surname><given-names>A. R.</given-names></name><name><surname>BACCHETTI</surname><given-names>P.</given-names></name></person-group></element-citation></ref><ref id="B19"><element-citation publication-type="conference"><source>Perinatal HIV transmission in two African hospitals</source><date><year>1987</year></date><person-group><name><surname>NZILAMBI</surname><given-names>N.</given-names></name><name><surname>NZILAMBI</surname><given-names>N.</given-names></name></person-group></element-citation></ref><ref id="B20"><element-citation publication-type="conference"><source>Comparison of AIDS clinical manifestations between men and women in primarily homosexual population</source><date><year>1988</year></date><person-group><name><surname>SALTZMAN</surname><given-names>B. R.</given-names></name><name><surname>SALTZMAN</surname><given-names>B. R.</given-names></name></person-group></element-citation></ref><ref id="B21"><element-citation publication-type="article"><article-title>HIV infection and AIDS in newborn babies of mothers positive for HIV antibody</article-title><source>Br. Med. J.</source><date><year>1987</year></date><fpage>610</fpage><volume>294</volume><person-group><name><surname>SEPRINI</surname><given-names>E. E.</given-names></name></person-group></element-citation></ref><ref id="B22"><element-citation publication-type="conference"><source>A trend analysis of the first 50 000 AIDS cases reported in the United States</source><date><year>1988</year></date><person-group><name><surname>STARCHER</surname><given-names>E. T.</given-names></name><name><surname>STARCHER</surname><given-names>E. T.</given-names></name></person-group></element-citation></ref><ref id="B23"><element-citation publication-type="book"><source>World Health Statistics</source><date><year>1980</year></date></element-citation></ref></ref-list></back></article></articles>