<articles xmlns:xsi="http://www.w3.org/2001/XMLSchema-instance" xsi:schemaLocation="https://raw.githubusercontent.com/scieloorg/articles_meta/master/tests/xsd/scielo_sci/ThomsonReuters_publishing.xsd" dtd-version="1.10"><article lang_id="pt" article-type="research-article"><front><journal-meta><journal-id journal-id-type="publisher">csp</journal-id><journal-title-group><journal-title>Cadernos de Saúde Pública</journal-title><abbrev-journal-title>Cad. Saúde Pública</abbrev-journal-title></journal-title-group><issn>1678-4464</issn><collection>SciELO Brazil</collection><publisher><publisher-name>Escola Nacional de Saúde Pública Sergio Arouca, Fundação Oswaldo Cruz</publisher-name></publisher></journal-meta><article-meta><unique-article-id pub-id-type="publisher-id">S0102-311X1987000100007</unique-article-id><article-id pub-id-type="publisher-id">S0102-311X1987000100007</article-id><article-id pub-id-type="doi">10.1590/S0102-311X1987000100007</article-id><article-categories><subj-group><subject>Health Policy &amp; Services</subject></subj-group></article-categories><title-group><article-title lang_id="pt">O que é Saúde Pública?</article-title></title-group><contrib-group><contrib contrib-type="author"><name><surname>Pires Filho</surname><given-names>Fernando Molinos</given-names></name><role>ND</role><xref ref-type="aff" rid="A01"/></contrib></contrib-group><aff id="A01"><institution>Universidade Federal do Rio Grande do Sul</institution><country>Brazil</country></aff><pub-date><month>03</month><year>1987</year></pub-date><volume>3</volume><issue>1</issue><fpage>62</fpage><lpage>70</lpage><permissions><license license-type="open-access" href="http://creativecommons.org/licenses/by-nc/4.0/"><license-p>This work is licensed under a Creative Commons Attribution-NonCommercial 4.0 International License.</license-p></license></permissions><self-uri href="http://www.scielo.br/scielo.php?script=sci_arttext&amp;pid=S0102-311X1987000100007&amp;lng=en&amp;tlng=en" content-type="full_text_page"/><self-uri href="http://www.scielosp.org/scielo.php?script=sci_issuetoc&amp;pid=0102-311X19870001&amp;lng=en" content-type="issue_page"/><self-uri href="http://www.scielosp.org/scielo.php?script=sci_serial&amp;pid=0102-311X&amp;lng=en" content-type="journal_page"/><abstract lang_id="pt"><p>O autor elabora uma reflexão sobre os entendimentos mais prevalentes entre os atores da área da saúde, a respeito da expressão "saúde pública". E procura mostrar que: - enquanto cidadãos trabalhadores de saúde, "enchergamos" ou "entendemos" a questão ou as questões de saúde pública de forma diferente; - em função dessas percepções diferentes, temos interesses, assumimos posturas e apontamos soluções diferentes; - os tipos de soluções, interesses, posturas e soluções guardam entre si uma lógica própria que lhes dá coerência interna, e ao mesmo tempo definem um nível de abrangência para o trato da questão, assim como determinam a possibilidade de graus de resolutividade para os problemas a ela relacionados.</p></abstract><trans-abstract lang_id="en"><p>The author elaborates a reflexion about the most prevalent understanding between the health area authors about the expression "PUBLIC HEALTH." He tries to show that. a) While worker citizens of health "see", "cath sigh of" or public health questions in a different way. b) Because of those different perceptions we assume different interests, different positions and we point different solutions. c) The solution tipes, interests and positions keep between themselves a proper logic that gives them intern coherence, and d) At he same time, define an abrangence level to solve it, as to determinate the possiblilities of resolution levels to the problems related to it.</p></trans-abstract><kwd-group lang_id="pt" kwd-group-type="author-generated"><kwd>Saúde Pública</kwd><kwd>Doenças e Sociedade</kwd><kwd>Medicina Preventiva e Social</kwd><kwd>Modelos de interpretação</kwd></kwd-group></article-meta></front><back><ref-list><ref id="B1"><element-citation publication-type="book"><source>O dilema preventista: Contribuição para a compreensão e crítica da Medicina Preventiva</source><date><year>1975</year></date><person-group><name><surname>AROUCA</surname><given-names>Antônio Sérgio da Silva</given-names></name><name><surname>AROUCA</surname><given-names>Antônio Sérgio da Silva</given-names></name></person-group></element-citation></ref><ref id="B2"><element-citation publication-type="article"><article-title>Medicina y Sociedad: Las corrientes de pensamiento en el campo de la salud</article-title><source>Educ. Med. Salud.</source><date><year>1983</year></date><issue>4</issue><volume>17</volume><person-group><name><surname>GARCIA</surname><given-names>Juan Cesar</given-names></name></person-group></element-citation></ref><ref id="B3"><element-citation publication-type="book"><source>O que é saúde pública?</source><fpage>10</fpage><person-group><name><surname>McGAVRAN</surname><given-names>Edward G.</given-names></name><name><surname>McGAVRAN</surname><given-names>Edward G.</given-names></name></person-group></element-citation></ref><ref id="B4"><element-citation publication-type="book"><source>A evolução histórica da prática médica; nas implicações no ensino, na pesquisa e na tecnologia médicas</source><date><year>1984</year></date><person-group><name><surname>MENDES</surname><given-names>Eugenio Vilaça</given-names></name><name><surname>MENDES</surname><given-names>Eugenio Vilaça</given-names></name></person-group></element-citation></ref><ref id="B5"><element-citation publication-type="article"><article-title>O projeto preventivista e a noção de subdesenvolvimento</article-title><source>Medicina</source><date><year>1982</year></date><fpage>163</fpage><lpage>165</lpage><issue>3</issue><volume>15</volume><person-group><name><surname>PEREIRA</surname><given-names>José Carlos</given-names></name></person-group></element-citation></ref><ref id="B6"><element-citation publication-type="article"><article-title>O processo saúde-doença e suas interpretações</article-title><source>Rev. Medicina do H. C. FMRJ</source><person-group><name><surname>NETTO</surname><given-names>Antonio Ruffino</given-names></name><name><surname>PEREIRA</surname><given-names>José Carlos</given-names></name></person-group></element-citation></ref></ref-list></back></article></articles>