<articles xmlns:xsi="http://www.w3.org/2001/XMLSchema-instance" xsi:schemaLocation="https://raw.githubusercontent.com/scieloorg/articles_meta/master/tests/xsd/scielo_sci/ThomsonReuters_publishing.xsd" dtd-version="1.10"><article lang_id="pt" article-type="research-article"><front><journal-meta><journal-id journal-id-type="publisher">csp</journal-id><journal-title-group><journal-title>Cadernos de Saúde Pública</journal-title><abbrev-journal-title>Cad. Saúde Pública</abbrev-journal-title></journal-title-group><issn>1678-4464</issn><collection>SciELO Brazil</collection><publisher><publisher-name>Escola Nacional de Saúde Pública Sergio Arouca, Fundação Oswaldo Cruz</publisher-name></publisher></journal-meta><article-meta><unique-article-id pub-id-type="publisher-id">S0102-311X1993000200007</unique-article-id><article-id pub-id-type="publisher-id">S0102-311X1993000200007</article-id><article-id pub-id-type="doi">10.1590/S0102-311X1993000200007</article-id><article-categories><subj-group><subject>Health Policy &amp; Services</subject></subj-group></article-categories><title-group><article-title lang_id="pt">Análise crítica de uma revista institucional: as Memórias do Instituto Oswaldo Cruz</article-title><trans-title-group lang_id="en"><trans-title>A critical appraisal of an institutional journal: Memórias do Instituto Oswaldo Cruz</trans-title></trans-title-group></title-group><contrib-group><contrib contrib-type="author"><name><surname>Lemos</surname><given-names>Antonio Agenor Briquet de</given-names></name><role>ND</role></contrib></contrib-group><pub-date><month>06</month><year>1993</year></pub-date><volume>9</volume><issue>2</issue><fpage>161</fpage><lpage>169</lpage><permissions><license license-type="open-access" href="http://creativecommons.org/licenses/by-nc/4.0/"><license-p>This work is licensed under a Creative Commons Attribution-NonCommercial 4.0 International License.</license-p></license></permissions><self-uri href="http://www.scielo.br/scielo.php?script=sci_arttext&amp;pid=S0102-311X1993000200007&amp;lng=en&amp;tlng=en" content-type="full_text_page"/><self-uri href="http://www.scielo.br/scielo.php?script=sci_issuetoc&amp;pid=0102-311X19930002&amp;lng=en" content-type="issue_page"/><self-uri href="http://www.scielosp.org/scielo.php?script=sci_serial&amp;pid=0102-311X&amp;lng=en" content-type="journal_page"/><abstract lang_id="pt"><p>Criadas e mantidas durante muitos anos para difundir exclusivamente os resultados de pesquisas de uma instituição, as Memórias do Instituto Oswaldo Cruz vêm passando, desde a década de 1980, por mudanças que as transformaram numa revista aberta. São analisadas as condições em que se deu seu surgimento e o excelente papel que desempenharam na difusão dos conhecimentos produzidos pelo Instituto Oswaldo Cruz. O fato de ter sido uma revista diferente das editadas por sociedades científicas não diminui sua importância. A opção atual, que procura dar à revista uma inclinação internacional, com possibilidades de competir no mercado estrangeiro, para o que contribuiria a preferência dada a artigos escritos em inglês, suscita questionamentos quanto ao papel dos periódicos especializados brasileiros no quadro de nosso desenvolvimento científico.</p></abstract><trans-abstract lang_id="en"><p>The journal Memórias do Instituto Oswaldo Cruz, founded and maintained over the course of many years for the exclusive publication of research results from one single institution, has undergone changes over the last decade which have resulted in an open journal. Conditions leading to the journal's founding and the excellent role it has played in the dissemination of knowledge produced by the Instituto Oswaldo Cruz are examined. The fact that it has differed from journals published by scientific societies does not diminish its importance. The present option to give this journal an international slant, with possibilities for competing on the foreign market, and which would be facilitated by the preference given to papers written in English, raises some questions about the role of Brazilian specialized journals within the framework of our scientific development.</p></trans-abstract><kwd-group lang_id="pt" kwd-group-type="author-generated"><kwd>Periódicos</kwd><kwd>Academias e Institutos</kwd><kwd>Medicina Tropical</kwd></kwd-group><kwd-group lang_id="en" kwd-group-type="author-generated"><kwd>Periodicals</kwd><kwd>Academies and Institutes</kwd><kwd>Tropical Medicine</kwd></kwd-group></article-meta></front><back><ref-list><ref id="B1"><element-citation publication-type="book"><source>Estudo introdutório do Prof. Leduar de Assis Rocha</source><date><year>1977</year></date></element-citation></ref><ref id="B2"><element-citation publication-type="article"><article-title>Notícia histórica sobre a fundação do Instituto Oswaldo Cruz</article-title><source>Memórias do Instituto Oswaldo Cruz</source><date><year>1977</year></date><fpage>1</fpage><lpage>50</lpage><volume>48</volume><person-group><name><surname>ARAGÃO</surname><given-names>H. B.</given-names></name></person-group></element-citation></ref><ref id="B3"><element-citation publication-type="article"><article-title>Carlos Chagas, diretor de Man-guinhos</article-title><source>Memórias do Instituto Oswaldo Cruz</source><date><year>1953</year></date><fpage>1</fpage><lpage>10</lpage><volume>51</volume><person-group><name><surname>ARAGÃO</surname><given-names>H. B.</given-names></name></person-group></element-citation></ref><ref id="B4"><element-citation publication-type="book"><source>Os Serviços de Saúde Pública no Brasil Especialmente na Cidade do Rio de Janeiro de 1808 a 1907 (esboço histórico e legislação)</source><date><year>1909</year></date><volume>1</volume><person-group><name><surname>BARBOSA</surname><given-names>P.</given-names></name><name><surname>RESENDE</surname><given-names>C. B.</given-names></name><name><surname>BARBOSA</surname><given-names>P.</given-names></name><name><surname>RESENDE</surname><given-names>C. B.</given-names></name></person-group></element-citation></ref><ref id="B5"><element-citation publication-type="book"><source>Manguinhos do Sonho à Vida; a Ciência na Belle Époque</source><date><year>1990</year></date><person-group><name><surname>BENCHIMOL</surname><given-names>J. L. (Org.)</given-names></name><name><surname>BENCHIMOL</surname><given-names>J. L. (Org.)</given-names></name></person-group></element-citation></ref><ref id="B6"><element-citation publication-type="book"><source>Carlos Chagas (1879-1934)</source><date><year>1959</year></date><fpage>769</fpage><lpage>780</lpage><person-group><name><surname>CHAGAS</surname><given-names>CARLOS</given-names></name><name><surname>CHAGAS</surname><given-names>CARLOS</given-names></name></person-group></element-citation></ref><ref id="B7"><element-citation publication-type="article"><article-title>Société Institut Pasteur: le virus anglophone</article-title><source>Jours de France</source><date><year>1989</year></date><fpage>19</fpage><lpage>21, 24</lpage><volume>(1790)</volume><person-group><name><surname>CASTELLO</surname><given-names>M.</given-names></name></person-group></element-citation></ref><ref id="B8"><element-citation publication-type="article"><article-title>Editorial</article-title><source>Memórias do Instituto Oswaldo Cruz</source><date><year>1980</year></date><fpage>5</fpage><volume>75</volume><person-group><name><surname>COURA</surname><given-names>J. R.</given-names></name></person-group></element-citation></ref><ref id="B9"><element-citation publication-type="article"><article-title>Memória das Memórias</article-title><source>Memórias do Instituto Oswaldo Cruz</source><date><year>1987</year></date><fpage>151</fpage><lpage>153</lpage><volume>82</volume></element-citation></ref><ref id="B10"><element-citation publication-type="article"><article-title>Traços de Oswaldo Cruz</article-title><source>Memórias do Instituto Oswaldo Cruz</source><date><year>1922</year></date><fpage>5</fpage><lpage>57</lpage><volume>15</volume><person-group><name><surname>DIAS</surname><given-names>E.</given-names></name></person-group></element-citation></ref><ref id="B11"><element-citation publication-type="article"><article-title>Editorial</article-title><source>Memórias do Instituto Oswaldo Cruz</source><date><year>1922</year></date><fpage>141</fpage><volume>84</volume><person-group><name><surname>GARCIA</surname><given-names>E. S.</given-names></name></person-group></element-citation></ref><ref id="B12"><element-citation publication-type="book"><source>Journal Citation Reports; a Bibliometric Analysis of References Processed for the 1974 Science Citation Index</source><date><year>1976</year></date><person-group><name><surname>GARFIELD</surname><given-names>E.</given-names></name><name><surname>GARFIELD</surname><given-names>E.</given-names></name></person-group></element-citation></ref><ref id="B13"><element-citation publication-type="article"><article-title>Sobre a produção científica, a indústria dos papers e outras histórias</article-title><source>Ciência e Cultura</source><date><year>1983</year></date><fpage>1442</fpage><lpage>1451</lpage><volume>35</volume><person-group><name><surname>GIAMBIAGI</surname><given-names>M. S.</given-names></name><name><surname>GIAMBIAGI</surname><given-names>M.</given-names></name></person-group></element-citation></ref><ref id="B14"><element-citation publication-type="article"><article-title>Editorial</article-title><source>Research in Immunology</source><date><year>1989</year></date><fpage>5</fpage><volume>140</volume><person-group><name><surname>KOURILSKY</surname><given-names>P.</given-names></name></person-group></element-citation></ref><ref id="B15"><element-citation publication-type="book"><source>Scientific and Technical Journals</source><date><year>1989</year></date><person-group><name><surname>LAMBERT</surname><given-names>J.</given-names></name><name><surname>LAMBERT</surname><given-names>J.</given-names></name></person-group></element-citation></ref><ref id="B16"><element-citation publication-type="book"><source>Indexing and Abstracting in Theory and Practice</source><date><year>1991</year></date><person-group><name><surname>LANCASTER</surname><given-names>F. W.</given-names></name><name><surname>LANCASTER</surname><given-names>F. W.</given-names></name></person-group></element-citation></ref><ref id="B17"><element-citation publication-type="book"><source>Esboço Histórico sobre a Botânica e Zoologia no Brasil: de Gabriel Soares de Souza, 1587, a 7 de setembro de 1922</source><date><year>1929</year></date><person-group><name><surname>NEIVA</surname><given-names>A.</given-names></name><name><surname>NEIVA</surname><given-names>A.</given-names></name></person-group></element-citation></ref><ref id="B18"><element-citation publication-type="article"><article-title>Adolpho Lutz 1855-1940</article-title><source>Memórias do Instituto Oswaldo Cruz</source><date><year>1941</year></date><fpage>i</fpage><lpage>ix</lpage><volume>36</volume><person-group><name><surname>NEIVA</surname><given-names>A.</given-names></name></person-group></element-citation></ref><ref id="B19"><element-citation publication-type="thesis"><source>O Apoio Governamental às Publicações Periódicas Científicas: o Programa de Apoio a Revistas Científicas do CNPq e da FINEP</source><date><year>1989</year></date><person-group><name><surname>OLIVEIRA</surname><given-names>E. C. P.</given-names></name><name><surname>OLIVEIRA</surname><given-names>E. C. P.</given-names></name></person-group></element-citation></ref><ref id="B20"><element-citation publication-type="book"><source>Universidades e Instituições Científicas no Rio de Janeiro</source><date><year>1982</year></date><fpage>17</fpage><lpage>96</lpage><person-group><name><surname>PAIM</surname><given-names>A.</given-names></name><name><surname>Schwartzman</surname><given-names>S.</given-names></name><name><surname>Schwartzman</surname><given-names>S.</given-names></name></person-group></element-citation></ref><ref id="B21"><element-citation publication-type="book"><source>Gênese e Evolução da Ciência Brasileira; Oswaldo Cruz e a Política de Investigação Científica e Médica</source><date><year>1976</year></date><person-group><name><surname>STEPAN</surname><given-names>N.</given-names></name><name><surname>STEPAN</surname><given-names>N.</given-names></name></person-group></element-citation></ref><ref id="B22"><element-citation publication-type="article"><article-title>Memórias do Instituto Oswaldo Cruz: 80 anos de editoração</article-title><source>Memórias do Instituto Oswaldo Cruz</source><date><year>1989</year></date><fpage>435</fpage><lpage>439</lpage><volume>84</volume><person-group><name><surname>WILLCOX</surname><given-names>M. C.</given-names></name></person-group></element-citation></ref></ref-list></back></article></articles>