<articles xmlns:xsi="http://www.w3.org/2001/XMLSchema-instance" xsi:schemaLocation="https://raw.githubusercontent.com/scieloorg/articles_meta/master/tests/xsd/scielo_sci/ThomsonReuters_publishing.xsd" dtd-version="1.10"><article lang_id="pt" article-type="research-article"><front><journal-meta><journal-id journal-id-type="publisher">csp</journal-id><journal-title-group><journal-title>Cadernos de Saúde Pública</journal-title><abbrev-journal-title>Cad. Saúde Pública</abbrev-journal-title></journal-title-group><issn>1678-4464</issn><collection>SciELO Brazil</collection><publisher><publisher-name>Escola Nacional de Saúde Pública Sergio Arouca, Fundação Oswaldo Cruz</publisher-name></publisher></journal-meta><article-meta><unique-article-id pub-id-type="publisher-id">S0102-311X1993000300023</unique-article-id><article-id pub-id-type="publisher-id">S0102-311X1993000300023</article-id><article-id pub-id-type="doi">10.1590/S0102-311X1993000300023</article-id><article-categories><subj-group><subject>Health Policy &amp; Services</subject></subj-group></article-categories><title-group><article-title lang_id="pt">A morte na infância e sua representação para o médico: reflexões sobre a prática pediátrica em diferentes contextos</article-title><trans-title-group lang_id="en"><trans-title>Infant death and its representation for the physician: reflections about pediatric practice in diferent contexts</trans-title></trans-title-group></title-group><contrib-group><contrib contrib-type="author"><name><surname>Hoffmann</surname><given-names>Leandro</given-names></name><role>ND</role></contrib></contrib-group><pub-date><month>09</month><year>1993</year></pub-date><volume>9</volume><issue>3</issue><fpage>364</fpage><lpage>374</lpage><permissions><license license-type="open-access" href="http://creativecommons.org/licenses/by-nc/4.0/"><license-p>This work is licensed under a Creative Commons Attribution-NonCommercial 4.0 International License.</license-p></license></permissions><self-uri href="http://www.scielo.br/scielo.php?script=sci_arttext&amp;pid=S0102-311X1993000300023&amp;lng=en&amp;tlng=en" content-type="full_text_page"/><self-uri href="http://www.scielo.br/scielo.php?script=sci_issuetoc&amp;pid=0102-311X19930003&amp;lng=en" content-type="issue_page"/><self-uri href="http://www.scielosp.org/scielo.php?script=sci_serial&amp;pid=0102-311X&amp;lng=en" content-type="journal_page"/><abstract lang_id="pt"><p>A morte - essa certeza presente direta ou indiretamente em algum momento da vida de todo ser humano - tem sido, especialmente no século XX, um tema proibido, negado, esquecido. Os médicos, apesar de uma experiência mais próxima com a morte, através da sua vivência profissional cotidiana, não conseguem se familiarizar com ela; pelo contrário, o confronto com a morte sempre desperta sentimentos conflitantes de fracasso, culpa, impotência. Através da análise e reflexão de diferentes vivências, principalmente frente à crucialidade da morte na infância, buscou-se compreender a representação deste momento na vida do médico. Apesar do tradicional silêncio das escolas médicas frente a este questionamento, assinala-se, com o apoio da unanimidade dos entrevistados, a importância da introdução de discussões sobre a morte e o morrer no processo de formação do médico, com o objetivo de compreender a morte enquanto parte integrante da vida e promover a humanização do atendimento aos pacientes terminais e seus familiares.</p></abstract><trans-abstract lang_id="en"><p>Death - this certainty, which is directly or indirectly present somewhere in every human being's life - has been a forbidden, denied, and forgotten matter, especially in the twentieth century. Although physicians have a closer experience with death through their daily professional contact, they are unable to become familiar with it, although facing this reality always provokes conflicting feelings like defeat, guilt, and impotence. In spite of the traditional silence on this matter in medical schools, it is important to introduce discussions about death and dying in the medical school curriculum. This idea was suggested by all the interviewees and we completely agree with it. It may facilitate the process of understanding death as an integral part of life and promote humanization in caring for dying patients and their families.</p></trans-abstract><kwd-group lang_id="en" kwd-group-type="author-generated"><kwd>Attitude to Death</kwd><kwd>Ethics, Medical</kwd><kwd>Physician's Role</kwd><kwd>Pediatrics</kwd><kwd>Death</kwd><kwd>Child</kwd></kwd-group><kwd-group lang_id="pt" kwd-group-type="author-generated"><kwd>Atitude Frente a Morte</kwd><kwd>Ética Médica</kwd><kwd>Papel do Médico</kwd><kwd>Pediatria</kwd><kwd>Morte, Criança</kwd></kwd-group></article-meta></front><back><ref-list><ref id="B1"><element-citation publication-type="book"><source>O Homem Diante da Morte</source><date><year>1982</year></date><person-group><name><surname>ARIÈS</surname><given-names>P.</given-names></name><name><surname>ARIÈS</surname><given-names>P.</given-names></name></person-group></element-citation></ref><ref id="B2"><element-citation publication-type="book"><source>Sobre a História da Morte no Ocidente desde a Idade Média</source><date><year>1988</year></date><person-group><name><surname>ARIÈS</surname><given-names>P.</given-names></name></person-group></element-citation></ref><ref id="B3"><element-citation publication-type="article"><article-title>The dying patient: When the focus must be changed?</article-title><source>Archives of Internal Medicine</source><date><year>1971</year></date><fpage>106</fpage><lpage>109</lpage><volume>127</volume><person-group><name><surname>BALTZEL</surname><given-names>W.</given-names></name></person-group></element-citation></ref><ref id="B4"><element-citation publication-type="article"><article-title>Death and dying a course for medical students</article-title><source>Journal of Medical Education</source><date><year>1972</year></date><fpage>945</fpage><lpage>951</lpage><volume>47</volume><person-group><name><surname>BARTON</surname><given-names>D.</given-names></name><name><surname>FLEXNER</surname><given-names>J.</given-names></name><name><surname>Van EYS</surname><given-names>J.</given-names></name><name><surname>SCOTT</surname><given-names>C. E.</given-names></name></person-group></element-citation></ref><ref id="B5"><element-citation publication-type="book"><source>A Morte e Os Mortos na Sociedade Brasileira</source><date><year>1983</year></date><fpage>25</fpage><lpage>37</lpage><person-group><name><surname>CONCONE</surname><given-names>M. H. V. B.</given-names></name><name><surname>Martins</surname><given-names>J. S.</given-names></name><name><surname>Martins</surname><given-names>J. S.</given-names></name></person-group></element-citation></ref><ref id="B6"><element-citation publication-type="book"><source>Exposición de la Doctrina Médica Homeopática ú Organon del Arte de Curar</source><person-group><name><surname>HAHNEMANN</surname><given-names>S.</given-names></name><name><surname>HAHNEMANN</surname><given-names>S.</given-names></name></person-group></element-citation></ref><ref id="B7"><element-citation publication-type="thesis"><source>Os Médicos e a Morte na Infância: Representação de um Tema Interditado</source><date><year>1991</year></date><person-group><name><surname>HOFFMANN</surname><given-names>L.</given-names></name><name><surname>HOFFMANN</surname><given-names>L.</given-names></name></person-group></element-citation></ref><ref id="B8"><element-citation publication-type="book"><source>Morte Estágio Final da Evolução</source><date><year>1981</year></date><person-group><name><surname>KUBLER-ROSS</surname><given-names>E.</given-names></name><name><surname>KUBLER-ROSS</surname><given-names>E.</given-names></name></person-group></element-citation></ref><ref id="B9"><element-citation publication-type="book"><source>Sobre a Morte e o Morrer</source><date><year>1989</year></date><person-group><name><surname>KUBLER-ROSS</surname><given-names>E.</given-names></name></person-group></element-citation></ref><ref id="B10"><element-citation publication-type="book"><source>A Morte e os Mortos na Sociedade Brasileira</source><date><year>1983</year></date><person-group><name><surname>MARTINS</surname><given-names>J. S.</given-names></name><name><surname>MARTINS</surname><given-names>J. S.</given-names></name></person-group></element-citation></ref><ref id="B11"><element-citation publication-type="article"><article-title>O contexto organizacional do morrer. In: Morte Estágio Final da Evolução (E</article-title><source>Kubler-Ross</source><date><year>1981</year></date><fpage>Record</fpage><volume>org.), pp. 33-52, Rio de Janeiro</volume><person-group><name><surname>MAUKSCH</surname><given-names>H. O.</given-names></name></person-group></element-citation></ref><ref id="B12"><element-citation publication-type="book"><source>Conferência no Primeiro Curso de Homeopatia Unicista</source><date><year>1982</year></date><person-group><name><surname>MAZI</surname><given-names>A.</given-names></name><name><surname>MAZI</surname><given-names>A.</given-names></name></person-group></element-citation></ref><ref id="B13"><element-citation publication-type="article"><article-title>In Maries Memory: the rights of the child with life threatening of terminal illness</article-title><source>OMEGA</source><date><year>1987</year></date><fpage>177</fpage><lpage>191</lpage><volume>20</volume><person-group><name><surname>MEAGHER</surname><given-names>D. K.</given-names></name><name><surname>Left</surname><given-names>P. T.</given-names></name></person-group></element-citation></ref><ref id="B14"><element-citation publication-type="thesis"><source>O Desafio do Conhecimento: Metodologia de Pesquisa (qualitativa) em Saúde</source><date><year>1989</year></date><person-group><name><surname>MINAYO</surname><given-names>M. C. S</given-names></name><name><surname>MINAYO</surname><given-names>M. C. S</given-names></name></person-group></element-citation></ref><ref id="B15"><element-citation publication-type="book"><source>Tabu da Morte</source><date><year>1983</year></date><person-group><name><surname>RODRIGUES</surname><given-names>J. C.</given-names></name><name><surname>RODRIGUES</surname><given-names>J. C.</given-names></name></person-group></element-citation></ref><ref id="B16"><element-citation publication-type="book"><source>La Information Psychologique du Médecin</source><date><year>1972</year></date><person-group><name><surname>SAPIR</surname><given-names>M.</given-names></name><name><surname>SAPIR</surname><given-names>M.</given-names></name></person-group></element-citation></ref><ref id="B17"><element-citation publication-type="book"><source>Morte e Formação Médica</source><date><year>1990</year></date><person-group><name><surname>ZAIDHAFT</surname><given-names>S.</given-names></name><name><surname>ZAIDHAFT</surname><given-names>S.</given-names></name></person-group></element-citation></ref><ref id="B18"><element-citation publication-type="book"><source>Os Vivos e a Morte</source><date><year>1977</year></date><person-group><name><surname>ZIEGLER</surname><given-names>J.</given-names></name><name><surname>ZIEGLER</surname><given-names>J.</given-names></name></person-group></element-citation></ref></ref-list></back></article></articles>