<articles xmlns:xsi="http://www.w3.org/2001/XMLSchema-instance" xsi:schemaLocation="https://raw.githubusercontent.com/scieloorg/articles_meta/master/tests/xsd/scielo_sci/ThomsonReuters_publishing.xsd" dtd-version="1.10"><article lang_id="pt" article-type="research-article"><front><journal-meta><journal-id journal-id-type="publisher">csp</journal-id><journal-title-group><journal-title>Cadernos de Saúde Pública</journal-title><abbrev-journal-title>Cad. Saúde Pública</abbrev-journal-title></journal-title-group><issn>1678-4464</issn><collection>SciELO Brazil</collection><publisher><publisher-name>Escola Nacional de Saúde Pública Sergio Arouca, Fundação Oswaldo Cruz</publisher-name></publisher></journal-meta><article-meta><unique-article-id pub-id-type="publisher-id">S0102-311X1986000300002</unique-article-id><article-id pub-id-type="publisher-id">S0102-311X1986000300002</article-id><article-id pub-id-type="doi">10.1590/S0102-311X1986000300002</article-id><article-categories><subj-group><subject>Health Policy &amp; Services</subject></subj-group></article-categories><title-group><article-title lang_id="pt">Racismo no Brasil: os trabalhadores da saúde</article-title></title-group><contrib-group><contrib contrib-type="author"><name><surname>Koifman</surname><given-names>Sérgio</given-names></name><role>ND</role><xref ref-type="aff" rid="A01"/></contrib></contrib-group><aff id="A01"><institution>Fundação Oswaldo Cruz</institution><country>Brazil</country></aff><pub-date><month>09</month><year>1986</year></pub-date><volume>2</volume><issue>3</issue><fpage>279</fpage><lpage>296</lpage><permissions><license license-type="open-access" href="http://creativecommons.org/licenses/by-nc/4.0/"><license-p>This work is licensed under a Creative Commons Attribution-NonCommercial 4.0 International License.</license-p></license></permissions><self-uri href="http://www.scielo.br/scielo.php?script=sci_arttext&amp;pid=S0102-311X1986000300002&amp;lng=en&amp;tlng=en" content-type="full_text_page"/><self-uri href="http://www.scielosp.org/scielo.php?script=sci_issuetoc&amp;pid=0102-311X19860003&amp;lng=en" content-type="issue_page"/><self-uri href="http://www.scielosp.org/scielo.php?script=sci_serial&amp;pid=0102-311X&amp;lng=en" content-type="journal_page"/><abstract lang_id="pt"><p>Este trabalho analisa idéias gerais sobre o racismo, de um ponto de vista histórico, e discute como ele se apresenta atualmente no pensamento dos profissionais da saúde.</p></abstract><trans-abstract lang_id="en"><p>This paper analyses general ideas concerned about racism in a historical approach, and discusses the framework about it at present on health personnel belief as appointed on the text.</p></trans-abstract></article-meta></front><back><ref-list><ref id="B1"><element-citation publication-type="book"><source>Los intelectuales y la organización de la cultura</source><date><year>1972</year></date><fpage>9</fpage><person-group><name><surname>GRAMSCI</surname><given-names>A.</given-names></name><name><surname>GRAMSCI</surname><given-names>A.</given-names></name></person-group></element-citation></ref><ref id="B2"><element-citation publication-type="book"><source>El materialismo histórico y la filosofia de Benedeto Croce</source><date><year>1971</year></date><fpage>157</fpage><lpage>8</lpage><person-group><name><surname>GRAMSCI</surname><given-names>A.</given-names></name><name><surname>GRAMSCI</surname><given-names>A.</given-names></name></person-group></element-citation></ref><ref id="B3"><element-citation publication-type="undefined"><date><day>12</day><month>03</month><year>1984</year></date></element-citation></ref><ref id="B4"><element-citation publication-type="book"><source>Sobre el método</source><date><year>1974</year></date><fpage>18</fpage></element-citation></ref><ref id="B5"><element-citation publication-type="book"><source>El asalto a la razón</source><date><year>1968</year></date><fpage>538</fpage><lpage>64</lpage></element-citation></ref><ref id="B6"><element-citation publication-type="book"><source>Danação da norma: medicina social e constituição da psiquiatria no Brasil</source><date><year>1978</year></date><fpage>353</fpage><lpage>72</lpage><person-group><name><surname>LOUREIRO</surname><given-names>A.</given-names></name><name><surname>LUZ</surname><given-names>R.</given-names></name><name><surname>MURICY</surname><given-names>K.</given-names></name></person-group></element-citation></ref><ref id="B7"><element-citation publication-type="book"><source>Gramsci y el bloque histórico</source><date><year>1973</year></date><fpage>21</fpage><lpage>2</lpage><person-group><name><surname>PORTELLI</surname><given-names>H.</given-names></name><name><surname>PORTELLI</surname><given-names>H.</given-names></name></person-group></element-citation></ref></ref-list></back></article></articles>