<articles xmlns:xsi="http://www.w3.org/2001/XMLSchema-instance" xsi:schemaLocation="https://raw.githubusercontent.com/scieloorg/articles_meta/master/tests/xsd/scielo_sci/ThomsonReuters_publishing.xsd" dtd-version="1.10"><article lang_id="pt" article-type="research-article"><front><journal-meta><journal-id journal-id-type="publisher">csp</journal-id><journal-title-group><journal-title>Cadernos de Saúde Pública</journal-title><abbrev-journal-title>Cad. Saúde Pública</abbrev-journal-title></journal-title-group><issn>1678-4464</issn><collection>SciELO Brazil</collection><publisher><publisher-name>Escola Nacional de Saúde Pública Sergio Arouca, Fundação Oswaldo Cruz</publisher-name></publisher></journal-meta><article-meta><unique-article-id pub-id-type="publisher-id">S0102-311X1985000200006</unique-article-id><article-id pub-id-type="publisher-id">S0102-311X1985000200006</article-id><article-id pub-id-type="doi">10.1590/S0102-311X1985000200006</article-id><article-categories><subj-group><subject>Health Policy &amp; Services</subject></subj-group></article-categories><title-group><article-title lang_id="pt">Uma aplicação de indicadores corrigidos no estudo do sarampo no município do Rio de Janeiro, Brasil</article-title></title-group><contrib-group><contrib contrib-type="author"><name><surname>Barata</surname><given-names>Paulo C. R.</given-names></name><role>ND</role><xref ref-type="aff" rid="A01"/></contrib><contrib contrib-type="author"><name><surname>Leal</surname><given-names>Maria do Carmo</given-names></name><role>ND</role><xref ref-type="aff" rid="A01"/></contrib></contrib-group><aff id="A01"><institution>Fundação Oswaldo Cruz</institution><country>Brazil</country></aff><pub-date><month>06</month><year>1985</year></pub-date><volume>1</volume><issue>2</issue><fpage>192</fpage><lpage>206</lpage><permissions><license license-type="open-access" href="http://creativecommons.org/licenses/by-nc/4.0/"><license-p>This work is licensed under a Creative Commons Attribution-NonCommercial 4.0 International License.</license-p></license></permissions><self-uri href="http://www.scielo.br/scielo.php?script=sci_arttext&amp;pid=S0102-311X1985000200006&amp;lng=en&amp;tlng=en" content-type="full_text_page"/><self-uri href="http://www.scielosp.org/scielo.php?script=sci_issuetoc&amp;pid=0102-311X19850002&amp;lng=en" content-type="issue_page"/><self-uri href="http://www.scielosp.org/scielo.php?script=sci_serial&amp;pid=0102-311X&amp;lng=en" content-type="journal_page"/><abstract lang_id="pt"><p>Neste trabalho, procura-se estimar a incidência, a mortalidade e a letalidade reais do sarampo no município do Rio de Janeiro, Brasil, nos períodos 1969-1972, anterior ao inicio da vacinação, e 1979-1982, posterior ao inicio da vacinação. As estimativas são obtidas por meio de correções aplicadas ao número notificado de casos e de óbitos, em cada um dos dois períodos. O número real de casos é estimado através de considerações quanto à dinâmica populacional e à dinâmica da transmissão do sarampo na população. O número real de óbitos é estimado levando-se em conta a subnotificação dos óbitos, a partir de dados obtidos pela Investigação Interamericana de Mortalidade na Infância. Procura-se apresentar com detalhe a metodologia empregada, que poderá ser de utilidade para os serviços de saúde na avaliação de medidas de intervenção. Discute-se, por fim, com base nos indicadores corrigidos obtidos, a situação epidemiológica do sarampo no município do Rio de Janeiro.</p></abstract><trans-abstract lang_id="en"><p>In this study estimates are made of the true incidence, mortality and case-fatality ratio of measles in the Municipio do Rio de Janeiro, Brazil, for the prevaccination period 1969-1972 and the post vaccination period 1979-1982. The estimates are obtained by applying some correction factors to the reported number of cases and deaths in each of the two periods. The number of cases is estimated by considering the population dynamics and the dynamics of measles transmission in the population. The number of deaths is estimated by taking into account the underreporting of deaths, from information obtained by the Inter-American Investigation of Infant Mortality. A detailed presentation and discussion is made of the methodology used throughout, which will possibly be of interest to the health services in the assessment of intervention measures. Finally, on the basis of the corrected indicators obtained, the epidemiological situation of measles in Rio de Janeiro is discussed.</p></trans-abstract></article-meta></front><back><ref-list><ref id="B1"><element-citation publication-type="article"><article-title>The role of herd immunity in control of measles</article-title><source>Yale J. Biol. Med.</source><date><year>1982</year></date><fpage>351</fpage><lpage>60</lpage><volume>55</volume><person-group><name><surname>BLACK</surname><given-names>F. L.</given-names></name></person-group></element-citation></ref><ref id="B2"><element-citation publication-type="conference"><date><year>1976</year></date><fpage>99</fpage><lpage>111</lpage><person-group><name><surname>FRIAS</surname><given-names>L. A.M.</given-names></name><name><surname>MURAYAMA</surname><given-names>T.</given-names></name></person-group></element-citation></ref><ref id="B3"><element-citation publication-type="book"><source>Recenseamento Geral do Brasil: 1970</source><date><year>1973</year></date><volume>1</volume></element-citation></ref><ref id="B4"><element-citation publication-type="book"><source>Recenseamento Geral do Brasil: 1980</source><date><year>1983</year></date><volume>1</volume></element-citation></ref><ref id="B5"><element-citation publication-type="book"><source>Brasil: Tábuas modelo de mortalidade e populações estáveis</source><date><year>1981</year></date></element-citation></ref><ref id="B6"><element-citation publication-type="article"><article-title>Vigilância do sarampo</article-title><source>Bol. Epidemiol.</source><date><year>1982</year></date><fpage>237</fpage><lpage>41</lpage><issue>22</issue><volume>14</volume></element-citation></ref><ref id="B7"><element-citation publication-type="article"><article-title>The corrected average attack rate from measles among city children</article-title><source>Am. J. Hyg.</source><date><year>1930</year></date><fpage>576</fpage><lpage>600</lpage><volume>11</volume><person-group><name><surname>HEDRICH</surname><given-names>A. W.</given-names></name></person-group></element-citation></ref><ref id="B8"><element-citation publication-type="article"><article-title>Current features of measles in the United States: easibility of measles elimination</article-title><source>Epidemiol. Rev.</source><date><year>1980</year></date><fpage>153</fpage><lpage>70</lpage><volume>2</volume><person-group><name><surname>HINMAN</surname><given-names>A. R.</given-names></name></person-group></element-citation></ref><ref id="B9"><element-citation publication-type="article"><article-title>Vaccination programs and herd immunity</article-title><source>Nature</source><date><year>1982</year></date><fpage>481</fpage><lpage>3</lpage><volume>300</volume><person-group><name><surname>MAY</surname><given-names>R.M.</given-names></name></person-group></element-citation></ref><ref id="B10"><element-citation publication-type="article"><article-title>A nationwide serum survey of brazilian military recruits, 1964: II. Antibody patterns with arboviruses, polioviruses, measles and mumps</article-title><source>Am. J. Epidemiol.</source><date><year>1967</year></date><fpage>319</fpage><lpage>29</lpage><volume>86</volume><person-group><name><surname>NIEDERMAN</surname><given-names>J.C.</given-names></name></person-group></element-citation></ref><ref id="B11"><element-citation publication-type="book"><source>Demographic analysis</source><date><year>1972</year></date><person-group><name><surname>PRESSAT</surname><given-names>R.</given-names></name><name><surname>PRESSAT</surname><given-names>R.</given-names></name></person-group></element-citation></ref><ref id="B12"><element-citation publication-type="book"><source>Características de la mortalidad en la niñez</source><date><year>1973</year></date><person-group><name><surname>PUFFER</surname><given-names>R.R.</given-names></name><name><surname>SERRANO</surname><given-names>C.V.</given-names></name><name><surname>PUFFER</surname><given-names>R.R.</given-names></name><name><surname>SERRANO</surname><given-names>C.V.</given-names></name></person-group></element-citation></ref><ref id="B13"><element-citation publication-type="article"><article-title>Control of measles in Czechoslovakia (CSSR)</article-title><source>Rev. Infect. Dis.</source><date><year>1983</year></date><fpage>564</fpage><lpage>7</lpage><volume>5</volume><person-group><name><surname>SEJDA</surname><given-names>J.</given-names></name></person-group></element-citation></ref></ref-list></back></article></articles>