<articles xmlns:xsi="http://www.w3.org/2001/XMLSchema-instance" xsi:schemaLocation="https://raw.githubusercontent.com/scieloorg/articles_meta/master/tests/xsd/scielo_sci/ThomsonReuters_publishing.xsd" dtd-version="1.10"><article lang_id="pt" article-type="research-article"><front><journal-meta><journal-id journal-id-type="publisher">csp</journal-id><journal-title-group><journal-title>Cadernos de Saúde Pública</journal-title><abbrev-journal-title>Cad. Saúde Pública</abbrev-journal-title></journal-title-group><issn>1678-4464</issn><collection>SciELO Brazil</collection><publisher><publisher-name>Escola Nacional de Saúde Pública Sergio Arouca, Fundação Oswaldo Cruz</publisher-name></publisher></journal-meta><article-meta><unique-article-id pub-id-type="publisher-id">S0102-311X1985000400006</unique-article-id><article-id pub-id-type="publisher-id">S0102-311X1985000400006</article-id><article-id pub-id-type="doi">10.1590/S0102-311X1985000400006</article-id><article-categories><subj-group><subject>Health Policy &amp; Services</subject></subj-group></article-categories><title-group><article-title lang_id="pt">A incidência de cesáreas e a remuneração da assistência ao parto</article-title></title-group><contrib-group><contrib contrib-type="author"><name><surname>Rocha</surname><given-names>Juan Stuardo Yazlle</given-names></name><role>ND</role><xref ref-type="aff" rid="A01"/></contrib><contrib contrib-type="author"><name><surname>Ortiz</surname><given-names>Pabla Clotilde</given-names></name><role>ND</role><xref ref-type="aff" rid="A01"/></contrib><contrib contrib-type="author"><name><surname>Fung</surname><given-names>Yang Tai</given-names></name><role>ND</role><xref ref-type="aff" rid="A02"/></contrib></contrib-group><aff id="A01"><institution>Universidade de São Paulo</institution><country>Brazil</country></aff><aff id="A02"><institution>Universidade de São Paulo</institution><country>Brazil</country></aff><pub-date><month>12</month><year>1985</year></pub-date><volume>1</volume><issue>4</issue><fpage>457</fpage><lpage>466</lpage><permissions><license license-type="open-access" href="http://creativecommons.org/licenses/by-nc/4.0/"><license-p>This work is licensed under a Creative Commons Attribution-NonCommercial 4.0 International License.</license-p></license></permissions><self-uri href="http://www.scielo.br/scielo.php?script=sci_arttext&amp;pid=S0102-311X1985000400006&amp;lng=en&amp;tlng=en" content-type="full_text_page"/><self-uri href="http://www.scielosp.org/scielo.php?script=sci_issuetoc&amp;pid=0102-311X19850004&amp;lng=en" content-type="issue_page"/><self-uri href="http://www.scielosp.org/scielo.php?script=sci_serial&amp;pid=0102-311X&amp;lng=en" content-type="journal_page"/><abstract lang_id="pt"><p>Os autores estudam a incidência de cesáreas no total de partos ocorridos nos hospitais de Ribeirão Preto (SP), antes e depois da instituição da equiparação da remuneração ao parto por via baixa e por cesariana pela Previdência Social Esta medida da Previdência Social não alterou a tendência à elevação da incidência de cesáreas no período do estudo (1978-1981). Observou-se a existência de um gradiente na taxa de cesáreas, sendo mais baixa a incidência média de cesáreas entre as pacientes não-pagantes e a mais elevada nas pacientes particulares, ficando a incidência de cesáreas entre as pacientes previdenciárias em uma posição intermediária. Atribuiu-se este gradiente a diferenças na modalidade de assistência, segundo a classe social das pacientes.</p></abstract><trans-abstract lang_id="en"><p>The authors studied the incidence of cesarean sections in deliveries in Ribeirão Preto (SP) hospitals before and after the implementation, by social security, of equal remuneration to the physician for surgical and non-surgical deliveries. Equal remuneration did not alter the increasing tendency of the incidence of cesarean sections in the years studied (1978-1981). Differences were observed in cesarean ratios between non payer patients (lowest ratio) and particular patients (highest ratio), staying the patients of social security in an intermediate level. These differences must be due to different patterns of care give to the patients, according to their social class.</p></trans-abstract></article-meta></front><back><ref-list><ref id="B1"><element-citation publication-type="article"><article-title>Reflexões sobre a incidência da cesárea</article-title><source>R. Paul. Med.</source><date><year>1983</year></date><fpage>160</fpage><lpage>4</lpage><issue>4</issue><volume>101</volume><person-group><name><surname>CAMANO</surname><given-names>L.</given-names></name><name><surname>MATTAR</surname><given-names>R.</given-names></name></person-group></element-citation></ref><ref id="B2"><element-citation publication-type="book"><source>Saúde e sociedade</source><date><year>1976</year></date><person-group><name><surname>DONNANGELO</surname><given-names>M.C.F.</given-names></name><name><surname>PEREIRA</surname><given-names>L.</given-names></name><name><surname>DONNANGELO</surname><given-names>M.C.F.</given-names></name><name><surname>PEREIRA</surname><given-names>L.</given-names></name></person-group></element-citation></ref><ref id="B3"><element-citation publication-type="article"><article-title>Organização de um Centro de Informática Hospitalar em nível local</article-title><source>R. Paul Hosp.</source><date><year>1973</year></date><fpage>151</fpage><lpage>7</lpage><issue>4</issue><volume>21</volume><person-group><name><surname>FÁVERO</surname><given-names>M.</given-names></name><name><surname>YAZLLE ROCHA</surname><given-names>J.S.</given-names></name><name><surname>HADDAD</surname><given-names>N.</given-names></name><name><surname>TERUEL</surname><given-names>J.R.</given-names></name></person-group></element-citation></ref><ref id="B4"><element-citation publication-type="thesis"><source>Hospitalizações e classes sociais</source><date><year>1984</year></date><person-group><name><surname>FORSTER</surname><given-names>A.C.</given-names></name><name><surname>FORSTER</surname><given-names>A.C.</given-names></name></person-group></element-citation></ref><ref id="B5"><element-citation publication-type="article"><article-title>Padrões de atendimento ao parto no município de Ribeirão Preto, São Paulo, Brasil</article-title><source>Bol. Of. Sanit. Panam.</source><date><year>1978</year></date><fpage>239</fpage><lpage>49</lpage><issue>3</issue><volume>85</volume><person-group><name><surname>GARDONYI-CARVALHEIRO</surname><given-names>C.D.</given-names></name></person-group></element-citation></ref><ref id="B6"><element-citation publication-type="book"><source>Saúde e assistência médica no Brasil</source><date><year>1977</year></date><person-group><name><surname>GENTILE DE MELLO</surname><given-names>C.</given-names></name></person-group></element-citation></ref><ref id="B7"><element-citation publication-type="article"><article-title>Aumento da incidência da cesárea</article-title><source>Arq. Med. ABC</source><date><year>1979</year></date><fpage>5</fpage><lpage>7</lpage><volume>2</volume><person-group><name><surname>GOFFI</surname><given-names>P. S.</given-names></name></person-group></element-citation></ref><ref id="B8"><element-citation publication-type="thesis"><source>Medicina e história, raízes sociais do trabalho médico</source><date><year>1979</year></date><person-group><name><surname>GONÇALVES</surname><given-names>R.B.M.</given-names></name><name><surname>GONÇALVES</surname><given-names>R.B.M.</given-names></name></person-group></element-citation></ref><ref id="B9"><element-citation publication-type="article"><source>Rev. Epidémiol Santé Publique</source><date><year>1983</year></date><fpage>349</fpage><lpage>468</lpage><volume>31</volume><person-group><name><surname>MARCOUX</surname><given-names>S.</given-names></name><name><surname>FABIA</surname></name></person-group></element-citation></ref><ref id="B10"><element-citation publication-type="article"><article-title>Índice de cesariana</article-title><source>Femina</source><date><year>1981</year></date><fpage>751</fpage><volume>9</volume><person-group><name><surname>NEIVA</surname><given-names>J.G.</given-names></name></person-group></element-citation></ref><ref id="B11"><element-citation publication-type="article"><article-title>Reflexões sobre a incidência da cesárea</article-title><source>R. Paul Med.</source><date><year>1983</year></date><fpage>160</fpage><lpage>4</lpage><issue>4</issue><volume>101</volume><person-group><name><surname>CAMANO</surname><given-names>L.</given-names></name><name><surname>MATTAR</surname><given-names>R.</given-names></name></person-group></element-citation></ref><ref id="B12"><element-citation publication-type="conference"><source>Organização da assistência médica: uma contribuição para o estudo do problema brasileiro</source><date><year>1970</year></date><person-group><name><surname>VILLELA BASTOS</surname><given-names>M.</given-names></name><name><surname>VILLELA BASTOS</surname><given-names>M.</given-names></name></person-group></element-citation></ref><ref id="B13"><element-citation publication-type="book"><source>Saúde e assistência médica no Brasil</source><date><year>1977</year></date><person-group><name><surname>GENTILE DE MELO</surname><given-names>C.</given-names></name></person-group></element-citation></ref><ref id="B14"><element-citation publication-type="article"><article-title>Utilização de leitos hospitalares gerais em Ribeirão Preto</article-title><source>R. Saúde públ.</source><date><year>1975</year></date><fpage>477</fpage><lpage>93</lpage><volume>9</volume><person-group><name><surname>YAZLLE ROCHA</surname><given-names>J.S.</given-names></name></person-group></element-citation></ref></ref-list></back></article></articles>