<articles xmlns:xsi="http://www.w3.org/2001/XMLSchema-instance" xsi:schemaLocation="https://raw.githubusercontent.com/scieloorg/articles_meta/master/tests/xsd/scielo_sci/ThomsonReuters_publishing.xsd" dtd-version="1.10"><article lang_id="pt" article-type="research-article"><front><journal-meta><journal-id journal-id-type="publisher">csp</journal-id><journal-title-group><journal-title>Cadernos de Saúde Pública</journal-title><abbrev-journal-title>Cad. Saúde Pública</abbrev-journal-title></journal-title-group><issn>1678-4464</issn><collection>SciELO Brazil</collection><publisher><publisher-name>Escola Nacional de Saúde Pública Sergio Arouca, Fundação Oswaldo Cruz</publisher-name></publisher></journal-meta><article-meta><unique-article-id pub-id-type="publisher-id">S0102-311X1987000400002</unique-article-id><article-id pub-id-type="publisher-id">S0102-311X1987000400002</article-id><article-id pub-id-type="doi">10.1590/S0102-311X1987000400002</article-id><article-categories><subj-group><subject>Health Policy &amp; Services</subject></subj-group></article-categories><title-group><article-title lang_id="pt">Reformas e reformismo: "democracia progressiva" e políticas sociais (ou "para uma teoria política da reforma sanitária")</article-title></title-group><contrib-group><contrib contrib-type="author"><name><surname>Oliveira</surname><given-names>Jaime A.</given-names></name><role>ND</role><xref ref-type="aff" rid="A01"/></contrib></contrib-group><aff id="A01"><institution>Fundação Oswaldo Cruz</institution><country>Brazil</country></aff><pub-date><month>12</month><year>1987</year></pub-date><volume>3</volume><issue>4</issue><fpage>360</fpage><lpage>387</lpage><permissions><license license-type="open-access" href="http://creativecommons.org/licenses/by-nc/4.0/"><license-p>This work is licensed under a Creative Commons Attribution-NonCommercial 4.0 International License.</license-p></license></permissions><self-uri href="http://www.scielo.br/scielo.php?script=sci_arttext&amp;pid=S0102-311X1987000400002&amp;lng=en&amp;tlng=en" content-type="full_text_page"/><self-uri href="http://www.scielosp.org/scielo.php?script=sci_issuetoc&amp;pid=0102-311X19870004&amp;lng=en" content-type="issue_page"/><self-uri href="http://www.scielosp.org/scielo.php?script=sci_serial&amp;pid=0102-311X&amp;lng=en" content-type="journal_page"/><abstract lang_id="pt"><p>Na introdução deste artigo, o autor parte de uma preocupação com o debate atual em torno do processo de tentativa de inovação política setorial que vem sendo designado entre nós pela expressão "Reforma Sanitária". Chama a atenção para os diferentes sentidos em que, a seu ver, esta expressão tem sido utilizada no Brasil E se dispõe a deter-se, particularmente, em um destes sentidos: o que se aproxima da formulação italiana de mesmo nome (a "Riforma Sanitária"). Esta discussão o leva, no corpo do artigo propriamente dito, a tratar, centralmente, da relação entre as características assumidas pela ordenação política liberal contemporânea e a estratégia gramsci-togliattiana de transição no socialismo, no que tange ao tema das chamadas "Políticas Públicas" e, mais particularmente, das "Políticas Sociais". O artigo termina com um esboço inicial de um projeto de investigação comparativa nesta área.</p></abstract><trans-abstract lang_id="en"><p>In the introduction, the author discusses the current debate on the "Reforma Sanitária"; a proposal to innovate health policy. The author draws attention to the different meanings that can be attributed, in his opinion, to the use of this term in Brazil. He focusses particularly on the meaning closer to that of the Italian proposal of the same name ("Riforma Sanitaria"). The discussion leads the author to question the relationship between the characteristics of the contemporary political liberal organization and the Gramsci-Togliattian strategy of the transition in socialism, within the field of "Public Policies" and more specifically ''Social Policies". The article ends with a preliminary outline a comparative investigation in this field.</p></trans-abstract></article-meta></front><back><ref-list><ref id="B1"><element-citation publication-type="book"><source>Hume 's moral and political philosophy</source><date><year>1948</year></date><person-group><name><surname>AIKEN</surname><given-names>Henry O.</given-names></name><name><surname>AIKEN</surname><given-names>Henry O.</given-names></name></person-group></element-citation></ref><ref id="B2"><element-citation publication-type="book"><source>Aparelhos ideológicos de Estado</source><date><year>1983</year></date><person-group><name><surname>ALTHUSER</surname><given-names>Louis</given-names></name><name><surname>ALTHUSER</surname><given-names>Louis</given-names></name></person-group></element-citation></ref><ref id="B3"><element-citation publication-type="book"><source>Presencia de Rousseau</source><date><year>1972</year></date><person-group><name><surname>ALTHUSSER</surname><given-names>Louis</given-names></name><name><surname>LEVY-STRAUSS</surname><given-names>C.</given-names></name><name><surname>LEVY-STRAUSS</surname><given-names>C.</given-names></name></person-group></element-citation></ref><ref id="B4"><element-citation publication-type="undefined"><date><year>1984</year></date><person-group><name><surname>BENJAMIN</surname></name><name><surname>Horkheimer</surname></name><name><surname>Habermas</surname></name><name><surname>Adorno</surname></name><name><surname>BENJAMIN</surname></name><name><surname>Horkheimer</surname></name><name><surname>Habermas</surname></name><name><surname>Adorno</surname></name></person-group></element-citation></ref><ref id="B5"><element-citation publication-type="undefined"><date><year>1984</year></date><person-group><name><surname>BENTHAM</surname><given-names>Jeremy</given-names></name><name><surname>BENTHAM</surname></name><name><surname>Mill</surname><given-names>Stuart</given-names></name><name><surname>BENTHAM</surname></name><name><surname>Mill</surname><given-names>Stuart</given-names></name></person-group></element-citation></ref><ref id="B6"><element-citation publication-type="book"><source>The process of government</source><date><year>1967</year></date><person-group><name><surname>BENTLEY</surname><given-names>Arthur</given-names></name><name><surname>BENTLEY</surname><given-names>Arthur</given-names></name></person-group></element-citation></ref><ref id="B7"><element-citation publication-type="book"><source>Medicina e política</source><date><year>1978</year></date><person-group><name><surname>BERLINGUER</surname><given-names>Giovanni</given-names></name><name><surname>BERLINGUER</surname><given-names>Giovanni</given-names></name></person-group></element-citation></ref><ref id="B8"><element-citation publication-type="book"><source>Saúde nas fábricas</source><date><year>1983</year></date><person-group><name><surname>BERLINGUER</surname><given-names>Giovanni</given-names></name><name><surname>BERLINGUER</surname><given-names>Giovanni</given-names></name></person-group></element-citation></ref><ref id="B9"><element-citation publication-type="book"><source>O conceito da sociedade civil</source><date><year>1982</year></date><person-group><name><surname>BOBBIO</surname><given-names>Norberto</given-names></name><name><surname>BOBBIO</surname><given-names>Norberto</given-names></name></person-group></element-citation></ref><ref id="B10"><element-citation publication-type="book"><source>O marxismo e o estado</source><date><year>1979</year></date><person-group><name><surname>BOBBIO</surname><given-names>Norberto</given-names></name><name><surname>BOBBIO</surname><given-names>Norberto</given-names></name></person-group></element-citation></ref><ref id="B11"><element-citation publication-type="book"><source>Gramsci e o Estado</source><date><year>1980</year></date><person-group><name><surname>BUCCI-GLUCKSMAN</surname><given-names>Cristine</given-names></name><name><surname>BUCCI-GLUCKSMAN</surname><given-names>Cristine</given-names></name></person-group></element-citation></ref><ref id="B12"><element-citation publication-type="book"><source>Le défi social-democrate</source><date><year>1981</year></date><person-group><name><surname>BUCCI-GLUCKSMAN</surname><given-names>Cristine</given-names></name><name><surname>THERBORN</surname><given-names>Soran</given-names></name><name><surname>BUCCI-GLUCKSMAN</surname><given-names>Cristine</given-names></name><name><surname>THERBORN</surname><given-names>Soran</given-names></name></person-group></element-citation></ref><ref id="B13"><element-citation publication-type="book"><source>Theodor Adorn</source><date><year>1986</year></date><person-group><name><surname>COHN</surname><given-names>Gabriel</given-names></name><name><surname>COHN</surname><given-names>Gabriel</given-names></name></person-group></element-citation></ref><ref id="B14"><element-citation publication-type="book"><source>Súmula</source><date><month>12</month><year>1986</year></date><volume>15</volume></element-citation></ref><ref id="B15"><element-citation publication-type="undefined"><date><year>1978</year></date><person-group><name><surname>COMTE</surname><given-names>Auguste</given-names></name><name><surname>COMTE</surname></name><name><surname>COMTE</surname></name></person-group></element-citation></ref><ref id="B16"><element-citation publication-type="conference"><source>Relatório final</source><date><day>21</day><month>03</month><year>1986</year></date></element-citation></ref><ref id="B17"><element-citation publication-type="book"><source>Gramsci</source><date><year>1981</year></date><person-group><name><surname>COUTINHO</surname><given-names>Carlos Nelson</given-names></name><name><surname>COUTINHO</surname><given-names>Carlos Nelson</given-names></name></person-group></element-citation></ref><ref id="B18"><element-citation publication-type="book"><source>A democracia como valor universal e outros ensaios</source><date><year>1984</year></date><person-group><name><surname>COUTINHO</surname><given-names>Carlos Nelson</given-names></name></person-group></element-citation></ref><ref id="B19"><element-citation publication-type="book"><source>Dillemas of pluralistic democracy</source><date><year>1982</year></date><person-group><name><surname>DAHL</surname><given-names>Robert</given-names></name><name><surname>DAHL</surname><given-names>Robert</given-names></name></person-group></element-citation></ref><ref id="B20"><element-citation publication-type="undefined"><date><year>1986</year></date><person-group><name><surname>DAHL</surname><given-names>Robert</given-names></name><name><surname>DAHL</surname><given-names>Robert</given-names></name></person-group></element-citation></ref><ref id="B21"><element-citation publication-type="book"><source>Saúde e sociedade</source><date><year>1976</year></date><person-group><name><surname>DONNANGELO</surname><given-names>Maria Cecilia F.</given-names></name><name><surname>DONNANGELO</surname><given-names>Maria Cecilia F.</given-names></name></person-group></element-citation></ref><ref id="B22"><element-citation publication-type="book"><source>Las luchas de clase en Francia de 1848 e 1850</source><date><year>1895</year></date><person-group><name><surname>ENGELS</surname><given-names>Friedrich</given-names></name><name><surname>MARX</surname><given-names>Karl</given-names></name><name><surname>MARX</surname><given-names>Karl</given-names></name></person-group></element-citation></ref><ref id="B23"><element-citation publication-type="thesis"><source>Reorganização dos serviços de saúde na Itália e algumas reflexões sobre a experiência brasileira</source><date><year>1985</year></date><person-group><name><surname>GARYSZEWSKI</surname><given-names>V.</given-names></name><name><surname>GARYSZEWSKI</surname><given-names>V.</given-names></name></person-group></element-citation></ref><ref id="B24"><element-citation publication-type="book"><source>Investigaciones sobre la historia del marxismo</source><date><year>1975</year></date><person-group><name><surname>GARYSZEWSKI</surname><given-names>V.</given-names></name><name><surname>Rousseau</surname></name><name><surname>Marx</surname></name></person-group></element-citation></ref><ref id="B25"><element-citation publication-type="book"><source>Concepção dialética da história</source><date><year>1980</year></date><person-group><name><surname>GRAMSCI</surname><given-names>Antonio</given-names></name><name><surname>GRAMSCI</surname><given-names>Antonio</given-names></name></person-group></element-citation></ref><ref id="B26"><element-citation publication-type="book"><source>Os intelectuais e a organização da cultura</source><date><year>1978</year></date><person-group><name><surname>GRAMSCI</surname><given-names>Antonio</given-names></name><name><surname>GRAMSCI</surname><given-names>Antonio</given-names></name></person-group></element-citation></ref><ref id="B27"><element-citation publication-type="book"><source>Maquiavel a política e o Estado moderno</source><date><year>1978</year></date><person-group><name><surname>GRAMSCI</surname><given-names>Antonio</given-names></name><name><surname>GRAMSCI</surname><given-names>Antonio</given-names></name></person-group></element-citation></ref><ref id="B28"><element-citation publication-type="book"><source>O conceito de hegemonia em Gramsci</source><date><year>1978</year></date><person-group><name><surname>GRUPPI</surname><given-names>Luciano</given-names></name><name><surname>GRUPPI</surname><given-names>Luciano</given-names></name></person-group></element-citation></ref><ref id="B29"><element-citation publication-type="book"><source>O pensamento de Lenin</source><date><year>1979</year></date><volume>5</volume><person-group><name><surname>GRUPPI</surname><given-names>Luciano</given-names></name></person-group></element-citation></ref><ref id="B30"><element-citation publication-type="book"><source>Tudo começou com Maquiavel as concepções de Estado em Marx, Engels, Lenin e Gramsci</source><date><year>1980</year></date><volume>2</volume><person-group><name><surname>GRUPPI</surname><given-names>Luciano</given-names></name><name><surname>GRUPPI</surname><given-names>Luciano</given-names></name></person-group></element-citation></ref><ref id="B31"><element-citation publication-type="book"><source>A crise de legitimação no capitalismo tardio</source><date><year>1980</year></date><person-group><name><surname>HABERMAS</surname><given-names>Juergen</given-names></name><name><surname>HABERMAS</surname><given-names>Juergen</given-names></name></person-group></element-citation></ref><ref id="B32"><element-citation publication-type="book"><source>Princípios da filosofia do direito</source><date><year>1986</year></date><person-group><name><surname>HEGEL</surname><given-names>Georg W. F.</given-names></name><name><surname>HEGEL</surname><given-names>Georg W. F.</given-names></name></person-group></element-citation></ref><ref id="B33"><element-citation publication-type="undefined"/></ref><ref id="B34"><element-citation publication-type="undefined"><date><year>1979</year></date><person-group><name><surname>HOBBES</surname><given-names>Thomas</given-names></name><name><surname>HOBBES</surname></name><name><surname>HOBBES</surname></name></person-group></element-citation></ref><ref id="B35"><element-citation publication-type="undefined"><date><year>1984</year></date><person-group><name><surname>HUME</surname><given-names>David</given-names></name><name><surname>BERKELEY</surname></name><name><surname>Hume</surname></name><name><surname>BERKELEY</surname></name><name><surname>Hume</surname></name></person-group></element-citation></ref><ref id="B36"><element-citation publication-type="book"><source>As Massas e o poder</source><date><year>1980</year></date><person-group><name><surname>INGRAO</surname><given-names>Pietro</given-names></name><name><surname>INGRAO</surname><given-names>Pietro</given-names></name></person-group></element-citation></ref><ref id="B37"><element-citation publication-type="book"><source>Instituzione del servízio sanitário nazionale</source><date><year>1979</year></date></element-citation></ref><ref id="B38"><element-citation publication-type="book"><source>The capitalist State: marxist and methods</source><date><year>1982</year></date><volume>3</volume><person-group><name><surname>JESSOP</surname><given-names>Bob</given-names></name></person-group></element-citation></ref><ref id="B39"><element-citation publication-type="book"><source>Walter Benjamin</source><date><year>1985</year></date><person-group><name><surname>KOTHE</surname><given-names>Flávio R.</given-names></name><name><surname>KOTHE</surname><given-names>Flávio R.</given-names></name></person-group></element-citation></ref><ref id="B40"><element-citation publication-type="book"><source>O Estado e a revolução</source><date><year>1978</year></date><person-group><name><surname>LENIN</surname><given-names>Vladimir I. Ulianov</given-names></name><name><surname>LENIN</surname><given-names>Vladimir I. Ulianov</given-names></name></person-group></element-citation></ref><ref id="B41"><element-citation publication-type="book"><source>O programa agrário da social democracia</source><date><year>1980</year></date><person-group><name><surname>LENIN</surname><given-names>Vladimir I. Ulianov</given-names></name><name><surname>LENIN</surname><given-names>Vladimir I. Ulianov</given-names></name></person-group></element-citation></ref><ref id="B42"><element-citation publication-type="book"><source>Que fazer?</source><date><year>1979</year></date><person-group><name><surname>LENIN</surname><given-names>Vladimir I. Ulianov</given-names></name><name><surname>LENIN</surname><given-names>Vladimir I. Ulianov</given-names></name></person-group></element-citation></ref><ref id="B43"><element-citation publication-type="undefined"><date><year>1983</year></date><person-group><name><surname>LOCKE</surname><given-names>John</given-names></name><name><surname>LOCKE</surname></name><name><surname>LOCKE</surname></name></person-group></element-citation></ref><ref id="B44"><element-citation publication-type="book"><source>Reforma ou revolução</source><date><year>1986</year></date><person-group><name><surname>LUXEMBURG</surname><given-names>Rosa</given-names></name><name><surname>LUXEMBURG</surname><given-names>Rosa</given-names></name></person-group></element-citation></ref><ref id="B45"><element-citation publication-type="book"><source>Rosa Luxemburg</source><date><year>1985</year></date><person-group><name><surname>LUXEMBURG</surname><given-names>Rosa</given-names></name><name><surname>LUXEMBURG</surname><given-names>Rosa</given-names></name></person-group></element-citation></ref><ref id="B46"><element-citation publication-type="book"><source>A favor de Gramsci</source><date><year>1977</year></date><person-group><name><surname>MACCICOCHI</surname><given-names>Maria-Antonieta</given-names></name><name><surname>MACCICOCHI</surname><given-names>Maria-Antonieta</given-names></name></person-group></element-citation></ref><ref id="B47"><element-citation publication-type="book"><source>A democracia liberal: origens e evolução</source><date><year>1978</year></date><volume>2</volume><person-group><name><surname>MCPHERSON</surname><given-names>C. B.</given-names></name><name><surname>MCPHERSON</surname><given-names>C. B.</given-names></name></person-group></element-citation></ref><ref id="B48"><element-citation publication-type="book"><source>A teoria política do individualismo possessivo</source><date><year>1979</year></date><person-group><name><surname>MCPHERSON</surname><given-names>C. B.</given-names></name><name><surname>MCPHERSON</surname><given-names>C. B.</given-names></name></person-group></element-citation></ref><ref id="B49"><element-citation publication-type="book"><source>O Capital</source><date><year>1978</year></date><volume>6</volume><person-group><name><surname>MARX</surname><given-names>Karl</given-names></name><name><surname>MARX</surname><given-names>Karl</given-names></name></person-group></element-citation></ref><ref id="B50"><element-citation publication-type="book"><source>Partidos políticos</source><date><year>1980</year></date><person-group><name><surname>MICHELLES</surname><given-names>Robert</given-names></name><name><surname>MICHELLES</surname><given-names>Robert</given-names></name></person-group></element-citation></ref><ref id="B51"><element-citation publication-type="book"><source>La classe política</source><date><year>1975</year></date><person-group><name><surname>MOSCA</surname><given-names>Caetano</given-names></name><name><surname>MOSCA</surname><given-names>Caetano</given-names></name></person-group></element-citation></ref><ref id="B52"><element-citation publication-type="book"><source>State and capital: a marxist debate</source><date><year>1978</year></date><person-group><name><surname>MÜLLER</surname><given-names>Wolfang</given-names></name><name><surname>NEUSUSS</surname><given-names>Cristel</given-names></name><name><surname>HOLLOWAY</surname><given-names>John</given-names></name><name><surname>PICCIOTTO</surname><given-names>Sol</given-names></name><name><surname>HOLLOWAY</surname><given-names>John</given-names></name><name><surname>PICCIOTTO</surname><given-names>Sol</given-names></name></person-group></element-citation></ref><ref id="B53"><element-citation publication-type="book"><source>Escritos políticos</source><date><year>1977</year></date><person-group><name><surname>MUÑOZ</surname><given-names>Gabriel</given-names></name><name><surname>LUXEMBURG</surname><given-names>Rosa</given-names></name><name><surname>LUXEMBURG</surname><given-names>Rosa</given-names></name></person-group></element-citation></ref><ref id="B54"><element-citation publication-type="book"><source>O partido comunista italiano, o socialismo e a democracia</source><date><year>1979</year></date><person-group><name><surname>NAPOLITANO</surname><given-names>Giorgio</given-names></name><name><surname>NAPOLITANO</surname><given-names>Giorgio</given-names></name></person-group></element-citation></ref><ref id="B55"><element-citation publication-type="book"><source>História do marxismo</source><date><year>1985</year></date><volume>2</volume><person-group><name><surname>NEGT</surname><given-names>Oscar</given-names></name><name><surname>HOBSBAWN</surname><given-names>Eric J.</given-names></name><name><surname>HOBSBAWN</surname><given-names>Eric J.</given-names></name></person-group></element-citation></ref><ref id="B56"><element-citation publication-type="book"><source>Three varieties of pluralism</source><date><year>1974</year></date><person-group><name><surname>NICHOLLS</surname><given-names>David</given-names></name><name><surname>NICHOLLS</surname><given-names>David</given-names></name></person-group></element-citation></ref><ref id="B57"><element-citation publication-type="book"><source>Estado e capitalismo</source><date><year>1980</year></date><person-group><name><surname>OFFE</surname><given-names>Claus</given-names></name><name><surname>WOGT</surname><given-names>Winfried</given-names></name><name><surname>WOGT</surname><given-names>Winfried</given-names></name></person-group></element-citation></ref><ref id="B58"><element-citation publication-type="book"><source>Problemas estruturais do Estado capitalista</source><date><year>1984</year></date><person-group><name><surname>OFFE</surname><given-names>Claus</given-names></name><name><surname>OFFE</surname><given-names>Claus</given-names></name></person-group></element-citation></ref><ref id="B59"><element-citation publication-type="book"><source>Interesses sociais e mecanismos de apresentação: a política de saúde no Brasil, pós-64</source><date><year>1983</year></date><person-group><name><surname>OFFE</surname><given-names>Claus</given-names></name></person-group></element-citation></ref><ref id="B60"><element-citation publication-type="book"><source>Interesses sociais e mecanismos de apresentação: a política de saúde no Brasil pós-64</source><date><year>1983</year></date><fpage>174</fpage><person-group><name><surname>OLIVEIRA</surname><given-names>Jaime A.</given-names></name><name><surname>OLIVEIRA</surname><given-names>Jaime A.</given-names></name></person-group></element-citation></ref><ref id="B61"><element-citation publication-type="article"><source>R. Admin. públ</source><date><month>06</month><year>1984</year></date><issue>2</issue><volume>18</volume><person-group><name><surname>OLIVEIRA</surname><given-names>Jaime A.</given-names></name></person-group></element-citation></ref><ref id="B62"><element-citation publication-type="book"><source>(Im) Previdência social: 60 anos de história da previdência no Brasil</source><date><year>1986</year></date><person-group><name><surname>OLIVEIRA</surname><given-names>Jaime A.</given-names></name><name><surname>TEIXEIRA</surname><given-names>Sônia M. F.</given-names></name><name><surname>OLIVEIRA</surname><given-names>Jaime A.</given-names></name><name><surname>TEIXEIRA</surname><given-names>Sônia M. F.</given-names></name></person-group></element-citation></ref><ref id="B63"><element-citation publication-type="undefined"><date><year>1984</year></date><person-group><name><surname>PARETO</surname><given-names>Vilfredo.Pareto</given-names></name><name><surname>PARETO</surname><given-names>Vilfredo.Pareto</given-names></name></person-group></element-citation></ref><ref id="B64"><element-citation publication-type="book"><source>Sociological writings</source><person-group><name><surname>PARETO</surname><given-names>Vilfredo</given-names></name><name><surname>PARETO</surname><given-names>Vilfredo</given-names></name></person-group></element-citation></ref><ref id="B65"><element-citation publication-type="book"><source>A grande transformação</source><date><year>1980</year></date><person-group><name><surname>POLANYI</surname><given-names>Karl</given-names></name><name><surname>POLANYI</surname><given-names>Karl</given-names></name></person-group></element-citation></ref><ref id="B66"><element-citation publication-type="book"><source>Gramsci e o bloco histórico</source><date><year>1977</year></date><person-group><name><surname>PORTELLI</surname><given-names>Hugues</given-names></name><name><surname>PORTELLI</surname><given-names>Hugues</given-names></name></person-group></element-citation></ref><ref id="B67"><element-citation publication-type="book"><source>A crise das ditaduras</source><date><year>1976</year></date><person-group><name><surname>POULANTZS</surname><given-names>Nicos</given-names></name><name><surname>POULANTZS</surname><given-names>Nicos</given-names></name></person-group></element-citation></ref><ref id="B68"><element-citation publication-type="book"><source>O estado, o poder, o socialismo</source><date><year>1980</year></date><person-group><name><surname>POULANTZAS</surname><given-names>Nicos</given-names></name><name><surname>POULANTZAS</surname><given-names>Nicos</given-names></name></person-group></element-citation></ref><ref id="B69"><element-citation publication-type="book"><source>Poder político e classes sociais do estado capitalista</source><date><year>1974</year></date><person-group><name><surname>POULANTZAS</surname><given-names>Nicos</given-names></name><name><surname>POULANTZAS</surname><given-names>Nicos</given-names></name></person-group></element-citation></ref><ref id="B70"><element-citation publication-type="undefined"><date><year>1983</year></date><person-group><name><surname>ROUSSEAU</surname><given-names>Jean-Jacques</given-names></name><name><surname>ROUSSEAU</surname></name><name><surname>ROUSSEAU</surname></name></person-group></element-citation></ref><ref id="B71"><element-citation publication-type="book"><source>On Gramsci and other writings</source><date><year>1979</year></date><person-group><name><surname>SASSOON</surname><given-names>Donald</given-names></name><name><surname>TOGLIATTI</surname><given-names>Palmiro</given-names></name><name><surname>TOGLIATTI</surname><given-names>Palmiro</given-names></name></person-group></element-citation></ref><ref id="B72"><element-citation publication-type="book"><source>Capitalismo, socialismo e democracia</source><volume>21-23</volume><person-group><name><surname>SCHUMPETER</surname><given-names>Joseph</given-names></name><name><surname>SCHUMPETER</surname><given-names>Joseph</given-names></name></person-group></element-citation></ref><ref id="B73"><element-citation publication-type="book"><source>Theory of moral sentiments</source><person-group><name><surname>SMITH</surname><given-names>Adam</given-names></name><name><surname>SMITH</surname><given-names>Adam</given-names></name></person-group></element-citation></ref><ref id="B74"><element-citation publication-type="book"><source>The ideology of power and the power ideology</source><date><year>1980</year></date><person-group><name><surname>THERBORN</surname><given-names>Goran</given-names></name><name><surname>THERBORN</surname><given-names>Goran</given-names></name></person-group></element-citation></ref><ref id="B75"><element-citation publication-type="book"><source>What does the rulling classes do when it rules?</source><date><year>1978</year></date><person-group><name><surname>THERBORN</surname><given-names>Goran</given-names></name><name><surname>THERBORN</surname><given-names>Goran</given-names></name></person-group></element-citation></ref><ref id="B76"><element-citation publication-type="book"><source>Socialismo e democracia</source><date><year>1980</year></date><person-group><name><surname>TOGLIATTI</surname><given-names>Palmiro</given-names></name><name><surname>TOGLIATTI</surname><given-names>Palmiro</given-names></name></person-group></element-citation></ref><ref id="B77"><element-citation publication-type="book"><source>Lições sobre o fascimo</source><date><year>1978</year></date><person-group><name><surname>TOGLIATTI</surname><given-names>Palmiro</given-names></name><name><surname>TOGLIATTI</surname><given-names>Palmiro</given-names></name></person-group></element-citation></ref><ref id="B78"><element-citation publication-type="book"><source>UMA REVOLUÇÃO na saúde</source><date><day>10</day><month>02</month><year>1978</year></date></element-citation></ref><ref id="B79"><element-citation publication-type="book"><source>O Estado em crise</source><date><year>1977</year></date><person-group><name><surname>VICENT</surname><given-names>Jean-Marie</given-names></name><name><surname>POULANTZAS</surname><given-names>Nicos</given-names></name><name><surname>POULANTZAS</surname><given-names>Nicos</given-names></name></person-group></element-citation></ref><ref id="B80"><element-citation publication-type="book"><source>Ensaios de sociologia</source><date><year>1979</year></date><person-group><name><surname>VICENT</surname><given-names>Jean-Marie</given-names></name></person-group></element-citation></ref><ref id="B81"><element-citation publication-type="book"><source>Economia y sociedad</source><date><year>1969</year></date><person-group><name><surname>VICENT</surname><given-names>Jean-Marie</given-names></name></person-group></element-citation></ref><ref id="B82"><element-citation publication-type="undefined"><date><year>1980</year></date><person-group><name><surname>WEBER</surname><given-names>Max</given-names></name><name><surname>WEBER</surname></name><name><surname>WEBER</surname></name></person-group></element-citation></ref><ref id="B83"><element-citation publication-type="book"><source>A elite do poder</source><date><year>1975</year></date><person-group><name><surname>WRIGHT</surname><given-names>Milss C.</given-names></name><name><surname>WRIGHT</surname><given-names>Milss C.</given-names></name></person-group></element-citation></ref></ref-list></back></article></articles>