<articles xmlns:xsi="http://www.w3.org/2001/XMLSchema-instance" xsi:schemaLocation="https://raw.githubusercontent.com/scieloorg/articles_meta/master/tests/xsd/scielo_sci/ThomsonReuters_publishing.xsd" dtd-version="1.10"><article lang_id="es" article-type="research-article"><front><journal-meta><journal-id journal-id-type="publisher">csp</journal-id><journal-title-group><journal-title>Cadernos de Saúde Pública</journal-title><abbrev-journal-title>Cad. Saúde Pública</abbrev-journal-title></journal-title-group><issn>1678-4464</issn><collection>SciELO Brazil</collection><publisher><publisher-name>Escola Nacional de Saúde Pública Sergio Arouca, Fundação Oswaldo Cruz</publisher-name></publisher></journal-meta><article-meta><unique-article-id pub-id-type="publisher-id">S0102-311X1991000100010</unique-article-id><article-id pub-id-type="publisher-id">S0102-311X1991000100010</article-id><article-id pub-id-type="doi">10.1590/S0102-311X1991000100010</article-id><article-categories><subj-group><subject>Health Policy &amp; Services</subject></subj-group></article-categories><title-group><article-title lang_id="es">La atención primaria de salud: un programa viable para las comunidades indígenas</article-title></title-group><contrib-group><contrib contrib-type="author"><name><surname>Zambrano S.</surname><given-names>Francisco A.</given-names></name><role>ND</role><xref ref-type="aff" rid="A01"/></contrib><contrib contrib-type="author"><name><surname>Lizarazo</surname><given-names>César Méndez</given-names></name><role>ND</role><xref ref-type="aff" rid="A01"/></contrib></contrib-group><aff id="A01"><institution>Fundación para las Comunidades Colombianas - Funcol</institution></aff><pub-date><month>03</month><year>1991</year></pub-date><volume>7</volume><issue>1</issue><fpage>104</fpage><lpage>114</lpage><permissions><license license-type="open-access" href="http://creativecommons.org/licenses/by-nc/4.0/"><license-p>This work is licensed under a Creative Commons Attribution-NonCommercial 4.0 International License.</license-p></license></permissions><self-uri href="http://www.scielo.br/scielo.php?script=sci_arttext&amp;pid=S0102-311X1991000100010&amp;lng=en&amp;tlng=en" content-type="full_text_page"/><self-uri href="http://www.scielo.br/scielo.php?script=sci_issuetoc&amp;pid=0102-311X19910001&amp;lng=en" content-type="issue_page"/><self-uri href="http://www.scielosp.org/scielo.php?script=sci_serial&amp;pid=0102-311X&amp;lng=en" content-type="journal_page"/></article-meta></front><back><ref-list><ref id="B1"><element-citation publication-type="book"><source>Programa de Atención Primaria de Salud para Comunidades Indígenas</source><date><year>1979</year></date><person-group><name><surname>ARBELÁEZ ALBORNOZ</surname><given-names>Camilo</given-names></name><name><surname>ARBELÁEZ ALBORNOZ</surname><given-names>Camilo</given-names></name></person-group></element-citation></ref><ref id="B2"><element-citation publication-type="book"><source>Informe de Trabajo de Campo</source><date><year>1979</year></date><person-group><name><surname>ALZATE</surname><given-names>Maria Cristina</given-names></name><name><surname>ALZATE</surname><given-names>Maria Cristina</given-names></name></person-group></element-citation></ref><ref id="B3"><element-citation publication-type="book"><source>Antropología Aplicada</source><date><year>1971</year></date><person-group><name><surname>BASTIDAS</surname><given-names>Roger</given-names></name><name><surname>BASTIDAS</surname><given-names>Roger</given-names></name></person-group></element-citation></ref><ref id="B4"><element-citation publication-type="book"><source>Lo normal y lo Patológico</source><date><year>1986</year></date><person-group><name><surname>CANGUILHEM</surname><given-names>Georges</given-names></name><name><surname>CANGUILHEM</surname><given-names>Georges</given-names></name></person-group></element-citation></ref><ref id="B5"><element-citation publication-type="book"><source>Nutrición y desarrollo Infantil</source><date><year>1979</year></date><person-group><name><surname>CHAVEZ</surname><given-names>Adolfo</given-names></name><name><surname>MARTINEZ</surname><given-names>C.</given-names></name><name><surname>CHAVEZ</surname><given-names>Adolfo</given-names></name><name><surname>MARTINEZ</surname><given-names>C.</given-names></name></person-group></element-citation></ref><ref id="B6"><element-citation publication-type="book"><source>Investigación Socio-médica</source><date><year>1985</year></date><person-group><name><surname>ESCALANTE ANGULO</surname><given-names>Carlos</given-names></name><name><surname>ESCALANTE ANGULO</surname><given-names>Carlos</given-names></name></person-group></element-citation></ref><ref id="B7"><element-citation publication-type="book"><source>Esquema crítico de la Medicina en Colombia</source><date><year>1979</year></date><person-group><name><surname>FERGUSSON</surname><given-names>Guilermo</given-names></name><name><surname>FERGUSSON</surname><given-names>Guilermo</given-names></name></person-group></element-citation></ref><ref id="B8"><element-citation publication-type="book"><source>Los restrictivos sistemas de atención de salud en las sociedades opulentas</source><date><year>1982</year></date><person-group><name><surname>GEOTCHEUS</surname><given-names>Janelle</given-names></name><name><surname>GEOTCHEUS</surname><given-names>Janelle</given-names></name></person-group></element-citation></ref><ref id="B9"><element-citation publication-type="book"><source>Medicamentos esenciales al alcance de la población</source><date><year>1981</year></date><person-group><name><surname>KINGMA</surname><given-names>Stuart</given-names></name><name><surname>KINGMA</surname><given-names>Stuart</given-names></name></person-group></element-citation></ref><ref id="B10"><element-citation publication-type="book"><source>La epidemiología en la planificación de la atención a salud</source><date><year>1981</year></date><person-group><name><surname>KNOK</surname><given-names>E. G.</given-names></name><name><surname>KNOK</surname><given-names>E. G.</given-names></name></person-group></element-citation></ref><ref id="B11"><element-citation publication-type="book"><source>El papel de la medicina: Sueño, espejismo o némesis?</source><date><year>1982</year></date><person-group><name><surname>McKEOWN</surname><given-names>Thomas</given-names></name><name><surname>McKEOWN</surname><given-names>Thomas</given-names></name></person-group></element-citation></ref><ref id="B12"><element-citation publication-type="book"><source>Medicina e Historía: Raices sociales del trabajo médico</source><date><year>1984</year></date><person-group><name><surname>MENDES GONÇALVES</surname><given-names>Ricardo Bruno</given-names></name><name><surname>MENDES GONÇALVES</surname><given-names>Ricardo Bruno</given-names></name></person-group></element-citation></ref><ref id="B13"><element-citation publication-type="book"><source>Dirección de Participación de la Comunidad: Marco Programático para la prestación de Servicios de Salud a Comunidades Indígenas</source><date><year>1978</year></date></element-citation></ref><ref id="B14"><element-citation publication-type="book"><source>Dirección de Investigaciones: Primera Reunión sobre Medicina Tradicional</source><date><year>1981</year></date></element-citation></ref><ref id="B15"><element-citation publication-type="book"><source>Alma-Ata: Atención Primaria de Salud</source><date><year>1978</year></date></element-citation></ref><ref id="B16"><element-citation publication-type="book"><source>Enfermedades viejas y enfermedades nuevas</source><date><year>1985</year></date><person-group><name><surname>PEREZ TAMAYO</surname><given-names>Ruy</given-names></name><name><surname>PEREZ TAMAYO</surname><given-names>Ruy</given-names></name></person-group></element-citation></ref><ref id="B17"><element-citation publication-type="book"><source>Salud, Medicina y Clases Sociales</source><date><year>1975</year></date><person-group><name><surname>VASCO URIBE</surname><given-names>Alberto</given-names></name><name><surname>VASCO URIBE</surname><given-names>Alberto</given-names></name></person-group></element-citation></ref><ref id="B18"><element-citation publication-type="book"><source>Enfermedad y Sociedad</source><date><year>1979</year></date><person-group><name><surname>VASCO URIBE</surname><given-names>Alberto</given-names></name><name><surname>VASCO URIBE</surname><given-names>Alberto</given-names></name></person-group></element-citation></ref><ref id="B19"><element-citation publication-type="book"><source>Asistencia Sanitaria y Dignidad Humana</source><date><year>1980</year></date><person-group><name><surname>WERNER</surname><given-names>David</given-names></name><name><surname>WERNER</surname><given-names>David</given-names></name></person-group></element-citation></ref></ref-list></back></article></articles>