<articles xmlns:xsi="http://www.w3.org/2001/XMLSchema-instance" xsi:schemaLocation="https://raw.githubusercontent.com/scieloorg/articles_meta/master/tests/xsd/scielo_sci/ThomsonReuters_publishing.xsd" dtd-version="1.10"><article lang_id="pt" article-type="research-article"><front><journal-meta><journal-id journal-id-type="publisher">csp</journal-id><journal-title-group><journal-title>Cadernos de Saúde Pública</journal-title><abbrev-journal-title>Cad. Saúde Pública</abbrev-journal-title></journal-title-group><issn>1678-4464</issn><collection>SciELO Public Health</collection><publisher><publisher-name>Escola Nacional de Saúde Pública Sergio Arouca, Fundação Oswaldo Cruz</publisher-name></publisher></journal-meta><article-meta><unique-article-id pub-id-type="publisher-id">S0102-311X1987000100004</unique-article-id><article-id pub-id-type="publisher-id">S0102-311X1987000100004</article-id><article-id pub-id-type="doi">10.1590/S0102-311X1987000100004</article-id><article-categories><subj-group><subject>Health Policy &amp; Services</subject></subj-group></article-categories><title-group><article-title lang_id="pt">O sarampo entre sociedades indígenas brasileiras e algumas considerações sobre a prática da saúde pública entre estas populações</article-title></title-group><contrib-group><contrib contrib-type="author"><name><surname>Coimbra Jr.</surname><given-names>Carlos E. A.</given-names></name><role>ND</role><xref ref-type="aff" rid="A01"/></contrib></contrib-group><aff id="A01"><institution>Indiana University</institution><country>USA</country></aff><pub-date><month>03</month><year>1987</year></pub-date><volume>3</volume><issue>1</issue><fpage>22</fpage><lpage>37</lpage><permissions><license license-type="open-access" href="http://creativecommons.org/licenses/by/4.0/"><license-p>This work is licensed under a Creative Commons Attribution 4.0 International License.</license-p></license></permissions><self-uri href="http://www.scielosp.org/scielo.php?script=sci_arttext&amp;pid=S0102-311X1987000100004&amp;lng=en&amp;tlng=en" content-type="full_text_page"/><self-uri href="http://www.scielosp.org/scielo.php?script=sci_issuetoc&amp;pid=0102-311X19870001&amp;lng=en" content-type="issue_page"/><self-uri href="http://www.scielosp.org/scielo.php?script=sci_serial&amp;pid=0102-311X&amp;lng=en" content-type="journal_page"/><abstract lang_id="pt"><p>O presente trabalho reve os principais aspectos ligados à epidemiologia do sarampo entre sociedades indígenas brasileiras. São discutidos os fatores de ordem genética, nutricional e sócio-cultural implicados na dinâmica de transmissão da doença, enfatizando-se o papel da provisão de serviços básicos de saúde na prevenção da elevada prevalência e mortalidade observada durante epidemias. O autor aborda também aspectos referentes à prática da saúde pública entre estas populações, salientando a relevância da constituição de grupos multidisciplinares para atuação tanto a nível de planejamento como prestação de serviços básicos assim como um maior envolvimento das escolas de saúde pública no atendimento destes grupos.</p></abstract><trans-abstract lang_id="en"><p>The present paper reviews the main aspects related to ¡he epidemiology of measles among Brazilian Indian societies. The role of the genetic, nutritional, and socio-cultural factors in the transmission of the disease are discussed, emphasizing the importance of the provision of basic health services in the prevention of the high prevalence and mortality usually observerd among these populations. The author calls attention to the need of organizing multidisciplinary teams both in the planning and delivering of health services, as well as of a larger involvement of the public health schools in the health care of those groups.</p></trans-abstract></article-meta></front><back><ref-list><ref id="B1"><element-citation publication-type="article"><article-title>Measles mortality, state of nutrition, and family structure: a community study from Guinea-Bissau</article-title><source>J. Infect. Dis.</source><date><year>1983</year></date><fpage>693</fpage><lpage>701</lpage><volume>147</volume><person-group><name><surname>AABY</surname><given-names>P.</given-names></name><name><surname>BUKH</surname><given-names>J.</given-names></name><name><surname>LISSE</surname><given-names>I.M.</given-names></name><name><surname>SMITS</surname><given-names>A.J.</given-names></name></person-group></element-citation></ref></ref-list></back></article></articles>