<articles xmlns:xsi="http://www.w3.org/2001/XMLSchema-instance" xsi:schemaLocation="https://raw.githubusercontent.com/scieloorg/articles_meta/master/tests/xsd/scielo_sci/ThomsonReuters_publishing.xsd" dtd-version="1.10"><article lang_id="pt" article-type="rapid-communication"><front><journal-meta><journal-id journal-id-type="publisher">csp</journal-id><journal-title-group><journal-title>Cadernos de Saúde Pública</journal-title><abbrev-journal-title>Cad. Saúde Pública</abbrev-journal-title></journal-title-group><issn>1678-4464</issn><collection>SciELO Brazil</collection><publisher><publisher-name>Escola Nacional de Saúde Pública Sergio Arouca, Fundação Oswaldo Cruz</publisher-name></publisher></journal-meta><article-meta><unique-article-id pub-id-type="publisher-id">S0102-311X1988000100007</unique-article-id><article-id pub-id-type="publisher-id">S0102-311X1988000100007</article-id><article-id pub-id-type="doi">10.1590/S0102-311X1988000100007</article-id><article-categories><subj-group><subject>Health Policy &amp; Services</subject></subj-group></article-categories><title-group><article-title lang_id="pt">Aspectos geopolíticos da problemática alimentar e nutricional</article-title></title-group><contrib-group><contrib contrib-type="author"><name><surname>Arruda</surname><given-names>Bertoldo Kruse Grande de</given-names></name><role>ND</role><xref ref-type="aff" rid="A02"/><xref ref-type="aff" rid="A01"/></contrib><contrib contrib-type="author"><name><surname>Figueira</surname><given-names>Fernando</given-names></name><role>ND</role><xref ref-type="aff" rid="A03"/><xref ref-type="aff" rid="A04"/></contrib></contrib-group><aff id="A02"><institution>Instituto Nacional de Alimentação e Nutrição</institution></aff><aff id="A03"><institution>UFPE</institution></aff><aff id="A01"><institution>UFPE</institution></aff><aff id="A04"><institution>IMIP</institution></aff><pub-date><month>03</month><year>1988</year></pub-date><volume>4</volume><issue>1</issue><fpage>62</fpage><lpage>87</lpage><permissions><license license-type="open-access" href="http://creativecommons.org/licenses/by-nc/4.0/"><license-p>This work is licensed under a Creative Commons Attribution-NonCommercial 4.0 International License.</license-p></license></permissions><self-uri href="http://www.scielo.br/scielo.php?script=sci_arttext&amp;pid=S0102-311X1988000100007&amp;lng=en&amp;tlng=en" content-type="full_text_page"/><self-uri href="http://www.scielo.br/scielo.php?script=sci_issuetoc&amp;pid=0102-311X19880001&amp;lng=en" content-type="issue_page"/><self-uri href="http://www.scielosp.org/scielo.php?script=sci_serial&amp;pid=0102-311X&amp;lng=en" content-type="journal_page"/></article-meta></front></article></articles>