<articles xmlns:xsi="http://www.w3.org/2001/XMLSchema-instance" xsi:schemaLocation="https://raw.githubusercontent.com/scieloorg/articles_meta/master/tests/xsd/scielo_sci/ThomsonReuters_publishing.xsd" dtd-version="1.10"><article lang_id="pt" article-type="research-article"><front><journal-meta><journal-id journal-id-type="publisher">csp</journal-id><journal-title-group><journal-title>Cadernos de Saúde Pública</journal-title><abbrev-journal-title>Cad. Saúde Pública</abbrev-journal-title></journal-title-group><issn>1678-4464</issn><collection>SciELO Brazil</collection><publisher><publisher-name>Escola Nacional de Saúde Pública Sergio Arouca, Fundação Oswaldo Cruz</publisher-name></publisher></journal-meta><article-meta><unique-article-id pub-id-type="publisher-id">S0102-311X1989000300006</unique-article-id><article-id pub-id-type="publisher-id">S0102-311X1989000300006</article-id><article-id pub-id-type="doi">10.1590/S0102-311X1989000300006</article-id><article-categories><subj-group><subject>Health Policy &amp; Services</subject></subj-group></article-categories><title-group><article-title lang_id="pt">Malária no Estado de São Paulo: avaliação de aspectos da vigilância epidemiológica</article-title></title-group><contrib-group><contrib contrib-type="author"><name><surname>Wanderley</surname><given-names>Dalva Marli Valério</given-names></name><role>ND</role><xref ref-type="aff" rid="A01"/></contrib><contrib contrib-type="author"><name><surname>Andrade</surname><given-names>José Carlos Rehder de</given-names></name><role>ND</role><xref ref-type="aff" rid="A01"/></contrib><contrib contrib-type="author"><name><surname>Alves</surname><given-names>Maria José Chinelatto P.</given-names></name><role>ND</role><xref ref-type="aff" rid="A01"/></contrib><contrib contrib-type="author"><name><surname>Alves</surname><given-names>Maria Cecília Goi Porto</given-names></name><role>ND</role><xref ref-type="aff" rid="A01"/></contrib><contrib contrib-type="author"><name><surname>Mattos</surname><given-names>Marina Ruiz de</given-names></name><role>ND</role><xref ref-type="aff" rid="A01"/></contrib><contrib contrib-type="author"><name><surname>Gurgel</surname><given-names>Sérgio de Mello</given-names></name><role>ND</role><xref ref-type="aff" rid="A01"/></contrib><contrib contrib-type="author"><name><surname>Igreja</surname><given-names>Ricardo Pereira</given-names></name><role>ND</role><xref ref-type="aff" rid="A01"/></contrib></contrib-group><aff id="A01"><institution>Secretaria da Saúde do Estado de São Paulo</institution><country>Brazil</country></aff><pub-date><month>09</month><year>1989</year></pub-date><volume>5</volume><issue>3</issue><fpage>296</fpage><lpage>304</lpage><permissions><license license-type="open-access" href="http://creativecommons.org/licenses/by-nc/4.0/"><license-p>This work is licensed under a Creative Commons Attribution-NonCommercial 4.0 International License.</license-p></license></permissions><self-uri href="http://www.scielo.br/scielo.php?script=sci_arttext&amp;pid=S0102-311X1989000300006&amp;lng=en&amp;tlng=en" content-type="full_text_page"/><self-uri href="http://www.scielo.br/scielo.php?script=sci_issuetoc&amp;pid=0102-311X19890003&amp;lng=en" content-type="issue_page"/><self-uri href="http://www.scielosp.org/scielo.php?script=sci_serial&amp;pid=0102-311X&amp;lng=en" content-type="journal_page"/><abstract lang_id="pt"><p>São apresentadas informações epidemiológicas da malária no Estado de São Paulo referentes aos anos de 1985 e 1986. Selecionou-se, através das fichas de investigação epidemiológica, um indicador para a avaliação do tempo decorrido entre o início dos primeiros sintomas/data da coleta da lâmina e início do tratamento, que foi agrupado segundo categorias denominadas tipo de procura. Foram consideradas nesta avaliação as seguintes variáveis: a espécie de plasmódio diagnosticada, a existência de passado malárico e a utilização de serviços de saúde anteriores à confirmação do diagnóstico pela SUCEN. Os autores concluem que entre as variáveis estudadas a existência de malária anterior se constitui no principal fator explicativo para os diferentes tempos decorridos entre os primeiros sintomas e comprovação diagnóstica.</p></abstract><trans-abstract lang_id="en"><p>Epidemiological data from malaria in São Paulo State referring to 1985 and 1986 are presented. The authors selected from the epidemiological investigation card an information for the evaluation on the time since the begining of the first symptoms up to the date of the blood slide examination and the date of the begining of the treatment. These data were put together according to some categories named: "kind of search". It was considered in this evaluation some information as: the kind of malaria diagnosed, the existence of prior malaria and the use of another health care before the malaria confirmation by Superintendência de Controle de Endemias (SUCEN). The authors concluded that between the informations studied the existence of prior malaria is the main factor that influences on the different period of times from the begining of first symptoms and malaria diagnose.</p></trans-abstract><kwd-group lang_id="pt" kwd-group-type="author-generated"><kwd>Malária</kwd><kwd>Epidemiologia</kwd></kwd-group></article-meta></front><back><ref-list><ref id="B1"><element-citation publication-type="conference"><source>Vigilância epidemiológica da malária no Estado de São Paulo</source><date><day>22</day><month>09</month><year>1986</year></date><person-group><name><surname>ANDRADE</surname><given-names>J. C. R. de</given-names></name><name><surname>ANDRADE</surname><given-names>J. C. R. de</given-names></name></person-group></element-citation></ref><ref id="B2"><element-citation publication-type="book"><source>Relatório anual</source><date><year>1986</year></date></element-citation></ref><ref id="B3"><element-citation publication-type="book"><source>Parasitologia médica</source><date><year>1982</year></date><person-group><name><surname>PESSOA</surname><given-names>S. B.</given-names></name><name><surname>MARTINS</surname><given-names>A. V.</given-names></name><name><surname>PESSOA</surname><given-names>S. B.</given-names></name><name><surname>MARTINS</surname><given-names>A. V.</given-names></name></person-group></element-citation></ref><ref id="B4"><element-citation publication-type="book"><source>Relatório de Avaliação Epidemiológica do Programa de Erradicação da Malária no Estado de São Paulo</source><date><year>1985</year></date></element-citation></ref><ref id="B5"><element-citation publication-type="book"><source>Relatório de Avaliação Epidemiológica do Programa de Erradicação da Malária no Estado de São Paulo</source><date><year>1986</year></date></element-citation></ref><ref id="B6"><element-citation publication-type="conference"><source>Programa de Controle da Malária no Estado de São Paulo: Situação Atual. 1987</source><date><day>01</day><month>06</month><year>1987</year></date></element-citation></ref><ref id="B7"><element-citation publication-type="article"><article-title>Malária no Estado de São Paulo, Brasil, 1980 a 1983</article-title><source>Rev. Saúde públ.</source><date><year>1985</year></date><fpage>28</fpage><lpage>36</lpage><volume>79</volume><person-group><name><surname>WANDERLEY</surname><given-names>D. M. V.</given-names></name></person-group></element-citation></ref></ref-list></back></article></articles>