<articles xmlns:xsi="http://www.w3.org/2001/XMLSchema-instance" xsi:schemaLocation="https://raw.githubusercontent.com/scieloorg/articles_meta/master/tests/xsd/scielo_sci/ThomsonReuters_publishing.xsd" dtd-version="1.10"><article lang_id="pt" article-type="research-article"><front><journal-meta><journal-id journal-id-type="publisher">csp</journal-id><journal-title-group><journal-title>Cadernos de Saúde Pública</journal-title><abbrev-journal-title>Cad. Saúde Pública</abbrev-journal-title></journal-title-group><issn>1678-4464</issn><collection>SciELO Brazil</collection><publisher><publisher-name>Escola Nacional de Saúde Pública Sergio Arouca, Fundação Oswaldo Cruz</publisher-name></publisher></journal-meta><article-meta><unique-article-id pub-id-type="publisher-id">S0102-311X1989000300005</unique-article-id><article-id pub-id-type="publisher-id">S0102-311X1989000300005</article-id><article-id pub-id-type="doi">10.1590/S0102-311X1989000300005</article-id><article-categories><subj-group><subject>Health Policy &amp; Services</subject></subj-group></article-categories><title-group><article-title lang_id="pt">Qualidade de água em sistemas de reservação e distribuição predial na cidade do Rio de Janeiro</article-title></title-group><contrib-group><contrib contrib-type="author"><name><surname>Miranda</surname><given-names>Carlos Alberto Silva</given-names></name><role>ND</role><xref ref-type="aff" rid="A01"/></contrib><contrib contrib-type="author"><name><surname>Monteiro</surname><given-names>Teófilo Carlos do Nascimento</given-names></name><role>ND</role><xref ref-type="aff" rid="A01"/></contrib></contrib-group><aff id="A01"><institution>Fundação Oswaldo Cruz</institution><country>Brazil</country></aff><pub-date><month>09</month><year>1989</year></pub-date><volume>5</volume><issue>3</issue><fpage>284</fpage><lpage>295</lpage><permissions><license license-type="open-access" href="http://creativecommons.org/licenses/by-nc/4.0/"><license-p>This work is licensed under a Creative Commons Attribution-NonCommercial 4.0 International License.</license-p></license></permissions><self-uri href="http://www.scielo.br/scielo.php?script=sci_arttext&amp;pid=S0102-311X1989000300005&amp;lng=en&amp;tlng=en" content-type="full_text_page"/><self-uri href="http://www.scielo.br/scielo.php?script=sci_issuetoc&amp;pid=0102-311X19890003&amp;lng=en" content-type="issue_page"/><self-uri href="http://www.scielosp.org/scielo.php?script=sci_serial&amp;pid=0102-311X&amp;lng=en" content-type="journal_page"/><abstract lang_id="pt"><p>Foi realizada uma avaliação dos resultados de boletins de análise bacteriológica fornecidos pela Fundação Estadual de Engenharia do Meio Ambiente e pela Escola Nacional de Saúde Pública nos anos de 1985 e 1986, suscitada pelo mau estado de conservação e de limpeza dos sistemas de distribuição e reservação de água de considerável número de prédios na Cidade do Rio de Janeiro. O trabalho visa mostrar a necessidade de uma pesquisa mais detalhada a fim de fornecer parâmetros que alertem as autoridades municipais quanto à necessidade de um regulamento que obrigue a limpeza e desinfecção destes sistemas por ocasião do Habite-se e com periodicidade a ser determinada em prédios já habitados. Recomenda-se, ainda, que a comprovação do serviço acompanhe laudo de análise por profissional habilitado.</p></abstract><trans-abstract lang_id="en"><p>An assessment of the results of the bacteriological tests, supplied by Fundação Estadual de Engenharia do Meio Ambiente (FEEMA) and by Escola Nacional de Saúde Pública during the years of 1985 and 1986, was performed due to the bad conditions of conservation and cleaning of the water distribution and reservoir systems of a great number of buildings in Rio de Janeiro. This paper shows the necessity for further investigations in order to clarify the authorities about the need for strict regulations for cleaning and desinfections of these systems when legal permission for building occupation is granted. These regulations should also determine the periodicity of the cleanings and the desinfections. It is also advisable that the service certificate be conducted through a legal analysis performed by a qualified professional.</p></trans-abstract></article-meta></front><back><ref-list><ref id="B1"><element-citation publication-type="book"><source>Padrões de Potabilidade: portaria nº 56/Bsb - NB 19/M. S.</source><date><year>1977</year></date></element-citation></ref><ref id="B2"><element-citation publication-type="book"><source>Standard Methods for Examination of Water and Waste Water</source><date><year>1981</year></date></element-citation></ref><ref id="B3"><element-citation publication-type="book"><source>Apostilas da Escola Nacional de Saúde Pública</source><person-group><name><surname>CYNAMON</surname><given-names>S. E.</given-names></name><name><surname>CYNAMON</surname><given-names>S. E.</given-names></name></person-group></element-citation></ref><ref id="B4"><element-citation publication-type="book"><source>Water Quality Treatment, Inc.</source><date><year>1975</year></date></element-citation></ref></ref-list></back></article></articles>