<articles xmlns:xsi="http://www.w3.org/2001/XMLSchema-instance" xsi:schemaLocation="https://raw.githubusercontent.com/scieloorg/articles_meta/master/tests/xsd/scielo_sci/ThomsonReuters_publishing.xsd" dtd-version="1.10"><article lang_id="pt" article-type="research-article"><front><journal-meta><journal-id journal-id-type="publisher">csp</journal-id><journal-title-group><journal-title>Cadernos de Saúde Pública</journal-title><abbrev-journal-title>Cad. Saúde Pública</abbrev-journal-title></journal-title-group><issn>1678-4464</issn><collection>SciELO Public Health</collection><publisher><publisher-name>Escola Nacional de Saúde Pública Sergio Arouca, Fundação Oswaldo Cruz</publisher-name></publisher></journal-meta><article-meta><unique-article-id pub-id-type="publisher-id">S0102-311X1993000300014</unique-article-id><article-id pub-id-type="publisher-id">S0102-311X1993000300014</article-id><article-id pub-id-type="doi">10.1590/S0102-311X1993000300014</article-id><article-categories><subj-group><subject>Health Policy &amp; Services</subject></subj-group></article-categories><title-group><article-title lang_id="pt">A experiência da enfermidade: considerações teóricas</article-title><trans-title-group lang_id="en"><trans-title>Experiencing illness: theoretical considerations</trans-title></trans-title-group></title-group><contrib-group><contrib contrib-type="author"><name><surname>Alves</surname><given-names>Paulo César</given-names></name><role>ND</role><xref ref-type="aff" rid="A01"/></contrib></contrib-group><aff id="A01"><institution>Universidade Federal da Bahia</institution><country>Brazil</country></aff><pub-date><month>09</month><year>1993</year></pub-date><volume>9</volume><issue>3</issue><fpage>263</fpage><lpage>271</lpage><permissions><license license-type="open-access" href="http://creativecommons.org/licenses/by/4.0/"><license-p>This work is licensed under a Creative Commons Attribution 4.0 International License.</license-p></license></permissions><self-uri href="http://www.scielosp.org/scielo.php?script=sci_arttext&amp;pid=S0102-311X1993000300014&amp;lng=en&amp;tlng=en" content-type="full_text_page"/><self-uri href="http://www.scielo.br/scielo.php?script=sci_issuetoc&amp;pid=0102-311X19930003&amp;lng=en" content-type="issue_page"/><self-uri href="http://www.scielosp.org/scielo.php?script=sci_serial&amp;pid=0102-311X&amp;lng=en" content-type="journal_page"/><abstract lang_id="pt"><p>O presente trabalho estabelece algumas definições e o tratamento de conceitos chaves e termos relevantes para a compreensão da experiência da enfermidade. Objetiva analisar, em um nível teórico, a determinação individual e coletiva desta experiência. A análise aponta para a relação entre o universo macroscópico de significados estabelecidos pela sociedade e o mundo subjetivo dos indivíduos. O trabalho parte do pressuposto de que a experiência da enfermidade é uma realidade subjetiva tanto como intersubjetiva.</p></abstract><trans-abstract lang_id="en"><p>This paper intends to establish some definitions and deal with key concepts and terms related to the understanding of illness as an experience. At the theoretical level, it aims to analyze the individual and collective determination of the experience of illness as the mediation between the macroscopic universe of meaning established in society and the ways in which this universe is sujectively real to individuals. This inquiry starts with the supposition that illness as an experience is both a subjetive and intersubjetive reality.</p></trans-abstract><kwd-group lang_id="pt" kwd-group-type="author-generated"><kwd>Experiência da Enfermidade</kwd><kwd>Cultura e Enfermidade</kwd><kwd>Comportamento do Enfermo</kwd><kwd>Itinerário Terapêutico</kwd></kwd-group><kwd-group lang_id="en" kwd-group-type="author-generated"><kwd>Illness Experience</kwd><kwd>Culture and Illness</kwd><kwd>Illness Behavior</kwd><kwd>Career of Illness</kwd></kwd-group></article-meta></front><back><ref-list><ref id="B1"><element-citation publication-type="article"><article-title>Medicine and culture: Some anthropological perspectives</article-title><source>Social Science and Medicine</source><date><year>1978</year></date><fpage>247</fpage><lpage>254</lpage><volume>12B</volume><person-group><name><surname>COMAROFF</surname><given-names>J.</given-names></name></person-group></element-citation></ref></ref-list></back></article></articles>