<articles xmlns:xsi="http://www.w3.org/2001/XMLSchema-instance" xsi:schemaLocation="https://raw.githubusercontent.com/scieloorg/articles_meta/master/tests/xsd/scielo_sci/ThomsonReuters_publishing.xsd" dtd-version="1.10"><article lang_id="pt" article-type="research-article"><front><journal-meta><journal-id journal-id-type="publisher">csp</journal-id><journal-title-group><journal-title>Cadernos de Saúde Pública</journal-title><abbrev-journal-title>Cad. Saúde Pública</abbrev-journal-title></journal-title-group><issn>1678-4464</issn><collection>SciELO Brazil</collection><publisher><publisher-name>Escola Nacional de Saúde Pública Sergio Arouca, Fundação Oswaldo Cruz</publisher-name></publisher></journal-meta><article-meta><unique-article-id pub-id-type="publisher-id">S0102-311X1992000400002</unique-article-id><article-id pub-id-type="publisher-id">S0102-311X1992000400002</article-id><article-id pub-id-type="doi">10.1590/S0102-311X1992000400002</article-id><article-categories><subj-group><subject>Health Policy &amp; Services</subject></subj-group></article-categories><title-group><article-title lang_id="pt">Avaliação dos serviços de saúde: avaliar o quê?</article-title><trans-title-group lang_id="en"><trans-title>Evaluation of health services: what to evaluate?</trans-title></trans-title-group></title-group><contrib-group><contrib contrib-type="author"><name><surname>Akerman</surname><given-names>Marco</given-names></name><role>ND</role><xref ref-type="aff" rid="A01"/></contrib><contrib contrib-type="author"><name><surname>Nadanovsky</surname><given-names>Paulo</given-names></name><role>ND</role><xref ref-type="aff" rid="A01"/></contrib></contrib-group><aff id="A01"><institution>University of London</institution><country>United Kingdom</country></aff><pub-date><month>12</month><year>1992</year></pub-date><volume>8</volume><issue>4</issue><fpage>361</fpage><lpage>365</lpage><permissions><license license-type="open-access" href="http://creativecommons.org/licenses/by-nc/4.0/"><license-p>This work is licensed under a Creative Commons Attribution-NonCommercial 4.0 International License.</license-p></license></permissions><self-uri href="http://www.scielo.br/scielo.php?script=sci_arttext&amp;pid=S0102-311X1992000400002&amp;lng=en&amp;tlng=en" content-type="full_text_page"/><self-uri href="http://www.scielosp.org/scielo.php?script=sci_issuetoc&amp;pid=0102-311X19920004&amp;lng=en" content-type="issue_page"/><self-uri href="http://www.scielosp.org/scielo.php?script=sci_serial&amp;pid=0102-311X&amp;lng=en" content-type="journal_page"/><abstract lang_id="pt"><p>Este artigo reconhece a limitada influência dos serviços de saúde no processo saúde-doença, em oposição a fatores sociais e econômicos mais amplos. Entretanto, o mesmo tem como objetivo oferecer uma base conceitual para aqueles interessados em avaliar o sucesso (qualidade) destes serviços. O artigo apresenta duas atuações distintas no campo da saúde que se diferenciam em suas funções: as ações de atendimento direto (serviços clínicos) e as ações indiretas ("advogar saúde"). Não é intenção dos autores reavivar a velha polêmica entre cura e prevenção, mas sim criar uma diferenciação metodológica que facilite o processo avaliativo, uma vez que cada nível de atuação teria o seu respectivo indicador de sucesso. Discutem-se o conceito de qualidade e as tarefas dos serviços diretos de atendimento (serviços clínicos), além de critérios a serem utilizados na elaboração de indicadores de qualidade. Conclui-se dizendo que os objetivos dos serviços diretos de atendimento (serviços clínicos) devem ser claramente explicitados e que a estratégia de avaliação será determinada por esta escolha. Os autores sugerem que os interesses dos usuários deveriam desempenhar um papel relevante no processo avaliativo e que a avaliação do cuidado como um todo deve receber maior ênfase, em oposição à tradicional ênfase atribuída à cura.</p></abstract><trans-abstract lang_id="en"><p>This article acknowledges the limited influence of health services in the health/disease process as opposed to broader socio-economic factors. However, its aim is to offer a conceptual basis for those who are interested in evaluating the success (quality) of such services. The author maintains that there are two clearly distinct fields of health action, namely non-personal health services and clinical services (McKeown, 1979). In so saying, the author does not intend to reinstate the old dichotomy between prevention and cure, but to create a methodological distinction which could aid the evaluation process, since each level of action has its own indicators of success. The article also explores the concept of quality for clinical services as well as such services' tasks, and some criteria to devise indicators of quality are considered. The author concludes that the objectives of clinical services should be defined and explicitly stated. This choice determines the evaluation strategy. The author suggests that significant importance should be ascribed to users' interests in the evaluation process, and a case is made that much more emphasis should be given to the evaluation of care as opposed to the traditionally overvalued concept of cure.</p></trans-abstract><kwd-group lang_id="en" kwd-group-type="author-generated"><kwd>Evaluation</kwd><kwd>Quality</kwd><kwd>User Satisfaction</kwd></kwd-group><kwd-group lang_id="pt" kwd-group-type="author-generated"><kwd>Avaliação</kwd><kwd>Qualidade</kwd><kwd>Satisfação do Usuário</kwd></kwd-group></article-meta></front><back><ref-list><ref id="B1"><element-citation publication-type="book"><source>Medical Peer Review: Theory and Practice</source><date><year>1977</year></date><fpage>50</fpage><lpage>75</lpage><person-group><name><surname>DONABEDIAN</surname><given-names>A.</given-names></name><name><surname>Ertel</surname><given-names>P. Y.</given-names></name><name><surname>Aldridge</surname><given-names>M. G.</given-names></name><name><surname>Ertel</surname><given-names>P. Y.</given-names></name><name><surname>Aldridge</surname><given-names>M. G.</given-names></name></person-group></element-citation></ref><ref id="B2"><element-citation publication-type="book"><source>Minidicionário da Língua Portuguesa</source><date><year>1988</year></date><person-group><name><surname>FERREIRA</surname><given-names>A. B. H.</given-names></name><name><surname>FERREIRA</surname><given-names>A. B. H.</given-names></name></person-group></element-citation></ref><ref id="B3"><element-citation publication-type="book"><source>Government health care charges: is equity being abandoned?</source><date><year>1988</year></date><volume>15</volume><person-group><name><surname>GILSON</surname><given-names>L.</given-names></name><name><surname>GILSON</surname><given-names>L.</given-names></name></person-group></element-citation></ref><ref id="B4"><element-citation publication-type="article"><source>Quality Assurance in Health Care</source><date><year>1989</year></date><fpage>1</fpage><volume>1</volume></element-citation></ref><ref id="B5"><element-citation publication-type="book"><source>The Role of Medicine</source><date><year>1979</year></date><person-group><name><surname>McKEOWN</surname><given-names>T.</given-names></name><name><surname>McKEOWN</surname><given-names>T.</given-names></name></person-group></element-citation></ref><ref id="B6"><element-citation publication-type="article"><article-title>A review of the evidence concerning the impact of medical measures on recent mortality and morbidity in the United States</article-title><source>International Journal of Health Services</source><date><year>1989</year></date><fpage>181</fpage><lpage>208</lpage><volume>19</volume><person-group><name><surname>McKINLAY</surname><given-names>J.</given-names></name><name><surname>McKINLAY</surname><given-names>S. M.</given-names></name><name><surname>BEAGLE-HOLE</surname><given-names>R.</given-names></name></person-group></element-citation></ref><ref id="B7"><element-citation publication-type="book"><source>Promoting Health Trough Public Policy</source><date><year>1983</year></date><person-group><name><surname>MILIO</surname><given-names>N.</given-names></name><name><surname>MILIO</surname><given-names>N.</given-names></name></person-group></element-citation></ref><ref id="B8"><element-citation publication-type="article"><article-title>Research needs in quality assurance</article-title><source>Quality Assurance in Health Care</source><date><year>1989</year></date><fpage>147</fpage><lpage>159</lpage><volume>1</volume><person-group><name><surname>VUORI</surname><given-names>H.</given-names></name></person-group></element-citation></ref></ref-list></back></article></articles>