<articles xmlns:xsi="http://www.w3.org/2001/XMLSchema-instance" xsi:schemaLocation="https://raw.githubusercontent.com/scieloorg/articles_meta/master/tests/xsd/scielo_sci/ThomsonReuters_publishing.xsd" dtd-version="1.10"><article lang_id="pt" article-type="research-article"><front><journal-meta><journal-id journal-id-type="publisher">csp</journal-id><journal-title-group><journal-title>Cadernos de Saúde Pública</journal-title><abbrev-journal-title>Cad. Saúde Pública</abbrev-journal-title></journal-title-group><issn>1678-4464</issn><collection>SciELO Public Health</collection><publisher><publisher-name>Escola Nacional de Saúde Pública Sergio Arouca, Fundação Oswaldo Cruz</publisher-name></publisher></journal-meta><article-meta><unique-article-id pub-id-type="publisher-id">S0102-311X1986000300008</unique-article-id><article-id pub-id-type="publisher-id">S0102-311X1986000300008</article-id><article-id pub-id-type="doi">10.1590/S0102-311X1986000300008</article-id><article-categories><subj-group><subject>Health Policy &amp; Services</subject></subj-group></article-categories><title-group><article-title lang_id="pt">Teores de mercúrio no cabelo: um estudo comparativo em trabalhadores da lavoura de cana-de-açúcar com exposição pregressa aos fungicidas organo-mercuriais no município de Campos - RJ</article-title></title-group><contrib-group><contrib contrib-type="author"><name><surname>Câmara</surname><given-names>Volney de M.</given-names></name><role>ND</role><xref ref-type="aff" rid="A01"/></contrib><contrib contrib-type="author"><name><surname>Campos</surname><given-names>Reinaldo C.</given-names></name><role>ND</role><xref ref-type="aff" rid="A01"/></contrib><contrib contrib-type="author"><name><surname>Perez</surname><given-names>Maurício A.</given-names></name><role>ND</role><xref ref-type="aff" rid="A01"/></contrib><contrib contrib-type="author"><name><surname>Tambelini</surname><given-names>Anamaria T.</given-names></name><role>ND</role><xref ref-type="aff" rid="A02"/></contrib><contrib contrib-type="author"><name><surname>Klein</surname><given-names>Carlos Henrique</given-names></name><role>ND</role><xref ref-type="aff" rid="A02"/></contrib></contrib-group><aff id="A01"><institution>Universidade Federal do Rio de Janeiro</institution><country>Brazil</country></aff><aff id="A02"><institution>FIOCRUZ</institution><country>Brazil</country></aff><pub-date><month>09</month><year>1986</year></pub-date><volume>2</volume><issue>3</issue><fpage>359</fpage><lpage>372</lpage><permissions><license license-type="open-access" href="http://creativecommons.org/licenses/by/4.0/"><license-p>This work is licensed under a Creative Commons Attribution 4.0 International License.</license-p></license></permissions><self-uri href="http://www.scielosp.org/scielo.php?script=sci_arttext&amp;pid=S0102-311X1986000300008&amp;lng=en&amp;tlng=en" content-type="full_text_page"/><self-uri href="http://www.scielosp.org/scielo.php?script=sci_issuetoc&amp;pid=0102-311X19860003&amp;lng=en" content-type="issue_page"/><self-uri href="http://www.scielosp.org/scielo.php?script=sci_serial&amp;pid=0102-311X&amp;lng=en" content-type="journal_page"/><abstract lang_id="pt"><p>Como parte de uma tese de doutoramento, foi realizado um estudo comparativo dos teores de mercúrio no cabelo de um grupo de trabalhadores que tinham deixado de manipular os fungicidas organo-mercuriais há pelo menos dois anos com outro grupo semelhante, porém sem a história de manipulação prévia destes fungicidas. Embora não tenham sido encontradas diferenças estatisticamente significantes entre os grupos, os dados apresentados sugerem que pode ter havido contaminação ambiental por mercúrio em trabalhadores, pelo menos dois anos depois da proibição do uso dos fungicidas organo-mercuriais no Brasil.</p></abstract><trans-abstract lang_id="en"><p>In a rural area of the state of Rio de Janeiro - Brazil was realized a comparative study of mercury levels in human scalp hair between two groups of sugar cane plantation workers: exposed and not exposed at past (up two years) to the organomercury fungicides. It was not find statistical difference between the two groups, but these results shown a possibility of environmental pollution.</p></trans-abstract></article-meta></front><back><ref-list><ref id="B1"><element-citation publication-type="article"><article-title>Metabolism of methyl mercury compound in mam execrction and distribution</article-title><source>Arch. Environ. Health</source><date><year>1969</year></date><fpage>478</fpage><lpage>84</lpage><volume>19</volume><person-group><name><surname>ABERG</surname><given-names>B.</given-names></name></person-group></element-citation></ref></ref-list></back></article></articles>