<articles xmlns:xsi="http://www.w3.org/2001/XMLSchema-instance" xsi:schemaLocation="https://raw.githubusercontent.com/scieloorg/articles_meta/master/tests/xsd/scielo_sci/ThomsonReuters_publishing.xsd" dtd-version="1.10"><article lang_id="pt" article-type="research-article"><front><journal-meta><journal-id journal-id-type="publisher">csp</journal-id><journal-title-group><journal-title>Cadernos de Saúde Pública</journal-title><abbrev-journal-title>Cad. Saúde Pública</abbrev-journal-title></journal-title-group><issn>1678-4464</issn><collection>SciELO Brazil</collection><publisher><publisher-name>Escola Nacional de Saúde Pública Sergio Arouca, Fundação Oswaldo Cruz</publisher-name></publisher></journal-meta><article-meta><unique-article-id pub-id-type="publisher-id">S0102-311X1986000300007</unique-article-id><article-id pub-id-type="publisher-id">S0102-311X1986000300007</article-id><article-id pub-id-type="doi">10.1590/S0102-311X1986000300007</article-id><article-categories><subj-group><subject>Health Policy &amp; Services</subject></subj-group></article-categories><title-group><article-title lang_id="pt">A vigilância alimentar e nutricional no Brasil</article-title></title-group><contrib-group><contrib contrib-type="author"><name><surname>Batista Filho</surname><given-names>Malaquias</given-names></name><role>ND</role><xref ref-type="aff" rid="A01"/></contrib><contrib contrib-type="author"><name><surname>Lucena</surname><given-names>Maria Anunciada F.</given-names></name><role>ND</role><xref ref-type="aff" rid="A02"/></contrib><contrib contrib-type="author"><name><surname>Evangelista</surname><given-names>Maria Luiza M.</given-names></name><role>ND</role><xref ref-type="aff" rid="A03"/></contrib></contrib-group><aff id="A01"><institution>Fundação Oswaldo Cruz</institution><country>Brazil</country></aff><aff id="A03"><institution>IPLAN</institution></aff><aff id="A02"><institution>SISVAN</institution></aff><pub-date><month>09</month><year>1986</year></pub-date><volume>2</volume><issue>3</issue><fpage>349</fpage><lpage>358</lpage><permissions><license license-type="open-access" href="http://creativecommons.org/licenses/by-nc/4.0/"><license-p>This work is licensed under a Creative Commons Attribution-NonCommercial 4.0 International License.</license-p></license></permissions><self-uri href="http://www.scielo.br/scielo.php?script=sci_arttext&amp;pid=S0102-311X1986000300007&amp;lng=en&amp;tlng=en" content-type="full_text_page"/><self-uri href="http://www.scielosp.org/scielo.php?script=sci_issuetoc&amp;pid=0102-311X19860003&amp;lng=en" content-type="issue_page"/><self-uri href="http://www.scielosp.org/scielo.php?script=sci_serial&amp;pid=0102-311X&amp;lng=en" content-type="journal_page"/><abstract lang_id="pt"><p>Com base em dois projetos em funcionamento (Recife, no Estado de Pernambuco, e Vale do Piancó, na Paraíba) descreve-se o Sistema de Vigilância Alimentar e Nutricional do Brasil (SIVAN). Trata-se especificamente da organização institucional e operativa, coleta, processamento, análise e uso das informações obtidas pelo SIVAN. Os dois projetos implantados são experimentais, não podendo, portanto, serem tomados como modelo já definidos. Os resultados obtidos são ainda preliminares e, por esta razão, não estão incluídos no presente documento. A nível central, o Instituto Nacional de Alimentação e Nutrição (INAN) está reelaborando o projeto SIVAN sob novos conceitos, objetivos e diretrizes operacionais.</p></abstract><trans-abstract lang_id="en"><p>The present study descrives two projects of Food and Nutrition Surveillance System developed in the city of Recife (Pernambuco) and in the Vale do Piancó (Paraíba), Northeast Brazil. Especifically, present the institutional and operative organization, colletion of data, processing, analyse and the use given to the information produced by the system. These projects are still in experimental phase, therefore can not be talken as a definitive model The preliminary results do not allow in this moment a consistent analyse. The National Food and Nutrition Institut (INAN, Brazil) located at central level, is re-defining the System based upon new concepts and operational orientation.</p></trans-abstract></article-meta></front><back><ref-list><ref id="B1"><element-citation publication-type="book"><source>Padrões e hábitos alimentares da população brasileira</source><date><year>1981</year></date><person-group><name><surname>ARRUDA</surname><given-names>B.K.G.</given-names></name><name><surname>ARRUDA</surname><given-names>B.K.G.</given-names></name></person-group></element-citation></ref><ref id="B2"><element-citation publication-type="book"><source>A política alimentar e nutricional do Brasil</source><date><year>1984</year></date><person-group><name><surname>ARRUDA</surname><given-names>B. K .G.</given-names></name><name><surname>ARRUDA</surname><given-names>B. K .G.</given-names></name></person-group></element-citation></ref><ref id="B3"><element-citation publication-type="book"><source>Epidemiologia e saúde</source><date><year>1986</year></date><person-group><name><surname>BATISTA FILHO</surname><given-names>M.</given-names></name><name><surname>ROUQUAYROL</surname><given-names>Z.</given-names></name><name><surname>ROUQUAYROL</surname><given-names>Z.</given-names></name></person-group></element-citation></ref><ref id="B4"><element-citation publication-type="book"><source>Alimentação e nutrição no Brasil</source><date><year>1985</year></date><person-group><name><surname>BATISTA FILHO</surname><given-names>M.</given-names></name><name><surname>BARBOSA</surname><given-names>N.P.</given-names></name><name><surname>BATISTA FILHO</surname><given-names>M.</given-names></name><name><surname>BARBOSA</surname><given-names>N.P.</given-names></name></person-group></element-citation></ref><ref id="B5"><element-citation publication-type="book"><source>Anos potenciais de vidas perdidos, Brasil, 1980</source><date><year>1984</year></date><person-group><name><surname>BECKER</surname><given-names>R.A.</given-names></name><name><surname>BECKER</surname><given-names>R.A.</given-names></name></person-group></element-citation></ref><ref id="B6"><element-citation publication-type="book"><source>Desigualdades sociais do nordeste</source><date><year>1985</year></date><person-group><name><surname>CALSING</surname><given-names>C.F.</given-names></name><name><surname>CALSING</surname><given-names>C.F.</given-names></name></person-group></element-citation></ref><ref id="B7"><element-citation publication-type="book"><source>Os números sombrios</source><date><month>11</month><year>1984</year></date></element-citation></ref><ref id="B8"><element-citation publication-type="book"><source>Pesquisa nacional de amostras por domicílio: PNAD, 1980</source><date><year>1981</year></date></element-citation></ref><ref id="B9"><element-citation publication-type="article"><article-title>Desnutrición</article-title><source>Bol. Med. Hosp. Infant.</source><date><year>1946</year></date><fpage>543</fpage><lpage>51</lpage><issue>4</issue><volume>3</volume><person-group><name><surname>GOMEZ</surname><given-names>F.</given-names></name></person-group></element-citation></ref><ref id="B10"><element-citation publication-type="article"><article-title>Padrões alimentares de famílias rurais do trópico semi-árido: nordeste do Brasil</article-title><source>Alim. Nutr.</source><date><year>1984</year></date><fpage>51</fpage><lpage>8</lpage><volume>3</volume><person-group><name><surname>LUCENA</surname><given-names>M.A.F.</given-names></name></person-group></element-citation></ref><ref id="B11"><element-citation publication-type="article"><article-title>Bócio endêmico: Levantamento de sua prevalência por micro-regiões homogêneas</article-title><source>R. bras. Malariol D. Trop.</source><date><year>1978</year></date><volume>1-4</volume><person-group><name><surname>MEDEIROS NETO</surname><given-names>G.</given-names></name></person-group></element-citation></ref><ref id="B12"><element-citation publication-type="book"><source>Desnutrição intra-uterina e pós-natal</source><date><year>1982</year></date><person-group><name><surname>NÓBREGA</surname><given-names>F.J.</given-names></name><name><surname>NÓBREGA</surname><given-names>F.J.</given-names></name></person-group></element-citation></ref><ref id="B13"><element-citation publication-type="article"><article-title>Perfil da alimentação brasileira: Relação entre calorias e proteínas</article-title><source>R. ABIA/SAPRO</source><date><year>1977</year></date><fpage>14</fpage><lpage>30</lpage><volume>33</volume><person-group><name><surname>SALOMON</surname><given-names>J.B.</given-names></name><name><surname>DÓREA</surname><given-names>L.J.G.</given-names></name></person-group></element-citation></ref><ref id="B14"><element-citation publication-type="article"><article-title>Xerophtalmia in the State of Paraíba, Northeast Brasil</article-title><source>Amer. J. Clin. Nutr.</source><date><year>1982</year></date><fpage>139</fpage><lpage>44</lpage><volume>38</volume><person-group><name><surname>SANTOS</surname><given-names>L.</given-names></name></person-group></element-citation></ref><ref id="B15"><element-citation publication-type="book"><source>Ecologia da desnutrição na infância</source><date><year>1985</year></date><person-group><name><surname>SHRIMPTON</surname><given-names>R.</given-names></name><name><surname>SHRIMPTON</surname><given-names>R.</given-names></name></person-group></element-citation></ref><ref id="B16"><element-citation publication-type="book"><source>Estado nutricional e condições sócio-econômicas de famílias rurais do trópico semi-árido (nordeste do Brasil) Recife, 1982</source><person-group><name><surname>TORRES</surname><given-names>M.A.A.</given-names></name><name><surname>TORRES</surname><given-names>M.A.A.</given-names></name></person-group></element-citation></ref></ref-list></back></article></articles>