<articles xmlns:xsi="http://www.w3.org/2001/XMLSchema-instance" xsi:schemaLocation="https://raw.githubusercontent.com/scieloorg/articles_meta/master/tests/xsd/scielo_sci/ThomsonReuters_publishing.xsd" dtd-version="1.10"><article lang_id="en" article-type="research-article"><front><journal-meta><journal-id journal-id-type="publisher">csp</journal-id><journal-title-group><journal-title>Cadernos de Saúde Pública</journal-title><abbrev-journal-title>Cad. Saúde Pública</abbrev-journal-title></journal-title-group><issn>1678-4464</issn><collection>SciELO Public Health</collection><publisher><publisher-name>Escola Nacional de Saúde Pública Sergio Arouca, Fundação Oswaldo Cruz</publisher-name></publisher></journal-meta><article-meta><unique-article-id pub-id-type="publisher-id">S0102-311X1992000300002</unique-article-id><article-id pub-id-type="publisher-id">S0102-311X1992000300002</article-id><article-id pub-id-type="doi">10.1590/S0102-311X1992000300002</article-id><article-categories><subj-group><subject>Health Policy &amp; Services</subject></subj-group></article-categories><title-group><article-title lang_id="en">Social determinants of health and disease: the role of small-scale projects illustrated by the Koster health project in Sweden and Ametra in Peru</article-title><trans-title-group lang_id="pt"><trans-title>Determinantes sociais de saúde e doença: o papel de pequenos projetos em saúde ilustrado pelos projetos Koster na Suécia e Ametra no Peru</trans-title></trans-title-group></title-group><contrib-group><contrib contrib-type="author"><name><surname>Follér</surname><given-names>Maj-Lis</given-names></name><role>ND</role><xref ref-type="aff" rid="A01"/></contrib></contrib-group><aff id="A01"><institution>University of Göteborg</institution><country>Sweden</country></aff><pub-date><month>09</month><year>1992</year></pub-date><volume>8</volume><issue>3</issue><fpage>229</fpage><lpage>239</lpage><permissions><license license-type="open-access" href="http://creativecommons.org/licenses/by/4.0/"><license-p>This work is licensed under a Creative Commons Attribution 4.0 International License.</license-p></license></permissions><self-uri href="http://www.scielosp.org/scielo.php?script=sci_arttext&amp;pid=S0102-311X1992000300002&amp;lng=en&amp;tlng=en" content-type="full_text_page"/><self-uri href="http://www.scielosp.org/scielo.php?script=sci_issuetoc&amp;pid=0102-311X19920003&amp;lng=en" content-type="issue_page"/><self-uri href="http://www.scielosp.org/scielo.php?script=sci_serial&amp;pid=0102-311X&amp;lng=en" content-type="journal_page"/><abstract lang_id="en"><p>Two different health projects are evaluated in this paper. The Koster Health project taking place at the Koster Islands in Sweden and the Ametra project going on among the Shipibo-Conibo in Peru. Both projects focus more on the determinants of health than on sickness and more on the individual's subjective feeling of illness than on the biomedically "objectively" recognizable disease. "Mobilization" and "responsibility"for the individual's own health are central concepts in both projects. In the theoretical part of the paper a human ecological perspective is suggested to analyse the interaction between human health and environmental changes. The author emphasizes the importance of interdisciplinary research when evaluating how the external determinants from the natural and social environment affect human beings and health. The human ecological approach is seen as a complement to the biomedical research. Health and disease are two poles in a continuum. In a pluralistic society we should struggle towards the pole of health.</p></abstract><trans-abstract lang_id="pt"><p>Este artigo revê e avalia dois projetos de saúde - o Koster Health Project realizado nas ilhas Koster, Suécia, e o Ametra Project, realizado entre os indígenas Shipibo-Conibo, Peru. Ambos enfocam, principalmente, os determinantes de saúde, ao invés da doença. Os projetos também privilegiam em suas abordagens os sentimentos subjetivos individuais sobre a doença, ao invés de doenças "objetivamente" reconhecidas pela biomedicina. "Mobilização" e "responsabilidade" pela saúde do próprio indivíduo são conceitos centrais em ambos os projetos. O artigo busca na ecologia humana o suporte teórico para analisar a interação entre saúde humana e mudanças ambientais. A autora enfatiza a importância da pesquisa interdisciplinar na avaliação do papel exercido pelos fatores naturais e sociais sobre os seres humanos e a saúde. A abordagem da ecologia humana é vista como complementar à pesquisa biomédica sendo, saúde e doença, concebidas como dois pontos em um continuum. A autora argumenta que em uma sociedade pluralista deve-se lutar no sentido de se avançar rumo ao polo da saúde.</p></trans-abstract><kwd-group lang_id="en" kwd-group-type="author-generated"><kwd>Human Ecology</kwd><kwd>Health</kwd><kwd>Mobilization</kwd><kwd>Koster Islands</kwd><kwd>Shipibo-Conibo Indians</kwd></kwd-group><kwd-group lang_id="pt" kwd-group-type="author-generated"><kwd>Ecologia Humana</kwd><kwd>Saúde</kwd><kwd>Mobilização Social</kwd><kwd>Ilhas Koster</kwd><kwd>Índios Shipibo-Conibo</kwd></kwd-group></article-meta></front><back><ref-list><ref id="B1"><element-citation publication-type="book"><source>Health, Stress and Coping</source><date><year>1981</year></date><person-group><name><surname>ANTONOVSKY</surname><given-names>A.</given-names></name><name><surname>ANTONOVSKY</surname><given-names>A.</given-names></name></person-group></element-citation></ref></ref-list></back></article></articles>