<articles xmlns:xsi="http://www.w3.org/2001/XMLSchema-instance" xsi:schemaLocation="https://raw.githubusercontent.com/scieloorg/articles_meta/master/tests/xsd/scielo_sci/ThomsonReuters_publishing.xsd" dtd-version="1.10"><article lang_id="pt" article-type="research-article"><front><journal-meta><journal-id journal-id-type="publisher">csp</journal-id><journal-title-group><journal-title>Cadernos de Saúde Pública</journal-title><abbrev-journal-title>Cad. Saúde Pública</abbrev-journal-title></journal-title-group><issn>1678-4464</issn><collection>SciELO Brazil</collection><publisher><publisher-name>Escola Nacional de Saúde Pública Sergio Arouca, Fundação Oswaldo Cruz</publisher-name></publisher></journal-meta><article-meta><unique-article-id pub-id-type="publisher-id">S0102-311X1991000300009</unique-article-id><article-id pub-id-type="publisher-id">S0102-311X1991000300009</article-id><article-id pub-id-type="doi">10.1590/S0102-311X1991000300009</article-id><article-categories><subj-group><subject>Health Policy &amp; Services</subject></subj-group></article-categories><title-group><article-title lang_id="pt">Dengue: classificação clínica</article-title></title-group><contrib-group><contrib contrib-type="author"><name><surname>Marzochi</surname><given-names>Keyla Belízia Feldman</given-names></name><role>ND</role><xref ref-type="aff" rid="A01"/></contrib></contrib-group><aff id="A01"><institution>Fundação Oswaldo Cruz</institution><country>Brazil</country></aff><pub-date><month>09</month><year>1991</year></pub-date><volume>7</volume><issue>3</issue><fpage>409</fpage><lpage>415</lpage><permissions><license license-type="open-access" href="http://creativecommons.org/licenses/by-nc/4.0/"><license-p>This work is licensed under a Creative Commons Attribution-NonCommercial 4.0 International License.</license-p></license></permissions><self-uri href="http://www.scielo.br/scielo.php?script=sci_arttext&amp;pid=S0102-311X1991000300009&amp;lng=en&amp;tlng=en" content-type="full_text_page"/><self-uri href="http://www.scielosp.org/scielo.php?script=sci_issuetoc&amp;pid=0102-311X19910003&amp;lng=en" content-type="issue_page"/><self-uri href="http://www.scielosp.org/scielo.php?script=sci_serial&amp;pid=0102-311X&amp;lng=en" content-type="journal_page"/></article-meta></front><back><ref-list><ref id="B1"><element-citation publication-type="article"><article-title>Why dengue hemorrhagic fever in Cuba?: I. Individual risk factors for dengue hemorrhagic fever/dengue schock syndrome (DHF/DSS)</article-title><source>Trans. Roy. Soc. Med. Hyg.</source><date><year>1987</year></date><fpage>816</fpage><lpage>820</lpage><volume>81</volume><person-group><name><surname>BRAVO</surname><given-names>J.R.</given-names></name><name><surname>GUZMAN</surname><given-names>M.P.</given-names></name><name><surname>KOURI</surname><given-names>G.P.</given-names></name></person-group></element-citation></ref><ref id="B2"><element-citation publication-type="article"><article-title>Dengue hemorrágico em Niterói - 1990: Aspectos clínicos</article-title><source>Rev. Soc. Bras. Med. Trop.</source><date><year>1991</year></date><fpage>122</fpage><lpage>123</lpage><volume>24</volume><person-group><name><surname>DIAS</surname><given-names>M.</given-names></name><name><surname>ZAGNE</surname><given-names>S.M.O.</given-names></name><name><surname>PACHECO</surname><given-names>M.</given-names></name><name><surname>STAVOLA</surname><given-names>M.S.</given-names></name><name><surname>COSTA</surname><given-names>A.J.L.</given-names></name></person-group></element-citation></ref><ref id="B3"><element-citation publication-type="article"><article-title>Dengue hemorrhagic fever in Cuba: I. Serological confirmation of clinical diagnosis</article-title><source>Trans. Roy. Soc. Med. Hyg.</source><date><year>1984</year></date><fpage>235</fpage><lpage>238</lpage><volume>78</volume><person-group><name><surname>GUSMAN</surname><given-names>M.G.</given-names></name><name><surname>KOURI</surname><given-names>G.P.</given-names></name><name><surname>BRAVO</surname><given-names>J.</given-names></name><name><surname>CALUNGA</surname><given-names>M.</given-names></name><name><surname>SOLER</surname><given-names>M.</given-names></name><name><surname>VASQUEZ</surname><given-names>S.</given-names></name><name><surname>VENEREO</surname><given-names>C.</given-names></name></person-group></element-citation></ref><ref id="B4"><element-citation publication-type="article"><article-title>Observations related to pathogenesis of dengue hemorrhagic fever: Hypotheses and discussion</article-title><source>Yale J. Biol. Med.</source><date><year>1970</year></date><fpage>350</fpage><lpage>362</lpage><volume>42</volume><person-group><name><surname>HALSTEAD</surname><given-names>S.B.</given-names></name></person-group></element-citation></ref><ref id="B5"><element-citation publication-type="article"><article-title>Dengue infections in the Philippines: Clinical and virological findings in 517 hospitalized patients</article-title><source>An J. Trop. Med. Hyg.</source><date><year>1988</year></date><fpage>110</fpage><lpage>111</lpage><volume>39</volume><person-group><name><surname>HAYES</surname><given-names>C.G.</given-names></name><name><surname>MANALOTO</surname><given-names>C.R.</given-names></name><name><surname>GONZALES</surname><given-names>A.</given-names></name><name><surname>RANOA</surname><given-names>C.P.</given-names></name></person-group></element-citation></ref><ref id="B6"><element-citation publication-type="article"><article-title>The dengue viruses</article-title><source>Clin. Microbiol Rev.</source><date><year>1990</year></date><fpage>376</fpage><lpage>396</lpage><volume>3</volume><person-group><name><surname>HENCHAL</surname><given-names>E.A.</given-names></name><name><surname>PUTNAK</surname><given-names>R.</given-names></name></person-group></element-citation></ref><ref id="B7"><element-citation publication-type="article"><article-title>Age adjustated morbidity in Thailand 1983-1987</article-title><source>Southeast Asian J. Trop. Med. Pub. Health</source><date><year>1989</year></date><fpage>195</fpage><lpage>200</lpage><volume>20</volume><person-group><name><surname>KITAYAPORN</surname><given-names>D.</given-names></name><name><surname>SINGHASIVANON</surname><given-names>P.</given-names></name><name><surname>VASUVAT</surname><given-names>C.</given-names></name></person-group></element-citation></ref><ref id="B8"><element-citation publication-type="article"><article-title>Dengue hemorrágico em Cuba: Crônica de uma epidemia</article-title><source>Bol. of Sanit. Panam.</source><date><year>1986</year></date><fpage>322</fpage><lpage>329</lpage><volume>100</volume><person-group><name><surname>KOURI</surname><given-names>G.</given-names></name><name><surname>GUSMAN</surname><given-names>M.G.</given-names></name><name><surname>BRAVO</surname><given-names>J.</given-names></name></person-group></element-citation></ref><ref id="B9"><element-citation publication-type="article"><article-title>Why dengue hemorrhagic fever in Cuba?: 2. An integral analysis</article-title><source>Trans. Roy. Soc. Med. Hyg.</source><date><year>1987</year></date><fpage>821</fpage><lpage>823</lpage><volume>81</volume><person-group><name><surname>KOURI</surname><given-names>G.P.</given-names></name><name><surname>GUSMAN</surname><given-names>M.G.</given-names></name><name><surname>BRAVO</surname><given-names>J.R.</given-names></name></person-group></element-citation></ref><ref id="B10"><element-citation publication-type="book"><source>Dengue hemorrágico en niños: Bogotá</source><date><year>1990</year></date><fpage>140</fpage><person-group><name><surname>MARTINEZ</surname><given-names>E.</given-names></name><name><surname>MARTINEZ</surname><given-names>E.</given-names></name></person-group></element-citation></ref><ref id="B11"><element-citation publication-type="conference"><source>Anais</source><date><year>1988</year></date><fpage>396</fpage><lpage>401</lpage><person-group><name><surname>MARZOCHI</surname><given-names>K.B.F.</given-names></name></person-group></element-citation></ref><ref id="B12"><element-citation publication-type="article"><article-title>Dengue fever serotype 1 in Rio de Janeiro: a clinical and laboratory study</article-title><source>Rev. Soc. Bras. Med. Trop.</source><date><year>1991</year></date><fpage>121</fpage><volume>24</volume><person-group><name><surname>MARZOCHI</surname><given-names>K.B.F.</given-names></name><name><surname>CARNEIRO</surname><given-names>M.B.</given-names></name><name><surname>NOGUEIRA</surname><given-names>R.M.</given-names></name><name><surname>SCHATZMAYR</surname><given-names>H.G.</given-names></name><name><surname>SOUZA</surname><given-names>R.V.</given-names></name><name><surname>ROCHA</surname><given-names>R.G.</given-names></name><name><surname>SOARES</surname><given-names>A.G.</given-names></name><name><surname>CUBA</surname><given-names>J.</given-names></name><name><surname>DIAS</surname><given-names>M.</given-names></name><name><surname>SIMÕES</surname><given-names>S.</given-names></name></person-group></element-citation></ref><ref id="B13"><element-citation publication-type="article"><article-title>Dados clínico-laboratoriais de dengue tipo 1: comparação entre 562 casos confirmados e 120 não-confirmados do Hospital Evandro Chagas, Fiocruz, Rio de Janeiro</article-title><source>Rev. Soc. Bras. Med. Trop.</source><date><year>1991</year></date><fpage>121</fpage><lpage>122</lpage><volume>24</volume><person-group><name><surname>MARZOCHI</surname><given-names>K.B.F.</given-names></name><name><surname>SIMÕES</surname><given-names>S.</given-names></name><name><surname>SOUZA</surname><given-names>R.V.</given-names></name><name><surname>NOGUEIRA</surname><given-names>R.M.</given-names></name><name><surname>SCHATZMAYR</surname><given-names>H.G.</given-names></name><name><surname>SOARES</surname><given-names>A.G.</given-names></name><name><surname>FERNANDES</surname><given-names>N.</given-names></name><name><surname>CUBA</surname><given-names>J.</given-names></name><name><surname>CAMPOS</surname><given-names>D.</given-names></name><name><surname>CARNEIRO</surname><given-names>M.C.</given-names></name><name><surname>ROCHA</surname><given-names>R.G.</given-names></name><name><surname>EWERTON</surname><given-names>E.</given-names></name></person-group></element-citation></ref><ref id="B14"><element-citation publication-type="article"><article-title>Dengue in Puerto Rico, 1977: public health response to characterize and control an epidemic of multiple serotypes</article-title><source>Am. J. Trop. Med. Hyg.</source><date><year>1986</year></date><fpage>197</fpage><lpage>211</lpage><issue>1</issue><volume>35</volume><person-group><name><surname>MORENS</surname><given-names>D.M.</given-names></name><name><surname>RIGAV-PEREZ</surname><given-names>J.G.</given-names></name><name><surname>LÓPEZ-CORREA</surname><given-names>R.H.</given-names></name><name><surname>MOORE</surname><given-names>C.G.</given-names></name><name><surname>RUIZ-TIBÉN</surname><given-names>E.E.</given-names></name><name><surname>SATHER</surname><given-names>G.E.</given-names></name><name><surname>CHIRIBOGA</surname><given-names>J.</given-names></name><name><surname>ELIASON</surname><given-names>D.A.</given-names></name><name><surname>CASTA-VELEZ</surname><given-names>A.</given-names></name><name><surname>WOODALL</surname><given-names>J.P.</given-names></name></person-group></element-citation></ref><ref id="B15"><element-citation publication-type="article"><article-title>The emperor's new clothes revisited, or reflections on the dengue haemorrhagic fever</article-title><source>Am. J. Trop. Med. Hyg.</source><date><year>1977</year></date><fpage>237</fpage><lpage>343</lpage><volume>26</volume><person-group><name><surname>ROSEN</surname><given-names>L.</given-names></name></person-group></element-citation></ref><ref id="B16"><element-citation publication-type="article"><article-title>Risk factors in dengue syndrome: a prospective epidemiologic study in Rayong, Thailand: I. The 1980 outbreak</article-title><source>Am. J. Epidem.</source><date><year>1984</year></date><fpage>653</fpage><lpage>669</lpage><volume>120</volume><person-group><name><surname>SANGKAWIBHA</surname><given-names>N.S.</given-names></name><name><surname>ROJANASUPHOT</surname><given-names>S.</given-names></name><name><surname>AHANDRIK</surname><given-names>S.</given-names></name><name><surname>VIRIYAPONGSE</surname><given-names>S.</given-names></name><name><surname>JATANASEN</surname><given-names>S.</given-names></name><name><surname>SALITUL</surname><given-names>V.</given-names></name><name><surname>PHANTHUMACHINDA</surname><given-names>B.</given-names></name><name><surname>HALSTEAD</surname><given-names>S.B.</given-names></name></person-group></element-citation></ref><ref id="B17"><element-citation publication-type="article"><article-title>Clinical observations on virologically confirmed fatal dengue infections in Jakarta, Indonesia: Bull</article-title><source>WHO</source><date><year>1983</year></date><fpage>693</fpage><lpage>701</lpage><volume>61</volume><person-group><name><surname>SUMARMO</surname><given-names>S.P.S.</given-names></name><name><surname>WULUR</surname><given-names>H.</given-names></name><name><surname>JAHJA</surname><given-names>E.</given-names></name><name><surname>GUBLER</surname><given-names>D.J.</given-names></name><name><surname>SUHARYONO</surname><given-names>W.</given-names></name><name><surname>SORRENSEN</surname><given-names>K.</given-names></name></person-group></element-citation></ref><ref id="B18"><element-citation publication-type="book"><source>Technical guides for diagnosis, treatment, surveillance, prevention and control of dengue hemorrhagic fever</source><date><year>1975</year></date></element-citation></ref><ref id="B19"><element-citation publication-type="book"><source>Dengue hemorrhagic fever, diagnostic, treatment and control</source><date><year>1986</year></date></element-citation></ref></ref-list></back></article></articles>