<articles xmlns:xsi="http://www.w3.org/2001/XMLSchema-instance" xsi:schemaLocation="https://raw.githubusercontent.com/scieloorg/articles_meta/master/tests/xsd/scielo_sci/ThomsonReuters_publishing.xsd" dtd-version="1.10"><article lang_id="pt" article-type="research-article"><front><journal-meta><journal-id journal-id-type="publisher">csp</journal-id><journal-title-group><journal-title>Cadernos de Saúde Pública</journal-title><abbrev-journal-title>Cad. Saúde Pública</abbrev-journal-title></journal-title-group><issn>1678-4464</issn><collection>SciELO Brazil</collection><publisher><publisher-name>Escola Nacional de Saúde Pública Sergio Arouca, Fundação Oswaldo Cruz</publisher-name></publisher></journal-meta><article-meta><unique-article-id pub-id-type="publisher-id">S0102-311X1992000100002</unique-article-id><article-id pub-id-type="publisher-id">S0102-311X1992000100002</article-id><article-id pub-id-type="doi">10.1590/S0102-311X1992000100002</article-id><article-categories><subj-group><subject>Health Policy &amp; Services</subject></subj-group></article-categories><title-group><article-title lang_id="pt">Os caminhos da estatística e suas incursões pela epidemiologia</article-title><trans-title-group lang_id="en"><trans-title>The paths of statistics and its incursions through epidemiology</trans-title></trans-title-group></title-group><contrib-group><contrib contrib-type="author"><name><surname>Szwarcwald</surname><given-names>Celia L.</given-names></name><role>ND</role><xref ref-type="aff" rid="A01"/></contrib><contrib contrib-type="author"><name><surname>Castilho</surname><given-names>Euclides A. de</given-names></name><role>ND</role><xref ref-type="aff" rid="A01"/></contrib></contrib-group><aff id="A01"><institution>Fundação Oswaldo Cruz</institution><country>Brazil</country></aff><pub-date><month>03</month><year>1992</year></pub-date><volume>8</volume><issue>1</issue><fpage>5</fpage><lpage>21</lpage><permissions><license license-type="open-access" href="http://creativecommons.org/licenses/by-nc/4.0/"><license-p>This work is licensed under a Creative Commons Attribution-NonCommercial 4.0 International License.</license-p></license></permissions><self-uri href="http://www.scielo.br/scielo.php?script=sci_arttext&amp;pid=S0102-311X1992000100002&amp;lng=en&amp;tlng=en" content-type="full_text_page"/><self-uri href="http://www.scielo.br/scielo.php?script=sci_issuetoc&amp;pid=0102-311X19920001&amp;lng=en" content-type="issue_page"/><self-uri href="http://www.scielosp.org/scielo.php?script=sci_serial&amp;pid=0102-311X&amp;lng=en" content-type="journal_page"/><abstract lang_id="pt"><p>Neste trabalho, contempla-se o desenvolvimento da Estatística, desde suas origens probabilísticas até os atuais modelos de "dependência" no tempo e no espaço. Avalia-se a evolução do método quantitativo na abordagem epidemiológica, como também procura-se estabelecer limites das técnicas estatísticas habituais, discutindo-se suas suposições teóricas e sua adequação ao tratamento analítico das informações. Enfatizam-se a importância do desenvolvimento e/ou generalização de procedimentos que possam ajudar a superar as dificuldades metodológicas ainda encontradas em diversos estudos de inferência causal em Epidemiologia.</p></abstract><trans-abstract lang_id="en"><p>In this paper the development of Statistics is contemplated from its probabilistic fundamentals until the current studies of time and space "dependence". Some applications of the quantitative method in the epidemiologic approach are evaluated. An attempt is made to establish some limits to the current statistical techniques through the discussion of theoretical assumptions and their adequacy to analyse empirical data. The development (or generalization) of new procedures that could possibly help to overcome methodological difficulties that are still found in various analysis of causal inference in Epidemiology is emphasized.</p></trans-abstract><kwd-group lang_id="en" kwd-group-type="author-generated"><kwd>Statistics</kwd><kwd>Applied Statistics</kwd><kwd>History of Statistics</kwd><kwd>Biostatistics</kwd><kwd>Statistics/Epidemiology Relationships</kwd></kwd-group><kwd-group lang_id="pt" kwd-group-type="author-generated"><kwd>Estatística</kwd><kwd>Estatística Aplicada</kwd><kwd>História da Estatística</kwd><kwd>Bioestatística</kwd><kwd>Relações Estatística/Epidemiologia</kwd></kwd-group></article-meta></front><back><ref-list><ref id="B1"><element-citation publication-type="book"><source>Epidemiologia sem Números: Introdução Crítica à Ciência Epidemiológica</source><date><year>1989</year></date><person-group><name><surname>ALMEIDA FILHO</surname><given-names>N.</given-names></name><name><surname>ALMEIDA FILHO</surname><given-names>N.</given-names></name></person-group></element-citation></ref><ref id="B2"><element-citation publication-type="book"><source>An Introduction to Multivariate Statistical Analysis</source><date><year>1958</year></date><person-group><name><surname>T. W.</surname><given-names>ANDERSON</given-names></name><name><surname>T. W.</surname><given-names>ANDERSON</given-names></name></person-group></element-citation></ref><ref id="B3"><element-citation publication-type="book"><source>The Statistical Analysis of Time Series</source><date><year>1971</year></date><person-group><name><surname>T. W.</surname><given-names>ANDERSON</given-names></name></person-group></element-citation></ref><ref id="B4"><element-citation publication-type="book"><source>Real Analysis and Probability</source><date><year>1972</year></date><person-group><name><surname>ASH</surname><given-names>R. B.</given-names></name><name><surname>ASH</surname><given-names>R. B.</given-names></name></person-group></element-citation></ref><ref id="B5"><element-citation publication-type="book"><source>Medical Uses of Statistics</source><date><year>1986</year></date><person-group><name><surname>BAILAR</surname><given-names>J. C.</given-names></name><name><surname>MOSTELLER</surname><given-names>F.</given-names></name><name><surname>BAILAR</surname><given-names>J. C.</given-names></name><name><surname>MOSTELLER</surname><given-names>F.</given-names></name></person-group></element-citation></ref><ref id="B6"><element-citation publication-type="book"><source>The Elements of Stochastic Processes with Applications to the Natural Sciences</source><date><year>1964</year></date><person-group><name><surname>BAILEY</surname><given-names>N. T. J.</given-names></name><name><surname>BAILEY</surname><given-names>N. T. J.</given-names></name></person-group></element-citation></ref><ref id="B7"><element-citation publication-type="book"><source>Epidemiologia Teoria e Objeto</source><date><year>1990</year></date><fpage>19</fpage><lpage>38</lpage><person-group><name><surname>BARRETO</surname><given-names>M. L.</given-names></name><name><surname>Costa</surname><given-names>D. C.</given-names></name><name><surname>Costa</surname><given-names>D. C.</given-names></name></person-group></element-citation></ref><ref id="B8"><element-citation publication-type="book"><source>Stochastic Population Models in Ecology and Epidemiology</source><date><year>1960</year></date><person-group><name><surname>BARTLETT</surname><given-names>M. S.</given-names></name><name><surname>BARTLETT</surname><given-names>M. S.</given-names></name></person-group></element-citation></ref><ref id="B9"><element-citation publication-type="book"><source>Programmes, Jeux et Réseaux de Transport</source><date><year>1962</year></date><person-group><name><surname>BERGE</surname><given-names>C.</given-names></name><name><surname>GHOUILA-HOURI</surname><given-names>A.</given-names></name><name><surname>BERGE</surname><given-names>C.</given-names></name><name><surname>GHOUILA-HOURI</surname><given-names>A.</given-names></name></person-group></element-citation></ref><ref id="B10"><element-citation publication-type="book"><source>Bioestatística</source><date><year>1984</year></date><person-group><name><surname>BERQUÓ</surname><given-names>E. S.</given-names></name><name><surname>SOUZA</surname><given-names>J. M. P.</given-names></name><name><surname>GOTLIEB</surname><given-names>S. L. D.</given-names></name><name><surname>BERQUÓ</surname><given-names>E. S.</given-names></name><name><surname>SOUZA</surname><given-names>J. M. P.</given-names></name><name><surname>GOTLIEB</surname><given-names>S. L. D.</given-names></name></person-group></element-citation></ref><ref id="B11"><element-citation publication-type="book"><source>Discrete Multivariate Analysis</source><date><year>1975</year></date><person-group><name><surname>BISHOP</surname><given-names>Y.</given-names></name><name><surname>FINBERG</surname><given-names>S.</given-names></name><name><surname>HOLLAND</surname><given-names>P.</given-names></name><name><surname>BISHOP</surname><given-names>Y.</given-names></name><name><surname>FINBERG</surname><given-names>S.</given-names></name><name><surname>HOLLAND</surname><given-names>P.</given-names></name></person-group></element-citation></ref><ref id="B12"><element-citation publication-type="book"><source>Statistical Methods in Cancer Research v.1: The Analysis of Case-Control Studies</source><date><year>1980</year></date><person-group><name><surname>BRESLOW</surname><given-names>N. E.</given-names></name><name><surname>DAY</surname><given-names>N. E.</given-names></name><name><surname>BRESLOW</surname><given-names>N. E.</given-names></name><name><surname>DAY</surname><given-names>N. E.</given-names></name></person-group></element-citation></ref><ref id="B13"><element-citation publication-type="book"><source>Statistical Methods in Cancer Research v.2: The Design and Analysis of Cohort Studies</source><date><year>1987</year></date><person-group><name><surname>BRESLOW</surname><given-names>N. E.</given-names></name></person-group></element-citation></ref><ref id="B14"><element-citation publication-type="article"><article-title>Geographic correlations between cancer mortality rate and alcohol-tobacco consumption in the United States</article-title><source>Journal of the National Cancer Institute</source><date><year>1974</year></date><fpage>631</fpage><lpage>639</lpage><volume>53</volume><person-group><name><surname>BRESLOW</surname><given-names>N. E.</given-names></name><name><surname>ENSTROM</surname><given-names>J. E.</given-names></name></person-group></element-citation></ref><ref id="B15"><element-citation publication-type="article"><article-title>Are all significant "p" values created equal?: The analogy between diagnostic tests and clinical research</article-title><source>Journal of the American Medical Association</source><date><year>1987</year></date><fpage>2459</fpage><lpage>2463</lpage><volume>257</volume><person-group><name><surname>BROWNER</surname><given-names>W. S.</given-names></name><name><surname>NEWMAN</surname><given-names>T. B.</given-names></name></person-group></element-citation></ref><ref id="B16"><element-citation publication-type="book"><source>Mathematical and Statistical Approaches to AIDS Epidemiology</source><date><year>1989</year></date><person-group><name><surname>CASTILLO-CHAVEZ</surname><given-names>C.</given-names></name><name><surname>CASTILLO-CHAVEZ</surname><given-names>C.</given-names></name></person-group></element-citation></ref><ref id="B17"><element-citation publication-type="book"><source>Statistical Applications in the Spatial Sciences</source><date><year>1979</year></date><fpage>5</fpage><lpage>44</lpage><person-group><name><surname>CLIFF</surname><given-names>A. D.</given-names></name><name><surname>HAGGET</surname><given-names>P.</given-names></name><name><surname>Wrigley</surname><given-names>N.</given-names></name><name><surname>Wrigley</surname><given-names>N.</given-names></name></person-group></element-citation></ref><ref id="B18"><element-citation publication-type="article"><article-title>Assessing the significance of the correlation between two spatial processes</article-title><source>Biometrics</source><date><year>1989</year></date><fpage>123</fpage><lpage>134</lpage><volume>45</volume><person-group><name><surname>CLIFFORD</surname><given-names>P.</given-names></name><name><surname>RICHARDSON</surname><given-names>S.</given-names></name><name><surname>HEMON</surname><given-names>D.</given-names></name></person-group></element-citation></ref><ref id="B19"><element-citation publication-type="book"><source>Sampling Techniques</source><date><year>1953</year></date><person-group><name><surname>COCHRAN</surname><given-names>W. G.</given-names></name><name><surname>COCHRAN</surname><given-names>W. G.</given-names></name></person-group></element-citation></ref><ref id="B20"><element-citation publication-type="book"><source>Epidemiologia Teoria e Objeto</source><date><year>1990</year></date><person-group><name><surname>COSTA</surname><given-names>D. C.</given-names></name><name><surname>COSTA</surname><given-names>D. C.</given-names></name></person-group></element-citation></ref><ref id="B21"><element-citation publication-type="article"><article-title>Multiple regression in geographic mortality studies with allowance for spatially correlated errors</article-title><source>Biometrics</source><date><year>1983</year></date><fpage>361</fpage><lpage>371</lpage><volume>39</volume><person-group><name><surname>COOK</surname><given-names>D. G.</given-names></name><name><surname>POCOCK</surname><given-names>S. J.</given-names></name></person-group></element-citation></ref><ref id="B22"><element-citation publication-type="article"><article-title>Criteria for measures of association</article-title><source>American Sociological Review</source><date><year>1965</year></date><fpage>341</fpage><lpage>353</lpage><volume>30</volume><person-group><name><surname>COSTNER</surname><given-names>H. L.</given-names></name></person-group></element-citation></ref><ref id="B23"><element-citation publication-type="book"><source>Analysis of Binary Data</source><date><year>1970</year></date><person-group><name><surname>COX</surname><given-names>D. R.</given-names></name><name><surname>COX</surname><given-names>D. R.</given-names></name></person-group></element-citation></ref><ref id="B24"><element-citation publication-type="article"><article-title>The relation between measures of correlation in the universe of sample permutations</article-title><source>Biometrika</source><date><year>1944</year></date><fpage>129</fpage><lpage>135</lpage><volume>33</volume><person-group><name><surname>DANIELS</surname><given-names>H. E.</given-names></name></person-group></element-citation></ref><ref id="B25"><element-citation publication-type="article"><article-title>Dicing and Gaming: a note on the history of probability</article-title><source>Biometrika</source><date><year>1955</year></date><fpage>1</fpage><lpage>15</lpage><volume>42</volume><person-group><name><surname>DAVIS</surname><given-names>F. N.</given-names></name></person-group></element-citation></ref><ref id="B26"><element-citation publication-type="book"><source>Metodologia Científica em Ciências Sociais</source><date><year>1989</year></date><person-group><name><surname>DEMO</surname><given-names>P.</given-names></name><name><surname>DEMO</surname><given-names>P.</given-names></name></person-group></element-citation></ref><ref id="B27"><element-citation publication-type="book"><source>Applied Regression Analysis</source><date><year>1966</year></date><person-group><name><surname>DRAPER</surname><given-names>N. R.</given-names></name><name><surname>SMITH</surname><given-names>H.</given-names></name><name><surname>DRAPER</surname><given-names>N. R.</given-names></name><name><surname>SMITH</surname><given-names>H.</given-names></name></person-group></element-citation></ref><ref id="B28"><element-citation publication-type="book"><source>An Introduction to Probability Theory and Its Applications</source><date><year>1968</year></date><person-group><name><surname>FELLER</surname><given-names>W.</given-names></name><name><surname>FELLER</surname><given-names>W.</given-names></name></person-group></element-citation></ref><ref id="B29"><element-citation publication-type="book"><source>Mathematical Statistics: a decision theory approach</source><date><year>1967</year></date><person-group><name><surname>FERGUNSON</surname><given-names>T. S.</given-names></name><name><surname>FERGUNSON</surname><given-names>T. S.</given-names></name></person-group></element-citation></ref><ref id="B30"><element-citation publication-type="book"><source>Statistical Method and Scientific Inference</source><date><year>1956</year></date><person-group><name><surname>FISHER</surname><given-names>R. A.</given-names></name><name><surname>FISHER</surname><given-names>R. A.</given-names></name></person-group></element-citation></ref><ref id="B31"><element-citation publication-type="book"><source>Statistical Methods for Rates &amp; Proportions</source><date><year>1973</year></date><person-group><name><surname>FLEISS</surname><given-names>J. L.</given-names></name><name><surname>FLEISS</surname><given-names>J. L.</given-names></name></person-group></element-citation></ref><ref id="B32"><element-citation publication-type="book"><source>Epidemiologia Teoria e Objeto</source><date><year>1990</year></date><fpage>87</fpage><lpage>136</lpage><person-group><name><surname>GOLDBERG</surname><given-names>M.</given-names></name><name><surname>Costa</surname><given-names>D. C.</given-names></name><name><surname>Costa</surname><given-names>D. C.</given-names></name></person-group></element-citation></ref><ref id="B33"><element-citation publication-type="article"><article-title>Simple models for the analysis of association in cross-classification having ordered categories</article-title><source>Journal of the American Statistics Association</source><date><year>1979</year></date><fpage>537</fpage><lpage>552</lpage><volume>74</volume><person-group><name><surname>GOODMAN</surname><given-names>L. A.</given-names></name></person-group></element-citation></ref><ref id="B34"><element-citation publication-type="book"><source>Analysing Multivariate Data</source><date><year>1978</year></date><person-group><name><surname>GREEN</surname><given-names>P. E.</given-names></name><name><surname>GREEN</surname><given-names>P. E.</given-names></name></person-group></element-citation></ref><ref id="B35"><element-citation publication-type="article"><article-title>On sample-size and power calculations for studies using confidence intervals</article-title><source>American Journal of Epidemiology</source><date><year>1988</year></date><fpage>231</fpage><lpage>237</lpage><volume>128</volume><person-group><name><surname>GREENLAND</surname><given-names>S.</given-names></name></person-group></element-citation></ref><ref id="B36"><element-citation publication-type="book"><source>Analysis of Qualitative Data</source><date><year>1978</year></date><person-group><name><surname>HABERMAN</surname><given-names>S. J.</given-names></name><name><surname>HABERMAN</surname><given-names>S. J.</given-names></name></person-group></element-citation></ref><ref id="B37"><element-citation publication-type="book"><source>Quantitative Techniques in Geography: an Introduction</source><date><year>1978</year></date><person-group><name><surname>HAMMOND</surname><given-names>R.</given-names></name><name><surname>MC CULLAGH</surname><given-names>P. S.</given-names></name><name><surname>HAMMOND</surname><given-names>R.</given-names></name><name><surname>MC CULLAGH</surname><given-names>P. S.</given-names></name></person-group></element-citation></ref><ref id="B38"><element-citation publication-type="book"><source>Principles of Medical Statistics</source><date><year>1965</year></date><person-group><name><surname>HILL</surname><given-names>A. B.</given-names></name><name><surname>HILL</surname><given-names>A. B.</given-names></name></person-group></element-citation></ref><ref id="B39"><element-citation publication-type="book"><source>Introduction to Probability Theory</source><date><year>1971</year></date><person-group><name><surname>HOEL</surname><given-names>P. G.</given-names></name><name><surname>PORT</surname><given-names>S. C.</given-names></name><name><surname>STONE</surname><given-names>C. J.</given-names></name><name><surname>HOEL</surname><given-names>P. G.</given-names></name><name><surname>PORT</surname><given-names>S. C.</given-names></name><name><surname>STONE</surname><given-names>C. J.</given-names></name></person-group></element-citation></ref><ref id="B40"><element-citation publication-type="book"><source>Estatística Matemática</source><date><year>1980</year></date><person-group><name><surname>HOEL</surname><given-names>P. G.</given-names></name><name><surname>HOEL</surname><given-names>P. G.</given-names></name></person-group></element-citation></ref><ref id="B41"><element-citation publication-type="book"><source>Applied Logistic Regression</source><date><year>1989</year></date><person-group><name><surname>HOSMER</surname><given-names>D. W.</given-names></name><name><surname>LEMESHOW</surname><given-names>S.</given-names></name><name><surname>HOSMER</surname><given-names>D. W.</given-names></name><name><surname>LEMESHOW</surname><given-names>S.</given-names></name></person-group></element-citation></ref><ref id="B42"><element-citation publication-type="article"><article-title>The impact of R. A. Fisher on statistics</article-title><source>Journal of the American Statistics Association</source><date><year>1951</year></date><fpage>35</fpage><lpage>46</lpage><volume>46</volume><person-group><name><surname>HOTELLING</surname><given-names>H.</given-names></name></person-group></element-citation></ref><ref id="B43"><element-citation publication-type="book"><source>How to Lie with Statistics</source><date><year>1954</year></date><person-group><name><surname>HUFF</surname><given-names>D.</given-names></name><name><surname>HUFF</surname><given-names>D.</given-names></name></person-group></element-citation></ref><ref id="B44"><element-citation publication-type="book"><source>Stochastic Processes and Applications in Biology and Medicine</source><date><year>1973</year></date><person-group><name><surname>IOSIFESCU</surname><given-names>M.</given-names></name><name><surname>TAUTU</surname><given-names>P.</given-names></name><name><surname>IOSIFESCU</surname><given-names>M.</given-names></name><name><surname>TAUTU</surname><given-names>P.</given-names></name></person-group></element-citation></ref><ref id="B45"><element-citation publication-type="book"><source>Theory of Probability</source><date><year>1948</year></date><person-group><name><surname>JEFFREYS</surname><given-names>H.</given-names></name><name><surname>JEFFREYS</surname><given-names>H.</given-names></name></person-group></element-citation></ref><ref id="B46"><element-citation publication-type="book"><source>Multivariate Statistical Analysis in Geography</source><date><year>1978</year></date><person-group><name><surname>JOHNSTON</surname><given-names>R. J.</given-names></name><name><surname>JOHNSTON</surname><given-names>R. J.</given-names></name></person-group></element-citation></ref><ref id="B47"><element-citation publication-type="article"><article-title>Studies in the history of probability and statistics: II</article-title><source>Biometrika</source><date><year>1956</year></date><fpage>1</fpage><lpage>14</lpage><volume>43</volume><person-group><name><surname>KENDALL</surname><given-names>M. G.</given-names></name></person-group></element-citation></ref><ref id="B48"><element-citation publication-type="article"><article-title>Serum cholesterol and risk of cancer in a cohort of 39,000 men and women</article-title><source>Journal of Clinical Epidemiology</source><date><year>1988</year></date><fpage>519</fpage><lpage>530</lpage><volume>41</volume><person-group><name><surname>KNEKT</surname><given-names>P.</given-names></name><name><surname>REUNANEN</surname><given-names>A.</given-names></name><name><surname>AROMAA</surname><given-names>A.</given-names></name><name><surname>HELIOVAARA</surname><given-names>M.</given-names></name><name><surname>HAKAMA</surname><given-names>M.</given-names></name></person-group></element-citation></ref><ref id="B49"><element-citation publication-type="book"><source>Estatísticas de Saúde</source><date><year>1985</year></date><person-group><name><surname>LAURENTI</surname><given-names>R.</given-names></name><name><surname>JORGE</surname><given-names>M. H. P. M.</given-names></name><name><surname>LEBRÃO</surname><given-names>M. L.</given-names></name><name><surname>GOTLIEB</surname><given-names>S. L. D.</given-names></name><name><surname>LAURENTI</surname><given-names>R.</given-names></name><name><surname>JORGE</surname><given-names>M. H. P. M.</given-names></name><name><surname>LEBRÃO</surname><given-names>M. L.</given-names></name><name><surname>GOTLIEB</surname><given-names>S. L. D.</given-names></name></person-group></element-citation></ref><ref id="B50"><element-citation publication-type="book"><source>Testing Statistical Hypotheses</source><date><year>1959</year></date><person-group><name><surname>LEHMANN</surname><given-names>E. L.</given-names></name><name><surname>LEHMANN</surname><given-names>E. L.</given-names></name></person-group></element-citation></ref><ref id="B51"><element-citation publication-type="book"><source>Path Analysis-a Primer</source><date><year>1975</year></date><person-group><name><surname>LI</surname><given-names>C. C.</given-names></name><name><surname>LI</surname><given-names>C. C.</given-names></name></person-group></element-citation></ref><ref id="B52"><element-citation publication-type="article"><article-title>A statistical paradox</article-title><source>Biometrika</source><date><year>1957</year></date><fpage>187</fpage><lpage>192</lpage><volume>44</volume><person-group><name><surname>LINDLEY</surname><given-names>D. V.</given-names></name></person-group></element-citation></ref><ref id="B53"><element-citation publication-type="book"><source>Ideologias e Ciência Social: Elementos para uma Análise Marxista</source><date><year>1991</year></date><person-group><name><surname>LOWY</surname><given-names>M.</given-names></name><name><surname>LOWY</surname><given-names>M.</given-names></name></person-group></element-citation></ref><ref id="B54"><element-citation publication-type="article"><article-title>Uses of ecologic analysis in epidemiologic research</article-title><source>American Journal of Public Health</source><date><year>1982</year></date><fpage>1336</fpage><lpage>1344</lpage><volume>72</volume><person-group><name><surname>MORGENSTERN</surname><given-names>H.</given-names></name></person-group></element-citation></ref><ref id="B55"><element-citation publication-type="book"><source>Epidemiologic Methods: class notes</source><date><year>1989</year></date><person-group><name><surname>MORGENSTERN</surname><given-names>H.</given-names></name><name><surname>MORGENSTERN</surname><given-names>H.</given-names></name></person-group></element-citation></ref><ref id="B56"><element-citation publication-type="book"><source>Elements of Applied Stochastic Processes</source><date><year>1972</year></date><person-group><name><surname>NARAYAN BHAT</surname><given-names>U.</given-names></name><name><surname>NARAYAN BHAT</surname><given-names>U.</given-names></name></person-group></element-citation></ref><ref id="B57"><element-citation publication-type="book"><source>Probability</source><date><year>1973</year></date><person-group><name><surname>NEUTS</surname><given-names>M. F.</given-names></name><name><surname>NEUTS</surname><given-names>M. F.</given-names></name></person-group></element-citation></ref><ref id="B58"><element-citation publication-type="book"><source>As Ciências Sociais em Saúde na América Latina: tendências e perspectivas</source><date><year>1985</year></date><person-group><name><surname>NUNES</surname><given-names>E. D.</given-names></name><name><surname>NUNES</surname><given-names>E. D.</given-names></name></person-group></element-citation></ref><ref id="B59"><element-citation publication-type="book"><source>Statistical Inference</source><date><year>1990</year></date><person-group><name><surname>OAKES</surname><given-names>M.</given-names></name><name><surname>OAKES</surname><given-names>M.</given-names></name></person-group></element-citation></ref><ref id="B60"><element-citation publication-type="book"><source>Statistical Applications in the Spatial Sciences</source><date><year>1979</year></date><fpage>128</fpage><lpage>144</lpage><person-group><name><surname>OPENSHAW</surname><given-names>S.</given-names></name><name><surname>TAYLOR</surname><given-names>P. J.</given-names></name><name><surname>Wrigley</surname><given-names>N.</given-names></name><name><surname>Wrigley</surname><given-names>N.</given-names></name></person-group></element-citation></ref><ref id="B61"><element-citation publication-type="book"><source>Classificação Internacional de Doenças, Lesões e Causas de Óbitos: 9ª revisão</source><date><year>1978</year></date><volume>1</volume></element-citation></ref><ref id="B62"><element-citation publication-type="article"><source>American Journal of Epidemiology</source><date><year>1988</year></date><fpage>893</fpage><lpage>900</lpage><volume>127</volume><person-group><name><surname>PIANTADOSI</surname><given-names>S.</given-names></name><name><surname>BYAR</surname><given-names>D. P.</given-names></name><name><surname>GREEN</surname><given-names>S. B.</given-names></name></person-group></element-citation></ref><ref id="B63"><element-citation publication-type="book"><source>Bayesian Statistics for Social Scientists</source><date><year>1973</year></date><person-group><name><surname>PHILLIPS</surname><given-names>L. D.</given-names></name><name><surname>PHILLIPS</surname><given-names>L. D.</given-names></name></person-group></element-citation></ref><ref id="B64"><element-citation publication-type="book"><source>Demographic Techniques</source><date><year>1974</year></date><person-group><name><surname>POLLARD</surname><given-names>A. H.</given-names></name><name><surname>YUSUF</surname><given-names>F.</given-names></name><name><surname>POLLARD</surname><given-names>G. N.</given-names></name><name><surname>POLLARD</surname><given-names>A. H.</given-names></name><name><surname>YUSUF</surname><given-names>F.</given-names></name><name><surname>POLLARD</surname><given-names>G. N.</given-names></name></person-group></element-citation></ref><ref id="B65"><element-citation publication-type="article"><article-title>The history of probability and the changing concept of the individual</article-title><source>Journal of the History of Ideas</source><date><year>1966</year></date><fpage>483</fpage><lpage>504</lpage><volume>27</volume><person-group><name><surname>RANKIN</surname><given-names>B.</given-names></name></person-group></element-citation></ref><ref id="B66"><element-citation publication-type="book"><source>Linear Statistical Inference and Its Applications</source><date><year>1973</year></date><person-group><name><surname>RAO</surname><given-names>C. R.</given-names></name><name><surname>RAO</surname><given-names>C. R.</given-names></name></person-group></element-citation></ref><ref id="B67"><element-citation publication-type="article"><article-title>Spatial and temporal analysis of disease occurrence for detection of clustering</article-title><source>Biometrics</source><date><year>1988</year></date><fpage>1121</fpage><lpage>1129</lpage><volume>44</volume><person-group><name><surname>RAUBERTAS</surname><given-names>R. F.</given-names></name></person-group></element-citation></ref><ref id="B68"><element-citation publication-type="book"><source>Statistics with Applications to the Biological and Health Sciences</source><date><year>1970</year></date><person-group><name><surname>REMINGTON</surname><given-names>R. D.</given-names></name><name><surname>SCHORK</surname><given-names>M. A.</given-names></name><name><surname>REMINGTON</surname><given-names>R. D.</given-names></name><name><surname>SCHORK</surname><given-names>M. A.</given-names></name></person-group></element-citation></ref><ref id="B69"><element-citation publication-type="article"><article-title>Comparison of relative risks obtained in ecological and individual studies: some methodological considerations</article-title><source>International Journal of Epidemiology</source><date><year>1987</year></date><fpage>111</fpage><lpage>120</lpage><volume>16</volume><person-group><name><surname>RICHARDSON</surname><given-names>S.</given-names></name><name><surname>STUCKER</surname><given-names>I.</given-names></name><name><surname>HEMON</surname><given-names>D.</given-names></name></person-group></element-citation></ref><ref id="B70"><element-citation publication-type="article"><article-title>Ecological correlations and the behavior of individuals</article-title><source>American Sociological Review</source><date><year>1950</year></date><fpage>351</fpage><lpage>357</lpage><volume>15</volume><person-group><name><surname>ROBINSON</surname><given-names>W. S.</given-names></name></person-group></element-citation></ref><ref id="B71"><element-citation publication-type="book"><source>Epidemiologia Teoria e Objeto</source><date><year>1990</year></date><fpage>7</fpage><lpage>10</lpage><person-group><name><surname>SABROZA</surname><given-names>P. C.</given-names></name><name><surname>Costa</surname><given-names>D. C.</given-names></name><name><surname>Costa</surname><given-names>D. C.</given-names></name></person-group></element-citation></ref><ref id="B72"><element-citation publication-type="book"><source>The Foundations of Statistics</source><date><year>1954</year></date><person-group><name><surname>SAVAGE</surname><given-names>L. J.</given-names></name><name><surname>SAVAGE</surname><given-names>L. J.</given-names></name></person-group></element-citation></ref><ref id="B73"><element-citation publication-type="book"><source>Linear Models</source><date><year>1971</year></date><person-group><name><surname>SEARL</surname><given-names>S. R.</given-names></name><name><surname>SEARL</surname><given-names>S. R.</given-names></name></person-group></element-citation></ref><ref id="B74"><element-citation publication-type="book"><source>Principles and Procedures of Statistics: a biometrical approach</source><date><year>1981</year></date><person-group><name><surname>STEEL</surname><given-names>R. G. D.</given-names></name><name><surname>TORRIE</surname><given-names>J. H.</given-names></name><name><surname>STEEL</surname><given-names>R. G. D.</given-names></name><name><surname>TORRIE</surname><given-names>J. H.</given-names></name></person-group></element-citation></ref><ref id="B75"><element-citation publication-type="article"><article-title>Epidemiology in the United States after World War II: the evolution of technique</article-title><source>Epidemilogic Reviews</source><date><year>1985</year></date><fpage>147</fpage><lpage>177</lpage><volume>7</volume><person-group><name><surname>SUSSER</surname><given-names>M.</given-names></name></person-group></element-citation></ref><ref id="B76"><element-citation publication-type="article"><article-title>The detection of disease clustering in time</article-title><source>Biometrics</source><date><year>1984</year></date><fpage>15</fpage><lpage>26</lpage><volume>40</volume><person-group><name><surname>TANGO</surname><given-names>T.</given-names></name></person-group></element-citation></ref><ref id="B77"><element-citation publication-type="article"><source>The Lancet</source><date><year>1989</year></date><fpage>973</fpage><lpage>982</lpage><volume>6</volume></element-citation></ref><ref id="B78"><element-citation publication-type="article"><article-title>The contributions of Karl Pearson</article-title><source>Journal of the American Statistics Association</source><date><year>1958</year></date><fpage>11</fpage><lpage>27</lpage><volume>53</volume><person-group><name><surname>WALKER</surname><given-names>H. M.</given-names></name></person-group></element-citation></ref><ref id="B79"><element-citation publication-type="article"><article-title>Abraham Wald, 1902-1950</article-title><source>Annals of Mathematical Statistics</source><date><year>1952</year></date><fpage>1</fpage><lpage>13</lpage><volume>23</volume><person-group><name><surname>WOLFOWITZ</surname><given-names>J.</given-names></name></person-group></element-citation></ref><ref id="B80"><element-citation publication-type="book"><source>An Introduction to the Theory of Statistics</source><date><year>1950</year></date><person-group><name><surname>YULE</surname><given-names>G. U.</given-names></name><name><surname>KENDALL</surname><given-names>M. G.</given-names></name><name><surname>YULE</surname><given-names>G. U.</given-names></name><name><surname>KENDALL</surname><given-names>M. G.</given-names></name></person-group></element-citation></ref></ref-list></back></article></articles>