<articles xmlns:xsi="http://www.w3.org/2001/XMLSchema-instance" xsi:schemaLocation="https://raw.githubusercontent.com/scieloorg/articles_meta/master/tests/xsd/scielo_sci/ThomsonReuters_publishing.xsd" dtd-version="1.10"><article lang_id="pt" article-type="research-article"><front><journal-meta><journal-id journal-id-type="publisher">csp</journal-id><journal-title-group><journal-title>Cadernos de Saúde Pública</journal-title><abbrev-journal-title>Cad. Saúde Pública</abbrev-journal-title></journal-title-group><issn>1678-4464</issn><collection>SciELO Brazil</collection><publisher><publisher-name>Escola Nacional de Saúde Pública Sergio Arouca, Fundação Oswaldo Cruz</publisher-name></publisher></journal-meta><article-meta><unique-article-id pub-id-type="publisher-id">S0102-311X1993000200002</unique-article-id><article-id pub-id-type="publisher-id">S0102-311X1993000200002</article-id><article-id pub-id-type="doi">10.1590/S0102-311X1993000200002</article-id><article-categories><subj-group><subject>Health Policy &amp; Services</subject></subj-group></article-categories><title-group><article-title lang_id="pt">Efeitos da exposição ocupacional ao mercúrio em trabalhadores de uma indústria de lâmpadas elétricas localizada em Santo Amaro, São Paulo, Brasil</article-title><trans-title-group lang_id="en"><trans-title>Effects of occupational exposure to mercury in workers at a light bulb factory in Santo Amaro, São Paulo, Brazil</trans-title></trans-title-group></title-group><contrib-group><contrib contrib-type="author"><name><surname>Zavariz</surname><given-names>Cecília</given-names></name><role>ND</role><xref ref-type="aff" rid="A01"/></contrib><contrib contrib-type="author"><name><surname>Glina</surname><given-names>Débora Miriam R.</given-names></name><role>ND</role><xref ref-type="aff" rid="A02"/></contrib></contrib-group><aff id="A02"><institution>Faculdades São Marcos</institution><country>Brasil</country></aff><aff id="A01"><institution>Universidade de São Paulo</institution><country>Brazil</country></aff><pub-date><month>06</month><year>1993</year></pub-date><volume>9</volume><issue>2</issue><fpage>117</fpage><lpage>129</lpage><permissions><license license-type="open-access" href="http://creativecommons.org/licenses/by-nc/4.0/"><license-p>This work is licensed under a Creative Commons Attribution-NonCommercial 4.0 International License.</license-p></license></permissions><self-uri href="http://www.scielo.br/scielo.php?script=sci_arttext&amp;pid=S0102-311X1993000200002&amp;lng=en&amp;tlng=en" content-type="full_text_page"/><self-uri href="http://www.scielo.br/scielo.php?script=sci_issuetoc&amp;pid=0102-311X19930002&amp;lng=en" content-type="issue_page"/><self-uri href="http://www.scielosp.org/scielo.php?script=sci_serial&amp;pid=0102-311X&amp;lng=en" content-type="journal_page"/><abstract lang_id="pt"><p>O presente estudo teve como objetivo verificar a intoxicação por mercúrio metálico em trabalhadores de uma indústria de lâmpadas elétricas situada em Santo Amaro, São Paulo. Foram realizadas visitas à empresa para verificação do ambiente e das condições de trabalho, além de reuniões com os trabalhadores para uma melhor compreensão acerca do processo produtivo e de suas repercussões na saúde. Foram investigados 91 trabalhadores, dos quais 77 (84,62%) apresentaram quadro de intoxicação crônica. Entre os intoxicados, foram detectadas alterações nos testes neuropsicológicos em 76 (98,70%), alterações neurológicas em 69 (75,82%), alterações no exame clínico em 62 (68,13%) e alterações psiquiátricas em 59 (63,96%).</p></abstract><trans-abstract lang_id="en"><p>The aim of this research was to study metallic mercury poisoning in workers at a light bulb factory in Santo Amaro, São Paulo (Brazil). Visits were made to the factory to check both the work environment and the working conditions. Meetings with the workers took place in order to better understand the production process and how working conditions affect their health. Of the 91 workers investigated, 77 (84.62%) were chronically poisoned. Among chronically poisoned workers, 76 (98.70%) displayed neuropsychological alterations, 69 (75.82%) suffered from neurological impairments, 62 (68.13%) showed pathological findings under clinical examination, and 59 (63.96%) displayed psychiatric disorders.</p></trans-abstract><kwd-group lang_id="en" kwd-group-type="author-generated"><kwd>Occupational Exposure</kwd><kwd>Adverse Effects</kwd><kwd>Mercury</kwd><kwd>Industrial Toxicology</kwd></kwd-group><kwd-group lang_id="pt" kwd-group-type="author-generated"><kwd>Exposição Ocupacional</kwd><kwd>Efeitos Adversos</kwd><kwd>Mercúrio</kwd><kwd>Toxicologia Industrial</kwd></kwd-group></article-meta></front><back><ref-list><ref id="B1"><element-citation publication-type="book"><source>Fundamentos da Psiquiatria Atual</source><date><year>1972</year></date><person-group><name><surname>ALONSO</surname><given-names>F. F.</given-names></name><name><surname>ALONSO</surname><given-names>F. F.</given-names></name></person-group></element-citation></ref><ref id="B2"><element-citation publication-type="article"><article-title>Rapporti tra esposizione a mercurio e condizione di salutte in un grupo di lavoratori addeti alladistillazione di mercurio in uno stabilimento della provincia di Siena</article-title><source>La Medicina del Lavoro</source><date><year>1980</year></date><fpage>463</fpage><lpage>480</lpage><volume>71</volume><person-group><name><surname>ANGOTZI</surname><given-names>G.</given-names></name><name><surname>CASSITO</surname><given-names>M. G.</given-names></name><name><surname>CAMERINO</surname><given-names>D.</given-names></name><name><surname>CIONE</surname><given-names>R.</given-names></name><name><surname>DESIDERI</surname><given-names>E. FRANZINELLI, A.</given-names></name><name><surname>GORI</surname><given-names>R.</given-names></name><name><surname>LOI</surname><given-names>F.</given-names></name><name><surname>SANTORELLI</surname><given-names>E.</given-names></name></person-group></element-citation></ref><ref id="B3"><element-citation publication-type="book"><source>ENCYCLOPAEDIA OF OCCUPATIONAL HEALTH AND SAFETY</source><date><year>1989</year></date><fpage>1334</fpage><lpage>1340</lpage><volume>2</volume></element-citation></ref><ref id="B4"><element-citation publication-type="book"><source>Tratatto di Medicina del Lavoro</source><date><year>1981</year></date><fpage>353</fpage><lpage>376</lpage><person-group><name><surname>FOÁ</surname><given-names>V.</given-names></name><name><surname>CAIMI</surname><given-names>L.</given-names></name><name><surname>Sartorelli</surname><given-names>E.</given-names></name><name><surname>Sartorelli</surname><given-names>E.</given-names></name></person-group></element-citation></ref><ref id="B5"><element-citation publication-type="book"><source>Neurotoxicology</source><date><year>1985</year></date><fpage>353</fpage><lpage>376</lpage><person-group><name><surname>FOÁ</surname><given-names>V.</given-names></name><name><surname>Kenneth</surname><given-names>B.</given-names></name><name><surname>Manzol</surname><given-names>L.</given-names></name><name><surname>Kenneth</surname><given-names>B.</given-names></name><name><surname>Manzol</surname><given-names>L.</given-names></name></person-group></element-citation></ref><ref id="B6"><element-citation publication-type="book"><source>Biological Indicators for the Assessment of Human Exposure to Industrial Chemicals</source><date><year>1986</year></date><fpage>32</fpage><lpage>46</lpage><person-group><name><surname>FOÁ</surname><given-names>V.</given-names></name><name><surname>BERTELLI</surname><given-names>G.</given-names></name><name><surname>Alessio</surname><given-names>L.</given-names></name><name><surname>Berlin</surname><given-names>A.</given-names></name><name><surname>Boni</surname><given-names>M.</given-names></name><name><surname>Roi</surname><given-names>R.</given-names></name><name><surname>Alessio</surname><given-names>L.</given-names></name><name><surname>Berlin</surname><given-names>A.</given-names></name><name><surname>Boni</surname><given-names>M.</given-names></name><name><surname>Roi</surname><given-names>R.</given-names></name></person-group></element-citation></ref><ref id="B7"><element-citation publication-type="book"><source>Mercúrio</source><date><year>1987</year></date><fpage>1</fpage><lpage>82</lpage><person-group><name><surname>GALVÃO</surname><given-names>A. C. L.</given-names></name><name><surname>COREY</surname><given-names>G.</given-names></name><name><surname>GALVÃO</surname><given-names>A. C. L.</given-names></name><name><surname>COREY</surname><given-names>G.</given-names></name></person-group></element-citation></ref><ref id="B8"><element-citation publication-type="article"><article-title>Behavioral effects of occupational exposure to mercury and lead</article-title><source>Acta Neurologica Scandinavica</source><date><year>1982</year></date><fpage>167</fpage><lpage>175</lpage><volume>92</volume><person-group><name><surname>HANNINEN</surname><given-names>H.</given-names></name></person-group></element-citation></ref><ref id="B9"><element-citation publication-type="book"><source>Neuropsychological Toxicology: Identification and Assessment of Human Neurotoxic Syndromes</source><date><year>1988</year></date><person-group><name><surname>HARTMAN</surname><given-names>D.</given-names></name><name><surname>HARTMAN</surname><given-names>D.</given-names></name></person-group></element-citation></ref><ref id="B10"><element-citation publication-type="article"><article-title>Evaluation of workers exposed to elemental mercury using quantitative tests of tremor and neuromuscular functions</article-title><source>American Industrial Hygiene Association Journal</source><date><year>1978</year></date><fpage>976</fpage><lpage>984</lpage><volume>39</volume><person-group><name><surname>LANGOLF</surname><given-names>G. D.</given-names></name><name><surname>CHAFFIN</surname><given-names>D. B.</given-names></name><name><surname>HENDERSON</surname><given-names>R.</given-names></name><name><surname>WHITTLE</surname><given-names>H. P.</given-names></name></person-group></element-citation></ref><ref id="B11"><element-citation publication-type="book"><source>Processo de Produção e Saúde: Trabalho e Desgaste Operário</source><date><year>1989</year></date><person-group><name><surname>LAURELL</surname><given-names>A. C.</given-names></name><name><surname>NORIEGA</surname><given-names>M.</given-names></name><name><surname>LAURELL</surname><given-names>A. C.</given-names></name><name><surname>NORIEGA</surname><given-names>M.</given-names></name></person-group></element-citation></ref><ref id="B12"><element-citation publication-type="undefined"><date><year>1981</year></date></element-citation></ref><ref id="B13"><element-citation publication-type="book"><source>Ambiente de Trabalho: a Luta dos Trabalhadores pela Saúde</source><date><year>1986</year></date><person-group><name><surname>ODDONE</surname><given-names>I.</given-names></name><name><surname>GASTONE</surname><given-names>M.</given-names></name><name><surname>GLORIA</surname><given-names>S.</given-names></name><name><surname>BRIANTE</surname><given-names>G.</given-names></name><name><surname>CHIATELLA</surname><given-names>M.</given-names></name><name><surname>ODDONE</surname><given-names>I.</given-names></name><name><surname>GASTONE</surname><given-names>M.</given-names></name><name><surname>GLORIA</surname><given-names>S.</given-names></name><name><surname>BRIANTE</surname><given-names>G.</given-names></name><name><surname>CHIATELLA</surname><given-names>M.</given-names></name></person-group></element-citation></ref><ref id="B14"><element-citation publication-type="article"><article-title>Psychological performance and long-term exposure to mercury vapors</article-title><source>Scandinavian Journal of Work Environmental Health</source><date><year>1984</year></date><fpage>35</fpage><lpage>41</lpage><volume>10</volume><person-group><name><surname>PIIKIVI</surname><given-names>L.</given-names></name><name><surname>HANNINEN</surname><given-names>H.</given-names></name><name><surname>MARTELIN</surname><given-names>T.</given-names></name><name><surname>MANTERE</surname><given-names>P.</given-names></name></person-group></element-citation></ref><ref id="B15"><element-citation publication-type="article"><article-title>Effects of occupational exposure to elemental mercury on short-term memory</article-title><source>British Journal of Industrial Medicine</source><date><year>1983</year></date><fpage>412</fpage><lpage>419</lpage><volume>40</volume><person-group><name><surname>SMITH</surname><given-names>P. J.</given-names></name><name><surname>LANGLOF</surname><given-names>G. D.</given-names></name><name><surname>GOLDBERG</surname><given-names>J.</given-names></name></person-group></element-citation></ref><ref id="B16"><element-citation publication-type="article"><article-title>Mercury vapor intoxication</article-title><source>Brain</source><date><year>1972</year></date><fpage>305</fpage><lpage>312</lpage><volume>95</volume><person-group><name><surname>VROOM</surname><given-names>F.</given-names></name><name><surname>GREER</surname><given-names>M.</given-names></name></person-group></element-citation></ref><ref id="B17"><element-citation publication-type="book"><source>Environmental Health Criteria 118: Inorganic Mercury</source><date><year>1991</year></date></element-citation></ref></ref-list></back></article></articles>