<articles xmlns:xsi="http://www.w3.org/2001/XMLSchema-instance" xsi:schemaLocation="https://raw.githubusercontent.com/scieloorg/articles_meta/master/tests/xsd/scielo_sci/ThomsonReuters_publishing.xsd" dtd-version="1.10"><article lang_id="pt" article-type="research-article"><front><journal-meta><journal-id journal-id-type="publisher">csp</journal-id><journal-title-group><journal-title>Cadernos de Saúde Pública</journal-title><abbrev-journal-title>Cad. Saúde Pública</abbrev-journal-title></journal-title-group><issn>1678-4464</issn><collection>SciELO Public Health</collection><publisher><publisher-name>Escola Nacional de Saúde Pública Sergio Arouca, Fundação Oswaldo Cruz</publisher-name></publisher></journal-meta><article-meta><unique-article-id pub-id-type="publisher-id">S0102-311X1990000400007</unique-article-id><article-id pub-id-type="publisher-id">S0102-311X1990000400007</article-id><article-id pub-id-type="doi">10.1590/S0102-311X1990000400007</article-id><article-categories><subj-group><subject>Health Policy &amp; Services</subject></subj-group></article-categories><title-group><article-title lang_id="pt">Avaliando a saúde infantil em uma pequena comunidade: o estudo de Itapirapuã, Vale do Ribeira, SP</article-title></title-group><contrib-group><contrib contrib-type="author"><name><surname>César</surname><given-names>Juraci Almeida</given-names></name><role>ND</role><xref ref-type="aff" rid="A01"/></contrib><contrib contrib-type="author"><name><surname>Victora</surname><given-names>Cesar Gomes</given-names></name><role>ND</role><xref ref-type="aff" rid="A02"/></contrib></contrib-group><aff id="A02"><institution>UFPel</institution><country>Brazil</country></aff><aff id="A01"><institution>Conselho Nacional de Desenvolvimento Científico e Tecnológico (CNPq)</institution><country>Brazil</country></aff><pub-date><month>12</month><year>1990</year></pub-date><volume>6</volume><issue>4</issue><fpage>455</fpage><lpage>467</lpage><permissions><license license-type="open-access" href="http://creativecommons.org/licenses/by/4.0/"><license-p>This work is licensed under a Creative Commons Attribution 4.0 International License.</license-p></license></permissions><self-uri href="http://www.scielosp.org/scielo.php?script=sci_arttext&amp;pid=S0102-311X1990000400007&amp;lng=en&amp;tlng=en" content-type="full_text_page"/><self-uri href="http://www.scielosp.org/scielo.php?script=sci_issuetoc&amp;pid=0102-311X19900004&amp;lng=en" content-type="issue_page"/><self-uri href="http://www.scielosp.org/scielo.php?script=sci_serial&amp;pid=0102-311X&amp;lng=en" content-type="journal_page"/><abstract lang_id="pt"><p>Através de inquérito domiciliar, avaliou-se a morbimortalidade e a utilização dos serviços de saúde em crianças menores de cinco anos em um aglomerado rural no Vale do Ribeira - SP. A maioria das crianças pertencia a famílias de trabalhadores agrícolas com renda inferior a dois salários mínimos, vivendo em precárias condições de habitação e saneamento. O coeficiente de mortalidade infantil foi estimado em 83 por mil nascidos vivos, bastante superior aos dados oficiais para o Município e o Estado. A desnutrição crônica nas formas moderada ou grave atingiu 35% das crianças. As infecções respiratórias e a diarréia foram, repectivamente, os principais motivos de consultas médicas e hospitalizações. O aleitamento materno atingiu a mediana de 14,4 meses, valor jamais descrito no país. As coberturas pré-natal e vacinal foram de apenas 40% e 65%, respectivamente. O presente estudo evidenciou um enclave com preocupantes níveis de saúde infantil, dentro do estado mais rico do país. Mostrou, também, que, com um orçamento extremamente limitado e em um curto período de tempo, foi possível obter dados de grande valia para o diagnóstico comunitário e o planejamento de ações para melhorar a saúde infantil.</p></abstract><trans-abstract lang_id="en"><p>A household survey for evaluating the mortality, morbidity, nutritional status and health services utilization of children aged under five years was carried out in a rural village in Ribeira, São Paulo State. Most children belonged to families of rural laborers earning less than US$80 per month and living under inadequate environmental conditions. The infant mortality rate was equal to 83 per thousand and 35% of the children were affected by moderate or severe stunting, rates which are well above those for the State. The main reasons for clinic attendances and hospital admissions were acute respiratory infections and diarrhea. The median duration of breastfeeding was 14.4 months, the highest reported for Brazil. Only 40% of the mothers had received antenatal care, and 56% delivered in a hospital - of whom 35% had a caesarean section. Vaccine coverage reached 65% of children aged 12 months or more. This survey revealed an enclave of high morbidity and mortality within Brazil's richest state. It also showed that with a limited budget and within a short time it is possible to obtain valuable information for planning child survival strategies.</p></trans-abstract></article-meta></front><back><ref-list><ref id="B1"><element-citation publication-type="article"><article-title>Improving obstetric care in northeast Brazil</article-title><source>PAHO BULLETIN</source><date><year>1983</year></date><issue>3</issue><volume>17</volume><person-group><name><surname>ARAUJO</surname><given-names>J.G.</given-names></name><name><surname>ARAUJO</surname><given-names>L.J.</given-names></name><name><surname>WALLACE</surname><given-names>S.</given-names></name><name><surname>POTTS</surname><given-names>M.</given-names></name></person-group></element-citation></ref></ref-list></back></article></articles>