<articles xmlns:xsi="http://www.w3.org/2001/XMLSchema-instance" xsi:schemaLocation="https://raw.githubusercontent.com/scieloorg/articles_meta/master/tests/xsd/scielo_sci/ThomsonReuters_publishing.xsd" dtd-version="1.10"><article lang_id="pt" article-type="research-article"><front><journal-meta><journal-id journal-id-type="publisher">csp</journal-id><journal-title-group><journal-title>Cadernos de Saúde Pública</journal-title><abbrev-journal-title>Cad. Saúde Pública</abbrev-journal-title></journal-title-group><issn>1678-4464</issn><collection>SciELO Public Health</collection><publisher><publisher-name>Escola Nacional de Saúde Pública Sergio Arouca, Fundação Oswaldo Cruz</publisher-name></publisher></journal-meta><article-meta><unique-article-id pub-id-type="publisher-id">S0102-311X1985000100002</unique-article-id><article-id pub-id-type="publisher-id">S0102-311X1985000100002</article-id><article-id pub-id-type="doi">10.1590/S0102-311X1985000100002</article-id><article-categories><subj-group><subject>Health Policy &amp; Services</subject></subj-group></article-categories><title-group><article-title lang_id="pt">Leishmaniose visceral na cidade do Rio de Janeiro - Brasil</article-title></title-group><contrib-group><contrib contrib-type="author"><name><surname>Marzochi</surname><given-names>Mauro Celio de A.</given-names></name><role>ND</role><xref ref-type="aff" rid="A01"/></contrib><contrib contrib-type="author"><name><surname>Sabroza</surname><given-names>Paulo Chagastelles</given-names></name><role>ND</role><xref ref-type="aff" rid="A02"/></contrib><contrib contrib-type="author"><name><surname>Toledo</surname><given-names>Luciano Medeiros de</given-names></name><role>ND</role><xref ref-type="aff" rid="A03"/></contrib><contrib contrib-type="author"><name><surname>Marzochi</surname><given-names>Keyla Belízia F.</given-names></name><role>ND</role><xref ref-type="aff" rid="A04"/></contrib><contrib contrib-type="author"><name><surname>Tramontano</surname><given-names>Neide Cássia</given-names></name><role>ND</role><xref ref-type="aff" rid="A05"/></contrib><contrib contrib-type="author"><name><surname>Rangel Filho</surname><given-names>Francisco B.</given-names></name><role>ND</role><xref ref-type="aff" rid="A06"/></contrib></contrib-group><aff id="A05"><institution>Superintendência das Campanhas do Ministério da Saúde - SUCAM-RJ</institution><country>Brazil</country></aff><aff id="A02"><institution>FIOCRUZ</institution><country>Brazil</country></aff><aff id="A04"><institution>Universidade Federal do Rio de Janeiro</institution><country>Brazil</country></aff><aff id="A03"><institution>Secretaria Municipal de Saúde do Rio de Janeiro - SMSRJ</institution><country>Brazil</country></aff><aff id="A01"><institution>Fundação Oswaldo Cruz</institution><country>Brazil</country></aff><aff id="A06"><institution>Universidade Federal Rural do Rio de Janeiro</institution><country>Brazil</country></aff><pub-date><month>03</month><year>1985</year></pub-date><volume>1</volume><issue>1</issue><fpage>5</fpage><lpage>17</lpage><permissions><license license-type="open-access" href="http://creativecommons.org/licenses/by/4.0/"><license-p>This work is licensed under a Creative Commons Attribution 4.0 International License.</license-p></license></permissions><self-uri href="http://www.scielosp.org/scielo.php?script=sci_arttext&amp;pid=S0102-311X1985000100002&amp;lng=en&amp;tlng=en" content-type="full_text_page"/><self-uri href="http://www.scielosp.org/scielo.php?script=sci_issuetoc&amp;pid=0102-311X19850001&amp;lng=en" content-type="issue_page"/><self-uri href="http://www.scielosp.org/scielo.php?script=sci_serial&amp;pid=0102-311X&amp;lng=en" content-type="journal_page"/><abstract lang_id="pt"><p>A recente ocorrência de casos humanos e caninos de leishmaniose visceral, autóctones de áreas peri-urbanas da cidade do Rio de Janeiro, a partir de 1977, motivou pesquisadores da Escola Nacional de Saúde Pública e do Instituto Oswaldo Cruz da Fundação Oswaldo Cruz (FIOCRUZ), da Universidade Federal do Rio de Janeiro, da Universidade Federal Rural do Rio de Janeiro, da Secretaria Municipal da Saúde do Rio de Janeiro e da Superintendência das Campanhas do Ministério da Saúde (SUCAM-RJ), a participarem de um programa de estudo dessa zooantroponose, visando a uma abordagem ecológica, epidemiológica, parasitológica, imunológica, clínico-terapêutica e de avaliação das medidas de controle adotadas. Resultados gerais dessas pesquisas são apresentados na presente comunicação.</p></abstract><trans-abstract lang_id="en"><p>Since 1977 autoctonous cases of human and canine visceral Leishmaniasis have occurred in Rio de Janeiro. These cases have been studied by a group from the Escola Nacional de Saúde Pública, the Instituto Oswaldo Cruz Fundação Oswaldo Cruz (FIOCRUZ), the Universidade Federal do Rio de Janeiro, the Universidade Federal Rural do Rio de Janeiro, the Secretaria Municipal de Saúde do Rio de Janeiro and the Superintendência das Campanhas do Ministério da Saúde (SUCAM-RJ). The zooantroponosis has been subjected to ecological, epidemiological, parasitologica, immunological, clinical and therapeutic studies designed to investigate means of control for the disease. Here we present the general results of this work.</p></trans-abstract></article-meta></front><back><ref-list><ref id="B1"><element-citation publication-type="article"><article-title>Leishmaniose visceral no Brasil</article-title><source>R. Med. Univ. Fed. Ceará</source><date><year>1978</year></date><fpage>129</fpage><lpage>48</lpage><volume>17</volume><person-group><name><surname>ALENCAR</surname><given-names>J.E.</given-names></name></person-group></element-citation></ref></ref-list></back></article></articles>