<articles xmlns:xsi="http://www.w3.org/2001/XMLSchema-instance" xsi:schemaLocation="https://raw.githubusercontent.com/scieloorg/articles_meta/master/tests/xsd/scielo_sci/ThomsonReuters_publishing.xsd" dtd-version="1.10"><article lang_id="pt" article-type="research-article"><front><journal-meta><journal-id journal-id-type="publisher">csp</journal-id><journal-title-group><journal-title>Cadernos de Saúde Pública</journal-title><abbrev-journal-title>Cad. Saúde Pública</abbrev-journal-title></journal-title-group><issn>1678-4464</issn><collection>SciELO Brazil</collection><publisher><publisher-name>Escola Nacional de Saúde Pública Sergio Arouca, Fundação Oswaldo Cruz</publisher-name></publisher></journal-meta><article-meta><unique-article-id pub-id-type="publisher-id">S0102-311X1991000200005</unique-article-id><article-id pub-id-type="publisher-id">S0102-311X1991000200005</article-id><article-id pub-id-type="doi">10.1590/S0102-311X1991000200005</article-id><article-categories><subj-group><subject>Health Policy &amp; Services</subject></subj-group></article-categories><title-group><article-title lang_id="pt">Nosso corpo nos pertence: a dialética do biológico e do social</article-title></title-group><contrib-group><contrib contrib-type="author"><name><surname>Giffin</surname><given-names>Karen Mary</given-names></name><role>ND</role><xref ref-type="aff" rid="A01"/></contrib></contrib-group><aff id="A01"><institution>Fundação Oswaldo Cruz</institution><country>Brazil</country></aff><pub-date><month>06</month><year>1991</year></pub-date><volume>7</volume><issue>2</issue><fpage>190</fpage><lpage>200</lpage><permissions><license license-type="open-access" href="http://creativecommons.org/licenses/by-nc/4.0/"><license-p>This work is licensed under a Creative Commons Attribution-NonCommercial 4.0 International License.</license-p></license></permissions><self-uri href="http://www.scielo.br/scielo.php?script=sci_arttext&amp;pid=S0102-311X1991000200005&amp;lng=en&amp;tlng=en" content-type="full_text_page"/><self-uri href="http://www.scielosp.org/scielo.php?script=sci_issuetoc&amp;pid=0102-311X19910002&amp;lng=en" content-type="issue_page"/><self-uri href="http://www.scielosp.org/scielo.php?script=sci_serial&amp;pid=0102-311X&amp;lng=en" content-type="journal_page"/><abstract lang_id="pt"><p>Este artigo visa situar a discussão do biológico e do social no interior da análise da condição feminina. Com o surgimento das análises feministas, a hegemonia anterior das explicações biológicas é substituída por uma ênfase na construção social da identidade feminina. O determinismo biológico é repudiado, mesmo quando a identificação da mulher com o corpo e com a natureza e seu status secundário são considerados como universais. Neste processo de reelaboração do objeto, o papel ideológico da ciência é apontado, na medida em que a dominação masculina na ciência e na sociedade acompanhou a tendência histórica que relegou a questão da mulher à esfera natural. Embora uma crescente apreciação da construção social da atividade científica em si impulsione o abandono da dicotomia biológico/social ao nível conceitual, as diferenças entre homem e mulher na esfera da reprodução continuam a atuar. É argumentado que análise da reprodução requer caracterização dos sexos como entidades biossociais em relacionamento, situados em contextos históricos específicos, e que, na sociedade moderna, a mulher é sujeita a uma dupla contradição reprodutiva.</p></abstract><trans-abstract lang_id="en"><p>This article aims at reviewing the discussion of biological and social factors in the analysis of women's social condition. With the appearance of a feminist perspective, the dominance of earlier biologically-based explanations was substituted by an emphasis on the social construction of female identity. Even when women's identification with the body and with nature, and their secondary status, were considered universal, biological determinism was rejected. In this process of re-definition of the object of study, the ideological role of science was pointed out, since male dominance in science and society accompanied the historical tendency which relegated "the woman question" to the sphere of natural fact. Although growing awareness of the socially-constructed nature of scientific activity itself is producing a tendency to abandon the biological/social dichotomy at the conceptual level, differences between men and women in the reproductive sphere continue to exist. It is argued that analysis of reproduction requires characterization of the sexes as biosocial entities in relationship, situated in specific historical contexts, and that in modern society women are subject to a double reproductive contradiction.</p></trans-abstract></article-meta></front><back><ref-list><ref id="B1"><element-citation publication-type="article"><article-title>Cultural Feminism versus post-structuralism: The Identity Crisis in Feminist Theory</article-title><source>Journal of Women in Culture and Society</source><date><year>1988</year></date><issue>3</issue><volume>13</volume><person-group><name><surname>ALCOFF</surname><given-names>Linda</given-names></name></person-group></element-citation></ref><ref id="B2"><element-citation publication-type="book"><source>The Second Sex</source><date><year>1953</year></date><person-group><name><surname>BEAUVOIR</surname><given-names>Simone de</given-names></name><name><surname>BEAUVOIR</surname><given-names>Simone de</given-names></name></person-group></element-citation></ref><ref id="B3"><element-citation publication-type="book"><source>Science and Gender: A Critique of Biology and Its Theories on Women</source><date><year>1984</year></date><person-group><name><surname>BLEIER</surname><given-names>Ruth</given-names></name><name><surname>BLEIER</surname><given-names>Ruth</given-names></name></person-group></element-citation></ref><ref id="B4"><element-citation publication-type="article"><article-title>The Cartesian Masculinization of Thought</article-title><source>Signs</source><date><year>1986</year></date><issue>3</issue><volume>II</volume><person-group><name><surname>BORDO</surname><given-names>Susan</given-names></name></person-group></element-citation></ref><ref id="B5"><element-citation publication-type="book"><source>O Sexo do Trabalho</source><date><year>1987</year></date><person-group><name><surname>CHAHAUD</surname><given-names>Danielle</given-names></name><name><surname>FOUGEYROLLAS-SCHWEBEL</surname><given-names>Dominique</given-names></name><name><surname>Kartchensky-Bulport</surname><given-names>Andrée</given-names></name><name><surname>Kartchensky-Bulport</surname><given-names>Andrée</given-names></name></person-group></element-citation></ref><ref id="B6"><element-citation publication-type="undefined"><date><year>1987</year></date><person-group><name><surname>COMBES</surname><given-names>Danièle</given-names></name><name><surname>HAICAULT</surname><given-names>Monique</given-names></name><name><surname>Kartchensky-Bulport</surname></name><name><surname>Kartchensky-Bulport</surname></name></person-group></element-citation></ref><ref id="B7"><element-citation publication-type="article"><article-title>Família e Reprodução Humana</article-title><source>Perspectivas Antropológicas da Mulher</source><date><year>1983</year></date><volume>3</volume><person-group><name><surname>DURHAM</surname><given-names>Eunice</given-names></name></person-group></element-citation></ref><ref id="B8"><element-citation publication-type="article"><article-title>Postmodernism and Gender Relations in Feminist Theory</article-title><source>Signs</source><date><year>1987</year></date><issue>4</issue><volume>12</volume><person-group><name><surname>FLAX</surname><given-names>Jane</given-names></name></person-group></element-citation></ref><ref id="B9"><element-citation publication-type="article"><article-title>Antropologia e Feminismo</article-title><source>Perspectivas Antropológicas da Mulher</source><date><year>1981</year></date><person-group><name><surname>FRANCHETTO</surname><given-names>Bruno</given-names></name><name><surname>CAVALCANTE</surname><given-names>Maria</given-names></name><name><surname>HEILBORN</surname><given-names>Maria Luiza</given-names></name></person-group></element-citation></ref><ref id="B10"><element-citation publication-type="article"><article-title>Contribuição da Psicologia Contemporânea para a Compreensão do Papel da Mulher</article-title><source>Cadernos de Pesquisa</source><date><year>1975</year></date><volume>15</volume><person-group><name><surname>GRACIANO</surname><given-names>Marília</given-names></name></person-group></element-citation></ref><ref id="B11"><element-citation publication-type="book"><source>Nature, Culture and Gender</source><date><year>1980</year></date><person-group><name><surname>JORDANOVA</surname><given-names>L.</given-names></name><name><surname>Mac Cormick</surname><given-names>C.</given-names></name><name><surname>Strathern</surname><given-names>M.</given-names></name><name><surname>Mac Cormick</surname><given-names>C.</given-names></name><name><surname>Strathern</surname><given-names>M.</given-names></name></person-group></element-citation></ref><ref id="B12"><element-citation publication-type="book"><source>Interdisciplinaridade na Compreensão da Violência e Saúde</source><date><year>1990</year></date><person-group><name><surname>MINAYO</surname><given-names>Maria Cecília de Souza</given-names></name><name><surname>MINAYO</surname><given-names>Maria Cecília de Souza</given-names></name></person-group></element-citation></ref><ref id="B13"><element-citation publication-type="article"><article-title>Mulheres: a Revolução mais Longa</article-title><source>Revista Civilização Brasileira</source><date><year>1967</year></date><volume>14</volume><person-group><name><surname>MITCHELL</surname><given-names>Juliet</given-names></name></person-group></element-citation></ref><ref id="B14"><element-citation publication-type="article"><article-title>Por uma antropologia da mulher</article-title><source>Encontros com a Civilização Brasileira</source><date><year>1980</year></date><volume>26</volume><person-group><name><surname>MOTA</surname><given-names>Clarice Novaes de</given-names></name></person-group></element-citation></ref><ref id="B15"><element-citation publication-type="book"><source>A Mulher, a Cultura e a Sociedade</source><date><year>1979</year></date><person-group><name><surname>ORTNER</surname><given-names>Sherry</given-names></name><name><surname>Rosaldo</surname><given-names>Michelle</given-names></name><name><surname>Lamphere</surname><given-names>Louis</given-names></name><name><surname>Rosaldo</surname><given-names>Michelle</given-names></name><name><surname>Lamphere</surname><given-names>Louis</given-names></name></person-group></element-citation></ref><ref id="B16"><element-citation publication-type="undefined"><date><year>1979</year></date><person-group><name><surname>ROSALDO</surname><given-names>Michele</given-names></name><name><surname>Rosaldo</surname></name><name><surname>Rosaldo</surname></name></person-group></element-citation></ref><ref id="B17"><element-citation publication-type="book"><source>Biological Politics: Feminist and Anti-Feminist Perspectives</source><date><year>1982</year></date><person-group><name><surname>SAVERS</surname><given-names>Janet</given-names></name><name><surname>SAVERS</surname><given-names>Janet</given-names></name></person-group></element-citation></ref><ref id="B18"><element-citation publication-type="book"><source>Sociologia da Sexualidade</source><date><year>1968</year></date><person-group><name><surname>SCHELSKY</surname><given-names>Helmut</given-names></name><name><surname>SCHELSKY</surname><given-names>Helmut</given-names></name></person-group></element-citation></ref><ref id="B19"><element-citation publication-type="book"><source>Mulheres e Trabalho</source><date><year>1980</year></date><volume>26</volume><person-group><name><surname>STOLKE</surname><given-names>Verena</given-names></name><name><surname>STOLKE</surname><given-names>Verena</given-names></name></person-group></element-citation></ref></ref-list></back></article></articles>