<articles xmlns:xsi="http://www.w3.org/2001/XMLSchema-instance" xsi:schemaLocation="https://raw.githubusercontent.com/scieloorg/articles_meta/master/tests/xsd/scielo_sci/ThomsonReuters_publishing.xsd" dtd-version="1.10"><article lang_id="pt" article-type="research-article"><front><journal-meta><journal-id journal-id-type="publisher">csp</journal-id><journal-title-group><journal-title>Cadernos de Saúde Pública</journal-title><abbrev-journal-title>Cad. Saúde Pública</abbrev-journal-title></journal-title-group><issn>1678-4464</issn><collection>SciELO Public Health</collection><publisher><publisher-name>Escola Nacional de Saúde Pública Sergio Arouca, Fundação Oswaldo Cruz</publisher-name></publisher></journal-meta><article-meta><unique-article-id pub-id-type="publisher-id">S0102-311X1992000400006</unique-article-id><article-id pub-id-type="publisher-id">S0102-311X1992000400006</article-id><article-id pub-id-type="doi">10.1590/S0102-311X1992000400006</article-id><article-categories><subj-group><subject>Health Policy &amp; Services</subject></subj-group></article-categories><title-group><article-title lang_id="pt">Atenção médica à gestação e ao parto de mães adolescentes</article-title><trans-title-group lang_id="en"><trans-title>Medical care for teenage mothers during pregnancy and at delivery</trans-title></trans-title-group></title-group><contrib-group><contrib contrib-type="author"><name><surname>Bettiol</surname><given-names>Heloisa</given-names></name><role>ND</role><xref ref-type="aff" rid="A01"/></contrib><contrib contrib-type="author"><name><surname>Barbieri</surname><given-names>Marco A.</given-names></name><role>ND</role><xref ref-type="aff" rid="A01"/></contrib><contrib contrib-type="author"><name><surname>Gomes</surname><given-names>Uilho A.</given-names></name><role>ND</role><xref ref-type="aff" rid="A02"/></contrib><contrib contrib-type="author"><name><surname>Wen</surname><given-names>Liu Yao</given-names></name><role>ND</role><xref ref-type="aff" rid="A01"/></contrib><contrib contrib-type="author"><name><surname>Reis</surname><given-names>Patricia M. dos</given-names></name><role>ND</role><xref ref-type="aff" rid="A01"/></contrib><contrib contrib-type="author"><name><surname>Chiaratti</surname><given-names>Telma M.</given-names></name><role>ND</role><xref ref-type="aff" rid="A01"/></contrib><contrib contrib-type="author"><name><surname>Vasconcellos</surname><given-names>Valéria</given-names></name><role>ND</role><xref ref-type="aff" rid="A01"/></contrib><contrib contrib-type="author"><name><surname>Yamawaki</surname><given-names>Rosalina M.</given-names></name><role>ND</role><xref ref-type="aff" rid="A01"/></contrib></contrib-group><aff id="A02"><institution>Universidade de São Paulo</institution><country>Brazil</country></aff><aff id="A01"><institution>Universidade de São Paulo</institution><country>Brazil</country></aff><pub-date><month>12</month><year>1992</year></pub-date><volume>8</volume><issue>4</issue><fpage>404</fpage><lpage>413</lpage><permissions><license license-type="open-access" href="http://creativecommons.org/licenses/by/4.0/"><license-p>This work is licensed under a Creative Commons Attribution 4.0 International License.</license-p></license></permissions><self-uri href="http://www.scielosp.org/scielo.php?script=sci_arttext&amp;pid=S0102-311X1992000400006&amp;lng=en&amp;tlng=en" content-type="full_text_page"/><self-uri href="http://www.scielosp.org/scielo.php?script=sci_issuetoc&amp;pid=0102-311X19920004&amp;lng=en" content-type="issue_page"/><self-uri href="http://www.scielosp.org/scielo.php?script=sci_serial&amp;pid=0102-311X&amp;lng=en" content-type="journal_page"/><abstract lang_id="pt"><p>Estudou-se em Ribeirão Preto, SP, Brasil, no período de 1º de junho de 1978 a 31 de maio de 1979, 98% do universo de nascidos vivos, totalizando 8878 crianças nascidas de parto único, sendo 6750 procedentes de Ribeirão Preto. Observou-se um aumento da proporção de mães adolescentes em Ribeirão Preto (14,1%) quando comparada com estudo realizado 10 anos antes (11,7%). A idade materna menor de 20 anos esteve associada com os indicadores mais desfavoráveis para a saúde perinatal, no que diz respeito à atenção médica à gestação e ao parto. Essa situação ficou mais evidente entre as mães adolescentes de classes sociais menos favorecidas, revelando que o grupo de mães adolescentes não é homogêneo, mas apresenta diferentes proporções de risco para a saúde perinatal de acordo com as frações de classe social que existem no seu interior.</p></abstract><trans-abstract lang_id="en"><p>Ninety-eight percent of all live births occuring in the city of Ribeirão Preto, state of São Paulo (Brazil), from June 1, 1978 to May 30, 1979 were studied, for a total of 8,878 single-delivery infants, 6,750 of whom were from this town. An increase in the proportion of teenage mothers in Ribeirão Preto (14.1%) was observed in relation to a study carried out ten years before (11.7%). Maternal age of less than 20 years was associated with more unfavorable perinatal health indicators with respect to medical care and delivery. This situation was more evident among teenage mothers from underprivileged social classes, showing that the group of teenage mothers is not homogeneous but presents different risk rates for perinatal health according to the social strata of which the group is composed.</p></trans-abstract><kwd-group lang_id="en" kwd-group-type="author-generated"><kwd>Birth Weight</kwd><kwd>Medical Care</kwd><kwd>Teenage Pregnancy</kwd></kwd-group><kwd-group lang_id="pt" kwd-group-type="author-generated"><kwd>Peso ao Nascer</kwd><kwd>Assistência Médica</kwd><kwd>Gravidez na Adolescência</kwd></kwd-group></article-meta></front><back><ref-list><ref id="B1"><element-citation publication-type="thesis"><source>Mortalidade Infantil em Ribeirão Preto. Estudo da coorte nascida entre junho de 78 e maio de 79: Análise de algumas variáveis sociais e biológicas</source><date><year>1988</year></date><person-group><name><surname>ALMEIDA</surname><given-names>L. E. A.</given-names></name><name><surname>ALMEIDA</surname><given-names>L. E. A.</given-names></name></person-group></element-citation></ref></ref-list></back></article></articles>