<articles xmlns:xsi="http://www.w3.org/2001/XMLSchema-instance" xsi:schemaLocation="https://raw.githubusercontent.com/scieloorg/articles_meta/master/tests/xsd/scielo_sci/ThomsonReuters_publishing.xsd" dtd-version="1.10"><article lang_id="pt" article-type="research-article"><front><journal-meta><journal-id journal-id-type="publisher">csp</journal-id><journal-title-group><journal-title>Cadernos de Saúde Pública</journal-title><abbrev-journal-title>Cad. Saúde Pública</abbrev-journal-title></journal-title-group><issn>1678-4464</issn><collection>SciELO Brazil</collection><publisher><publisher-name>Escola Nacional de Saúde Pública Sergio Arouca, Fundação Oswaldo Cruz</publisher-name></publisher></journal-meta><article-meta><unique-article-id pub-id-type="publisher-id">S0102-311X1992000200010</unique-article-id><article-id pub-id-type="publisher-id">S0102-311X1992000200010</article-id><article-id pub-id-type="doi">10.1590/S0102-311X1992000200010</article-id><article-categories><subj-group><subject>Health Policy &amp; Services</subject></subj-group></article-categories><title-group><article-title lang_id="pt">Avaliação e custos do subprograma de controle da Tuberculose no centro de saúde escola de Ribeirão Preto, 1988</article-title><trans-title-group lang_id="en"><trans-title>Evaluation and costs of the Tuberculosis control program in the university school health center of Ribeirão Preto, 1988</trans-title></trans-title-group></title-group><contrib-group><contrib contrib-type="author"><name><surname>Forster</surname><given-names>Aldaísa C.</given-names></name><role>ND</role><xref ref-type="aff" rid="A01"/></contrib><contrib contrib-type="author"><name><surname>Halpern</surname><given-names>Luciana</given-names></name><role>ND</role><xref ref-type="aff" rid="A01"/></contrib><contrib contrib-type="author"><name><surname>Netto</surname><given-names>Antonio Ruffino</given-names></name><role>ND</role><xref ref-type="aff" rid="A01"/></contrib><contrib contrib-type="author"><name><surname>Tozze</surname><given-names>Gabriela B.</given-names></name><role>ND</role><xref ref-type="aff" rid="A01"/></contrib></contrib-group><aff id="A01"><institution>Universidade de São Paulo</institution><country>Brazil</country></aff><pub-date><month>06</month><year>1992</year></pub-date><volume>8</volume><issue>2</issue><fpage>183</fpage><lpage>189</lpage><permissions><license license-type="open-access" href="http://creativecommons.org/licenses/by-nc/4.0/"><license-p>This work is licensed under a Creative Commons Attribution-NonCommercial 4.0 International License.</license-p></license></permissions><self-uri href="http://www.scielo.br/scielo.php?script=sci_arttext&amp;pid=S0102-311X1992000200010&amp;lng=en&amp;tlng=en" content-type="full_text_page"/><self-uri href="http://www.scielosp.org/scielo.php?script=sci_issuetoc&amp;pid=0102-311X19920002&amp;lng=en" content-type="issue_page"/><self-uri href="http://www.scielosp.org/scielo.php?script=sci_serial&amp;pid=0102-311X&amp;lng=en" content-type="journal_page"/><abstract lang_id="pt"><p>É sabido o descompasso existente entre o largo conhecimento obtido dos estudos da tuberculose e a sua situação epidemiológica. No Brasil, a reorganização dos serviços públicos de saúde pode aumentar a eficiência das ações de saúde e o controle das doenças. Assim, pretende-se neste estudo: avaliar o desenvolvimento das atividades programáticas e conhecer os custos destas no controle da tuberculose na área do Centro de Saúde Escola, Ribeirão Preto, no período de 1988. Foram estudados casos notificados de tuberculose na área do Centro de Saúde Escola (população de 194.700 habitantes) e os custos médios de tratamento e de cura segundo os salários dos profissionais do programa, os preços dos medicamentos e dos exames laboratoriais preconizados. A avaliação evidenciou deficiente operacionalização do programa: baixa cobertura (61 casos/118 estimados); dentre os adultos, dos casos pulmonares sem confirmação baciloscópica, 48,3% não realizaram exames; em todas as formas, as proporções de cura e de óbitos foram, respectivamente, de 65,6% e 13,1%. Baixos custos observados dos exames diagnósticos e dos medicamentos (cerca de 50% dos custos, segundo as normas) e custos por cura iguais a US$ 276,25 (cerca de 60% maior do esperado) e por hora-médico iguais a US$ 35,74 (aproximadamente quatro vezes o esperado) mostraram a ineficiência na execução e nos resultados do programa.</p></abstract><trans-abstract lang_id="en"><p>There is a recognized gap between the extensive knowledge on tuberculosis and its epidemiological situation. The ongoing reorganization of Public Health Services in Brazil may increase its eficciency and help in the control of diseases. The present study aims at evaluating the development of the tuberculosis control program and its costs in the area of the University School Health Center, in the city of Ribeirão Preto, during 1988. Cases of tuberculosis reported in the area of the School Health Center (population around 194,700 inhabitants) were studied according to the costs of laboratory examinations, drugs and salaries. Deficiencies both in the program implementation and in its results were made evident by the following findings: low coverage (only 61 among the estimated 118 cases); lack of laboratory examinations in 48.3% of pulmonary cases in adults; recovery and death rates equal to 65.6% and 13.1% respectively in all forms of the disease; low cost of laboratory examinations and drugs (about half the expected); costs of US$ 276.25 per recovery (60% above the expected) and US$ 35.74 per hour of medical work (about 4 times the expected).</p></trans-abstract><kwd-group lang_id="en" kwd-group-type="author-generated"><kwd>Tuberculosis</kwd><kwd>Program Evaluation</kwd><kwd>Cost Analysis</kwd><kwd>Outcome and Process Assessment</kwd><kwd>Primary Health Care</kwd></kwd-group><kwd-group lang_id="pt" kwd-group-type="author-generated"><kwd>Tuberculose</kwd><kwd>Avaliação de Programa</kwd><kwd>Análise de Custo</kwd><kwd>Avaliação de Processo e Resultado</kwd><kwd>Cuidados Primários</kwd></kwd-group></article-meta></front><back><ref-list><ref id="B1"><element-citation publication-type="article"><article-title>Avaliação das Atividades de Controle da Tuberculose realizada no Brasil em 1986</article-title><source>Boletim da Campanha Nacional contra a Tuberculose</source><date><year>1988</year></date><fpage>43</fpage><lpage>56</lpage><volume>2</volume></element-citation></ref><ref id="B2"><element-citation publication-type="article"><article-title>Tuberculose: assistência ou controle?</article-title><source>Boletim da Campanha Nacional contra a Tuberculose</source><date><year>1988</year></date><fpage>5</fpage><lpage>14</lpage><volume>2</volume><person-group><name><surname>PENNA</surname><given-names>M. L. F.</given-names></name></person-group></element-citation></ref><ref id="B3"><element-citation publication-type="article"><article-title>El futuro de la lucha antituberculosa: problemas y perspectivas</article-title><source>Boletin de la Oficina Sanitaria Panamericana</source><date><year>1984</year></date><fpage>101</fpage><lpage>118</lpage><volume>96</volume><person-group><name><surname>PIO</surname><given-names>A.</given-names></name></person-group></element-citation></ref><ref id="B4"><element-citation publication-type="conference"><source>Tuberculose e a discriminação histórica na saúde</source><date><year>1990</year></date><fpage>20</fpage><person-group><name><surname>RUFFINO NETTO</surname><given-names>A.</given-names></name><name><surname>RUFFINO NETTO</surname><given-names>A.</given-names></name></person-group></element-citation></ref><ref id="B5"><element-citation publication-type="conference"><source>Anais</source><date><year>1985</year></date><fpage>29</fpage><person-group><name><surname>RUFFINO NETTO</surname><given-names>A.</given-names></name><name><surname>SANCHES</surname><given-names>O.</given-names></name><name><surname>CÁRNEO</surname><given-names>A. S.</given-names></name><name><surname>NASCIMENTO</surname><given-names>C. S. G.</given-names></name><name><surname>OLIVEIRA</surname><given-names>C. E.</given-names></name><name><surname>SILVA</surname><given-names>E.</given-names></name><name><surname>CHIRELLI</surname><given-names>M. Q.</given-names></name></person-group></element-citation></ref></ref-list></back></article></articles>