<articles xmlns:xsi="http://www.w3.org/2001/XMLSchema-instance" xsi:schemaLocation="https://raw.githubusercontent.com/scieloorg/articles_meta/master/tests/xsd/scielo_sci/ThomsonReuters_publishing.xsd" dtd-version="1.10"><article lang_id="pt" article-type="research-article"><front><journal-meta><journal-id journal-id-type="publisher">csp</journal-id><journal-title-group><journal-title>Cadernos de Saúde Pública</journal-title><abbrev-journal-title>Cad. Saúde Pública</abbrev-journal-title></journal-title-group><issn>1678-4464</issn><collection>SciELO Brazil</collection><publisher><publisher-name>Escola Nacional de Saúde Pública Sergio Arouca, Fundação Oswaldo Cruz</publisher-name></publisher></journal-meta><article-meta><unique-article-id pub-id-type="publisher-id">S0102-311X1992000300009</unique-article-id><article-id pub-id-type="publisher-id">S0102-311X1992000300009</article-id><article-id pub-id-type="doi">10.1590/S0102-311X1992000300009</article-id><article-categories><subj-group><subject>Health Policy &amp; Services</subject></subj-group></article-categories><title-group><article-title lang_id="pt">Estudo epidemiológico da esquistossomose mansônica em áreas de irrigação do Nordeste brasileiro</article-title><trans-title-group lang_id="en"><trans-title>Epidemiological study on mansoni schistosomiasis in irrigation areas of Northeastern Brazil</trans-title></trans-title-group></title-group><contrib-group><contrib contrib-type="author"><name><surname>Coutinho</surname><given-names>Amaury D.</given-names></name><role>ND</role><xref ref-type="aff" rid="A01"/></contrib><contrib contrib-type="author"><name><surname>Silva</surname><given-names>Manoel L.</given-names></name><role>ND</role><xref ref-type="aff" rid="A01"/></contrib><contrib contrib-type="author"><name><surname>Gonçalves</surname><given-names>José F.</given-names></name><role>ND</role><xref ref-type="aff" rid="A01"/></contrib></contrib-group><aff id="A01"><institution>Universidade Federal de Pernambuco</institution><country>Brazil</country></aff><pub-date><month>09</month><year>1992</year></pub-date><volume>8</volume><issue>3</issue><fpage>302</fpage><lpage>310</lpage><permissions><license license-type="open-access" href="http://creativecommons.org/licenses/by-nc/4.0/"><license-p>This work is licensed under a Creative Commons Attribution-NonCommercial 4.0 International License.</license-p></license></permissions><self-uri href="http://www.scielo.br/scielo.php?script=sci_arttext&amp;pid=S0102-311X1992000300009&amp;lng=en&amp;tlng=en" content-type="full_text_page"/><self-uri href="http://www.scielosp.org/scielo.php?script=sci_issuetoc&amp;pid=0102-311X19920003&amp;lng=en" content-type="issue_page"/><self-uri href="http://www.scielosp.org/scielo.php?script=sci_serial&amp;pid=0102-311X&amp;lng=en" content-type="journal_page"/><abstract lang_id="pt"><p>É mundialmente reconhecida a importância das áreas de irrigação na disseminação da esquistossomose. O presente estudo foi desenvolvido no período de outubro de 1986 a dezembro de 1987 em 23 perímetros de irrigação do Nordeste semi-árido. A análise sócio-econômica-sanitária mostrou vários aspectos de interesse epidemiológico, salientando-se a presença de trabalhadores flutuantes originários de áreas endêmicas da parasitose e vivendo em más condições sanitárias nos lotes de irrigação. O estudo coprológico indicou os seguintes resultados: de 10.279 indivíduos examinados (82% da população) somente 3 (três) casos apresentaram-se positivos para S. mansoni. O estudo malacológico mostrou a presença exclusiva da Biomphalaria straminea em 17.188 amostras coletadas. Somente em um dos perímetros (São Gonçalo, Souza, PB) foi constatada a infecção esquistossomótica ativa em 17 caramujos. Esses resultados indicam que as áreas de irrigação estudadas não constituem, no momento, problema relevante de transmissão da esquistossomose. Os autores consideram, porém, necessária uma permanente vigilância epidemiológica em todas as áreas de irrigação do Nordeste.</p></abstract><trans-abstract lang_id="en"><p>It is acknowledged throughout the world that irrigation is very important in the dissemination of schistosomiasis. The present study, involving 23 irrigation projects in the semi-arid region of five northeastern states of Brazil, was conducted during the period of October 1986 to December 1987. Socio-economic-sanitary analysis identified a number of aspects of epidemiological importance, mainly the presence of migrant farm workers, coming from endemic areas of schistosomiasis and living in poor sanitary conditions in the irrigation areas. Parasitological exams of stool samples indicated that, out of 10,229 individuals examined (82% of the population), only three were S. mansoni positive. Malacological studies identified Biomphalaria straminea as the only species out of 17,188 snails captured. In only one area (São Gonçalo, district of Souza, Paraíba State), where 3,400 snails were captured, 17 were infected with S. mansoni. These results indicate that, at present, schistosomiasis transmission is not a major problem in the areas studied. However, continued epidemiological surveilance is essential in all irrigation areas of northeastern Brazil if schistosomiasis control is to be maintained. Recommendations are made for improvement in the water supply as well as for additional sanitation measures focusing on migrant workers.</p></trans-abstract><kwd-group lang_id="en" kwd-group-type="author-generated"><kwd>Mansoni schistosomiasis</kwd><kwd>Irrigation</kwd><kwd>Epidemiology</kwd></kwd-group><kwd-group lang_id="pt" kwd-group-type="author-generated"><kwd>Esquistossomose Mansônica</kwd><kwd>de Irrigação</kwd><kwd>Epidemiologia</kwd></kwd-group></article-meta></front><back><ref-list><ref id="B1"><element-citation publication-type="article"><article-title>Irrigation, schistosomiasis and malaria in the Logone Valley, Cameroon</article-title><source>American Journal of Tropical Medicine and Hygiene</source><date><year>1990</year></date><fpage>550</fpage><lpage>560</lpage><volume>42</volume><person-group><name><surname>AUDIBERT</surname><given-names>M.</given-names></name><name><surname>JOSSERAN</surname><given-names>R.</given-names></name><name><surname>JOSSE</surname><given-names>R.</given-names></name><name><surname>ADJIDJI</surname></name></person-group></element-citation></ref><ref id="B2"><element-citation publication-type="book"><source>Epidemiologia e controle da esquistossomose e o Nordeste semi-árido: relatório de Grupo de Trabalho</source><date><year>1978</year></date><person-group><name><surname>BARBOSA</surname><given-names>F. S.</given-names></name><name><surname>BARBOSA</surname><given-names>F. S.</given-names></name></person-group></element-citation></ref><ref id="B3"><element-citation publication-type="article"><article-title>Schistosomiasis: engineering controls</article-title><source>ODU Bulletin</source><date><year>1987</year></date><fpage>4</fpage><lpage>7</lpage><volume>1</volume><person-group><name><surname>BONTON</surname><given-names>P.</given-names></name></person-group></element-citation></ref><ref id="B4"><element-citation publication-type="article"><article-title>Schistosomiasis control in irrigation schemes in Zimbabwe</article-title><source>Journal of Tropical Medicine and Hygiene</source><date><year>1988</year></date><fpage>107</fpage><lpage>114</lpage><volume>91</volume><person-group><name><surname>BOLTON</surname><given-names>P.</given-names></name></person-group></element-citation></ref><ref id="B5"><element-citation publication-type="book"><source>Lei nº 6662, de 25 de junho de 1979: Dispõe sobre Política Nacional de Irrigação e dá outras providencias</source><date><year>1979</year></date><fpage>8937</fpage><lpage>8941</lpage><volume>177</volume></element-citation></ref><ref id="B6"><element-citation publication-type="article"><article-title>Impacto do desenvolvimento na expansão da esquistossomose</article-title><source>Revista do Instituto de Medicina Tropical de São Paulo</source><date><year>1980</year></date><fpage>117</fpage><lpage>119</lpage><volume>22</volume><person-group><name><surname>CAMARGO</surname><given-names>S.</given-names></name></person-group></element-citation></ref><ref id="B7"><element-citation publication-type="article"><article-title>Schistosomiasis control and monitoring in Zimbabwe</article-title><source>ODU Bulletin</source><date><year>1987</year></date><fpage>8</fpage><lpage>10</lpage><volume>7</volume><person-group><name><surname>CHANDIWANA</surname><given-names>S. K.</given-names></name><name><surname>TAYLOR</surname><given-names>P.</given-names></name></person-group></element-citation></ref><ref id="B8"><element-citation publication-type="article"><article-title>Estudo epidemiológico da esquistossomose em área de irrigação do sertão de Pernambuco</article-title><source>Revista da Fundação SESP</source><date><year>1978</year></date><fpage>9</fpage><lpage>14</lpage><volume>23</volume><person-group><name><surname>COSTA</surname><given-names>D. P. P.</given-names></name></person-group></element-citation></ref><ref id="B9"><element-citation publication-type="article"><article-title>A esquistossomose e o Nordeste semi-árido: I. O estudo preliminar</article-title><source>Cadernos de Saúde Pública</source><date><year>1985</year></date><fpage>153</fpage><lpage>159</lpage><volume>1</volume><person-group><name><surname>COSTA</surname><given-names>D. P. P.</given-names></name><name><surname>BARBOSA</surname><given-names>F. S.</given-names></name></person-group></element-citation></ref><ref id="B10"><element-citation publication-type="book"><source>Binômio esquistossomose-irrigação e as várzeas inundáveis da bacia do São Francisco</source><date><year>1975</year></date><fpage>32/33</fpage><person-group><name><surname>FERREIRA FILHO</surname><given-names>J. L.</given-names></name><name><surname>FERREIRA FILHO</surname><given-names>J. L.</given-names></name></person-group></element-citation></ref><ref id="B11"><element-citation publication-type="book"><source>História da peste e de outras endemias</source><date><year>1988</year></date><person-group><name><surname>FREITAS</surname><given-names>C. A.</given-names></name><name><surname>FREITAS</surname><given-names>C. A.</given-names></name></person-group></element-citation></ref><ref id="B12"><element-citation publication-type="book"><source>Epidemiologia e controle da esquistossomose do Nordeste semi-árido: relatório final 79/82</source><date><year>1982</year></date></element-citation></ref><ref id="B13"><element-citation publication-type="article"><article-title>Sedimentation concentration method in schistosomiasis mansoni</article-title><source>Puerto Rico Journal of Public Health and Tropical Medicine</source><date><year>1934</year></date><fpage>283</fpage><lpage>289</lpage><volume>9</volume><person-group><name><surname>HOFFMAN</surname><given-names>W. A.</given-names></name><name><surname>PONS</surname><given-names>J. A.</given-names></name><name><surname>JANER</surname><given-names>J. L.</given-names></name></person-group></element-citation></ref><ref id="B14"><element-citation publication-type="book"><source>Normas gerais para o Programa de Controle da Esquistossomose</source><date><year>1988</year></date></element-citation></ref><ref id="B15"><element-citation publication-type="book"><source>Control de la esquistosomiasis: informe de un Comitê de la OMS</source><date><year>1985</year></date></element-citation></ref></ref-list></back></article></articles>