<articles xmlns:xsi="http://www.w3.org/2001/XMLSchema-instance" xsi:schemaLocation="https://raw.githubusercontent.com/scieloorg/articles_meta/master/tests/xsd/scielo_sci/ThomsonReuters_publishing.xsd" dtd-version="1.10"><article lang_id="pt" article-type="research-article"><front><journal-meta><journal-id journal-id-type="publisher">csp</journal-id><journal-title-group><journal-title>Cadernos de Saúde Pública</journal-title><abbrev-journal-title>Cad. Saúde Pública</abbrev-journal-title></journal-title-group><issn>1678-4464</issn><collection>SciELO Brazil</collection><publisher><publisher-name>Escola Nacional de Saúde Pública Sergio Arouca, Fundação Oswaldo Cruz</publisher-name></publisher></journal-meta><article-meta><unique-article-id pub-id-type="publisher-id">S0102-311X1993000100009</unique-article-id><article-id pub-id-type="publisher-id">S0102-311X1993000100009</article-id><article-id pub-id-type="doi">10.1590/S0102-311X1993000100009</article-id><article-categories><subj-group><subject>Health Policy &amp; Services</subject></subj-group></article-categories><title-group><article-title lang_id="pt">Modelo alternativo para o controle da esquistossomose: estado atual do projeto no Estado do Espírito Santo, Brasil</article-title><trans-title-group lang_id="en"><trans-title>An alternative model for schistosomiasis control: the present status of the project in the State of Espírito Santo, Brazil</trans-title></trans-title-group></title-group><contrib-group><contrib contrib-type="author"><name><surname>Barbosa</surname><given-names>Frederico S.</given-names></name><role>ND</role><xref ref-type="aff" rid="A01"/></contrib><contrib contrib-type="author"><name><surname>Cruz</surname><given-names>Oswaldo J. da</given-names></name><role>ND</role><xref ref-type="aff" rid="A01"/></contrib><contrib contrib-type="author"><name><surname>Hollanda</surname><given-names>Eliane</given-names></name><role>ND</role><xref ref-type="aff" rid="A01"/></contrib><contrib contrib-type="author"><name><surname>Siqueira</surname><given-names>Sandra A. V.</given-names></name><role>ND</role><xref ref-type="aff" rid="A01"/></contrib><contrib contrib-type="author"><name><surname>Carvalho</surname><given-names>Maria Alice P. de</given-names></name><role>ND</role><xref ref-type="aff" rid="A01"/></contrib><contrib contrib-type="author"><name><surname>Gomes</surname><given-names>Mauro L.</given-names></name><role>ND</role><xref ref-type="aff" rid="A02"/></contrib><contrib contrib-type="author"><name><surname>Almeida</surname><given-names>Andrea S. de</given-names></name><role>ND</role><xref ref-type="aff" rid="A01"/></contrib></contrib-group><aff id="A02"><institution>Fundação Oswaldo Cruz</institution><country>Brazil</country></aff><aff id="A01"><institution>Fundação Oswaldo Cruz</institution><country>Brazil</country></aff><pub-date><month>03</month><year>1993</year></pub-date><volume>9</volume><issue>1</issue><fpage>85</fpage><lpage>89</lpage><permissions><license license-type="open-access" href="http://creativecommons.org/licenses/by-nc/4.0/"><license-p>This work is licensed under a Creative Commons Attribution-NonCommercial 4.0 International License.</license-p></license></permissions><self-uri href="http://www.scielo.br/scielo.php?script=sci_arttext&amp;pid=S0102-311X1993000100009&amp;lng=en&amp;tlng=en" content-type="full_text_page"/><self-uri href="http://www.scielosp.org/scielo.php?script=sci_issuetoc&amp;pid=0102-311X19930001&amp;lng=en" content-type="issue_page"/><self-uri href="http://www.scielosp.org/scielo.php?script=sci_serial&amp;pid=0102-311X&amp;lng=en" content-type="journal_page"/><abstract lang_id="pt"><p>O trabalho que vem sendo desenvolvido em uma área rural do município de Afonso Cláudio (Espírito Santo) representa uma proposta alternativa aos atuais programas de controle. Este é um trabalho de pesquisa controlado, em integração interdisciplinar e multi-institucional, envolvendo várias entidades de pesquisa e de serviços. O modelo alternativo de controle da endemia conta com amplo envolvimento comunitário e com a organização dos serviços locais de saúde a nível primário (SUS). A pesquisa participante tem sido o ponto de partida metodológico que baliza os procedimentos de coleta e análise de dados e os de intervenção na realidade local. Os métodos de controle estão limitados ao tratamento médico individualizado e à melhoria das condições de saneamento. Estes métodos estão, evidentemente, integrados às ações sociais acima descritas. O projeto está dividido em três fases: pré-controle, controle (intervenção) e avaliação final. No momento, o mesmo entra em sua fase de intervenção, com duração prevista de três anos.</p></abstract><trans-abstract lang_id="en"><p>An intervention study for schistosomiasis control is being carried out in the county of Afonso Cláudio, state of Espírito Santo, Brazil, having begun in February 1992. This study is an alternative response to classical control methods. The project is being developed using an interdisciplinary approach and involves both research and service institutions. The organization of health services at the primary care level is part of the project. Participant observation is seen as the methodological point of departure for guiding data collection and analysis and the intervention process in local reality. Control methods are restricted to the medical treatment given to all infected individuals and to improvements in the sanitation facilities available in the area. These methods are obviously integrated with the above-mentioned social actions. Consisting of three phases - pre-control, control (intervention), and final evaluation - the project is now in its intervention phase, lasting approximately three years.</p></trans-abstract><kwd-group lang_id="en" kwd-group-type="author-generated"><kwd>Schistosomiasis</kwd><kwd>Epidemiology</kwd><kwd>Control</kwd><kwd>Espírito Santo</kwd><kwd>Brazil</kwd></kwd-group><kwd-group lang_id="pt" kwd-group-type="author-generated"><kwd>Esquistossomose</kwd><kwd>Epidemiologia</kwd><kwd>Controle</kwd><kwd>Espírito Santo</kwd><kwd>Brasil</kwd></kwd-group></article-meta></front><back><ref-list><ref id="B1"><element-citation publication-type="book"><source>Modelo Alternativo para o Controle da Esquistossomose</source><person-group><name><surname>BARBOSA</surname><given-names>F. S.</given-names></name><name><surname>BARBOSA</surname><given-names>F. S.</given-names></name></person-group></element-citation></ref><ref id="B2"><element-citation publication-type="article"><article-title>Alternative Approaches in Schistosomiasis Control</article-title><source>Memórias do Instituto Oswaldo Cruz</source><person-group><name><surname>BARBOSA</surname><given-names>F. S.</given-names></name><name><surname>COIMBRA Jr.</surname><given-names>C. E. A.</given-names></name></person-group></element-citation></ref><ref id="B3"><element-citation publication-type="book"><source>Estudo de melhorias sanitárias em uma área de esquistossomose endêmica no município de Afonso Cláudio: Estado do Espírito Santo</source><date><year>1992</year></date></element-citation></ref><ref id="B4"><element-citation publication-type="book"><source>Modelo Assistencial de Saúde do Espírito Santo</source></element-citation></ref></ref-list></back></article></articles>