<articles xmlns:xsi="http://www.w3.org/2001/XMLSchema-instance" xsi:schemaLocation="https://raw.githubusercontent.com/scieloorg/articles_meta/master/tests/xsd/scielo_sci/ThomsonReuters_publishing.xsd" dtd-version="1.10"><article lang_id="pt" article-type="research-article"><front><journal-meta><journal-id journal-id-type="publisher">csp</journal-id><journal-title-group><journal-title>Cadernos de Saúde Pública</journal-title><abbrev-journal-title>Cad. Saúde Pública</abbrev-journal-title></journal-title-group><issn>1678-4464</issn><collection>SciELO Brazil</collection><publisher><publisher-name>Escola Nacional de Saúde Pública Sergio Arouca, Fundação Oswaldo Cruz</publisher-name></publisher></journal-meta><article-meta><unique-article-id pub-id-type="publisher-id">S0102-311X1986000100005</unique-article-id><article-id pub-id-type="publisher-id">S0102-311X1986000100005</article-id><article-id pub-id-type="doi">10.1590/S0102-311X1986000100005</article-id><article-categories><subj-group><subject>Health Policy &amp; Services</subject></subj-group></article-categories><title-group><article-title lang_id="pt">Situação atual da detecção precoce do câncer cérvico-uterino no Brasil</article-title></title-group><contrib-group><contrib contrib-type="author"><name><surname>Aquino</surname><given-names>Estela Maria Leão de</given-names></name><role>ND</role><xref ref-type="aff" rid="A01"/></contrib><contrib contrib-type="author"><name><surname>Carvalho</surname><given-names>Antonio Ivo de</given-names></name><role>ND</role><xref ref-type="aff" rid="A01"/></contrib><contrib contrib-type="author"><name><surname>Faerstein</surname><given-names>Eduardo</given-names></name><role>ND</role><xref ref-type="aff" rid="A01"/></contrib><contrib contrib-type="author"><name><surname>Ribeiro</surname><given-names>Dora Chor de Souza</given-names></name><role>ND</role><xref ref-type="aff" rid="A01"/></contrib></contrib-group><aff id="A01"><institution>Instituto Nacional de Câncer</institution><country>Brazil</country></aff><pub-date><month>03</month><year>1986</year></pub-date><volume>2</volume><issue>1</issue><fpage>53</fpage><lpage>65</lpage><permissions><license license-type="open-access" href="http://creativecommons.org/licenses/by-nc/4.0/"><license-p>This work is licensed under a Creative Commons Attribution-NonCommercial 4.0 International License.</license-p></license></permissions><self-uri href="http://www.scielo.br/scielo.php?script=sci_arttext&amp;pid=S0102-311X1986000100005&amp;lng=en&amp;tlng=en" content-type="full_text_page"/><self-uri href="http://www.scielosp.org/scielo.php?script=sci_issuetoc&amp;pid=0102-311X19860001&amp;lng=en" content-type="issue_page"/><self-uri href="http://www.scielosp.org/scielo.php?script=sci_serial&amp;pid=0102-311X&amp;lng=en" content-type="journal_page"/><abstract lang_id="pt"><p>As neoplasias malignas foram responsáveis, em 1980, por 9,5% das mortes registradas no país. Entre as mulheres acima de 15 anos, constituíram a segunda causa de mortalidade proporcional, sendo superadas apenas pelas doenças do aparelho circulatório. O câncer cérvico-uterino ocupou posição de destaque, correspondendo a quase 10% dos óbitos nesse grupo. A experiência internacional tem demonstrado a eficácia da detecção precoce através da citopatologia vaginal no controle desta neoplasia. No Brasil, no entanto, avaliação realizada, em 1984, evidenciou que as Secretarias Estaduais de Saúde desenvolvem esta atividade em apenas 7% das unidades da rede básica, não alcançando 2% de cobertura das mulheres adultas. O INAMPS, maior prestador de cuidados médico-assistenciais no país, não tem informações sobre os exames citológicos realizados. A cobertura da assistência ginecológica é de apenas 15% das mulheres acima de 15 anos. É portanto necessário um amplo esforço de articulação interinstitucional para superação do estágio rudimentar em que se situa o controle do câncer cérvico-uterino no país. A definição de estratégias comuns no aproveitamento dos recursos existentes e a inserção da atividade de detecção precoce na assistência integral à saúde da mulher podem resultar em expressiva expansão da cobertura, garantindo-se, ainda, o aumento dos graus de efetividade e eficiência.</p></abstract><trans-abstract lang_id="en"><p>In 1980, malignant neoplasm was responsible for 9.5% of the deaths recorded in the country. Among women over 15, it was the second cause of proportional mortality surpassed only by circulatory diseases. Cervical cancer was a major cause, responsible for almost 10% of deaths in this group. International experience has demonstrated the effectiveness of early detection through vaginal cytopathology. A survey made in 1984, however, showed that Brazilian State Health Departments have developed this activity in only 7% of their basic network units - which covers less than 2% of the adult women population. INAMPS, the country's largest supplier of health and care services keeps no records of cytological examinations performed. Gynecological assistance is given to only 15% women over 15. It is necessary, therefore, to make an ample inter-institutional effort to overcome the country's rudimentary stage of cervical cancer control. The definition of common strategies for the utilization of existing resources and the insertion of early diagnosis activities in health assistance programs for women will certainly result in an expressive expansion of coverage and assure improvement of the levels of effectiveness and efficiency.</p></trans-abstract></article-meta></front><back><ref-list><ref id="B1"><element-citation publication-type="article"><article-title>Incidência e mortalidade por câncer no Rio Grande do Sul, Brasil</article-title><source>R. Saúde públ.</source><date><year>1963</year></date><fpage>367</fpage><lpage>76</lpage><volume>17</volume><person-group><name><surname>BARCELOS</surname><given-names>L.B.</given-names></name><name><surname>PECCIN</surname><given-names>D.A.</given-names></name></person-group></element-citation></ref><ref id="B2"><element-citation publication-type="book"><source>Estatísticas de mortalidade: Brasil 1980</source><date><year>1982</year></date></element-citation></ref><ref id="B3"><element-citation publication-type="book"><source>Câncer no Brasil: dados histopatológicos</source><date><year>1982</year></date><person-group><name><surname>BRUMINI</surname><given-names>R.</given-names></name><name><surname>BRUMINI</surname><given-names>R.</given-names></name></person-group></element-citation></ref><ref id="B4"><element-citation publication-type="article"><article-title>Cervical cancer screening programs: summary of the 1982</article-title><source>Can. Med. Assoc. J.</source><date><year>1982</year></date><fpage>581</fpage><lpage>9</lpage><issue>7</issue><volume>127</volume></element-citation></ref><ref id="B5"><element-citation publication-type="thesis"><source>Distribuição das neoplasias malignas por localização, idade e sexo na população do Recife - 1972/1977</source><date><year>1980</year></date><person-group><name><surname>CARVALHO</surname><given-names>E. M. F.</given-names></name><name><surname>CARVALHO</surname><given-names>E. M. F.</given-names></name></person-group></element-citation></ref><ref id="B6"><element-citation publication-type="book"><source>Diagnóstico da situação dos laboratórios de citopatologia das Secretarias Estaduais de Saúde: relatório de pesquisa s. 1.</source><date><year>1985</year></date><person-group><name><surname>CUNHA</surname><given-names>M.M.P.</given-names></name><name><surname>CUNHA</surname><given-names>M.M.P.</given-names></name></person-group></element-citation></ref><ref id="B7"><element-citation publication-type="article"><article-title>Changing patterns of cervical cancer rates</article-title><source>Br. Med. J.</source><date><year>1983</year></date><fpage>510</fpage><lpage>2</lpage><volume>287</volume><person-group><name><surname>DRAPER</surname><given-names>G.J.</given-names></name><name><surname>COOK</surname><given-names>G.A.</given-names></name></person-group></element-citation></ref><ref id="B8"><element-citation publication-type="article"><article-title>Efficacy of screening for cervical cancer: a review</article-title><source>Am. J. Public Health</source><date><year>1978</year></date><fpage>125</fpage><lpage>34</lpage><volume>68</volume><person-group><name><surname>GUZICK</surname><given-names>D.S.</given-names></name></person-group></element-citation></ref><ref id="B9"><element-citation publication-type="article"><source>INAMPS EM DADOS</source><date><year>1982</year></date></element-citation></ref><ref id="B10"><element-citation publication-type="article"><article-title>Screening for cancer of the uterine cervix in Iceland 1965-1978</article-title><source>Acta Obstet. Gynecol. Scand.</source><date><year>1982</year></date><fpage>199</fpage><lpage>203</lpage><issue>3</issue><volume>61</volume><person-group><name><surname>JOHANNESSON</surname><given-names>G.</given-names></name></person-group></element-citation></ref><ref id="B11"><element-citation publication-type="article"><article-title>The changing trends of uterine cancer and cytology: a study of morbidity and mortality trends over a twenty year period</article-title><source>Cancer</source><date><year>1978</year></date><fpage>2439</fpage><lpage>49</lpage><issue>5</issue><volume>42</volume><person-group><name><surname>KIM</surname><given-names>K.</given-names></name></person-group></element-citation></ref><ref id="B12"><element-citation publication-type="article"><article-title>Regional trends in incidence of cervical cancer in Denmark in relation to local smear taking activity</article-title><source>Int. J. Epidemiol.</source><date><year>1983</year></date><fpage>405</fpage><lpage>13</lpage><issue>4</issue><volume>12</volume><person-group><name><surname>LYNGE</surname><given-names>E.</given-names></name></person-group></element-citation></ref><ref id="B13"><element-citation publication-type="book"><source>Manual de normas y procedimientos para el control del cancer de cuello uterino: Borrador Final</source><date><year>1985</year></date><fpage>4</fpage></element-citation></ref><ref id="B14"><element-citation publication-type="book"><source>Câncer em Fortaleza: morbidade e mortalidade no período 1978-80</source><date><year>1982</year></date><person-group><name><surname>SILVA</surname><given-names>M.G.C.</given-names></name><name><surname>SILVA</surname><given-names>M.G.C.</given-names></name></person-group></element-citation></ref><ref id="B15"><element-citation publication-type="book"><source>Cancer incidence in five continents</source><date><year>1982</year></date><person-group><name><surname>WATHERHOUSE</surname><given-names>J.W.</given-names></name><name><surname>MUIR</surname><given-names>C.</given-names></name><name><surname>CORREA</surname><given-names>P.</given-names></name><name><surname>POWELL</surname><given-names>J.</given-names></name><name><surname>WATHERHOUSE</surname><given-names>J.W.</given-names></name><name><surname>MUIR</surname><given-names>C.</given-names></name><name><surname>CORREA</surname><given-names>P.</given-names></name><name><surname>POWELL</surname><given-names>J.</given-names></name></person-group></element-citation></ref></ref-list></back></article></articles>