<articles xmlns:xsi="http://www.w3.org/2001/XMLSchema-instance" xsi:schemaLocation="https://raw.githubusercontent.com/scieloorg/articles_meta/master/tests/xsd/scielo_sci/ThomsonReuters_publishing.xsd" dtd-version="1.10"><article lang_id="pt" article-type="research-article"><front><journal-meta><journal-id journal-id-type="publisher">csp</journal-id><journal-title-group><journal-title>Cadernos de Saúde Pública</journal-title><abbrev-journal-title>Cad. Saúde Pública</abbrev-journal-title></journal-title-group><issn>1678-4464</issn><collection>SciELO Brazil</collection><publisher><publisher-name>Escola Nacional de Saúde Pública Sergio Arouca, Fundação Oswaldo Cruz</publisher-name></publisher></journal-meta><article-meta><unique-article-id pub-id-type="publisher-id">S0102-311X1987000300006</unique-article-id><article-id pub-id-type="publisher-id">S0102-311X1987000300006</article-id><article-id pub-id-type="doi">10.1590/S0102-311X1987000300006</article-id><article-categories><subj-group><subject>Health Policy &amp; Services</subject></subj-group></article-categories><title-group><article-title lang_id="pt">Interdisciplinaridade: sim e não a vasos comunicantes em educação pós-graduada</article-title></title-group><contrib-group><contrib contrib-type="author"><name><surname>Sá</surname><given-names>Samuel</given-names></name><role>ND</role><xref ref-type="aff" rid="A01"/></contrib></contrib-group><aff id="A01"><institution>UFPa/ENSP</institution></aff><pub-date><month>09</month><year>1987</year></pub-date><volume>3</volume><issue>3</issue><fpage>272</fpage><lpage>279</lpage><permissions><license license-type="open-access" href="http://creativecommons.org/licenses/by-nc/4.0/"><license-p>This work is licensed under a Creative Commons Attribution-NonCommercial 4.0 International License.</license-p></license></permissions><self-uri href="http://www.scielo.br/scielo.php?script=sci_arttext&amp;pid=S0102-311X1987000300006&amp;lng=en&amp;tlng=en" content-type="full_text_page"/><self-uri href="http://www.scielo.br/scielo.php?script=sci_issuetoc&amp;pid=0102-311X19870003&amp;lng=en" content-type="issue_page"/><self-uri href="http://www.scielosp.org/scielo.php?script=sci_serial&amp;pid=0102-311X&amp;lng=en" content-type="journal_page"/><abstract lang_id="pt"><p>Em duas partes, este texto aborda o tema da interdisciplinaridade e seu significado em programas universitários de ensino, pesquisa bem como em serviços de saúde pública. A primeira parte levanta um projeto de pesquisa sobre o assunto. A segunda parte antecipa dados secundários sobre o uso da abordagem interdisciplinar, em documentos do tipo "Avaliação e Perspectivas" do CNPq (1979 e 1982). Enquanto antropólogo, o autor busca uma perspectiva de antropologia social do "espaço interdisciplinar". O presente estudo tomou, como ponto de partida, a existência de dados secundários, em documentos do CNPq, sobre práticas de interdisciplinaridade. A fonte está nos textos de avaliação e perspectivas dos anos de 1978 e de 1982, sendo que a primeira inclui a área de saúde e várias outras (mas não todas) e a segunda se restringe à área das ciências da saúde. Adicionalmente, o texto refere duas ocorrências na área de serviços de saúde, ambas datadas de março de 1986: no Brasil, as conclusões da VIII Conferência Nacional de Saúde, e na Organização Mundial de Saúde, a publicação do número exclusivo da revista Saúde no Mundo, sobre o tema da cooperação intersetorial. O tema das práticas provoca a atenção de uma pesquisa em andamento. No âmbito deste texto, o interesse está em circunscrever práticas de interdisciplinaridade e, ao mesmo tempo, estabelecer tópicos para uma discussão que relacione as práticas, teoria e estruturas. No nível teórico, os pressupostos básicos derivam das posições de Hilton Japiassú (sobre a oposição fragmentação-desfragmentação), Miriam Limoeiro (sobre a inserção sócio-histórica do conhecimento), Armando Mendes (sobre a implicação política da interdisciplinaridade) e Sinaceur Mohammed Allai (sobre a relação entre interdisciplinaridade e processo decisório). O esquema deste texto inclui introdução, duas sinopses, notas para discussão, resumo e bibliografia.</p></abstract></article-meta></front></article></articles>