<articles xmlns:xsi="http://www.w3.org/2001/XMLSchema-instance" xsi:schemaLocation="https://raw.githubusercontent.com/scieloorg/articles_meta/master/tests/xsd/scielo_sci/ThomsonReuters_publishing.xsd" dtd-version="1.10"><article lang_id="pt" article-type="research-article"><front><journal-meta><journal-id journal-id-type="publisher">csp</journal-id><journal-title-group><journal-title>Cadernos de Saúde Pública</journal-title><abbrev-journal-title>Cad. Saúde Pública</abbrev-journal-title></journal-title-group><issn>1678-4464</issn><collection>SciELO Brazil</collection><publisher><publisher-name>Escola Nacional de Saúde Pública Sergio Arouca, Fundação Oswaldo Cruz</publisher-name></publisher></journal-meta><article-meta><unique-article-id pub-id-type="publisher-id">S0102-311X1992000300010</unique-article-id><article-id pub-id-type="publisher-id">S0102-311X1992000300010</article-id><article-id pub-id-type="doi">10.1590/S0102-311X1992000300010</article-id><article-categories><subj-group><subject>Health Policy &amp; Services</subject></subj-group></article-categories><title-group><article-title lang_id="pt">Poluição do ar e doenças respiratórias: uma revisão</article-title><trans-title-group lang_id="en"><trans-title>Air pollution and respiratory diseases: a review</trans-title></trans-title-group></title-group><contrib-group><contrib contrib-type="author"><name><surname>Duchiade</surname><given-names>Milena P.</given-names></name><role>ND</role><xref ref-type="aff" rid="A01"/></contrib></contrib-group><aff id="A01"><institution>Fundação Oswaldo Cruz</institution><country>Brazil</country></aff><pub-date><month>09</month><year>1992</year></pub-date><volume>8</volume><issue>3</issue><fpage>311</fpage><lpage>330</lpage><permissions><license license-type="open-access" href="http://creativecommons.org/licenses/by-nc/4.0/"><license-p>This work is licensed under a Creative Commons Attribution-NonCommercial 4.0 International License.</license-p></license></permissions><self-uri href="http://www.scielo.br/scielo.php?script=sci_arttext&amp;pid=S0102-311X1992000300010&amp;lng=en&amp;tlng=en" content-type="full_text_page"/><self-uri href="http://www.scielosp.org/scielo.php?script=sci_issuetoc&amp;pid=0102-311X19920003&amp;lng=en" content-type="issue_page"/><self-uri href="http://www.scielosp.org/scielo.php?script=sci_serial&amp;pid=0102-311X&amp;lng=en" content-type="journal_page"/><abstract lang_id="pt"><p>Embora saiba-se de longa data que o fumo é o principal poluente de ar lesivo às vias respiratórias, ainda não se estabeleceu o mesmo consenso a respeito dos efeitos dos demais poluentes atmosféricos sobre a saúde. Nesta revisão, buscou-se organizar as referências recentes a respeito de ação de diversos agentes poluidores sobre a saúde respiratória, tais como as partículas em suspensão, os óxidos de nitrogênio, os sulfatos e o ozônio, entre outros. A maioria dos estudos baseou-se em dados de mortalidade, sobretudo de adultos, apesar de já existirem trabalhos que investigam também os efeitos na morbidade, tanto de adultos quanto de crianças. Os primeiros estudos foram feitos em Londres e, posteriormente, em Nova York, mas atualmente inúmeros outros grupos canadenses, norte-americanos e europeus têm se debruçado sobre a questão. Tentou-se ainda rever os vários estudos nacionais a respeito do tema, de modo a fornecer um panorama geral dos conhecimentos disponíveis até o momento.</p></abstract><trans-abstract lang_id="en"><p>Although it has been known for many years that smoking is the major air pollutant capable of harming the respiratory system, there is no similar agreement about the effects of other atmospheric pollutants on health. This paper reviews recent publications about the action of major air pollutants, including suspended paniculate matter, sulfur dioxide, nitrogen dioxide and ozone, among others. Most studies are based on adult mortality data, although there are also papers that analyse the effects of air pollution on child and adult morbidity. Initial studies came from London and New York but, today many Canadian, American and European researchers are also now working in this area. A few Brazilian studies were also reviewed in order to provide a general picture of the knowledge available so far.</p></trans-abstract><kwd-group lang_id="en" kwd-group-type="author-generated"><kwd>Air Pollution</kwd><kwd>Respiratory Diseases</kwd><kwd>Environmental Health</kwd><kwd>Environmental Toxicology</kwd></kwd-group><kwd-group lang_id="pt" kwd-group-type="author-generated"><kwd>Poluição do Ar</kwd><kwd>Doenças Respiratórias</kwd><kwd>Saúde Ambiental</kwd><kwd>Toxicologia Ambiental</kwd></kwd-group></article-meta></front><back><ref-list><ref id="B1"><element-citation publication-type="undefined"><date><year>1979</year></date><fpage>525</fpage></element-citation></ref><ref id="B2"><element-citation publication-type="article"><article-title>The effects of air contamination on Health: Part I</article-title><source>Canadian Medical Association Journal</source><date><year>1967</year></date><fpage>528</fpage><lpage>536</lpage><volume>97</volume><person-group><name><surname>ANDERSON</surname><given-names>D. O.</given-names></name></person-group></element-citation></ref><ref id="B3"><element-citation publication-type="article"><article-title>Change in lung function of children after an air pollution decrease</article-title><source>Archives of Environmental Health</source><date><year>1987</year></date><fpage>170</fpage><lpage>174</lpage><volume>42</volume><person-group><name><surname>AROSSA</surname><given-names>W.</given-names></name><name><surname>SPINACI</surname><given-names>S.</given-names></name><name><surname>BUGIANI</surname><given-names>M.</given-names></name><name><surname>NATALE</surname><given-names>P.</given-names></name><name><surname>BUCCA</surname><given-names>C.</given-names></name><name><surname>CANDUSSIO</surname><given-names>G.</given-names></name></person-group></element-citation></ref><ref id="B4"><element-citation publication-type="article"><article-title>Short-term respiratory effects of photochemical oxidant exposure in exercising children</article-title><source>Journal of the Air Pollution Control Association</source><date><year>1987</year></date><fpage>158</fpage><lpage>162</lpage><volume>37</volume><person-group><name><surname>AVOL</surname><given-names>E. L.</given-names></name><name><surname>LINN</surname><given-names>W. S.</given-names></name><name><surname>SHAMOO</surname><given-names>D. A.</given-names></name><name><surname>SPIER</surname><given-names>C. E.</given-names></name><name><surname>VALENCIA</surname><given-names>L. M.</given-names></name><name><surname>VENET</surname><given-names>T.G.</given-names></name><name><surname>TRIM</surname><given-names>S. C.</given-names></name><name><surname>HACKNEY</surname><given-names>J. D.</given-names></name></person-group></element-citation></ref><ref id="B5"><element-citation publication-type="article"><article-title>Air Pollution and Hospital Admissions in Southern Ontario: The Acid Summer Haze Effect</article-title><source>Environmental Research</source><date><year>1987</year></date><fpage>317</fpage><lpage>331</lpage><volume>43</volume><person-group><name><surname>BATES</surname><given-names>D. V.</given-names></name><name><surname>SIZTO</surname><given-names>R.</given-names></name></person-group></element-citation></ref><ref id="B6"><element-citation publication-type="article"><article-title>Children's health in families with cigarette smokers</article-title><source>American Journal of Public Health</source><date><year>1981</year></date><fpage>290</fpage><lpage>293</lpage><volume>71</volume><person-group><name><surname>BONHAM</surname><given-names>G. S.</given-names></name><name><surname>WILSON</surname><given-names>R. W.</given-names></name></person-group></element-citation></ref><ref id="B7"><element-citation publication-type="article"><article-title>SO2 levels and perturbations in mortality</article-title><source>Archives of Environmental Health</source><date><year>1973</year></date><fpage>134</fpage><lpage>137</lpage><volume>27</volume><person-group><name><surname>BUECHLEY</surname><given-names>R. W.</given-names></name><name><surname>RIGGAN</surname><given-names>W. B.</given-names></name><name><surname>HASBELBLAD</surname><given-names>V.</given-names></name><name><surname>VANBBRUGGEN</surname><given-names>J. B.</given-names></name></person-group></element-citation></ref><ref id="B8"><element-citation publication-type="article"><article-title>Air pollution and lung cancer mortality in Harris County, Texas, 1979-1981</article-title><source>American Journal of Epidemiology</source><date><year>1988</year></date><fpage>683</fpage><lpage>699</lpage><volume>128</volume><person-group><name><surname>BUFFLER</surname><given-names>P. A.</given-names></name><name><surname>COOPER</surname><given-names>S. P.</given-names></name><name><surname>STINNETT</surname><given-names>S.</given-names></name><name><surname>CONTANT</surname><given-names>C.</given-names></name><name><surname>SHIRTS</surname><given-names>S.</given-names></name><name><surname>HARDY</surname><given-names>R. J.</given-names></name><name><surname>AGU</surname><given-names>V.</given-names></name><name><surname>GEHAN</surname><given-names>B.</given-names></name><name><surname>BURAU</surname><given-names>K.</given-names></name></person-group></element-citation></ref><ref id="B9"><element-citation publication-type="article"><article-title>Doenças do aparelho respiratório numa população residente nas proximidades de uma fábrica de chocolate em Salvador, Bahia</article-title><source>Revista Baiana de Saúde Pública</source><date><year>1986</year></date><fpage>33</fpage><lpage>46</lpage><volume>13</volume><person-group><name><surname>CARVALHO</surname><given-names>F. M.</given-names></name><name><surname>SILVANY NETO</surname><given-names>A. M.</given-names></name><name><surname>LIMA</surname><given-names>M. E. C.</given-names></name></person-group></element-citation></ref><ref id="B10"><element-citation publication-type="article"><article-title>Respiratory symptoms and air pollution changes in children: the Cardarme Coal-Basin study</article-title><source>Archives Environmental Health</source><date><year>1988</year></date><fpage>22</fpage><lpage>27</lpage><volume>43</volume><person-group><name><surname>CHARPIN</surname><given-names>D.</given-names></name><name><surname>KLEISBAUER</surname><given-names>J. P.</given-names></name><name><surname>FONDARAI</surname><given-names>J.</given-names></name><name><surname>GRALAND</surname><given-names>B.</given-names></name><name><surname>VIALA</surname><given-names>A.</given-names></name><name><surname>GOUEZO</surname><given-names>F.</given-names></name></person-group></element-citation></ref><ref id="B11"><element-citation publication-type="article"><article-title>Respiratory disease in young adults: influence of early childhood respiratory tract illness, social class, air pollution and smoking</article-title><source>British Medical Journal</source><date><year>1973</year></date><fpage>195</fpage><lpage>198</lpage><volume>3</volume><person-group><name><surname>COLLEY</surname><given-names>J. R. T.</given-names></name><name><surname>DOUGLAS</surname><given-names>J. W. B.</given-names></name><name><surname>REID</surname><given-names>D. D.</given-names></name></person-group></element-citation></ref><ref id="B12"><element-citation publication-type="book"><source>Resolução CONAMA 003/90</source><date><year>1990</year></date></element-citation></ref><ref id="B13"><element-citation publication-type="article"><article-title>Decline in children's pulmonary function during an air pollution episode</article-title><source>Journal of the Air Pollution Control Association</source><date><year>1986</year></date><fpage>1223</fpage><lpage>1227</lpage><volume>36</volume><person-group><name><surname>DASSEN</surname><given-names>W.</given-names></name><name><surname>BRUNEKREEF</surname><given-names>B.</given-names></name><name><surname>HOEK</surname><given-names>G.</given-names></name><name><surname>HOESCHREUDER</surname><given-names>P.</given-names></name><name><surname>STAATSEN</surname><given-names>B.</given-names></name><name><surname>GROOT</surname><given-names>H.</given-names></name><name><surname>SCHOUTEN</surname><given-names>E.</given-names></name><name><surname>BIERSTEKER</surname><given-names>K.</given-names></name></person-group></element-citation></ref><ref id="B14"><element-citation publication-type="article"><source>British Medical Journal</source><date><year>1954</year></date><fpage>1451</fpage><lpage>1455</lpage><person-group><name><surname>DOLL</surname><given-names>R.</given-names></name><name><surname>HILL</surname><given-names>A. B.</given-names></name></person-group></element-citation></ref><ref id="B15"><element-citation publication-type="article"><article-title>Air pollution and respiratory infection in children</article-title><source>British Journal of Preventive and Social Medicine</source><date><year>1966</year></date><fpage>1</fpage><lpage>8</lpage><volume>20</volume><person-group><name><surname>DOUGLAS</surname><given-names>J. W. B.</given-names></name><name><surname>WALLER</surname><given-names>K. E.</given-names></name></person-group></element-citation></ref><ref id="B16"><element-citation publication-type="article"><article-title>As mortes "em domicílio" de menores de um ano na Região Metropolitana do Rio de Janeiro: "evento-sentinela" na avaliação dos serviços de saúde</article-title><source>Cadernos de Saúde Pública</source><date><year>1989</year></date><fpage>251</fpage><lpage>263</lpage><volume>5</volume><person-group><name><surname>DUCHIADE</surname><given-names>M. P.</given-names></name><name><surname>CARVALHO</surname><given-names>M. L.</given-names></name><name><surname>LEAL</surname><given-names>M. C.</given-names></name></person-group></element-citation></ref><ref id="B17"><element-citation publication-type="thesis"><source>Mortalidade Infantil por Pneumonias na Região Metropolitana do Rio de Janeiro, 1976-1986</source><date><year>1991</year></date><person-group><name><surname>DUCHIADE</surname><given-names>M. P.</given-names></name><name><surname>DUCHIADE</surname><given-names>M. P.</given-names></name></person-group></element-citation></ref><ref id="B18"><element-citation publication-type="article"><article-title>Parenteral smoking and lower respiratory illness in the first 3 years of life</article-title><source>Journal Epidemiology and Community Health</source><date><year>1981</year></date><fpage>150</fpage><lpage>154</lpage><volume>35</volume><person-group><name><surname>FERGUSSON</surname><given-names>D. M.</given-names></name><name><surname>HORWOOD</surname><given-names>L. J.</given-names></name><name><surname>SHANNON</surname><given-names>F. T.</given-names></name><name><surname>TAYLOR</surname><given-names>B.</given-names></name></person-group></element-citation></ref><ref id="B19"><element-citation publication-type="article"><article-title>Health Effects exposure to low levels of regulated air pollutant: a critical review</article-title><source>Journal of the Air Pollution Control Association</source><date><year>1978</year></date><fpage>842</fpage><lpage>897</lpage><volume>28</volume><person-group><name><surname>FERRIS</surname><given-names>B. G. JR.</given-names></name></person-group></element-citation></ref><ref id="B20"><element-citation publication-type="book"><source>Epidemiology and Health Risk Assessment</source><date><year>1988</year></date><fpage>120</fpage><lpage>128</lpage><person-group><name><surname>FERRIS</surname><given-names>B. G. JR.</given-names></name><name><surname>WARE</surname><given-names>J. H.</given-names></name><name><surname>SPENGLER</surname><given-names>J. D.</given-names></name><name><surname>Gordis</surname><given-names>L.</given-names></name><name><surname>Gordis</surname><given-names>L.</given-names></name></person-group></element-citation></ref><ref id="B21"><element-citation publication-type="book"><source>Maxcy-Rosenau Public Health and Preventive Medicine</source><date><year>1986</year></date><fpage>999</fpage><lpage>1038</lpage><person-group><name><surname>FIELDING</surname><given-names>J. E.</given-names></name><name><surname>Last</surname><given-names>J. M.</given-names></name><name><surname>Last</surname><given-names>J. M.</given-names></name></person-group></element-citation></ref><ref id="B22"><element-citation publication-type="article"><article-title>Epidemiological studies of environmental exposure and specific diseases</article-title><source>Archives of Environmental Health</source><date><year>1988</year></date><fpage>102</fpage><lpage>108</lpage><volume>43</volume><person-group><name><surname>GARDNER</surname><given-names>M. J.</given-names></name></person-group></element-citation></ref><ref id="B23"><element-citation publication-type="article"><article-title>Pollution atmosphérique deniveau modéré et affections respiratoires d'origine banale: Enquête de Demain - Quiévrechain (Nord.)</article-title><source>Revue d'Epidemiologie et de Santé Publique</source><date><year>1977</year></date><fpage>195</fpage><lpage>207</lpage><volume>25</volume><person-group><name><surname>GERVOIS</surname><given-names>M.</given-names></name><name><surname>DUBOIS</surname><given-names>G.</given-names></name><name><surname>GERVOIS</surname><given-names>S.</given-names></name><name><surname>QUÉTÚ</surname><given-names>J-M.</given-names></name><name><surname>MULLER</surname><given-names>A.</given-names></name><name><surname>VOISIN</surname><given-names>C.</given-names></name></person-group></element-citation></ref><ref id="B24"><element-citation publication-type="article"><article-title>Measuring the exposure of infants to tobacco smoke: Nicotine and cotinine in urine and salive</article-title><source>New England Jouranl of Medicine</source><date><year>1984</year></date><fpage>1075</fpage><lpage>1078</lpage><volume>310</volume><person-group><name><surname>GREENBERG</surname><given-names>R. A.</given-names></name><name><surname>HALEY</surname><given-names>N. J.</given-names></name><name><surname>ETZEL</surname><given-names>R. A.</given-names></name><name><surname>LODA</surname><given-names>F. A.</given-names></name></person-group></element-citation></ref><ref id="B25"><element-citation publication-type="article"><article-title>Report of an air pollution incident in New York City, november 1953</article-title><source>Public Health Reports</source><date><year>1962</year></date><fpage>7</fpage><lpage>16</lpage><volume>77</volume><person-group><name><surname>GREENBURG</surname><given-names>L.</given-names></name><name><surname>JACOBS</surname><given-names>M. B.</given-names></name><name><surname>DROLETTI</surname><given-names>B. N.</given-names></name></person-group></element-citation></ref><ref id="B26"><element-citation publication-type="article"><article-title>Commentary on "epidemiological studies of environmental exposure and specific diseases"</article-title><source>Archives of Environmental Health</source><date><year>1988</year></date><fpage>109</fpage><lpage>111</lpage><volume>43</volume><person-group><name><surname>GREENHOUSE</surname><given-names>J. B.</given-names></name></person-group></element-citation></ref><ref id="B27"><element-citation publication-type="article"><article-title>Uses of epidemiologic information in pollution episode management</article-title><source>Archives of Environmental Health</source><date><year>1988</year></date><fpage>75</fpage><lpage>82</lpage><volume>43</volume><person-group><name><surname>HEALTH</surname><given-names>C. W.</given-names></name></person-group></element-citation></ref><ref id="B28"><element-citation publication-type="book"><source>Maxcy-Rosenau Public Health and Preventive Medicine</source><date><year>1986</year></date><fpage>576</fpage><lpage>586</lpage><person-group><name><surname>HIGGINS</surname><given-names>I.</given-names></name><name><surname>Last</surname><given-names>J. M.</given-names></name><name><surname>Last</surname><given-names>J. M.</given-names></name></person-group></element-citation></ref><ref id="B29"><element-citation publication-type="article"><article-title>Health effects of particulate pollution: reappraising the evidence: special issue on particulate air pollution</article-title><source>American Journal of Epidemiology</source><date><year>1979</year></date><fpage>525</fpage><lpage>679</lpage><volume>110</volume><person-group><name><surname>HOLLAND</surname><given-names>W. W.</given-names></name><name><surname>BENNETT</surname><given-names>A. E.</given-names></name><name><surname>CAMERON</surname><given-names>I. R.</given-names></name><name><surname>FLOREY</surname><given-names>C. V.</given-names></name><name><surname>LEEDER</surname><given-names>S. P.</given-names></name><name><surname>SCHILLING</surname><given-names>R. S. F.</given-names></name><name><surname>SWAN</surname><given-names>A. V.</given-names></name><name><surname>WALLER</surname><given-names>R. R.</given-names></name></person-group></element-citation></ref><ref id="B30"><element-citation publication-type="article"><article-title>A Survey of Health Effects Studies of Photochemical Air Pollution in Japan</article-title><source>Journal of the Air Pollution Control Association</source><date><year>1985</year></date><fpage>103</fpage><lpage>108</lpage><volume>35</volume><person-group><name><surname>IMAI</surname><given-names>M.</given-names></name><name><surname>KATSUMI</surname><given-names>Y.</given-names></name><name><surname>KOTCHMAR</surname><given-names>D. J.</given-names></name><name><surname>LEE</surname><given-names>K.</given-names></name></person-group></element-citation></ref><ref id="B31"><element-citation publication-type="article"><article-title>The role of air pollution and other factors in local variations in general mortality and cancer mortality</article-title><source>Archives of Environmental Health</source><date><year>1984</year></date><fpage>306</fpage><lpage>313</lpage><volume>3</volume><person-group><name><surname>JACOBSON</surname><given-names>B. S.</given-names></name></person-group></element-citation></ref><ref id="B32"><element-citation publication-type="book"><source>Maxcy-Rosenau Public Health and Preventive Medicine</source><date><year>1986</year></date><fpage>891</fpage><lpage>898</lpage><person-group><name><surname>LAST</surname><given-names>J. M.</given-names></name><name><surname>Last</surname><given-names>J. M.</given-names></name><name><surname>Last</surname><given-names>J. M.</given-names></name></person-group></element-citation></ref><ref id="B33"><element-citation publication-type="article"><article-title>Sintomas respiratórios e testes espirográficos: população sadia e não-fumante de duas áreas com graus diferentes de poluição atmosférica no Rio de Janeiro</article-title><source>Revista de Divisão Nacional de Pneumologia Sanitária</source><date><year>1979</year></date><fpage>11</fpage><lpage>16</lpage><volume>23</volume><person-group><name><surname>LEMLE</surname><given-names>A.</given-names></name></person-group></element-citation></ref><ref id="B34"><element-citation publication-type="article"><article-title>Relationship between acute respiratory illness air pollution levels in a industrial city</article-title><source>American Review of Respiratory Diseases</source><date><year>1977</year></date><fpage>167</fpage><lpage>173</lpage><volume>116</volume><person-group><name><surname>LEVY</surname><given-names>D</given-names></name><name><surname>GENT</surname><given-names>M</given-names></name><name><surname>NEWHOUSE</surname><given-names>M. T.</given-names></name></person-group></element-citation></ref><ref id="B35"><element-citation publication-type="article"><article-title>Exposure assessment: input into risk assessment</article-title><source>Archives of Environmental Health</source><date><year>1988</year></date><fpage>113</fpage><lpage>123</lpage><volume>43</volume><person-group><name><surname>LIPPMANN</surname><given-names>M.</given-names></name><name><surname>THURSTON</surname><given-names>G. D.</given-names></name></person-group></element-citation></ref><ref id="B36"><element-citation publication-type="article"><article-title>Critical issues in air pollution epidemiology</article-title><source>Environmental Health Perspectives</source><date><year>1985</year></date><fpage>243</fpage><lpage>258</lpage><volume>62</volume><person-group><name><surname>LIPPMANN</surname><given-names>M.</given-names></name><name><surname>LIOY</surname><given-names>P. J.</given-names></name></person-group></element-citation></ref><ref id="B37"><element-citation publication-type="article"><article-title>Poluição do Ar e Afecções do Aparelho Respiratório</article-title><source>Revista Baiana de Saúde Pública</source><date><year>1976</year></date><fpage>25</fpage><lpage>28</lpage><volume>3</volume><person-group><name><surname>LOUREIRO</surname><given-names>S.</given-names></name><name><surname>PITTA</surname><given-names>A. M.</given-names></name><name><surname>ALMEIDA</surname><given-names>M. R.</given-names></name><name><surname>BIÃO</surname><given-names>D. R. C.</given-names></name></person-group></element-citation></ref><ref id="B38"><element-citation publication-type="article"><article-title>The incidence and severity of acute respiratory illness in families exposed to different levels of air pollution, New York Metropolitan Area, 1971-1972</article-title><source>Archives of Environmental Health</source><date><year>1981</year></date><fpage>66</fpage><lpage>73</lpage><volume>36</volume><person-group><name><surname>LOVE</surname><given-names>G. J.</given-names></name><name><surname>LAN</surname><given-names>S-P.</given-names></name><name><surname>SHY</surname><given-names>C. M.</given-names></name><name><surname>STRUBA</surname><given-names>R. J.</given-names></name></person-group></element-citation></ref><ref id="B39"><element-citation publication-type="article"><article-title>Acute respiratory illness in families exposed to nitrogen dioxide ambient air pollution in Chattanooga, Tennessee</article-title><source>Archives of Environmental Health</source><date><year>1982</year></date><fpage>75</fpage><lpage>80</lpage><volume>37</volume><person-group><name><surname>LOVE</surname><given-names>G. J.</given-names></name><name><surname>LAN</surname><given-names>S-P.</given-names></name><name><surname>SHY</surname><given-names>C. M.</given-names></name><name><surname>RIGGAN</surname><given-names>W. B.</given-names></name></person-group></element-citation></ref><ref id="B40"><element-citation publication-type="article"><article-title>Patterns of respiratory illness in Sheffield infant school children</article-title><source>British Journal of Preventive and Social Medicine</source><date><year>1967</year></date><fpage>7</fpage><lpage>16</lpage><volume>21</volume><person-group><name><surname>LUNN</surname><given-names>J. E.</given-names></name><name><surname>KNOWELDEN</surname><given-names>J.</given-names></name><name><surname>HANDYSIDE</surname><given-names>A. J.</given-names></name></person-group></element-citation></ref><ref id="B41"><element-citation publication-type="article"><article-title>Mortality, fog and atmospheric pollution: an investigation during the winter of 1958-1959</article-title><source>Monthly Bulletin of the Ministery Health</source><date><year>1960</year></date><fpage>56</fpage><lpage>72</lpage><volume>19</volume><person-group><name><surname>MARTIN</surname><given-names>A. E.</given-names></name><name><surname>BRADLEY</surname><given-names>W. H.</given-names></name></person-group></element-citation></ref><ref id="B42"><element-citation publication-type="article"><article-title>Relation of daily mortality to air pollution: an analysis of 14 London winters, 1958/59-1971/72</article-title><source>Archives of Environmental Health</source><date><year>1982</year></date><fpage>213</fpage><lpage>220</lpage><volume>37</volume><person-group><name><surname>MAZUMDAR</surname><given-names>S.</given-names></name><name><surname>SCHIMMEL</surname><given-names>H.</given-names></name><name><surname>HIGGINS</surname><given-names>I. T. T.</given-names></name></person-group></element-citation></ref><ref id="B43"><element-citation publication-type="article"><article-title>Relationships of air pollution to health: Results from the Pittsburgh Study</article-title><source>Archives of Environmental Health</source><date><year>1983</year></date><fpage>17</fpage><lpage>24</lpage><volume>38</volume><person-group><name><surname>MAZUMDAR</surname><given-names>S.</given-names></name><name><surname>SUSSMAN</surname><given-names>N.</given-names></name></person-group></element-citation></ref><ref id="B44"><element-citation publication-type="book"><source>Avaliação de efeitos agudos sobre a saúde, através do estudo da morbidade diária em São Paulo</source><date><year>1976</year></date><person-group><name><surname>MENDES</surname><given-names>R.</given-names></name><name><surname>WAKANATSU</surname><given-names>C. T.</given-names></name><name><surname>MENDES</surname><given-names>R.</given-names></name><name><surname>WAKANATSU</surname><given-names>C. T.</given-names></name></person-group></element-citation></ref><ref id="B45"><element-citation publication-type="book"><source>Assistência e Controle das Infecções Respiratórias Agudas</source><date><year>1984</year></date></element-citation></ref><ref id="B46"><element-citation publication-type="article"><article-title>hematológicas induzidas por poluição industrial em moradores e industriados de Cubatão, SP (Brasil)</article-title><source>Revista de Saúde Pública</source><date><year>1984</year></date><fpage>271</fpage><lpage>277</lpage><volume>18</volume><person-group><name><surname>NAOUM</surname><given-names>P. C.</given-names></name><name><surname>MOURÃO</surname><given-names>C. A.</given-names></name><name><surname>RUIZ</surname><given-names>M. A.</given-names></name></person-group></element-citation></ref><ref id="B47"><element-citation publication-type="book"><source>Controlling the smoking epidemic</source><date><year>1979</year></date></element-citation></ref><ref id="B48"><element-citation publication-type="book"><source>Manual de Resoluciones y Decisiones de la Asemblea Mundial de la Salud y del Consejo Ejecutivo (1973-1984)</source><date><year>1985</year></date><fpage>154</fpage><volume>2</volume></element-citation></ref><ref id="B49"><element-citation publication-type="article"><article-title>Principles for evaluating health risks from chemicals during infancy and early childhood: the need for a special approach</article-title><source>Environmental Health Criteria</source><date><year>1986</year></date><volume>59</volume></element-citation></ref><ref id="B50"><element-citation publication-type="book"><source>Glossaire de la pollution de l'air</source><date><year>1987</year></date></element-citation></ref><ref id="B51"><element-citation publication-type="article"><article-title>Air pollution and acute respiratory morbidity: an observational study of multiple pollutants</article-title><source>Environmental Research</source><date><year>1989</year></date><fpage>238</fpage><lpage>247</lpage><volume>50</volume><person-group><name><surname>OSTRO</surname><given-names>B. D.</given-names></name><name><surname>ROTHSCHILD</surname><given-names>S.</given-names></name></person-group></element-citation></ref><ref id="B52"><element-citation publication-type="article"><article-title>Indoor air pollution in developing countries and acute respiratory infection in children</article-title><source>The Lancet</source><date><year>1989</year></date><fpage>427</fpage><lpage>428</lpage><volume>25</volume><person-group><name><surname>PANDEY</surname><given-names>M. R.</given-names></name><name><surname>SMITH</surname><given-names>K. R.</given-names></name><name><surname>BOLEIJ</surname><given-names>J. S. M.</given-names></name><name><surname>WAFULA</surname><given-names>E. M.</given-names></name></person-group></element-citation></ref><ref id="B53"><element-citation publication-type="article"><article-title>The Hamilton study: distribution of factors confounding the relationship between air quality and respiratory health</article-title><source>Journal of the Air Pollution Control Association</source><date><year>1984</year></date><fpage>1039</fpage><lpage>1043</lpage><volume>34</volume><person-group><name><surname>PENGELLY</surname><given-names>L. D.</given-names></name><name><surname>KERIGAN</surname><given-names>A. T.</given-names></name><name><surname>GOLDSMITH</surname><given-names>C. H.</given-names></name><name><surname>INMAN</surname><given-names>E. M.</given-names></name></person-group></element-citation></ref><ref id="B54"><element-citation publication-type="article"><article-title>Poluição do ar e mortalidade infantil por pneumonia na Região Metropolitana do Rio de Janeiro</article-title><source>Boletín de la Organización Panamericana de la Salud</source><date><year>1990</year></date><fpage>199</fpage><lpage>207</lpage><volume>110</volume><person-group><name><surname>PENNA</surname><given-names>M. L. F.</given-names></name><name><surname>DUCHIADE</surname><given-names>M. P.</given-names></name></person-group></element-citation></ref><ref id="B55"><element-citation publication-type="article"><article-title>Estudo das correlações entre infecções das vias aéreas superiores, bronquite asmatiforme e poluição do ar em menores de 12 anos em Santo André</article-title><source>Pediatria Prática</source><date><year>1971</year></date><fpage>9</fpage><volume>42</volume><person-group><name><surname>RIBEIRO</surname><given-names>H. P.</given-names></name></person-group></element-citation></ref><ref id="B56"><element-citation publication-type="book"><source>Estudo da função ventilatória em escolares vivendo em área com diferentes níveis de poluição do ar</source><date><year>1976</year></date><person-group><name><surname>RIBEIRO</surname><given-names>H. P.</given-names></name></person-group></element-citation></ref><ref id="B57"><element-citation publication-type="book"><source>Comunicação pessoal</source><date><year>1990</year></date><person-group><name><surname>ROMIEU</surname><given-names>I.</given-names></name><name><surname>ROMIEU</surname><given-names>I.</given-names></name></person-group></element-citation></ref><ref id="B58"><element-citation publication-type="article"><article-title>Indoor: outdoor relationship of suspended particulate-matter in Riyadh, Saudi Arabia</article-title><source>Journal of the Air Pollution Control Association</source><date><year>1985</year></date><fpage>24</fpage><lpage>28</lpage><volume>35</volume><person-group><name><surname>ROWE</surname><given-names>D. R.</given-names></name><name><surname>NOUH</surname><given-names>M. A</given-names></name><name><surname>AL - DHOWALIA</surname><given-names>K. H.</given-names></name><name><surname>MANSOUR</surname><given-names>M. E.</given-names></name></person-group></element-citation></ref><ref id="B59"><element-citation publication-type="book"><source>Meteorologia e poluição do ar</source><date><year>1978</year></date><person-group><name><surname>SALES</surname><given-names>J. A.</given-names></name><name><surname>SALES</surname><given-names>J. A.</given-names></name></person-group></element-citation></ref><ref id="B60"><element-citation publication-type="article"><article-title>Effects of urban air pollution on school-age children</article-title><source>Archives of Environmental Health</source><date><year>1981</year></date><fpage>101</fpage><lpage>108</lpage><volume>36</volume><person-group><name><surname>SARIC</surname><given-names>M.</given-names></name><name><surname>FUGAS</surname><given-names>M.</given-names></name><name><surname>HRUSTIC</surname><given-names>O.</given-names></name></person-group></element-citation></ref><ref id="B61"><element-citation publication-type="article"><article-title>Methods: Statistics and epidemiology - Tecnology and Science</article-title><source>Archives of Environmental Health</source><date><year>1988</year></date><fpage>133</fpage><lpage>137</lpage><volume>43</volume><person-group><name><surname>SCHNEIDERMAN</surname><given-names>M.</given-names></name></person-group></element-citation></ref><ref id="B62"><element-citation publication-type="article"><article-title>The relation of air pollution to mortality</article-title><source>Journal of Occupation Medicine</source><date><year>1976</year></date><fpage>316</fpage><lpage>333</lpage><volume>18</volume><person-group><name><surname>SCHIMMEL</surname><given-names>H.</given-names></name><name><surname>MURAWSKI</surname><given-names>T. J.</given-names></name></person-group></element-citation></ref><ref id="B63"><element-citation publication-type="article"><article-title>Evidence for possible acute health effects of ambient air pollution from time series analysis: methodological questions and some new results based on New York City daily mortality, 1963-1976</article-title><source>Bulletin of the New York Academy of Medicine</source><date><year>1978</year></date><fpage>1052</fpage><lpage>1108</lpage><volume>54</volume><person-group><name><surname>SCHIMMEL</surname><given-names>H.</given-names></name></person-group></element-citation></ref><ref id="B64"><element-citation publication-type="article"><article-title>Epidemiologic evidence and the United States air quality standards</article-title><source>American Journal of Epidemiology</source><date><year>1979</year></date><fpage>661</fpage><lpage>170</lpage><volume>110</volume><person-group><name><surname>SHY</surname><given-names>C.</given-names></name></person-group></element-citation></ref><ref id="B65"><element-citation publication-type="article"><article-title>Modelling mortality fluctuations in Los Angeles as functions of pollution and weather effets</article-title><source>Environmental Research</source><date><year>1988</year></date><fpage>224</fpage><lpage>241</lpage><volume>45</volume><person-group><name><surname>SHUMWAY</surname><given-names>R. H.</given-names></name><name><surname>AZARI</surname><given-names>A. S.</given-names></name><name><surname>PAWITAN</surname><given-names>Y.</given-names></name></person-group></element-citation></ref><ref id="B66"><element-citation publication-type="article"><article-title>Epidemiologic input to environmental risk assessment</article-title><source>Archives of Environmental Health</source><date><year>1988</year></date><fpage>124</fpage><lpage>129</lpage><volume>43</volume><person-group><name><surname>SMITH</surname><given-names>A. H.</given-names></name></person-group></element-citation></ref><ref id="B67"><element-citation publication-type="thesis"><source>Poluição do ar e doenças respiratórias em crianças da Grande São Paulo: um estudo de geografia médica</source><date><year>1988</year></date><person-group><name><surname>SOBRAL</surname><given-names>H. R.</given-names></name><name><surname>SOBRAL</surname><given-names>H. R.</given-names></name></person-group></element-citation></ref><ref id="B68"><element-citation publication-type="article"><article-title>Air pollution and respiratory diseases in children in São Paulo, Brazil</article-title><source>Social Science and Medicine</source><date><year>1989</year></date><fpage>959</fpage><lpage>964</lpage><volume>29</volume><person-group><name><surname>SOBRAL</surname><given-names>H. R.</given-names></name></person-group></element-citation></ref><ref id="B69"><element-citation publication-type="article"><article-title>The estimation of personal exposures to air pollutants for a community - based study of health effects insthmatics: design and results of air monitoring</article-title><source>Journal of the Air Pollution Control Association</source><date><year>1985</year></date><fpage>1266</fpage><lpage>1273</lpage><volume>35</volume><person-group><name><surname>STOCK</surname><given-names>T. H.</given-names></name><name><surname>KOTCHMAR</surname><given-names>D. J.</given-names></name><name><surname>CONTANT</surname><given-names>C. F.</given-names></name><name><surname>BUFFLER</surname><given-names>P. A.</given-names></name><name><surname>HOLGUIN</surname><given-names>A. H.</given-names></name><name><surname>GEHAN</surname><given-names>B. M.</given-names></name><name><surname>NOEL</surname><given-names>L. M.</given-names></name></person-group></element-citation></ref><ref id="B70"><element-citation publication-type="article"><article-title>Daily air pollution effects on children's respiratory symptons and peak expiratory flow</article-title><source>American Journal of Public Health</source><date><year>1987</year></date><fpage>694</fpage><lpage>698</lpage><volume>77</volume><person-group><name><surname>VEDAL</surname><given-names>S.</given-names></name><name><surname>SCHENKER</surname><given-names>M. B.</given-names></name><name><surname>MUÑOZ</surname><given-names>A.</given-names></name><name><surname>SAMET</surname><given-names>J.</given-names></name><name><surname>BATTERMAN</surname><given-names>S.</given-names></name><name><surname>SPEIZER</surname><given-names>F. E.</given-names></name></person-group></element-citation></ref><ref id="B71"><element-citation publication-type="article"><article-title>Assessment of the health effects of atmospheric sulfur oxides and paniculate matter: evidence from observational studies</article-title><source>Environmental Health Perspectives</source><date><year>1981</year></date><fpage>255</fpage><lpage>276</lpage><volume>41</volume><person-group><name><surname>WARE</surname><given-names>J. H.</given-names></name><name><surname>THIBODEAU</surname><given-names>L. A.</given-names></name><name><surname>SPEIZER</surname><given-names>F. E.</given-names></name><name><surname>COLÓME</surname><given-names>S.</given-names></name><name><surname>FERRIS JR.</surname><given-names>B. G.</given-names></name></person-group></element-citation></ref><ref id="B72"><element-citation publication-type="article"><article-title>Passive smoking, gas cooking and respiratory health of children living in six cities</article-title><source>American Review of Respiratory Diseases</source><date><year>1984</year></date><fpage>366</fpage><lpage>374</lpage><volume>129</volume><person-group><name><surname>WARE</surname><given-names>J. H.</given-names></name><name><surname>DOCKERY</surname><given-names>D. W.</given-names></name><name><surname>SPIRO</surname><given-names>A</given-names></name><name><surname>SPEIZER</surname><given-names>F. E.</given-names></name><name><surname>FERRIS JR.</surname><given-names>B. G.</given-names></name></person-group></element-citation></ref></ref-list></back></article></articles>