<articles xmlns:xsi="http://www.w3.org/2001/XMLSchema-instance" xsi:schemaLocation="https://raw.githubusercontent.com/scieloorg/articles_meta/master/tests/xsd/scielo_sci/ThomsonReuters_publishing.xsd" dtd-version="1.10"><article lang_id="pt" article-type="research-article"><front><journal-meta><journal-id journal-id-type="publisher">csp</journal-id><journal-title-group><journal-title>Cadernos de Saúde Pública</journal-title><abbrev-journal-title>Cad. Saúde Pública</abbrev-journal-title></journal-title-group><issn>1678-4464</issn><collection>SciELO Brazil</collection><publisher><publisher-name>Escola Nacional de Saúde Pública Sergio Arouca, Fundação Oswaldo Cruz</publisher-name></publisher></journal-meta><article-meta><unique-article-id pub-id-type="publisher-id">S0102-311X1987000300005</unique-article-id><article-id pub-id-type="publisher-id">S0102-311X1987000300005</article-id><article-id pub-id-type="doi">10.1590/S0102-311X1987000300005</article-id><article-categories><subj-group><subject>Health Policy &amp; Services</subject></subj-group></article-categories><title-group><article-title lang_id="pt">Determinação do grau de incapacidade em hansenianos não tratados</article-title></title-group><contrib-group><contrib contrib-type="author"><name><surname>Borges</surname><given-names>Ester</given-names></name><role>ND</role></contrib><contrib contrib-type="author"><name><surname>Gallo</surname><given-names>Maria Eugenia Noviski</given-names></name><role>ND</role><xref ref-type="aff" rid="A02"/></contrib><contrib contrib-type="author"><name><surname>Alvim</surname><given-names>Maria Fernanda Sardella</given-names></name><role>ND</role></contrib><contrib contrib-type="author"><name><surname>Bittencourt</surname><given-names>Emília</given-names></name><role>ND</role></contrib></contrib-group><aff id="A02"><institution>Fundação Oswaldo Cruz</institution><country>Brazil</country></aff><pub-date><month>09</month><year>1987</year></pub-date><volume>3</volume><issue>3</issue><fpage>266</fpage><lpage>271</lpage><permissions><license license-type="open-access" href="http://creativecommons.org/licenses/by-nc/4.0/"><license-p>This work is licensed under a Creative Commons Attribution-NonCommercial 4.0 International License.</license-p></license></permissions><self-uri href="http://www.scielo.br/scielo.php?script=sci_arttext&amp;pid=S0102-311X1987000300005&amp;lng=en&amp;tlng=en" content-type="full_text_page"/><self-uri href="http://www.scielo.br/scielo.php?script=sci_issuetoc&amp;pid=0102-311X19870003&amp;lng=en" content-type="issue_page"/><self-uri href="http://www.scielosp.org/scielo.php?script=sci_serial&amp;pid=0102-311X&amp;lng=en" content-type="journal_page"/><abstract lang_id="pt"><p>Foi determinado o grau de incapacidades em 189 pacientes hansenianos virgens de tratamento, sendo 39 Tuberculóides, 16 Indeterminados, 91 Dimorfos e 43 Virchowianos. Apenas 62 (32,8%) dos pacientes apresentaram grau 0, nos 127 (67,2%) restantes, os graus I, II e III determinados indicam a necessidade de educação sanitária e técnicas simples de fisioterapia, para evitar a instalação de seqüelas irreversíveis.</p></abstract><trans-abstract lang_id="en"><p>The authors reported the physical disability rate in 189 patients with leprosy before treatment. The lepromatous and dimorphous groups showed higher degree of disability than the others clinical forms. This finding was also predominant in the young adult s in all clinical forms.</p></trans-abstract></article-meta></front><back><ref-list><ref id="B1"><element-citation publication-type="book"><source>Guia para o controle da Hanseníase</source><date><year>1984</year></date></element-citation></ref><ref id="B2"><element-citation publication-type="book"><source>Reabilitação em Hanseníase</source><date><year>1982</year></date></element-citation></ref><ref id="B3"><element-citation publication-type="book"><source>Manual para o Controle da Hanseníase</source></element-citation></ref><ref id="B4"><element-citation publication-type="book"><source>Leprosy for medical practitioners and paramedical workers</source><date><year>1986</year></date><person-group><name><surname>THANGARAJ</surname><given-names>R.H.</given-names></name><name><surname>YAMALKAR</surname><given-names>S.J.</given-names></name></person-group></element-citation></ref></ref-list></back></article></articles>