<articles xmlns:xsi="http://www.w3.org/2001/XMLSchema-instance" xsi:schemaLocation="https://raw.githubusercontent.com/scieloorg/articles_meta/master/tests/xsd/scielo_sci/ThomsonReuters_publishing.xsd" dtd-version="1.10"><article lang_id="pt" article-type="research-article"><front><journal-meta><journal-id journal-id-type="publisher">csp</journal-id><journal-title-group><journal-title>Cadernos de Saúde Pública</journal-title><abbrev-journal-title>Cad. Saúde Pública</abbrev-journal-title></journal-title-group><issn>1678-4464</issn><collection>SciELO Public Health</collection><publisher><publisher-name>Escola Nacional de Saúde Pública Sergio Arouca, Fundação Oswaldo Cruz</publisher-name></publisher></journal-meta><article-meta><unique-article-id pub-id-type="publisher-id">S0102-311X1985000200007</unique-article-id><article-id pub-id-type="publisher-id">S0102-311X1985000200007</article-id><article-id pub-id-type="doi">10.1590/S0102-311X1985000200007</article-id><article-categories><subj-group><subject>Health Policy &amp; Services</subject></subj-group></article-categories><title-group><article-title lang_id="pt">Migração interna e pressão arterial no Rio Grande do Sul</article-title></title-group><contrib-group><contrib contrib-type="author"><name><surname>Leal</surname><given-names>Maria do Carmo</given-names></name><role>ND</role><xref ref-type="aff" rid="A01"/></contrib><contrib contrib-type="author"><name><surname>Costa</surname><given-names>Eduardo de Azeredo</given-names></name><role>ND</role><xref ref-type="aff" rid="A01"/></contrib><contrib contrib-type="author"><name><surname>Klein</surname><given-names>Carlos Henrique</given-names></name><role>ND</role><xref ref-type="aff" rid="A01"/></contrib><contrib contrib-type="author"><name><surname>Szwarcwald</surname><given-names>Célia Landmann</given-names></name><role>ND</role><xref ref-type="aff" rid="A01"/></contrib><contrib contrib-type="author"><name><surname>Barata</surname><given-names>Paulo Cesar Rosito</given-names></name><role>ND</role><xref ref-type="aff" rid="A01"/></contrib></contrib-group><aff id="A01"><institution>FIOCRUZ</institution><country>Brazil</country></aff><pub-date><month>06</month><year>1985</year></pub-date><volume>1</volume><issue>2</issue><fpage>207</fpage><lpage>219</lpage><permissions><license license-type="open-access" href="http://creativecommons.org/licenses/by/4.0/"><license-p>This work is licensed under a Creative Commons Attribution 4.0 International License.</license-p></license></permissions><self-uri href="http://www.scielosp.org/scielo.php?script=sci_arttext&amp;pid=S0102-311X1985000200007&amp;lng=en&amp;tlng=en" content-type="full_text_page"/><self-uri href="http://www.scielosp.org/scielo.php?script=sci_issuetoc&amp;pid=0102-311X19850002&amp;lng=en" content-type="issue_page"/><self-uri href="http://www.scielosp.org/scielo.php?script=sci_serial&amp;pid=0102-311X&amp;lng=en" content-type="journal_page"/><abstract lang_id="pt"><p>Este trabalho foi realizado no Estado do Rio Grande do Sul, Brasil no ano de 1978. Foram amostrados 2.056 domicílios, num total de 4.500 pessoas entre 20 e 74 anos de idade. A amostra foi composta por quatro estratos: Porto Alegre (capital), Cinturão Metropolitano (cidades em torno de Porto Alegre), Interior Urbano (sedes municipais) e Interior Rural. Analisou-se a migração dentro e entre os quatro estratos amostrais e sua relação com a pressão arterial. Os moradores da Área Rural apresentaram os mais baixos níveis pressóricos e os do Cinturão Metropolitano os mais altos. As médias de pressão arterial diastólica dos naturais e migrantes em cada estrato foram semelhantes. Os migrantes nascidos na área rural que foram residir em Porto Alegre e Cinturão Metropolitano apresentaram médias pressóricas mais elevadas que os indivíduos naturais da área rural. Por outro lado, os indivíduos que migraram dentro do estrato rural (de uma área rural para outra) exibiram baixos valores de pressão arterial e não se mostraram diferentes dos naturais. Importa ainda registrar que os migrantes oriundos da área rural que foram encontrados residindo em cidades apresentaram valores tensionais crescentes quando aumentava o tempo de permanência.</p></abstract><trans-abstract lang_id="en"><p>A cross-sectional survey was carried-out in 1978 in Rio Grande do Sul, the southernmost state of Brazil (population: about 8,000,000 inhabitants in 1978). The state was divided into four strata, each one being a district geo-economic area: Porto Alegre, the state capital-Metropolitan Belt, including 13 counties around Porto Alegre; Urban Interior, the non-metropolitan urban areas of the state; Rural Interior, composed of all non-urban areas outside the Metropolitan Belt. In each stratum a probability sample was selected in multiple stages. A total of 2.056 households were successfully contacted (94.7% of the 2.172 households selected). This article presents an analysis of migration between the four strata and its relation with blood pressure. The lowest blood pressure level was found in the Rural Interior, and the highest in the Metropolitan Belt. The mean diastolic blood pressure was about the same in each stratum for migrants and non-migrants. Both residents in Porto Alegre and Metropolitan Belt born in the Rural Interior were found to have higher mean blood pressure than non-migrants of the Rural Interior. On the other hand, persons who migrated within the rural stratum (from one rural area to another) were found to have a low blood pressure level, not differing from the non-migrants. Migrants from the Rural Interior, residing in urban areas were found to have blood pressure levels that increased with the period of time since migration.</p></trans-abstract></article-meta></front><back><ref-list><ref id="B1"><element-citation publication-type="book"><source>Epidemiology and control of hypertension</source><date><year>1975</year></date><fpage>41</fpage><lpage>62</lpage><person-group><name><surname>CASSEL</surname><given-names>J.</given-names></name></person-group></element-citation></ref></ref-list></back></article></articles>