<articles xmlns:xsi="http://www.w3.org/2001/XMLSchema-instance" xsi:schemaLocation="https://raw.githubusercontent.com/scieloorg/articles_meta/master/tests/xsd/scielo_sci/ThomsonReuters_publishing.xsd" dtd-version="1.10"><article lang_id="en" article-type="research-article"><front><journal-meta><journal-id journal-id-type="publisher">csp</journal-id><journal-title-group><journal-title>Cadernos de Saúde Pública</journal-title><abbrev-journal-title>Cad. Saúde Pública</abbrev-journal-title></journal-title-group><issn>1678-4464</issn><collection>SciELO Public Health</collection><publisher><publisher-name>Escola Nacional de Saúde Pública Sergio Arouca, Fundação Oswaldo Cruz</publisher-name></publisher></journal-meta><article-meta><unique-article-id pub-id-type="publisher-id">S0102-311X1988000200006</unique-article-id><article-id pub-id-type="publisher-id">S0102-311X1988000200006</article-id><article-id pub-id-type="doi">10.1590/S0102-311X1988000200006</article-id><article-categories><subj-group><subject>Health Policy &amp; Services</subject></subj-group></article-categories><title-group><article-title lang_id="en">Hookworms and the peopling of America</article-title></title-group><contrib-group><contrib contrib-type="author"><name><surname>Araújo</surname><given-names>Adauto</given-names></name><role>ND</role></contrib><contrib contrib-type="author"><name><surname>Ferreira</surname><given-names>Luiz Femando</given-names></name><role>ND</role></contrib><contrib contrib-type="author"><name><surname>Confalonieri</surname><given-names>Ulisses</given-names></name><role>ND</role></contrib><contrib contrib-type="author"><name><surname>Chame</surname><given-names>Marcia</given-names></name><role>ND</role></contrib></contrib-group><pub-date><month>06</month><year>1988</year></pub-date><volume>4</volume><issue>2</issue><fpage>226</fpage><lpage>233</lpage><permissions><license license-type="open-access" href="http://creativecommons.org/licenses/by/4.0/"><license-p>This work is licensed under a Creative Commons Attribution 4.0 International License.</license-p></license></permissions><self-uri href="http://www.scielosp.org/scielo.php?script=sci_arttext&amp;pid=S0102-311X1988000200006&amp;lng=en&amp;tlng=en" content-type="full_text_page"/><self-uri href="http://www.scielosp.org/scielo.php?script=sci_issuetoc&amp;pid=0102-311X19880002&amp;lng=en" content-type="issue_page"/><self-uri href="http://www.scielosp.org/scielo.php?script=sci_serial&amp;pid=0102-311X&amp;lng=en" content-type="journal_page"/><abstract lang_id="en"><p>The occurrence of certain parasites in human groups from different regions has been used to study the geographical origin of both hosts and parasites. The presence of hookworm infection in an isolated tribe in remote regions of Paraguay led to speculations about its origin, since the prehistoric migrations through the Behring Land Bridge could not have brought the parasite, which needs for its mantenance a temperature of about 22ºC in the soil. It was then proposed that only transpacific migrations of Asiatic populations could have brought the parasite to America. This discussion dates back to the beginning of this Century and it was only with recent paleoparasitological findings that it arose again. This paper is a review of hookworm findings in archaeological material and suggests possible routes followed by their hosts to reach the New World.</p></abstract><trans-abstract lang_id="pt"><p>A ocorrência de certos parasitos em grupos humanos de diferentes regiões tem sido usada para o estudo da origem geográfica tanto da população humana como de seus parasitos. A presença da ancilostomose, em tribos isoladas de regiões remotas do Paraguai, levou a especulações sobre a sua origem, uma vez que as migrações pré-históricas pelo caminho de Bering não poderiam ter sido responsáveis pela introdução do parasito que necessita, para sua manutenção no solo, de temperatura em torno de 22ºC. Propôs-se então que somente migrações transpacíficas de populações asiáticas poderiam ter intoduzido o parasito na América. Esta discussão data do início do século e somente com os recentes achados da paleoparasitologia foi retomada novamente. Este trabalho é uma revisão sobre o encontro de ancilostomídeos em material arqueológico e sugere possíveis rotas seguidas pelos hospedeiros para alcançar o Novo Mundo.</p></trans-abstract><kwd-group lang_id="pt" kwd-group-type="author-generated"><kwd>ancilostomídeos em material arqueológico</kwd><kwd>paleoparasitologia</kwd><kwd>povoamento da América</kwd></kwd-group><kwd-group lang_id="en" kwd-group-type="author-generated"><kwd>hookworms in archaeological material</kwd><kwd>paleoparasitology</kwd><kwd>peopling of America</kwd></kwd-group></article-meta></front><back><ref-list><ref id="B1"><element-citation publication-type="article"><article-title>Origen tansatlântico de la cultura indígena de América</article-title><source>Revista Española de Antropologia Americana</source><date><year>1969</year></date><fpage>9</fpage><lpage>64</lpage><volume>4</volume><person-group><name><surname>ALCINA-FRANCH</surname><given-names>J.</given-names></name></person-group></element-citation></ref><ref id="B2"><element-citation publication-type="article"><article-title>A case of hookworm infestation in a precolumbian American</article-title><source>American Journal of physical Anthropology</source><date><year>1974</year></date><fpage>103</fpage><lpage>106</lpage><volume>41</volume><person-group><name><surname>ALLISON</surname><given-names>M. J.</given-names></name><name><surname>PEZZIA</surname><given-names>A.</given-names></name><name><surname>HASEGAWA</surname><given-names>I.</given-names></name><name><surname>GERSZTEN</surname><given-names>E.</given-names></name></person-group></element-citation></ref><ref id="B3"><element-citation publication-type="thesis"><source>Paleoepidemiologia da Ancilostomose</source><date><year>1987</year></date><person-group><name><surname>ARAÚJO</surname><given-names>A.</given-names></name><name><surname>ARAÚJO</surname><given-names>A.</given-names></name></person-group></element-citation></ref><ref id="B4"><element-citation publication-type="article"><article-title>A contribution to the study of helminth findings in archaeological material in Brazil.</article-title><source>Revista Brasileira de Biologia</source><date><year>1981</year></date><fpage>873</fpage><lpage>881</lpage><volume>41</volume><person-group><name><surname>ARAÚJO</surname><given-names>A.</given-names></name><name><surname>FERREIRA</surname><given-names>L. F.</given-names></name><name><surname>CONFALONIERI</surname><given-names>U.</given-names></name></person-group></element-citation></ref><ref id="B5"><element-citation publication-type="conference"><source>Hebnithes transmis par de sol</source><date><year>1964</year></date><person-group><name><surname>BEAVER</surname><given-names>P. C.</given-names></name><name><surname>BEAVER</surname><given-names>P. C.</given-names></name></person-group></element-citation></ref><ref id="B6"><element-citation publication-type="article"><article-title>Ankylostomose</article-title><source>Revue de Praticien</source><date><year>1958</year></date><fpage>279</fpage><lpage>289</lpage><volume>8</volume><person-group><name><surname>BRUMPT</surname><given-names>L. C.</given-names></name></person-group></element-citation></ref><ref id="B7"><element-citation publication-type="book"><source>New Evidence for the Pleistocene Peopling of the Americas</source><date><year>1986</year></date><fpage>1</fpage><lpage>4</lpage><person-group><name><surname>BRYAN</surname><given-names>A. L.</given-names></name><name><surname>BRYAN</surname><given-names>A. L.</given-names></name><name><surname>BRYAN</surname><given-names>A. L.</given-names></name></person-group></element-citation></ref><ref id="B8"><element-citation publication-type="article"><article-title>Observations on the geographical and ethnological distribution of hookworms</article-title><source>Parasitology</source><date><year>1921</year></date><fpage>217</fpage><lpage>233</lpage><volume>22</volume><person-group><name><surname>DARLING</surname><given-names>S. T.</given-names></name></person-group></element-citation></ref><ref id="B9"><element-citation publication-type="undefined"><person-group><name><surname>DILLEHAY</surname><given-names>T. D.</given-names></name><name><surname>BRYAN</surname><given-names>A. L.</given-names></name><name><surname>BRYAN</surname><given-names>A. L.</given-names></name></person-group></element-citation></ref><ref id="B10"><element-citation publication-type="article"><article-title>A complex of traits of probable transpacific origin on the coast of Ecuador</article-title><source>American Anthropology</source><date><year>1961</year></date><fpage>913</fpage><lpage>939</lpage><volume>63</volume><person-group><name><surname>ESTRADA</surname><given-names>E.</given-names></name><name><surname>MEGGERS</surname><given-names>B. J.</given-names></name></person-group></element-citation></ref><ref id="B11"><element-citation publication-type="article"><article-title>The finding of eggs and larvae of parasitic helminths in archaeological material from Unaí, Minas Gerais, Brazil</article-title><source>Transactions of the Royal Society of tropical Medicine and Hygiene</source><date><year>1980</year></date><fpage>798</fpage><lpage>800</lpage><volume>74</volume><person-group><name><surname>FERREIRA</surname><given-names>L. F.</given-names></name><name><surname>ARAÚJO</surname><given-names>A.</given-names></name><name><surname>CONFALONIERI</surname><given-names>U.</given-names></name></person-group></element-citation></ref><ref id="B12"><element-citation publication-type="article"><article-title>The finding of helminth eggs in a Brazilian mummy</article-title><source>Transactions of the Royal Society of tropical Medicine and Hygiene</source><date><year>1983</year></date><fpage>65</fpage><lpage>67</lpage><volume>77</volume><person-group><name><surname>FERREIRA</surname><given-names>L. F.</given-names></name><name><surname>ARAÚJO</surname><given-names>A.</given-names></name><name><surname>CONFALONIERI</surname><given-names>U.</given-names></name></person-group></element-citation></ref><ref id="B13"><element-citation publication-type="article"><article-title>Encontro de ovos de ancilostomídeos em coprólitos humanos datados de 7230 + 80 anos, Piauí, Brasil</article-title><source>Anais da Academia Brasileira de Ciências</source><date><year>1987</year></date><fpage>280</fpage><lpage>281</lpage><volume>59</volume><person-group><name><surname>FERREIRA</surname><given-names>L. F.</given-names></name><name><surname>ARAÚJO</surname><given-names>A.</given-names></name><name><surname>CHAME</surname><given-names>M.</given-names></name><name><surname>RIBEIRO</surname><given-names>B. M.</given-names></name></person-group></element-citation></ref><ref id="B14"><element-citation publication-type="book"><source>Parasitismo e Migrações Humanas Pré-Históricas</source><date><year>1972</year></date><fpage>446</fpage><person-group><name><surname>FONSECA</surname><given-names>O.</given-names></name><name><surname>Familiar</surname><given-names>Mauro</given-names></name><name><surname>FONSECA</surname><given-names>O.</given-names></name><name><surname>Familiar</surname><given-names>Mauro</given-names></name></person-group></element-citation></ref><ref id="B15"><element-citation publication-type="book"><source>Early native Americans</source><date><year>1980</year></date><fpage>325</fpage><lpage>339</lpage><person-group><name><surname>FRY</surname><given-names>G. F.</given-names></name><name><surname>BROWMAN</surname><given-names>D. L.</given-names></name><name><surname>BROWMAN</surname><given-names>D. L.</given-names></name></person-group></element-citation></ref><ref id="B16"><element-citation publication-type="article"><article-title>the origin and dispersion of American Indians in North America</article-title><source>PAHO Scientific Publications</source><date><year>1968</year></date><fpage>1</fpage><lpage>10</lpage><volume>165</volume><person-group><name><surname>GREENMAN</surname><given-names>E. F.</given-names></name></person-group></element-citation></ref><ref id="B17"><element-citation publication-type="article"><article-title>Carbon-14 dates point to Man in the Americas 32,000 years ago</article-title><source>Nature</source><date><year>1986</year></date><fpage>769</fpage><lpage>771</lpage><volume>321</volume><person-group><name><surname>GUIDON</surname><given-names>N.</given-names></name><name><surname>DELIBRIAS</surname><given-names>G.</given-names></name></person-group></element-citation></ref><ref id="B18"><element-citation publication-type="article"><article-title>Late Pleistocene environments and early man in South America</article-title><source>American Naturalist</source><date><year>1966</year></date><fpage>377</fpage><lpage>388</lpage><volume>100</volume><person-group><name><surname>HESTER</surname><given-names>J. J.</given-names></name></person-group></element-citation></ref><ref id="B19"><element-citation publication-type="article"><source>Cadernos de Saúde Pública</source><date><year>1959</year></date><fpage>226</fpage><lpage>233</lpage><issue>4</issue><volume>2</volume><person-group><name><surname>HOEPPLI</surname><given-names>R.</given-names></name><name><surname>HOEPPLI</surname><given-names>R.</given-names></name></person-group></element-citation></ref><ref id="B20"><element-citation publication-type="article"><article-title>A review of the evidence of human endoparasitism in the pre-Columbian New World through the study of coprolites</article-title><source>Journal of Archaeological Sciences</source><date><year>1985</year></date><fpage>299</fpage><lpage>310</lpage><volume>12</volume><person-group><name><surname>HORNE</surname><given-names>P. D.</given-names></name></person-group></element-citation></ref><ref id="B21"><element-citation publication-type="article"><article-title>the Peopling of America</article-title><source>Journal of Heredity</source><date><year>1915</year></date><fpage>79</fpage><lpage>91</lpage><volume>6</volume><person-group><name><surname>HRDLICKA</surname><given-names>A.</given-names></name></person-group></element-citation></ref><ref id="B22"><element-citation publication-type="article"><article-title>A hypothesis on the origin of Northeastern American pottery</article-title><source>Southwest Journal of Anthropology</source><date><year>1962</year></date><fpage>20</fpage><lpage>29</lpage><volume>18</volume><person-group><name><surname>KEHOE</surname><given-names>A. B.</given-names></name></person-group></element-citation></ref><ref id="B23"><element-citation publication-type="book"><source>Man across the Sea</source><date><year>1971</year></date><fpage>275</fpage><lpage>292</lpage><person-group><name><surname>KEHOE</surname><given-names>A. B.</given-names></name><name><surname>RILEY</surname><given-names>C. L.</given-names></name><name><surname>RILEY</surname><given-names>C. L.</given-names></name></person-group></element-citation></ref><ref id="B24"><element-citation publication-type="book"><source>Man across the Sea</source><date><year>1971</year></date><fpage>264</fpage><lpage>274</lpage><person-group><name><surname>KENNEDY</surname><given-names>R, A.</given-names></name><name><surname>RILEY</surname><given-names>C. L.</given-names></name><name><surname>RILEY</surname><given-names>C. L.</given-names></name></person-group></element-citation></ref><ref id="B25"><element-citation publication-type="book"><source>Le problème des origines américaines: Théories, Hypothèses, Documents</source><date><year>1980</year></date><person-group><name><surname>LAMING-EMPERAIRE</surname><given-names>A.</given-names></name><name><surname>LAMING-EMPERAIRE</surname><given-names>A.</given-names></name></person-group></element-citation></ref><ref id="B26"><element-citation publication-type="article"><article-title>Some aspects of the geogaphical distribution of parasites</article-title><source>Journal of Parasitology</source><date><year>1967</year></date><volume>53</volume><person-group><name><surname>MANTER</surname><given-names>H. W.</given-names></name></person-group></element-citation></ref><ref id="B27"><element-citation publication-type="article"><article-title>The effect of climate on the New World migrations of Primitive Man</article-title><source>Southwest Journal of Anthropology</source><date><year>1954</year></date><fpage>304</fpage><lpage>321</lpage><volume>10</volume><person-group><name><surname>MATHER</surname><given-names>J. R.</given-names></name></person-group></element-citation></ref><ref id="B28"><element-citation publication-type="article"><article-title>A transpacific contact in 3000 BC</article-title><source>Scientific American</source><date><year>1966</year></date><fpage>28</fpage><lpage>35</lpage><volume>214</volume><person-group><name><surname>MEGGERS</surname><given-names>B. J.</given-names></name><name><surname>EVANS</surname><given-names>C.</given-names></name></person-group></element-citation></ref><ref id="B29"><element-citation publication-type="article"><article-title>Nouvelles hypothèses sur le peuplement primitif de l'Amerique du Sud</article-title><source>Annaes, Faculdade de Sciencias do Porto</source><date><year>1928</year></date><fpage>86</fpage><lpage>112</lpage><volume>15</volume><person-group><name><surname>MENDES-CORREA</surname><given-names>A.</given-names></name></person-group></element-citation></ref><ref id="B30"><element-citation publication-type="book"><source>Advances in Parasitology</source><date><year>1979</year></date><fpage>315</fpage><lpage>384</lpage><volume>17</volume><person-group><name><surname>MILLER</surname><given-names>T. A.</given-names></name><name><surname>LUMSDEN</surname><given-names>W. H. R.</given-names></name><name><surname>MULLER</surname><given-names>R.</given-names></name><name><surname>BAKER</surname><given-names>J. R.</given-names></name><name><surname>LUMSDEN</surname><given-names>W. H. R.</given-names></name><name><surname>MULLER</surname><given-names>R.</given-names></name><name><surname>BAKER</surname><given-names>J. R.</given-names></name></person-group></element-citation></ref><ref id="B31"><element-citation publication-type="article"><article-title>Hypotheses sur l'origine de certains parasites du continent latino-américain</article-title><source>Bulletin de la Societé de Pathologie Exotique</source><date><year>1985</year></date><fpage>401</fpage><lpage>412</lpage><volume>78</volume><person-group><name><surname>NOZAIS</surname><given-names>J. P.</given-names></name></person-group></element-citation></ref><ref id="B32"><element-citation publication-type="article"><article-title>Hallazgo de huevos de Trichuris trichiura en contenido intestinal de un cuerpo arqueológico incaico</article-title><source>Boletín Chileno de Parasitología</source><date><year>1954</year></date><fpage>73</fpage><lpage>75</lpage><volume>9</volume><person-group><name><surname>PIZZI</surname><given-names>T.</given-names></name><name><surname>SCHENONE</surname><given-names>H.</given-names></name></person-group></element-citation></ref><ref id="B33"><element-citation publication-type="book"><source>Health and Disease in the Prehistoric Southwest</source><date><year>1985</year></date><fpage>234</fpage><lpage>242</lpage><volume>34</volume><person-group><name><surname>REINHARD</surname><given-names>K. J.</given-names></name><name><surname>MERBES</surname><given-names>C. F.</given-names></name><name><surname>MILLER</surname><given-names>R.J.</given-names></name><name><surname>MERBES</surname><given-names>C. F.</given-names></name><name><surname>MILLER</surname><given-names>R.J.</given-names></name></person-group></element-citation></ref><ref id="B34"><element-citation publication-type="article"><article-title>Aspects of Paleoparasitological Technique: recovery of parasite eggs from coprolites and latines</article-title><source>Homo</source><date><year>1987</year></date><person-group><name><surname>REINHARD</surname><given-names>K. J.</given-names></name><name><surname>CONFALONIERI</surname><given-names>U.</given-names></name><name><surname>HERRMANN</surname><given-names>B.</given-names></name><name><surname>FERREIRA</surname><given-names>L. F.</given-names></name><name><surname>ARAÚJO</surname><given-names>A.</given-names></name></person-group></element-citation></ref><ref id="B35"><element-citation publication-type="book"><source>Festschrift Publication d'Hommage Offerte au P. W. Schmidt</source><date><year>1928</year></date><fpage>583</fpage><lpage>609</lpage><person-group><name><surname>RIVET</surname><given-names>P.</given-names></name><name><surname>KOPPERS</surname><given-names>W.</given-names></name><name><surname>KOPPERS</surname><given-names>W.</given-names></name></person-group></element-citation></ref><ref id="B36"><element-citation publication-type="book"><source>New Evidence for the Pleitocene Peopling of the Americas</source><date><year>1986</year></date><fpage>89</fpage><lpage>105</lpage><person-group><name><surname>SIMPSON</surname><given-names>R.D.</given-names></name><name><surname>PATTERSON</surname><given-names>L. W.</given-names></name><name><surname>SINGER</surname><given-names>C. A.</given-names></name><name><surname>BRYAN</surname><given-names>A. L.</given-names></name><name><surname>BRYAN</surname><given-names>A. L.</given-names></name></person-group></element-citation></ref><ref id="B37"><element-citation publication-type="article"><article-title>The report of nearly pure Ancylostoma duodenale in native South American Indians and a discussion of its ethnological significance</article-title><source>American Journal of Hygiene</source><date><year>1927</year></date><fpage>174</fpage><lpage>184</lpage><volume>7</volume><person-group><name><surname>SOPER</surname><given-names>F. L.</given-names></name></person-group></element-citation></ref><ref id="B38"><element-citation publication-type="article"><article-title>Studies on hookworm infection in Brazil- 1918-1920</article-title><source>Monographs of the Rockfeller Institute for Medical Research</source><date><day>12</day><month>05</month><year>1922</year></date><issue>17</issue><person-group><name><surname>S MILLIE</surname><given-names>W. G.</given-names></name></person-group></element-citation></ref><ref id="B39"><element-citation publication-type="article"><article-title>A physical Anthropologist's view of the peopling of the New World</article-title><source>Southwest Journal of Anthropology</source><date><year>1960</year></date><fpage>259</fpage><lpage>273</lpage><volume>16</volume><person-group><name><surname>STEWART</surname><given-names>N.R.</given-names></name></person-group></element-citation></ref><ref id="B40"><element-citation publication-type="book"><source>Analysis of Ancient Feces: a discussion and annoted bibliography</source><date><year>1975</year></date><person-group><name><surname>WILKE</surname><given-names>J.P.</given-names></name><name><surname>HALL</surname><given-names>H. F.</given-names></name><name><surname>WILKE</surname><given-names>J.P.</given-names></name><name><surname>HALL</surname><given-names>H. F.</given-names></name></person-group></element-citation></ref></ref-list></back></article></articles>