<articles xmlns:xsi="http://www.w3.org/2001/XMLSchema-instance" xsi:schemaLocation="https://raw.githubusercontent.com/scieloorg/articles_meta/master/tests/xsd/scielo_sci/ThomsonReuters_publishing.xsd" dtd-version="1.10"><article lang_id="pt" article-type="research-article"><front><journal-meta><journal-id journal-id-type="publisher">csp</journal-id><journal-title-group><journal-title>Cadernos de Saúde Pública</journal-title><abbrev-journal-title>Cad. Saúde Pública</abbrev-journal-title></journal-title-group><issn>1678-4464</issn><collection>SciELO Public Health</collection><publisher><publisher-name>Escola Nacional de Saúde Pública Sergio Arouca, Fundação Oswaldo Cruz</publisher-name></publisher></journal-meta><article-meta><unique-article-id pub-id-type="publisher-id">S0102-311X1987000300004</unique-article-id><article-id pub-id-type="publisher-id">S0102-311X1987000300004</article-id><article-id pub-id-type="doi">10.1590/S0102-311X1987000300004</article-id><article-categories><subj-group><subject>Health Policy &amp; Services</subject></subj-group></article-categories><title-group><article-title lang_id="pt">Depressão na infância e adolecência: aspectos sociais</article-title></title-group><contrib-group><contrib contrib-type="author"><name><surname>Barbosa</surname><given-names>Lúcia Helena Siqueira</given-names></name><role>ND</role><xref ref-type="aff" rid="A01"/></contrib></contrib-group><aff id="A01"><institution>USP</institution><country>Brazil</country></aff><pub-date><month>09</month><year>1987</year></pub-date><volume>3</volume><issue>3</issue><fpage>250</fpage><lpage>265</lpage><permissions><license license-type="open-access" href="http://creativecommons.org/licenses/by/4.0/"><license-p>This work is licensed under a Creative Commons Attribution 4.0 International License.</license-p></license></permissions><self-uri href="http://www.scielosp.org/scielo.php?script=sci_arttext&amp;pid=S0102-311X1987000300004&amp;lng=en&amp;tlng=en" content-type="full_text_page"/><self-uri href="http://www.scielo.br/scielo.php?script=sci_issuetoc&amp;pid=0102-311X19870003&amp;lng=en" content-type="issue_page"/><self-uri href="http://www.scielosp.org/scielo.php?script=sci_serial&amp;pid=0102-311X&amp;lng=en" content-type="journal_page"/><abstract lang_id="pt"><p>Este trabalho contém três partes. Uma primeira intitulada Introdução. Uma segunda focalizada sob o título de Material Clínico :apresentação, comentários e considerações sobre a prática do Serviço Social e, uma terceira, Considerações Finais. A primeira tenta discutir dois pontos: - algumas considerações sobre o conceito de depressão na infância e adolescência: caracterização de quadros clínicos com aspectos depressivos nítidos, mais ou menos "puros" e de "reações depressivas", em que tais aspectos estariam como que disfarçados, camuflados, apresentando, mais freqüentemente, sob a forma de inquietação, rebeldia, preocupações somáticas e hipocondríacas, fugas, condutas anti-sociais e outras. A existência de fatores mais marcantes na infância e adolescência do que na idade adulta - por exemplo a impulsividade - contribuem para essa apresentação especial desses quadros clínicos. A prática médico-psicológica em uma instituição com equipe multiprofissional: reflexão abordando, mais de perto, alguns de seus problemas, encarando-se, esses últimos, como sendo de ordem não apenas médico-psicológica, mas, também e sobretudo, algumas vezes, de ordem social Utilizamos, para essa reflexão, o tema da depressão na infância e adolescência, tendo em mente a Medicina e, com ela, a Psiquiatria, como ciência social e, ainda, as tentativas de reapropriação da dimensão social na dinâmica pessoal, advindas das críticas sócio-políticas da psiquiatria. As duas últimas partes focalizam o material clínico, retirado da experiência com crianças e adolescentes no Centro de Saúde Escola Butantã, onde concebemos o grupo familiar envolvido, mas não confundido com "o determinante social" ou com "todos" os determinantes sociais, tentando compreender problemas que são de alienação psicológica, como momento da alienação social Procuramos pensar o "doente mental", não como depositário passivo de algo externo a ele (como alguns autores tomam, por exemplo, o social), mas sim, como algo que implica uma interação dialética, entre a interioridade de cada um, seu meio e os outros.</p></abstract><trans-abstract lang_id="en"><p>This paper is divided into three parts. The first entitled Introduction The second reports the Clinical Material: presentation and discussion about the Social Service practice and last, the Final Considerations. In the first part we try to discuss two aspects: 1) some considerations about the concept of depression during childhood and adolescence; and the clinical description of situations with clear depressive aspects - "pure states" - and of "depressive reactions" situations in wich the aspects would be masked, commonly represented by restlessness, rebelion, somatic and hypocondrial concerns, anti-social behavior and others. The existence of some factors more intense during child - hood and adolescence than in adulthood - for instance impulsivity - contribute to this special presentation 2) the medico-psychological practice in a multiprofessional institution: a reflection about some of its problems, using a poin t of view not only medico-psychological but also, and most of all, social. We used the theme depression during childhood and adolescence considering Medicine and Psychiatry as a social science, and also, the essays to reincorporate the social dimension in the personal dynamics, that came from the social-political critics of Psychiatry. The two last parts describe the clinical material of our experience with children and teenagers in the Centro de Saúde Butantã, where we concieved the familiar group envolved with but not misunderstood as the "social de terminant" or as "all "social determinantes. We tried to comprehend problems of psychological alienation as moments of social alienations, We tend to cosider the "mentaly ill" notas a passive depositary of external things (for instance: the way some authors consider the social), but as some that leads to a dialectical interaction between one's interiority, one's environement and the others</p></trans-abstract></article-meta></front><back><ref-list><ref id="B1"><element-citation publication-type="book"><source>Manual de Psiquiatria Infantil</source><date><year>1972</year></date><fpage>675</fpage><person-group><name><surname>AJURIAGUERRA</surname><given-names>J.</given-names></name><name><surname>AJURIAGUERRA</surname><given-names>J.</given-names></name></person-group></element-citation></ref></ref-list></back></article></articles>