<articles xmlns:xsi="http://www.w3.org/2001/XMLSchema-instance" xsi:schemaLocation="https://raw.githubusercontent.com/scieloorg/articles_meta/master/tests/xsd/scielo_sci/ThomsonReuters_publishing.xsd" dtd-version="1.10"><article lang_id="pt" article-type="research-article"><front><journal-meta><journal-id journal-id-type="publisher">csp</journal-id><journal-title-group><journal-title>Cadernos de Saúde Pública</journal-title><abbrev-journal-title>Cad. Saúde Pública</abbrev-journal-title></journal-title-group><issn>1678-4464</issn><collection>SciELO Public Health</collection><publisher><publisher-name>Escola Nacional de Saúde Pública Sergio Arouca, Fundação Oswaldo Cruz</publisher-name></publisher></journal-meta><article-meta><unique-article-id pub-id-type="publisher-id">S0102-311X1993000200012</unique-article-id><article-id pub-id-type="publisher-id">S0102-311X1993000200012</article-id><article-id pub-id-type="doi">10.1590/S0102-311X1993000200012</article-id><article-categories><subj-group><subject>Health Policy &amp; Services</subject></subj-group></article-categories><title-group><article-title lang_id="pt">A doença de Chagas e seu controle na América Latina: uma análise de possibilidades</article-title><trans-title-group lang_id="en"><trans-title>Chagas' disease and its control in Latin America: an analysis of possibilities</trans-title></trans-title-group></title-group><contrib-group><contrib contrib-type="author"><name><surname>Dias</surname><given-names>João Carlos P.</given-names></name><role>ND</role><xref ref-type="aff" rid="A01"/></contrib></contrib-group><aff id="A01"><institution>Fundação Oswaldo Cruz</institution><country>Brazil</country></aff><pub-date><month>06</month><year>1993</year></pub-date><volume>9</volume><issue>2</issue><fpage>201</fpage><lpage>209</lpage><permissions><license license-type="open-access" href="http://creativecommons.org/licenses/by/4.0/"><license-p>This work is licensed under a Creative Commons Attribution 4.0 International License.</license-p></license></permissions><self-uri href="http://www.scielosp.org/scielo.php?script=sci_arttext&amp;pid=S0102-311X1993000200012&amp;lng=en&amp;tlng=en" content-type="full_text_page"/><self-uri href="http://www.scielo.br/scielo.php?script=sci_issuetoc&amp;pid=0102-311X19930002&amp;lng=en" content-type="issue_page"/><self-uri href="http://www.scielosp.org/scielo.php?script=sci_serial&amp;pid=0102-311X&amp;lng=en" content-type="journal_page"/><abstract lang_id="pt"><p>A doença de Chagas segue como importante agravo à saúde na maior parte da América Latina, afetando 16 milhões de pessoas e colocando sob risco outras dezenas de milhões de indivíduos, geralmente de origem rural, pobres e socialmente marginalizados. As estratégias e insumos ao controle da endemia concentram-se no controle do vetor e da transmissão transfusional, mostrando-se eficientes e estando disponíveis há pelo menos duas décadas. Sua implementação depende basicamente de vontade política e de disponibilidade técnica e orçamentária, como demonstrado no exemplo brasileiro. São discutidos aspectos epidemiológicos e operacionais da luta antichagásica, o que envolve um horizonte de reformulação e aprimoramento dos próprios sistemas de saúde dos países endêmicos. O controle da doença é viável, constituindo-se num desafio às autoridades sanitárias e à opção dos países pela esfera social. Em particular, a superação da doença de Chagas pode ser um importante fator de catálise para a almejada unidade latino-americana.</p></abstract><trans-abstract lang_id="en"><p>Chagas' disease is still a major public health problem in Latin America, affecting about 15 million individuals and leaving tens of millions of others at risk, most of whom are from rural areas and are socially marginalized. The main strategies and tools for the control of the disease are related to the vectorial and transfusional transmission of the parasite. Regular programs have proven effective, as in Brazil, and they depend basically on political will and basic technical and financial conditions. Epidemiologic and operational aspects of Chagas' disease control are discussed in this study, involving the reformulation and improvement of the health systems in affected countries. The fact that control can be attained is emphasized as a challenge to Latin American governments and public health officials. Control of Chagas' disease may be an additional part of the dream of Latin American unity.</p></trans-abstract><kwd-group lang_id="en" kwd-group-type="author-generated"><kwd>Trypanosomiasis</kwd><kwd>South American</kwd><kwd>Triatomines</kwd><kwd>Blood Transfusion</kwd><kwd>Prevention &amp; Control</kwd></kwd-group><kwd-group lang_id="pt" kwd-group-type="author-generated"><kwd>Tripanossomose Sul Anericanal</kwd><kwd>Triatomíneos</kwd><kwd>Transfusão de Sangue</kwd><kwd>Prevenção &amp; Controle</kwd></kwd-group></article-meta></front><back><ref-list><ref id="B1"><element-citation publication-type="book"><source>La Casa Enferma</source><date><year>1990</year></date><person-group><name><surname>BRICEÑO-LEÓN</surname><given-names>R.</given-names></name><name><surname>BRICEÑO-LEÓN</surname><given-names>R.</given-names></name></person-group></element-citation></ref></ref-list></back></article></articles>