<articles xmlns:xsi="http://www.w3.org/2001/XMLSchema-instance" xsi:schemaLocation="https://raw.githubusercontent.com/scieloorg/articles_meta/master/tests/xsd/scielo_sci/ThomsonReuters_publishing.xsd" dtd-version="1.10"><article lang_id="pt" article-type="research-article"><front><journal-meta><journal-id journal-id-type="publisher">csp</journal-id><journal-title-group><journal-title>Cadernos de Saúde Pública</journal-title><abbrev-journal-title>Cad. Saúde Pública</abbrev-journal-title></journal-title-group><issn>1678-4464</issn><collection>SciELO Brazil</collection><publisher><publisher-name>Escola Nacional de Saúde Pública Sergio Arouca, Fundação Oswaldo Cruz</publisher-name></publisher></journal-meta><article-meta><unique-article-id pub-id-type="publisher-id">S0102-311X1993000100008</unique-article-id><article-id pub-id-type="publisher-id">S0102-311X1993000100008</article-id><article-id pub-id-type="doi">10.1590/S0102-311X1993000100008</article-id><article-categories><subj-group><subject>Health Policy &amp; Services</subject></subj-group></article-categories><title-group><article-title lang_id="pt">O contexto político-administrativo da implantação de Distritos Sanitários no Estado da Bahia, Brasil</article-title><trans-title-group lang_id="en"><trans-title>The political and administrative context of the implementation of Health Districts in the State of Bahia, Brazil</trans-title></trans-title-group></title-group><contrib-group><contrib contrib-type="author"><name><surname>Teixeira</surname><given-names>Carmen F.</given-names></name><role>ND</role><xref ref-type="aff" rid="A01"/></contrib><contrib contrib-type="author"><name><surname>Paim</surname><given-names>Jairnilson S.</given-names></name><role>ND</role><xref ref-type="aff" rid="A01"/></contrib><contrib contrib-type="author"><name><surname>Araújo</surname><given-names>Eliane C.</given-names></name><role>ND</role><xref ref-type="aff" rid="A01"/></contrib><contrib contrib-type="author"><name><surname>Formigli</surname><given-names>Vera L. A.</given-names></name><role>ND</role><xref ref-type="aff" rid="A01"/></contrib><contrib contrib-type="author"><name><surname>Costa</surname><given-names>Heloniza G.</given-names></name><role>ND</role><xref ref-type="aff" rid="A01"/></contrib></contrib-group><aff id="A01"><institution>Universidade Federal da Bahia</institution><country>Brazil</country></aff><pub-date><month>03</month><year>1993</year></pub-date><volume>9</volume><issue>1</issue><fpage>79</fpage><lpage>84</lpage><permissions><license license-type="open-access" href="http://creativecommons.org/licenses/by-nc/4.0/"><license-p>This work is licensed under a Creative Commons Attribution-NonCommercial 4.0 International License.</license-p></license></permissions><self-uri href="http://www.scielo.br/scielo.php?script=sci_arttext&amp;pid=S0102-311X1993000100008&amp;lng=en&amp;tlng=en" content-type="full_text_page"/><self-uri href="http://www.scielosp.org/scielo.php?script=sci_issuetoc&amp;pid=0102-311X19930001&amp;lng=en" content-type="issue_page"/><self-uri href="http://www.scielosp.org/scielo.php?script=sci_serial&amp;pid=0102-311X&amp;lng=en" content-type="journal_page"/><abstract lang_id="pt"><p>O presente trabalho foi realizado com o objetivo de caracterizar o contexto político-administrativo da implantação dos Distritos Sanitários na Bahia. Procedeu-se a uma revisão documental abrangendo acordos, convênios e leis, nos âmbitos estadual e federal, no período compreendido entre 1987 e 1989, correspondente à primeira fase da gestão estadual após as eleições de 1986. As informações foram completadas através de entrevistas com informantes-chave e ex-dirigentes do nível central da Secretaria Estadual de Saúde. Descreve-se o processo de formulação da política de regionalização territorial e populacional e faz-se uma revisão do processo de planificação, a níveis nacional e estadual, com a identificação dos eventos que conduziram à decisão de se criar os Distritos Sanitários. São listados os instrumentos de política que materializaram esta decisão e analisada a posição dos distintos atores do sistema de saúde em relação a esta opção estratégica de reorientação da organização dos serviços. Conclui-se com breves comentários sobre as dificuldades que esta proposta encontra para institucionalizar-se no período em estudo.</p></abstract><trans-abstract lang_id="en"><p>This investigation was conducted in order to determine the political and administrative context prevailing during the implementation of health districts in the state of Bahia, Brazil. The documentary review includes laws, agreements, and contracts at the State and Federal levels from 1987 to 1989. This period corresponded to the first phase of the State government after the 1986 elections. Information was also obtained from key informants and former directors of the State Secretariat of Health at the central level. We describe how the policy for regionalization by territory and population was formulated, and we review both State and national planning procedures, identifying the events leading to the decision to create health districts. We list the political instruments related to this decision and analyze the positions of the various actors in the Brazilian Health System in relation to this strategic choice. Brief comments are given about the difficulties faced by this proposal during the period studied.</p></trans-abstract><kwd-group lang_id="en" kwd-group-type="author-generated"><kwd>Health Policy</kwd><kwd>Health Planning</kwd><kwd>Regionalization</kwd><kwd>Health Districts</kwd><kwd>Local Health System</kwd></kwd-group><kwd-group lang_id="pt" kwd-group-type="author-generated"><kwd>Política de Saúde</kwd><kwd>Planejamento de Saúde</kwd><kwd>Regionalização</kwd><kwd>Distritos Sanitários</kwd><kwd>Sistemas Locais de Saúde</kwd></kwd-group></article-meta></front><back><ref-list><ref id="B1"><element-citation publication-type="book"><source>Reviravolta na Saúde</source><person-group><name><surname>ESCOREL</surname><given-names>S.</given-names></name><name><surname>ESCOREL</surname><given-names>S.</given-names></name></person-group></element-citation></ref><ref id="B2"><element-citation publication-type="book"><source>Perspectivas Institucionais da Descentralização na Saúde</source></element-citation></ref><ref id="B3"><element-citation publication-type="article"><article-title>As AIS: por que não dois passos atrás?</article-title><source>Cadernos de Saúde Pública</source><fpage>167</fpage><lpage>183</lpage><volume>2</volume><person-group><name><surname>PAIM</surname><given-names>J. S.</given-names></name></person-group></element-citation></ref><ref id="B4"><element-citation publication-type="article"><article-title>A gestão do SUDS na Bahia</article-title><source>Cadernos de Saúde Pública</source><fpage>365</fpage><lpage>375</lpage><volume>5</volume></element-citation></ref><ref id="B5"><element-citation publication-type="book"><source>Estudo sobre o desenvolvimento das AIS-SUDS na Bahia: Relatório Preliminar</source><person-group><name><surname>TEIXEIRA</surname><given-names>C. F.</given-names></name><name><surname>GUIMARÃES</surname><given-names>M. C. L.</given-names></name><name><surname>COSTA</surname><given-names>H.</given-names></name><name><surname>MENEZES</surname><given-names>G. M.</given-names></name><name><surname>TEIXEIRA</surname><given-names>C. F.</given-names></name><name><surname>GUIMARÃES</surname><given-names>M. C. L.</given-names></name><name><surname>COSTA</surname><given-names>H.</given-names></name><name><surname>MENEZES</surname><given-names>G. M.</given-names></name></person-group></element-citation></ref><ref id="B6"><element-citation publication-type="book"><source>Documentos Técnicos</source></element-citation></ref></ref-list></back></article></articles>