<articles xmlns:xsi="http://www.w3.org/2001/XMLSchema-instance" xsi:schemaLocation="https://raw.githubusercontent.com/scieloorg/articles_meta/master/tests/xsd/scielo_sci/ThomsonReuters_publishing.xsd" dtd-version="1.10"><article lang_id="pt" article-type="research-article"><front><journal-meta><journal-id journal-id-type="publisher">csp</journal-id><journal-title-group><journal-title>Cadernos de Saúde Pública</journal-title><abbrev-journal-title>Cad. Saúde Pública</abbrev-journal-title></journal-title-group><issn>1678-4464</issn><collection>SciELO Brazil</collection><publisher><publisher-name>Escola Nacional de Saúde Pública Sergio Arouca, Fundação Oswaldo Cruz</publisher-name></publisher></journal-meta><article-meta><unique-article-id pub-id-type="publisher-id">S0102-311X1990000400005</unique-article-id><article-id pub-id-type="publisher-id">S0102-311X1990000400005</article-id><article-id pub-id-type="doi">10.1590/S0102-311X1990000400005</article-id><article-categories><subj-group><subject>Health Policy &amp; Services</subject></subj-group></article-categories><title-group><article-title lang_id="pt">Novas técnicas, medicina do trabalho e saúde</article-title></title-group><contrib-group><contrib contrib-type="author"><name><surname>Deppe</surname><given-names>Hans-Ulrich</given-names></name><role>ND</role><xref ref-type="aff" rid="A01"/></contrib></contrib-group><aff id="A01"><institution>Johann Wolfgang Goethe-Universität Frankfurt</institution><country>Germany</country></aff><pub-date><month>12</month><year>1990</year></pub-date><volume>6</volume><issue>4</issue><fpage>422</fpage><lpage>443</lpage><permissions><license license-type="open-access" href="http://creativecommons.org/licenses/by-nc/4.0/"><license-p>This work is licensed under a Creative Commons Attribution-NonCommercial 4.0 International License.</license-p></license></permissions><self-uri href="http://www.scielo.br/scielo.php?script=sci_arttext&amp;pid=S0102-311X1990000400005&amp;lng=en&amp;tlng=en" content-type="full_text_page"/><self-uri href="http://www.scielosp.org/scielo.php?script=sci_issuetoc&amp;pid=0102-311X19900004&amp;lng=en" content-type="issue_page"/><self-uri href="http://www.scielosp.org/scielo.php?script=sci_serial&amp;pid=0102-311X&amp;lng=en" content-type="journal_page"/><abstract lang_id="pt"><p>O artigo comenta os efeitos para a saúde e aspectos sociais relacionados à introdução das modernas tecnologias microeletrônicas no interior dos processos de trabalho, particularmente na República Federal da Alemanha. O autor faz considerações sobre alguns limites teóricos da Medicina do Trabalho para analisar e prevenir os problemas decorrentes desse processo.</p></abstract><trans-abstract lang_id="en"><p>The present article deals with the health effects and social aspects associated with the introduction of modern microelectronic technologies within work processes, particularly in the Federal Republic of Germany. The author makes considerations on some theoretical limitations of Occupational Medicine in order to analyse and avert problems resulting from these processes.</p></trans-abstract></article-meta></front><back><ref-list><ref id="B1"><element-citation publication-type="book"><source>Handlungsanleitung: Belegschaftsbefragungen im Betrieb</source><date><year>1988</year></date><person-group><name><surname>ARNOLD</surname><given-names>A.</given-names></name><name><surname>SATZER</surname><given-names>R.</given-names></name><name><surname>ARNOLD</surname><given-names>A.</given-names></name><name><surname>SATZER</surname><given-names>R.</given-names></name></person-group></element-citation></ref><ref id="B2"><element-citation publication-type="book"><source>Zukunft der Angestellten, Neue Technologien und berufliche Perspektive in Büro und Verwaltung</source><date><year>1986</year></date><person-group><name><surname>BAETHGE</surname><given-names>H.</given-names></name><name><surname>OBERBECK</surname><given-names>H.</given-names></name><name><surname>BAETHGE</surname><given-names>H.</given-names></name><name><surname>OBERBECK</surname><given-names>H.</given-names></name></person-group></element-citation></ref><ref id="B3"><element-citation publication-type="undefined"><date><year>1979</year></date><person-group><name><surname>BERUFSKRANKHEITEN</surname><given-names>VERORDNUNG</given-names></name><name><surname>VALENTIN</surname><given-names>A.</given-names></name><name><surname>VALENTIN</surname><given-names>A.</given-names></name></person-group></element-citation></ref><ref id="B4"><element-citation publication-type="book"><source>Die Arbeits: und Leistungsmedizin</source><date><year>1941</year></date><person-group><name><surname>BOCKHACKER</surname><given-names>W.</given-names></name><name><surname>BOCKHACKER</surname><given-names>W.</given-names></name></person-group></element-citation></ref><ref id="B5"><element-citation publication-type="book"><source>Neuen Technologien: Verbreitungsgrad, Qualiflkation und Arbeitsbedingungen, Analyse aus der BIBB/ IAB-Erhebung 1985/86</source><date><year>1987</year></date></element-citation></ref><ref id="B6"><element-citation publication-type="undefined"><date><month>03</month><year>1989</year></date><person-group><name><surname>CLASEN</surname><given-names>L.</given-names></name></person-group></element-citation></ref><ref id="B7"><element-citation publication-type="book"><source>Venachlässigte Gesundheit</source><date><year>1980</year></date><person-group><name><surname>DEPPE</surname><given-names>H. - U.</given-names></name><name><surname>DEPPE</surname><given-names>H. - U.</given-names></name></person-group></element-citation></ref><ref id="B8"><element-citation publication-type="book"><source>Krankheit ist ohne Politik nicht heilbar</source><date><year>1987</year></date><person-group><name><surname>DEPPE</surname><given-names>H. - U.</given-names></name><name><surname>DEPPE</surname><given-names>H. - U.</given-names></name></person-group></element-citation></ref><ref id="B9"><element-citation publication-type="article"><article-title>Stolpersteine auf dem Weg zur automatisierten Fabrik</article-title><source>WSl-Mittellungen</source><date><year>1988</year></date><fpage>648</fpage><lpage>656</lpage><volume>11</volume><person-group><name><surname>DO LATA</surname><given-names>U.</given-names></name></person-group></element-citation></ref><ref id="B10"><element-citation publication-type="book"><source>Arbeitsbelastung und Krankheit bei Industriearbeitern</source><date><year>1982</year></date><person-group><name><surname>FRICZEWSKY</surname><given-names>F.</given-names></name><name><surname>MASSCHEWSKY</surname><given-names>W.</given-names></name><name><surname>NASCHOLD</surname><given-names>P.</given-names></name><name><surname>WOTSCHAK</surname><given-names>W.</given-names></name><name><surname>WOTSCHAK</surname><given-names>W.</given-names></name><name><surname>FRICZEWSKY</surname><given-names>F.</given-names></name><name><surname>MASSCHEWSKY</surname><given-names>W.</given-names></name><name><surname>NASCHOLD</surname><given-names>P.</given-names></name><name><surname>WOTSCHAK</surname><given-names>W.</given-names></name><name><surname>WOTSCHAK</surname><given-names>W.</given-names></name></person-group></element-citation></ref><ref id="B11"><element-citation publication-type="book"><source>Stress und Rationalisierung, Psycho-soziale Belastungen und ihre betriebliche Prävention</source><date><year>1988</year></date><person-group><name><surname>HELFERT</surname><given-names>M.</given-names></name><name><surname>HELFERT</surname><given-names>M.</given-names></name></person-group></element-citation></ref><ref id="B12"><element-citation publication-type="book"><source>Berufskrebs: Deutsche Forschungsgemeinschaft</source><date><year>1981</year></date><person-group><name><surname>HORBACHER</surname><given-names>L.</given-names></name><name><surname>LOSKANT</surname><given-names>H.</given-names></name><name><surname>HORBACHER</surname><given-names>L.</given-names></name><name><surname>LOSKANT</surname><given-names>H.</given-names></name></person-group></element-citation></ref><ref id="B13"><element-citation publication-type="book"><source>The Export of Hazards</source><date><year>1985</year></date><person-group><name><surname>IVES</surname><given-names>H. J.</given-names></name><name><surname>IVES</surname><given-names>H. J.</given-names></name></person-group></element-citation></ref><ref id="B14"><element-citation publication-type="book"><source>Das Ende der Arbeitsteilung?</source><date><year>1986</year></date><person-group><name><surname>KERN</surname><given-names>H.</given-names></name><name><surname>SCHUMANN</surname><given-names>M.</given-names></name><name><surname>KERN</surname><given-names>H.</given-names></name><name><surname>SCHUMANN</surname><given-names>M.</given-names></name></person-group></element-citation></ref><ref id="B15"><element-citation publication-type="book"><source>Soziale Ursachen des Herzinjarkts</source><date><year>1982</year></date><person-group><name><surname>MASCHEWSKY</surname><given-names>W.</given-names></name><name><surname>SCHNEIDER</surname><given-names>U.</given-names></name><name><surname>MASCHEWSKY</surname><given-names>W.</given-names></name><name><surname>SCHNEIDER</surname><given-names>U.</given-names></name></person-group></element-citation></ref><ref id="B16"><element-citation publication-type="book"><source>Berujsarbeit und Krankheit</source><date><year>1985</year></date><person-group><name><surname>MILLES</surname><given-names>D.</given-names></name><name><surname>MÜLLER</surname><given-names>R.</given-names></name><name><surname>MILLES</surname><given-names>D.</given-names></name><name><surname>MÜLLER</surname><given-names>R.</given-names></name></person-group></element-citation></ref><ref id="B17"><element-citation publication-type="book"><source>EDV-Einsatz und computergestützte Integration in Fertigung und Verwaltung von Industriebetrieben</source><date><year>1987</year></date><person-group><name><surname>NUBER</surname><given-names>L.</given-names></name><name><surname>SCHULTZ-WILD</surname><given-names>R.</given-names></name><name><surname>FISCHER-KRIPPENDORF</surname><given-names>R.</given-names></name><name><surname>REHBERG</surname><given-names>F.</given-names></name><name><surname>NUBER</surname><given-names>L.</given-names></name><name><surname>SCHULTZ-WILD</surname><given-names>R.</given-names></name><name><surname>FISCHER-KRIPPENDORF</surname><given-names>R.</given-names></name><name><surname>REHBERG</surname><given-names>F.</given-names></name></person-group></element-citation></ref><ref id="B18"><element-citation publication-type="article"><article-title>Neuen Formen der Rationalisienmg</article-title><source>Jahrbuch des IMFS</source><date><year>1987</year></date><volume>13</volume><person-group><name><surname>PETER</surname><given-names>L.</given-names></name></person-group></element-citation></ref><ref id="B19"><element-citation publication-type="book"><source>Der solidarischen Gesundheitssicherung der Zukunft</source><date><year>1988</year></date><person-group><name><surname>SCHMIDT</surname><given-names>A.</given-names></name><name><surname>JAHN</surname><given-names>E.</given-names></name><name><surname>SCHARF</surname><given-names>B.</given-names></name><name><surname>SCHMIDT</surname><given-names>A.</given-names></name><name><surname>JAHN</surname><given-names>E.</given-names></name><name><surname>SCHARF</surname><given-names>B.</given-names></name></person-group></element-citation></ref><ref id="B20"><element-citation publication-type="book"><source>Arbeitsbedingte Herz: und Kreislaufkrankheiten</source><date><year>1988</year></date><person-group><name><surname>SCHARF</surname><given-names>B.</given-names></name><name><surname>SCHARF</surname><given-names>B.</given-names></name></person-group></element-citation></ref><ref id="B21"><element-citation publication-type="undefined"><date><year>1983</year></date><person-group><name><surname>THOMANN</surname><given-names>K. - D.</given-names></name><name><surname>DEPPE</surname><given-names>H. - U.</given-names></name><name><surname>GERHARDT</surname><given-names>U.</given-names></name><name><surname>NOVAK</surname><given-names>P.</given-names></name><name><surname>DEPPE</surname><given-names>H. - U.</given-names></name><name><surname>GERHARDT</surname><given-names>U.</given-names></name><name><surname>NOVAK</surname><given-names>P.</given-names></name></person-group></element-citation></ref><ref id="B22"><element-citation publication-type="undefined"><date><year>1981</year></date><person-group><name><surname>WACKER</surname><given-names>A.</given-names></name><name><surname>DEPPE</surname><given-names>H. - U.</given-names></name><name><surname>GERHARDT</surname><given-names>U.</given-names></name><name><surname>NOVAK</surname><given-names>P.</given-names></name><name><surname>DEPPE</surname><given-names>H. - U.</given-names></name><name><surname>GERHARDT</surname><given-names>U.</given-names></name><name><surname>NOVAK</surname><given-names>P.</given-names></name></person-group></element-citation></ref><ref id="B23"><element-citation publication-type="book"><source>Evaluierung der Strategie: Gesundheit für Alle bis zum Jahr 2000</source><date><year>1987</year></date></element-citation></ref><ref id="B24"><element-citation publication-type="book"><source>Arbeitermedizin in Italien</source><date><year>1988</year></date><person-group><name><surname>WINTERBERSGER</surname><given-names>H.</given-names></name><name><surname>WINTERBERSGER</surname><given-names>H.</given-names></name></person-group></element-citation></ref></ref-list></back></article></articles>