<articles xmlns:xsi="http://www.w3.org/2001/XMLSchema-instance" xsi:schemaLocation="https://raw.githubusercontent.com/scieloorg/articles_meta/master/tests/xsd/scielo_sci/ThomsonReuters_publishing.xsd" dtd-version="1.10"><article lang_id="pt" article-type="research-article"><front><journal-meta><journal-id journal-id-type="publisher">csp</journal-id><journal-title-group><journal-title>Cadernos de Saúde Pública</journal-title><abbrev-journal-title>Cad. Saúde Pública</abbrev-journal-title></journal-title-group><issn>1678-4464</issn><collection>SciELO Public Health</collection><publisher><publisher-name>Escola Nacional de Saúde Pública Sergio Arouca, Fundação Oswaldo Cruz</publisher-name></publisher></journal-meta><article-meta><unique-article-id pub-id-type="publisher-id">S0102-311X1993000400005</unique-article-id><article-id pub-id-type="publisher-id">S0102-311X1993000400005</article-id><article-id pub-id-type="doi">10.1590/S0102-311X1993000400005</article-id><article-categories><subj-group><subject>Health Policy &amp; Services</subject></subj-group></article-categories><title-group><article-title lang_id="pt">Migração, colonização e meio ambiente: o potencial dos ecossistemas amazônicos</article-title><trans-title-group lang_id="en"><trans-title>Migration, colonization and environment: the potential of Amazonian ecosystems</trans-title></trans-title-group></title-group><contrib-group><contrib contrib-type="author"><name><surname>Fearnside</surname><given-names>Philip M.</given-names></name><role>ND</role><xref ref-type="aff" rid="A01"/></contrib></contrib-group><aff id="A01"><institution>Instituto Nacional de Pesquisas da Amazônia</institution><country>Brazil</country></aff><pub-date><month>12</month><year>1993</year></pub-date><volume>9</volume><issue>4</issue><fpage>448</fpage><lpage>457</lpage><permissions><license license-type="open-access" href="http://creativecommons.org/licenses/by/4.0/"><license-p>This work is licensed under a Creative Commons Attribution 4.0 International License.</license-p></license></permissions><self-uri href="http://www.scielosp.org/scielo.php?script=sci_arttext&amp;pid=S0102-311X1993000400005&amp;lng=en&amp;tlng=en" content-type="full_text_page"/><self-uri href="http://www.scielo.br/scielo.php?script=sci_issuetoc&amp;pid=0102-311X19930004&amp;lng=en" content-type="issue_page"/><self-uri href="http://www.scielosp.org/scielo.php?script=sci_serial&amp;pid=0102-311X&amp;lng=en" content-type="journal_page"/><abstract lang_id="pt"><p>Os ecossistemas amazônicos têm a capacidade de sustentar uma população humana esparsa e suprir serviços ambientais insubstituíveis. Contudo, a sua capacidade de gerar lucros financeiros através da venda de mercadorias é limitada. Os sistemas atualmente utilizados para o aproveitamento dos ecossistemas são insustentáveis e não atendem às necessidades básicas da população da região, geralmente oferecendo poucos empregos e retorno financeiro escasso. Os pressupostos fundamentais dos programas de fomento ao manejo florestal e outros sistemas são falhos, necessitando de mudanças básicas para que possam produzir de forma sustentável em escala comercial. A Amazônia tem um papel chave no suprimento de serviços ambientais, tanto no Brasil como no mundo. São necessários mecanismos institucionais para se avaliar estes serviços e traduzir este valor em um meio de sustento para aqueles que mantêm a floresta.</p></abstract><trans-abstract lang_id="en"><p>Amazonian ecosystems have the capacity to support a sparse human population and to supply irreplaceable environmental services. The region's capacity to produce financial returns through sale of commodities is limited. The production systems presently being used to exploit these ecosystems are unsustainable and do not attend to the basic needs of the region's population, in general offering little employment and little financial return that remains in the region. Fundamental assumptions of the programs for promoting forestry management and other systems are flawed, and basic changes are necessary in order for these systems to produce in a sustainable way on a commercial scale. Amazonia plays a key role in the supply of environmental services, both in Brazil and in the world as a whole. Institutional mechanisms are needed to assess the value of these services and to translate this value into a means of supporting the people who maintain the forest.</p></trans-abstract><kwd-group lang_id="en" kwd-group-type="author-generated"><kwd>Human Carrying Capacity</kwd><kwd>Agricultural Colonization</kwd><kwd>Forest Management</kwd><kwd>Climatic Change</kwd><kwd>Amazonia</kwd></kwd-group><kwd-group lang_id="pt" kwd-group-type="author-generated"><kwd>Capacidade de Suporte Humano</kwd><kwd>Desmatamento</kwd><kwd>Colonização Agrícola</kwd><kwd>Manejo Florestal</kwd><kwd>Mudanças Climáticas</kwd><kwd>Amazônia</kwd></kwd-group></article-meta></front><back><ref-list><ref id="B1"><element-citation publication-type="article"><article-title>An exploratory model of the impact of rapid climate change on the world food situation</article-title><source>Proceedings of the Royal Society of London</source><fpage>232</fpage><lpage>244</lpage><volume>241</volume><person-group><name><surname>DAILY</surname><given-names>G. C.</given-names></name><name><surname>EHRLICH</surname><given-names>P. R.</given-names></name></person-group></element-citation></ref></ref-list></back></article></articles>