<articles xmlns:xsi="http://www.w3.org/2001/XMLSchema-instance" xsi:schemaLocation="https://raw.githubusercontent.com/scieloorg/articles_meta/master/tests/xsd/scielo_sci/ThomsonReuters_publishing.xsd" dtd-version="1.10"><article lang_id="es" article-type="research-article"><front><journal-meta><journal-id journal-id-type="publisher">csp</journal-id><journal-title-group><journal-title>Cadernos de Saúde Pública</journal-title><abbrev-journal-title>Cad. Saúde Pública</abbrev-journal-title></journal-title-group><issn>1678-4464</issn><collection>SciELO Public Health</collection><publisher><publisher-name>Escola Nacional de Saúde Pública Sergio Arouca, Fundação Oswaldo Cruz</publisher-name></publisher></journal-meta><article-meta><unique-article-id pub-id-type="publisher-id">S0102-311X1992000300005</unique-article-id><article-id pub-id-type="publisher-id">S0102-311X1992000300005</article-id><article-id pub-id-type="doi">10.1590/S0102-311X1992000300005</article-id><article-categories><subj-group><subject>Health Policy &amp; Services</subject></subj-group></article-categories><title-group><article-title lang_id="es">Análisis y reflexión sobre modelos teóricos del proceso salud-enfermedad</article-title><trans-title-group lang_id="en"><trans-title>Analysis and reflection on theoretical models of the health-disease process</trans-title></trans-title-group></title-group><contrib-group><contrib contrib-type="author"><name><surname>Arredondo</surname><given-names>Armando</given-names></name><role>ND</role><xref ref-type="aff" rid="A01"/></contrib></contrib-group><aff id="A01"><institution>Instituto Nacional de Salud Pública</institution><country>Mexico</country></aff><pub-date><month>09</month><year>1992</year></pub-date><volume>8</volume><issue>3</issue><fpage>254</fpage><lpage>261</lpage><permissions><license license-type="open-access" href="http://creativecommons.org/licenses/by/4.0/"><license-p>This work is licensed under a Creative Commons Attribution 4.0 International License.</license-p></license></permissions><self-uri href="http://www.scielosp.org/scielo.php?script=sci_arttext&amp;pid=S0102-311X1992000300005&amp;lng=en&amp;tlng=en" content-type="full_text_page"/><self-uri href="http://www.scielosp.org/scielo.php?script=sci_issuetoc&amp;pid=0102-311X19920003&amp;lng=en" content-type="issue_page"/><self-uri href="http://www.scielosp.org/scielo.php?script=sci_serial&amp;pid=0102-311X&amp;lng=en" content-type="journal_page"/><abstract lang_id="es"><p>Este trabajo parte de la necesidad de hacer una revisión y análisis de los diferentes modelos teóricos sobre los determinantes y condicionantes del proceso salud-enfermedad como herramienta relevante de los programas educativos en la formación de recursos humanos. Determinando para cada modelo la hipótesis propuesta, las variables de estudio, ventajas, desventajas, época y representantes, se plantea como objeto de análisis el carácter científico y/ó metodológico de los modelos: mágico-religioso, sanitarista, unicausal, multicausal, epidemiológico, ecológico, social, histórico-social, geográfico, económico e interdisciplinario. La discusión y conclusiones se centran en la necesidad de discutir hasta que punto la metodología, los planteamientos y aportes fundamentales de cada modelo son compatibles, complementarios, contradictorios, científicamente sólidos, tendenciosos, conservadores, críticos y reflexivos, así como su relevancia en la formación de recursos humanos en salud.</p></abstract><trans-abstract lang_id="en"><p>The present paper does a review and analyses the models which have been developed for the analysis of determinants and explanatory factors of the health-disease process as an elementary input for designing educational programs in the training of health manpower. Establishing the hypothesis, variables, advantages, disadvantages, time and authors of each model, the object of the analysis includes the models' methodological and/or scientific aspects: magic-religious, sanitary, unicausal, multicausal, epidemiological, ecological, social, social-historical, geographical, economic and interdisciplinary. The discussion and conclusions focus on the critical and reflexive characteristics of the models, contradictions and compatibilities among them, and their relevance for the training of human resources in health.</p></trans-abstract><kwd-group lang_id="es" kwd-group-type="author-generated"><kwd>Salud-Enfermedad</kwd><kwd>Determinantes</kwd><kwd>Modelos Teóricos</kwd></kwd-group><kwd-group lang_id="en" kwd-group-type="author-generated"><kwd>Health-Disease</kwd><kwd>Determinants</kwd><kwd>Theoretical Models</kwd></kwd-group></article-meta></front><back><ref-list><ref id="B1"><element-citation publication-type="book"><source>Aportes de las ciencias sociales para el análisis de la morbi-mortalidad</source><date><year>1992</year></date><person-group><name><surname>ARREDONDO</surname><given-names>A.</given-names></name><name><surname>ARREDONDO</surname><given-names>A.</given-names></name></person-group></element-citation></ref></ref-list></back></article></articles>