<articles xmlns:xsi="http://www.w3.org/2001/XMLSchema-instance" xsi:schemaLocation="https://raw.githubusercontent.com/scieloorg/articles_meta/master/tests/xsd/scielo_sci/ThomsonReuters_publishing.xsd" dtd-version="1.10"><article lang_id="pt" article-type="research-article"><front><journal-meta><journal-id journal-id-type="publisher">csp</journal-id><journal-title-group><journal-title>Cadernos de Saúde Pública</journal-title><abbrev-journal-title>Cad. Saúde Pública</abbrev-journal-title></journal-title-group><issn>1678-4464</issn><collection>SciELO Brazil</collection><publisher><publisher-name>Escola Nacional de Saúde Pública Sergio Arouca, Fundação Oswaldo Cruz</publisher-name></publisher></journal-meta><article-meta><unique-article-id pub-id-type="publisher-id">S0102-311X1991000200011</unique-article-id><article-id pub-id-type="publisher-id">S0102-311X1991000200011</article-id><article-id pub-id-type="doi">10.1590/S0102-311X1991000200011</article-id><article-categories><subj-group><subject>Health Policy &amp; Services</subject></subj-group></article-categories><title-group><article-title lang_id="pt">Propostas para uma relação: profissionais de saúde e mulheres</article-title></title-group><contrib-group><contrib contrib-type="author"><name><surname>Borges</surname><given-names>Sherrine Maria Njaine</given-names></name><role>ND</role><xref ref-type="aff" rid="A01"/></contrib></contrib-group><aff id="A01"><institution>Fundação Oswaldo Cruz</institution><country>Brazil</country></aff><pub-date><month>06</month><year>1991</year></pub-date><volume>7</volume><issue>2</issue><fpage>284</fpage><lpage>289</lpage><permissions><license license-type="open-access" href="http://creativecommons.org/licenses/by-nc/4.0/"><license-p>This work is licensed under a Creative Commons Attribution-NonCommercial 4.0 International License.</license-p></license></permissions><self-uri href="http://www.scielo.br/scielo.php?script=sci_arttext&amp;pid=S0102-311X1991000200011&amp;lng=en&amp;tlng=en" content-type="full_text_page"/><self-uri href="http://www.scielosp.org/scielo.php?script=sci_issuetoc&amp;pid=0102-311X19910002&amp;lng=en" content-type="issue_page"/><self-uri href="http://www.scielosp.org/scielo.php?script=sci_serial&amp;pid=0102-311X&amp;lng=en" content-type="journal_page"/></article-meta></front><back><ref-list><ref id="B1"><element-citation publication-type="book"><source>Reflexiones desde un cuerpo de mujer</source><date><year>1983</year></date><person-group><name><surname>CATALÃ</surname><given-names>Magda</given-names></name><name><surname>CATALÃ</surname><given-names>Magda</given-names></name></person-group></element-citation></ref><ref id="B2"><element-citation publication-type="book"><source>Esboço da Psicanálise</source><date><year>1940</year></date><person-group><name><surname>FREUD</surname><given-names>Sigmund</given-names></name><name><surname>FREUD</surname><given-names>Sigmund</given-names></name></person-group></element-citation></ref><ref id="B3"><element-citation publication-type="book"><source>O mal-estar na civilização</source><date><year>1930</year></date><person-group><name><surname>FREUD</surname><given-names>Sigmund</given-names></name><name><surname>FREUD</surname><given-names>Sigmund</given-names></name></person-group></element-citation></ref><ref id="B4"><element-citation publication-type="book"><source>Fragmento da análise de um caso de histeria (1905)</source><date><year>1974</year></date><person-group><name><surname>FREUD</surname><given-names>Sigmund</given-names></name><name><surname>FREUD</surname><given-names>Sigmund</given-names></name></person-group></element-citation></ref><ref id="B5"><element-citation publication-type="book"><source>Mais... ainda (Seminário XX)</source><person-group><name><surname>LACAN</surname><given-names>Jacques</given-names></name><name><surname>LACAN</surname><given-names>Jacques</given-names></name></person-group></element-citation></ref><ref id="B6"><element-citation publication-type="book"><source>Partage des femmes</source><date><year>1982</year></date><person-group><name><surname>LEMOINE</surname><given-names>Eugène</given-names></name><name><surname>LEMOINE</surname><given-names>Eugène</given-names></name></person-group></element-citation></ref></ref-list></back></article></articles>