<articles xmlns:xsi="http://www.w3.org/2001/XMLSchema-instance" xsi:schemaLocation="https://raw.githubusercontent.com/scieloorg/articles_meta/master/tests/xsd/scielo_sci/ThomsonReuters_publishing.xsd" dtd-version="1.10"><article lang_id="pt" article-type="research-article"><front><journal-meta><journal-id journal-id-type="publisher">csp</journal-id><journal-title-group><journal-title>Cadernos de Saúde Pública</journal-title><abbrev-journal-title>Cad. Saúde Pública</abbrev-journal-title></journal-title-group><issn>1678-4464</issn><collection>SciELO Brazil</collection><publisher><publisher-name>Escola Nacional de Saúde Pública Sergio Arouca, Fundação Oswaldo Cruz</publisher-name></publisher></journal-meta><article-meta><unique-article-id pub-id-type="publisher-id">S0102-311X1990000200004</unique-article-id><article-id pub-id-type="publisher-id">S0102-311X1990000200004</article-id><article-id pub-id-type="doi">10.1590/S0102-311X1990000200004</article-id><article-categories><subj-group><subject>Health Policy &amp; Services</subject></subj-group></article-categories><title-group><article-title lang_id="pt">Fome e prosperidade econômica na América</article-title><trans-title-group lang_id="en"><trans-title>The paradox of hunger and economic prosperity in America</trans-title></trans-title-group></title-group><contrib-group><contrib contrib-type="author"><name><surname>Barbosa</surname><given-names>Frederico Simões</given-names></name><role>ND</role><xref ref-type="aff" rid="A01"/></contrib></contrib-group><aff id="A01"><institution>Fiocruz</institution></aff><pub-date><month>06</month><year>1990</year></pub-date><volume>6</volume><issue>2</issue><fpage>154</fpage><lpage>157</lpage><permissions><license license-type="open-access" href="http://creativecommons.org/licenses/by-nc/4.0/"><license-p>This work is licensed under a Creative Commons Attribution-NonCommercial 4.0 International License.</license-p></license></permissions><self-uri href="http://www.scielo.br/scielo.php?script=sci_arttext&amp;pid=S0102-311X1990000200004&amp;lng=en&amp;tlng=en" content-type="full_text_page"/><self-uri href="http://www.scielo.br/scielo.php?script=sci_issuetoc&amp;pid=0102-311X19900002&amp;lng=en" content-type="issue_page"/><self-uri href="http://www.scielosp.org/scielo.php?script=sci_serial&amp;pid=0102-311X&amp;lng=en" content-type="journal_page"/><abstract lang_id="pt"><p>Uma análise crítica sobre a situação da pobreza e da fome no período de 1977 a 1986 foi feita por J. Larry Brown et alii, nos EUA. Os autores indicam que as causas subjacentes deste fenômeno repousam sobre o aumento da desigual distribuição da riqueza naquele país e do enfraquecimento dos programas federais de assistência aos pobres. Comentários de outros sugerem que as causas mais profundas deste fenômeno têm raízes estruturais.</p></abstract><trans-abstract lang_id="en"><p>A critical analysis made on the current status (1977) to 1986) of the poverty and hunger in the USA is presented by J. Larry Brown et alii. The main conclusion is that the phenomenon is linked to the inequal national wealth distribution and the less emphasis given to the federal assistencial programs. Comments by others indicate that the phenomenon has deep economic structural roots.</p></trans-abstract></article-meta></front></article></articles>