<articles xmlns:xsi="http://www.w3.org/2001/XMLSchema-instance" xsi:schemaLocation="https://raw.githubusercontent.com/scieloorg/articles_meta/master/tests/xsd/scielo_sci/ThomsonReuters_publishing.xsd" dtd-version="1.10"><article lang_id="pt" article-type="research-article"><front><journal-meta><journal-id journal-id-type="publisher">csp</journal-id><journal-title-group><journal-title>Cadernos de Saúde Pública</journal-title><abbrev-journal-title>Cad. Saúde Pública</abbrev-journal-title></journal-title-group><issn>1678-4464</issn><collection>SciELO Brazil</collection><publisher><publisher-name>Escola Nacional de Saúde Pública Sergio Arouca, Fundação Oswaldo Cruz</publisher-name></publisher></journal-meta><article-meta><unique-article-id pub-id-type="publisher-id">S0102-311X1991000300006</unique-article-id><article-id pub-id-type="publisher-id">S0102-311X1991000300006</article-id><article-id pub-id-type="doi">10.1590/S0102-311X1991000300006</article-id><article-categories><subj-group><subject>Health Policy &amp; Services</subject></subj-group></article-categories><title-group><article-title lang_id="pt">A baixa qualidade do soro caseiro em Salvador, Brasil</article-title></title-group><contrib-group><contrib contrib-type="author"><name><surname>Carvalho</surname><given-names>Fernando Martins</given-names></name><role>ND</role></contrib><contrib contrib-type="author"><name><surname>Pereira</surname><given-names>Paulo Márcio Soares</given-names></name><role>ND</role></contrib><contrib contrib-type="author"><name><surname>Cruz</surname><given-names>Maria</given-names></name><role>ND</role></contrib><contrib contrib-type="author"><name><surname>Widmer</surname><given-names>Maria Rita</given-names></name><role>ND</role></contrib><contrib contrib-type="author"><name><surname>Palomo</surname><given-names>Victor</given-names></name><role>ND</role></contrib><contrib contrib-type="author"><name><surname>Ribeiro Junior</surname><given-names>Hugo</given-names></name><role>ND</role></contrib></contrib-group><aff id="A02"><institution>Universidade Federal da Bahia</institution><country>Brazil</country></aff><aff id="A03"><institution>Universidade Federal da Bahia</institution><country>Brazil</country></aff><aff id="A01"><institution>Universidade Federal da Bahia</institution><country>Brazil</country></aff><pub-date><month>09</month><year>1991</year></pub-date><volume>7</volume><issue>3</issue><fpage>363</fpage><lpage>369</lpage><permissions><license license-type="open-access" href="http://creativecommons.org/licenses/by-nc/4.0/"><license-p>This work is licensed under a Creative Commons Attribution-NonCommercial 4.0 International License.</license-p></license></permissions><self-uri href="http://www.scielo.br/scielo.php?script=sci_arttext&amp;pid=S0102-311X1991000300006&amp;lng=en&amp;tlng=en" content-type="full_text_page"/><self-uri href="http://www.scielosp.org/scielo.php?script=sci_issuetoc&amp;pid=0102-311X19910003&amp;lng=en" content-type="issue_page"/><self-uri href="http://www.scielosp.org/scielo.php?script=sci_serial&amp;pid=0102-311X&amp;lng=en" content-type="journal_page"/><abstract lang_id="pt"><p>Durante o ano de 1988 foi realizada uma campanha de âmbito nacional com o objetivo de informar a população brasileira sobre o preparo e utilização do soro caseiro (solução sal/açúcar para reidratação oral). A campanha foi intensivamente divulgada pelos meios de comunicação de massa. Este estudo preliminar avaliou a qualidade do soro caseiro preparado por 23 mães de crianças internadas num hospital pediátrico de Salvador, Bahia. Catorze (60,9%) dentre as 23 mães prepararam soluções, contendo concentrações de Na na faixa de 30-80mmol/L, recomendada pela Organização Mundial da Saúde. Onze (47,8%) soluções continham glicose dentro da faixa recomendada, de 30-112 mmol/L. Apenas seis (26%) das 23 mães prepararam soluções com concentrações adequadas de Na e glicose simultaneamente e, destas, somente três (13%) apresentavam, também, balanço adequado das concentrações dos eletrólitos. Características potencialmente iatrogênicas devido a elevadas concentrações de Na e glicose foram encontradas em 30,4% e em 43,5% das soluções, respectivamente. Os resultados revelam grande dificuldade das mães em preparar o soro caseiro com características adequadas para sua utilização numa campanha de controle da diarréia.</p></abstract><trans-abstract lang_id="en"><p>In 1988 a nation-wide campaign aiming to inform the Brazilian population about preparation and use of simple sugar/salt oral rehydration solution (ORS) was carried out. The campaign was massively shown by the media. This preliminary study assessed the quality of ORS prepared by 23 mothers of in-patient children from a pediatric hospital in Salvador, State of Bahia. Fourteen (60.9%) among the 23 mothers prepared solutions containing Na concentrations ranging from 30 to 80 mmol/L which is recommended by the World Health Organization. Eleven (47.8%) solutions contained glucose within the recommended range of 30 to 112 mmoI/L Only 6 (26%) out of the 23 mothers prepared ORS with simultaneously adequate Na and glucose concentrations. However, just 3 (13%) out of these 6 ORS also presented balanced electrolyte concentrations. Potential iatrogenicity due to high concentrations of Na and glucose was found in 30.4% and 43.5% of the solutions, respectively. These data raise serious concerns about the quality of home-made sugar/salt ORS, and therefore about its use as a safe agent in a campaign of diarrhoeal diseases control.</p></trans-abstract></article-meta></front><back><ref-list><ref id="B1"><element-citation publication-type="book"><source>Características de la mortalidad en la niñez</source><date><year>1973</year></date><volume>262</volume><person-group><name><surname>PUFFER</surname><given-names>R.R.</given-names></name><name><surname>SERRANO</surname><given-names>C.V.</given-names></name><name><surname>PUFFER</surname><given-names>R.R.</given-names></name><name><surname>SERRANO</surname><given-names>C.V.</given-names></name></person-group></element-citation></ref><ref id="B2"><element-citation publication-type="book"><source>Brasil: Estatísticas de mortalidade</source><date><year>1983</year></date></element-citation></ref><ref id="B3"><element-citation publication-type="book"><source>El tratamiento de la diarrea y uso de la terapia de reidratación oral</source><date><year>1985</year></date></element-citation></ref><ref id="B4"><element-citation publication-type="book"><source>- Manual de tratamiento de la diarrea</source><date><year>1987</year></date><volume>13</volume></element-citation></ref><ref id="B5"><element-citation publication-type="book"><source>Brasil: Programa Nacional do Soro Caseiro</source><date><year>1988</year></date></element-citation></ref><ref id="B6"><element-citation publication-type="article"><source>Lancet ii</source><date><year>1978</year></date><fpage>300</fpage><lpage>301</lpage></element-citation></ref><ref id="B7"><element-citation publication-type="article"><article-title>Oral hydration solutions: experimental optimization of water and sodium absorption</article-title><source>J. Pediatr.</source><date><year>1985</year></date><fpage>383</fpage><lpage>389</lpage><volume>106</volume><person-group><name><surname>WAPNIR</surname><given-names>R.A.</given-names></name><name><surname>LIFSHTZ</surname><given-names>F.</given-names></name></person-group></element-citation></ref><ref id="B8"><element-citation publication-type="book"><source>A decision process for establishing policy on fluids for home therapy of diarrhoea</source><date><year>1987</year></date></element-citation></ref><ref id="B9"><element-citation publication-type="article"><article-title>History and rationale of oral rehydration and recent developments in formulating an optimal solution</article-title><source>Drugs 36</source><date><year>1988</year></date><fpage>80</fpage><lpage>90</lpage><person-group><name><surname>FARTHING</surname><given-names>M.J.G.</given-names></name></person-group></element-citation></ref><ref id="B10"><element-citation publication-type="article"><article-title>Comparison of low and high sodium and potassium content in oral rehydration solutions</article-title><source>J.Pediatr.</source><date><year>1981</year></date><fpage>848</fpage><lpage>853</lpage><volume>97</volume><person-group><name><surname>NALIN</surname><given-names>D.R.</given-names></name><name><surname>HARLAND</surname><given-names>E.</given-names></name><name><surname>RAMLAL</surname><given-names>A.</given-names></name><name><surname>SWABY</surname><given-names>D.</given-names></name><name><surname>MCDONALD</surname><given-names>J.</given-names></name><name><surname>GANGAROSA</surname><given-names>R.</given-names></name><name><surname>LEVINE</surname><given-names>M.</given-names></name><name><surname>AKIERMAN</surname><given-names>A.</given-names></name><name><surname>ANTOINE</surname><given-names>M.</given-names></name><name><surname>MACKENZIE</surname><given-names>K.</given-names></name><name><surname>JOHNSON</surname><given-names>B.</given-names></name></person-group></element-citation></ref><ref id="B11"><element-citation publication-type="article"><article-title>Avaliação do manejo da diarréia em menores de cinco anos no Nordeste do Brasil</article-title><source>J. Pediatria</source><date><year>1989</year></date><fpage>420</fpage><lpage>459</lpage><volume>65</volume><person-group><name><surname>BARROS</surname><given-names>F.C.</given-names></name><name><surname>VICTORA</surname><given-names>C.G.</given-names></name></person-group></element-citation></ref></ref-list></back></article></articles>