<articles xmlns:xsi="http://www.w3.org/2001/XMLSchema-instance" xsi:schemaLocation="https://raw.githubusercontent.com/scieloorg/articles_meta/master/tests/xsd/scielo_sci/ThomsonReuters_publishing.xsd" dtd-version="1.10"><article lang_id="pt" article-type="research-article"><front><journal-meta><journal-id journal-id-type="publisher">csp</journal-id><journal-title-group><journal-title>Cadernos de Saúde Pública</journal-title><abbrev-journal-title>Cad. Saúde Pública</abbrev-journal-title></journal-title-group><issn>1678-4464</issn><collection>SciELO Brazil</collection><publisher><publisher-name>Escola Nacional de Saúde Pública Sergio Arouca, Fundação Oswaldo Cruz</publisher-name></publisher></journal-meta><article-meta><unique-article-id pub-id-type="publisher-id">S0102-311X1991000300007</unique-article-id><article-id pub-id-type="publisher-id">S0102-311X1991000300007</article-id><article-id pub-id-type="doi">10.1590/S0102-311X1991000300007</article-id><article-categories><subj-group><subject>Health Policy &amp; Services</subject></subj-group></article-categories><title-group><article-title lang_id="pt">Assistência médico-sanitária: notas para uma avaliação</article-title></title-group><contrib-group><contrib contrib-type="author"><name><surname>Oliveira</surname><given-names>Eliane dos Santos de</given-names></name><role>ND</role><xref ref-type="aff" rid="A01"/></contrib></contrib-group><aff id="A01"><institution>Fundação Oswaldo Cruz</institution><country>Brazil</country></aff><pub-date><month>09</month><year>1991</year></pub-date><volume>7</volume><issue>3</issue><fpage>370</fpage><lpage>395</lpage><permissions><license license-type="open-access" href="http://creativecommons.org/licenses/by-nc/4.0/"><license-p>This work is licensed under a Creative Commons Attribution-NonCommercial 4.0 International License.</license-p></license></permissions><self-uri href="http://www.scielo.br/scielo.php?script=sci_arttext&amp;pid=S0102-311X1991000300007&amp;lng=en&amp;tlng=en" content-type="full_text_page"/><self-uri href="http://www.scielosp.org/scielo.php?script=sci_issuetoc&amp;pid=0102-311X19910003&amp;lng=en" content-type="issue_page"/><self-uri href="http://www.scielosp.org/scielo.php?script=sci_serial&amp;pid=0102-311X&amp;lng=en" content-type="journal_page"/><abstract lang_id="pt"><p>O artigo apresenta a pesquisa Assistência Médico-Sanitária, AMS, desenvolvida pelo IBGE, com objetivo de discutir o papel desta pesquisa no Processo da Reforma Sanitária. Ressalta a importância de uma maior interação entre o IBGE e usuário, para que haja uma explicitação mais clara das reais necessidades do usuário e, com isso, um melhor aproveitamento das informações disponíveis. E, por fim, sugere um aperfeiçoamento na divulgação das pesquisas e ao acesso do banco de dados do IBGE, tendo em vista que estes constituem um dos grandes bloqueios no processo de planejamento no setor saúde.</p></abstract><trans-abstract lang_id="en"><p>This paper presents and discusses the role of the research "Medical and Sanitary Care" (Assistência médico-sanitária-AMS) developed by the IBGE (Brazilian Institute of Geography and Statistics) in the context of the Brazilian Health System Reform process. It points out the importance of stablishing a greater interaction between the IBGE and the user of this institution 's information system in such a way that users' needs can be more clearly expressed in order to achieve a more productive use of the available information. Finally, the Author suggests that there should be some improvements in the diffusion of these researches and in the access to IBGE 's data bases, for these issues constitute two major barriers for the health planning process.</p></trans-abstract></article-meta></front><back><ref-list><ref id="B1"><element-citation publication-type="book"><source>Estatísticas de Saúde, Assistência Médico-Sanitária</source><date><year>1987</year></date></element-citation></ref><ref id="B2"><element-citation publication-type="book"><source>Para Entender o Mercado de Trabalho</source><date><year>1986</year></date><person-group><name><surname>MÉDICI</surname><given-names>A.C.</given-names></name><name><surname>AGUIAR</surname><given-names>M.A.</given-names></name><name><surname>MÉDICI</surname><given-names>A.C.</given-names></name><name><surname>AGUIAR</surname><given-names>M.A.</given-names></name></person-group></element-citation></ref><ref id="B3"><element-citation publication-type="book"><source>A História das Estatísticas de Saúde</source><date><year>1986</year></date><person-group><name><surname>OLIVEIRA</surname><given-names>E.S.</given-names></name><name><surname>OLIVEIRA</surname><given-names>E.S.</given-names></name></person-group></element-citation></ref><ref id="B4"><element-citation publication-type="book"><source>Saúde e Trabalho: A Crise da Previdência Social</source><date><year>1981</year></date><person-group><name><surname>POSSAS</surname><given-names>C.A.</given-names></name><name><surname>POSSAS</surname><given-names>C.A.</given-names></name></person-group></element-citation></ref></ref-list></back></article></articles>