<articles xmlns:xsi="http://www.w3.org/2001/XMLSchema-instance" xsi:schemaLocation="https://raw.githubusercontent.com/scieloorg/articles_meta/master/tests/xsd/scielo_sci/ThomsonReuters_publishing.xsd" dtd-version="1.10"><article lang_id="pt" article-type="research-article"><front><journal-meta><journal-id journal-id-type="publisher">csp</journal-id><journal-title-group><journal-title>Cadernos de Saúde Pública</journal-title><abbrev-journal-title>Cad. Saúde Pública</abbrev-journal-title></journal-title-group><issn>1678-4464</issn><collection>SciELO Brazil</collection><publisher><publisher-name>Escola Nacional de Saúde Pública Sergio Arouca, Fundação Oswaldo Cruz</publisher-name></publisher></journal-meta><article-meta><unique-article-id pub-id-type="publisher-id">S0102-311X1988000400004</unique-article-id><article-id pub-id-type="publisher-id">S0102-311X1988000400004</article-id><article-id pub-id-type="doi">10.1590/S0102-311X1988000400004</article-id><article-categories><subj-group><subject>Health Policy &amp; Services</subject></subj-group></article-categories><title-group><article-title lang_id="pt">Considerações acerca de um jovem país que envelhece</article-title></title-group><contrib-group><contrib contrib-type="author"><name><surname>Veras</surname><given-names>Renato Peixoto</given-names></name><role>ND</role><xref ref-type="aff" rid="A01"/></contrib></contrib-group><aff id="A01"><institution>Universidade do Estado do Rio de Janeiro</institution><country>Brazil</country></aff><pub-date><month>12</month><year>1988</year></pub-date><volume>4</volume><issue>4</issue><fpage>382</fpage><lpage>397</lpage><permissions><license license-type="open-access" href="http://creativecommons.org/licenses/by-nc/4.0/"><license-p>This work is licensed under a Creative Commons Attribution-NonCommercial 4.0 International License.</license-p></license></permissions><self-uri href="http://www.scielo.br/scielo.php?script=sci_arttext&amp;pid=S0102-311X1988000400004&amp;lng=en&amp;tlng=en" content-type="full_text_page"/><self-uri href="http://www.scielo.br/scielo.php?script=sci_issuetoc&amp;pid=0102-311X19880004&amp;lng=en" content-type="issue_page"/><self-uri href="http://www.scielosp.org/scielo.php?script=sci_serial&amp;pid=0102-311X&amp;lng=en" content-type="journal_page"/><abstract lang_id="pt"><p>O envelhecimento da população é hoje um fenômeno universal, característica tanto dos países centrais como, de modo crescente, dos países do Terceiro Mundo. Os fatores responsáveis pelo envelhecimento são discutidos, e o processo conhecido por "transição demográfica" abordado. As repercussões para a sociedade do progressivo envelhecimento da população são consideradas, particularmente no que diz respeito à saúde. A mudança do papel da mulher no mundo contemporâneo, o período de vida mais longo e suas conseqüências, entre outros tópicos, fazem parte de uma discussão específica relativa à mulher idosa.</p></abstract><trans-abstract lang_id="en"><p>Ageing has now became an universal phenomenon, of increasing importance to developed and developing countries alike. This article discusses the factors which are responsible for the ageing process, and the various stages of the "demographic transition" are discussed also. The consequences for any society with a population that is gradually becoming older are considerable, and they are a particular importance for the health sector. The relatively longer life span of women and the changing role of women and their participation in society are also focused in this paper.</p></trans-abstract></article-meta></front><back><ref-list><ref id="B1"><element-citation publication-type="book"><source>Beyond three score and ten: a second report on a survey of elderly</source><date><year>1980</year></date><person-group><name><surname>ABRAMS</surname><given-names>M.</given-names></name><name><surname>ABRAMS</surname><given-names>M.</given-names></name></person-group></element-citation></ref><ref id="B2"><element-citation publication-type="book"><source>Old age</source><date><year>1972</year></date><person-group><name><surname>BEAUVOIR</surname><given-names>S.</given-names></name><name><surname>BEAUVOIR</surname><given-names>S.</given-names></name></person-group></element-citation></ref><ref id="B3"><element-citation publication-type="article"><article-title>The Chinese family and support of the elderly in Hong-Kong</article-title><source>Gerontologist</source><date><year>1983</year></date><fpage>584</fpage><lpage>8</lpage><volume>23</volume><person-group><name><surname>CHOW</surname><given-names>N. W.</given-names></name></person-group></element-citation></ref><ref id="B4"><element-citation publication-type="article"><article-title>The social life of the ageing in Thailand</article-title><source>Gerontologist</source><date><year>1968</year></date><fpage>159</fpage><lpage>63</lpage><volume>8</volume><person-group><name><surname>CONWGILL</surname><given-names>D. O.</given-names></name></person-group></element-citation></ref><ref id="B5"><element-citation publication-type="article"><article-title>Depression Dementia and Disablity in the Elderly</article-title><source>British Journal of Psychiatry</source><date><year>1987</year></date><fpage>482</fpage><lpage>493</lpage><volume>150</volume><person-group><name><surname>GRIFFITHS</surname><given-names>R. A.</given-names></name><name><surname>GOOD</surname><given-names>W. R.</given-names></name><name><surname>WATSON</surname><given-names>N.P.</given-names></name><name><surname>O'DONNELL</surname><given-names>F. O.</given-names></name><name><surname>FELL</surname><given-names>P. J.</given-names></name><name><surname>SHAKESPEARE</surname><given-names>S. M.</given-names></name></person-group></element-citation></ref><ref id="B6"><element-citation publication-type="book"><source>Age concern on pensioner incomes</source><date><year>1974</year></date><person-group><name><surname>HEWITT</surname><given-names>P.</given-names></name><name><surname>HEWITT</surname><given-names>P.</given-names></name></person-group></element-citation></ref><ref id="B7"><element-citation publication-type="article"><article-title>Mortality problem in Brazil and in Germany: past-present-future: learning from each other?</article-title><source>Rev. Saúde públ.</source><date><year>1985</year></date><fpage>233</fpage><lpage>50</lpage><volume>19</volume><person-group><name><surname>IMHOF</surname><given-names>A. E.</given-names></name></person-group></element-citation></ref><ref id="B8"><element-citation publication-type="article"><article-title>O envelhecimento da população mundial: Um desafio novo</article-title><source>Rev. Saúde públ.</source><date><year>1987</year></date><fpage>200</fpage><lpage>10</lpage><volume>21</volume><person-group><name><surname>KALACHE</surname><given-names>A.</given-names></name><name><surname>VERAS</surname><given-names>R. P.</given-names></name><name><surname>RAMOS</surname><given-names>L. R.</given-names></name></person-group></element-citation></ref><ref id="B9"><element-citation publication-type="article"><article-title>Health needs of women as they age</article-title><source>Women &amp; H1th</source><date><year>1985</year></date><fpage>1</fpage><lpage>8</lpage><issue>2/3</issue><volume>10</volume><person-group><name><surname>LEWIS</surname><given-names>M.</given-names></name></person-group></element-citation></ref><ref id="B10"><element-citation publication-type="book"><source>Testemunhos de vida: um estudo antropológico das mulheres na velhice</source><date><year>1987</year></date><person-group><name><surname>LINS DE BARROS</surname><given-names>M.</given-names></name><name><surname>LINS DE BARROS</surname><given-names>M.</given-names></name></person-group></element-citation></ref><ref id="B11"><element-citation publication-type="book"><source>Estatística de mortalidade - Brasil: 1981</source><date><year>1984</year></date></element-citation></ref><ref id="B12"><element-citation publication-type="article"><article-title>Ageing and the family</article-title><source>Wld Hlth Stat.</source><date><year>1982</year></date><fpage>225</fpage><lpage>38</lpage><volume>35</volume><person-group><name><surname>MYERS</surname><given-names>G.</given-names></name><name><surname>NATHANSON</surname><given-names>G.</given-names></name></person-group></element-citation></ref><ref id="B13"><element-citation publication-type="article"><article-title>The prognosis of depression in old age</article-title><source>Brit. J. Psychiat.</source><date><year>1983</year></date><fpage>111</fpage><lpage>9</lpage><volume>142</volume><person-group><name><surname>MURPHY</surname><given-names>E.</given-names></name></person-group></element-citation></ref><ref id="B14"><element-citation publication-type="article"><article-title>Envelhecimento populacional: uma realidade brasileira</article-title><source>Rev. Saúde públ.</source><date><year>1987</year></date><fpage>211</fpage><lpage>24</lpage><volume>21</volume><person-group><name><surname>RAMOS</surname><given-names>L. R.</given-names></name><name><surname>VERAS</surname><given-names>R. P.</given-names></name><name><surname>KALACHE</surname><given-names>A.</given-names></name></person-group></element-citation></ref><ref id="B15"><element-citation publication-type="book"><source>Demografia: estimativa e projeções</source><date><year>1978</year></date><person-group><name><surname>SANTOS</surname><given-names>J. L. F.</given-names></name><name><surname>SANTOS</surname><given-names>J. L. F.</given-names></name></person-group></element-citation></ref><ref id="B16"><element-citation publication-type="article"><article-title>Families and households of the elderly population: prostepcts for those approaching old age</article-title><source>Ageing and Society</source><date><year>1986</year></date><fpage>271</fpage><lpage>293</lpage><volume>6</volume><person-group><name><surname>TIMACUS</surname><given-names>I.</given-names></name></person-group></element-citation></ref><ref id="B17"><element-citation publication-type="book"><source>The family life os old people</source><date><year>1970</year></date><person-group><name><surname>TOWNSEND</surname><given-names>P.</given-names></name><name><surname>TOWNSEND</surname><given-names>P.</given-names></name></person-group></element-citation></ref><ref id="B18"><element-citation publication-type="book"><source>Poverty in the United Kingdom</source><date><year>1975</year></date><person-group><name><surname>TOWNSEND</surname><given-names>P.</given-names></name><name><surname>TOWNSEND</surname><given-names>P.</given-names></name></person-group></element-citation></ref><ref id="B19"><element-citation publication-type="book"><source>Living longer in Brazil: demographic changes and challenges for policy makers in health planning</source><date><year>1985</year></date><person-group><name><surname>VERAS</surname><given-names>R. P.</given-names></name><name><surname>VERAS</surname><given-names>R. P.</given-names></name></person-group></element-citation></ref><ref id="B20"><element-citation publication-type="article"><article-title>Crescimento da população idosa no Brasil: transformações e conseqüências na sociedade</article-title><source>Rev. Saúde públ.</source><date><year>1987</year></date><fpage>225</fpage><lpage>33</lpage><volume>21</volume><person-group><name><surname>VERAS</surname><given-names>R. P.</given-names></name></person-group></element-citation></ref></ref-list></back></article></articles>