<articles xmlns:xsi="http://www.w3.org/2001/XMLSchema-instance" xsi:schemaLocation="https://raw.githubusercontent.com/scieloorg/articles_meta/master/tests/xsd/scielo_sci/ThomsonReuters_publishing.xsd" dtd-version="1.10"><article lang_id="pt" article-type="research-article"><front><journal-meta><journal-id journal-id-type="publisher">csp</journal-id><journal-title-group><journal-title>Cadernos de Saúde Pública</journal-title><abbrev-journal-title>Cad. Saúde Pública</abbrev-journal-title></journal-title-group><issn>1678-4464</issn><collection>SciELO Brazil</collection><publisher><publisher-name>Escola Nacional de Saúde Pública Sergio Arouca, Fundação Oswaldo Cruz</publisher-name></publisher></journal-meta><article-meta><unique-article-id pub-id-type="publisher-id">S0102-311X1985000100003</unique-article-id><article-id pub-id-type="publisher-id">S0102-311X1985000100003</article-id><article-id pub-id-type="doi">10.1590/S0102-311X1985000100003</article-id><article-categories><subj-group><subject>Health Policy &amp; Services</subject></subj-group></article-categories><title-group><article-title lang_id="pt">O técnico e as necessidades em saúde</article-title></title-group><contrib-group><contrib contrib-type="author"><name><surname>Castiel</surname><given-names>Luis David</given-names></name><role>ND</role><xref ref-type="aff" rid="A01"/></contrib></contrib-group><aff id="A01"><institution>Fundação Oswaldo Cruz</institution><country>Brazil</country></aff><pub-date><month>03</month><year>1985</year></pub-date><volume>1</volume><issue>1</issue><fpage>18</fpage><lpage>24</lpage><permissions><license license-type="open-access" href="http://creativecommons.org/licenses/by-nc/4.0/"><license-p>This work is licensed under a Creative Commons Attribution-NonCommercial 4.0 International License.</license-p></license></permissions><self-uri href="http://www.scielo.br/scielo.php?script=sci_arttext&amp;pid=S0102-311X1985000100003&amp;lng=en&amp;tlng=en" content-type="full_text_page"/><self-uri href="http://www.scielosp.org/scielo.php?script=sci_issuetoc&amp;pid=0102-311X19850001&amp;lng=en" content-type="issue_page"/><self-uri href="http://www.scielosp.org/scielo.php?script=sci_serial&amp;pid=0102-311X&amp;lng=en" content-type="journal_page"/><abstract lang_id="pt"><p>Este artigo discute as limitações do técnico do Setor Saúde na identificação das necessidades sanitárias da população brasileira. Sugere-se que a centralização das decisões em políticas de saúde tomadas pelo Estado corresponde aos interesses dos empresários da Saúde, das indústrias farmacêuticas e de equipamentos médicos. Assim, a interferência destes grupos condiciona a forma insuficiente como o técnico identifica tais necessidades, já que estas serão atendidas precariamente pelas instituições de Saúde.</p></abstract><trans-abstract lang_id="en"><p>This paper discusses the restraints that interfere on the activities of public health technical personnel on the identification of brazilians' health needs. It is suggested that centralized decision making taken by the State on health policies suits the interests of health entrepreneurs pharmaceutical and medical equipment industries. Actually, these groups restrict the way that public health technical personnel identify health needs, which are going to be insufficiently met by health institutions.</p></trans-abstract></article-meta></front><back><ref-list><ref id="B1"><element-citation publication-type="book"><source>The social construction of reality</source><date><year>1971</year></date><person-group><name><surname>BERGER</surname><given-names>P.</given-names></name><name><surname>LUCKMANN</surname><given-names>T.</given-names></name><name><surname>BERGER</surname><given-names>P.</given-names></name><name><surname>LUCKMANN</surname><given-names>T.</given-names></name></person-group></element-citation></ref><ref id="B2"><element-citation publication-type="book"><source>Problems and progress in medical care</source><date><year>1972</year></date><person-group><name><surname>BRADSHAW</surname><given-names>J.</given-names></name><name><surname>MACLACHLAN</surname><given-names>F.</given-names></name><name><surname>MACLACHLAN</surname><given-names>F.</given-names></name></person-group></element-citation></ref><ref id="B3"><element-citation publication-type="book"><source>Rationing health care</source><date><year>1975</year></date><person-group><name><surname>COOPER</surname><given-names>M.H.</given-names></name><name><surname>COOPER</surname><given-names>M.H.</given-names></name></person-group></element-citation></ref><ref id="B4"><element-citation publication-type="book"><source>A política social do estado capitalista</source><date><year>1980</year></date><person-group><name><surname>FALEIROS</surname><given-names>V. de P.</given-names></name><name><surname>FALEIROS</surname><given-names>V. de P.</given-names></name></person-group></element-citation></ref><ref id="B5"><element-citation publication-type="book"><source>Profession of medicine</source><date><year>1970</year></date><person-group><name><surname>FREIDSON</surname><given-names>E.</given-names></name><name><surname>FREIDSON</surname><given-names>E.</given-names></name></person-group></element-citation></ref><ref id="B6"><element-citation publication-type="book"><source>Medical nemesis: the expropriation of health</source><date><year>1976</year></date><person-group><name><surname>ILLICH</surname><given-names>I.</given-names></name><name><surname>ILLICH</surname><given-names>I.</given-names></name></person-group></element-citation></ref><ref id="B7"><element-citation publication-type="book"><source>Portfolio for health</source><date><year>1971</year></date><person-group><name><surname>MATTHEW</surname><given-names>G.K.</given-names></name><name><surname>MCLAHLAN</surname><given-names>G.</given-names></name><name><surname>MCLAHLAN</surname><given-names>G.</given-names></name></person-group></element-citation></ref><ref id="B8"><element-citation publication-type="book"><source>Medicine under capitalism</source><date><year>1976</year></date><person-group><name><surname>NAVARRO</surname><given-names>V.</given-names></name><name><surname>NAVARRO</surname><given-names>V.</given-names></name></person-group></element-citation></ref></ref-list></back></article></articles>