<articles xmlns:xsi="http://www.w3.org/2001/XMLSchema-instance" xsi:schemaLocation="https://raw.githubusercontent.com/scieloorg/articles_meta/master/tests/xsd/scielo_sci/ThomsonReuters_publishing.xsd" dtd-version="1.10"><article lang_id="pt" article-type="research-article"><front><journal-meta><journal-id journal-id-type="publisher">csp</journal-id><journal-title-group><journal-title>Cadernos de Saúde Pública</journal-title><abbrev-journal-title>Cad. Saúde Pública</abbrev-journal-title></journal-title-group><issn>1678-4464</issn><collection>SciELO Public Health</collection><publisher><publisher-name>Escola Nacional de Saúde Pública Sergio Arouca, Fundação Oswaldo Cruz</publisher-name></publisher></journal-meta><article-meta><unique-article-id pub-id-type="publisher-id">S0102-311X1993000300019</unique-article-id><article-id pub-id-type="publisher-id">S0102-311X1993000300019</article-id><article-id pub-id-type="doi">10.1590/S0102-311X1993000300019</article-id><article-categories><subj-group><subject>Health Policy &amp; Services</subject></subj-group></article-categories><title-group><article-title lang_id="pt">Religião e cura: algumas reflexões sobre a experiência religiosa das classes populares urbanas</article-title><trans-title-group lang_id="en"><trans-title>Religion and cure: some thoughts on the religious experience of urban popular classes</trans-title></trans-title-group></title-group><contrib-group><contrib contrib-type="author"><name><surname>Rabelo</surname><given-names>Miriam Cristina</given-names></name><role>ND</role><xref ref-type="aff" rid="A01"/></contrib></contrib-group><aff id="A01"><institution>Universidade Federal da Bahia</institution><country>Brasil</country></aff><pub-date><month>09</month><year>1993</year></pub-date><volume>9</volume><issue>3</issue><fpage>316</fpage><lpage>325</lpage><permissions><license license-type="open-access" href="http://creativecommons.org/licenses/by/4.0/"><license-p>This work is licensed under a Creative Commons Attribution 4.0 International License.</license-p></license></permissions><self-uri href="http://www.scielosp.org/scielo.php?script=sci_arttext&amp;pid=S0102-311X1993000300019&amp;lng=en&amp;tlng=en" content-type="full_text_page"/><self-uri href="http://www.scielo.br/scielo.php?script=sci_issuetoc&amp;pid=0102-311X19930003&amp;lng=en" content-type="issue_page"/><self-uri href="http://www.scielosp.org/scielo.php?script=sci_serial&amp;pid=0102-311X&amp;lng=en" content-type="journal_page"/><abstract lang_id="pt"><p>A importância dos cultos religiosos enquanto agências terapêuticas entre as classes populares urbanas tem sido amplamente reconhecida. A partir de análise da história de doença de uma jovem de bairro pobre de Salvador - que recorreu a uma série de agências religiosas desde a eclosão do seu problema - o presente trabalho busca contribuir para o entendimento das formas pelas quais as visões de mundo e projetos de cura de diferentes cultos são de fato incorporados à experiência cotidiana de doentes e seus familiares.</p></abstract><trans-abstract lang_id="en"><p>The importance of religious cults in providing healing services for Brazil's urban poor is now widely acknowledged. This study focuses on a poor neighbourhood in Salvador and the history of the illness of a young woman who resorted to several religious therapies beginning at the time of onset of her disease. The article seeks to contribute to an understanding of the ways in which the world views and healing projects of various religions are actually incorporated into the experience of ill individuals and their family members.</p></trans-abstract><kwd-group lang_id="en" kwd-group-type="author-generated"><kwd>Religion</kwd><kwd>Cure</kwd><kwd>Therapies</kwd><kwd>Culture and Illness</kwd><kwd>Urban Brazil</kwd></kwd-group><kwd-group lang_id="pt" kwd-group-type="author-generated"><kwd>Religião</kwd><kwd>Cura</kwd><kwd>Terapias</kwd><kwd>Cultura e Doença</kwd><kwd>Brasil Urbano</kwd></kwd-group></article-meta></front><back><ref-list><ref id="B1"><element-citation publication-type="article"><article-title>Medical Culture System: The Social Dimension of Sickness</article-title><source>Tese de Doutorado</source><date><year>1990</year></date><fpage>University of Liverpool</fpage><volume>Liverpool</volume><person-group><name><surname>ALVES</surname><given-names>P. C. B.</given-names></name></person-group></element-citation></ref></ref-list></back></article></articles>