<articles xmlns:xsi="http://www.w3.org/2001/XMLSchema-instance" xsi:schemaLocation="https://raw.githubusercontent.com/scieloorg/articles_meta/master/tests/xsd/scielo_sci/ThomsonReuters_publishing.xsd" dtd-version="1.10"><article lang_id="pt" article-type="research-article"><front><journal-meta><journal-id journal-id-type="publisher">csp</journal-id><journal-title-group><journal-title>Cadernos de Saúde Pública</journal-title><abbrev-journal-title>Cad. Saúde Pública</abbrev-journal-title></journal-title-group><issn>1678-4464</issn><collection>SciELO Public Health</collection><publisher><publisher-name>Escola Nacional de Saúde Pública Sergio Arouca, Fundação Oswaldo Cruz</publisher-name></publisher></journal-meta><article-meta><unique-article-id pub-id-type="publisher-id">S0102-311X1988000200002</unique-article-id><article-id pub-id-type="publisher-id">S0102-311X1988000200002</article-id><article-id pub-id-type="doi">10.1590/S0102-311X1988000200002</article-id><article-categories><subj-group><subject>Health Policy &amp; Services</subject></subj-group></article-categories><title-group><article-title lang_id="pt">Aplicação especial de inseticidas em saúde pública</article-title></title-group><contrib-group><contrib contrib-type="author"><name><surname>Aragão</surname><given-names>Mario B.</given-names></name><role>ND</role><xref ref-type="aff" rid="A01"/></contrib><contrib contrib-type="author"><name><surname>Amaral</surname><given-names>Ronaldo Santos do</given-names></name><role>ND</role><xref ref-type="aff" rid="A02"/></contrib><contrib contrib-type="author"><name><surname>Lima</surname><given-names>Milton Moura</given-names></name><role>ND</role><xref ref-type="aff" rid="A03"/></contrib></contrib-group><aff id="A01"><institution>Fiocruz</institution><country>Brazil</country></aff><aff id="A02"><institution>Superintendência de Campanhas de Saúde Pública</institution><country>Brazil</country></aff><aff id="A03"><institution>Organização Panamericana de Saúde</institution><country>Brazil</country></aff><pub-date><month>06</month><year>1988</year></pub-date><volume>4</volume><issue>2</issue><fpage>147</fpage><lpage>166</lpage><permissions><license license-type="open-access" href="http://creativecommons.org/licenses/by/4.0/"><license-p>This work is licensed under a Creative Commons Attribution 4.0 International License.</license-p></license></permissions><self-uri href="http://www.scielosp.org/scielo.php?script=sci_arttext&amp;pid=S0102-311X1988000200002&amp;lng=en&amp;tlng=en" content-type="full_text_page"/><self-uri href="http://www.scielosp.org/scielo.php?script=sci_issuetoc&amp;pid=0102-311X19880002&amp;lng=en" content-type="issue_page"/><self-uri href="http://www.scielosp.org/scielo.php?script=sci_serial&amp;pid=0102-311X&amp;lng=en" content-type="journal_page"/><abstract lang_id="pt"><p>A aplicação espacial de inseticidas iniciada por Gorgas e Oswaldo Cruz, perdeu importância com o aparecimento do DDT, mas voltou a ser usada com o desenvolvimento dos inseticidas fosforados de baixa toxicidade. Nessa fase, entretanto, o nível tecnológico é diferente. O avião e o helicóptero permitiram a nebulização de inseticidas sob forma de produto técnico e, em seguida, apareceram máquinas portáteis e transportadas em viaturas capazes de realizar essa tarefa. Pouco demorou para que fosse resolvido o problema do tamanho das gotas que, para mosquitos, tem que ser inferior a 20µ. Essas aplicações a ultrabaixo volume (UBV) começaram a ser usadas no Brasil contra Culex quinquefasciatus e seu uso foi incrementado depois da reintrodução, no país, de Aedes aegypti. Uma série de trabalhos experimentais visando a um método de fazer baixar, rapidamente, a densidade desse mosquito foi iniciada pela Superintendência de Campanhas de Saúde Pública (Sucam), em 1984, com a aplicação de Sumitiom (Fenitrotiom) técnico. Em seguida foi experimentada a concentração de 60%, em óleo de soja e, depois, Sumitiom e Malatiom a 40%, com resultados satisfatórios. Na máquina motorizada (Leco) a vazão foi de 127 ml/min com a viatura a 10 km/hora, o que equivale, teoricamente, a uma dose de 300 ml/ha. Em favelas da cidade do Rio de Janeiro essa concentrações deram ótimos resultados, quando aplicadas com máquinas portáteis (Micro-gen) e (Hatsuta) com doses de 12 a 21 ml/casa em áreas íngremes e de 4,5 ml/casa em terrenos planos. Com essas máquinas as aplicações desses inseticidas a 25%, também em favelas, deram resultados razoáveis. Nessas máquinas portáteis há necessidade de conseguir uma modificação que diminua a vazão do inseticida, para melhorar o espectro do tamanho das gotas. Com base na bibliografia disponível sugere-se novos experimentos com concentrações mais baixas de inseticida.</p></abstract><trans-abstract lang_id="en"><p>The fumigation of insecticides initiated by Gorgas and Oswaldo Cruz had its importance reduced after the introduction of DDT but is use is being resumed with the development of low toxity organophosphate insecticides. At this time, however, the technological development is different. The airplane and the helicopter allowed the spraying of insecticides under the technical grade form and, after that, machines that could be transported in vehicles to perform this task were developed. Soon after, the problem of the size of the droplets was resolved and these must be smaller than 20µ for mosquitoes. These applications at ultra low volume were initially used in Brazil against Culex quinquefasciatus and its use increased after the reintroduction of Aedes aegypti. A series of experimental trials with the aim to produce a rapid decrease in the density of this insect was initiated in 1984 by Sucam using technical grade Sumithion (Fenitrothion). Subsequently it was tried the concentration of 60% in soybean oil and then Sumithion and Malathion at 40% with good results. With the machine transported in vehicle (Leco) the flow rate was 126 ml/min with the vehicle at a speed of 10 km/hour which, in theory, corresponds to a dose of 300 ml/ha. At the slums of the city of Rio de Janeiro these, concentrations yielded very good results when applied with the aid of portable machines (Microgen and Hatsuta) using doses of 12-20 ml/house in steep areas and 4,5 ml/housein plane areas. With these machines the application of these insecticides in concentration of 25%, also in slums, yelded good results. With the portable machines it is necessary to make modifications to decrease the flow rate of the insecticide to improve the spectrum of sizes of the droplets. Based in the available literature new experiments with lower concentration are suggested.</p></trans-abstract></article-meta></front><back><ref-list><ref id="B1"><element-citation publication-type="article"><article-title>O comportamento dos anofelinos do subgênero Kerteszia, no sul do Brasil e o efeito do inseticida DDT</article-title><source>Mem Inst. Oswaldo Cruz</source><date><year>1974</year></date><fpage>147</fpage><lpage>172</lpage><volume>72</volume><person-group><name><surname>ARAGÃO</surname><given-names>M. B.</given-names></name></person-group></element-citation></ref></ref-list></back></article></articles>