<articles xmlns:xsi="http://www.w3.org/2001/XMLSchema-instance" xsi:schemaLocation="https://raw.githubusercontent.com/scieloorg/articles_meta/master/tests/xsd/scielo_sci/ThomsonReuters_publishing.xsd" dtd-version="1.10"><article lang_id="pt" article-type="research-article"><front><journal-meta><journal-id journal-id-type="publisher">csp</journal-id><journal-title-group><journal-title>Cadernos de Saúde Pública</journal-title><abbrev-journal-title>Cad. Saúde Pública</abbrev-journal-title></journal-title-group><issn>1678-4464</issn><collection>SciELO Brazil</collection><publisher><publisher-name>Escola Nacional de Saúde Pública Sergio Arouca, Fundação Oswaldo Cruz</publisher-name></publisher></journal-meta><article-meta><unique-article-id pub-id-type="publisher-id">S0102-311X1988000200004</unique-article-id><article-id pub-id-type="publisher-id">S0102-311X1988000200004</article-id><article-id pub-id-type="doi">10.1590/S0102-311X1988000200004</article-id><article-categories><subj-group><subject>Health Policy &amp; Services</subject></subj-group></article-categories><title-group><article-title lang_id="pt">Cesta básica nordestina: oferta e demanda</article-title></title-group><contrib-group><contrib contrib-type="author"><name><surname>Dantas</surname><given-names>Maria Odete</given-names></name><role>ND</role><xref ref-type="aff" rid="A01"/></contrib><contrib contrib-type="author"><name><surname>Barbosa</surname><given-names>Antonio Rodrigues</given-names></name><role>ND</role><xref ref-type="aff" rid="A02"/></contrib><contrib contrib-type="author"><name><surname>Lima</surname><given-names>Maria do Socorro Silva</given-names></name><role>ND</role><xref ref-type="aff" rid="A01"/></contrib></contrib-group><aff id="A01"><institution>Universidade Federal do Rio Grande do Norte</institution><country>Brazil</country></aff><aff id="A02"><institution>Universidade Federal do Rio Grande do Norte</institution><country>Brazil</country></aff><pub-date><month>06</month><year>1988</year></pub-date><volume>4</volume><issue>2</issue><fpage>197</fpage><lpage>206</lpage><permissions><license license-type="open-access" href="http://creativecommons.org/licenses/by-nc/4.0/"><license-p>This work is licensed under a Creative Commons Attribution-NonCommercial 4.0 International License.</license-p></license></permissions><self-uri href="http://www.scielo.br/scielo.php?script=sci_arttext&amp;pid=S0102-311X1988000200004&amp;lng=en&amp;tlng=en" content-type="full_text_page"/><self-uri href="http://www.scielosp.org/scielo.php?script=sci_issuetoc&amp;pid=0102-311X19880002&amp;lng=en" content-type="issue_page"/><self-uri href="http://www.scielosp.org/scielo.php?script=sci_serial&amp;pid=0102-311X&amp;lng=en" content-type="journal_page"/><abstract lang_id="pt"><p>O trabalho apresenta uma projeção da oferta e demanda dos alimentos que compõem a cesta básica nordestina, proposta pelo VII SIBAN (Simpósio Brasileiro de Alimentação e Nutrição), relacionada com o perfil médio dos requerimentos nutricionais da população regional. Os procedimentos metodológicos foram baseados no crescimento anual da população (censo FIBGE) e na disponibilidade regional de alimentos. O período base é de 1970 a 1980. O cardápio considerado foi o preconizado pelo VII SIBAN, baseado nas recomendações nutricionais da FAO 75, adaptado à demanda dos requerimentos médios populacionais da região e na tabela de composição de alimentos do ENDEF. Os resultados apontam aos governos Federal e Estadual a oferta de alimentos necessária que deverá orientar o planejamento agrícola, articulando as medidas necessárias para a modificação da atual estrutura de produção de alimentos.</p></abstract><trans-abstract lang_id="en"><p>In this paper, a projection of supply and demand of supplies that compose the minimal food requirement in Northeast Brazil, offered by the VII th BSAN (Brazilian Symposium on Alimentation and Nutrition), concerning the nutritional profile of the regional population is presented. The methodological procedures were based on the annual increase of the population and on the regional availability of supplies. The period studied is from 1970 to 1980. The menu considered was that of advised by the VIIth BSAN, according to the nutritional suggestions of FAO 75. The menu was adapted to the demand of the regional average populational requirements and based on the ENDEF's food list. Results indicate to Federal and State governments the food supply needed. This amount should guide agricultural planning, suggesting measures to change present food production patterns.</p></trans-abstract></article-meta></front><back><ref-list><ref id="B1"><element-citation publication-type="book"><source>Fisiopatologia de Nutrição</source><fpage>258 </fpage><lpage> 259</lpage><volume>I</volume><person-group><name><surname>DE ÁNGELIS</surname><given-names>Rebecca</given-names></name><name><surname>DE ÁNGELIS</surname><given-names>Rebecca</given-names></name></person-group></element-citation></ref><ref id="B2"><element-citation publication-type="book"><source>Boletins do DIESSE</source><date><month>06</month><year>1985</year></date><volume>IV</volume></element-citation></ref><ref id="B3"><element-citation publication-type="article"><article-title>Padrões Alimentares de famílias rurais do trópico semi-árido</article-title><source>Rev. Ciência e desnutrição</source><date><year>1984</year></date><person-group><name><surname>Lucena</surname><given-names>M. A.</given-names></name><name><surname>Barsante</surname><given-names>M.F.</given-names></name><name><surname>Torres</surname><given-names>M. A.</given-names></name><name><surname>Batista</surname><given-names>M. F.</given-names></name></person-group></element-citation></ref><ref id="B4"><element-citation publication-type="article"><article-title>Valor da cesta básica do trabalhador em relação ao salário mínimo em Natal, RN</article-title><source>Cadernos de Saúde Coletiva</source><date><year>1984</year></date><issue>1</issue><person-group><name><surname>Lima</surname><given-names>Maria do Socorro Silva</given-names></name></person-group></element-citation></ref><ref id="B5"><element-citation publication-type="book"><source>Contribuição para melhoria da situação alimentar e nutricional do Brasil: Seção RN, VII SIBAN</source><date><year>1984</year></date><person-group><name><surname>Lima</surname><given-names>Maria do Socorro Silva</given-names></name><name><surname>Araújo</surname><given-names>Maria Odete Dantas de</given-names></name><name><surname>Barbosa</surname><given-names>A. Rodrigues</given-names></name><name><surname>Rodrigues</surname><given-names>Lívia Pena Firme</given-names></name><name><surname>Tavares</surname><given-names>Clotilde Santa Cruz</given-names></name><name><surname>Lima</surname><given-names>Maria do Socorro Silva</given-names></name><name><surname>Araújo</surname><given-names>Maria Odete Dantas de</given-names></name><name><surname>Barbosa</surname><given-names>A. Rodrigues</given-names></name><name><surname>Rodrigues</surname><given-names>Lívia Pena Firme</given-names></name><name><surname>Tavares</surname><given-names>Clotilde Santa Cruz</given-names></name></person-group></element-citation></ref><ref id="B6"><element-citation publication-type="conference"><source>Anais do</source><date><year>1985</year></date></element-citation></ref><ref id="B7"><element-citation publication-type="book"><source>Censo demográfico</source><date><year>1980</year></date></element-citation></ref><ref id="B8"><element-citation publication-type="book"><source>Censo Econômico</source></element-citation></ref><ref id="B9"><element-citation publication-type="book"><source>Estudo Nacional da Despesa Familiar</source><date><year>1974</year></date></element-citation></ref><ref id="B10"><element-citation publication-type="book"><source>Recomendações FAO/OMS 75</source></element-citation></ref></ref-list></back></article></articles>