<articles xmlns:xsi="http://www.w3.org/2001/XMLSchema-instance" xsi:schemaLocation="https://raw.githubusercontent.com/scieloorg/articles_meta/master/tests/xsd/scielo_sci/ThomsonReuters_publishing.xsd" dtd-version="1.10"><article lang_id="pt" article-type="research-article"><front><journal-meta><journal-id journal-id-type="publisher">csp</journal-id><journal-title-group><journal-title>Cadernos de Saúde Pública</journal-title><abbrev-journal-title>Cad. Saúde Pública</abbrev-journal-title></journal-title-group><issn>1678-4464</issn><collection>SciELO Public Health</collection><publisher><publisher-name>Escola Nacional de Saúde Pública Sergio Arouca, Fundação Oswaldo Cruz</publisher-name></publisher></journal-meta><article-meta><unique-article-id pub-id-type="publisher-id">S0102-311X1985000100008</unique-article-id><article-id pub-id-type="publisher-id">S0102-311X1985000100008</article-id><article-id pub-id-type="doi">10.1590/S0102-311X1985000100008</article-id><article-categories><subj-group><subject>Health Policy &amp; Services</subject></subj-group></article-categories><title-group><article-title lang_id="pt">Inquérito epidemiológico sobre hipertensão arterial em Volta Redonda - RJ</article-title></title-group><contrib-group><contrib contrib-type="author"><name><surname>Klein</surname><given-names>Carlos Henrique</given-names></name><role>ND</role><xref ref-type="aff" rid="A01"/></contrib><contrib contrib-type="author"><name><surname>Araújo</surname><given-names>José Wellington Gomes de</given-names></name><role>ND</role><xref ref-type="aff" rid="A01"/></contrib><contrib contrib-type="author"><name><surname>Leal</surname><given-names>Maria do Carmo</given-names></name><role>ND</role><xref ref-type="aff" rid="A01"/></contrib></contrib-group><aff id="A01"><institution>FIOCRUZ</institution><country>Brazil</country></aff><pub-date><month>03</month><year>1985</year></pub-date><volume>1</volume><issue>1</issue><fpage>58</fpage><lpage>70</lpage><permissions><license license-type="open-access" href="http://creativecommons.org/licenses/by/4.0/"><license-p>This work is licensed under a Creative Commons Attribution 4.0 International License.</license-p></license></permissions><self-uri href="http://www.scielosp.org/scielo.php?script=sci_arttext&amp;pid=S0102-311X1985000100008&amp;lng=en&amp;tlng=en" content-type="full_text_page"/><self-uri href="http://www.scielosp.org/scielo.php?script=sci_issuetoc&amp;pid=0102-311X19850001&amp;lng=en" content-type="issue_page"/><self-uri href="http://www.scielosp.org/scielo.php?script=sci_serial&amp;pid=0102-311X&amp;lng=en" content-type="journal_page"/><abstract lang_id="pt"><p>No final do ano de 1979 foi realizado um estudo seccional, numa amostra probabilística de domicílios, da cidade de Volta Redonda, estado do Rio de Janeiro, sobre Hipertensão Arterial. Foram examinados 650 adultos, de 20 a 74 anos de idade, nos seus domicílios. O artigo descreve a metodologia empregada para a tomada de informações e aponta alguns resultados gerais. As médias das pressões sistólica e diastólica foram de 122.4 ± 0.9 e 70.6 ± 0.7mmHg, respectivamente, enquanto que a prevalência de Hipertensão Arterial, segundo o critério da OMS (sistólica &gt; 160 e/ou diastôlica &gt; 95mmHg), foi de 10.1 ± 1.3%, considerado o efeito de delineamento amostral por aglomeração domiciliar. Em Volta Redonda, as prevalências de Hipertensão Arterial são elevadas nos adultos jovens e de meia-idade, especialmente nos homens, o que se traduz em altas taxas de mortalidade por doenças do sistema cardiocirculatório nestes grupos etários.</p></abstract><trans-abstract lang_id="en"><p>At the end of the year 1979 a cross-seccional study on arterial hypertension was carried out in the town of Volta Redonda. Households, as epidemiologic units, were randomically sorted. 650 adults from 20 to 74 years old were examined at home. The current paper describes in detail the methodology used for collecting the information and some of the results are presented. The mean systolic and diastolic pressures were respectively 122.4 ± 0.9 and 70.6 ± 0.7mmHg. The prevalence of hypertension according to the WHO criteria (systolic &gt; 160 and/or diastolic &gt; 95 mmHg) was 10.1 ± 1.3 per cent, considering the effect of the household cluster sampling design. In Volta Redonda higher prevalence of arterial hypertension were found in young and middle-age groups. This probably explains the high mortality ratio by diseases of the cardiovascular system found in the above age groups.</p></trans-abstract></article-meta></front><back><ref-list><ref id="B1"><element-citation publication-type="book"><source>Social statistics</source><date><year>1979</year></date><person-group><name><surname>BLALOCK</surname><given-names>H.M.</given-names></name><name><surname>BLALOCK</surname><given-names>H.M.</given-names></name></person-group></element-citation></ref></ref-list></back></article></articles>