<articles xmlns:xsi="http://www.w3.org/2001/XMLSchema-instance" xsi:schemaLocation="https://raw.githubusercontent.com/scieloorg/articles_meta/master/tests/xsd/scielo_sci/ThomsonReuters_publishing.xsd" dtd-version="1.10"><article lang_id="pt" article-type="research-article"><front><journal-meta><journal-id journal-id-type="publisher">csp</journal-id><journal-title-group><journal-title>Cadernos de Saúde Pública</journal-title><abbrev-journal-title>Cad. Saúde Pública</abbrev-journal-title></journal-title-group><issn>1678-4464</issn><collection>SciELO Public Health</collection><publisher><publisher-name>Escola Nacional de Saúde Pública Sergio Arouca, Fundação Oswaldo Cruz</publisher-name></publisher></journal-meta><article-meta><unique-article-id pub-id-type="publisher-id">S0102-311X1985000400004</unique-article-id><article-id pub-id-type="publisher-id">S0102-311X1985000400004</article-id><article-id pub-id-type="doi">10.1590/S0102-311X1985000400004</article-id><article-categories><subj-group><subject>Health Policy &amp; Services</subject></subj-group></article-categories><title-group><article-title lang_id="pt">Leishmaniose visceral canina no Rio de Janeiro - Brasil</article-title></title-group><contrib-group><contrib contrib-type="author"><name><surname>Marzochi</surname><given-names>Mauro Célio de A.</given-names></name><role>ND</role><xref ref-type="aff" rid="A01"/></contrib><contrib contrib-type="author"><name><surname>Coutinho</surname><given-names>Sérgio Gomes</given-names></name><role>ND</role><xref ref-type="aff" rid="A01"/></contrib><contrib contrib-type="author"><name><surname>Sabroza</surname><given-names>Paulo Chagastelles</given-names></name><role>ND</role><xref ref-type="aff" rid="A01"/></contrib><contrib contrib-type="author"><name><surname>Souza</surname><given-names>Miguel Alves de</given-names></name><role>ND</role><xref ref-type="aff" rid="A01"/></contrib><contrib contrib-type="author"><name><surname>Souza</surname><given-names>Pelágio Parigot Medeiros de de</given-names></name><role>ND</role><xref ref-type="aff" rid="A02"/></contrib><contrib contrib-type="author"><name><surname>Toledo</surname><given-names>Luciano</given-names></name><role>ND</role><xref ref-type="aff" rid="A03"/></contrib><contrib contrib-type="author"><name><surname>Rangel Filho</surname><given-names>Francisco B.</given-names></name><role>ND</role><xref ref-type="aff" rid="A04"/></contrib></contrib-group><aff id="A01"><institution>Fundação Oswaldo Cruz FIOCRUZ</institution><country>Spain</country></aff><aff id="A03"><institution>Secretaria Municipal de Saúde do Rio de Janeiro</institution><country>Brazil</country></aff><aff id="A04"><institution>Universidade Federal Rural do Rio de Janeiro</institution><country>Brazil</country></aff><aff id="A02"><institution>Ministério da Saúde</institution><country>Brazil</country></aff><pub-date><month>12</month><year>1985</year></pub-date><volume>1</volume><issue>4</issue><fpage>432</fpage><lpage>446</lpage><permissions><license license-type="open-access" href="http://creativecommons.org/licenses/by/4.0/"><license-p>This work is licensed under a Creative Commons Attribution 4.0 International License.</license-p></license></permissions><self-uri href="http://www.scielosp.org/scielo.php?script=sci_arttext&amp;pid=S0102-311X1985000400004&amp;lng=en&amp;tlng=en" content-type="full_text_page"/><self-uri href="http://www.scielosp.org/scielo.php?script=sci_issuetoc&amp;pid=0102-311X19850004&amp;lng=en" content-type="issue_page"/><self-uri href="http://www.scielosp.org/scielo.php?script=sci_serial&amp;pid=0102-311X&amp;lng=en" content-type="journal_page"/><abstract lang_id="pt"><p>No recente e mais meridional foco endêmico de leishmaniose visceral do Brasil, associado à presença de Lutzomyia longipalpis e a infecção canina, os autores discutem a importância do cão doméstico como reservatório natural da infecção, assim como sumarizam os achados epidemiológicos, clínicos, parasitológicos e terapêuticos da doença canina observados no Município do Rio de Janeiro, Brasil.</p></abstract><trans-abstract lang_id="en"><p>Based on the recent and most southernly endemic focus of visceral leishmaniasis in Brazil, associated with the presence of Lutzomyia longipalpis and canine infection, the authors discuss the importance of the household dog as a natural reservoir host of infection and also summarise the epidemiological, clinic, parasitological and therapeutical findings of the canine disease in the city of Rio de Janeiro, Brazil.</p></trans-abstract></article-meta></front><back><ref-list><ref id="B1"><element-citation publication-type="book"><source>Advances in Parasitology</source><date><year>1964</year></date><volume>2</volume><person-group><name><surname>ADLER</surname><given-names>S.</given-names></name></person-group></element-citation></ref></ref-list></back></article></articles>