<articles xmlns:xsi="http://www.w3.org/2001/XMLSchema-instance" xsi:schemaLocation="https://raw.githubusercontent.com/scieloorg/articles_meta/master/tests/xsd/scielo_sci/ThomsonReuters_publishing.xsd" dtd-version="1.10"><article lang_id="pt" article-type="research-article"><front><journal-meta><journal-id journal-id-type="publisher">csp</journal-id><journal-title-group><journal-title>Cadernos de Saúde Pública</journal-title><abbrev-journal-title>Cad. Saúde Pública</abbrev-journal-title></journal-title-group><issn>1678-4464</issn><collection>SciELO Brazil</collection><publisher><publisher-name>Escola Nacional de Saúde Pública Sergio Arouca, Fundação Oswaldo Cruz</publisher-name></publisher></journal-meta><article-meta><unique-article-id pub-id-type="publisher-id">S0102-311X1991000200009</unique-article-id><article-id pub-id-type="publisher-id">S0102-311X1991000200009</article-id><article-id pub-id-type="doi">10.1590/S0102-311X1991000200009</article-id><article-categories><subj-group><subject>Health Policy &amp; Services</subject></subj-group></article-categories><title-group><article-title lang_id="pt">Aborto induzido em mulheres de baixa renda: dimensão de um problema</article-title></title-group><contrib-group><contrib contrib-type="author"><name><surname>Martins</surname><given-names>Ignez Ramos</given-names></name><role>ND</role><xref ref-type="aff" rid="A01"/></contrib><contrib contrib-type="author"><name><surname>Costa</surname><given-names>Sarah Hawker</given-names></name><role>ND</role><xref ref-type="aff" rid="A02"/></contrib><contrib contrib-type="author"><name><surname>Freitas</surname><given-names>Sylvia Regina da Silva</given-names></name><role>ND</role><xref ref-type="aff" rid="A03"/></contrib><contrib contrib-type="author"><name><surname>Pinto</surname><given-names>Cristiane Schuch</given-names></name><role>ND</role><xref ref-type="aff" rid="A04"/></contrib></contrib-group><aff id="A01"><institution>Fundação Oswaldo Cruz</institution><country>Brazil</country></aff><aff id="A02"><institution>Fundação Oswaldo Cruz</institution><country>Brazil</country></aff><aff id="A04"><institution>Fundação Oswaldo Cruz</institution><country>Brazil</country></aff><aff id="A03"><institution>Fundação Oswaldo Cruz</institution><country>Brazil</country></aff><pub-date><month>06</month><year>1991</year></pub-date><volume>7</volume><issue>2</issue><fpage>251</fpage><lpage>266</lpage><permissions><license license-type="open-access" href="http://creativecommons.org/licenses/by-nc/4.0/"><license-p>This work is licensed under a Creative Commons Attribution-NonCommercial 4.0 International License.</license-p></license></permissions><self-uri href="http://www.scielo.br/scielo.php?script=sci_arttext&amp;pid=S0102-311X1991000200009&amp;lng=en&amp;tlng=en" content-type="full_text_page"/><self-uri href="http://www.scielosp.org/scielo.php?script=sci_issuetoc&amp;pid=0102-311X19910002&amp;lng=en" content-type="issue_page"/><self-uri href="http://www.scielosp.org/scielo.php?script=sci_serial&amp;pid=0102-311X&amp;lng=en" content-type="journal_page"/><abstract lang_id="pt"><p>Este artigo enfoca a prática de aborto, principalmente aborto induzido entre mulheres de baixa renda. A análise é baseada em dados de pesquisa coletados entre 1984 e 1985 em sete favelas localizadas na área metropolitana do Rio de Janeiro, Brasil (&lt;a href="#rodape1"&gt;¹&lt;/a&gt;). Apesar da legislação severa existente, a prática do abono induzido é muito freqüente. Entre as mulheres casadas, 21,4 por cento declararam terem praticado aborto induzido. Embora grande parte dos abortos terem sido feitos por médicos, a qualidade dos cuidados nestes procedimentos é questionável, devido ao fato de que, sendo ilegal, na maioria dos casos não há possibilidade de supervisão por parte das autoridades de saúde. A incidência de complicações pós-aborto é muito alta, principalmente nos casos em que é praticado por curiosas ou pela própria mulher. Mais de 60 por cento das mulheres não faziam uso de métodos contraceptivos ao engravidar. Cerca de 21 por cento declararam que estavam usando pílula anticoncepcional. Claro está que uma taxa de falha tão elevada é inaceitável e deve-se ao seu uso incorreto. Tudo isto revela a necessidade urgente de um melhor acesso ao planejamento familiar, oferecido pelos serviços de saúde dentro da concepção de atenção integral. São discutidas, também, as conseqüências das leis restritivas em matéria de abono no Brasil, restrições que, na prática, provam ser ineficazes para prevenir a prática do aborto induzido, mas podem ser muito efetivas para ampliar ainda mais as desigualdades sociais já existentes.</p></abstract><trans-abstract lang_id="en"><p>This paper examines the practice of abortion, especially induced abortion among low income women. The discussion is based on survey data collected between 1984 and 1985 in seven slum communities (favelas) situated in the metropolitan area of Rio de Janeiro, Brazil. Despite restrictive law, induced abortion is extremely frequent. Among married women 21.4 per cent reported experience of induced abortion. Most abortions were performed by physicians, however the quality of care of these procedures can be questioned since almost all induced abortions are illegal there is no possible supervision by health authorities. The incidence of post-abortion complication is very high, especially for those performed by traditional midwifes or by the woman herself. More than 60 per cent of the women were not using contraception at the time of pregnancy. About, 21 per cent reported that they were using the pill. Such a high pill failure rate is inacceptable, and probably was related to incorrect use. This points to the need for a better access to family planning care within the health services. The consequences of the restrictive abortion laws in Brazil are also discussed. Restrictions that in practice prove to have little impact on the practice of induced abortion, appear to be very effective in brooding even more the social-economic inequalities.</p></trans-abstract></article-meta></front><back><ref-list><ref id="B1"><element-citation publication-type="article"><article-title>"A Prática de Planejamento Familiar em Comunidades de Baixa Renda</article-title><source>Cadernos de Saúde Pública</source><date><month>06</month><year>1989</year></date><volume>4</volume><person-group><name><surname>COSTA</surname><given-names>S.H.</given-names></name><name><surname>MARTINS</surname><given-names>I.R.</given-names></name><name><surname>PINTO</surname><given-names>C.S.</given-names></name><name><surname>FREITAS</surname><given-names>R.S.</given-names></name></person-group></element-citation></ref><ref id="B2"><element-citation publication-type="article"><article-title>"Family Planning Practice Among Low-Income Women in Rio de Janeiro: 1984 - 1985"</article-title><source>International Family Planning Perspectives</source><date><month>03</month><year>1990</year></date><issue>1</issue><volume>16</volume><person-group><name><surname>COSTA</surname><given-names>S.H.</given-names></name><name><surname>MARTINS</surname><given-names>I.R.</given-names></name><name><surname>PINTO</surname><given-names>C.S.</given-names></name><name><surname>FREITAS</surname><given-names>S.R.</given-names></name></person-group></element-citation></ref><ref id="B3"><element-citation publication-type="book"><source>Atenção à Gestante no Centro de Saúde Escola Germano Sinval Faria</source><person-group><name><surname>GARCIA</surname><given-names>M.G.R.</given-names></name><name><surname>GARCIA</surname><given-names>M.G.R.</given-names></name></person-group></element-citation></ref><ref id="B4"><element-citation publication-type="book"><source>Investigación sobre el aborto en América Latína: Estudios de Población, Bogotá</source><date><year>1976</year></date><fpage>439</fpage><lpage>449</lpage><volume>VI</volume><person-group><name><surname>GASLONDE</surname><given-names>S.</given-names></name><name><surname>GASLONDE</surname><given-names>S.</given-names></name></person-group></element-citation></ref><ref id="B5"><element-citation publication-type="article"><article-title>"Induced Abortion" a World review 1990</article-title><source>International Family Planning Perspectives</source><date><month>06</month><year>1990</year></date><issue>1</issue><volume>16</volume><person-group><name><surname>HENSHAW</surname><given-names>S.K.</given-names></name></person-group></element-citation></ref><ref id="B6"><element-citation publication-type="article"><article-title>A Ten Years Review of Maternal Mortality in the Municipal Hospital in Rio de Janeiro: A Cause for Concern</article-title><source>Journal of Obstetrics and Gynaecology</source><date><year>1990</year></date><person-group><name><surname>LAGUARDIA</surname><given-names>K.</given-names></name></person-group></element-citation></ref><ref id="B7"><element-citation publication-type="book"><source>São Paulo State Contraceptive Prevalence: Survey Final Report</source><date><year>1979</year></date><person-group><name><surname>NAKAMURA</surname><given-names>M.</given-names></name><name><surname>NAKAMURA</surname><given-names>M.</given-names></name></person-group></element-citation></ref><ref id="B8"><element-citation publication-type="book"><source>Pesquisa sobre Saúde Materno-Infantil e Planejamento Familiar, Piauí, 1981</source><date><year>1982</year></date><person-group><name><surname>RODRIGUES</surname><given-names>W.</given-names></name><name><surname>RODRIGUES</surname><given-names>W.</given-names></name></person-group></element-citation></ref><ref id="B9"><element-citation publication-type="book"><source>Pesquisa sobre Saúde Materna-lnfantil e Planejamento Familiar, Região Sul, 1981</source><date><year>1982</year></date><person-group><name><surname>RODRIGUES</surname><given-names>W.</given-names></name><name><surname>RODRIGUES</surname><given-names>W.</given-names></name></person-group></element-citation></ref><ref id="B10"><element-citation publication-type="thesis"><source>Aborto como Questão de Saúde Pública: Estudo de Demanda de Mulheres que Recorrem ao Hospital por Complicações de Aborto</source><date><year>1984</year></date><person-group><name><surname>SHOR</surname><given-names>N.</given-names></name><name><surname>SHOR</surname><given-names>N.</given-names></name></person-group></element-citation></ref><ref id="B11"><element-citation publication-type="article"><article-title>Mortalidade Materna no Brasil"</article-title><source>Revista de Saúde Pública</source><date><year>1980</year></date><fpage>448</fpage><lpage>65</lpage><volume>18</volume><person-group><name><surname>SIQUEIRA</surname><given-names>A.A.</given-names></name><name><surname>TANAKA</surname><given-names>A.C.A.</given-names></name><name><surname>SANTANA</surname><given-names>R.A.</given-names></name></person-group></element-citation></ref><ref id="B12"><element-citation publication-type="book"><source>Mulheres Participação e Saúde: uma experiência</source><date><year>1987</year></date><person-group><name><surname>VALLADARES</surname><given-names>D.P.</given-names></name><name><surname>ZELASCHI</surname><given-names>S.S.</given-names></name><name><surname>GIFFIN</surname><given-names>K.</given-names></name><name><surname>LOVISOLO</surname><given-names>H.</given-names></name><name><surname>VALLADARES</surname><given-names>D.P.</given-names></name><name><surname>ZELASCHI</surname><given-names>S.S.</given-names></name><name><surname>GIFFIN</surname><given-names>K.</given-names></name><name><surname>LOVISOLO</surname><given-names>H.</given-names></name></person-group></element-citation></ref></ref-list></back></article></articles>