<articles xmlns:xsi="http://www.w3.org/2001/XMLSchema-instance" xsi:schemaLocation="https://raw.githubusercontent.com/scieloorg/articles_meta/master/tests/xsd/scielo_sci/ThomsonReuters_publishing.xsd" dtd-version="1.10"><article lang_id="pt" article-type="research-article"><front><journal-meta><journal-id journal-id-type="publisher">csp</journal-id><journal-title-group><journal-title>Cadernos de Saúde Pública</journal-title><abbrev-journal-title>Cad. Saúde Pública</abbrev-journal-title></journal-title-group><issn>1678-4464</issn><collection>SciELO Brazil</collection><publisher><publisher-name>Escola Nacional de Saúde Pública Sergio Arouca, Fundação Oswaldo Cruz</publisher-name></publisher></journal-meta><article-meta><unique-article-id pub-id-type="publisher-id">S0102-311X1992000200004</unique-article-id><article-id pub-id-type="publisher-id">S0102-311X1992000200004</article-id><article-id pub-id-type="doi">10.1590/S0102-311X1992000200004</article-id><article-categories><subj-group><subject>Health Policy &amp; Services</subject></subj-group></article-categories><title-group><article-title lang_id="pt">Agentes de saúde em comunidades urbanas</article-title><trans-title-group lang_id="en"><trans-title>Community-based health workers in urban areas</trans-title></trans-title-group></title-group><contrib-group><contrib contrib-type="author"><name><surname>Fernandes</surname><given-names>João Cláudio L.</given-names></name><role>ND</role><xref ref-type="aff" rid="A01"/></contrib></contrib-group><aff id="A01"><institution>Associação dos Moradores e Amigos do Bairro Barcellos</institution><country>Brasil</country></aff><pub-date><month>06</month><year>1992</year></pub-date><volume>8</volume><issue>2</issue><fpage>134</fpage><lpage>139</lpage><permissions><license license-type="open-access" href="http://creativecommons.org/licenses/by-nc/4.0/"><license-p>This work is licensed under a Creative Commons Attribution-NonCommercial 4.0 International License.</license-p></license></permissions><self-uri href="http://www.scielo.br/scielo.php?script=sci_arttext&amp;pid=S0102-311X1992000200004&amp;lng=en&amp;tlng=en" content-type="full_text_page"/><self-uri href="http://www.scielosp.org/scielo.php?script=sci_issuetoc&amp;pid=0102-311X19920002&amp;lng=en" content-type="issue_page"/><self-uri href="http://www.scielosp.org/scielo.php?script=sci_serial&amp;pid=0102-311X&amp;lng=en" content-type="journal_page"/><abstract lang_id="pt"><p>A utilização de agentes comunitários nos programas de atenção primária à saúde é uma experiência amplamente difundida, principalmente nos países do Terceiro Mundo. É importante, entretanto, discriminar o perfil de atuação destes agentes em função da área onde atuam, principalmente no que diz respeito às diferenças entre o meio rural e o urbano. A simples substituição de profissionais de medicina, odontologia, psicologia etc, por agentes comunitários pode significar uma abordagem limitada do conceito de atenção primária, levando ao desenvolvimento de modelos assistenciais distintos, determinados em função da classe social a que se dirigem. Neste artigo, é apontada a necessidade de formação de recursos humanos de nível superior para a atenção primária à saúde, buscando-se também identificar o lugar dos agentes comunitários nesta área, sua especificidade técnica, bem como alguns obstáculos percebidos neste campo profissional.</p></abstract><trans-abstract lang_id="en"><p>The employment of community-based health workers (CHWs) in primary health care projects is a widespread experience, mainly in Third World countries. However, it is important to differentiate between the rural and urban profiles of these professionals. The replacement of medical/odontological/psychological professionals by CHWs alone may represent a limited approach to primary health care problems, leading to the development of different health care patterns, depending on the social class they are addressed. This paper points to need for the qualification of high-level health personnel also trying to identify the location of CHWs in this field, their technical specificity, as well as some difficulties observed in this practice.</p></trans-abstract><kwd-group lang_id="en" kwd-group-type="author-generated"><kwd>Communities</kwd><kwd>Primary Health Care</kwd><kwd>Community Health</kwd><kwd>Health Agents</kwd></kwd-group><kwd-group lang_id="pt" kwd-group-type="author-generated"><kwd>Comunidade</kwd><kwd>Atenção Primária à Saúde</kwd><kwd>Saúde Comunitária</kwd><kwd>Agentes de Saúde</kwd></kwd-group></article-meta></front><back><ref-list><ref id="B1"><element-citation publication-type="book"><source>O Nascimento da Clínica</source><date><year>1977</year></date><person-group><name><surname>FOUCAULT</surname><given-names>M.</given-names></name><name><surname>FOUCAULT</surname><given-names>M.</given-names></name></person-group></element-citation></ref><ref id="B2"><element-citation publication-type="article"><article-title>Health and the urban poor</article-title><source>Health Policy and Planning</source><date><year>1986</year></date><fpage>5</fpage><lpage>18</lpage><volume>1</volume><person-group><name><surname>HARPHAM</surname><given-names>T.</given-names></name></person-group></element-citation></ref><ref id="B3"><element-citation publication-type="book"><source>Brasil: Condições de Saúde (Documento Preliminar)</source><date><year>1989</year></date></element-citation></ref><ref id="B4"><element-citation publication-type="book"><source>Demandas Populares, Políticas Públicas e Saúde</source><date><year>1989</year></date><fpage>146</fpage><lpage>164</lpage><person-group><name><surname>RAMOS</surname><given-names>C. L.</given-names></name><name><surname>MELO</surname><given-names>J. A. C.</given-names></name><name><surname>SOARES</surname><given-names>J. C. R.</given-names></name><name><surname>Costa</surname><given-names>N. R.</given-names></name><name><surname>Ramos</surname><given-names>C. L.</given-names></name><name><surname>Minayo</surname><given-names>M. C. de S.</given-names></name><name><surname>Stotz</surname><given-names>E. N.</given-names></name><name><surname>Costa</surname><given-names>N. R.</given-names></name><name><surname>Ramos</surname><given-names>C. L.</given-names></name><name><surname>Minayo</surname><given-names>M. C. de S.</given-names></name><name><surname>Stotz</surname><given-names>E. N.</given-names></name></person-group></element-citation></ref></ref-list></back></article></articles>