<articles xmlns:xsi="http://www.w3.org/2001/XMLSchema-instance" xsi:schemaLocation="https://raw.githubusercontent.com/scieloorg/articles_meta/master/tests/xsd/scielo_sci/ThomsonReuters_publishing.xsd" dtd-version="1.10"><article lang_id="en" article-type="research-article"><front><journal-meta><journal-id journal-id-type="publisher">csp</journal-id><journal-title-group><journal-title>Cadernos de Saúde Pública</journal-title><abbrev-journal-title>Cad. Saúde Pública</abbrev-journal-title></journal-title-group><issn>1678-4464</issn><collection>SciELO Public Health</collection><publisher><publisher-name>Escola Nacional de Saúde Pública Sergio Arouca, Fundação Oswaldo Cruz</publisher-name></publisher></journal-meta><article-meta><unique-article-id pub-id-type="publisher-id">S0102-311X1991000400003</unique-article-id><article-id pub-id-type="publisher-id">S0102-311X1991000400003</article-id><article-id pub-id-type="doi">10.1590/S0102-311X1991000400003</article-id><article-categories><subj-group><subject>Health Policy &amp; Services</subject></subj-group></article-categories><title-group><article-title lang_id="en">Diet and nutritional status of Ameridians: a review of the literature</article-title><trans-title-group lang_id="pt"><trans-title>Dieta e estado nutricional de populações ameríndias: uma revisão da literatura</trans-title></trans-title-group></title-group><contrib-group><contrib contrib-type="author"><name><surname>Dufour</surname><given-names>Darna L.</given-names></name><role>ND</role><xref ref-type="aff" rid="A01"/></contrib></contrib-group><aff id="A01"><institution>University of Colorado</institution><country>U.S.A.</country></aff><pub-date><month>12</month><year>1991</year></pub-date><volume>7</volume><issue>4</issue><fpage>481</fpage><lpage>502</lpage><permissions><license license-type="open-access" href="http://creativecommons.org/licenses/by/4.0/"><license-p>This work is licensed under a Creative Commons Attribution 4.0 International License.</license-p></license></permissions><self-uri href="http://www.scielosp.org/scielo.php?script=sci_arttext&amp;pid=S0102-311X1991000400003&amp;lng=en&amp;tlng=en" content-type="full_text_page"/><self-uri href="http://www.scielo.br/scielo.php?script=sci_issuetoc&amp;pid=0102-311X19910004&amp;lng=en" content-type="issue_page"/><self-uri href="http://www.scielosp.org/scielo.php?script=sci_serial&amp;pid=0102-311X&amp;lng=en" content-type="journal_page"/><abstract lang_id="en"><p>This paper reviews and evaluates the available data on diet and nutritional status of Amerindians living in the tropical forests of Amazonia. The diets of most Amerindians are based on cassava and plantains/bananas, with high quality protein coming from fish, game and invertebrates. The composition of Amerindian diets is known for only a few groups. In these groups the dietary intake of households and adults appears to be adequate in energy and protein. However, the high bulk, low caloric density of the diets suggests that they are not concentrated enough for children. Anthropometric data is available for a number of groups. Adults are small in size, but nutritional status assessed in terms of weight-for-height is generally good. Children are small for their age, and in some groups more than 10% would be classified as undernourished on the basis of weight-for-height, and/or clinical signs.</p></abstract><trans-abstract lang_id="pt"><p>Este trabalho revê e avalia os dados disponíveis sobre a alimentação e estado nutricional de ameríndios que habitam as florestas pluviais tropicais da Amazônia. A alimentação da maioria dos ameríndios está baseada na mandioca e na banana, enquanto que peixes, animais silvestres e invertebrados são responsáveis por proteínas de alta qualidade. Só é conhecida a composição da alimentação ameríndia de alguns grupos. Nestes, o consumo aumentar das famílias e dos adultos parece ser adequado em termos de calorias e proteínas. Contudo, a baixa densidade calórica da alimentação, baseada na mandioca e na banana, sugere que esta não é concentrada o bastante para as crianças. Dados antropométricos de inúmeros grupos encontram-se disponíveis. Os adultos são de baixa estatura, porém o seu estado nutricional, avaliado em termos de peso/altura, é geralmente bom. As crianças são pequenas para sua idade e, em certos grupos, mais de 10% seriam classificadas como subnutridas, com base no critério peso/altura e/ou em sinais clínicos.</p></trans-abstract></article-meta></front><back><ref-list><ref id="B1"><element-citation publication-type="article"><article-title>Health status of Brazilian Kayapó Indians</article-title><source>Tropical and Geographical Medicine</source><fpage>178</fpage><lpage>185</lpage><volume>24</volume><person-group><name><surname>AYRES</surname><given-names>M.</given-names></name></person-group></element-citation></ref></ref-list></back></article></articles>