<articles xmlns:xsi="http://www.w3.org/2001/XMLSchema-instance" xsi:schemaLocation="https://raw.githubusercontent.com/scieloorg/articles_meta/master/tests/xsd/scielo_sci/ThomsonReuters_publishing.xsd" dtd-version="1.10"><article lang_id="pt" article-type="research-article"><front><journal-meta><journal-id journal-id-type="publisher">csp</journal-id><journal-title-group><journal-title>Cadernos de Saúde Pública</journal-title><abbrev-journal-title>Cad. Saúde Pública</abbrev-journal-title></journal-title-group><issn>1678-4464</issn><collection>SciELO Public Health</collection><publisher><publisher-name>Escola Nacional de Saúde Pública Sergio Arouca, Fundação Oswaldo Cruz</publisher-name></publisher></journal-meta><article-meta><unique-article-id pub-id-type="publisher-id">S0102-311X1988000400003</unique-article-id><article-id pub-id-type="publisher-id">S0102-311X1988000400003</article-id><article-id pub-id-type="doi">10.1590/S0102-311X1988000400003</article-id><article-categories><subj-group><subject>Health Policy &amp; Services</subject></subj-group></article-categories><title-group><article-title lang_id="pt">Saúde-doença: uma concepção popular da etiologia</article-title></title-group><contrib-group><contrib contrib-type="author"><name><surname>Minayo</surname><given-names>Maria Cecília de Souza</given-names></name><role>ND</role><xref ref-type="aff" rid="A01"/></contrib></contrib-group><aff id="A01"><institution>Escola Nacional de Saúde Pública</institution><country>Brazil</country></aff><pub-date><month>12</month><year>1988</year></pub-date><volume>4</volume><issue>4</issue><fpage>363</fpage><lpage>381</lpage><permissions><license license-type="open-access" href="http://creativecommons.org/licenses/by/4.0/"><license-p>This work is licensed under a Creative Commons Attribution 4.0 International License.</license-p></license></permissions><self-uri href="http://www.scielosp.org/scielo.php?script=sci_arttext&amp;pid=S0102-311X1988000400003&amp;lng=en&amp;tlng=en" content-type="full_text_page"/><self-uri href="http://www.scielo.br/scielo.php?script=sci_issuetoc&amp;pid=0102-311X19880004&amp;lng=en" content-type="issue_page"/><self-uri href="http://www.scielosp.org/scielo.php?script=sci_serial&amp;pid=0102-311X&amp;lng=en" content-type="journal_page"/><abstract lang_id="pt"><p>Este artigo trata basicamente das REPRESENTAÇÕES SOCIAIS DE SAÚDE/DOENÇA de um segmento da classe trabalhadora que vive em favelas do Rio de Janeiro. Mais especificamente, discute-se aqui a visão etiológica das doenças, a partir da perspectiva popular, em confronto com os modelos biomédicos e com as interpretações correntes da antropologia e da sociologia médica. Fundado em trabalho de campo, esse estudo aponta para o fato de que, como fragmento da cultura popular, a visão de saúde-doença é pluralista, ecológica e holística. A base de concepções populares é a sua própria inserção no mundo material, histórico, vivo e repleto de contradições. O modo de pensar saúde-doença que é, ao mesmo tempo, o modo de pensar a vida e a morte, remete às raízes tradicionais desses grupos mas também à sua inserção no mundo industrial; faz parte do imaginário social que ultrapassa os limites de tempo, do espaço e das classes, mas se projeta de forma específica, contribuindo tanto para definir como para questionar as políticas e os serviços oficiais de saúde.</p></abstract><trans-abstract lang_id="en"><p>This article is essentially concerned with the social representations of Health/Disease of a section belonging to the working class which lives in slums of Rio de Janeiro. More specifically, it discusses the etiologic approach for the diseases from the popular perspective in confrontation with the biomedical models and with the present interpretations provided by the medical antropology and sociology. Founded in a field research, this study points out to the fact that, as fragment of the popular culture, the health-disease view is pluralist, ecological and holistic. The basis for the popular conceptions is its very insertion in the material, historical and live world full of contradictions. The health-disease way of thinking, which is of the same time the life and death way of thinking, traces back not only to the traditional roots of these graps but also to its insertion in the industrial world; belongs to the social notion which surpasses the boundaries of time, space and class but projects itself in a specific way. Thus contributing either to define as well as to call in question the official health policies and services.</p></trans-abstract></article-meta></front><back><ref-list><ref id="B1"><element-citation publication-type="book"><source>As Classes Sociais e o Corpo</source><date><year>1979</year></date><person-group><name><surname>BOLTANSKI</surname><given-names>L.</given-names></name><name><surname>BOLTANSKI</surname><given-names>L.</given-names></name></person-group></element-citation></ref></ref-list></back></article></articles>