<articles xmlns:xsi="http://www.w3.org/2001/XMLSchema-instance" xsi:schemaLocation="https://raw.githubusercontent.com/scieloorg/articles_meta/master/tests/xsd/scielo_sci/ThomsonReuters_publishing.xsd" dtd-version="1.10"><article lang_id="pt" article-type="research-article"><front><journal-meta><journal-id journal-id-type="publisher">csp</journal-id><journal-title-group><journal-title>Cadernos de Saúde Pública</journal-title><abbrev-journal-title>Cad. Saúde Pública</abbrev-journal-title></journal-title-group><issn>1678-4464</issn><collection>SciELO Brazil</collection><publisher><publisher-name>Escola Nacional de Saúde Pública Sergio Arouca, Fundação Oswaldo Cruz</publisher-name></publisher></journal-meta><article-meta><unique-article-id pub-id-type="publisher-id">S0102-311X1992000400007</unique-article-id><article-id pub-id-type="publisher-id">S0102-311X1992000400007</article-id><article-id pub-id-type="doi">10.1590/S0102-311X1992000400007</article-id><article-categories><subj-group><subject>Health Policy &amp; Services</subject></subj-group></article-categories><title-group><article-title lang_id="pt">Qualidade de vida e indicadores de saúde: aspectos da mortalidade infantil no Estado do Rio de Janeiro e suas regiões</article-title><trans-title-group lang_id="en"><trans-title>Quality of life and health indicators: aspects of infant mortality in the state of Rio de Janeiro and its regions</trans-title></trans-title-group></title-group><contrib-group><contrib contrib-type="author"><name><surname>Duarte</surname><given-names>Cristina Maria R.</given-names></name><role>ND</role><xref ref-type="aff" rid="A01"/></contrib></contrib-group><aff id="A01"><institution>Universidade Santa Úrsula</institution><country>Brazil</country></aff><pub-date><month>12</month><year>1992</year></pub-date><volume>8</volume><issue>4</issue><fpage>414</fpage><lpage>427</lpage><permissions><license license-type="open-access" href="http://creativecommons.org/licenses/by-nc/4.0/"><license-p>This work is licensed under a Creative Commons Attribution-NonCommercial 4.0 International License.</license-p></license></permissions><self-uri href="http://www.scielo.br/scielo.php?script=sci_arttext&amp;pid=S0102-311X1992000400007&amp;lng=en&amp;tlng=en" content-type="full_text_page"/><self-uri href="http://www.scielosp.org/scielo.php?script=sci_issuetoc&amp;pid=0102-311X19920004&amp;lng=en" content-type="issue_page"/><self-uri href="http://www.scielosp.org/scielo.php?script=sci_serial&amp;pid=0102-311X&amp;lng=en" content-type="journal_page"/><abstract lang_id="pt"><p>O objetivo principal deste estudo foi fornecer subsídios para a compreensão da dinâmica do indicador de mortalidade infantil no Estado do Rio de Janeiro, procurando avaliar, através de alguns indicadores, as desigualdades existentes nas condições de vida predominantes em seis regiões, bem como o padrão e tendências da mortalidade infantil, segundo causas específicas. Foram descritos os níveis e tendências da mortalidade infantil, segundo causas e idades, e estabelecidas as desigualdades existentes entre as áreas de estudo. As tendências da mortalidade foram avaliadas através de uma análise de regressão simples. Os resultados encontrados confirmam que os diferentes componentes da mortalidade infantil podem reagir de modo distinto às mudanças observadas ao nível da economia e das intervenções médico-sanitárias. Revelam a modificação do perfil de mortalidade infantil no Estado do Rio de Janeiro, resultado do comportamento diferenciado das taxas segundo principais causas de morte, e advertem para as desigualdades existentes entre as regiões do Estado. As conclusões do estudo indicam a necessidade de se avançar em indicações mais precisas a respeito de como os dados epidemiológicos registram as variações no padrão de vida da população, a nível da infra-estrutura urbana e do poder de compra dos salários.</p></abstract><trans-abstract lang_id="en"><p>The main aim of the present study was to furnish elements for the understanding of the dynamics of infant mortality as an indicator in the State of Rio de Janeiro, attempting to utilize certain parameters to evaluate present discrepancies in living conditions occurring in six regions as well as the pattern and trends in infant mortality by specific causes. The levels and tendencies of infant mortality were described by cause and age, and discrepancies existing within the study were established. Tendencies in mortality were then evaluated through a simple regression analysis. Results confirmed that components of infant mortality can react differently from economic changes and medical/sanitary interventions. They demonstrate the change in the profile of infant deaths in the State of Rio de Janeiro resulting from a differential pattern of the rates in relation to the main causes of death. Furthermore, they call our attention to the differences that exist from one region of the State to the next. The present study's conclusions indicate the need to proceed to more precise indicators about how the epidemiological data register variations in the population's standard of living, the urban sub-structure and real purchasing power of wages.</p></trans-abstract><kwd-group lang_id="en" kwd-group-type="author-generated"><kwd>Health Indicators</kwd><kwd>Standard of Health</kwd><kwd>Social Policies</kwd><kwd>Infant Mortality</kwd><kwd>Rio de Janeiro</kwd></kwd-group><kwd-group lang_id="pt" kwd-group-type="author-generated"><kwd>Indicadores de Saúde</kwd><kwd>Nível de Saúde</kwd><kwd>Política Social</kwd><kwd>Mortalidade Infantil</kwd><kwd>Rio de Janeiro</kwd></kwd-group></article-meta></front><back><ref-list><ref id="B1"><element-citation publication-type="book"><source>Estatísticas de Saúde</source><date><year>1985</year></date><fpage>186</fpage><person-group><name><surname>LAURENTI</surname><given-names>R.</given-names></name><name><surname>MELLO JORGE</surname><given-names>M. H. P.</given-names></name><name><surname>LEBRÃO</surname><given-names>M. L.</given-names></name><name><surname>GOTLIEB</surname><given-names>S. L. D.</given-names></name><name><surname>LAURENTI</surname><given-names>R.</given-names></name><name><surname>MELLO JORGE</surname><given-names>M. H. P.</given-names></name><name><surname>LEBRÃO</surname><given-names>M. L.</given-names></name><name><surname>GOTLIEB</surname><given-names>S. L. D.</given-names></name></person-group></element-citation></ref><ref id="B2"><element-citation publication-type="article"><article-title>Mortalidade infantil e desenvolvimento social</article-title><source>Saúde em Debate</source><date><year>1980</year></date><fpage>27</fpage><lpage>29</lpage><volume>10</volume><person-group><name><surname>MONTEIRO</surname><given-names>C. A.</given-names></name></person-group></element-citation></ref><ref id="B3"><element-citation publication-type="book"><source>Estatísticas de Mortalidade: Brasil 1985</source><date><year>1988</year></date></element-citation></ref><ref id="B4"><element-citation publication-type="book"><source>Salud materno infantil y atención primaria en las Américas: Hechos y tendencias</source><date><year>1984</year></date><fpage>6</fpage><lpage>15</lpage><person-group><name><surname>OJEDA</surname><given-names>E. N. S.</given-names></name><name><surname>YUNES</surname><given-names>J.</given-names></name></person-group></element-citation></ref><ref id="B5"><element-citation publication-type="book"><source>Caracteristicas de la mortalidad en la niñez</source><date><year>1973</year></date><person-group><name><surname>PUFFER</surname><given-names>R.</given-names></name><name><surname>SERRANO</surname><given-names>C. V.</given-names></name><name><surname>PUFFER</surname><given-names>R.</given-names></name><name><surname>SERRANO</surname><given-names>C. V.</given-names></name></person-group></element-citation></ref><ref id="B6"><element-citation publication-type="article"><article-title>Mortalidade infantil no Rio de Janeiro</article-title><source>Dados</source><date><year>1986</year></date><fpage>1</fpage><lpage>12</lpage><volume>9</volume></element-citation></ref><ref id="B7"><element-citation publication-type="article"><article-title>Inequalities in children's deaths in the country with the lowest infant mortality?</article-title><source>Public Health</source><date><year>1986</year></date><fpage>152</fpage><lpage>155</lpage><volume>100</volume><person-group><name><surname>RANTAKALLIO</surname><given-names>P.</given-names></name></person-group></element-citation></ref><ref id="B8"><element-citation publication-type="book"><source>Dinâmica da População: Teoria, Métodos e Técnicas de Análise</source><date><year>1980</year></date><fpage>209</fpage><lpage>235</lpage><person-group><name><surname>SAWYER</surname><given-names>D. O.</given-names></name><name><surname>Santos</surname><given-names>J. L.</given-names></name><name><surname>Levy</surname><given-names>M. S. F.</given-names></name><name><surname>Szmrecsányi</surname><given-names>T.</given-names></name><name><surname>Santos</surname><given-names>J. L.</given-names></name><name><surname>Levy</surname><given-names>M. S. F.</given-names></name><name><surname>Szmrecsányi</surname><given-names>T.</given-names></name></person-group></element-citation></ref><ref id="B9"><element-citation publication-type="article"><article-title>The impact of urbanization and industrialization on mortality in Brazil</article-title><source>World Health Statistics Quarterly</source><date><year>1987</year></date><fpage>84</fpage><lpage>95</lpage><volume>40</volume><person-group><name><surname>SAWYER</surname><given-names>D. O.</given-names></name><name><surname>CASTILLA</surname><given-names>R. F.</given-names></name><name><surname>MONTEMOR</surname><given-names>R. L. M.</given-names></name></person-group></element-citation></ref><ref id="B10"><element-citation publication-type="article"><article-title>Infant mortality and socioeconomic status: a changing relationship</article-title><source>The Milkbank Memorial Fund Quaterly</source><date><year>1962</year></date><fpage>101</fpage><lpage>111</lpage><volume>11</volume><person-group><name><surname>STOCKWELL</surname><given-names>E. G.</given-names></name></person-group></element-citation></ref><ref id="B11"><element-citation publication-type="book"><source>Dinâmica da População: Teoria, Métodos e Técnicas de Análise</source><date><year>1980</year></date><fpage>263</fpage><lpage>274</lpage><person-group><name><surname>SZMRECSÁNYI</surname><given-names>T.</given-names></name><name><surname>Santos</surname><given-names>J. L.</given-names></name><name><surname>Levy</surname><given-names>M. S. F.</given-names></name><name><surname>Szmrecsányi</surname><given-names>T.</given-names></name><name><surname>Santos</surname><given-names>J. L.</given-names></name><name><surname>Levy</surname><given-names>M. S. F.</given-names></name><name><surname>Szmrecsányi</surname><given-names>T.</given-names></name></person-group></element-citation></ref><ref id="B12"><element-citation publication-type="book"><source>Mortalidade infantil no Brasil no período de 1977 a 1985</source><date><year>1988</year></date><person-group><name><surname>SZWARCWALD</surname><given-names>C. L.</given-names></name><name><surname>CASTILHO</surname><given-names>E. A.</given-names></name><name><surname>SZWARCWALD</surname><given-names>C. L.</given-names></name><name><surname>CASTILHO</surname><given-names>E. A.</given-names></name></person-group></element-citation></ref><ref id="B13"><element-citation publication-type="book"><source>Perfil Estatístico de Crianças e Mães no Brasil: Mortalidade Infantil e Saúde na Década de 80</source><date><year>1989</year></date><fpage>91</fpage><lpage>102</lpage><person-group><name><surname>SZWARCWALD</surname><given-names>C. L.</given-names></name><name><surname>CASTILHO</surname><given-names>E. A.</given-names></name><name><surname>PINTO</surname><given-names>C. B.</given-names></name><name><surname>Simões</surname><given-names>C. C. S.</given-names></name><name><surname>Simões</surname><given-names>C. C. S.</given-names></name></person-group></element-citation></ref></ref-list></back></article></articles>