<articles xmlns:xsi="http://www.w3.org/2001/XMLSchema-instance" xsi:schemaLocation="https://raw.githubusercontent.com/scieloorg/articles_meta/master/tests/xsd/scielo_sci/ThomsonReuters_publishing.xsd" dtd-version="1.10"><article lang_id="pt" article-type="research-article"><front><journal-meta><journal-id journal-id-type="publisher">csp</journal-id><journal-title-group><journal-title>Cadernos de Saúde Pública</journal-title><abbrev-journal-title>Cad. Saúde Pública</abbrev-journal-title></journal-title-group><issn>1678-4464</issn><collection>SciELO Brazil</collection><publisher><publisher-name>Escola Nacional de Saúde Pública Sergio Arouca, Fundação Oswaldo Cruz</publisher-name></publisher></journal-meta><article-meta><unique-article-id pub-id-type="publisher-id">S0102-311X1993000400008</unique-article-id><article-id pub-id-type="publisher-id">S0102-311X1993000400008</article-id><article-id pub-id-type="doi">10.1590/S0102-311X1993000400008</article-id><article-categories><subj-group><subject>Health Policy &amp; Services</subject></subj-group></article-categories><title-group><article-title lang_id="pt">Representações sociais, ação política e cidadania</article-title><trans-title-group lang_id="en"><trans-title>Social representations, political action and citizenship</trans-title></trans-title-group></title-group><contrib-group><contrib contrib-type="author"><name><surname>Goulart</surname><given-names>Flavio A. A.</given-names></name><role>ND</role></contrib></contrib-group><pub-date><month>12</month><year>1993</year></pub-date><volume>9</volume><issue>4</issue><fpage>477</fpage><lpage>486</lpage><permissions><license license-type="open-access" href="http://creativecommons.org/licenses/by-nc/4.0/"><license-p>This work is licensed under a Creative Commons Attribution-NonCommercial 4.0 International License.</license-p></license></permissions><self-uri href="http://www.scielo.br/scielo.php?script=sci_arttext&amp;pid=S0102-311X1993000400008&amp;lng=en&amp;tlng=en" content-type="full_text_page"/><self-uri href="http://www.scielo.br/scielo.php?script=sci_issuetoc&amp;pid=0102-311X19930004&amp;lng=en" content-type="issue_page"/><self-uri href="http://www.scielosp.org/scielo.php?script=sci_serial&amp;pid=0102-311X&amp;lng=en" content-type="journal_page"/><abstract lang_id="pt"><p>Existem mediações numerosas e diversificadas, de natureza política e cultural, entre as demandas e representações sociais, de um lado, e a formulação da política pública, de outro. Torna-se importante conhecer os projetos (e contraprojetos) políticos dos movimentos sociais, particularmente aqueles relacionados à sua noção de cidadania, bem como as influências estimuladoras e inibidoras da ação estatal sobre suas demandas. É necessário apreender algumas das dimensões dos movimentos sociais, como, por exemplo, sua identidade cultural e seu padrão de interação com o aparelho estatal. Desta forma, seria possível aclarar as percepções dos atores sociais a respeito de "necessidades" e sua noção de "cidadania", bem como seus projetos de ação política. O conceito e a prática de uma cidadania "regulada" podem, na verdade, ser incorporados tanto pelo Estado como pela sociedade. Alcançar um estágio de cidadania "plena" resulta de um processo histórico de conquista social, no qual se reveste de especial importância a maneira como a sociedade organiza e representa suas noções acerca do tema. O conhecimento aprofundado das contradições entre as demandas da sociedade e a formulação política pelas instituições pode resolver o paradoxo apresentado pelo polimorfismo das políticas públicas, a um só tempo compensadoras e reprodutoras de desigualdades, controladoras e estimuladoras da ação política da sociedade. Em conclusão, torna-se necessário conhecer as representações sociais de cidadania em sua dinâmica e variabilidade, o que pode significar um caminho para a definição de novos direitos e novas áreas de ação política para o pólo dominado da sociedade.</p></abstract><trans-abstract lang_id="en"><p>There are many forms of political and cultural mediation between social representations and social demands, on the one hand, and public policy-making on the other. It is important to be familiar with political projects and counter-projects formulated by social movements, particularly concerning their notion of citizenship and the changes caused on their demands by the enhancing or inhibiting action of the state. It is essential to grasp the various dimensions of social movements, namely their cultural identity and pattern of interaction with the state. It is thus possible to clarify social actors' perceptions of "needs" and their notions of "citizenship", as well as their respective projects for political action. The concept and practice of "regulated" citizenship may be incorporated both by the state and social movements. The achievement of "full" citizenship is a historical process of social conquest, with particular significance in the way society organizes and represents its perceptions and notions about the issue. A deeper understanding of contradictions between social demands and institutional policy-making can solve the paradox displayed by the polymorphous character of these policies, which both compensate for and reproduce inequalities, in addition to enhancing and controlling political action by society. In conclusion, it is necessary to discover the whole variety and dynamics of social representations of citizenship, as a way to achieve new rights and new areas of political action for the disempowered members of society.</p></trans-abstract><kwd-group lang_id="pt" kwd-group-type="author-generated"><kwd>Políticas Públicas</kwd><kwd>Representações Sociais</kwd><kwd>Demandas Sociais</kwd><kwd>Ação Política</kwd><kwd>Cidadania</kwd></kwd-group><kwd-group lang_id="en" kwd-group-type="author-generated"><kwd>Public Policies</kwd><kwd>Social Representations</kwd><kwd>Social Demands</kwd><kwd>Political Action</kwd><kwd>Citizenship</kwd></kwd-group></article-meta></front><back><ref-list><ref id="B1"><element-citation publication-type="book"><source>Marxismo e Filosofia da Linguagem</source><person-group><name><surname>BAKHTIN</surname><given-names>M.</given-names></name><name><surname>BAKHTIN</surname><given-names>M.</given-names></name></person-group></element-citation></ref><ref id="B2"><element-citation publication-type="book"><source>A Política dos Outros: O Quotidiano dos Moradores da Periferia e o que Pensam do Poder e dos Poderosos</source><person-group><name><surname>CALDEIRA</surname><given-names>T. P. R.</given-names></name><name><surname>CALDEIRA</surname><given-names>T. P. R.</given-names></name></person-group></element-citation></ref><ref id="B3"><element-citation publication-type="book"><source>Sociedade e Política no Brasil Pós-64</source><person-group><name><surname>CARDOSO</surname><given-names>R. L.</given-names></name></person-group></element-citation></ref><ref id="B4"><element-citation publication-type="book"><source>Ciudad, Democracía y Socialismo</source><person-group><name><surname>CASTELLS</surname><given-names>M.</given-names></name><name><surname>CASTELLS</surname><given-names>M.</given-names></name></person-group></element-citation></ref><ref id="B5"><element-citation publication-type="undefined"><person-group><name><surname>CASTORIADIS</surname><given-names>C.</given-names></name><name><surname>CASTORIADIS</surname><given-names>C.</given-names></name></person-group></element-citation></ref><ref id="B6"><element-citation publication-type="book"><source>A Saúde como Direito e como Serviço</source><person-group><name><surname>COHN</surname><given-names>A.</given-names></name><name><surname>NUNES</surname><given-names>E.</given-names></name><name><surname>JACOBI</surname><given-names>P.</given-names></name><name><surname>KARSCH</surname><given-names>U. S.</given-names></name><name><surname>COHN</surname><given-names>A.</given-names></name><name><surname>NUNES</surname><given-names>E.</given-names></name><name><surname>JACOBI</surname><given-names>P.</given-names></name><name><surname>KARSCH</surname><given-names>U. S.</given-names></name></person-group></element-citation></ref><ref id="B7"><element-citation publication-type="conference"><source>O "Welfare-State" no Brasil: Características e Perspectivas</source><date><year>1988</year></date><person-group><name><surname>DRAIBE</surname><given-names>S.</given-names></name><name><surname>DRAIBE</surname><given-names>S.</given-names></name></person-group></element-citation></ref><ref id="B8"><element-citation publication-type="article"><article-title>Movimentos sociais e construção da cidadania</article-title><source>Novos Estudos</source><fpage>24</fpage><lpage>30</lpage><volume>10</volume><person-group><name><surname>DURHAN</surname><given-names>E.</given-names></name></person-group></element-citation></ref><ref id="B9"><element-citation publication-type="article"><article-title>Identidade: A face oculta dos novos movimentos sociais</article-title><source>Novos Estudos</source><fpage>ll</fpage><lpage>23</lpage><volume>4</volume><person-group><name><surname>EVERS</surname><given-names>T.</given-names></name></person-group></element-citation></ref><ref id="B10"><element-citation publication-type="book"><source>A Teoria Crítica Ontem e Hoje</source><person-group><name><surname>FREITAG</surname><given-names>B.</given-names></name><name><surname>FREITAG</surname><given-names>B.</given-names></name></person-group></element-citation></ref><ref id="B11"><element-citation publication-type="article"><article-title>Dez teses acerca dos movimentos sociais</article-title><source>Lua Nova</source><fpage>19</fpage><lpage>48</lpage><volume>17</volume><person-group><name><surname>FRANK</surname><given-names>A. G.</given-names></name><name><surname>FUENTES</surname><given-names>M.</given-names></name></person-group></element-citation></ref><ref id="B12"><element-citation publication-type="book"><source>La Participation Contre la Démocratie</source><person-group><name><surname>GODBOUT</surname><given-names>J.</given-names></name><name><surname>GODBOUT</surname><given-names>J.</given-names></name></person-group></element-citation></ref><ref id="B13"><element-citation publication-type="book"><source>La Creaciân Cultural en la Sociedad Moderna</source><person-group><name><surname>GOLDMANN</surname><given-names>L.</given-names></name><name><surname>GOLDMANN</surname><given-names>L.</given-names></name></person-group></element-citation></ref><ref id="B14"><element-citation publication-type="thesis"><source>Políticas e Instituições de Saúde: O Vivido, o Percebido e o Representado</source><person-group><name><surname>GOULART</surname><given-names>F. A. A.</given-names></name><name><surname>GOULART</surname><given-names>F. A. A.</given-names></name></person-group></element-citation></ref><ref id="B15"><element-citation publication-type="book"><source>Concepção Dialética da História</source><person-group><name><surname>GRAMSCI</surname><given-names>A.</given-names></name><name><surname>GRAMSCI</surname><given-names>A.</given-names></name></person-group></element-citation></ref><ref id="B16"><element-citation publication-type="book"><source>Conhecimento e Interesse</source><person-group><name><surname>HABERMAS</surname><given-names>J.</given-names></name><name><surname>HABERMAS</surname><given-names>J.</given-names></name></person-group></element-citation></ref><ref id="B17"><element-citation publication-type="book"><source>Introduction à la Psychologie Sociale</source><person-group><name><surname>HERZLICH</surname><given-names>C.</given-names></name></person-group></element-citation></ref><ref id="B18"><element-citation publication-type="book"><source>Movimentos Sociais e Políticas Públicas</source><person-group><name><surname>JACOBI</surname><given-names>P.</given-names></name><name><surname>JACOBI</surname><given-names>P.</given-names></name></person-group></element-citation></ref><ref id="B19"><element-citation publication-type="book"><source>Dialética do Concreto</source><person-group><name><surname>KOSIK</surname><given-names>K.</given-names></name><name><surname>KOSIK</surname><given-names>K.</given-names></name></person-group></element-citation></ref><ref id="B20"><element-citation publication-type="book"><source>As Instituições Médicas no Brasil</source><date><year>1979</year></date><person-group><name><surname>LUZ</surname><given-names>M. T.</given-names></name><name><surname>LUZ</surname><given-names>M. T.</given-names></name></person-group></element-citation></ref><ref id="B21"><element-citation publication-type="book"><source>Cidadania, Classe Social e Status</source><person-group><name><surname>MARSHALL</surname><given-names>T. H.</given-names></name><name><surname>MARSHALL</surname><given-names>T. H.</given-names></name></person-group></element-citation></ref><ref id="B22"><element-citation publication-type="article"><article-title>Um objetivo para os movimentos sociais</article-title><source>Lua Nova</source><fpage>49</fpage><lpage>66</lpage><volume>17</volume><person-group><name><surname>MELUCCI</surname><given-names>A.</given-names></name></person-group></element-citation></ref><ref id="B23"><element-citation publication-type="thesis"><source>O Desafio do Conhecimento</source><person-group><name><surname>MINAYO</surname><given-names>M. C. S.</given-names></name><name><surname>MINAYO</surname><given-names>M. C. S.</given-names></name></person-group></element-citation></ref><ref id="B24"><element-citation publication-type="book"><source>Santé et Maladie: Analyse d'une Représentation Sociale</source><person-group><name><surname>MOSCOVICI</surname><given-names>S.</given-names></name></person-group></element-citation></ref><ref id="B25"><element-citation publication-type="book"><source>Problemas Estruturais do Estado Capitalista</source><person-group><name><surname>OFFE</surname><given-names>C.</given-names></name><name><surname>OFFE</surname><given-names>C.</given-names></name></person-group></element-citation></ref><ref id="B26"><element-citation publication-type="article"><article-title>Sem lenço, sem documento: Reflexões sobre a cidadania no Brasil</article-title><source>Sociedade &amp; Estado</source><fpage>49</fpage><lpage>64</lpage><volume>1</volume><person-group><name><surname>PEIRANO</surname><given-names>M.</given-names></name></person-group></element-citation></ref><ref id="B27"><element-citation publication-type="book"><source>Contribuição para a Discussão dos Atores Sociais</source><person-group><name><surname>RAMOS</surname><given-names>C. L.</given-names></name><name><surname>RAMOS</surname><given-names>C. L.</given-names></name></person-group></element-citation></ref><ref id="B28"><element-citation publication-type="book"><source>Cidadania e Justiça</source><person-group><name><surname>SANTOS</surname><given-names>W. G.</given-names></name><name><surname>SANTOS</surname><given-names>W. G.</given-names></name></person-group></element-citation></ref><ref id="B29"><element-citation publication-type="article"><article-title>A luta pelos direitos urbanos: novas representações de cidade e cidadania</article-title><source>Espaço &amp; Debates</source><fpage>28</fpage><lpage>41</lpage><volume>30</volume><person-group><name><surname>SILVA</surname><given-names>A. A.</given-names></name></person-group></element-citation></ref><ref id="B30"><element-citation publication-type="book"><source>Reforma Sanitária: em Busca de uma Teoria</source><person-group><name><surname>TEIXEIRA</surname><given-names>S. F.</given-names></name><name><surname>TEIXEIRA</surname><given-names>S. F.</given-names></name></person-group></element-citation></ref><ref id="B31"><element-citation publication-type="book"><source>La Voix et le Regard</source><person-group><name><surname>TOURAINE</surname><given-names>A.</given-names></name><name><surname>TOURAINE</surname><given-names>A.</given-names></name></person-group></element-citation></ref></ref-list></back></article></articles>