<articles xmlns:xsi="http://www.w3.org/2001/XMLSchema-instance" xsi:schemaLocation="https://raw.githubusercontent.com/scieloorg/articles_meta/master/tests/xsd/scielo_sci/ThomsonReuters_publishing.xsd" dtd-version="1.10"><article lang_id="pt" article-type="research-article"><front><journal-meta><journal-id journal-id-type="publisher">csp</journal-id><journal-title-group><journal-title>Cadernos de Saúde Pública</journal-title><abbrev-journal-title>Cad. Saúde Pública</abbrev-journal-title></journal-title-group><issn>1678-4464</issn><collection>SciELO Brazil</collection><publisher><publisher-name>Escola Nacional de Saúde Pública Sergio Arouca, Fundação Oswaldo Cruz</publisher-name></publisher></journal-meta><article-meta><unique-article-id pub-id-type="publisher-id">S0102-311X1991000300008</unique-article-id><article-id pub-id-type="publisher-id">S0102-311X1991000300008</article-id><article-id pub-id-type="doi">10.1590/S0102-311X1991000300008</article-id><article-categories><subj-group><subject>Health Policy &amp; Services</subject></subj-group></article-categories><title-group><article-title lang_id="pt">Aplicação do teste de informação, memória e concentração (IMC) ao estudo epidemiológico de demência senil em Fortaleza</article-title></title-group><contrib-group><contrib contrib-type="author"><name><surname>Viana</surname><given-names>G. S. B.</given-names></name><role>ND</role><xref ref-type="aff" rid="A01"/></contrib><contrib contrib-type="author"><name><surname>Rouquayrol</surname><given-names>M. Z.</given-names></name><role>ND</role><xref ref-type="aff" rid="A02"/></contrib><contrib contrib-type="author"><name><surname>Bruin</surname><given-names>V. M. S.</given-names></name><role>ND</role><xref ref-type="aff" rid="A03"/></contrib><contrib contrib-type="author"><name><surname>Albuquerque</surname><given-names>J. J. L.</given-names></name><role>ND</role><xref ref-type="aff" rid="A04"/></contrib></contrib-group><aff id="A01"><institution>Universidade Federal do Ceará</institution><country>Brazil</country></aff><aff id="A02"><institution>Universidade Federal do Ceará</institution><country>Brazil</country></aff><aff id="A04"><institution>Universidade Federal do Ceará</institution><country>Brazil</country></aff><aff id="A03"><institution>Universidade Federal do Ceará</institution><country>Brazil</country></aff><pub-date><month>09</month><year>1991</year></pub-date><volume>7</volume><issue>3</issue><fpage>396</fpage><lpage>408</lpage><permissions><license license-type="open-access" href="http://creativecommons.org/licenses/by-nc/4.0/"><license-p>This work is licensed under a Creative Commons Attribution-NonCommercial 4.0 International License.</license-p></license></permissions><self-uri href="http://www.scielo.br/scielo.php?script=sci_arttext&amp;pid=S0102-311X1991000300008&amp;lng=en&amp;tlng=en" content-type="full_text_page"/><self-uri href="http://www.scielosp.org/scielo.php?script=sci_issuetoc&amp;pid=0102-311X19910003&amp;lng=en" content-type="issue_page"/><self-uri href="http://www.scielosp.org/scielo.php?script=sci_serial&amp;pid=0102-311X&amp;lng=en" content-type="journal_page"/><abstract lang_id="pt"><p>O presente trabalho teve por objetivo verificar a ocorrência de demência senil em amostra de pessoas de 65 e mais anos de idade residentes no Município de Fortaleza. Foram testados 865 idosos, a partir do teste de Informação, Memória e Concentração, IMC (teste de Hachinski, modificado), que aborda aspectos concernentes à identificação da pessoa, à memória de fatos atuais e remotos e à concentração, determinando os estados demenciais em função do número e grau de respostas numa seqüência programada e previamente testada quanto à sensibilidade e especificidade. Analisando-se os resultados quanto a idade, sexo e condição social, evidenciou-se uma prevalência de 8,4% de demência senil no conjunto geral, com diferença não-significativa na faixa de 75 e mais anos de idade (9,3%), comparada ao grupo de 65 a 74 anos (7,5%). Os percentuais foram semelhantes para homens e mulheres: 8,7% e 8,3%, respectivamente. Quanto à condição social, foi verificado um aumento progressivo nas proporções de estados demenciais, desde 4,2% para o estrato A/B (abastados), 6,9% para o grupo C (nível intermediário) e 10,3% no nível D/E correspondente ao estrato de pessoas economicamente desprivilegiadas. Estes resultados, entretanto, deverão ser vistos com cena reserva, dado o grau de recusa por ocasião das entrevistas, especialmente nos estratros A/B (19,3%) e D/E (9,3%).</p></abstract><trans-abstract lang_id="en"><p>The objective of the present paper was to verify the occurrence of senile dementia in the city of Fortaleza, Brazil. A screening test, the Information, Memory and Concentration Test (IMC), was applied to 865 persons (65 years old and older). The Test includes questions on personal identification, recent and remote memory and concentration. Dementia was determined as a function of the total score obtained by the person in the test previously examined as far as sensitivity and specificity are concerned. The results were analysed according to age, sex and social strata. It was demonstrated a prevalence of dementia of 8.4% in the sample studied with no significant difference in the proportions of cases among people 75 years old or older (9.3%) as compared to the group younger, 65 to 74 years old, (7.5%). The percentage of dementia was similar between men (8.7%) and women (8.3%). It was verified a progressive increase in the frequence of dementia ranging from 5.2% for the higher social classes (A/B) to 6.9% and 10.3% for medium (C) and lower (D/E) ones respectively, with a significant difference between the social classes A/B and D/E. These results, however, should be seen with caution because of the percentage of refuse especially in the higher, A/B (19.3%) and lower D/E (9.3%) social classes.</p></trans-abstract><kwd-group lang_id="pt" kwd-group-type="author-generated"><kwd>Teste de screening</kwd><kwd>demência senil</kwd></kwd-group></article-meta></front><back><ref-list><ref id="B1"><element-citation publication-type="book"><source>Aplicaciones de la epidemiología al estudio de los ancianos</source><date><year>1984</year></date><volume>706</volume></element-citation></ref><ref id="B2"><element-citation publication-type="book"><source>El envejecimiento en América Latina y el Caribe</source><date><year>1985</year></date><volume>492</volume><person-group><name><surname>ANZOLA-PEREZ</surname><given-names>E.</given-names></name><name><surname>ANZOLA-PEREZ</surname><given-names>E.</given-names></name></person-group></element-citation></ref><ref id="B3"><element-citation publication-type="book"><source>Anuário Estatístico do Brasil</source><date><year>1989</year></date></element-citation></ref><ref id="B4"><element-citation publication-type="article"><article-title>Algumas considerações sobre a demografia de população idosa no Brasil</article-title><source>Ciência e Cultura</source><date><year>1988</year></date><fpage>679</fpage><lpage>688</lpage><issue>7</issue><volume>40</volume><person-group><name><surname>BERQUÓ</surname><given-names>E. S.</given-names></name><name><surname>LEITE</surname><given-names>V. M.</given-names></name></person-group></element-citation></ref><ref id="B5"><element-citation publication-type="article"><article-title>Envelhecimento populacional: uma realidade brasileira</article-title><source>Rev. Saúde Pública</source><date><year>1987</year></date><fpage>211</fpage><lpage>224</lpage><issue>3</issue><volume>21</volume><person-group><name><surname>RAMOS</surname><given-names>L. R.</given-names></name><name><surname>VERAS</surname><given-names>R. P.</given-names></name><name><surname>KALACHE</surname><given-names>A.</given-names></name></person-group></element-citation></ref><ref id="B6"><element-citation publication-type="book"><source>Situação de Saúde em Fortaleza: Análise através da mortalidade 1978-80</source><date><year>1982</year></date><fpage>205</fpage><person-group><name><surname>SILVA</surname><given-names>M. G. C.</given-names></name><name><surname>SILVA</surname><given-names>M. G. C.</given-names></name></person-group></element-citation></ref><ref id="B7"><element-citation publication-type="book"><source>Situação de Saúde em Fortaleza: Análise através da mortalidade em 1966-74</source><date><year>1990</year></date><fpage>177</fpage><person-group><name><surname>SILVA</surname><given-names>M. G. C.</given-names></name></person-group></element-citation></ref><ref id="B8"><element-citation publication-type="article"><article-title>Cerebral blood flow in dementia</article-title><source>Arch. Neurol.</source><date><year>1975</year></date><fpage>632</fpage><lpage>637</lpage><volume>32</volume><person-group><name><surname>HACHINSKI</surname><given-names>V. C.</given-names></name><name><surname>McALLISTER</surname><given-names>V. L.</given-names></name><name><surname>RUSSEL</surname><given-names>R. W. R.</given-names></name></person-group></element-citation></ref><ref id="B9"><element-citation publication-type="article"><article-title>Adaptação de um teste de "screening" para a detecção de demência</article-title><source>J. Bras. Psiq.</source><date><year>1988</year></date><fpage>29</fpage><lpage>31</lpage><issue>1</issue><volume>37</volume><person-group><name><surname>VIANA</surname><given-names>G. S. B.</given-names></name><name><surname>BRUIN</surname><given-names>V. M. S.</given-names></name><name><surname>LEITÃO</surname><given-names>M. C. A.</given-names></name><name><surname>ROUQUAYROL</surname><given-names>M. Z.</given-names></name></person-group></element-citation></ref><ref id="B10"><element-citation publication-type="book"><source>La demencia en la edad avanzada: investigación y acción</source><date><year>1986</year></date><volume>730</volume></element-citation></ref><ref id="B11"><element-citation publication-type="book"><source>El envejecimiento neuronal y sus relaciones con la patología neurológica humana</source><date><year>1981</year></date><volume>665</volume></element-citation></ref><ref id="B12"><element-citation publication-type="book"><source>Classificação Internacional de Doenças: 9ª Revisão (1975) Centro da OMS para classificação de doenças em Português</source><date><year>1985</year></date><fpage>809</fpage></element-citation></ref><ref id="B13"><element-citation publication-type="article"><article-title>Estudo epidemiológico dos transtornos mentais em uma população de idosos: Área urbana de Salvador-Bahia</article-title><source>J. Bras. Psiq.</source><date><year>1984</year></date><fpage>114</fpage><lpage>120</lpage><issue>2</issue><volume>33</volume><person-group><name><surname>ALMEIDA FILHO</surname><given-names>N</given-names></name><name><surname>SANTANA</surname><given-names>V. S.</given-names></name><name><surname>PINHO</surname><given-names>A. R.</given-names></name></person-group></element-citation></ref><ref id="B14"><element-citation publication-type="article"><article-title>organic mental impairment in the elderly</article-title><source>J. Royal College of Phys.</source><date><year>1981</year></date><fpage>141</fpage><lpage>167</lpage><issue>3</issue><volume>15</volume></element-citation></ref><ref id="B15"><element-citation publication-type="article"><article-title>Migração e doença mental: Revisão da bibliografia cearense, sobre o tema até 1980</article-title><source>Revista Cearense de Psiquiatria</source><date><year>1981</year></date><fpage>35</fpage><lpage>50</lpage><volume>3</volume><person-group><name><surname>SAMPAIO</surname><given-names>J. J. C.</given-names></name><name><surname>CARDOSO</surname><given-names>M. H. P.</given-names></name><name><surname>CORDEIRO</surname><given-names>M. L. M. B.</given-names></name></person-group></element-citation></ref><ref id="B16"><element-citation publication-type="article"><article-title>Dementia among medical inpatients: Evaluation of 2000 consecutive admissions</article-title><source>Arch. Intern. Med.</source><date><year>1986</year></date><fpage>1923</fpage><lpage>1926</lpage><volume>146</volume><person-group><name><surname>ERKINJUNKI</surname><given-names>T.</given-names></name><name><surname>WIKSTRON</surname><given-names>J.</given-names></name><name><surname>PAULO</surname><given-names>J.</given-names></name><name><surname>AUTIO</surname><given-names>L.</given-names></name></person-group></element-citation></ref></ref-list></back></article></articles>