<articles xmlns:xsi="http://www.w3.org/2001/XMLSchema-instance" xsi:schemaLocation="https://raw.githubusercontent.com/scieloorg/articles_meta/master/tests/xsd/scielo_sci/ThomsonReuters_publishing.xsd" dtd-version="1.10"><article lang_id="pt" article-type="research-article"><front><journal-meta><journal-id journal-id-type="publisher">csp</journal-id><journal-title-group><journal-title>Cadernos de Saúde Pública</journal-title><abbrev-journal-title>Cad. Saúde Pública</abbrev-journal-title></journal-title-group><issn>1678-4464</issn><collection>SciELO Brazil</collection><publisher><publisher-name>Escola Nacional de Saúde Pública Sergio Arouca, Fundação Oswaldo Cruz</publisher-name></publisher></journal-meta><article-meta><unique-article-id pub-id-type="publisher-id">S0102-311X1987000100003</unique-article-id><article-id pub-id-type="publisher-id">S0102-311X1987000100003</article-id><article-id pub-id-type="doi">10.1590/S0102-311X1987000100003</article-id><article-categories><subj-group><subject>Health Policy &amp; Services</subject></subj-group></article-categories><title-group><article-title lang_id="pt">Significado do estudo de caso em epidemiologia</article-title></title-group><contrib-group><contrib contrib-type="author"><name><surname>Iversson</surname><given-names>Lygia Busch</given-names></name><role>ND</role><xref ref-type="aff" rid="A01"/></contrib></contrib-group><aff id="A01"><institution>Universidade de São Paulo</institution><country>Brazil</country></aff><pub-date><month>03</month><year>1987</year></pub-date><volume>3</volume><issue>1</issue><fpage>16</fpage><lpage>21</lpage><permissions><license license-type="open-access" href="http://creativecommons.org/licenses/by-nc/4.0/"><license-p>This work is licensed under a Creative Commons Attribution-NonCommercial 4.0 International License.</license-p></license></permissions><self-uri href="http://www.scielo.br/scielo.php?script=sci_arttext&amp;pid=S0102-311X1987000100003&amp;lng=en&amp;tlng=en" content-type="full_text_page"/><self-uri href="http://www.scielosp.org/scielo.php?script=sci_issuetoc&amp;pid=0102-311X19870001&amp;lng=en" content-type="issue_page"/><self-uri href="http://www.scielosp.org/scielo.php?script=sci_serial&amp;pid=0102-311X&amp;lng=en" content-type="journal_page"/><abstract lang_id="pt"><p>Discute-se a utilização do estudo de caso em epidemiologia, analisando as vantagens e as dificuldades que o método oferece.</p></abstract><trans-abstract lang_id="en"><p>The advantages and difficulties for the use of the case study method on epidemiology are discussed by the author.</p></trans-abstract></article-meta></front><back><ref-list><ref id="B1"><element-citation publication-type="book"><source>Introduccion a las tecnicas de investigacion social</source><date><year>1969</year></date><fpage>132</fpage><lpage>133</lpage><person-group><name><surname>ANDER-EGG</surname><given-names>E</given-names></name><name><surname>ANDER-EGG</surname><given-names>E</given-names></name></person-group></element-citation></ref><ref id="B2"><element-citation publication-type="book"><source>Pesquisa mercadológica Textos e casos</source><date><year>1964</year></date><fpage>59</fpage><lpage>63</lpage><volume>1</volume><person-group><name><surname>BOYD, JR.</surname><given-names>H.</given-names></name><name><surname>HARPER</surname><given-names>W.</given-names></name><name><surname>BOYD, JR.</surname><given-names>H.</given-names></name><name><surname>HARPER</surname><given-names>W.</given-names></name></person-group></element-citation></ref><ref id="B3"><element-citation publication-type="book"><source>Repensando a pesquisa participante</source><date><year>1985</year></date><person-group><name><surname>BRANDÃO</surname><given-names>C.R.</given-names></name><name><surname>BRANDÃO</surname><given-names>C.R.</given-names></name></person-group></element-citation></ref><ref id="B4"><element-citation publication-type="book"><source>Health surveys in practice and in potencial: a critical review of their scope and methods</source><date><year>1983</year></date><fpage>162</fpage><person-group><name><surname>CARTWRIGHT</surname><given-names>A.</given-names></name><name><surname>CARTWRIGHT</surname><given-names>A.</given-names></name></person-group></element-citation></ref><ref id="B5"><element-citation publication-type="book"><source>Ensaios de Sociologia geral e aplicada</source><date><year>1960</year></date><fpage>251</fpage><lpage>69</lpage><person-group><name><surname>FERNANDES</surname><given-names>F.</given-names></name><name><surname>FERNANDES</surname><given-names>F.</given-names></name></person-group></element-citation></ref><ref id="B6"><element-citation publication-type="article"><article-title>Aspectos da epidemia de encefatite por arbovírus na região do Vale do Ribeira, São Paulo, Brasil, no período de 1975 a 1978</article-title><source>Rev. Saúde pública</source><date><year>1980</year></date><fpage>9</fpage><lpage>35</lpage><volume>14</volume><person-group><name><surname>IVERSSON</surname><given-names>L. B.</given-names></name></person-group></element-citation></ref><ref id="B7"><element-citation publication-type="book"><source>Os argonautas do mundo ocidental</source><date><year>1976</year></date><person-group><name><surname>MALINOWSKI</surname><given-names>B.</given-names></name><name><surname>MALINOWSKI</surname><given-names>B.</given-names></name></person-group></element-citation></ref><ref id="B8"><element-citation publication-type="book"><source>Métodos de investigação sociológica</source><date><year>1979</year></date><fpage>121</fpage><lpage>3</lpage><person-group><name><surname>MANN</surname><given-names>P. H.</given-names></name><name><surname>MANN</surname><given-names>P. H.</given-names></name></person-group></element-citation></ref><ref id="B9"><element-citation publication-type="book"><source>Métodos de pesquisa nas relações sociais</source><date><year>1967</year></date><fpage>59</fpage><lpage>60</lpage><person-group><name><surname>SELLTIZ</surname><given-names>C</given-names></name><name><surname>JAHODA</surname><given-names>M.</given-names></name><name><surname>DEUTSCH</surname><given-names>MB</given-names></name><name><surname>COOK</surname><given-names>S.W.</given-names></name><name><surname>SELLTIZ</surname><given-names>C</given-names></name><name><surname>JAHODA</surname><given-names>M.</given-names></name><name><surname>DEUTSCH</surname><given-names>MB</given-names></name><name><surname>COOK</surname><given-names>S.W.</given-names></name></person-group></element-citation></ref><ref id="B10"><element-citation publication-type="article"><article-title>Métodos e técnicas de pesquisa: Uma nota sobre o estudo de caso e a observação</article-title><source>SERVIR</source><date><year>1981</year></date><fpage>175</fpage><lpage>7</lpage><issue>4</issue><volume>19</volume><person-group><name><surname>SPÍNOLA</surname><given-names>A. W.</given-names></name></person-group></element-citation></ref></ref-list></back></article></articles>