<articles xmlns:xsi="http://www.w3.org/2001/XMLSchema-instance" xsi:schemaLocation="https://raw.githubusercontent.com/scieloorg/articles_meta/master/tests/xsd/scielo_sci/ThomsonReuters_publishing.xsd" dtd-version="1.10"><article lang_id="pt" article-type="research-article"><front><journal-meta><journal-id journal-id-type="publisher">csp</journal-id><journal-title-group><journal-title>Cadernos de Saúde Pública</journal-title><abbrev-journal-title>Cad. Saúde Pública</abbrev-journal-title></journal-title-group><issn>1678-4464</issn><collection>SciELO Brazil</collection><publisher><publisher-name>Escola Nacional de Saúde Pública Sergio Arouca, Fundação Oswaldo Cruz</publisher-name></publisher></journal-meta><article-meta><unique-article-id pub-id-type="publisher-id">S0102-311X1993000100006</unique-article-id><article-id pub-id-type="publisher-id">S0102-311X1993000100006</article-id><article-id pub-id-type="doi">10.1590/S0102-311X1993000100006</article-id><article-categories><subj-group><subject>Health Policy &amp; Services</subject></subj-group></article-categories><title-group><article-title lang_id="pt">Violência velada e revelada: estudo epidemiológico da mortalidade por causas externas em Duque de Caxias, Rio de Janeiro</article-title><trans-title-group lang_id="en"><trans-title>Concealed and revealed violence: an epidemiological study of mortality from external causes in Duque de Caxias, Rio de Janeiro</trans-title></trans-title-group></title-group><contrib-group><contrib contrib-type="author"><name><surname>Souza</surname><given-names>Edinilsa R. de</given-names></name><role>ND</role><xref ref-type="aff" rid="A01"/></contrib></contrib-group><aff id="A01"><institution>Fundação Oswaldo Cruz</institution><country>Brazil</country></aff><pub-date><month>03</month><year>1993</year></pub-date><volume>9</volume><issue>1</issue><fpage>48</fpage><lpage>64</lpage><permissions><license license-type="open-access" href="http://creativecommons.org/licenses/by-nc/4.0/"><license-p>This work is licensed under a Creative Commons Attribution-NonCommercial 4.0 International License.</license-p></license></permissions><self-uri href="http://www.scielo.br/scielo.php?script=sci_arttext&amp;pid=S0102-311X1993000100006&amp;lng=en&amp;tlng=en" content-type="full_text_page"/><self-uri href="http://www.scielosp.org/scielo.php?script=sci_issuetoc&amp;pid=0102-311X19930001&amp;lng=en" content-type="issue_page"/><self-uri href="http://www.scielosp.org/scielo.php?script=sci_serial&amp;pid=0102-311X&amp;lng=en" content-type="journal_page"/><abstract lang_id="pt"><p>Este trabalho é parte de um estudo em que se aborda, interdisciplinarmente, o processo de violência/saúde no município de Duque de Caxias, processo este entendido como uma cadeia onde se expressam as violências estrutural, da resistência e da delinqüência, cujos reflexos se fazem presentes na mortalidade do município. Constitui-se em uma análise de dados de registro relativos à mortalidade por causas externas para o período de 1979 a 1987, e em uma análise crítica das informações coletadas das declarações de óbito para o ano de 1987. Apresenta-se a mortalidade por causas externas da área investigada, sua magnitude e importância em relação às principais causas de morte no município, em números absolutos, proporções, coeficientes brutos e padronizados, taxas e anos de vida potencialmente perdidos, estratificados por grupos de causas externas específicas, sexo e idade. Na análise, constrói-se um perfil sócio-econômico-demográfico destas vítimas. Discute-se os resultados à luz do conhecimento sociológico e histórico da dinâmica social de Duque de Caxias. Conclui-se sugerindo algumas medidas que consideram-se de extrema necessidade para o apoio às vítimas da violência.</p></abstract><trans-abstract lang_id="en"><p>This paper is part of an interdisciplinary study dealing with violence and the health process in the city of Duque de Caxias, State of Rio de Janeiro. This process expresses structural violence in addition to that related to resistance and deliquency, the outcomes of which are present in the area's overall mortality. This is an analysis of recorded data on mortality form external causes in the period 1979-1987, as well as a critical analysis of information gathered from death certificates for the year 1987. Mortality from external causes in the area studied is shown according to its magnitude and importance in relation to the major causes of death in the city, using absolute numbers, ratios, crude and standardized coefficients, rates, and years of life potentially lost, which are classified by groups of specific external causes, sex, and age. The analysis gives a socio-economic and demographic profile of the victims. The findings are discussed in the light of the sociological and historical knowledge on the social dynamics of Duque de Caxias. As a conclusion, this paper suggests a few actions that are badly needed for providing support to the victims of violence.</p></trans-abstract><kwd-group lang_id="pt" kwd-group-type="author-generated"><kwd>Violência</kwd><kwd>Mortalidade</kwd><kwd>Interdisciplinariedade</kwd><kwd>Epidemiologia</kwd></kwd-group><kwd-group lang_id="en" kwd-group-type="author-generated"><kwd>Violence</kwd><kwd>Mortality</kwd><kwd>Interdisciplinarity</kwd><kwd>Epidemiology</kwd></kwd-group></article-meta></front><back><ref-list><ref id="B1"><element-citation publication-type="article"><article-title>Accidentes de transito: Problema de salud en países en desarrollo de las américas</article-title><source>Boletin de la Oficina Sanitaria Panamericana</source><fpage>130</fpage><lpage>139</lpage><volume>103</volume><person-group><name><surname>BANGDIWALA</surname><given-names>S. I.</given-names></name><name><surname>ANZOLA-PÉREZ</surname><given-names>E</given-names></name></person-group></element-citation></ref><ref id="B2"><element-citation publication-type="article"><article-title>The cost of inequality: metropolitan structure and violent crime</article-title><source>American Sociological Review</source><fpage>114</fpage><lpage>129</lpage><volume>47</volume><person-group><name><surname>BLAU</surname><given-names>J. R.</given-names></name><name><surname>BLAU</surname><given-names>P.</given-names></name></person-group></element-citation></ref><ref id="B3"><element-citation publication-type="article"><article-title>A terra onde imperam o medo e a pobreza</article-title><source>O Globo</source><date><day>10</day><month>03</month><year>1991</year></date><person-group><name><surname>BONIS</surname><given-names>R.</given-names></name><name><surname>BOTTARI</surname><given-names>E.</given-names></name></person-group></element-citation></ref><ref id="B4"><element-citation publication-type="article"><article-title>Las mujeres y la violencia Social</article-title><source>La Violencia y Sus Causas</source><fpage>265</fpage><lpage>279</lpage><person-group><name><surname>BOULDING</surname><given-names>E.</given-names></name></person-group></element-citation></ref><ref id="B5"><element-citation publication-type="article"><article-title>As faces da violência</article-title><source>Percurso</source><fpage>48</fpage><lpage>54</lpage><person-group><name><surname>COSTA</surname><given-names>J. F.</given-names></name></person-group></element-citation></ref><ref id="B6"><element-citation publication-type="book"><source>La Violencia y Sus Causas</source><fpage>33</fpage><lpage>45</lpage><person-group><name><surname>DOMENACH</surname><given-names>J. M.</given-names></name></person-group></element-citation></ref><ref id="B7"><element-citation publication-type="book"><source>Violencia y/o Salud. Elementos preliminares para pensarlas y actuar</source><person-group><name><surname>FRANCO</surname><given-names>S.</given-names></name><name><surname>FRANCO</surname><given-names>S.</given-names></name></person-group></element-citation></ref><ref id="B8"><element-citation publication-type="article"><article-title>Homicide and suicide in a metropolitan county</article-title><source>Journal of the American Medical Association</source><fpage>900</fpage><lpage>905</lpage><volume>223</volume><person-group><name><surname>HIRSCH</surname><given-names>C. S.</given-names></name><name><surname>RUSHFORTH</surname><given-names>N. B.</given-names></name><name><surname>FORD</surname><given-names>A. B.</given-names></name><name><surname>ADELSON</surname><given-names>L.</given-names></name></person-group></element-citation></ref><ref id="B9"><element-citation publication-type="article"><article-title>Suicide and homicide in the United States: an epidemiologic study of violent death, population changes, and the potential of prediction</article-title><source>American Journal of Psychiatry</source><fpage>215</fpage><lpage>219</lpage><volume>144</volume><person-group><name><surname>HOLINGER</surname><given-names>P. C.</given-names></name><name><surname>OFFER</surname><given-names>D.</given-names></name><name><surname>OSTROV</surname><given-names>E.</given-names></name></person-group></element-citation></ref><ref id="B10"><element-citation publication-type="article"><article-title>United States, 1978-1987</article-title><source>Morbidity and Mortality Weekly Report</source><fpage>869</fpage><lpage>873</lpage><volume>39</volume></element-citation></ref><ref id="B11"><element-citation publication-type="article"><article-title>Regional variation in suicide and homicide</article-title><source>Suicide and Life-Threatening Behavior</source><fpage>110</fpage><lpage>116</lpage><volume>15</volume><person-group><name><surname>LESTER</surname><given-names>D.</given-names></name></person-group></element-citation></ref><ref id="B12"><element-citation publication-type="article"><article-title>Suicide, homicide and the quality of life in various countries</article-title><source>Acta Psychiatrica Scandinavica</source><fpage>332</fpage><lpage>334</lpage><volume>81</volume></element-citation></ref><ref id="B13"><element-citation publication-type="article"><article-title>Suicídio na infância e adolescência</article-title><source>Jornal Brasileiro de Psiquiatria</source><fpage>167</fpage><lpage>174</lpage><volume>39</volume><person-group><name><surname>LIPPI</surname><given-names>J. R. S.</given-names></name><name><surname>PEREIRA</surname><given-names>I. M.</given-names></name><name><surname>SOARES</surname><given-names>K. V. S. S.</given-names></name><name><surname>CAMARGOS-JÚNIOR</surname><given-names>W.</given-names></name></person-group></element-citation></ref><ref id="B14"><element-citation publication-type="article"><article-title>Causas de defunción en diez países y territorios de habla inglesa del Caribe</article-title><source>Boletin de la Oficina Sanitaria Panamericana</source><fpage>288</fpage><lpage>299</lpage><volume>93</volume><person-group><name><surname>MC GLASHAN</surname><given-names>N. D.</given-names></name></person-group></element-citation></ref><ref id="B15"><element-citation publication-type="article"><article-title>Situação atual das estatísticas oficiais relativas à mortalidade por causas externas</article-title><source>Revista de Saúde Pública</source><fpage>217</fpage><lpage>223</lpage><volume>24</volume><person-group><name><surname>MELLO JORGE</surname><given-names>M. H.</given-names></name></person-group></element-citation></ref><ref id="B16"><element-citation publication-type="book"><source>Interdisciplinaridade na compreensão da violência e saúde</source><person-group><name><surname>MINAYO</surname><given-names>M. C. S.</given-names></name><name><surname>MINAYO</surname><given-names>M. C. S.</given-names></name></person-group></element-citation></ref><ref id="B17"><element-citation publication-type="book"><source>Bibliografia Comentada da Produção Científica Brasileira Sobre Violência e Saúde</source></element-citation></ref><ref id="B18"><element-citation publication-type="article"><article-title>Problems in measurement of accuracy of cause of death statistics</article-title><source>American Journal of Public Health</source><fpage>1349</fpage><lpage>1350</lpage><volume>79</volume><person-group><name><surname>MORIYAMA</surname><given-names>I. M.</given-names></name></person-group></element-citation></ref><ref id="B19"><element-citation publication-type="book"><source>Violência e Cidade</source><fpage>21</fpage><lpage>28</lpage><person-group><name><surname>OLIVEN</surname><given-names>R. G.</given-names></name></person-group></element-citation></ref><ref id="B20"><element-citation publication-type="book"><source>Violência e Cidade</source><fpage>75</fpage><lpage>97</lpage><person-group><name><surname>PAIXÃO</surname><given-names>A. L.</given-names></name></person-group></element-citation></ref><ref id="B21"><element-citation publication-type="article"><article-title>Notas sobre violência y cultura</article-title><source>Argumentos</source><fpage>91</fpage><lpage>108</lpage><volume>3</volume><person-group><name><surname>PICCINI</surname><given-names>M.</given-names></name></person-group></element-citation></ref><ref id="B22"><element-citation publication-type="book"><source>El Desafio de la Epidemiología: Problemas y Lecturas Seleccionadas</source><fpage>231</fpage><lpage>244</lpage><person-group><name><surname>PUFFER</surname><given-names>R. R.</given-names></name><name><surname>GRIFFITH</surname><given-names>G. W.</given-names></name></person-group></element-citation></ref><ref id="B23"><element-citation publication-type="article"><article-title>Homicide, suicide, motor vehicle crash and fall mortality: United States' experience in comparative perspective</article-title><source>American Journal of Public Health</source><fpage>1396</fpage><lpage>1400</lpage><volume>79</volume><person-group><name><surname>ROCKETT</surname><given-names>I. R. H.</given-names></name><name><surname>SMITH</surname><given-names>G. S.</given-names></name></person-group></element-citation></ref><ref id="B24"><element-citation publication-type="book"><source>El Desafio de la Epidemiología: Problemas y Lecturas Seleccionadas</source><fpage>254</fpage><lpage>263</lpage><person-group><name><surname>ROMEDER</surname><given-names>J. M.</given-names></name><name><surname>MC WHINNIE</surname><given-names>J. R.</given-names></name></person-group></element-citation></ref><ref id="B25"><element-citation publication-type="article"><article-title>Epidemiology and prevention of adolescent injury</article-title><source>Journal of the Aamerican Medical Association</source><fpage>2273</fpage><lpage>2274</lpage><volume>262</volume><person-group><name><surname>RUNYAN</surname><given-names>C. W.</given-names></name><name><surname>GERKEN</surname><given-names>E. A.</given-names></name></person-group></element-citation></ref><ref id="B26"><element-citation publication-type="article"><article-title>Rethinking homicide: violence, race, and the politics of gender</article-title><source>International Journal of Health Services</source><fpage>3</fpage><lpage>26</lpage><volume>20</volume><person-group><name><surname>STARK</surname><given-names>E.</given-names></name></person-group></element-citation></ref><ref id="B27"><element-citation publication-type="article"><article-title>Incidence, causes and severity of injuries in aquitaine, France: a community- based study of hospital admissions and death</article-title><source>American Journal of Public Health</source><fpage>316</fpage><lpage>321</lpage><volume>79</volume><person-group><name><surname>TIRET</surname><given-names>L.</given-names></name><name><surname>GARROS</surname><given-names>B.</given-names></name><name><surname>MAURETTE</surname><given-names>P.</given-names></name><name><surname>NICAUD</surname><given-names>V.</given-names></name><name><surname>THICOIPE</surname><given-names>M.</given-names></name><name><surname>HATTON</surname><given-names>F.</given-names></name><name><surname>ERNY</surname><given-names>P.</given-names></name></person-group></element-citation></ref><ref id="B28"><element-citation publication-type="article"><article-title>Psicología de la violencia</article-title><source>Gaceta APUCV/IPP</source><fpage>5</fpage><lpage>10</lpage><volume>62</volume><person-group><name><surname>VETHENCOURT</surname><given-names>J. L.</given-names></name></person-group></element-citation></ref></ref-list></back></article></articles>