<articles xmlns:xsi="http://www.w3.org/2001/XMLSchema-instance" xsi:schemaLocation="https://raw.githubusercontent.com/scieloorg/articles_meta/master/tests/xsd/scielo_sci/ThomsonReuters_publishing.xsd" dtd-version="1.10"><article lang_id="pt" article-type="research-article"><front><journal-meta><journal-id journal-id-type="publisher">csp</journal-id><journal-title-group><journal-title>Cadernos de Saúde Pública</journal-title><abbrev-journal-title>Cad. Saúde Pública</abbrev-journal-title></journal-title-group><issn>1678-4464</issn><collection>SciELO Brazil</collection><publisher><publisher-name>Escola Nacional de Saúde Pública Sergio Arouca, Fundação Oswaldo Cruz</publisher-name></publisher></journal-meta><article-meta><unique-article-id pub-id-type="publisher-id">S0102-311X1989000200005</unique-article-id><article-id pub-id-type="publisher-id">S0102-311X1989000200005</article-id><article-id pub-id-type="doi">10.1590/S0102-311X1989000200005</article-id><article-categories><subj-group><subject>Health Policy &amp; Services</subject></subj-group></article-categories><title-group><article-title lang_id="pt">Teoria política e políticas sociais: notas para uma investigação</article-title></title-group><contrib-group><contrib contrib-type="author"><name><surname>Oliveira</surname><given-names>Jaime A.</given-names></name><role>ND</role></contrib></contrib-group><pub-date><month>04</month><year>1989</year></pub-date><volume>5</volume><issue>2</issue><fpage>169</fpage><lpage>186</lpage><permissions><license license-type="open-access" href="http://creativecommons.org/licenses/by-nc/4.0/"><license-p>This work is licensed under a Creative Commons Attribution-NonCommercial 4.0 International License.</license-p></license></permissions><self-uri href="http://www.scielo.br/scielo.php?script=sci_arttext&amp;pid=S0102-311X1989000200005&amp;lng=en&amp;tlng=en" content-type="full_text_page"/><self-uri href="http://www.scielosp.org/scielo.php?script=sci_issuetoc&amp;pid=0102-311X19890002&amp;lng=en" content-type="issue_page"/><self-uri href="http://www.scielosp.org/scielo.php?script=sci_serial&amp;pid=0102-311X&amp;lng=en" content-type="journal_page"/><abstract lang_id="pt"><p>Este artigo parte de uma classificação, realizada por outro autor, das principais matrizes teóricas desde as quais costuma ser abordado o fenômeno das chamadas "Políticas Sociais' na literatura internacional sobre o tema. Refletindo sobre esta classificação, busca-se decompor alguns de seus elementos, precisar o sentido de outros, acrescentar matrizes que parecem ter sido desconsideradas no texto inicial, e, finalmente, distinguir: correntes de intenção mais bem normativa e/ou descritiva, de outras caracterizadas por preocupações de natureza mais marcadamente analítica ou interpretativa. A seguir, o texto, detendo-se nestas últimas, procura considerar, mais detalhadamente, as seguintes matrizes de abordagem do tema em questão: a "leitura" estruturalista do marxismo; o elitismo; o pluralismo; e correntes marxistas não estruturalistas contemporâneas O artigo termina com indicações para o desenvolvimento da discussão nele iniciada.</p></abstract><trans-abstract lang_id="en"><p>This article takes as its starting point a classification designed by another author, of the principal tendencies present in the international literature that discusses "social policy". When one studies this classification, it is possible to analyse some of its elements, sharpen the meaning of others and even add tendencies that seem to have been desconsidered in the original text. Finally, it is possible to distinguish between of thought that tend to be more normative and/ or descriptive, and others characterized by more analytical or interpretative preoccupations. In the next moment an effort is made to study in a more detailed form the following theoretical approaches to the theme in question: the structuralist approach to marxism, elitism, pluralism and the contemporary non-structuralist marxist approaches. The article ends with indications of how to develop the discussion presented.</p></trans-abstract></article-meta></front><back><ref-list><ref id="B1"><element-citation publication-type="book"><source>Aparelhos Ideológicos de Estado</source><date><year>1983</year></date><person-group><name><surname>ALTHUSSER</surname><given-names>Louis</given-names></name><name><surname>ALTHUSSER</surname><given-names>Louis</given-names></name></person-group></element-citation></ref><ref id="B2"><element-citation publication-type="book"><source>State and Capital: A Marxist Debate</source><person-group><name><surname>ALTVATER</surname><given-names>Elmar</given-names></name><name><surname>Hollo way</surname><given-names>J.</given-names></name><name><surname>Picciotto</surname><given-names>S.</given-names></name><name><surname>Hollo way</surname><given-names>J.</given-names></name><name><surname>Picciotto</surname><given-names>S.</given-names></name></person-group></element-citation></ref><ref id="B3"><element-citation publication-type="book"><source>The Process of Government</source><date><year>1967</year></date><person-group><name><surname>BENTLEY</surname><given-names>Arthur</given-names></name><name><surname>BENTLEY</surname><given-names>Arthur</given-names></name></person-group></element-citation></ref><ref id="B4"><element-citation publication-type="book"><source>A Contribuição de Hayek às Idéias Políticas e Econômicas de Nosso Tempo</source><date><year>1987</year></date><person-group><name><surname>BUTLER</surname><given-names>Eamom</given-names></name><name><surname>BUTLER</surname><given-names>Eamom</given-names></name></person-group></element-citation></ref><ref id="B5"><element-citation publication-type="book"><source>Estado e Teoria Política</source><date><year>1986</year></date><person-group><name><surname>CARNOY</surname><given-names>Martin</given-names></name></person-group></element-citation></ref><ref id="B6"><element-citation publication-type="book"><source>Estado, Democracia e Transição ao Socialismo</source><person-group><name><surname>CARNOY</surname><given-names>Martin</given-names></name></person-group></element-citation></ref><ref id="B7"><element-citation publication-type="book"><source>O Debate Alemão</source><person-group><name><surname>CARNOY</surname><given-names>Martin</given-names></name></person-group></element-citation></ref><ref id="B8"><element-citation publication-type="book"><source>Uma Teoria da Justiça</source><person-group><name><surname>CHACON</surname><given-names>Vamireh</given-names></name><name><surname>Rawls</surname><given-names>j.</given-names></name><name><surname>Rawls</surname><given-names>j.</given-names></name></person-group></element-citation></ref><ref id="B9"><element-citation publication-type="book"><source>Estado e Força de Trabalho: Introdução à Política Social no Brasil</source><date><year>1985</year></date><person-group><name><surname>CIGNOLI</surname><given-names>Alberto</given-names></name><name><surname>CIGNOLI</surname><given-names>Alberto</given-names></name></person-group></element-citation></ref><ref id="B10"><element-citation publication-type="book"><source>Política Social e Combate à Pobreza</source><date><year>1987</year></date><person-group><name><surname>COIMBRA</surname><given-names>Marcos S.</given-names></name><name><surname>Abranches</surname><given-names>Sérgio</given-names></name><name><surname>Abranches</surname><given-names>Sérgio</given-names></name></person-group></element-citation></ref><ref id="B11"><element-citation publication-type="book"><source>Será Que o Marxismo Responde à Pergunta de como Surgem as Políticas Sociais?</source><person-group><name><surname>COIMBRA</surname><given-names>Marcos S.</given-names></name></person-group></element-citation></ref><ref id="B12"><element-citation publication-type="book"><source>El Estructuralismo y La Miseria de La Razón</source><date><year>1973</year></date><person-group><name><surname>COUTINHO</surname><given-names>Carlos Nelson</given-names></name><name><surname>COUTINHO</surname><given-names>Carlos Nelson</given-names></name></person-group></element-citation></ref><ref id="B13"><element-citation publication-type="book"><source>Filosofia Política Contemporânea</source><date><year>1979</year></date><person-group><name><surname>CRESPIGNY</surname><given-names>Anthony de</given-names></name><name><surname>Crespigny</surname><given-names>A.</given-names></name><name><surname>Minogue</surname><given-names>K. R.</given-names></name><name><surname>Crespigny</surname><given-names>A.</given-names></name><name><surname>Minogue</surname><given-names>K. R.</given-names></name></person-group></element-citation></ref><ref id="B14"><element-citation publication-type="book"><source>A Preface to Democratic Theory</source><date><year>1956</year></date><person-group><name><surname>DAHL</surname><given-names>Robert</given-names></name><name><surname>DAHL</surname><given-names>Robert</given-names></name></person-group></element-citation></ref><ref id="B15"><element-citation publication-type="book"><source>Dillemas of Pluralistic Democracy</source><date><year>1982</year></date><person-group><name><surname>DAHL</surname><given-names>Robert</given-names></name></person-group></element-citation></ref><ref id="B16"><element-citation publication-type="book"><source>A Política Social do Estado Capitalista</source><date><year>1980</year></date><person-group><name><surname>FALEIROS</surname><given-names>Vicente P.</given-names></name><name><surname>FALEIROS</surname><given-names>Vicente P.</given-names></name></person-group></element-citation></ref><ref id="B17"><element-citation publication-type="book"><source>O Que é Política Social</source><date><year>1986</year></date><person-group><name><surname>FALEIROS</surname><given-names>Vicente P.</given-names></name></person-group></element-citation></ref><ref id="B18"><element-citation publication-type="book"><source>Liberdade de Escolher: O Novo Liberalismo Econômico</source><date><year>1980</year></date><person-group><name><surname>FRIEDMAN</surname><given-names>Milton</given-names></name><name><surname>Friedman</surname><given-names>Rose</given-names></name><name><surname>FRIEDMAN</surname><given-names>Milton</given-names></name><name><surname>Friedman</surname><given-names>Rose</given-names></name></person-group></element-citation></ref><ref id="B19"><element-citation publication-type="book"><source>Filosofia Política Contemporânea</source><person-group><name><surname>GOROWITZ</surname><given-names>Samuel</given-names></name><name><surname>CRESPIGNY</surname><given-names>A.</given-names></name><name><surname>Minogue</surname><given-names>K. R.</given-names></name><name><surname>CRESPIGNY</surname><given-names>A.</given-names></name><name><surname>Minogue</surname><given-names>K. R.</given-names></name></person-group></element-citation></ref><ref id="B20"><element-citation publication-type="book"><source>Modern Social Politics in Britain and Sweden</source><date><year>1974</year></date><person-group><name><surname>HECLO</surname><given-names>Hughes</given-names></name><name><surname>HECLO</surname><given-names>Hughes</given-names></name></person-group></element-citation></ref><ref id="B21"><element-citation publication-type="book"><source>Técnica e Ciência como "Ideologia" (e outros ensaios)</source><date><year>1987</year></date><person-group><name><surname>HABERMAS</surname><given-names>Jürgen</given-names></name></person-group></element-citation></ref><ref id="B22"><element-citation publication-type="book"><source>O Estado em Crise</source><date><year>1977</year></date><person-group><name><surname>HIRSCH</surname><given-names>Joachim</given-names></name><name><surname>Poulantzas</surname><given-names>Nicos</given-names></name><name><surname>Poulantzas</surname><given-names>Nicos</given-names></name></person-group></element-citation></ref><ref id="B23"><element-citation publication-type="book"><source>State and Capital: A Marxist Debate</source><date><year>1978</year></date><person-group><name><surname>HIRSCH</surname><given-names>Joachim</given-names></name><name><surname>Holloway</surname><given-names>J.</given-names></name><name><surname>Picciotto</surname><given-names>S.</given-names></name><name><surname>Holloway</surname><given-names>J.</given-names></name><name><surname>Picciotto</surname><given-names>S.</given-names></name></person-group></element-citation></ref><ref id="B24"><element-citation publication-type="book"><source>Historia do Marxismo</source><date><year>1983</year></date><person-group><name><surname>HOBSBAWN</surname><given-names>Eric J.</given-names></name><name><surname>HOBSBAWN</surname><given-names>Eric J.</given-names></name></person-group></element-citation></ref><ref id="B25"><element-citation publication-type="book"><source>Aprendizado e Difusão na Constituição de Políticas: a Previdência Social e seus Técnicos (1940-1960)</source><person-group><name><surname>HOCHMAN</surname><given-names>Gilberto</given-names></name><name><surname>HOCHMAN</surname><given-names>Gilberto</given-names></name></person-group></element-citation></ref><ref id="B26"><element-citation publication-type="book"><source>State and Capital: A Marxist Debate</source><date><year>1978</year></date><person-group><name><surname>HOLLOWAY</surname><given-names>John</given-names></name><name><surname>Picciotto</surname><given-names>Sol</given-names></name><name><surname>HOLLOWAY</surname><given-names>John</given-names></name><name><surname>Picciotto</surname><given-names>Sol</given-names></name></person-group></element-citation></ref><ref id="B27"><element-citation publication-type="book"><source>Form and Functions of the State, in The Capitalist State: Marxist theories and Methods</source><date><year>1982</year></date><person-group><name><surname>INGRAO</surname><given-names>Pietro</given-names></name><name><surname>JESSOP</surname><given-names>Bob</given-names></name><name><surname>JESSOP</surname><given-names>Bob</given-names></name></person-group></element-citation></ref><ref id="B28"><element-citation publication-type="book"><source>The Capitalist State</source><date><year>1982</year></date><person-group><name><surname>INGRAO</surname><given-names>Pietro</given-names></name></person-group></element-citation></ref><ref id="B29"><element-citation publication-type="book"><source>A Democracia Liberal: Origens e Evolução</source><date><year>1978</year></date><volume>4</volume><person-group><name><surname>MACPHERSON</surname><given-names>Crawford B.</given-names></name></person-group></element-citation></ref><ref id="B30"><element-citation publication-type="book"><source>Cidadania, Classe Social e Status</source><date><year>1963</year></date><person-group><name><surname>MARSHALL</surname><given-names>T. H.</given-names></name><name><surname>MARSHALL</surname><given-names>T. H.</given-names></name></person-group></element-citation></ref><ref id="B31"><element-citation publication-type="book"><source>Política Social</source><date><year>1967</year></date><person-group><name><surname>MARSHALL</surname><given-names>T. H.</given-names></name></person-group></element-citation></ref><ref id="B32"><element-citation publication-type="book"><source>Marx "Filósofo"</source><person-group><name><surname>MÉSZÁROS</surname><given-names>Istvan</given-names></name><name><surname>MÉSZÁROS</surname><given-names>Istvan</given-names></name></person-group></element-citation></ref><ref id="B33"><element-citation publication-type="book"><source>The "Welfare State Ilusion and the Contradition Between Wage Labour and Capital: a Marxist Debate</source><person-group><name><surname>MÜLLER</surname><given-names>Wolfgang</given-names></name><name><surname>NEUSSÜS</surname><given-names>Christel</given-names></name><name><surname>MÜLLER</surname><given-names>Wolfgang</given-names></name><name><surname>NEUSSÜS</surname><given-names>Christel</given-names></name></person-group></element-citation></ref><ref id="B34"><element-citation publication-type="book"><source>Three Varieties of Pluralism</source><date><year>1974</year></date><person-group><name><surname>NICHOLLS</surname><given-names>David</given-names></name><name><surname>NICHOLLS</surname><given-names>David</given-names></name></person-group></element-citation></ref><ref id="B35"><element-citation publication-type="book"><source>Anarchy, State and Utopia</source><date><year>1974</year></date><person-group><name><surname>NOZICK</surname><given-names>Robert</given-names></name><name><surname>NOZICK</surname><given-names>Robert</given-names></name></person-group></element-citation></ref><ref id="B36"><element-citation publication-type="book"><source>USA: A Crise do Estado Capitalista</source><date><year>1977</year></date><person-group><name><surname>O'CONNOR</surname><given-names>James</given-names></name><name><surname>O'CONNOR</surname><given-names>James</given-names></name></person-group></element-citation></ref><ref id="B37"><element-citation publication-type="book"><source>Problemas Estruturais do Estado Capitalista</source><date><year>1984</year></date><person-group><name><surname>OFFE</surname><given-names>Glaus</given-names></name><name><surname>Lenhardt</surname><given-names>Gero</given-names></name><name><surname>Offe</surname><given-names>Glaus</given-names></name><name><surname>Offe</surname><given-names>Glaus</given-names></name></person-group></element-citation></ref><ref id="B38"><element-citation publication-type="book"><source>Teses sobre a Fundamentação do Conceito de "Estado Capitalista" e sobre a pesquisa Política de Orientação Materialista</source><person-group><name><surname>Volker</surname><given-names>Ronge</given-names></name><name><surname>Volker</surname><given-names>Ronge</given-names></name></person-group></element-citation></ref><ref id="B39"><element-citation publication-type="article"><article-title>Política Social, Acumulação e Legitimação</article-title><source>Revista de Administração Pública</source><date><year>1984</year></date><issue>2</issue><volume>18</volume><person-group><name><surname>Volker</surname><given-names>Ronge</given-names></name></person-group></element-citation></ref><ref id="B40"><element-citation publication-type="book"><source>Entre o Elitismo e o Pluralismo: uma Introdução à Teoria Liberal-Democrática Contemporânea</source><date><year>1985</year></date><person-group><name><surname>OLIVEIRA</surname><given-names>Jaime A.</given-names></name><name><surname>OLIVEIRA</surname><given-names>Jaime A.</given-names></name></person-group></element-citation></ref><ref id="B41"><element-citation publication-type="article"><article-title>Reformas e Reformismo: "Democracia Progressiva" e Políticas Sociais</article-title><source>Cadernos de Saúde Pública</source><date><month>12</month><year>1987</year></date><issue>4</issue><volume>2</volume><person-group><name><surname>OLIVEIRA</surname><given-names>Jaime A.</given-names></name></person-group></element-citation></ref><ref id="B42"><element-citation publication-type="book"><source>Estado y Políticas Estatales en America Latina: hacia una Estratégia de Investigación</source><date><year>1976</year></date><person-group><name><surname>OSZLAK</surname><given-names>Oscar</given-names></name><name><surname>O'DONNELL</surname><given-names>Guillermo</given-names></name><name><surname>OSZLAK</surname><given-names>Oscar</given-names></name><name><surname>O'DONNELL</surname><given-names>Guillermo</given-names></name></person-group></element-citation></ref><ref id="B43"><element-citation publication-type="book"><source>O Estado, O Poder, O Socialismo</source><date><year>1980</year></date><person-group><name><surname>POULANTZAS</surname><given-names>Nicos</given-names></name><name><surname>POULANTZAS</surname><given-names>Nicos</given-names></name></person-group></element-citation></ref><ref id="B44"><element-citation publication-type="book"><source>Uma Teoria da Justiça</source><date><year>1981</year></date><person-group><name><surname>RAWLS</surname><given-names>John</given-names></name><name><surname>RAWLS</surname><given-names>John</given-names></name></person-group></element-citation></ref><ref id="B45"><element-citation publication-type="book"><source>Cidadania e Justiça: A Política Social na Ordem Brasileira</source><date><year>1979</year></date><person-group><name><surname>SANTOS</surname><given-names>Wanderley Guilherme dos</given-names></name><name><surname>SANTOS</surname><given-names>Wanderley Guilherme dos</given-names></name></person-group></element-citation></ref><ref id="B46"><element-citation publication-type="book"><source>Capitalismo, Socialismo e Democracia</source><date><year>1943</year></date><person-group><name><surname>SCHUMPETER</surname><given-names>Joseph</given-names></name><name><surname>SCHUMPETER</surname><given-names>Joseph</given-names></name></person-group></element-citation></ref><ref id="B47"><element-citation publication-type="book"><source>Estado Capitalista e Políticas Sociais</source><person-group><name><surname>TEIXEIRA</surname><given-names>Sônia M. Fleury</given-names></name></person-group></element-citation></ref><ref id="B48"><element-citation publication-type="book"><source>Economia y Sociedad</source><date><year>1969</year></date><person-group><name><surname>WEBER</surname><given-names>Max</given-names></name><name><surname>WEBER</surname><given-names>Max</given-names></name></person-group></element-citation></ref></ref-list></back></article></articles>