<articles xmlns:xsi="http://www.w3.org/2001/XMLSchema-instance" xsi:schemaLocation="https://raw.githubusercontent.com/scieloorg/articles_meta/master/tests/xsd/scielo_sci/ThomsonReuters_publishing.xsd" dtd-version="1.10"><article lang_id="pt" article-type="research-article"><front><journal-meta><journal-id journal-id-type="publisher">csp</journal-id><journal-title-group><journal-title>Cadernos de Saúde Pública</journal-title><abbrev-journal-title>Cad. Saúde Pública</abbrev-journal-title></journal-title-group><issn>1678-4464</issn><collection>SciELO Public Health</collection><publisher><publisher-name>Escola Nacional de Saúde Pública Sergio Arouca, Fundação Oswaldo Cruz</publisher-name></publisher></journal-meta><article-meta><unique-article-id pub-id-type="publisher-id">S0102-311X1991000200006</unique-article-id><article-id pub-id-type="publisher-id">S0102-311X1991000200006</article-id><article-id pub-id-type="doi">10.1590/S0102-311X1991000200006</article-id><article-categories><subj-group><subject>Health Policy &amp; Services</subject></subj-group></article-categories><title-group><article-title lang_id="pt">Referencial de análise para a estudo da relação trabalho, mulher e saúde</article-title></title-group><contrib-group><contrib contrib-type="author"><name><surname>Brito</surname><given-names>Jussara Cruz de</given-names></name><role>ND</role><xref ref-type="aff" rid="A01"/></contrib><contrib contrib-type="author"><name><surname>D'Acri</surname><given-names>Vanda</given-names></name><role>ND</role><xref ref-type="aff" rid="A02"/></contrib></contrib-group><aff id="A01"><institution>Fiocruz</institution><country>Brazil</country></aff><aff id="A02"><institution>Fiocruz</institution><country>Brazil</country></aff><pub-date><month>06</month><year>1991</year></pub-date><volume>7</volume><issue>2</issue><fpage>201</fpage><lpage>214</lpage><permissions><license license-type="open-access" href="http://creativecommons.org/licenses/by/4.0/"><license-p>This work is licensed under a Creative Commons Attribution 4.0 International License.</license-p></license></permissions><self-uri href="http://www.scielosp.org/scielo.php?script=sci_arttext&amp;pid=S0102-311X1991000200006&amp;lng=en&amp;tlng=en" content-type="full_text_page"/><self-uri href="http://www.scielosp.org/scielo.php?script=sci_issuetoc&amp;pid=0102-311X19910002&amp;lng=en" content-type="issue_page"/><self-uri href="http://www.scielosp.org/scielo.php?script=sci_serial&amp;pid=0102-311X&amp;lng=en" content-type="journal_page"/><abstract lang_id="pt"><p>Este texto procura mostrar a importância da abordagem de gênero na construção teórica da área de Saúde do Trabalhador, uma vez que homens e mulheres são expostos a condições de trabalho diferenciadas no processo produtivo. No caso das trabalhadoras, destaca-se a conjugação do capitalismo e patriarcalismo como determinantes da opressão feminina nas relações hierárquicas do trabalho, assim como a responsabilidade social oculta do trabalho doméstico, realizado na esfera do privado, o que distancia a mulher do mundo social e político e gera fortes impactos à sua saúde. Pela divisão sexual do trabalho, são reservadas às trabalhadoras, na indústria, as tarefas mais repetitivas e que exigem grande resistência nervosa - condições que não são especialmente saudáveis e que implicam um padrão específico de desgaste. Concluímos que são necessárias mudanças nos planos da vida social, além da ruptura das crenças que sustentam a divisão sexual do trabalho, para que se transformem as condições agressivas impostas à saúde dos homens e mulheres, no processo de trabalho.</p></abstract><trans-abstract lang_id="en"><p>The present paper aims at showing the importance of the gender approach in the theoretical construction of the field of worker's health since men and women are exposed to different work conditions within the productive process. In the case of female workers, we point to the liaison of capitalism and patriarchy as determinants of women's oppression in the hierarchical relationships of labor as well as to the hidden social responsability of the housework, which is carried out in the private sphere thus keeping women distant from the social and political world and generating strong impacts on their health. According to the sexual division of labor, female work in industry is restricted to rather repetitive tasks that require a great nervous resistance - not especially healthy conditions that lead to a specific consuming pattern. We concluded that changes should occur in the social life schemes, besides breaking with the myths that support the sexual division of labor, so that the aggressive conditions imposed on men and women's health in the work process can be altered.</p></trans-abstract></article-meta></front><back><ref-list><ref id="B1"><element-citation publication-type="book"><source>O Trabalho Feminino nos Escritórios: Estudo de Caso, Segundo uma Perspectiva Sexuada da Ergonomia</source><date><year>1990</year></date><person-group><name><surname>BRITO</surname><given-names>Jussara</given-names></name><name><surname>ALMEIDA</surname><given-names>Regina</given-names></name><name><surname>BRITO</surname><given-names>Jussara</given-names></name><name><surname>ALMEIDA</surname><given-names>Regina</given-names></name></person-group></element-citation></ref></ref-list></back></article></articles>