<articles xmlns:xsi="http://www.w3.org/2001/XMLSchema-instance" xsi:schemaLocation="https://raw.githubusercontent.com/scieloorg/articles_meta/master/tests/xsd/scielo_sci/ThomsonReuters_publishing.xsd" dtd-version="1.10"><article lang_id="pt" article-type="research-article"><front><journal-meta><journal-id journal-id-type="publisher">csp</journal-id><journal-title-group><journal-title>Cadernos de Saúde Pública</journal-title><abbrev-journal-title>Cad. Saúde Pública</abbrev-journal-title></journal-title-group><issn>1678-4464</issn><collection>SciELO Brazil</collection><publisher><publisher-name>Escola Nacional de Saúde Pública Sergio Arouca, Fundação Oswaldo Cruz</publisher-name></publisher></journal-meta><article-meta><unique-article-id pub-id-type="publisher-id">S0102-311X1993000300022</unique-article-id><article-id pub-id-type="publisher-id">S0102-311X1993000300022</article-id><article-id pub-id-type="doi">10.1590/S0102-311X1993000300022</article-id><article-categories><subj-group><subject>Health Policy &amp; Services</subject></subj-group></article-categories><title-group><article-title lang_id="pt">Uma abordagem histórica das representações sociais de saúde e doença</article-title><trans-title-group lang_id="en"><trans-title>A historical approach to social representations of health and disease</trans-title></trans-title-group></title-group><contrib-group><contrib contrib-type="author"><name><surname>Sevalho</surname><given-names>Gil</given-names></name><role>ND</role></contrib></contrib-group><aff id="A01"><institution>Universidade Federal de Minas Gerais</institution><country>Brazil</country></aff><pub-date><month>09</month><year>1993</year></pub-date><volume>9</volume><issue>3</issue><fpage>349</fpage><lpage>363</lpage><permissions><license license-type="open-access" href="http://creativecommons.org/licenses/by-nc/4.0/"><license-p>This work is licensed under a Creative Commons Attribution-NonCommercial 4.0 International License.</license-p></license></permissions><self-uri href="http://www.scielo.br/scielo.php?script=sci_arttext&amp;pid=S0102-311X1993000300022&amp;lng=en&amp;tlng=en" content-type="full_text_page"/><self-uri href="http://www.scielo.br/scielo.php?script=sci_issuetoc&amp;pid=0102-311X19930003&amp;lng=en" content-type="issue_page"/><self-uri href="http://www.scielosp.org/scielo.php?script=sci_serial&amp;pid=0102-311X&amp;lng=en" content-type="journal_page"/><abstract lang_id="pt"><p>O autor apresenta um ensaio, uma abordagem histórica das representações sociais de saúde e doença nos moldes de uma história cultural, que incorpora alguns aportes da história das mentalidades da escola francesa dos "Annales". Trata-se de uma abordagem que busca a "longue durée", o tempo longo da história onde as permanências são mais evidentes que as mudanças. Em uma introdução é feita uma argumentação sobre a procedência do enfoque escolhido e, num momento seguinte, o texto persegue a caracterização das representações de saúde e doença. Nesta perspectiva resistem vestígios imemoriais, elementos por vezes inconscientes que constituem as mentalidades, conformando uma história vaga, borrada, lenta, impregnada de permanências de origem remota onde se interpenetram a ciência da História, a Antropologia e a Psicologia.</p></abstract><trans-abstract lang_id="en"><p>This essay presents a historical approach to social representations of health and disease. It follows propositions from the trend of New History, focusing on cultural permanence over long periods of time rather than change. First, the cogency of the model is discussed. Then, a history of representations concerning health and disease is carried out. We perceive that there is a persistence of representations that coexist ambiguous in the indiviudals' minds. Topics like guilt, fear, stressing threats, and decay of the human body have always been part of attitudes regarding disease, in social representations of health and disease.</p></trans-abstract><kwd-group lang_id="pt" kwd-group-type="author-generated"><kwd>Saúde e Doença</kwd><kwd>Fatores Sócio-Econômicos</kwd><kwd>História</kwd><kwd>Representações Sociais</kwd></kwd-group><kwd-group lang_id="en" kwd-group-type="author-generated"><kwd>Health and Disease</kwd><kwd>Socioeconomic Factors</kwd><kwd>History</kwd><kwd>Social Representations</kwd></kwd-group></article-meta></front><back><ref-list><ref id="B1"><element-citation publication-type="book"><source>Epidemiologia Sem Números: Uma Introdução Crítica à Ciência Epidemiológica</source><date><year>1989</year></date><person-group><name><surname>ALMEIDA-FILHO</surname><given-names>N.</given-names></name><name><surname>ALMEIDA-FILHO</surname><given-names>N.</given-names></name></person-group></element-citation></ref><ref id="B2"><element-citation publication-type="book"><source>A História Nova</source><date><year>1990</year></date><fpage>154</fpage><lpage>176</lpage><person-group><name><surname>ARIÈS</surname><given-names>P.</given-names></name><name><surname>Goff</surname><given-names>J. Le</given-names></name><name><surname>Goff</surname><given-names>J. Le</given-names></name></person-group></element-citation></ref><ref id="B3"><element-citation publication-type="book"><source>A Cultura Popular na Idade Média e no Renascimento: O Contexto de François Rabelais</source><date><year>1993</year></date><person-group><name><surname>BAKHTIN</surname><given-names>M.</given-names></name><name><surname>BAKHTIN</surname><given-names>M.</given-names></name></person-group></element-citation></ref><ref id="B4"><element-citation publication-type="article"><article-title>Apresentação: interpretação e representação social e saúde coletiva</article-title><source>Physis</source><date><year>1991</year></date><fpage>7</fpage><lpage>22</lpage><volume>1</volume><person-group><name><surname>BIRMAN</surname><given-names>J.</given-names></name></person-group></element-citation></ref><ref id="B5"><element-citation publication-type="book"><source>As Classes Sociais e o Corpo</source><date><year>1989</year></date><person-group><name><surname>BOLTANSKI</surname><given-names>L.</given-names></name><name><surname>BOLTANSKI</surname><given-names>L.</given-names></name></person-group></element-citation></ref><ref id="B6"><element-citation publication-type="book"><source>Os Descobridores</source><date><year>1989</year></date><person-group><name><surname>BOORSTIN</surname><given-names>D.</given-names></name><name><surname>BOORSTIN</surname><given-names>D.</given-names></name></person-group></element-citation></ref><ref id="B7"><element-citation publication-type="book"><source>As Doenças têm História</source><date><year>1991</year></date><fpage>11</fpage><lpage>36</lpage><person-group><name><surname>BOTTÉRO</surname><given-names>J.</given-names></name><name><surname>Goff</surname><given-names>J. Le</given-names></name><name><surname>Goff</surname><given-names>J. Le</given-names></name></person-group></element-citation></ref><ref id="B8"><element-citation publication-type="book"><source>História e Ciências Sociais</source><date><year>1986</year></date><person-group><name><surname>BRAUDEL</surname><given-names>F.</given-names></name><name><surname>BRAUDEL</surname><given-names>F.</given-names></name></person-group></element-citation></ref><ref id="B9"><element-citation publication-type="book"><source>A Escrita da História - Novas Perspectivas</source><date><year>1992</year></date><fpage>07</fpage><lpage>37</lpage><person-group><name><surname>BURKE</surname><given-names>P.</given-names></name><name><surname>Burke</surname><given-names>P.</given-names></name><name><surname>Burke</surname><given-names>P.</given-names></name></person-group></element-citation></ref><ref id="B10"><element-citation publication-type="book"><source>O Normal e o Patológico</source><date><year>1990</year></date><person-group><name><surname>CANGUILHEM</surname><given-names>G.</given-names></name><name><surname>CANGUILHEM</surname><given-names>G.</given-names></name></person-group></element-citation></ref><ref id="B11"><element-citation publication-type="book"><source>O Ponto de Mutação: a Ciência, a Sociedade e a Cultura Emergente</source><date><year>1988</year></date><person-group><name><surname>CAPRA</surname><given-names>F.</given-names></name><name><surname>CAPRA</surname><given-names>F.</given-names></name></person-group></element-citation></ref><ref id="B12"><element-citation publication-type="article"><article-title>O estresse na pesquisa epidemiológica: o desgaste dos modelos de explicação coletiva no processo saúde-doença</article-title><source>Physis</source><date><year>1993</year></date><fpage>91</fpage><lpage>106</lpage><volume>3</volume><person-group><name><surname>CASTIEL</surname><given-names>L. D.</given-names></name></person-group></element-citation></ref><ref id="B13"><element-citation publication-type="book"><source>Saberes e Odores: o Olfato e o Imaginário Social nos Séculos Dezoito e Dezenove</source><date><year>1987</year></date><person-group><name><surname>CORBIN</surname><given-names>A.</given-names></name><name><surname>CORBIN</surname><given-names>A.</given-names></name></person-group></element-citation></ref><ref id="B14"><element-citation publication-type="book"><source>História do Medo no Ocidente (1300-1800)</source><date><year>1989</year></date><person-group><name><surname>DELUMEAU</surname><given-names>J.</given-names></name><name><surname>DELUMEAU</surname><given-names>J.</given-names></name></person-group></element-citation></ref><ref id="B15"><element-citation publication-type="book"><source>O Nascimento da Clínica</source><date><year>1977</year></date><person-group><name><surname>FOUCAULT</surname><given-names>M.</given-names></name><name><surname>FOUCAULT</surname><given-names>M.</given-names></name></person-group></element-citation></ref><ref id="B16"><element-citation publication-type="book"><source>Microfísica do Poder</source><date><year>1979</year></date><person-group><name><surname>FOUCAULT</surname><given-names>M.</given-names></name></person-group></element-citation></ref><ref id="B17"><element-citation publication-type="article"><article-title>Reflections ans opportunities in the sociology of medicine</article-title><source>Journal of Health Social Behavior</source><date><year>1985</year></date><fpage>6</fpage><lpage>14</lpage><volume>26</volume><person-group><name><surname>FOX</surname><given-names>R.</given-names></name></person-group></element-citation></ref><ref id="B18"><element-citation publication-type="book"><source>Pensamento Social em Saúde na América Latina</source><date><year>1989</year></date><fpage>156</fpage><lpage>166</lpage><person-group><name><surname>GARCIA</surname><given-names>J. C.</given-names></name><name><surname>Nunes</surname><given-names>E. D.</given-names></name><name><surname>Nunes</surname><given-names>E. D.</given-names></name></person-group></element-citation></ref><ref id="B19"><element-citation publication-type="book"><source>O Queijo e os Vermes</source><date><year>1989</year></date><person-group><name><surname>GINZBURG</surname><given-names>C.</given-names></name><name><surname>GINZBURG</surname><given-names>C.</given-names></name></person-group></element-citation></ref><ref id="B20"><element-citation publication-type="book"><source>Epidemiologia - Teoria e Objeto</source><date><year>1990</year></date><fpage>39</fpage><lpage>86</lpage><person-group><name><surname>GONÇALVES</surname><given-names>R. B. M.</given-names></name><name><surname>Costa</surname><given-names>D. C.</given-names></name><name><surname>Costa</surname><given-names>D. C.</given-names></name></person-group></element-citation></ref><ref id="B21"><element-citation publication-type="article"><article-title>A problemática da representação social e sua utilidade no campo da doença</article-title><source>Physis</source><date><year>1991</year></date><fpage>23</fpage><lpage>26</lpage><volume>1</volume><person-group><name><surname>HERZLICH</surname><given-names>C.</given-names></name></person-group></element-citation></ref><ref id="B22"><element-citation publication-type="article"><article-title>A concepção de si como sujeito-da-doença</article-title><source>Physis</source><date><year>1991</year></date><fpage>143</fpage><lpage>155</lpage><volume>1</volume><person-group><name><surname>HERZOG</surname><given-names>R.</given-names></name></person-group></element-citation></ref><ref id="B23"><element-citation publication-type="book"><source>A Era das Revoluções (1789-1848)</source><date><year>1979</year></date><person-group><name><surname>HOBSBAWM</surname><given-names>E. J.</given-names></name><name><surname>HOBSBAWM</surname><given-names>E. J.</given-names></name></person-group></element-citation></ref><ref id="B24"><element-citation publication-type="book"><source>O Declínio da Idade Média</source><date><year>1978</year></date><person-group><name><surname>HUIZINGA</surname><given-names>J.</given-names></name><name><surname>HUIZINGA</surname><given-names>J.</given-names></name></person-group></element-citation></ref><ref id="B25"><element-citation publication-type="book"><source>A Nova História Cultural</source><date><year>1992</year></date><fpage>01</fpage><lpage>29</lpage><person-group><name><surname>HUNT</surname><given-names>L.</given-names></name><name><surname>Hunt</surname><given-names>L.</given-names></name><name><surname>Hunt</surname><given-names>L.</given-names></name></person-group></element-citation></ref><ref id="B26"><element-citation publication-type="book"><source>Antropologia da Doença</source><date><year>1991</year></date><person-group><name><surname>LAPLANTINE</surname><given-names>F.</given-names></name><name><surname>LAPLANTINE</surname><given-names>F.</given-names></name></person-group></element-citation></ref><ref id="B27"><element-citation publication-type="book"><source>A Nova História Cultural</source><date><year>1992</year></date><fpage>239</fpage><lpage>277</lpage><person-group><name><surname>LAQUEUR</surname><given-names>T. W.</given-names></name><name><surname>Hunt</surname><given-names>L.</given-names></name><name><surname>Hunt</surname><given-names>L.</given-names></name></person-group></element-citation></ref><ref id="B28"><element-citation publication-type="book"><source>História: Novos Objetos</source><date><year>1988</year></date><fpage>68</fpage><lpage>83</lpage><person-group><name><surname>LE GOFF</surname><given-names>J.</given-names></name><name><surname>Goff</surname><given-names>J. Le</given-names></name><name><surname>Mora</surname><given-names>P.</given-names></name><name><surname>Goff</surname><given-names>J. Le</given-names></name><name><surname>Mora</surname><given-names>P.</given-names></name></person-group></element-citation></ref><ref id="B29"><element-citation publication-type="book"><source>Os Intelectuais na Idade Média</source><date><year>1989</year></date><person-group><name><surname>LE GOFF</surname><given-names>J.</given-names></name></person-group></element-citation></ref><ref id="B30"><element-citation publication-type="book"><source>Mercadores e banqueiros na Idade Média</source><date><year>1991</year></date><person-group><name><surname>LE GOFF</surname><given-names>J.</given-names></name></person-group></element-citation></ref><ref id="B31"><element-citation publication-type="book"><source>As Doenças têm História</source><date><year>1991</year></date><fpage>07</fpage><lpage> 08</lpage><person-group><name><surname>LE GOFF</surname><given-names>J.</given-names></name><name><surname>Goff</surname><given-names>J. Le</given-names></name><name><surname>Goff</surname><given-names>J. Le</given-names></name></person-group></element-citation></ref><ref id="B32"><element-citation publication-type="book"><source>As Doenças têm História</source><date><year>1991</year></date><fpage>329</fpage><lpage>342</lpage><person-group><name><surname>LE GOFF</surname><given-names>J.</given-names></name><name><surname>Goff</surname><given-names>J. Le</given-names></name><name><surname>Goff</surname><given-names>J. Le</given-names></name></person-group></element-citation></ref><ref id="B33"><element-citation publication-type="book"><source>A Nova História</source><date><year>1989</year></date><person-group><name><surname>LE GOFF</surname><given-names>J.</given-names></name><name><surname>LE ROY</surname><given-names>E. L.</given-names></name><name><surname>DUBY</surname><given-names>G.</given-names></name><name><surname>LE GOFF</surname><given-names>J.</given-names></name><name><surname>LE ROY</surname><given-names>E. L.</given-names></name><name><surname>DUBY</surname><given-names>G.</given-names></name></person-group></element-citation></ref><ref id="B34"><element-citation publication-type="book"><source>A Escrita da História - Novas Perspectivas</source><date><year>1992</year></date><fpage>133</fpage><lpage>161</lpage><person-group><name><surname>LEVI</surname><given-names>G.</given-names></name><name><surname>Burke</surname><given-names>P.</given-names></name><name><surname>Burke</surname><given-names>P.</given-names></name></person-group></element-citation></ref><ref id="B35"><element-citation publication-type="book"><source>Natural, Racional, Social: Razão Médica e Racionalidade Científica Moderna</source><date><year>1988</year></date><person-group><name><surname>LUZ</surname><given-names>M. T.</given-names></name><name><surname>LUZ</surname><given-names>M. T.</given-names></name></person-group></element-citation></ref><ref id="B36"><element-citation publication-type="book"><source>Danação da Norma</source><date><year>1978</year></date><person-group><name><surname>MACHADO</surname><given-names>R.</given-names></name><name><surname>LOUREIRO</surname><given-names>A.</given-names></name><name><surname>LUZ</surname><given-names>R.</given-names></name><name><surname>MURICY</surname><given-names>K.</given-names></name><name><surname>MACHADO</surname><given-names>R.</given-names></name><name><surname>LOUREIRO</surname><given-names>A.</given-names></name><name><surname>LUZ</surname><given-names>R.</given-names></name><name><surname>MURICY</surname><given-names>K.</given-names></name></person-group></element-citation></ref><ref id="B37"><element-citation publication-type="book"><source>Vida y Obra de Pasteur</source><date><year>1972</year></date><person-group><name><surname>MARTINEZ-BÁEZ</surname><given-names>M.</given-names></name><name><surname>MARTINEZ-BÁEZ</surname><given-names>M.</given-names></name></person-group></element-citation></ref><ref id="B38"><element-citation publication-type="book"><source>O Desafio do Conhecimento - Pesquisa Qualitativa em Saúde</source><date><year>1992</year></date><person-group><name><surname>MINAYO</surname><given-names>M. C. S.</given-names></name><name><surname>MINAYO</surname><given-names>M. C. S.</given-names></name></person-group></element-citation></ref><ref id="B39"><element-citation publication-type="article"><article-title>As lições de Hipócrates. In: As Doenças têm História (J</article-title><source>Le Goff</source><date><year>1991</year></date><fpage>Terramar</fpage><volume>org.), pp. 37- 51, Mem Martins</volume><person-group><name><surname>MOSSÉ</surname><given-names>C.</given-names></name></person-group></element-citation></ref><ref id="B40"><element-citation publication-type="article"><article-title>As ciências sociais em saúde: reflexões sobre as origens e a construção de um campo de conhecimento</article-title><source>Saúde e Sociedade</source><date><year>1991</year></date><fpage>59</fpage><lpage>84</lpage><volume>1</volume><person-group><name><surname>NUNES</surname><given-names>E. D.</given-names></name></person-group></element-citation></ref><ref id="B41"><element-citation publication-type="article"><article-title>The patients view-doing medical history from below</article-title><source>Theory and Society</source><date><year>1985</year></date><fpage>175</fpage><lpage>198</lpage><volume>14</volume><person-group><name><surname>PORTER</surname><given-names>R.</given-names></name></person-group></element-citation></ref><ref id="B42"><element-citation publication-type="book"><source>A Escrita da História: Novas Perspectivas</source><date><year>1992</year></date><fpage>291</fpage><lpage>326</lpage><person-group><name><surname>PORTER</surname><given-names>R.</given-names></name><name><surname>Burke</surname><given-names>P.</given-names></name><name><surname>Burke</surname><given-names>P.</given-names></name></person-group></element-citation></ref><ref id="B43"><element-citation publication-type="book"><source>História: Novos Objetos</source><date><year>1988</year></date><fpage>141</fpage><lpage>159</lpage><person-group><name><surname>REVEL</surname><given-names>J.</given-names></name><name><surname>PETER</surname><given-names>J. P.</given-names></name><name><surname>Goff</surname><given-names>J. Le</given-names></name><name><surname>Mora</surname><given-names>P.</given-names></name><name><surname>Goff</surname><given-names>J. Le</given-names></name><name><surname>Mora</surname><given-names>P.</given-names></name></person-group></element-citation></ref><ref id="B44"><element-citation publication-type="book"><source>Da Polícia Médica à Medicina Social</source><date><year>1980</year></date><person-group><name><surname>ROSEN</surname><given-names>G.</given-names></name><name><surname>ROSEN</surname><given-names>G.</given-names></name></person-group></element-citation></ref><ref id="B45"><element-citation publication-type="book"><source>As Doenças têm História</source><date><year>1991</year></date><fpage>79</fpage><lpage>83</lpage><person-group><name><surname>SAINT-ROMAIN</surname><given-names>A.</given-names></name><name><surname>Goff</surname><given-names>J. Le</given-names></name><name><surname>Goff</surname><given-names>J. Le</given-names></name></person-group></element-citation></ref><ref id="B46"><element-citation publication-type="book"><source>História Geral da Medicina Brasileira</source><date><year>1977</year></date><person-group><name><surname>SANTOS-FILHO</surname><given-names>L.</given-names></name><name><surname>SANTOS-FILHO</surname><given-names>L.</given-names></name></person-group></element-citation></ref><ref id="B47"><element-citation publication-type="article"><article-title>Permanências Culturais no Uso do Medicamento Alopático Moderno</article-title><source>Tese de Mestrado</source><date><year>1992</year></date><fpage>Escola Nacional de Saúde Pública, Fundação Oswaldo Cruz</fpage><volume>Rio de Janeiro</volume><person-group><name><surname>SEVALHO</surname><given-names>G.</given-names></name></person-group></element-citation></ref><ref id="B48"><element-citation publication-type="book"><source>A Escrita da História: Novas Perspectivas</source><date><year>1992</year></date><fpage>39</fpage><lpage>62</lpage><person-group><name><surname>SHARPE</surname><given-names>J.</given-names></name><name><surname>Burke</surname><given-names>P.</given-names></name><name><surname>Burke</surname><given-names>P.</given-names></name></person-group></element-citation></ref><ref id="B49"><element-citation publication-type="book"><source>Hitos en la Historia de la Salud Publica</source><date><year>1987</year></date><person-group><name><surname>SIGERIST</surname><given-names>H.</given-names></name><name><surname>SIGERIST</surname><given-names>H.</given-names></name></person-group></element-citation></ref><ref id="B50"><element-citation publication-type="book"><source>As Epidemias na História do Homem</source><date><year>1986</year></date><person-group><name><surname>SOURNIA</surname><given-names>J. C.</given-names></name><name><surname>RUFFIE</surname><given-names>J.</given-names></name><name><surname>SOURNIA</surname><given-names>J. C.</given-names></name><name><surname>RUFFIE</surname><given-names>J.</given-names></name></person-group></element-citation></ref><ref id="B51"><element-citation publication-type="book"><source>El Concepto de Enfermedad: su Evolución a Travéz de la Historia</source><date><year>1988</year></date><person-group><name><surname>TAMAYO</surname><given-names>R. P.</given-names></name><name><surname>TAMAYO</surname><given-names>R. P.</given-names></name></person-group></element-citation></ref><ref id="B52"><element-citation publication-type="book"><source>La Revolución Epidemiológica y la Medicina Social</source><date><year>1987</year></date><person-group><name><surname>TERRIS</surname><given-names>M.</given-names></name><name><surname>TERRIS</surname><given-names>M.</given-names></name></person-group></element-citation></ref><ref id="B53"><element-citation publication-type="book"><source>Disease, Life and Man</source><date><year>1962</year></date><person-group><name><surname>VIRCHOW</surname><given-names>R.</given-names></name><name><surname>VIRCHOW</surname><given-names>R.</given-names></name></person-group></element-citation></ref><ref id="B54"><element-citation publication-type="article"><article-title>A história e a longa duração. In: A História Nova (J</article-title><source>Le Goff</source><date><year>1990</year></date><fpage>Martins Fontes</fpage><volume>org.), pp. 63-96, Rio de Janeiro</volume><person-group><name><surname>VOVELLE</surname><given-names>M.</given-names></name></person-group></element-citation></ref><ref id="B55"><element-citation publication-type="book"><source>Ideologias e Mentalidades</source><date><year>1991</year></date><person-group><name><surname>VOVELLE</surname><given-names>M.</given-names></name><name><surname>VOVELLE</surname><given-names>M.</given-names></name></person-group></element-citation></ref></ref-list></back></article></articles>