<articles xmlns:xsi="http://www.w3.org/2001/XMLSchema-instance" xsi:schemaLocation="https://raw.githubusercontent.com/scieloorg/articles_meta/master/tests/xsd/scielo_sci/ThomsonReuters_publishing.xsd" dtd-version="1.10"><article lang_id="pt" article-type="research-article"><front><journal-meta><journal-id journal-id-type="publisher">csp</journal-id><journal-title-group><journal-title>Cadernos de Saúde Pública</journal-title><abbrev-journal-title>Cad. Saúde Pública</abbrev-journal-title></journal-title-group><issn>1678-4464</issn><collection>SciELO Brazil</collection><publisher><publisher-name>Escola Nacional de Saúde Pública Sergio Arouca, Fundação Oswaldo Cruz</publisher-name></publisher></journal-meta><article-meta><unique-article-id pub-id-type="publisher-id">S0102-311X1993000400013</unique-article-id><article-id pub-id-type="publisher-id">S0102-311X1993000400013</article-id><article-id pub-id-type="doi">10.1590/S0102-311X1993000400013</article-id><article-categories><subj-group><subject>Health Policy &amp; Services</subject></subj-group></article-categories><title-group><article-title lang_id="pt">O falso dilema sobre a luta antivetorial e as perspectivas de controle da doença de Chagas no Brasil: BHC ou BNH?</article-title><trans-title-group lang_id="en"><trans-title>The false dilemma about antivectorial strategies and possibilities for controlling Chagas' disease in Brazil: BHC or BNH?</trans-title></trans-title-group></title-group><contrib-group><contrib contrib-type="author"><name><surname>Coura</surname><given-names>José R.</given-names></name><role>ND</role><xref ref-type="aff" rid="A01"/></contrib></contrib-group><aff id="A01"><institution>Fundação Oswaldo Cruz</institution><country>Brazil</country></aff><pub-date><month>12</month><year>1993</year></pub-date><volume>9</volume><issue>4</issue><fpage>514</fpage><lpage>518</lpage><permissions><license license-type="open-access" href="http://creativecommons.org/licenses/by-nc/4.0/"><license-p>This work is licensed under a Creative Commons Attribution-NonCommercial 4.0 International License.</license-p></license></permissions><self-uri href="http://www.scielo.br/scielo.php?script=sci_arttext&amp;pid=S0102-311X1993000400013&amp;lng=en&amp;tlng=en" content-type="full_text_page"/><self-uri href="http://www.scielo.br/scielo.php?script=sci_issuetoc&amp;pid=0102-311X19930004&amp;lng=en" content-type="issue_page"/><self-uri href="http://www.scielosp.org/scielo.php?script=sci_serial&amp;pid=0102-311X&amp;lng=en" content-type="journal_page"/><abstract lang_id="pt"><p>As bases técnicas para o controle da doença de Chagas no Brasil foram estabelecidas com a criação do posto avançado de pesquisa do Instituto Oswaldo Cruz em Bambuí, no oeste de Minas Gerais, no começo da década de 40, sob a liderança de Emmanuel Dias. Entretanto, somente com a criação do Departamento Nacional de Endemias Rurais (DNERu), em março de 1956, sob a direção de Mario Pinotti, no governo de Juscelino Kubitschek, as medidas de controle foram implementadas. Das "campanhas" de controle das 12 endemias rurais estabelecidas pelo DNERu, a malária, pelo seu caráter de doença aguda e explosiva, sempre teve a maior parte orçamentária. A doença de Chagas e as outras endemias foram sempre relegadas a um plano secundário de prioridade. Por outro lado, a partir da década de 60, os "novos ecologistas" passaram a criticar o uso de inseticidas, com o slogan de que para controlar a doença de Chagas era necessário o BNH (construção de casas), e não o BHC (uso de inseticidas). Esta opinião, embora equivocada para o controle a curto prazo, teve uma enorme influência negativa sobre o controle dos vetores domiciliados. Apesar disso, algum progresso foi feito neste sentido. Na década de 70, a epidemia de meningite meningocócica e a priorização do Programa Especial de Controle da Esquistossomose (PECE), pelo Ministro Almeida Machado, com deslocamento de verbas e de pessoal da Superintendência de Campanhas (Sucam) para esses programas, atrasaram ainda mais o controle da doença de Chagas. Somente na década de 80, com a decisão política do Banco Nacional de Desenvolvimento Econômico e Social (BNDES) de alocar 10 bilhões de cruzeiros do Finsocial, o programa de controle da doença de Chagas teve um importante desenvolvimento em 2.000 municípios de 19 Estados brasileiros. Mais uma vez o programa sofre um atraso nesta década, com o deslocamento do pessoal da Sucam para a campanha contra a epidemia da dangue. Finalmente, concluímos que, a curto prazo, o uso de inseticidas é a medida mais efetiva para o controle da transmissão natural da doença de Chagas. Discutimos também, nesta revisão, as outras medidas de controle e a urbanização da doença.</p></abstract><trans-abstract lang_id="en"><p>The technical basis for the control of Chagas' disease in Brazil was established with the creation of the Oswaldo Cruz Institute's research center in Bambuí, in western Minas Gerais, at the beginning of the 1940's, under the leadership of Emmanuel Dias. However, only with the creation of the National Department for Rural Endemic Diseases, in March 1956, did control of rural endemic diseases become systematic in Brazil. From the 1960's onwards, the Chagas' disease control program in Brazil started to suffer from postponements and lack of systematic action: first because the priority ascribed to the malaria control program, since this was an acute, "explosive" disease that was hampering land settlement and development in the interior; second the "new ecologists" began calling for "BNH" (referring to the initials for the national low-cost housing program) and not "BHC" (insecticides program) for Chagas' disease control, ignoring a number of issues and difficulties; and third, other priorites given to the Special Program for Schistosomiasis Control and the meningococcal meningitis epidemic in the 1970's and the dengue epidemic in the 1980's. In 1983, however, a new phase in Chagas' disease control began, with the allocation of ten billion cruzeiros from FINSOCIAL for this program which covered two thousand municipalities, in 19 Brazilian States, to the benefit of 47 million people potentially at risk. Finally it was concluded that in the short term, insecticide spraying is the most effective and manageable control measure against natural transmission of Chagas' infection. Other methods of control and urbanization of Chagas' disease are also discussed.</p></trans-abstract><kwd-group lang_id="pt" kwd-group-type="author-generated"><kwd>Doença de Chagas</kwd><kwd>Controle de Vetores</kwd><kwd>Inseticidas</kwd><kwd>Urbanização</kwd></kwd-group><kwd-group lang_id="en" kwd-group-type="author-generated"><kwd>Chagas' Disease</kwd><kwd>Vector Control</kwd><kwd>Insecticides</kwd><kwd>Urbanization</kwd></kwd-group></article-meta></front><back><ref-list><ref id="B1"><element-citation publication-type="article"><article-title>Morbidade da doença de Chagas. II: Estudos seccionais em quatro áreas de campo no Brasil</article-title><source>Memórias do Instituto Oswaldo Cruz</source><fpage>101</fpage><lpage>124</lpage><volume>79</volume><person-group><name><surname>COURA</surname><given-names>J. R.</given-names></name><name><surname>ABREU</surname><given-names>J. L.</given-names></name><name><surname>DUBOIS</surname><given-names>L. E. G.</given-names></name><name><surname>CORREIA-LIMA</surname><given-names>F.</given-names></name><name><surname>ARRUDA JUNIOR</surname><given-names>E.</given-names></name><name><surname>WILLCOX</surname><given-names>H. P. F.</given-names></name><name><surname>ANUNZIATO</surname><given-names>N.</given-names></name><name><surname>PETANA</surname><given-names>W.</given-names></name></person-group></element-citation></ref><ref id="B2"><element-citation publication-type="book"><source>Um Ensaio de Profilaxia da Doença de Chagas</source><person-group><name><surname>DIAS</surname><given-names>E.</given-names></name><name><surname>DIAS</surname><given-names>E.</given-names></name></person-group></element-citation></ref><ref id="B3"><element-citation publication-type="article"><article-title>Alguns ensaios com o gammexane no combate aos transmissores da doença de chagas</article-title><source>Brasil Médico</source><fpage>185</fpage><lpage> 191</lpage><volume>62</volume><person-group><name><surname>DIAS</surname><given-names>E.</given-names></name><name><surname>PELLEGRINO</surname><given-names>J.</given-names></name></person-group></element-citation></ref><ref id="B4"><element-citation publication-type="article"><article-title>O programa de controle da doença de Chagas no Brasil em 1986</article-title><source>Revista da Sociedade Brasileira de Medicina Tropical</source><fpage>129</fpage><lpage>133</lpage><volume>19</volume><person-group><name><surname>DIAS</surname><given-names>J. C. P.</given-names></name></person-group></element-citation></ref><ref id="B5"><element-citation publication-type="article"><article-title>Control of Chagas` disease in Brazil</article-title><source>Parasitology Today</source><fpage>336</fpage><lpage>341</lpage><volume>3</volume></element-citation></ref><ref id="B6"><element-citation publication-type="book"><source>Trypanosoma cruzi e Doença de Chagas</source><fpage>152</fpage><lpage>174</lpage></element-citation></ref><ref id="B7"><element-citation publication-type="article"><article-title>O controle da doença de Chagas no Brasil</article-title><source>Revista da Sociedade Brasileira de Medicina Tropical</source><fpage>201</fpage><lpage>202</lpage><volume>24</volume></element-citation></ref><ref id="B8"><element-citation publication-type="article"><article-title>Incremento do programa de controle da doença de Chagas no Brasil</article-title><source>Revista da Sociedade Brasileira de Medicina Tropical</source><fpage>128</fpage><lpage>129</lpage><volume>16</volume><person-group><name><surname>FIUSA-LIMA</surname><given-names>J. T.</given-names></name></person-group></element-citation></ref><ref id="B9"><element-citation publication-type="article"><article-title>Biogeografia, origem e distribuição da domiciliação de triatomíneos no Brasil</article-title><source>Revista de Saúde Pública</source><fpage>265</fpage><lpage>299</lpage><volume>14</volume><person-group><name><surname>FORATTINI</surname><given-names>O. P.</given-names></name></person-group></element-citation></ref><ref id="B10"><element-citation publication-type="article"><article-title>Aspectos ecológicos da tripanossomíase americana. XVII. Desenvolvimento da domiciliação triatomínea regional em centro de endemismo de Triatoma sordida</article-title><source>Revista de Saúde Pública</source><fpage>159</fpage><lpage>199</lpage><volume>17</volume><person-group><name><surname>FORATTINI</surname><given-names>O. P.</given-names></name><name><surname>FERREIRA</surname><given-names>O. A.</given-names></name><name><surname>RABELLO</surname><given-names>E. X.</given-names></name><name><surname>BARATA</surname><given-names>J. M.</given-names></name><name><surname>SANTOS</surname><given-names>J. L. F.</given-names></name></person-group></element-citation></ref><ref id="B11"><element-citation publication-type="article"><article-title>Aspectos ecológicos da tripanossomíase americana. XIX. Desenvolvimento da domiciliação triatomínea regional em centro de endemismo da Panstrongylus megistus</article-title><source>Revista de Saúde Pública</source><fpage>436</fpage><lpage>460</lpage><volume>17</volume></element-citation></ref><ref id="B12"><element-citation publication-type="article"><article-title>Inquérito preliminar sobre doença de Chagas no município de Cajuru, Estado de São Paulo</article-title><source>Hospital</source><fpage>155</fpage><lpage>165</lpage><volume>29</volume><person-group><name><surname>FREITAS</surname><given-names>J. L. P.</given-names></name></person-group></element-citation></ref><ref id="B13"><element-citation publication-type="conference"><source>Anais</source><fpage>544</fpage><lpage>556</lpage><person-group><name><surname>FREITAS</surname><given-names>J. L. P.</given-names></name><name><surname>FERREIRA</surname><given-names>D. A.</given-names></name><name><surname>GARCIA</surname><given-names>G.</given-names></name><name><surname>HADDAD</surname><given-names>N.</given-names></name></person-group></element-citation></ref><ref id="B14"><element-citation publication-type="article"><article-title>Revision of the triatominae (Hemiptera, reduvidae) and their significance as vectors of Chagas` disease</article-title><source>Bulletin of American Museum of Natural History</source><person-group><name><surname>LENT</surname><given-names>H.</given-names></name><name><surname>WYGODZINSKY</surname><given-names>P.</given-names></name></person-group></element-citation></ref><ref id="B15"><element-citation publication-type="book"><source>Trypanosoma cruzi e Doença de Chagas</source><fpage>425</fpage><lpage>449</lpage><person-group><name><surname>ROCHA E SILVA</surname><given-names>E. O.</given-names></name></person-group></element-citation></ref><ref id="B16"><element-citation publication-type="thesis"><source>Estudos Experimentais e Quimioprofilaxia da Transmissão da Doença de Chagas por Transfusão Sangüinea</source><person-group><name><surname>SCHLEMPER JR</surname><given-names>B. R.</given-names></name><name><surname>SCHLEMPER JR</surname><given-names>B. R.</given-names></name></person-group></element-citation></ref></ref-list></back></article></articles>