<articles xmlns:xsi="http://www.w3.org/2001/XMLSchema-instance" xsi:schemaLocation="https://raw.githubusercontent.com/scieloorg/articles_meta/master/tests/xsd/scielo_sci/ThomsonReuters_publishing.xsd" dtd-version="1.10"><article lang_id="pt" article-type="research-article"><front><journal-meta><journal-id journal-id-type="publisher">csp</journal-id><journal-title-group><journal-title>Cadernos de Saúde Pública</journal-title><abbrev-journal-title>Cad. Saúde Pública</abbrev-journal-title></journal-title-group><issn>1678-4464</issn><collection>SciELO Brazil</collection><publisher><publisher-name>Escola Nacional de Saúde Pública Sergio Arouca, Fundação Oswaldo Cruz</publisher-name></publisher></journal-meta><article-meta><unique-article-id pub-id-type="publisher-id">S0102-311X1991000200003</unique-article-id><article-id pub-id-type="publisher-id">S0102-311X1991000200003</article-id><article-id pub-id-type="doi">10.1590/S0102-311X1991000200003</article-id><article-categories><subj-group><subject>Health Policy &amp; Services</subject></subj-group></article-categories><title-group><article-title lang_id="pt">A operação cesárea no Brasil: incidência, tendências, causas, conseqüências e propostas de ação</article-title></title-group><contrib-group><contrib contrib-type="author"><name><surname>Faúndes</surname><given-names>Aníbal</given-names></name><role>ND</role><xref ref-type="aff" rid="A01"/></contrib><contrib contrib-type="author"><name><surname>Cecatti</surname><given-names>José Guilherme</given-names></name><role>ND</role><xref ref-type="aff" rid="A02"/></contrib></contrib-group><aff id="A01"><institution>Universidade Estadual de Campinas</institution><country>Brazil</country></aff><aff id="A02"><institution>Universidade Estadual de Campinas</institution><country>Brazil</country></aff><pub-date><month>06</month><year>1991</year></pub-date><volume>7</volume><issue>2</issue><fpage>150</fpage><lpage>173</lpage><permissions><license license-type="open-access" href="http://creativecommons.org/licenses/by-nc/4.0/"><license-p>This work is licensed under a Creative Commons Attribution-NonCommercial 4.0 International License.</license-p></license></permissions><self-uri href="http://www.scielo.br/scielo.php?script=sci_arttext&amp;pid=S0102-311X1991000200003&amp;lng=en&amp;tlng=en" content-type="full_text_page"/><self-uri href="http://www.scielosp.org/scielo.php?script=sci_issuetoc&amp;pid=0102-311X19910002&amp;lng=en" content-type="issue_page"/><self-uri href="http://www.scielosp.org/scielo.php?script=sci_serial&amp;pid=0102-311X&amp;lng=en" content-type="journal_page"/><abstract lang_id="pt"><p>Os autores fazem uma análise sobre a situação da operação cesárea no Brasil, que atingiu, na última década, níveis de incidência extremamente elevados, superiores aos de qualquer outro país. A partir dos dados disponíveis a nível nacional sobre a incidência de cesáreas ao longo dos anos, tenta-se caracterizar esta tendência e estabelecer suas diferenças sócio-econômicas e regionais, que mostram uma incidência mais alta para os indivíduos e regiões mais favorecidos economicamente. Consideram-se, também, os fatores que influenciam esta alta incidência, incluindo os fatores sócio-culturais, de organização da atenção obstétrica e fatores institucionais e legais. Enfatiza-se a esterilização cirúrgica que, sendo proibida no país, é realizada disfarçadamente através de uma indicação inadequada de cesárea. São analisadas, ainda, as conseqüências sobre a morbidade e mortalidade materna e perinatal, seus efeitos sobre a fecundidade da população e dos gastos extras para os cofres públicos decorrentes desta situação. Finalmente, propõem-se uma série de intervenções e mudanças que seriam necessárias a diversos níveis para reverter esta indesejável tendência de aumento da incidência de operações cesáreas.</p></abstract><trans-abstract lang_id="en"><p>The authors analyse the current cesarean section situation in Brazil. In the last decade it has reached extremely high levels of incidence, higher than any other country. Social-economic and regional differences are established through the available national data on the cesarean section incidence. There is a higher incidence on wealthier regions and women. The factors influencing this high incidence, including socio-cultural, obstetric care organization, legal and institutional ones are also considered. Special attention is given to the problem of female surgical sterilization which is forbidden in the country and is performed through inadequate indication of a cesarean section. Consequences for maternal and perinatal morbidity and mortality, the effects on population fertility and extra public expenses are considered. Interventions and attitude changes are proposed at several levels to reverse this increasing tendency of cesarean section incidence in the country.</p></trans-abstract></article-meta></front><back><ref-list><ref id="B1"><element-citation publication-type="article"><article-title>"Why so many cesarean sections: The need for further policy change in Brazil"</article-title><source>Health Policy Plan.</source><date><year>1986</year></date><fpage>19</fpage><volume>1</volume><person-group><name><surname>BARROS</surname><given-names>F. C.</given-names></name><name><surname>VAUGHAM</surname><given-names>J. P.</given-names></name><name><surname>VICTORA</surname><given-names>C.G.</given-names></name></person-group></element-citation></ref><ref id="B2"><element-citation publication-type="conference"><source>"Contraception in Brazil today"</source><date><year>1988</year></date><person-group><name><surname>BERQUÓ</surname><given-names>E.</given-names></name><name><surname>BERQUÓ</surname><given-names>E.</given-names></name></person-group></element-citation></ref><ref id="B3"><element-citation publication-type="conference"><source>"C-section scarring: risk to future reproduction"</source><date><year>1983</year></date><person-group><name><surname>FAÚNDES</surname><given-names>A.</given-names></name><name><surname>FAÚNDES</surname><given-names>A.</given-names></name></person-group></element-citation></ref><ref id="B4"><element-citation publication-type="article"><article-title>"As cesáreas e as modificações nos níveis de fecundidade"</article-title><source>População e Saúde</source><date><year>1986</year></date><fpage>73</fpage><lpage>91</lpage><volume>I</volume><person-group><name><surname>FAÚNDES</surname><given-names>A.</given-names></name></person-group></element-citation></ref><ref id="B5"><element-citation publication-type="article"><article-title>"Análise da mortalidade materna em partos cesáreos no município de Campinas, 1979-1983"</article-title><source>Femina</source><date><year>1985</year></date><fpage>516</fpage><volume>13</volume><person-group><name><surname>FAÚNDES</surname><given-names>A.</given-names></name><name><surname>HERMANN</surname><given-names>V.</given-names></name><name><surname>CECATTI</surname><given-names>J. G.</given-names></name></person-group></element-citation></ref><ref id="B6"><element-citation publication-type="article"><article-title>"Trabalho de parto em pacientes com antecedentes de cicatriz de cesárea"</article-title><source>Gin. Obstet. Bras.</source><date><year>1988</year></date><fpage>103</fpage><volume>11</volume><person-group><name><surname>FAÚNDES</surname><given-names>A.</given-names></name><name><surname>AMARAL</surname><given-names>E.</given-names></name><name><surname>PINTO E SILVA</surname><given-names>J. L.</given-names></name><name><surname>GAMA DA SILVA</surname><given-names>J. C.</given-names></name><name><surname>PINOTTT</surname><given-names>J. A.</given-names></name></person-group></element-citation></ref><ref id="B7"><element-citation publication-type="article"><article-title>"The physician factor in cesarean birth rates"</article-title><source>N. Engl. J. Med.</source><date><year>1989</year></date><fpage>706</fpage><volume>320</volume><person-group><name><surname>GOYERT</surname><given-names>L.</given-names></name><name><surname>BOTTOMS</surname><given-names>S. F.</given-names></name><name><surname>TREADWELL</surname><given-names>M. C.</given-names></name><name><surname>NEHRA</surname><given-names>P. C.</given-names></name></person-group></element-citation></ref><ref id="B8"><element-citation publication-type="conference"><source>"Operação cesárea no Instituto Nacional de Assistência Médica da Previdência Social"</source><date><year>1982</year></date><person-group><name><surname>GRANADO-NEIVA</surname><given-names>J. G.</given-names></name><name><surname>GRANADO-NEIVA</surname><given-names>J. G.</given-names></name></person-group></element-citation></ref><ref id="B9"><element-citation publication-type="book"><source>"Avaliação do Programa de Assistência Integral à Saúde da Mulher no Estado de São Paulo: Resultados da área metropolitana e do interior do estado. Informações relativas ao pré-natal, parto e revisão pós-parto"</source><date><year>1988</year></date><person-group><name><surname>HARDY</surname><given-names>E.</given-names></name><name><surname>HARDY</surname><given-names>E.</given-names></name></person-group></element-citation></ref><ref id="B10"><element-citation publication-type="book"><source>Pesquisa Nacional por Amostra de Domicílios (PNAD)</source><date><year>1982</year></date></element-citation></ref><ref id="B11"><element-citation publication-type="book"><source>Pesquisa Nacional por Amostra de Domicílios (PNAD)</source><date><year>1986</year></date></element-citation></ref><ref id="B12"><element-citation publication-type="article"><article-title>"Cesarean section in Brazil"</article-title><source>Soc. Scie. &amp; Med.</source><date><year>1982</year></date><fpage>19</fpage><volume>16</volume><person-group><name><surname>JANOWITZ</surname><given-names>B.</given-names></name></person-group></element-citation></ref><ref id="B13"><element-citation publication-type="article"><article-title>"Cesarean delivery in the Northeast Region of Brazil"</article-title><source>Am. J. Publ. Health</source><date><year>1985</year></date><fpage>560</fpage><volume>75</volume><person-group><name><surname>JANOWITZ</surname><given-names>B.</given-names></name></person-group></element-citation></ref><ref id="B14"><element-citation publication-type="article"><article-title>"Privatização e produtividade dos serviços de saúde: Pesquisa setorial sobre incidência da cesárea"</article-title><source>Revista Paulista de Hospitais</source><date><year>1969</year></date><fpage>3</fpage><volume>17</volume><person-group><name><surname>MELLO</surname><given-names>C. G.</given-names></name></person-group></element-citation></ref><ref id="B15"><element-citation publication-type="article"><article-title>"Prognóstico obstétrico e perinatal da mulher portadora de cicatriz de operação cesareana</article-title><source>Gin. Obstet. Bras.</source><date><year>1981</year></date><fpage>173</fpage><volume>4</volume><person-group><name><surname>MORAGUEZ</surname><given-names>A. J. D.</given-names></name><name><surname>PINTO E SILVA</surname><given-names>J. L.</given-names></name><name><surname>PINOTTI</surname><given-names>J. A.</given-names></name><name><surname>FAÚNDES</surname><given-names>A.</given-names></name></person-group></element-citation></ref><ref id="B16"><element-citation publication-type="article"><article-title>"In-hospital maternal mortality in the United States: time trends and relation to method of delivery"</article-title><source>Obstet. Gynecol.</source><date><year>1982</year></date><fpage>6</fpage><volume>59</volume><person-group><name><surname>PETITTI</surname><given-names>D. B.</given-names></name><name><surname>CEFALO</surname><given-names>R. C.</given-names></name><name><surname>SHAPTO</surname><given-names>S.</given-names></name><name><surname>WHALLEY</surname><given-names>P.</given-names></name></person-group></element-citation></ref><ref id="B17"><element-citation publication-type="article"><article-title>"C-Sections in California: 1960-1975"</article-title><source>Am. J. Obstet. Gynecol.</source><date><year>1979</year></date><fpage>391</fpage><volume>133</volume><person-group><name><surname>PETITTI</surname><given-names>D. B.</given-names></name><name><surname>OLSON</surname><given-names>R. D.</given-names></name><name><surname>WILLIAMS</surname><given-names>R. L.</given-names></name></person-group></element-citation></ref><ref id="B18"><element-citation publication-type="article"><article-title>"Fetal heart rate monitoring during labour: too frequent intervention, too little benefit"</article-title><source>Lancet</source><date><day>12</day><month>12</month><year>1987</year></date><fpage>1375</fpage><lpage>7</lpage><person-group><name><surname>PRENTICE</surname><given-names>A.</given-names></name><name><surname>LIND</surname><given-names>T.</given-names></name></person-group></element-citation></ref><ref id="B19"><element-citation publication-type="article"><article-title>"A incidência da cesárea e a remuneração da assistência ao parto"</article-title><source>Rev. Paulista de Medicina</source><date><year>1986</year></date><fpage>167</fpage><volume>104</volume><person-group><name><surname>ROCHA</surname><given-names>J. S. Y.</given-names></name><name><surname>ORTIZ</surname><given-names>P. C.</given-names></name><name><surname>FUNG</surname><given-names>Y. T.</given-names></name></person-group></element-citation></ref><ref id="B20"><element-citation publication-type="book"><source>Cesariana: incidência, fatores que a determinam e conseqüências maternas e perinatais</source><date><year>1982</year></date></element-citation></ref></ref-list></back></article></articles>