<articles xmlns:xsi="http://www.w3.org/2001/XMLSchema-instance" xsi:schemaLocation="https://raw.githubusercontent.com/scieloorg/articles_meta/master/tests/xsd/scielo_sci/ThomsonReuters_publishing.xsd" dtd-version="1.10"><article lang_id="pt" article-type="research-article"><front><journal-meta><journal-id journal-id-type="publisher">csp</journal-id><journal-title-group><journal-title>Cadernos de Saúde Pública</journal-title><abbrev-journal-title>Cad. Saúde Pública</abbrev-journal-title></journal-title-group><issn>1678-4464</issn><collection>SciELO Public Health</collection><publisher><publisher-name>Escola Nacional de Saúde Pública Sergio Arouca, Fundação Oswaldo Cruz</publisher-name></publisher></journal-meta><article-meta><unique-article-id pub-id-type="publisher-id">S0102-311X1991000200004</unique-article-id><article-id pub-id-type="publisher-id">S0102-311X1991000200004</article-id><article-id pub-id-type="doi">10.1590/S0102-311X1991000200004</article-id><article-categories><subj-group><subject>Health Policy &amp; Services</subject></subj-group></article-categories><title-group><article-title lang_id="pt">Mortalidade feminina no Brasil: sexo frágil ou sexo forte?</article-title></title-group><contrib-group><contrib contrib-type="author"><name><surname>Aquino</surname><given-names>Estela Maria Leão de</given-names></name><role>ND</role><xref ref-type="aff" rid="A01"/></contrib><contrib contrib-type="author"><name><surname>Menezes</surname><given-names>Greice Maria</given-names></name><role>ND</role><xref ref-type="aff" rid="A02"/></contrib><contrib contrib-type="author"><name><surname>Amoedo</surname><given-names>Marúcia B. E.</given-names></name><role>ND</role><xref ref-type="aff" rid="A03"/></contrib><contrib contrib-type="author"><name><surname>Nobre</surname><given-names>Letícia C. C.</given-names></name><role>ND</role><xref ref-type="aff" rid="A04"/></contrib></contrib-group><aff id="A01"><institution>Uerj</institution><country>Brazil</country></aff><aff id="A03"><institution>UFBA</institution><country>Brazil</country></aff><aff id="A04"><institution>UFBA</institution><country>Brazil</country></aff><aff id="A02"><institution>Universidade Federal da Bahia</institution><country>Brazil</country></aff><pub-date><month>06</month><year>1991</year></pub-date><volume>7</volume><issue>2</issue><fpage>174</fpage><lpage>189</lpage><permissions><license license-type="open-access" href="http://creativecommons.org/licenses/by/4.0/"><license-p>This work is licensed under a Creative Commons Attribution 4.0 International License.</license-p></license></permissions><self-uri href="http://www.scielosp.org/scielo.php?script=sci_arttext&amp;pid=S0102-311X1991000200004&amp;lng=en&amp;tlng=en" content-type="full_text_page"/><self-uri href="http://www.scielosp.org/scielo.php?script=sci_issuetoc&amp;pid=0102-311X19910002&amp;lng=en" content-type="issue_page"/><self-uri href="http://www.scielosp.org/scielo.php?script=sci_serial&amp;pid=0102-311X&amp;lng=en" content-type="journal_page"/><abstract lang_id="pt"><p>A população feminina brasileira tem chegado à velhice de maneira mais significativa que a masculina. Este fenômeno tem sido também observado em países industrializados centrais onde é freqüente a sobremortalidade masculina. A análise dos diferenciais por causas específicas pode ajudar a compreender os determinantes do padrão brasileiro e a antecipar algumas tendências futuras, especialmente tendo-se em conta as profundas mudanças no papel social da mulher em nossa realidade. Assim, foi feito estudo de mortalidade em dez capitais brasileiras, em 1985, com taxas geral e específicas por cinco principais grupos de causas segundo sexo e padronizadas por idade pelo método direto. Como medida dos diferenciais, usou-se razões e diferenças entre os sexos. Os resultados revelam que o perfil regional relaciona-se ao padrão de urbanização e industrialização, com os maiores diferenciais por sexo nas capitais mais desenvolvidas do país. A sobremortalidade masculina explica-se basicamente pela magnitude das causas externas e das doenças do aparelho circulatório, sendo peculiar a especial importância das mortes violentas, que são as principais responsáveis pelos diferenciais por sexo. Acredita-se que a atual tendência venha a se manter, embora a longo prazo as diferenças entre os sexos possam se reduzir. De qualquer modo, o prolongamento da vida, sem adequadas condições de subsistência, não parece estar significando exatamente uma vantagem para a mulher brasileira.</p></abstract><trans-abstract lang_id="en"><p>Population ageing in Brazil has been more rapid and more intense among women. This phenomenon is well described in developed countries where mortality rates are higher for men than women. In this regard, the analysis of mortality patterns by cause contributes to elucidate the determinant factors of the present situation in Brazil and provides indications of some future trends in female mortality. This is especially important due to the fact that in Brazil the social role of women has experienced great changes. This study presents data on mortality from ten capital cities in 1985, showing age-standardized overall and cause-specific mortality rates for five of the main groups of causes by sex. Ratios and differences effect estimators were used. The results revealed that regional patterns are associated with the urban and industrial processes with greater differences by sex in more developed regions. External causes and cardiovascular diseases are the main factors responsible for higher mortality among men with special emphasis on violent deaths. It is inferred that the present trend will be maintained, though it is possible that mortality differences by sex could decrease in the near future. The authors discuss that longer survival among women in Brazil does not reveal better life conditions.</p></trans-abstract></article-meta></front><back><ref-list><ref id="B1"><element-citation publication-type="article"><article-title>A MULHER brasileira: Estatísticas de satide</article-title><source>Radis/Dados</source><date><month>11</month><year>1986</year></date><fpage>1</fpage><lpage>24</lpage><issue>10</issue><volume>4</volume></element-citation></ref></ref-list></back></article></articles>