<articles xmlns:xsi="http://www.w3.org/2001/XMLSchema-instance" xsi:schemaLocation="https://raw.githubusercontent.com/scieloorg/articles_meta/master/tests/xsd/scielo_sci/ThomsonReuters_publishing.xsd" dtd-version="1.10"><article lang_id="pt" article-type="research-article"><front><journal-meta><journal-id journal-id-type="publisher">csp</journal-id><journal-title-group><journal-title>Cadernos de Saúde Pública</journal-title><abbrev-journal-title>Cad. Saúde Pública</abbrev-journal-title></journal-title-group><issn>1678-4464</issn><collection>SciELO Brazil</collection><publisher><publisher-name>Escola Nacional de Saúde Pública Sergio Arouca, Fundação Oswaldo Cruz</publisher-name></publisher></journal-meta><article-meta><unique-article-id pub-id-type="publisher-id">S0102-311X1988000300005</unique-article-id><article-id pub-id-type="publisher-id">S0102-311X1988000300005</article-id><article-id pub-id-type="doi">10.1590/S0102-311X1988000300005</article-id><article-categories><subj-group><subject>Health Policy &amp; Services</subject></subj-group></article-categories><title-group><article-title lang_id="pt">Intoxicação mercurial: resultados preliminares em duas áreas garimpeiras - PA</article-title></title-group><contrib-group><contrib contrib-type="author"><name><surname>Couto</surname><given-names>Rosa Carmina de Sena</given-names></name><role>ND</role><xref ref-type="aff" rid="A01"/><xref ref-type="aff" rid="A02"/></contrib><contrib contrib-type="author"><name><surname>Câmara</surname><given-names>Volney M.</given-names></name><role>ND</role><xref ref-type="aff" rid="A03"/></contrib><contrib contrib-type="author"><name><surname>Sabroza</surname><given-names>Paulo Chagastelles</given-names></name><role>ND</role><xref ref-type="aff" rid="A03"/></contrib></contrib-group><aff id="A02"><institution>Fundação Oswaldo Cruz</institution></aff><aff id="A03"><institution>Universidade Federal do Rio de Janeiro</institution><country>Brazil</country></aff><aff id="A01"><institution>Secretaria Municipal de Saúde e Meio Ambiente de Belém</institution></aff><aff id="A04"><institution>Fundação Oswaldo Cruz</institution></aff><pub-date><month>09</month><year>1988</year></pub-date><volume>4</volume><issue>3</issue><fpage>301</fpage><lpage>315</lpage><permissions><license license-type="open-access" href="http://creativecommons.org/licenses/by-nc/4.0/"><license-p>This work is licensed under a Creative Commons Attribution-NonCommercial 4.0 International License.</license-p></license></permissions><self-uri href="http://www.scielo.br/scielo.php?script=sci_arttext&amp;pid=S0102-311X1988000300005&amp;lng=en&amp;tlng=en" content-type="full_text_page"/><self-uri href="http://www.scielo.br/scielo.php?script=sci_issuetoc&amp;pid=0102-311X19880003&amp;lng=en" content-type="issue_page"/><self-uri href="http://www.scielosp.org/scielo.php?script=sci_serial&amp;pid=0102-311X&amp;lng=en" content-type="journal_page"/><abstract lang_id="pt"><p>Com o objetivo de verificar o problema da intoxicação mercurial em garimpeiros, foi realizado um estado-piloto em duas áreas de garimpo no Estado do Pará: Cachoeiro e Cumaru. Foram coletadas 35 amostras de cabelos seguindo-se as recomendações da International Atonde Energy Agency. Para a dosagem dos teores de mercúrio nestas amostras foi utilizado o método de absorção atômica pela técnica de vapor frio. O mercúrio total foi detectado em 100% das amostras analisadas. No grupo de garimpeiros do Cachoeiro o teor de mercúrio encontrado variou numa amplitude de 1,97 - 68,98 ppm, X = 11,49 ppm; enquanto que no grupo de garimpeiros do Cumaru a amplitude foi de 1,50 - 13,68 ppm, X = 5,18 ppm. Estes resultados demonstram o alto risco de exposição da população garimpeira. Levantamos a hipótese que outros grupos sociais nesta área estejam sendo atingidos indiretamente, como os Índios caiapó da Reserva Gorotire.</p></abstract><trans-abstract lang_id="en"><p>With the purpose of checking the problem concerning mercury poisoning in prospectors, it was carried out a pilot study in two prospect areas in the State of Pará: Cachoeiro and Cumaru. We collected 35 samples of hair following the recommendations of the International Atomic Energy Agency. For dosing mercury contents in these samples we used the method of atomic absorption through the technique of cold steam. The overall mercury was detected in 100% of the samples which have been analysed. In the group of prospectors of Cachoeiro the mercury contents found varied with an amplitude of 1.97 - 68.98 ppm, X = 11.49 ppm, while in the group of prospectors of Cumaru the amplitude was of 1.50 - 13.68 ppm, X = 5.18 ppm. These results show the high risk of exposition to which the population of prospectors in subjected. We hipothezed that other social groups in this area, e.g., caiapó natives of the Gorotire Reserve, are being indirectly affected.</p></trans-abstract></article-meta></front><back><ref-list><ref id="B1"><element-citation publication-type="book"><source>Curso de controle da poluição na mineração: alguns aspectos</source><date><year>1986</year></date><fpage>16</fpage><lpage>20</lpage><volume>1</volume></element-citation></ref><ref id="B2"><element-citation publication-type="thesis"><source>Estudo comparativo dos efeitos tardios dos fungicidas organo-mercuriais no Município de Campos/ RJ</source><date><year>1985</year></date><person-group><name><surname>CÂMARA</surname><given-names>V. M.</given-names></name><name><surname>CÂMARA</surname><given-names>V. M.</given-names></name></person-group></element-citation></ref><ref id="B3"><element-citation publication-type="article"><article-title>Teores de mercúrio no cabelo: um estudo comparativo em trabalhadores da lavoura de cana-de-açúcar com exposição pregressa aos fungicidas organo-mercuriais no Município de Campos/RJ</article-title><source>Cadernos de Saúde Pública</source><date><year>1986</year></date><fpage>359</fpage><lpage>72</lpage><issue>3</issue><volume>2</volume><person-group><name><surname>CÂMARA</surname><given-names>V. M.</given-names></name></person-group></element-citation></ref><ref id="B4"><element-citation publication-type="article"><article-title>Relações entre o garimpo e estrutura fundiária: a exemplo de Marabá</article-title><source>Pará Desenvolvimento</source><date><year>1986</year></date><volume>19</volume><person-group><name><surname>COTA</surname><given-names>Raimundo Garcia</given-names></name></person-group></element-citation></ref><ref id="B5"><element-citation publication-type="thesis"><source>Buscando ouro, perdendo saúde: estudo da intoxicação por mercúrio no garimpo de Cumarupa</source><date><year>1988</year></date><person-group><name><surname>COUTO</surname><given-names>Rosa Carmina de S.</given-names></name><name><surname>COUTO</surname><given-names>Rosa Carmina de S.</given-names></name></person-group></element-citation></ref><ref id="B6"><element-citation publication-type="book"><source>Projeto de avaliação da contaminação pelo mercúrio originada em áreas de garimpagem no Pará</source><date><year>1987</year></date></element-citation></ref><ref id="B7"><element-citation publication-type="conference"><source>Depósitos de ouro na Amazônia</source><date><day>08</day><month>12</month><year>1986</year></date><person-group><name><surname>SILVA</surname><given-names>Alberto rogério B.</given-names></name><name><surname>SILVA</surname><given-names>Alberto rogério B.</given-names></name></person-group></element-citation></ref><ref id="B8"><element-citation publication-type="book"><source>Activation analysis of hair as an indicator of contamination of man by environment trace element pollutants</source><person-group><name><surname>YU</surname><given-names>S. Ryabunkhin</given-names></name><name><surname>YU</surname><given-names>S. Ryabunkhin</given-names></name></person-group></element-citation></ref></ref-list></back></article></articles>