<articles xmlns:xsi="http://www.w3.org/2001/XMLSchema-instance" xsi:schemaLocation="https://raw.githubusercontent.com/scieloorg/articles_meta/master/tests/xsd/scielo_sci/ThomsonReuters_publishing.xsd" dtd-version="1.10"><article lang_id="pt" article-type="research-article"><front><journal-meta><journal-id journal-id-type="publisher">csp</journal-id><journal-title-group><journal-title>Cadernos de Saúde Pública</journal-title><abbrev-journal-title>Cad. Saúde Pública</abbrev-journal-title></journal-title-group><issn>1678-4464</issn><collection>SciELO Brazil</collection><publisher><publisher-name>Escola Nacional de Saúde Pública Sergio Arouca, Fundação Oswaldo Cruz</publisher-name></publisher></journal-meta><article-meta><unique-article-id pub-id-type="publisher-id">S0102-311X1992000300011</unique-article-id><article-id pub-id-type="publisher-id">S0102-311X1992000300011</article-id><article-id pub-id-type="doi">10.1590/S0102-311X1992000300011</article-id><article-categories><subj-group><subject>Health Policy &amp; Services</subject></subj-group></article-categories><title-group><article-title lang_id="pt">Pênfigo foliáceo endêmico (fogo-selvagem) no grupo indígena Xavánte, Mato Grosso, Brasil</article-title><trans-title-group lang_id="en"><trans-title>Endemic pemphigus foliaceus among the Xavánte indians, state of Mato Grosso, Brazil</trans-title></trans-title-group></title-group><contrib-group><contrib contrib-type="author"><name><surname>Friedman</surname><given-names>Horacio</given-names></name><role>ND</role><xref ref-type="aff" rid="A01"/></contrib><contrib contrib-type="author"><name><surname>Coimbra Jr.</surname><given-names>Carlos E. A.</given-names></name><role>ND</role><xref ref-type="aff" rid="A02"/></contrib><contrib contrib-type="author"><name><surname>Alvarez</surname><given-names>Rosicler R.</given-names></name><role>ND</role><xref ref-type="aff" rid="A01"/></contrib><contrib contrib-type="author"><name><surname>Campbell</surname><given-names>Iphis</given-names></name><role>ND</role><xref ref-type="aff" rid="A01"/></contrib><contrib contrib-type="author"><name><surname>Diaz</surname><given-names>Luiz A.</given-names></name><role>ND</role><xref ref-type="aff" rid="A03"/></contrib><contrib contrib-type="author"><name><surname>Flowers</surname><given-names>Nancy M.</given-names></name><role>ND</role><xref ref-type="aff" rid="A04"/></contrib><contrib contrib-type="author"><name><surname>Santos</surname><given-names>Ricardo V.</given-names></name><role>ND</role><xref ref-type="aff" rid="A02"/></contrib><contrib contrib-type="author"><name><surname>Bertoli</surname><given-names>Maria L.</given-names></name><role>ND</role><xref ref-type="aff" rid="A01"/></contrib><contrib contrib-type="author"><name><surname>Gama</surname><given-names>Glória B. M. N.</given-names></name><role>ND</role><xref ref-type="aff" rid="A01"/></contrib><contrib contrib-type="author"><name><surname>Alcalá</surname><given-names>Monica C. O.</given-names></name><role>ND</role><xref ref-type="aff" rid="A03"/></contrib></contrib-group><aff id="A02"><institution>Escola Nacional de Saúde Pública</institution><country>Brasil</country></aff><aff id="A03"><institution>Medical College of Winsconsin</institution><country>U.S.A.</country></aff><aff id="A01"><institution>Universidade de Brasília</institution><country>Brazil</country></aff><aff id="A04"><institution>City University of New York</institution><country>U.S.A.</country></aff><pub-date><month>09</month><year>1992</year></pub-date><volume>8</volume><issue>3</issue><fpage>331</fpage><lpage>334</lpage><permissions><license license-type="open-access" href="http://creativecommons.org/licenses/by-nc/4.0/"><license-p>This work is licensed under a Creative Commons Attribution-NonCommercial 4.0 International License.</license-p></license></permissions><self-uri href="http://www.scielo.br/scielo.php?script=sci_arttext&amp;pid=S0102-311X1992000300011&amp;lng=en&amp;tlng=en" content-type="full_text_page"/><self-uri href="http://www.scielosp.org/scielo.php?script=sci_issuetoc&amp;pid=0102-311X19920003&amp;lng=en" content-type="issue_page"/><self-uri href="http://www.scielosp.org/scielo.php?script=sci_serial&amp;pid=0102-311X&amp;lng=en" content-type="journal_page"/><abstract lang_id="pt"><p>Foi realizado inquérito soro-epidemiológico através de testes de imunofluorescência indireta e imunoprecipitação visando determinar a prevalência do pênfígo foliáceo endêmico (PFE) na população indígena Xavánte do Brasil Central. Do total de 163 amostras de soro testadas, 5 (3,1%) foram positivas à imunofluorescência. Todos os soros positivos procediam de indivíduos com sintomas clínicos da doença. Não foram observadas diferenças do PFE entre os Xavánte e a população em geral sob o ponto de vista imunológico, já que se verificou uma predominância da IgG4 entre os anticorpos nos pacientes indígenas.</p></abstract><trans-abstract lang_id="en"><p>A sero-epidemiological survey was carried out by means of indirect immunofluorescence and immunoprecipitation tests in order to determine the prevalence of endemic pemphigus foliaceus (EPF) among the Xavánte Indians from Central Brazil. Out of 163 serum samples, 5 (3.1%) tested positive for immunofluorescence. All positive sera were from patients showing clinical signs of the disease. The immunological features of EPF among the Xavánte do not differ from those of non-Indian populations, as was observed a predominance of IgG4 among the antibodies of the Indian subjects.</p></trans-abstract><kwd-group lang_id="en" kwd-group-type="author-generated"><kwd>Pemphigus Foliaceus</kwd><kwd>Sero-Epidemiology</kwd><kwd>Immunology</kwd><kwd>Indians</kwd><kwd>Central Brazil</kwd></kwd-group><kwd-group lang_id="pt" kwd-group-type="author-generated"><kwd>Pênfigo Foliáceo</kwd><kwd>Soro-Epidemiologia</kwd><kwd>Imunologia</kwd><kwd>Índios</kwd><kwd>Brasil Central</kwd></kwd-group></article-meta></front><back><ref-list><ref id="B1"><element-citation publication-type="article"><article-title>Clinical features of pemphigus</article-title><source>Clinical Dermatology</source><date><year>1983</year></date><fpage>13</fpage><lpage>21</lpage><volume>1</volume><person-group><name><surname>AHMED</surname><given-names>A. R.</given-names></name></person-group></element-citation></ref><ref id="B2"><element-citation publication-type="article"><article-title>Pênfigo foliáceo sul-americano no Estado de Goiás</article-title><source>Revista de Patologia Tropical</source><date><year>1972</year></date><fpage>293</fpage><lpage>346</lpage><volume>1</volume><person-group><name><surname>AUAD</surname><given-names>A.</given-names></name></person-group></element-citation></ref><ref id="B3"><element-citation publication-type="article"><article-title>Characterization of pemphigus foliaceus antigen from human epidermis</article-title><source>Journal of Investigative Dermatology</source><date><year>1991</year></date><fpage>815</fpage><lpage>821</lpage><volume>96</volume><person-group><name><surname>CALVÁNICO</surname><given-names>N. J.</given-names></name><name><surname>MARTINS</surname><given-names>C. Z.</given-names></name><name><surname>DIAZ</surname><given-names>L. A.</given-names></name></person-group></element-citation></ref><ref id="B4"><element-citation publication-type="thesis"><source>Pênfigo Foliáceo Entre os Xavánte: Estudos Imunológicos e Imunogenéticos da Reação Auto-Imune</source><date><year>1992</year></date><person-group><name><surname>FRIEDMAN</surname><given-names>H.</given-names></name><name><surname>FRIEDMAN</surname><given-names>H.</given-names></name></person-group></element-citation></ref><ref id="B5"><element-citation publication-type="article"><article-title>Imunofluorescência indireta no pênfigo foliáceo endêmico: Contribuição para a sua padronização</article-title><source>Revista do Instituto de Medicina Tropical de São Paulo</source><date><year>1989</year></date><fpage>158</fpage><lpage>168</lpage><volume>31</volume><person-group><name><surname>FRIEDMAN</surname><given-names>H.</given-names></name><name><surname>CAMPBELL</surname><given-names>I. T.</given-names></name><name><surname>ALVAREZ</surname><given-names>R. R.</given-names></name><name><surname>DIAZ</surname><given-names>L. A.</given-names></name><name><surname>CASTRO</surname><given-names>R. M.</given-names></name><name><surname>ROITMAN</surname><given-names>I.</given-names></name><name><surname>PARREIRAS</surname><given-names>R. M.</given-names></name><name><surname>RAICK</surname><given-names>A. N.</given-names></name></person-group></element-citation></ref><ref id="B6"><element-citation publication-type="article"><article-title>Further studies on the Xavante Indians: VI. The physical status of the Xavantes of Simões Lopes</article-title><source>American Journal of Human Genetics</source><date><year>1967</year></date><fpage>532</fpage><lpage>542</lpage><volume>19</volume><person-group><name><surname>WEINSTEIN</surname><given-names>E. D.</given-names></name><name><surname>NEEL</surname><given-names>J. V.</given-names></name><name><surname>SALZANO</surname><given-names>F. M.</given-names></name></person-group></element-citation></ref></ref-list></back></article></articles>