<articles xmlns:xsi="http://www.w3.org/2001/XMLSchema-instance" xsi:schemaLocation="https://raw.githubusercontent.com/scieloorg/articles_meta/master/tests/xsd/scielo_sci/ThomsonReuters_publishing.xsd" dtd-version="1.10"><article lang_id="en" article-type="research-article"><front><journal-meta><journal-id journal-id-type="publisher">csp</journal-id><journal-title-group><journal-title>Cadernos de Saúde Pública</journal-title><abbrev-journal-title>Cad. Saúde Pública</abbrev-journal-title></journal-title-group><issn>1678-4464</issn><collection>SciELO Public Health</collection><publisher><publisher-name>Escola Nacional de Saúde Pública Sergio Arouca, Fundação Oswaldo Cruz</publisher-name></publisher></journal-meta><article-meta><unique-article-id pub-id-type="publisher-id">S0102-311X1991000300003</unique-article-id><article-id pub-id-type="publisher-id">S0102-311X1991000300003</article-id><article-id pub-id-type="doi">10.1590/S0102-311X1991000300003</article-id><article-categories><subj-group><subject>Health Policy &amp; Services</subject></subj-group></article-categories><title-group><article-title lang_id="en">Simuliidae and the transmission and control of human Onchocerciasis in Latin America</article-title></title-group><contrib-group><contrib contrib-type="author"><name><surname>Shelley</surname><given-names>A. J.</given-names></name><role>ND</role><xref ref-type="aff" rid="A01"/></contrib></contrib-group><aff id="A01"><institution>British Museum (Natural History)</institution><country>United Kingdom</country></aff><pub-date><month>09</month><year>1991</year></pub-date><volume>7</volume><issue>3</issue><fpage>310</fpage><lpage>327</lpage><permissions><license license-type="open-access" href="http://creativecommons.org/licenses/by/4.0/"><license-p>This work is licensed under a Creative Commons Attribution 4.0 International License.</license-p></license></permissions><self-uri href="http://www.scielosp.org/scielo.php?script=sci_arttext&amp;pid=S0102-311X1991000300003&amp;lng=en&amp;tlng=en" content-type="full_text_page"/><self-uri href="http://www.scielosp.org/scielo.php?script=sci_issuetoc&amp;pid=0102-311X19910003&amp;lng=en" content-type="issue_page"/><self-uri href="http://www.scielosp.org/scielo.php?script=sci_serial&amp;pid=0102-311X&amp;lng=en" content-type="journal_page"/><abstract lang_id="en"><p>Factors that affect the propensity of a simuliid species to act as a host to Onchocerca volvulus and to naturally transmit this filarial worm in nature are discussed. Presence or absence of a cibarial armature is believed to be a major factor that has been previously overlooked and this is considered in relation to the choice of control methods currently advocated for onchocerciasis. The current epidemiological studies, transmission dynamics and relevant control measures are discussed for each onchocerciasis focus in Latin America.</p></abstract><trans-abstract lang_id="pt"><p>Neste trabalho são discutidos os fatores que interferem na suscetibilidade de espécies de simulídeos atuarem como hospedeiros do Onchocerca volvulus e de transmitir a filária em condições naturais. Acredita-se que a presença ou não da armadura do cibário pode ser um fator central, que anteriormente foi subestimado. Este aspecto é discutido em relação às opções em voga de métodos de controle na oncocercose. São também discutidos os estudos epidemiológicos correntes, a dinâmica de transmissão e principais medidas de controle para cada foco de oncocercose na América Latina.</p></trans-abstract></article-meta></front><back><ref-list><ref id="B1"><element-citation publication-type="article"><article-title>The vectoral role of several blackfly species (Diptera: Simuliidae) in relation to human onchocerciasis in the Sierra Parima and Upper Orinoco regions of Venezuela</article-title><source>Annals of Tropical Medicine and Parasitology</source><date><year>1988</year></date><fpage>597</fpage><lpage>611</lpage><volume>82</volume><person-group><name><surname>BASAÑEZ</surname><given-names>M. G.</given-names></name><name><surname>YARZABAL</surname><given-names>L.</given-names></name><name><surname>TAKAOKA</surname><given-names>H.</given-names></name><name><surname>SUZUKI</surname><given-names>H.</given-names></name><name><surname>NODA</surname><given-names>S.</given-names></name><name><surname>TADA</surname><given-names>I.</given-names></name></person-group></element-citation></ref></ref-list></back></article></articles>