<articles xmlns:xsi="http://www.w3.org/2001/XMLSchema-instance" xsi:schemaLocation="https://raw.githubusercontent.com/scieloorg/articles_meta/master/tests/xsd/scielo_sci/ThomsonReuters_publishing.xsd" dtd-version="1.10"><article lang_id="pt" article-type="research-article"><front><journal-meta><journal-id journal-id-type="publisher">csp</journal-id><journal-title-group><journal-title>Cadernos de Saúde Pública</journal-title><abbrev-journal-title>Cad. Saúde Pública</abbrev-journal-title></journal-title-group><issn>1678-4464</issn><collection>SciELO Public Health</collection><publisher><publisher-name>Escola Nacional de Saúde Pública Sergio Arouca, Fundação Oswaldo Cruz</publisher-name></publisher></journal-meta><article-meta><unique-article-id pub-id-type="publisher-id">S0102-311X1993000100010</unique-article-id><article-id pub-id-type="publisher-id">S0102-311X1993000100010</article-id><article-id pub-id-type="doi">10.1590/S0102-311X1993000100010</article-id><article-categories><subj-group><subject>Health Policy &amp; Services</subject></subj-group></article-categories><title-group><article-title lang_id="pt">O Não-dito da AIDS</article-title><trans-title-group lang_id="en"><trans-title>The Hidden Face of AIDS in Brazil</trans-title></trans-title-group></title-group><contrib-group><contrib contrib-type="author"><name><surname>Bastos</surname><given-names>Francisco Inácio</given-names></name><role>ND</role><xref ref-type="aff" rid="A01"/></contrib><contrib contrib-type="author"><name><surname>Boschi-Pinto</surname><given-names>Cynthia</given-names></name><role>ND</role><xref ref-type="aff" rid="A02"/></contrib><contrib contrib-type="author"><name><surname>Telles</surname><given-names>Paulo Roberto</given-names></name><role>ND</role><xref ref-type="aff" rid="A01"/></contrib><contrib contrib-type="author"><name><surname>Lima</surname><given-names>Elson</given-names></name><role>ND</role><xref ref-type="aff" rid="A01"/></contrib></contrib-group><aff id="A01"><institution>Universidade Estadual do Rio de Janeiro</institution><country>Brazil</country></aff><aff id="A02"><institution>Fundação Oswaldo Cruz</institution><country>Brazil</country></aff><pub-date><month>03</month><year>1993</year></pub-date><volume>9</volume><issue>1</issue><fpage>90</fpage><lpage>96</lpage><permissions><license license-type="open-access" href="http://creativecommons.org/licenses/by/4.0/"><license-p>This work is licensed under a Creative Commons Attribution 4.0 International License.</license-p></license></permissions><self-uri href="http://www.scielosp.org/scielo.php?script=sci_arttext&amp;pid=S0102-311X1993000100010&amp;lng=en&amp;tlng=en" content-type="full_text_page"/><self-uri href="http://www.scielosp.org/scielo.php?script=sci_issuetoc&amp;pid=0102-311X19930001&amp;lng=en" content-type="issue_page"/><self-uri href="http://www.scielosp.org/scielo.php?script=sci_serial&amp;pid=0102-311X&amp;lng=en" content-type="journal_page"/><abstract lang_id="pt"><p>Os autores historiam a evolução da epidemia de AIDS no Brasil do ponto de vista da construção de representações sociais acerca dos segmentos envolvidos na transmissão da doença. Enfatizam a necessidade de desmistificar a correlação simplista AIDS- transmissão homossexual. Procuram retirar do relativo esquecimento o papel dos usuários de drogas injetáveis e da transmissão heterossexual na disseminação da doença, "segmentos" cuja relevância epidemiológica, crescente em nosso meio, não se tem feito acompanhar da devida atenção, seja por parte dos meios de comunicação, seja pelos órgãos formuladores de políticas de saúde.</p></abstract><trans-abstract lang_id="en"><p>The authors report on the evolution of the AIDS epidemic in Brazil from the point of view of the construction of social representations about "risk groups" involved in the spread of the disease. They emphasize the need to demystify the immediate correlation between AIDS and homosexual transmission. They highlight the role of intravenous drug users and of heterosexual transmission in new AIDS cases in Brazil - groups and behaviours that are not included in the priorities of local health authorities.</p></trans-abstract><kwd-group lang_id="pt" kwd-group-type="author-generated"><kwd>AIDS</kwd><kwd>Transmissão Heterossexual do HIV</kwd><kwd>Transmissão do HIV entre Usuários de Drogas Injetáveis (UDIs)</kwd></kwd-group><kwd-group lang_id="en" kwd-group-type="author-generated"><kwd>AIDS</kwd><kwd>Heterosexual Transmission of HIV</kwd><kwd>HIV Transmission among Injecting Drug Users (IDUs)</kwd></kwd-group></article-meta></front><back><ref-list><ref id="B1"><element-citation publication-type="book"><source>Só Socialmente</source><fpage>35</fpage><lpage>50</lpage><person-group><name><surname>BARATTA</surname><given-names>A.</given-names></name></person-group></element-citation></ref></ref-list></back></article></articles>