<articles xmlns:xsi="http://www.w3.org/2001/XMLSchema-instance" xsi:schemaLocation="https://raw.githubusercontent.com/scieloorg/articles_meta/master/tests/xsd/scielo_sci/ThomsonReuters_publishing.xsd" dtd-version="1.10"><article lang_id="pt" article-type="research-article"><front><journal-meta><journal-id journal-id-type="publisher">csp</journal-id><journal-title-group><journal-title>Cadernos de Saúde Pública</journal-title><abbrev-journal-title>Cad. Saúde Pública</abbrev-journal-title></journal-title-group><issn>1678-4464</issn><collection>SciELO Brazil</collection><publisher><publisher-name>Escola Nacional de Saúde Pública Sergio Arouca, Fundação Oswaldo Cruz</publisher-name></publisher></journal-meta><article-meta><unique-article-id pub-id-type="publisher-id">S0102-311X1993000300018</unique-article-id><article-id pub-id-type="publisher-id">S0102-311X1993000300018</article-id><article-id pub-id-type="doi">10.1590/S0102-311X1993000300018</article-id><article-categories><subj-group><subject>Health Policy &amp; Services</subject></subj-group></article-categories><title-group><article-title lang_id="pt">Doença e Tempo</article-title><trans-title-group lang_id="en"><trans-title>Illness and Time</trans-title></trans-title-group></title-group><contrib-group><contrib contrib-type="author"><name><surname>Telles</surname><given-names>Fernando S. P.</given-names></name><role>ND</role><xref ref-type="aff" rid="A01"/></contrib><contrib contrib-type="author"><name><surname>Antoun</surname><given-names>Henrique</given-names></name><role>ND</role><xref ref-type="aff" rid="A02"/></contrib><contrib contrib-type="author"><name><surname>Arêas</surname><given-names>James B.</given-names></name><role>ND</role><xref ref-type="aff" rid="A03"/></contrib></contrib-group><aff id="A02"><institution>Pontifícia Universidade Católica do Rio de Janeiro</institution><country>Brazil</country></aff><aff id="A03"><institution>Pontifícia Universidade Católica do Rio de Janeiro</institution><country>Brazil</country></aff><aff id="A01"><institution>Fundação Oswaldo Cruz</institution><country>Brasil</country></aff><pub-date><month>09</month><year>1993</year></pub-date><volume>9</volume><issue>3</issue><fpage>309</fpage><lpage>315</lpage><permissions><license license-type="open-access" href="http://creativecommons.org/licenses/by-nc/4.0/"><license-p>This work is licensed under a Creative Commons Attribution-NonCommercial 4.0 International License.</license-p></license></permissions><self-uri href="http://www.scielo.br/scielo.php?script=sci_arttext&amp;pid=S0102-311X1993000300018&amp;lng=en&amp;tlng=en" content-type="full_text_page"/><self-uri href="http://www.scielo.br/scielo.php?script=sci_issuetoc&amp;pid=0102-311X19930003&amp;lng=en" content-type="issue_page"/><self-uri href="http://www.scielosp.org/scielo.php?script=sci_serial&amp;pid=0102-311X&amp;lng=en" content-type="journal_page"/><abstract lang_id="pt"><p>Trata-se de um ensaio que procura estabelecer a propriedade da questão: "Faz sentido conceber a doença como um fenômeno que transcende as categorias da representação?" Destaca-se uma correspondência entre os fenômenos da representação e da espacialização. Representar passa a ser a atividade de definir uma trajetória que admite uma cronologia temporal de referência, onde um certo fenômeno é apresentado. O paradigma que define a "Anátomo-Clínica" e a Epidemiologia é considerado por nós como uma forma de representação ou espacialização da doença. Conclui-se ser possível o acesso a algo que se denomina "adoecer", que transcende a representação "Anátomo-Clínica" e epidemiológica, desde que, para tal, se admita a possibilidade de o conhecimento poder ser, também, construído fora do espaço, isto é, no tempo não-cronológico.</p></abstract><trans-abstract lang_id="en"><p>This paper attempts to establish the appropriateness of the question: "Does it make sense to conceive of illness as a phenomenon that transcends categories of representation?" A correspondence between the phenomena of representation and spatialization can be identified. Representation in this sense is the definition of a pathway that allows for chronological reference, in which a certain phenomenon is presented. We consider the paradigm that defines the Anatomical-Clinical domain and Epidemiology as a form of representation or spatialization of illness. We conclude that it is possible to approach the process called "becoming ill", which trancends anatomical-clinical and epidemiological representation, provided that we admit the possibility of constructing knowledge beyond space, i.e., in non-chronological time.</p></trans-abstract><kwd-group lang_id="en" kwd-group-type="author-generated"><kwd>Time Factors</kwd><kwd>Disease</kwd><kwd>Medical Philosophy</kwd></kwd-group><kwd-group lang_id="pt" kwd-group-type="author-generated"><kwd>Fatores de Tempo</kwd><kwd>Doença</kwd><kwd>Filosofia Médica</kwd></kwd-group></article-meta></front><back><ref-list><ref id="B1"><element-citation publication-type="book"><source>Matéria e Memória</source><date><year>1990</year></date><person-group><name><surname>BERGSON</surname><given-names>H.</given-names></name><name><surname>BERGSON</surname><given-names>H.</given-names></name></person-group></element-citation></ref><ref id="B2"><element-citation publication-type="book"><source>Lógica do Sentido</source><date><year>1974</year></date><person-group><name><surname>DELEUZE</surname><given-names>G.</given-names></name><name><surname>DELEUZE</surname><given-names>G.</given-names></name></person-group></element-citation></ref><ref id="B3"><element-citation publication-type="book"><source>Proust e os Signos</source><date><year>1987</year></date><person-group><name><surname>DELEUZE</surname><given-names>G.</given-names></name></person-group></element-citation></ref><ref id="B4"><element-citation publication-type="book"><source>Diferença e Repetição</source><date><year>1988</year></date><person-group><name><surname>DELEUZE</surname><given-names>G.</given-names></name></person-group></element-citation></ref><ref id="B5"><element-citation publication-type="book"><source>Foucault</source><date><year>1988</year></date><person-group><name><surname>DELEUZE</surname><given-names>G.</given-names></name></person-group></element-citation></ref><ref id="B6"><element-citation publication-type="book"><source>A Imagem-Tempo - Cinema II</source><date><year>1990</year></date><person-group><name><surname>DELEUZE</surname><given-names>G.</given-names></name></person-group></element-citation></ref><ref id="B7"><element-citation publication-type="book"><source>A Dobra - Leibniz e o Barroco</source><date><year>1991</year></date><person-group><name><surname>DELEUZE</surname><given-names>G.</given-names></name></person-group></element-citation></ref><ref id="B8"><element-citation publication-type="book"><source>O que é a Filosofia?</source><date><year>1992</year></date><person-group><name><surname>DELEUZE</surname><given-names>G.</given-names></name><name><surname>GUATTARI</surname><given-names>F.</given-names></name><name><surname>DELEUZE</surname><given-names>G.</given-names></name><name><surname>GUATTARI</surname><given-names>F.</given-names></name></person-group></element-citation></ref><ref id="B9"><element-citation publication-type="book"><source>Bergsonism</source><date><year>1991</year></date><person-group><name><surname>DELEUZE</surname><given-names>G.</given-names></name><name><surname>DELEUZE</surname><given-names>G.</given-names></name></person-group></element-citation></ref><ref id="B10"><element-citation publication-type="book"><source>O Nascimento da Clínica</source><date><year>1991</year></date><person-group><name><surname>FOUCAULT</surname><given-names>M.</given-names></name><name><surname>FOUCAULT</surname><given-names>M.</given-names></name></person-group></element-citation></ref><ref id="B11"><element-citation publication-type="book"><source>Deleuze e a Filosofia</source><date><year>1990</year></date><person-group><name><surname>MACHADO</surname><given-names>R.</given-names></name><name><surname>MACHADO</surname><given-names>R.</given-names></name></person-group></element-citation></ref><ref id="B12"><element-citation publication-type="book"><source>Isagoge - Introdução às Categorias de Aristóteles</source><date><year>1990</year></date><person-group><name><surname>PORFIRIO</surname><given-names>O. F.</given-names></name><name><surname>PORFIRIO</surname><given-names>O. F.</given-names></name></person-group></element-citation></ref></ref-list></back></article></articles>