<articles xmlns:xsi="http://www.w3.org/2001/XMLSchema-instance" xsi:schemaLocation="https://raw.githubusercontent.com/scieloorg/articles_meta/master/tests/xsd/scielo_sci/ThomsonReuters_publishing.xsd" dtd-version="1.10"><article lang_id="pt" article-type="research-article"><front><journal-meta><journal-id journal-id-type="publisher">csp</journal-id><journal-title-group><journal-title>Cadernos de Saúde Pública</journal-title><abbrev-journal-title>Cad. Saúde Pública</abbrev-journal-title></journal-title-group><issn>1678-4464</issn><collection>SciELO Public Health</collection><publisher><publisher-name>Escola Nacional de Saúde Pública Sergio Arouca, Fundação Oswaldo Cruz</publisher-name></publisher></journal-meta><article-meta><unique-article-id pub-id-type="publisher-id">S0102-311X1993000400003</unique-article-id><article-id pub-id-type="publisher-id">S0102-311X1993000400003</article-id><article-id pub-id-type="doi">10.1590/S0102-311X1993000400003</article-id><article-categories><subj-group><subject>Health Policy &amp; Services</subject></subj-group></article-categories><title-group><article-title lang_id="pt">Pressão arterial, glicemia capilar e medidas antropométricas em uma população Yanomámi</article-title><trans-title-group lang_id="en"><trans-title>Blood pressure, capillary glucose, and anthropometric measurements in a Yanomámi population</trans-title></trans-title-group></title-group><contrib-group><contrib contrib-type="author"><name><surname>Bloch</surname><given-names>Katia V.</given-names></name><role>ND</role><xref ref-type="aff" rid="A01"/></contrib><contrib contrib-type="author"><name><surname>Coutinho</surname><given-names>Evandro da S. F.</given-names></name><role>ND</role><xref ref-type="aff" rid="A02"/></contrib><contrib contrib-type="author"><name><surname>Lôbo</surname><given-names>Maria Stella de C.</given-names></name><role>ND</role><xref ref-type="aff" rid="A01"/></contrib><contrib contrib-type="author"><name><surname>Oliveira</surname><given-names>José Egídio P. de</given-names></name><role>ND</role><xref ref-type="aff" rid="A01"/></contrib><contrib contrib-type="author"><name><surname>Milech</surname><given-names>Adolfo</given-names></name><role>ND</role><xref ref-type="aff" rid="A03"/></contrib></contrib-group><aff id="A02"><institution>Escola Nacional de Saúde Pública</institution><country>Brazil</country></aff><aff id="A03"><institution>UFRJ</institution><country>Brazil</country></aff><aff id="A01"><institution>UFRJ</institution><country>Brazil</country></aff><pub-date><month>12</month><year>1993</year></pub-date><volume>9</volume><issue>4</issue><fpage>428</fpage><lpage>438</lpage><permissions><license license-type="open-access" href="http://creativecommons.org/licenses/by/4.0/"><license-p>This work is licensed under a Creative Commons Attribution 4.0 International License.</license-p></license></permissions><self-uri href="http://www.scielosp.org/scielo.php?script=sci_arttext&amp;pid=S0102-311X1993000400003&amp;lng=en&amp;tlng=en" content-type="full_text_page"/><self-uri href="http://www.scielo.br/scielo.php?script=sci_issuetoc&amp;pid=0102-311X19930004&amp;lng=en" content-type="issue_page"/><self-uri href="http://www.scielosp.org/scielo.php?script=sci_serial&amp;pid=0102-311X&amp;lng=en" content-type="journal_page"/><abstract lang_id="pt"><p>Com o objetivo de avaliar o comportamento da glicemia capilar e das pressões arteriais sistólica (PAS) e diastólica (PAD) em função de medidas antropométricas, foram examinados 72 Yanomámi adultos na Área de Relações Intercomunitárias de Surucucus, Estado de Roraima. A pressão arterial foi mais elevada nos homens do que nas mulheres (PAS = 109,8 mm Hg e 100,2 mm Hg; PAD = 71,2 mm Hg e 63,5 mm Hg, respectivamente). Não houve valores compatíveis com a hipertensão arterial. A PAS correlacionou-se negativamente com a idade e positivamente com altura, peso, índice de massa corporal (IMC) e circunferências abdominal e do quadril. O controle pelo IMC não alterou a correlação inversa entre PAS e idade. A correlação da PAS com a altura inverteu-se quando controlada pelo peso, enquanto o controle pela altura não alterou a correlação positiva entre peso e PAS. A PAD correlacionou-se positivamente com o peso e a altura. A glicemia foi significativamente mais elevada nas mulheres do que nos homens (114,1 mg/dl e 98,4 mg/dl, respectivamente). Controlando-se pelo peso, a circunferência abdominal correlacionou-se positivamente com a glicemia. Ao se controlar pela circunferência abdominal, o peso e o IMC correlacionaram-se inversamente com a glicemia. Os achados sugerem que, enquanto a PAS correlaciona-se principalmente com a massa corporal, a glicemia capilar está mais correlacionada com a concentração abdominal de gordura.</p></abstract><trans-abstract lang_id="en"><p>Seventy-two Yanomámi Indians from Surucucus, Roraima, Brazil, were examined to evaluate the correlation between capillary glucose level (CGL), systolic and diastolic blood pressure (SBP and DBP), and anthropometrical features. Blood pressure was higher among men than women: SBP=109.8 and 100.2 mm Hg; DBP=71.2 and 63.5 mmHg, respectively. Levels compatible with hypertension were not found. SBP was correlated negatively with age and positively with height, weight, body mass index (BMI), and waist and hip circumferences. Controlling for BMI did not change the negative correlation between SBP and age. When weight was controlled, correlation between SBP and height changed to a negative value, but when height was controlled, positive correlation between weight and PAS was mantained. DBP was positively correlated with weight and height. Capillary glucose level was significantly higher among women than men: 114.1 and 98.4 mg/dl, respectively. When weight was controlled, waist circumference correlated positively with CGL. When waist circumference was controlled, weight and BMI correlated negatively with CGL. The results suggest that while blood pressure is correlated especially with body mass, capillary glucose level is more correlated with abdominal fat distribution.</p></trans-abstract><kwd-group lang_id="en" kwd-group-type="author-generated"><kwd>Blood Pressure</kwd><kwd>Capillary Glucose</kwd><kwd>Anthropometric Measurements</kwd><kwd>Yanomámi</kwd></kwd-group><kwd-group lang_id="pt" kwd-group-type="author-generated"><kwd>Pressão Arterial</kwd><kwd>Glicemia</kwd><kwd>Antropometria</kwd><kwd>Yanomámi</kwd><kwd>Índios</kwd></kwd-group></article-meta></front><back><ref-list><ref id="B1"><element-citation publication-type="thesis"><source>Temps du Sang, Temps des Cendres. Representation de la Maladie, Systeme Rituel et Espace Politique chez les Yanomámi du Sud-Est (Amazonie Brésilienne)</source><person-group><name><surname>ALBERT</surname><given-names>B.</given-names></name><name><surname>ALBERT</surname><given-names>B.</given-names></name></person-group></element-citation></ref></ref-list></back></article></articles>