<articles xmlns:xsi="http://www.w3.org/2001/XMLSchema-instance" xsi:schemaLocation="https://raw.githubusercontent.com/scieloorg/articles_meta/master/tests/xsd/scielo_sci/ThomsonReuters_publishing.xsd" dtd-version="1.10"><article lang_id="pt" article-type="research-article"><front><journal-meta><journal-id journal-id-type="publisher">csp</journal-id><journal-title-group><journal-title>Cadernos de Saúde Pública</journal-title><abbrev-journal-title>Cad. Saúde Pública</abbrev-journal-title></journal-title-group><issn>1678-4464</issn><collection>SciELO Public Health</collection><publisher><publisher-name>Escola Nacional de Saúde Pública Sergio Arouca, Fundação Oswaldo Cruz</publisher-name></publisher></journal-meta><article-meta><unique-article-id pub-id-type="publisher-id">S0102-311X1986000100003</unique-article-id><article-id pub-id-type="publisher-id">S0102-311X1986000100003</article-id><article-id pub-id-type="doi">10.1590/S0102-311X1986000100003</article-id><article-categories><subj-group><subject>Health Policy &amp; Services</subject></subj-group></article-categories><title-group><article-title lang_id="pt">Mortalidade por causas externas no estado do Rio de Janeiro no período de 1976 a 1980</article-title></title-group><contrib-group><contrib contrib-type="author"><name><surname>Szwarcwald</surname><given-names>Célia Landmann</given-names></name><role>ND</role><xref ref-type="aff" rid="A01"/></contrib><contrib contrib-type="author"><name><surname>Castilho</surname><given-names>Euclides Ayres de</given-names></name><role>ND</role><xref ref-type="aff" rid="A01"/></contrib></contrib-group><aff id="A01"><institution>FIOCRUZ</institution><country>Brazil</country></aff><pub-date><month>03</month><year>1986</year></pub-date><volume>2</volume><issue>1</issue><fpage>19</fpage><lpage>41</lpage><permissions><license license-type="open-access" href="http://creativecommons.org/licenses/by/4.0/"><license-p>This work is licensed under a Creative Commons Attribution 4.0 International License.</license-p></license></permissions><self-uri href="http://www.scielosp.org/scielo.php?script=sci_arttext&amp;pid=S0102-311X1986000100003&amp;lng=en&amp;tlng=en" content-type="full_text_page"/><self-uri href="http://www.scielosp.org/scielo.php?script=sci_issuetoc&amp;pid=0102-311X19860001&amp;lng=en" content-type="issue_page"/><self-uri href="http://www.scielosp.org/scielo.php?script=sci_serial&amp;pid=0102-311X&amp;lng=en" content-type="journal_page"/><abstract lang_id="pt"><p>O presente trabalho teve por objetivo o de determinar as tendências da mortalidade por causas externas no período de 1976 a 1980, no Estado do Rio de Janeiro. Foram estudadas as principais causas externas de óbito e sua distribuição temporal e espacial. Os acidentes de trânsito de veículo a motor se revelaram como a principal causa externa de morte e, entre eles, os atropelamentos mostraram-se de real gravidade, sobretudo entre as crianças em idade escolar (5 a 14 anos). O estudo revelou um aumento de 70% na taxa de homicídios nos 5 anos pesquisados, e estes já se constituem no principal f ator de mortalidade entre os adultos jovens de 20 a 29 anos. Evidenciou-se, também, grande número de óbitos classificados como "lesões ignoradas se acidental ou intencionalmente infligidas", apontando para falhas no sistema de classificação dos óbitos por causas externas no Estado do Rio de Janeiro.</p></abstract><trans-abstract lang_id="en"><p>Deaths due to accident and violent causes were studied in Rio de Janeiro, Brasil from 1976 to 1980. Spatial and time distributions of the main causes of death were analysed. Motor vehicle traffic accidents had shown to be the first cause of death, mainly among school age children (5-14 years old). An increase of 70% in homicide rates was observed and homicides are actually the first cause of death among young adults (20-29 years old). A substantial proportion of misclassifications was found, as indicated by the great number of deaths classified as ''other violences".</p></trans-abstract></article-meta></front><back><ref-list><ref id="B1"><element-citation publication-type="conference"><source>Mortalidade por violências e acidentes no Brasil</source><date><year>1984</year></date><person-group><name><surname>BARROS</surname><given-names>M. B. de A.</given-names></name><name><surname>BARROS</surname><given-names>M. B. de A.</given-names></name></person-group></element-citation></ref></ref-list></back></article></articles>