<articles xmlns:xsi="http://www.w3.org/2001/XMLSchema-instance" xsi:schemaLocation="https://raw.githubusercontent.com/scieloorg/articles_meta/master/tests/xsd/scielo_sci/ThomsonReuters_publishing.xsd" dtd-version="1.10"><article lang_id="pt" article-type="research-article"><front><journal-meta><journal-id journal-id-type="publisher">csp</journal-id><journal-title-group><journal-title>Cadernos de Saúde Pública</journal-title><abbrev-journal-title>Cad. Saúde Pública</abbrev-journal-title></journal-title-group><issn>1678-4464</issn><collection>SciELO Public Health</collection><publisher><publisher-name>Escola Nacional de Saúde Pública Sergio Arouca, Fundação Oswaldo Cruz</publisher-name></publisher></journal-meta><article-meta><unique-article-id pub-id-type="publisher-id">S0102-311X1990000200005</unique-article-id><article-id pub-id-type="publisher-id">S0102-311X1990000200005</article-id><article-id pub-id-type="doi">10.1590/S0102-311X1990000200005</article-id><article-categories><subj-group><subject>Health Policy &amp; Services</subject></subj-group></article-categories><title-group><article-title lang_id="pt">Qualidade da atenção em rede hierarquizada: a interface serviço/paciente</article-title></title-group><contrib-group><contrib contrib-type="author"><name><surname>Madureira</surname><given-names>Paulo Roberto de</given-names></name><role>ND</role><xref ref-type="aff" rid="A01"/></contrib><contrib contrib-type="author"><name><surname>Capitani</surname><given-names>Eduardo Mello De</given-names></name><role>ND</role><xref ref-type="aff" rid="A01"/></contrib></contrib-group><aff id="A01"><institution>Unicamp</institution><country>Brazil</country></aff><pub-date><month>06</month><year>1990</year></pub-date><volume>6</volume><issue>2</issue><fpage>158</fpage><lpage>174</lpage><permissions><license license-type="open-access" href="http://creativecommons.org/licenses/by/4.0/"><license-p>This work is licensed under a Creative Commons Attribution 4.0 International License.</license-p></license></permissions><self-uri href="http://www.scielosp.org/scielo.php?script=sci_arttext&amp;pid=S0102-311X1990000200005&amp;lng=en&amp;tlng=en" content-type="full_text_page"/><self-uri href="http://www.scielo.br/scielo.php?script=sci_issuetoc&amp;pid=0102-311X19900002&amp;lng=en" content-type="issue_page"/><self-uri href="http://www.scielosp.org/scielo.php?script=sci_serial&amp;pid=0102-311X&amp;lng=en" content-type="journal_page"/><abstract lang_id="pt"><p>Os autores relatam resultados de avaliação de qualidade dos serviços prestados a nível do ambulatório de adultos do Centro de Saúde-Escola de Paulínia, dentro de um sistema hierarquizado de atenção à saúde. Tentando definir parâmetros e procedimentos metodológicos reproduzíveis em outros serviços semelhantes, optam pelo estudo de variáveis relacionadas à assimilação das informações diagnósticas e terapêuticas veiculadas na relação serviço/paciente durante o processo de atendimento, incluindo pré-consultas, consultas de enfermagem e médica, pós-consultas e entrega de medicamentos na farmácia do serviço. Utilizando método de entrevista de pacientes sorteados quinze dias após a consulta, obtivemos dados sobre conceitos diagnósticos, prognósticos, investigação complementar e terapêutica que foram assimilados pelos pacientes. O elevado percentual de pacientes que apreenderam e seguiram as orientações fornecidas (51%; 72,7%; 87%; 77%, respectivamente) no processo de atendimento, provavelmente, reflete uma certa qualidade técnica do serviço prestado. Concluem pela exeqüibilidade de avaliações periódicas, utilizando esses indicadores, viabilizando ajustes e mudanças mais ágeis nos serviços, visando à melhoria da qualidade.</p></abstract><trans-abstract lang_id="en"><p>The authors report results from investigation of quality in an adult ambulatory service in Paulinia, SP, Brazil, in a planned health sistem. Trying to define indicators or monitors able to be reproduced methodologicaly in other services, they choose some variables related to the assimilation of diagnostic, prognostic, subsidiary examination and terapeutic informations by the patient during the consult process into the service. Through an interview of patients a fortnight from the consult day, they were asked about the understanding of concepts that should be passed to them in the service. The high percentage of patients that followed and understood the informations given (51%; 72,7%; 57%; 77%) probably reflects the tecnical quality of the service. They conclude that, nowadays, this kind of avaliation is feasible in primary and secondary ambulatory services in Brazil, allowing quick administrative changes trying to improve quality.</p></trans-abstract></article-meta></front><back><ref-list><ref id="B1"><element-citation publication-type="article"><article-title>The accuracy of recording patient problems in family practice</article-title><source>J. Med. Education</source><date><year>1976</year></date><fpage>311</fpage><lpage>316</lpage><volume>51</volume><person-group><name><surname>BENTSEN</surname><given-names>B. G.</given-names></name></person-group></element-citation></ref></ref-list></back></article></articles>