<articles xmlns:xsi="http://www.w3.org/2001/XMLSchema-instance" xsi:schemaLocation="https://raw.githubusercontent.com/scieloorg/articles_meta/master/tests/xsd/scielo_sci/ThomsonReuters_publishing.xsd" dtd-version="1.10"><article lang_id="pt" article-type="research-article"><front><journal-meta><journal-id journal-id-type="publisher">csp</journal-id><journal-title-group><journal-title>Cadernos de Saúde Pública</journal-title><abbrev-journal-title>Cad. Saúde Pública</abbrev-journal-title></journal-title-group><issn>1678-4464</issn><collection>SciELO Brazil</collection><publisher><publisher-name>Escola Nacional de Saúde Pública Sergio Arouca, Fundação Oswaldo Cruz</publisher-name></publisher></journal-meta><article-meta><unique-article-id pub-id-type="publisher-id">S0102-311X1986000200003</unique-article-id><article-id pub-id-type="publisher-id">S0102-311X1986000200003</article-id><article-id pub-id-type="doi">10.1590/S0102-311X1986000200003</article-id><article-categories><subj-group><subject>Health Policy &amp; Services</subject></subj-group></article-categories><title-group><article-title lang_id="pt">Política de Saneamento: proposta de mudança</article-title></title-group><contrib-group><contrib contrib-type="author"><name><surname>Cynamon</surname><given-names>Szachna Eliasz</given-names></name><role>ND</role><xref ref-type="aff" rid="A01"/></contrib></contrib-group><aff id="A01"><institution>FIOCRUZ</institution></aff><pub-date><month>06</month><year>1986</year></pub-date><volume>2</volume><issue>2</issue><fpage>141</fpage><lpage>149</lpage><permissions><license license-type="open-access" href="http://creativecommons.org/licenses/by-nc/4.0/"><license-p>This work is licensed under a Creative Commons Attribution-NonCommercial 4.0 International License.</license-p></license></permissions><self-uri href="http://www.scielo.br/scielo.php?script=sci_arttext&amp;pid=S0102-311X1986000200003&amp;lng=en&amp;tlng=en" content-type="full_text_page"/><self-uri href="http://www.scielosp.org/scielo.php?script=sci_issuetoc&amp;pid=0102-311X19860002&amp;lng=en" content-type="issue_page"/><self-uri href="http://www.scielosp.org/scielo.php?script=sci_serial&amp;pid=0102-311X&amp;lng=en" content-type="journal_page"/><abstract lang_id="pt"><p>O autor apresenta como pano de fundo ligeiro histórico do saneamento no Brasil e alhures. Enfatiza as mudanças ocorridas com a criação da Fundação SESP, órgão integrado de saúde, e seu projeto de racionalização e respeito à autonomia municipal, através da instituição dos SAAE, serviços autônomos de água e esgotos. Passa pelos fatos que levaram à criação do PLANASA pelo BNH. Discute seus méritos e defeitos, os principais a desvinculação deliberada da participação popular e a destruição da autonomia municipal. Propõe como política de mudança a defesa do que foi feito de bom e a reformulação do que houve de errado, delineando soluções.</p></abstract><trans-abstract lang_id="en"><p>The author presents as a background a summarized history of sanitation in Brazil and alsewhere. He emphasizes the changes ocurred with the creation and activities of SESP Foundation, an institution of integrated health action and its rationalized project of municipal autonomy through the creation of the AMSA - autonomous municipal and sewage agencies. He mentions the factors which lead to the creation of PLANASA by BNH. He discusses its merits and disadvantages, the most important of all was the absence of any kind of population participation and the loss of municipal autonomy. He purports a new policy, which includes supporting the beneficial effects and the change of wrong aspects, and finnaly he proposes general solutions.</p></trans-abstract></article-meta></front></article></articles>