<articles xmlns:xsi="http://www.w3.org/2001/XMLSchema-instance" xsi:schemaLocation="https://raw.githubusercontent.com/scieloorg/articles_meta/master/tests/xsd/scielo_sci/ThomsonReuters_publishing.xsd" dtd-version="1.10"><article lang_id="pt" article-type="research-article"><front><journal-meta><journal-id journal-id-type="publisher">csp</journal-id><journal-title-group><journal-title>Cadernos de Saúde Pública</journal-title><abbrev-journal-title>Cad. Saúde Pública</abbrev-journal-title></journal-title-group><issn>1678-4464</issn><collection>SciELO Brazil</collection><publisher><publisher-name>Escola Nacional de Saúde Pública Sergio Arouca, Fundação Oswaldo Cruz</publisher-name></publisher></journal-meta><article-meta><unique-article-id pub-id-type="publisher-id">S0102-311X1990000200007</unique-article-id><article-id pub-id-type="publisher-id">S0102-311X1990000200007</article-id><article-id pub-id-type="doi">10.1590/S0102-311X1990000200007</article-id><article-categories><subj-group><subject>Health Policy &amp; Services</subject></subj-group></article-categories><title-group><article-title lang_id="pt">Estudo comparativo dos efeitos da utilização de mercúrio por dentistas</article-title></title-group><contrib-group><contrib contrib-type="author"><name><surname>Câmara</surname><given-names>Volney de M.</given-names></name><role>ND</role><xref ref-type="aff" rid="A01"/></contrib><contrib contrib-type="author"><name><surname>Campos</surname><given-names>Reinaldo C.</given-names></name><role>ND</role><xref ref-type="aff" rid="A02"/></contrib><contrib contrib-type="author"><name><surname>Frankel</surname><given-names>Paulo</given-names></name><role>ND</role><xref ref-type="aff" rid="A03"/></contrib><contrib contrib-type="author"><name><surname>Perez</surname><given-names>Maurício A.</given-names></name><role>ND</role><xref ref-type="aff" rid="A04"/></contrib><contrib contrib-type="author"><name><surname>Falcão</surname><given-names>Marcos P.</given-names></name><role>ND</role><xref ref-type="aff" rid="A05"/></contrib></contrib-group><aff id="A02"><institution>Universidade Federal do Rio de Janeiro</institution><country>Brazil</country></aff><aff id="A03"><institution>Universidade Federal do Rio de Janeiro</institution><country>Brazil</country></aff><aff id="A05"><institution>Universidade Federal do Rio de Janeiro</institution><country>Brazil</country></aff><aff id="A01"><institution>Universidade Federal do Rio de Janeiro</institution><country>Brazil</country></aff><aff id="A04"><institution>Universidade Federal do Rio de Janeiro</institution><country>Brazil</country></aff><pub-date><month>06</month><year>1990</year></pub-date><volume>6</volume><issue>2</issue><fpage>186</fpage><lpage>200</lpage><permissions><license license-type="open-access" href="http://creativecommons.org/licenses/by-nc/4.0/"><license-p>This work is licensed under a Creative Commons Attribution-NonCommercial 4.0 International License.</license-p></license></permissions><self-uri href="http://www.scielo.br/scielo.php?script=sci_arttext&amp;pid=S0102-311X1990000200007&amp;lng=en&amp;tlng=en" content-type="full_text_page"/><self-uri href="http://www.scielo.br/scielo.php?script=sci_issuetoc&amp;pid=0102-311X19900002&amp;lng=en" content-type="issue_page"/><self-uri href="http://www.scielosp.org/scielo.php?script=sci_serial&amp;pid=0102-311X&amp;lng=en" content-type="journal_page"/><abstract lang_id="pt"><p>Foi realizado um estudo comparativo dos efeitos do mercúrio entre dentistas e médicos que trabalham na Universidade Federal do Rio de Janeiro. Os resultados obtidos mostraram que os dentistas apresentavam um número estatisticamente maior de morbidade referida por rins e aparelho digestivo e sinais e sintomas de alterações de sistema nervoso. Outrossim, não houve diferenças significativas entre os dois grupos em relação aos teores de mercúrio no cabelo, o que pode ser explicado por alterações recentes no processo de trabalho dos dentistas.</p></abstract><trans-abstract lang_id="en"><p>A comparative study of morbidity and mercury levels in scalp hair between Dentists and Physicians was performed. The results showed significant higher number of cases of renal and digestive health problems and signs and symptoms related to the nervous system among the Dentists, what can be associated to mercury exposition. No statistical differences in mercury levels in scalp hair was found, possibly due to recent improvemensts in the working processes of Dentists.</p></trans-abstract></article-meta></front><back><ref-list><ref id="B1"><element-citation publication-type="article"><article-title>Variation of biological half-life of methylmercury in man</article-title><source>Archives of Environmental Health</source><date><year>1974</year></date><fpage>342</fpage><lpage>344</lpage><volume>28</volume><person-group><name><surname>AL-SHAHRISTANI</surname><given-names>H.</given-names></name><name><surname>SHILDS</surname><given-names>K. M.</given-names></name></person-group></element-citation></ref><ref id="B2"><element-citation publication-type="article"><article-title>Poluição Ambiental por mercúrio no mundo</article-title><source>Kogai Kenkyu</source><date><year>1982</year></date><volume>11</volume><person-group><name><surname>MASAZUMI</surname><given-names>M.</given-names></name></person-group></element-citation></ref><ref id="B3"><element-citation publication-type="book"><source>in Mercury Contamination in Man and his Environment</source><date><year>1966</year></date><fpage>67 </fpage><lpage> 85</lpage><volume>137</volume><person-group><name><surname>IRUKAYAMA</surname><given-names>K.</given-names></name><name><surname>Lu</surname><given-names>F. C.</given-names></name><name><surname>Berteau</surname><given-names>P. E.</given-names></name><name><surname>Clegg</surname><given-names>D. S.</given-names></name><name><surname>Lu</surname><given-names>F. C.</given-names></name><name><surname>Berteau</surname><given-names>P. E.</given-names></name><name><surname>Clegg</surname><given-names>D. S.</given-names></name></person-group></element-citation></ref><ref id="B4"><element-citation publication-type="book"><source>Mercury Contamination in Man and his Environmental</source><date><month>05</month><year>1967</year></date><fpage>67 </fpage><lpage> 85</lpage><volume>137</volume><person-group><name><surname>SANDI</surname><given-names>E.</given-names></name><name><surname>Lu</surname><given-names>F. C.</given-names></name><name><surname>Berteau</surname><given-names>P. E.</given-names></name><name><surname>Clegg</surname><given-names>D. J.</given-names></name><name><surname>Lu</surname><given-names>F. C.</given-names></name><name><surname>Berteau</surname><given-names>P. E.</given-names></name><name><surname>Clegg</surname><given-names>D. J.</given-names></name></person-group></element-citation></ref><ref id="B5"><element-citation publication-type="article"><article-title>Some notes on the history of mercury intoxication</article-title><source>Acta med scand</source><date><year>1929</year></date><fpage>478</fpage><volume>7</volume><person-group><name><surname>ALMKVIST</surname><given-names>J.</given-names></name></person-group></element-citation></ref><ref id="B6"><element-citation publication-type="article"><article-title>Investigation into the cause of outbrake of organic mercury poisoning in a district along the Agano River</article-title><source>Niigata med J</source><date><year>1967</year></date><fpage>519</fpage><volume>8</volume><person-group><name><surname>KOSAKA</surname><given-names>T</given-names></name><name><surname>TAKIZAWA</surname><given-names>Y.</given-names></name></person-group></element-citation></ref><ref id="B7"><element-citation publication-type="article"><article-title>Intoxicação Mercurial: Resultados preliminares em duas áreas garimpeiras - PA</article-title><source>Cadernos de Saúde Pública</source><date><year>1988</year></date><fpage>301</fpage><lpage>315</lpage><volume>4</volume><person-group><name><surname>COUTO</surname><given-names>R. C.</given-names></name><name><surname>CAMARA</surname><given-names>V. M.</given-names></name><name><surname>SABROZA</surname><given-names>P. C.</given-names></name></person-group></element-citation></ref><ref id="B8"><element-citation publication-type="conference"><source>Anais</source><date><year>1989</year></date><fpage>436</fpage><lpage>455</lpage><person-group><name><surname>SILVA</surname><given-names>A. R. B.</given-names></name><name><surname>GUIMARÃES</surname><given-names>G. A.</given-names></name><name><surname>COSTA</surname><given-names>M. Q.</given-names></name><name><surname>SOUZA</surname><given-names>T. M. D.</given-names></name></person-group></element-citation></ref><ref id="B9"><element-citation publication-type="article"><article-title>Mercury Contamination in the Amazon: A gold rush consequence</article-title><source>Ambio</source><date><year>1988</year></date><fpage>252</fpage><lpage>259</lpage><volume>17</volume><person-group><name><surname>MARTINELLI</surname><given-names>L. A.</given-names></name><name><surname>FERREIRA</surname><given-names>J. R.</given-names></name><name><surname>FORSBERG</surname><given-names>B. R.</given-names></name><name><surname>VICTORIA</surname><given-names>R. L.</given-names></name></person-group></element-citation></ref><ref id="B10"><element-citation publication-type="article"><article-title>Exposure of Japanese dental workers to mercury Bull</article-title><source>Tokyo Dent. Coll</source><date><year>1982</year></date><fpage>15 </fpage><lpage>24</lpage><issue>1</issue><volume>23</volume><person-group><name><surname>YANAKA</surname><given-names>S.</given-names></name></person-group></element-citation></ref><ref id="B11"><element-citation publication-type="article"><article-title>A Study on the content of total mercury in the head hair of dental personnel</article-title><source>Yakhak Hoe Chi</source><date><year>1979</year></date><fpage>17 </fpage><lpage> 19</lpage><volume>23</volume><person-group><name><surname>LEE</surname><given-names>T. S.</given-names></name><name><surname>SOHN</surname><given-names>D. H.</given-names></name></person-group></element-citation></ref><ref id="B12"><element-citation publication-type="article"><article-title>Measurement of Mercury in Human Hair</article-title><source>Arch Environmental Health</source><date><year>1974</year></date><fpage>139 </fpage><lpage> 144</lpage><volume>28</volume><person-group><name><surname>GIOVANOLI-JAKUBCZAK</surname><given-names>T.</given-names></name><name><surname>BERG</surname><given-names>G. C.</given-names></name></person-group></element-citation></ref><ref id="B13"><element-citation publication-type="book"><source>Trace Elements in Human Hair</source><date><year>1977</year></date><person-group><name><surname>VALKOVIC</surname><given-names>V.</given-names></name><name><surname>VALKOVIC</surname><given-names>V.</given-names></name></person-group></element-citation></ref><ref id="B14"><element-citation publication-type="article"><article-title>The biologic bases for using hair and nail for analysis of trace elements</article-title><source>The Science of Total Environment</source><date><year>1977</year></date><fpage>71 </fpage><lpage> 89</lpage><volume>7</volume><person-group><name><surname>HOPPS</surname><given-names>H. C.</given-names></name></person-group></element-citation></ref><ref id="B15"><element-citation publication-type="book"><source>Human Scalp hair as an epidemiologic monitor of environmental exposure to elemental pollutants: Report prepared for the Last Research Co-ordination Meeting of the Co-ordinated Research Program on the "Nuclear Methods for Health-related Monitoring of Trace Elements Pollutants"</source><date><month>05</month><year>1983</year></date><person-group><name><surname>CHATT</surname><given-names>A</given-names></name><name><surname>SAJJAD</surname><given-names>M</given-names></name><name><surname>DE SILVA</surname><given-names>K. N.</given-names></name><name><surname>SECORD</surname><given-names>C. A.</given-names></name><name><surname>CHATT</surname><given-names>A</given-names></name><name><surname>SAJJAD</surname><given-names>M</given-names></name><name><surname>DE SILVA</surname><given-names>K. N.</given-names></name><name><surname>SECORD</surname><given-names>C. A.</given-names></name></person-group></element-citation></ref><ref id="B16"><element-citation publication-type="book"><source>Hair, trace Elements and Human Illness</source><date><year>1980</year></date><fpage>364</fpage><person-group><name><surname>RYABUKHIN</surname><given-names>Y. S.</given-names></name><name><surname>Brown</surname><given-names>A. C.</given-names></name><name><surname>G. Crounse</surname><given-names>Robert</given-names></name><name><surname>Brown</surname><given-names>A. C.</given-names></name><name><surname>G. Crounse</surname><given-names>Robert</given-names></name></person-group></element-citation></ref><ref id="B17"><element-citation publication-type="article"><article-title>Neutron activation analysis of hair: Failure of a mission</article-title><source>Journal of Radioanalytical Chemistry</source><date><year>1973</year></date><fpage>305 </fpage><lpage> 316</lpage><volume>15</volume><person-group><name><surname>CORNELIS</surname><given-names>R.</given-names></name></person-group></element-citation></ref><ref id="B18"><element-citation publication-type="article"><article-title>Trace Metals in Human Hair</article-title><source>The Journal of Investigate Dermatology</source><date><year>1969</year></date><fpage>71 </fpage><lpage> 78</lpage><volume>53</volume><person-group><name><surname>SCHROEDER</surname><given-names>H. A.</given-names></name><name><surname>NASON</surname><given-names>A. P.</given-names></name></person-group></element-citation></ref><ref id="B19"><element-citation publication-type="article"><source>Ann Clin Biochem</source><date><year>1986</year></date><fpage>364</fpage><volume>23</volume><person-group><name><surname>TAYLOR</surname><given-names>A.</given-names></name></person-group></element-citation></ref><ref id="B20"><element-citation publication-type="article"><article-title>Aluminium and the other Trace Elements in Renal Disease</article-title><source>Trends in Anal Chem</source><date><year>1986</year></date><fpage>337</fpage><volume>6</volume><person-group><name><surname>TAYLOR</surname><given-names>A.</given-names></name><name><surname>Fell</surname><given-names>G. S.</given-names></name><name><surname>Fell</surname><given-names>G. S.</given-names></name></person-group></element-citation></ref><ref id="B21"><element-citation publication-type="article"><article-title>The effect of washing procedures on trace element content of human hair</article-title><source>Analytica Chimica Acta</source><date><year>1981</year></date><fpage>131 </fpage><lpage> 137</lpage><volume>125</volume><person-group><name><surname>SALMELA</surname><given-names>S</given-names></name><name><surname>VUORI</surname><given-names>E.</given-names></name><name><surname>KILPIO</surname><given-names>J. O.</given-names></name></person-group></element-citation></ref><ref id="B22"><element-citation publication-type="article"><article-title>Trace Element Analysis of Human Hair is of Limited Usefulness</article-title><source>Trends in Anal Chem</source><date><year>1987</year></date><fpage>X </fpage><lpage> XI</lpage><volume>6</volume><person-group><name><surname>FELL</surname><given-names>G. S.</given-names></name></person-group></element-citation></ref><ref id="B23"><element-citation publication-type="book"><source>Die Problematik der Bestimmung Von Spurenelement in Menschlichen Haar: Fortschritte in der Atomspektrometrischen Spurenanalytik</source><date><year>1984</year></date><fpage>347 </fpage><lpage> 363</lpage><volume>1</volume><person-group><name><surname>BENCZE</surname><given-names>K.</given-names></name><name><surname>BENCZE</surname><given-names>K.</given-names></name></person-group></element-citation></ref><ref id="B24"><element-citation publication-type="book"><source>Activation Analysis of hair as an indicator of contamination of man by environmental trace element pollutants</source><date><year>1978</year></date><volume>50</volume><person-group><name><surname>RYABUKKIN</surname><given-names>Y. S.</given-names></name><name><surname>RYABUKKIN</surname><given-names>Y. S.</given-names></name></person-group></element-citation></ref><ref id="B25"><element-citation publication-type="article"><article-title>Non destrutive X - Rayfluorescense spectrometry for determination of trace element along a single strand of hair</article-title><source>Anal. Chem.</source><date><year>1982</year></date><fpage>1844 </fpage><lpage> 1849</lpage><volume>54</volume><person-group><name><surname>TORIBA</surname><given-names>T. Y.</given-names></name><name><surname>JACKSON</surname><given-names>D. A.</given-names></name><name><surname>FRENCH</surname><given-names>W. R.</given-names></name><name><surname>THOMPSON</surname><given-names>A. C.</given-names></name><name><surname>EJAKLEVIC</surname><given-names>J. M.</given-names></name></person-group></element-citation></ref><ref id="B26"><element-citation publication-type="article"><article-title>The variation of trace elements concentrations in single human head hairs</article-title><source>Journal of Radioanalytical Chemistry</source><date><year>1973</year></date><fpage>155 </fpage><lpage> 134</lpage><volume>15</volume><person-group><name><surname>OBRUSNIK</surname><given-names>I.</given-names></name><name><surname>GLADSON</surname><given-names>J.</given-names></name><name><surname>MAES</surname><given-names>D.</given-names></name><name><surname>MCMILLAN</surname><given-names>D. K.</given-names></name><name><surname>D'AURICA</surname><given-names>J.</given-names></name><name><surname>PATE</surname><given-names>B. D.</given-names></name></person-group></element-citation></ref><ref id="B27"><element-citation publication-type="article"><article-title>The anatomical and longitudinal variation of trace element concentration in human hair</article-title><source>Analytica Chimica Acta</source><date><year>1972</year></date><fpage>217 </fpage><lpage> 221</lpage><volume>92</volume><person-group><name><surname>ALDER</surname><given-names>J. F.</given-names></name><name><surname>SAMUEL</surname><given-names>J. A.</given-names></name><name><surname>WEST</surname><given-names>T. S.</given-names></name></person-group></element-citation></ref><ref id="B28"><element-citation publication-type="article"><article-title>The single element determination of trace metals in hair by carbon-furnace atomic absorption spectrometry</article-title><source>Analytica Chimica Acta</source><date><year>1976</year></date><fpage>313 </fpage><lpage> 321</lpage><volume>87</volume><person-group><name><surname>ALDER</surname><given-names>J. F.</given-names></name><name><surname>SAMUEL</surname><given-names>J. A.</given-names></name><name><surname>WEST</surname><given-names>T. S.</given-names></name></person-group></element-citation></ref><ref id="B29"><element-citation publication-type="article"><article-title>Der Mangan-gehalt des Haares, ein kriterium für die Bewertung des Expositions Risikos der Elektrosschweisser</article-title><source>Journal of Radionalytical Chemistry</source><date><year>1980</year></date><fpage>319 </fpage><lpage>326</lpage><volume>58</volume><person-group><name><surname>GRUND</surname><given-names>W.</given-names></name><name><surname>SCHNEIDER</surname><given-names>W. D.</given-names></name><name><surname>WIESENER</surname><given-names>W.</given-names></name></person-group></element-citation></ref><ref id="B30"><element-citation publication-type="book"><source>Scalp Hair as monitor of community exposure to environmental pollutants: Hair, trace elements and human illness</source><date><year>1980</year></date><person-group><name><surname>CHATT</surname><given-names>A.</given-names></name><name><surname>SECORD</surname><given-names>A. C.</given-names></name><name><surname>TIENFENBACH</surname><given-names>B.</given-names></name><name><surname>JERVIS</surname><given-names>R.</given-names></name><name><surname>Brown</surname><given-names>A. C.</given-names></name><name><surname>Crounse</surname><given-names>R. G.</given-names></name><name><surname>CHATT</surname><given-names>A.</given-names></name><name><surname>SECORD</surname><given-names>A. C.</given-names></name><name><surname>TIENFENBACH</surname><given-names>B.</given-names></name><name><surname>JERVIS</surname><given-names>R.</given-names></name><name><surname>Brown</surname><given-names>A. C.</given-names></name><name><surname>Crounse</surname><given-names>R. G.</given-names></name></person-group></element-citation></ref><ref id="B31"><element-citation publication-type="article"><article-title>Lead contamination around secondary smelters: estimation of dispersal and accumulation by humans</article-title><source>Science</source><date><year>1974</year></date><fpage>1120 </fpage><lpage> 1123</lpage><volume>186</volume><person-group><name><surname>PARKINSON</surname><given-names>O. K.</given-names></name></person-group></element-citation></ref><ref id="B32"><element-citation publication-type="article"><article-title>Scalp hair as a monitor of population exposed to environmental pollutants</article-title><source>Journal of Radionalytical Chemistry</source><date><year>1977</year></date><fpage>751 </fpage><lpage> 760</lpage><volume>37</volume><person-group><name><surname>JERVIS</surname><given-names>R. E.</given-names></name><name><surname>TIEFENBACH</surname><given-names>B.</given-names></name><name><surname>CHATT</surname><given-names>A.</given-names></name></person-group></element-citation></ref><ref id="B33"><element-citation publication-type="article"><article-title>Monitoring environmental pollution of arsenic and mercury through neutron activation analysis of human hair</article-title><source>Radiochemical Radioanalytical Letters</source><date><year>1981</year></date><issue>3</issue><volume>50</volume><person-group><name><surname>CORTES</surname><given-names>E.</given-names></name><name><surname>CASSORLA</surname><given-names>V.</given-names></name><name><surname>MUNOZ</surname><given-names>L.</given-names></name><name><surname>GRAS</surname><given-names>N.</given-names></name><name><surname>KRISHNAN</surname><given-names>S.</given-names></name></person-group></element-citation></ref><ref id="B34"><element-citation publication-type="article"><article-title>A comparison of five toxic metals among rural and urban children</article-title><source>Environmental Pollution</source><date><year>1982</year></date><fpage>261 </fpage><lpage>269</lpage><volume>29</volume><person-group><name><surname>RHONDA</surname><given-names>M. F.</given-names></name><name><surname>HENNIGAN</surname><given-names>C.</given-names></name></person-group></element-citation></ref><ref id="B35"><element-citation publication-type="article"><article-title>Trace elements in scalp hair of persons with multiple sclerosis and of normal individuals</article-title><source>Clinical Chemistry</source><date><year>1978</year></date><fpage>1996 </fpage><lpage> 2000</lpage><issue>11</issue><volume>24</volume><person-group><name><surname>RYAN</surname><given-names>D. E.</given-names></name><name><surname>HOLZBECHER</surname><given-names>L.</given-names></name><name><surname>STUART</surname><given-names>D. G.</given-names></name></person-group></element-citation></ref><ref id="B36"><element-citation publication-type="article"><article-title>Comparison of concentrations of some trace, bulk, and toxic metals in the hair of normal and dyslexic children</article-title><source>Clinical Chemistry</source><date><year>1981</year></date><fpage>879 </fpage><lpage> 881</lpage><issue>6</issue><volume>27</volume><person-group><name><surname>CAPEL</surname><given-names>I. D.</given-names></name><name><surname>DINNOCK</surname><given-names>M. H.</given-names></name><name><surname>DORRELL</surname><given-names>H. M.</given-names></name><name><surname>WILLIAMS</surname><given-names>D. C.</given-names></name><name><surname>GRANT</surname><given-names>C. G.</given-names></name></person-group></element-citation></ref><ref id="B37"><element-citation publication-type="article"><article-title>Trace elements in head hair of hemodialysis patients</article-title><source>Journal of Radioanalytical and Nuclear Chemistry</source><date><year>1984</year></date><fpage>209 </fpage><lpage> 220</lpage><issue>84</issue><volume>86</volume><person-group><name><surname>TOMZA</surname><given-names>U.</given-names></name><name><surname>MAENHAUT</surname><given-names>W.</given-names></name></person-group></element-citation></ref><ref id="B38"><element-citation publication-type="book"><source>Hair analysis in learning and behavior problems: Hair Trace Elements, and Human Illness</source><date><year>1980</year></date><fpage>128 </fpage><lpage> 143</lpage><person-group><name><surname>PIHL</surname><given-names>R. O.</given-names></name><name><surname>DRAKE</surname><given-names>H.</given-names></name><name><surname>URANA</surname><given-names>F.</given-names></name><name><surname>Brown</surname><given-names>A. C.</given-names></name><name><surname>Crounse</surname><given-names>R. G.</given-names></name><name><surname>PIHL</surname><given-names>R. O.</given-names></name><name><surname>DRAKE</surname><given-names>H.</given-names></name><name><surname>URANA</surname><given-names>F.</given-names></name><name><surname>Brown</surname><given-names>A. C.</given-names></name><name><surname>Crounse</surname><given-names>R. G.</given-names></name></person-group></element-citation></ref><ref id="B39"><element-citation publication-type="article"><article-title>Teores de Mercúrio no Cabelo: Um Estudo Comparativo em Trabalhadores de lavoura de Cana-de-Açúcar com Exposição Pregressa aos Fungicidas Órgano-Mercuriais no Município de Campos - RJ</article-title><source>Cadernos de Saúde Pública</source><date><month>09</month><year>1986</year></date><fpage>359 </fpage><lpage> 372</lpage><issue>3</issue><volume>2</volume><person-group><name><surname>CAMARA</surname><given-names>V. de M.</given-names></name><name><surname>CAMPOS</surname><given-names>R. C.</given-names></name><name><surname>PEREZ</surname><given-names>M. A.</given-names></name><name><surname>TAMBELINI</surname><given-names>A. T.</given-names></name><name><surname>KLEIN</surname><given-names>C.H</given-names></name></person-group></element-citation></ref><ref id="B40"><element-citation publication-type="book"><source>Activation Analyses of Hair as an Indicator of Contamination Man by Environmental Trace Element Pollutants</source><date><year>1978</year></date><volume>50</volume><person-group><name><surname>RYABUKKIN</surname><given-names>Y. S.</given-names></name><name><surname>RYABUKKIN</surname><given-names>Y. S.</given-names></name></person-group></element-citation></ref><ref id="B41"><element-citation publication-type="article"><article-title>Mercury content of hair from normal and poisoned persons</article-title><source>Journal of Radioanalytical Chemistry</source><fpage>1973</fpage><volume>15</volume><person-group><name><surname>AL-SHAHRISTANI</surname><given-names>H.</given-names></name><name><surname>AL-HADDAD</surname><given-names>I. K.</given-names></name></person-group></element-citation></ref><ref id="B42"><element-citation publication-type="book"><source>Hair Trace Elements and Human Illness</source><date><year>1980</year></date><person-group><name><surname>RYABUKKIN</surname><given-names>Y. S.</given-names></name><name><surname>Brown</surname><given-names>A. C.</given-names></name><name><surname>CROUNSE</surname><given-names>R. G.</given-names></name><name><surname>Brown</surname><given-names>A. C.</given-names></name><name><surname>CROUNSE</surname><given-names>R. G.</given-names></name></person-group></element-citation></ref><ref id="B43"><element-citation publication-type="book"><source>Investigação da Grande Exposição e Metais Pesados da População da Cidade do Rio de Janeiro</source><date><year>1984</year></date><person-group><name><surname>CAMPOS</surname><given-names>R. C.</given-names></name><name><surname>CAMPOS</surname><given-names>R. C.</given-names></name></person-group></element-citation></ref><ref id="B44"><element-citation publication-type="book"><source>Statistics Methods for Rates and Proportions</source><date><year>1979</year></date><person-group><name><surname>FLEISS</surname><given-names>J.</given-names></name><name><surname>FLEISS</surname><given-names>J.</given-names></name></person-group></element-citation></ref><ref id="B45"><element-citation publication-type="article"><article-title>Avaliação do nível de mercúrio na população de alagados</article-title><source>Ciência e Cultura</source><date><year>1980</year></date><issue>1</issue><volume>32</volume><person-group><name><surname>FERREIRO</surname><given-names>M. de F.</given-names></name></person-group></element-citation></ref></ref-list></back></article></articles>