<articles xmlns:xsi="http://www.w3.org/2001/XMLSchema-instance" xsi:schemaLocation="https://raw.githubusercontent.com/scieloorg/articles_meta/master/tests/xsd/scielo_sci/ThomsonReuters_publishing.xsd" dtd-version="1.10"><article lang_id="pt" article-type="research-article"><front><journal-meta><journal-id journal-id-type="publisher">csp</journal-id><journal-title-group><journal-title>Cadernos de Saúde Pública</journal-title><abbrev-journal-title>Cad. Saúde Pública</abbrev-journal-title></journal-title-group><issn>1678-4464</issn><collection>SciELO Brazil</collection><publisher><publisher-name>Escola Nacional de Saúde Pública Sergio Arouca, Fundação Oswaldo Cruz</publisher-name></publisher></journal-meta><article-meta><unique-article-id pub-id-type="publisher-id">S0102-311X1993000200006</unique-article-id><article-id pub-id-type="publisher-id">S0102-311X1993000200006</article-id><article-id pub-id-type="doi">10.1590/S0102-311X1993000200006</article-id><article-categories><subj-group><subject>Health Policy &amp; Services</subject></subj-group></article-categories><title-group><article-title lang_id="pt">Exposição ao mercúrio orgânico em populações ribeirinhas do Alto Madeira, Rondônia, 1991: resultados preliminares</article-title><trans-title-group lang_id="en"><trans-title>Exposure to organic mercury in riparian populations on the Upper Madeira river, Rondonia, Brazil, 1991: preliminary results</trans-title></trans-title-group></title-group><contrib-group><contrib contrib-type="author"><name><surname>Boischio</surname><given-names>Ana Amelia P.</given-names></name><role>ND</role><xref ref-type="aff" rid="A01"/></contrib><contrib contrib-type="author"><name><surname>Barbosa</surname><given-names>Antonio</given-names></name><role>ND</role><xref ref-type="aff" rid="A02"/></contrib></contrib-group><aff id="A01"><institution>Indiana University</institution><country>U.S.A</country></aff><aff id="A02"><institution>Universidade de Brasília</institution><country>Brazil</country></aff><pub-date><month>06</month><year>1993</year></pub-date><volume>9</volume><issue>2</issue><fpage>155</fpage><lpage>160</lpage><permissions><license license-type="open-access" href="http://creativecommons.org/licenses/by-nc/4.0/"><license-p>This work is licensed under a Creative Commons Attribution-NonCommercial 4.0 International License.</license-p></license></permissions><self-uri href="http://www.scielo.br/scielo.php?script=sci_arttext&amp;pid=S0102-311X1993000200006&amp;lng=en&amp;tlng=en" content-type="full_text_page"/><self-uri href="http://www.scielo.br/scielo.php?script=sci_issuetoc&amp;pid=0102-311X19930002&amp;lng=en" content-type="issue_page"/><self-uri href="http://www.scielosp.org/scielo.php?script=sci_serial&amp;pid=0102-311X&amp;lng=en" content-type="journal_page"/><abstract lang_id="pt"><p>O presente trabalho discute os resultados da concentração de mercúrio total em amostras de cabelo da população ribeirinha do Alto Madeira, Rondônia. Dentre as 311 amostras de cabelo analisadas, 51% (n=158) apresentam concentrações de mercúrio acima de 10 ppm. A variabilidade nas exposições ao mercúrio é ilustrada por uma família onde cinco indivíduos apresentam as concentracões de mercúrio mais elevadas (entre 90,6 e 303,1 ppm), enquanto em outros cinco indivíduos da mesma unidade familiar tais concentrações variam entre 7,0 e 13,3 ppm. Especial atenção deve ser dirigida à população feminina em idade reprodutiva, dado que o feto apresenta maior vulnerabilidade a menores exposições ao mercúrio orgânico. Neste estudo, 53% (n=37) da população feminina em idade reprodutiva (grupo etário 4) apresentam concentração de mercúrio superior a 10 ppm.</p></abstract><trans-abstract lang_id="en"><p>This study analyzes mercury concentration in hair samples obtained from the population living in the Upper Madeira River basin, Rondonia. Out of 311 hair samples analyzed, 51% (n=158) had a mercury concentration of over 10 ppm. The wide variability of mercury concentration is well-illustrated by a family in which there were 5 cases with the highest mercury concentrations (90.6 to 303.1 ppm), while in another 5 household members, the concentration ranged from 7.0 to 13.3 ppm. Special atention must be paid to women in the childbearing age, since the fetus is more vulnerable to lower mercury concentrations. 53% (n=37) females in the reproductive age bracket (age group 4) displayed a mercury concentration above 10 ppm.</p></trans-abstract><kwd-group lang_id="en" kwd-group-type="author-generated"><kwd>Environmental Exposure</kwd><kwd>Mercury</kwd><kwd>Hair</kwd><kwd>Analysis</kwd><kwd>Fish Consumption</kwd></kwd-group><kwd-group lang_id="pt" kwd-group-type="author-generated"><kwd>Exposição Ambiental</kwd><kwd>Mercúrio</kwd><kwd>Cabelo</kwd><kwd>Análise, Pescado, Consumo</kwd></kwd-group></article-meta></front><back><ref-list><ref id="B1"><element-citation publication-type="article"><article-title>Intoxicação mercurial: resultados preliminares em duas áreas garimpeiras - PA</article-title><source>Cadernos de Saúde Pública</source><date><year>1988</year></date><fpage>301</fpage><lpage>315</lpage><volume>4</volume><person-group><name><surname>COUTO</surname><given-names>R. C. S. C.</given-names></name><name><surname>CÂMARA</surname><given-names>V. M.</given-names></name><name><surname>SABROZA</surname><given-names>P. C.</given-names></name></person-group></element-citation></ref><ref id="B2"><element-citation publication-type="article"><article-title>Some aspects of the quantitative ecology of mercury</article-title><source>Water Research</source><date><year>1972</year></date><fpage>1193</fpage><lpage>1202</lpage><volume>6</volume><person-group><name><surname>FAGERSTROM</surname><given-names>T.</given-names></name><name><surname>JERNELOV</surname><given-names>A.</given-names></name></person-group></element-citation></ref><ref id="B3"><element-citation publication-type="book"><source>Seminário Nacional Riscos e Conseqüências do Uso do Mercúrio</source><date><year>1990</year></date><fpage>211</fpage><lpage>228</lpage><person-group><name><surname>FERNANDES</surname><given-names>R. S.</given-names></name><name><surname>GUIMARÃES</surname><given-names>A. F.</given-names></name><name><surname>BIDONE</surname><given-names>E. D.</given-names></name><name><surname>LACERDA</surname><given-names>L. D.</given-names></name><name><surname>PFEIFFER</surname><given-names>W. C.</given-names></name><name><surname>Hacon</surname><given-names>S.</given-names></name><name><surname>Lacerda</surname><given-names>L. D.</given-names></name><name><surname>Pfeiffer</surname><given-names>W. C.</given-names></name><name><surname>Carvalho</surname><given-names>D.</given-names></name><name><surname>Hacon</surname><given-names>S.</given-names></name><name><surname>Lacerda</surname><given-names>L. D.</given-names></name><name><surname>Pfeiffer</surname><given-names>W. C.</given-names></name><name><surname>Carvalho</surname><given-names>D.</given-names></name></person-group></element-citation></ref><ref id="B4"><element-citation publication-type="book"><source>Toxicology, The Basic Science of Poisons</source><date><year>1991</year></date><fpage>623</fpage><lpage> 680</lpage><person-group><name><surname>GOYER</surname><given-names>R. A.</given-names></name><name><surname>Amdur</surname><given-names>M.</given-names></name><name><surname>Doull</surname><given-names>J.</given-names></name><name><surname>Klaassen</surname><given-names>C.</given-names></name><name><surname>Amdur</surname><given-names>M.</given-names></name><name><surname>Doull</surname><given-names>J.</given-names></name><name><surname>Klaassen</surname><given-names>C.</given-names></name></person-group></element-citation></ref><ref id="B5"><element-citation publication-type="book"><source>Methylmercury-Environmental Health Criteria 101</source><date><year>1990</year></date></element-citation></ref><ref id="B6"><element-citation publication-type="book"><source>Physi-cal and Mental Development of Children with Prenatal Exposure to Mercury from Fish Stage 2: Interviews and Psychological Tests at Age 6</source><date><year>1989</year></date><person-group><name><surname>KJELLSTROM</surname><given-names>T.</given-names></name><name><surname>KENNEDY</surname><given-names>P.</given-names></name><name><surname>WALLIS</surname><given-names>S.</given-names></name><name><surname>STEWART</surname><given-names>A.</given-names></name><name><surname>FRIBERG</surname><given-names>L.</given-names></name><name><surname>LIND</surname><given-names>B.</given-names></name><name><surname>WUT-HERSPOON</surname><given-names>T.</given-names></name><name><surname>MANTELL</surname><given-names>C.</given-names></name><name><surname>KJELLSTROM</surname><given-names>T.</given-names></name><name><surname>KENNEDY</surname><given-names>P.</given-names></name><name><surname>WALLIS</surname><given-names>S.</given-names></name><name><surname>STEWART</surname><given-names>A.</given-names></name><name><surname>FRIBERG</surname><given-names>L.</given-names></name><name><surname>LIND</surname><given-names>B.</given-names></name><name><surname>WUT-HERSPOON</surname><given-names>T.</given-names></name><name><surname>MANTELL</surname><given-names>C.</given-names></name></person-group></element-citation></ref><ref id="B7"><element-citation publication-type="article"><article-title>Atomic absorpiton determination of total, inorganic and organic mercury in blood</article-title><source>Journal of the Association of Official Analytical Chemists</source><date><year>1989</year></date><fpage>966</fpage><lpage>971</lpage><volume>55</volume><person-group><name><surname>MAGOS</surname><given-names>L.</given-names></name><name><surname>CLARKSON</surname><given-names>T. W.</given-names></name></person-group></element-citation></ref><ref id="B8"><element-citation publication-type="article"><article-title>Mercury pollution due to gold mining in the Madeira river basin, Brazil</article-title><source>Ambio</source><date><year>1990</year></date><fpage>11</fpage><lpage>15</lpage><volume>19</volume><person-group><name><surname>MALM</surname><given-names>O.</given-names></name><name><surname>PFEIFFER</surname><given-names>W. C.</given-names></name><name><surname>SOUZA</surname><given-names>C. M. M.</given-names></name><name><surname>RETHER</surname><given-names>R.</given-names></name></person-group></element-citation></ref><ref id="B9"><element-citation publication-type="article"><article-title>Prevalence of neurological abnormality in Cree Indian exposed to methylmercury in Northern Quebec</article-title><source>Clinical &amp; Investigative Medicine</source><date><year>1983</year></date><fpage>161</fpage><lpage>169</lpage><volume>6</volume><person-group><name><surname>McKEOWN-EYSSEN</surname><given-names>G. E.</given-names></name><name><surname>RUEDY</surname><given-names>J.</given-names></name></person-group></element-citation></ref><ref id="B10"><element-citation publication-type="article"><article-title>Mercúrio via cadeia trófica na Baixada Cuiabana: ensaios preliminares</article-title><source>In: Seminário Nacional Riscos e Conseqüências do Uso do Mercúrio (S. Hacon; L. D. Lacerda; W. C. Pfeiffer &amp; D. Carvalho</source><date><year>1990</year></date><fpage>Finep/UFRJ</fpage><volume>eds.), pp. 202-210, Rio de Janeiro</volume><person-group><name><surname>OLIVEIRA</surname><given-names>E. F.</given-names></name><name><surname>SILVA</surname><given-names>E. C.</given-names></name><name><surname>OZAKI</surname><given-names>S. K.</given-names></name></person-group></element-citation></ref><ref id="B11"><element-citation publication-type="article"><article-title>A ameaça do mercúrio nos garimpos</article-title><source>Ciência Hoje</source><date><year>1990</year></date><fpage>10</fpage><lpage>12</lpage><volume>11</volume><person-group><name><surname>PFEIFFER</surname><given-names>W. C.</given-names></name><name><surname>MALM</surname><given-names>O.</given-names></name><name><surname>SOUZA</surname><given-names>C. M. M.</given-names></name><name><surname>LACERDA</surname><given-names>L. D.</given-names></name><name><surname>SILVEIRA</surname><given-names>E. G.</given-names></name></person-group></element-citation></ref><ref id="B12"><element-citation publication-type="conference"><source>Anais do</source><person-group><name><surname>SILVA-FORSBERG</surname><given-names>M. C.</given-names></name><name><surname>FORSBERG</surname><given-names>B.</given-names></name><name><surname>PIMENTEL</surname><given-names>T. P.</given-names></name><name><surname>DINIZ</surname><given-names>R.</given-names></name></person-group></element-citation></ref><ref id="B13"><element-citation publication-type="book"><source>Environmental Health Criteria 1: Mercury</source><date><year>1976</year></date></element-citation></ref></ref-list></back></article></articles>