<articles xmlns:xsi="http://www.w3.org/2001/XMLSchema-instance" xsi:schemaLocation="https://raw.githubusercontent.com/scieloorg/articles_meta/master/tests/xsd/scielo_sci/ThomsonReuters_publishing.xsd" dtd-version="1.10"><article lang_id="en" article-type="research-article"><front><journal-meta><journal-id journal-id-type="publisher">csp</journal-id><journal-title-group><journal-title>Cadernos de Saúde Pública</journal-title><abbrev-journal-title>Cad. Saúde Pública</abbrev-journal-title></journal-title-group><issn>1678-4464</issn><collection>SciELO Brazil</collection><publisher><publisher-name>Escola Nacional de Saúde Pública Sergio Arouca, Fundação Oswaldo Cruz</publisher-name></publisher></journal-meta><article-meta><unique-article-id pub-id-type="publisher-id">S0102-311X1992000300003</unique-article-id><article-id pub-id-type="publisher-id">S0102-311X1992000300003</article-id><article-id pub-id-type="doi">10.1590/S0102-311X1992000300003</article-id><article-categories><subj-group><subject>Health Policy &amp; Services</subject></subj-group></article-categories><title-group><article-title lang_id="en">New approaches to disease vector control in the context of sustainable development</article-title><trans-title-group lang_id="pt"><trans-title>Novas abordagens ao controle de vetores de doenças no contexto do desenvolvimento sustentável</trans-title></trans-title-group></title-group><contrib-group><contrib contrib-type="author"><name><surname>Bos</surname><given-names>Robert</given-names></name><role>ND</role><xref ref-type="aff" rid="A01"/></contrib></contrib-group><aff id="A01"><institution>World Health Organization</institution><country>Switzerland</country></aff><pub-date><month>09</month><year>1992</year></pub-date><volume>8</volume><issue>3</issue><fpage>240</fpage><lpage>248</lpage><permissions><license license-type="open-access" href="http://creativecommons.org/licenses/by-nc/4.0/"><license-p>This work is licensed under a Creative Commons Attribution-NonCommercial 4.0 International License.</license-p></license></permissions><self-uri href="http://www.scielo.br/scielo.php?script=sci_arttext&amp;pid=S0102-311X1992000300003&amp;lng=en&amp;tlng=en" content-type="full_text_page"/><self-uri href="http://www.scielosp.org/scielo.php?script=sci_issuetoc&amp;pid=0102-311X19920003&amp;lng=en" content-type="issue_page"/><self-uri href="http://www.scielosp.org/scielo.php?script=sci_serial&amp;pid=0102-311X&amp;lng=en" content-type="journal_page"/><abstract lang_id="en"><p>Faced with problems that are specific to the health sector and ones associated with issues of sustainability, programmes for the control of vector-borne diseases are increasingly resorting to environmental management measures to reduce populations of disease vectors as pan of an integrated control approach. The broader problems on the interface between environment and development that need to be addressed in the context of vector control include accelerated development of natural resources, demographic changes in rural populations and rapid urbanization. Disease vectors need to be recognized as biological risk factors to human health in the environment, and for a sustainable implementation of vector control measures, these should be made an integral pan of the development process. This requires modifications in the policy framework, expansion of our knowledge base, development of operational methods and techniques and a shift in emphasis in training and education.</p></abstract><trans-abstract lang_id="pt"><p>Devido a problemas específicos do setor saúde, bem como a problemas associados a questões de manutenção, os programas para o controle de doenças transmitidas por vetores estão cada vez mais retornando à adoção de práticas de manejo ambiental para reduzirem populações de vetores, como parte de uma abordagem de controle integrada. Os problemas mais gerais advindos da interface entre ambiente e desenvolvimento que necessitam ser abordados no contexto do controle de vetores incluem a acelerada exploração de recursos naturais, mudanças demográficas em populações rurais e a rápida urbanização. Os vetores de doenças devem ser reconhecidos como fatores biológicos de risco no ambiente para a saúde humana. Para uma implementação sustentável das medidas de controle de vetores, estes aspectos devem fazer parte do processo de desenvolvimento. Isto requer modificações na formulação de políticas, aumento da nossa base de conhecimento acerca destes processos, desenvolvimento de métodos e técnicas operacionais, assim como uma maior ênfase em treinamento e educação.</p></trans-abstract><kwd-group lang_id="en" kwd-group-type="author-generated"><kwd>Vector-Borne Diseases</kwd><kwd>Environment</kwd><kwd>Development Policies</kwd><kwd>Sustainable Development</kwd></kwd-group><kwd-group lang_id="pt" kwd-group-type="author-generated"><kwd>Vetores</kwd><kwd>Ambiente</kwd><kwd>Políticas de Desenvolvimento</kwd><kwd>Desenvolvimento Sustentável</kwd></kwd-group></article-meta></front><back><ref-list><ref id="B1"><element-citation publication-type="book"><source>Guidelines for the forecasting of vector-borne disease implications of water resources development</source><date><year>1989</year></date><person-group><name><surname>BIRLEY</surname><given-names>M. H.</given-names></name><name><surname>BIRLEY</surname><given-names>M. H.</given-names></name></person-group></element-citation></ref><ref id="B2"><element-citation publication-type="article"><article-title>Control of dengue vectors: Singapore's success story</article-title><source>World Health Forum</source><date><year>1987</year></date><fpage>101</fpage><lpage>102</lpage><volume>8</volume><person-group><name><surname>CHAN KAI</surname><given-names>LOK</given-names></name><name><surname>BOS</surname><given-names>R.</given-names></name></person-group></element-citation></ref><ref id="B3"><element-citation publication-type="book"><source>The impact of development policies on health</source><date><year>1990</year></date><person-group><name><surname>COOPER-WEIL</surname><given-names>D. E.</given-names></name><name><surname>ALICBUSAN</surname><given-names>A. P.</given-names></name><name><surname>WILSON</surname><given-names>J. F.</given-names></name><name><surname>REICH</surname><given-names>M. R.</given-names></name><name><surname>BRADLEY</surname><given-names>D. J.</given-names></name><name><surname>COOPER-WEIL</surname><given-names>D. E.</given-names></name><name><surname>ALICBUSAN</surname><given-names>A. P.</given-names></name><name><surname>WILSON</surname><given-names>J. F.</given-names></name><name><surname>REICH</surname><given-names>M. R.</given-names></name><name><surname>BRADLEY</surname><given-names>D. J.</given-names></name></person-group></element-citation></ref><ref id="B4"><element-citation publication-type="book"><source>Policies and programmes of governments, bilateral and mulitlateral agencies and development banks for environmental management in the context of natural resources, agriculture and health development</source><date><year>1989</year></date><person-group><name><surname>MATHER</surname><given-names>T. H.</given-names></name><name><surname>BOS</surname><given-names>R.</given-names></name><name><surname>MATHER</surname><given-names>T. H.</given-names></name><name><surname>BOS</surname><given-names>R.</given-names></name></person-group></element-citation></ref><ref id="B5"><element-citation publication-type="book"><source>Selected working papers prepared for the third, fourth, fifth and sixth meetings of the WHO/FAO/UNEP Panel of Experts on Environmental Management for Vector Control</source><date><year>1987</year></date><person-group><name><surname>MESKAL</surname><given-names>F. H.</given-names></name></person-group></element-citation></ref><ref id="B6"><element-citation publication-type="book"><source>Longitudinal studies of schistosomiasis japonica in the Philippines: the long term impact of annual chemotherapy on infection, transmission and morbidity</source><person-group><name><surname>OLVEDA</surname><given-names>R. M.</given-names></name><name><surname>DANIEL</surname><given-names>B.</given-names></name><name><surname>RAMIREZ</surname><given-names>B.</given-names></name><name><surname>FEDIVAL</surname><given-names>P.</given-names></name><name><surname>TIU</surname><given-names>E.</given-names></name><name><surname>DE VEYRA</surname><given-names>F.</given-names></name><name><surname>ACOSTA</surname><given-names>L.</given-names></name><name><surname>PETERS</surname><given-names>P.</given-names></name><name><surname>ROMULO</surname><given-names>R.</given-names></name><name><surname>DOMINGO</surname><given-names>E.</given-names></name><name><surname>OLDS</surname><given-names>G. R.</given-names></name><name><surname>OLVEDA</surname><given-names>R. M.</given-names></name><name><surname>DANIEL</surname><given-names>B.</given-names></name><name><surname>RAMIREZ</surname><given-names>B.</given-names></name><name><surname>FEDIVAL</surname><given-names>P.</given-names></name><name><surname>TIU</surname><given-names>E.</given-names></name><name><surname>DE VEYRA</surname><given-names>F.</given-names></name><name><surname>ACOSTA</surname><given-names>L.</given-names></name><name><surname>PETERS</surname><given-names>P.</given-names></name><name><surname>ROMULO</surname><given-names>R.</given-names></name><name><surname>DOMINGO</surname><given-names>E.</given-names></name><name><surname>OLDS</surname><given-names>G. R.</given-names></name></person-group></element-citation></ref><ref id="B7"><element-citation publication-type="book"><source>Our planet, our health</source><date><year>1992</year></date></element-citation></ref><ref id="B8"><element-citation publication-type="book"><source>Our common future</source><date><year>1987</year></date></element-citation></ref><ref id="B9"><element-citation publication-type="book"><source>Potential health effects of climatic change: Report of a WHO Task Group</source><date><year>1990</year></date></element-citation></ref><ref id="B10"><element-citation publication-type="undefined"><date><year>1991</year></date></element-citation></ref></ref-list></back></article></articles>