<articles xmlns:xsi="http://www.w3.org/2001/XMLSchema-instance" xsi:schemaLocation="https://raw.githubusercontent.com/scieloorg/articles_meta/master/tests/xsd/scielo_sci/ThomsonReuters_publishing.xsd" dtd-version="1.10"><article lang_id="pt" article-type="research-article"><front><journal-meta><journal-id journal-id-type="publisher">csp</journal-id><journal-title-group><journal-title>Cadernos de Saúde Pública</journal-title><abbrev-journal-title>Cad. Saúde Pública</abbrev-journal-title></journal-title-group><issn>1678-4464</issn><collection>SciELO Brazil</collection><publisher><publisher-name>Escola Nacional de Saúde Pública Sergio Arouca, Fundação Oswaldo Cruz</publisher-name></publisher></journal-meta><article-meta><unique-article-id pub-id-type="publisher-id">S0102-311X1991000100007</unique-article-id><article-id pub-id-type="publisher-id">S0102-311X1991000100007</article-id><article-id pub-id-type="doi">10.1590/S0102-311X1991000100007</article-id><article-categories><subj-group><subject>Health Policy &amp; Services</subject></subj-group></article-categories><title-group><article-title lang_id="pt">Prevalência e intensidade de infecção por Ascaris lumbricoides em amostra populacional urbana (São Paulo, SP)</article-title></title-group><contrib-group><contrib contrib-type="author"><name><surname>Ferreira</surname><given-names>Cláudio Santos</given-names></name><role>ND</role><xref ref-type="aff" rid="A01"/></contrib><contrib contrib-type="author"><name><surname>Ferreira</surname><given-names>Marcelo Urbano</given-names></name><role>ND</role><xref ref-type="aff" rid="A01"/></contrib><contrib contrib-type="author"><name><surname>Nogueira</surname><given-names>Marcos Roberto</given-names></name><role>ND</role><xref ref-type="aff" rid="A02"/></contrib></contrib-group><aff id="A01"><institution>Universidade de São Paulo</institution><country>Brazil</country></aff><aff id="A02"><institution>Universidade de São Paulo</institution><country>Brazil</country></aff><pub-date><month>03</month><year>1991</year></pub-date><volume>7</volume><issue>1</issue><fpage>82</fpage><lpage>89</lpage><permissions><license license-type="open-access" href="http://creativecommons.org/licenses/by-nc/4.0/"><license-p>This work is licensed under a Creative Commons Attribution-NonCommercial 4.0 International License.</license-p></license></permissions><self-uri href="http://www.scielo.br/scielo.php?script=sci_arttext&amp;pid=S0102-311X1991000100007&amp;lng=en&amp;tlng=en" content-type="full_text_page"/><self-uri href="http://www.scielo.br/scielo.php?script=sci_issuetoc&amp;pid=0102-311X19910001&amp;lng=en" content-type="issue_page"/><self-uri href="http://www.scielosp.org/scielo.php?script=sci_serial&amp;pid=0102-311X&amp;lng=en" content-type="journal_page"/><abstract lang_id="pt"><p>Pesquisaram-se ovos de Ascaris lumbricoides em amostras fecais de 407 moradores (8,87% do total) de uma favela da cidade de São Paulo. Realizaram-se exames qualitativos (sedimentação por gravidade) e quantitativos (técnica de Kato &amp; Miura adaptada a contagens). Discutem-se aspectos diferenciais da epidemiologia da ascaríase em áreas urbanas e rurais, com base em dados deste estudo e da literatura. Salienta-se a importância, em epidemiologia, da quantificação de exames de fezes.</p></abstract><trans-abstract lang_id="en"><p>Prevalence and intensity of Ascaris lumbricoides infections in an urban population sample (São Paulo, Brazil) Ascaris lumbricoides eggs were searched for in 407 fecal samples (8,87% of the total population) of dwellers in a slum in the City of São Paulo, Brazil. Qualitative and quantitative examinations were performed using, respectively, gravity sedimentation and Kato &amp; Miura thick smears adapted for egg-counts. Epidemiological aspects of ascariasis in urban and rural areas, inferred from the results of this investigation and data in the literature referred to, are discussed. The importance of quantitative stool examinations in Epidemiology is stressed.</p></trans-abstract><kwd-group lang_id="pt" kwd-group-type="author-generated"><kwd>Ascaríase</kwd><kwd>Coproscopia quantitativa</kwd><kwd>Helmintos intestinais</kwd></kwd-group><kwd-group lang_id="en" kwd-group-type="author-generated"><kwd>Ascariasis</kwd><kwd>Quantitative coproscopy</kwd><kwd>Intestinal helminths</kwd></kwd-group></article-meta></front><back><ref-list><ref id="B1"><element-citation publication-type="article"><article-title>Helminth infections in humans: mathematical models, population dynamics and control</article-title><source>Adv. Parasitol.</source><date><year>1985</year></date><fpage>1</fpage><lpage>101</lpage><volume>24</volume><person-group><name><surname>ANDERSON</surname><given-names>R. M.</given-names></name></person-group></element-citation></ref><ref id="B2"><element-citation publication-type="thesis"><source>Aspectos teórico-práticos do emprego da técnica de Kato &amp; Miura em coproscopia quantitativa</source><date><year>1982</year></date><person-group><name><surname>ARAÚJO</surname><given-names>C. F. M. A.</given-names></name><name><surname>ARAÚJO</surname><given-names>C. F. M. A.</given-names></name></person-group></element-citation></ref><ref id="B3"><element-citation publication-type="article"><article-title>Parasitological observations on three Bolivian localities including rural communities, cities and institutions</article-title><source>Ann. Trop. Med. Parasital.</source><date><year>1989</year></date><fpage>591</fpage><lpage>594</lpage><volume>83</volume><person-group><name><surname>CANCRINI</surname><given-names>G.</given-names></name></person-group></element-citation></ref><ref id="B4"><element-citation publication-type="article"><article-title>A quantitative approach to parasitism</article-title><source>Parasitology</source><date><year>1971</year></date><fpage>179</fpage><lpage>183</lpage><volume>62</volume><person-group><name><surname>CROFTON</surname><given-names>H. D.</given-names></name></person-group></element-citation></ref><ref id="B5"><element-citation publication-type="article"><article-title>The population bology of Ascaris lumbricoides in a rural community in Iran</article-title><source>Trans. R. Soc. Trop. Med. Hyg.</source><date><year>1982</year></date><fpage>187</fpage><lpage>197</lpage><volume>76</volume><person-group><name><surname>CROLL</surname><given-names>N. A.</given-names></name></person-group></element-citation></ref><ref id="B6"><element-citation publication-type="article"><article-title>The prevalence of ascariasis</article-title><source>Parasitol. Today</source><date><year>1988</year></date><fpage>162</fpage><lpage>169</lpage><volume>4</volume><person-group><name><surname>CROMPTON</surname><given-names>D. W. T.</given-names></name></person-group></element-citation></ref><ref id="B7"><element-citation publication-type="conference"><source>Intestinal parasites harboured by indians from Xingu, Brazil</source><date><year>1987</year></date><fpage>126</fpage><person-group><name><surname>FERREIRA</surname><given-names>C. S.</given-names></name><name><surname>FERREIRA</surname><given-names>C. S.</given-names></name></person-group></element-citation></ref><ref id="B8"><element-citation publication-type="article"><article-title>Health of the urban poor in developing countries</article-title><source>Parasitol. Today</source><fpage>320</fpage><lpage>322</lpage><volume>2</volume><person-group><name><surname>HARPHAM</surname><given-names>T.</given-names></name></person-group></element-citation></ref><ref id="B9"><element-citation publication-type="article"><article-title>The sedimentation-concentration method in scistosomiasis mansoni: Puerto Rico</article-title><source>J. Public Health Trop. Med.</source><date><year>1934</year></date><fpage>283</fpage><lpage>291</lpage><volume>9</volume><person-group><name><surname>HOFFMAN</surname><given-names>W. A.</given-names></name></person-group></element-citation></ref><ref id="B10"><element-citation publication-type="article"><source>Parasitol. Today</source><date><year>1990</year></date><fpage>143</fpage><lpage>147</lpage><volume>6</volume><person-group><name><surname>HOLLAND</surname><given-names>C. V.</given-names></name><name><surname>ASAOLU</surname><given-names>S. O.</given-names></name></person-group></element-citation></ref><ref id="B11"><element-citation publication-type="article"><article-title>Helminth fecundity: density dependence or statistical illusion?</article-title><source>Parasitol. Today</source><date><year>1987</year></date><fpage>56</fpage><lpage>58</lpage><volume>3</volume><person-group><name><surname>KEYMER</surname><given-names>A. E.</given-names></name><name><surname>SLATER</surname><given-names>A. F. G.</given-names></name></person-group></element-citation></ref><ref id="B12"><element-citation publication-type="article"><article-title>Evaluation of Kato's thick smear technique with a celophane cover for helminth eggs in feces</article-title><source>Jap. J. med. Sci. Biol.</source><date><year>1966</year></date><fpage>59</fpage><lpage>64</lpage><volume>19</volume><person-group><name><surname>KOMIYA</surname><given-names>Y</given-names></name><name><surname>KOBAYASHI</surname><given-names>A.</given-names></name></person-group></element-citation></ref><ref id="B13"><element-citation publication-type="book"><source>Medicalparasitology</source><date><year>1985</year></date><fpage>117</fpage><lpage>118</lpage><person-group><name><surname>LEVENTHAL</surname><given-names>R.</given-names></name><name><surname>CHEADLE</surname><given-names>R. F.</given-names></name><name><surname>LEVENTHAL</surname><given-names>R.</given-names></name><name><surname>CHEADLE</surname><given-names>R. F.</given-names></name></person-group></element-citation></ref><ref id="B14"><element-citation publication-type="article"><article-title>The prevalence and intensity of Ascaris lumbricoides infections in Moslen children from northern Bangladesh</article-title><source>Trans. R. Soc. Trop. Med. Hyg.</source><date><year>1983</year></date><fpage>497</fpage><lpage>504</lpage><volume>37</volume><person-group><name><surname>MARTIN</surname><given-names>J.</given-names></name></person-group></element-citation></ref><ref id="B15"><element-citation publication-type="article"><article-title>A note on egg production of Ascaris lumbricoides</article-title><source>J. Parasital.</source><date><year>1974</year></date><fpage>380</fpage><lpage>81</lpage><volume>60</volume><person-group><name><surname>MELLO</surname><given-names>D. A.</given-names></name></person-group></element-citation></ref><ref id="B16"><element-citation publication-type="article"><article-title>Frequency distributions of parasites of three-spined stickeblacks, Gasterosteus aculeatus L., with particular reference to the negative binomial distribution</article-title><source>Parasitology</source><date><year>1971</year></date><fpage>389</fpage><lpage>406</lpage><volume>63</volume><person-group><name><surname>PENNYCUICK</surname><given-names>L.</given-names></name></person-group></element-citation></ref><ref id="B17"><element-citation publication-type="undefined"><date><year>1982</year></date><fpage>838</fpage><person-group><name><surname>PESSOA</surname><given-names>S. B.</given-names></name><name><surname>MARTINS</surname><given-names>A. V.</given-names></name><name><surname>PESSOA</surname><given-names>S. B.</given-names></name><name><surname>MARTINS</surname><given-names>A. V.</given-names></name></person-group></element-citation></ref><ref id="B18"><element-citation publication-type="book"><source>Medical parasitology</source><date><year>1989</year></date><fpage>262</fpage><person-group><name><surname>PIEKARSKI</surname><given-names>G</given-names></name><name><surname>PIEKARSKI</surname><given-names>G</given-names></name></person-group></element-citation></ref><ref id="B19"><element-citation publication-type="book"><source>Ensaios sobre a urbanização latino-americana</source><date><year>1982</year></date><person-group><name><surname>SANTOS</surname><given-names>M.</given-names></name><name><surname>SANTOS</surname><given-names>M.</given-names></name></person-group></element-citation></ref><ref id="B20"><element-citation publication-type="book"><source>Pobreza urbana</source><date><year>1979</year></date><person-group><name><surname>SANTOS</surname><given-names>M.</given-names></name><name><surname>SANTOS</surname><given-names>M.</given-names></name></person-group></element-citation></ref><ref id="B21"><element-citation publication-type="book"><source>The impact of helminth infections on human nutrition</source><date><year>1987</year></date><fpage>89</fpage><lpage>90</lpage><person-group><name><surname>STEPHENSON</surname><given-names>L.</given-names></name><name><surname>HOLLAND</surname><given-names>C.</given-names></name><name><surname>STEPHENSON</surname><given-names>L.</given-names></name><name><surname>HOLLAND</surname><given-names>C.</given-names></name></person-group></element-citation></ref><ref id="B22"><element-citation publication-type="article"><article-title>Perfil epidemiológico das parasitoses intestinais no município de Maringá, Paraná</article-title><source>Ci. Cult.</source><date><year>1988</year></date><fpage>698</fpage><lpage>703</lpage><volume>40</volume><person-group><name><surname>TEODORO</surname><given-names>U.</given-names></name></person-group></element-citation></ref><ref id="B23"><element-citation publication-type="article"><article-title>Epidemiology and transmission dynamics of Ascaris lumbricoides in Okpo village, rural Burma</article-title><source>Trans. R. Soc. Trop. Med. Hyg.</source><date><year>1984</year></date><fpage>497</fpage><lpage>504</lpage><volume>78</volume></element-citation></ref><ref id="B24"><element-citation publication-type="book"><source>Prevention and control of intestinal parasitic infections</source><date><year>1987</year></date></element-citation></ref><ref id="B25"><element-citation publication-type="book"><source>Intestinal protozoan and helminth infections</source><date><year>1981</year></date></element-citation></ref></ref-list></back></article></articles>