<articles xmlns:xsi="http://www.w3.org/2001/XMLSchema-instance" xsi:schemaLocation="https://raw.githubusercontent.com/scieloorg/articles_meta/master/tests/xsd/scielo_sci/ThomsonReuters_publishing.xsd" dtd-version="1.10"><article lang_id="pt" article-type="research-article"><front><journal-meta><journal-id journal-id-type="publisher">csp</journal-id><journal-title-group><journal-title>Cadernos de Saúde Pública</journal-title><abbrev-journal-title>Cad. Saúde Pública</abbrev-journal-title></journal-title-group><issn>1678-4464</issn><collection>SciELO Brazil</collection><publisher><publisher-name>Escola Nacional de Saúde Pública Sergio Arouca, Fundação Oswaldo Cruz</publisher-name></publisher></journal-meta><article-meta><unique-article-id pub-id-type="publisher-id">S0102-311X1991000400007</unique-article-id><article-id pub-id-type="publisher-id">S0102-311X1991000400007</article-id><article-id pub-id-type="doi">10.1590/S0102-311X1991000400007</article-id><article-categories><subj-group><subject>Health Policy &amp; Services</subject></subj-group></article-categories><title-group><article-title lang_id="pt">A situação de saúde dos índios Yanomámi: diagnóstico a partir da casa do índio de Boa Vista, Roraima, 1987 - 1989</article-title><trans-title-group lang_id="en"><trans-title>The health status of Yanomámi Indians: diagnosis from the Casa do Índio, Boa Vista, Roraima, 1987 — 1989</trans-title></trans-title-group></title-group><contrib-group><contrib contrib-type="author"><name><surname>Pithan</surname><given-names>Oneron A.</given-names></name><role>ND</role><xref ref-type="aff" rid="A01"/></contrib><contrib contrib-type="author"><name><surname>Confalonieri</surname><given-names>Ulisses E. C.</given-names></name><role>ND</role><xref ref-type="aff" rid="A02"/></contrib><contrib contrib-type="author"><name><surname>Morgado</surname><given-names>Anastácio F.</given-names></name><role>ND</role><xref ref-type="aff" rid="A03"/></contrib></contrib-group><aff id="A01"><institution>Ministério da Saúde</institution><country>Brazil</country></aff><aff id="A03"><institution>Ensp/Fiocruz</institution></aff><aff id="A02"><institution>Escola Nacional de Saúde Pública (Ensp/Fiocruz)</institution><country>Brasil</country></aff><pub-date><month>12</month><year>1991</year></pub-date><volume>7</volume><issue>4</issue><fpage>563</fpage><lpage>580</lpage><permissions><license license-type="open-access" href="http://creativecommons.org/licenses/by-nc/4.0/"><license-p>This work is licensed under a Creative Commons Attribution-NonCommercial 4.0 International License.</license-p></license></permissions><self-uri href="http://www.scielo.br/scielo.php?script=sci_arttext&amp;pid=S0102-311X1991000400007&amp;lng=en&amp;tlng=en" content-type="full_text_page"/><self-uri href="http://www.scielo.br/scielo.php?script=sci_issuetoc&amp;pid=0102-311X19910004&amp;lng=en" content-type="issue_page"/><self-uri href="http://www.scielosp.org/scielo.php?script=sci_serial&amp;pid=0102-311X&amp;lng=en" content-type="journal_page"/><abstract lang_id="pt"><p>Relata-se a evolução dos perfis de morbidade de índios da etnia Yanomámi atendidos na Casa do Índio na cidade de Boa Vista, Roraima, no período de janeiro de 1987 a agosto de 1989. Dentre 495 internações, constatou-se que os principais agravos observados foram, em ordem descrescente, a malária, as infecções respiratórias agudas, a tuberculose, a desnutrição grave e as doenças sexualmente transmissíveis. Dentre os 114 óbitos, a malária foi a causa principal nos três anos estudados. Foi observado um aumento importante na freqüência das internações de pacientes provenientes das áreas com maior concentração de garimpos de ouro. Discute-se o impacto global da invasão garimpeira na qualidade de vida e nos níveis de saúde da população Yanomámi.</p></abstract><trans-abstract lang_id="en"><p>The change in the morbidity profile of the Yanomámi Indians admitted to the Casa do Índio, at Boa Vista, Roraima, from January 1987 to August 1989, is reported. The most frequent diseases observed in 495 patients were malaria, acute respiratory infections, tuberculosis, severe under nutrition, and sexually transmitted diseases. Malaria was the main cause of death of 114 Indians throughout the period. A striking increase in hospital admissions was noted in the population from the villages which were in closer contact with gold miners. The global impact of the invasion of the Yanomámi territory by miners on the quality of life and health levels of the Yanomámi is discussed.</p></trans-abstract></article-meta></front><back><ref-list><ref id="B1"><element-citation publication-type="book"><source>Boas Novas e Ericó: Relatório de Viagem</source><date><day>17</day><month>06</month><year>1982</year></date><fpage>9</fpage><person-group><name><surname>BRANDO</surname><given-names>R. B.</given-names></name><name><surname>BRANDO</surname><given-names>R. B.</given-names></name></person-group></element-citation></ref><ref id="B2"><element-citation publication-type="thesis"><source>Estudo da Pressão Arterial de Índios Yanomámi</source><date><year>1985</year></date><person-group><name><surname>CARVALHO</surname><given-names>J. J. M.</given-names></name><name><surname>CARVALHO</surname><given-names>J. J. M.</given-names></name></person-group></element-citation></ref><ref id="B3"><element-citation publication-type="article"><article-title>Blood pressure is directly related to the degree of acculturation among primitive Yanomamo Indians</article-title><source>Circulation</source><date><year>1985</year></date><volume>72</volume><person-group><name><surname>CARVALHO</surname><given-names>J. J. M.</given-names></name><name><surname>LIMA</surname><given-names>J. A. C.</given-names></name><name><surname>CARVALHO</surname><given-names>J. V.</given-names></name><name><surname>SOUZA</surname><given-names>C. A. M.</given-names></name></person-group></element-citation></ref><ref id="B4"><element-citation publication-type="book"><source>Relatórios de Saúde CCPY: Trabalhos médicos e odontológicos na área Yanomámi de 1985 a 1987</source><volume>183</volume></element-citation></ref><ref id="B5"><element-citation publication-type="book"><source>Dez Anos de Trabalho</source><date><year>1987</year></date><fpage>80</fpage></element-citation></ref><ref id="B6"><element-citation publication-type="book"><source>Biomedical Challenges presented by the American Indian</source><date><year>1968</year></date><fpage>7</fpage><lpage>81</lpage><person-group><name><surname>CERTERWALL</surname><given-names>W. R.</given-names></name></person-group></element-citation></ref><ref id="B7"><element-citation publication-type="book"><source>The Health and Survival of the Venezuelan Yanomama</source><fpage>104</fpage><person-group><name><surname>COLCHESTER</surname><given-names>M.</given-names></name><name><surname>COLCHESTER</surname><given-names>M.</given-names></name></person-group></element-citation></ref><ref id="B8"><element-citation publication-type="article"><article-title>Enteroparasitos em índios Yanomámi</article-title><source>Memórias do Instituto Oswaldo Cruz</source><date><year>1989</year></date><fpage>111</fpage><lpage>113</lpage><volume>84</volume><person-group><name><surname>CONFALONIERI</surname><given-names>U. E. C.</given-names></name><name><surname>FERREIRA</surname><given-names>L. F.</given-names></name><name><surname>ARAUJO</surname><given-names>J. A.</given-names></name></person-group></element-citation></ref><ref id="B9"><element-citation publication-type="book"><source>Yanomámi: a todos os povos da terra</source><date><year>1990</year></date><fpage>29</fpage><lpage>33</lpage><person-group><name><surname>CONFALONIERI</surname><given-names>U. E. C.</given-names></name></person-group></element-citation></ref><ref id="B10"><element-citation publication-type="book"><source>Dados e Sugestões para um Programa de Assistência de Saúde na área Indígena Yanomámi</source><date><year>1984</year></date><fpage>66</fpage></element-citation></ref><ref id="B11"><element-citation publication-type="book"><source>Situação Sanitária dos Yanomámi do Paapiú</source><date><year>1990</year></date><fpage>9</fpage><person-group><name><surname>MENEGOLA</surname><given-names>I. A.</given-names></name><name><surname>ALBERT</surname><given-names>B.</given-names></name><name><surname>MENEGOLA</surname><given-names>I. A.</given-names></name><name><surname>ALBERT</surname><given-names>B.</given-names></name></person-group></element-citation></ref><ref id="B12"><element-citation publication-type="article"><article-title>Onchocerciasis in Brazil: New Findings among the Yanomama Indians</article-title><source>Bulletin of Pan American Health Organization</source><date><year>1974</year></date><fpage>95</fpage><lpage>99</lpage><volume>8</volume><person-group><name><surname>MORAES</surname><given-names>M. A. P.</given-names></name><name><surname>CHAVES</surname><given-names>G. M.</given-names></name></person-group></element-citation></ref><ref id="B13"><element-citation publication-type="article"><article-title>Novas Observações sobre o foco de Oncocercose da Área do Rio Toototobi, Estado do Amazonas, Brasil</article-title><source>Boletin de la Oficina Sanitária Panamericana</source><date><year>1978</year></date><fpage>510</fpage><lpage>519</lpage><volume>84</volume><person-group><name><surname>MORAES</surname><given-names>M. A. P.</given-names></name><name><surname>CHAVES</surname><given-names>G. M.</given-names></name></person-group></element-citation></ref><ref id="B14"><element-citation publication-type="article"><article-title>Notes on the effect of meales vaccine in a virgin-soil population of South American Indians</article-title><source>American Journal of Epidemiology</source><date><year>1970</year></date><fpage>418</fpage><lpage>419</lpage><volume>91</volume><person-group><name><surname>NELL</surname><given-names>J. W. V.</given-names></name></person-group></element-citation></ref><ref id="B15"><element-citation publication-type="article"><article-title>Blood pressure, Sodium Intake, and Sodium Related Hormones in the Yanomamo Indians, a "no-salt" Culture</article-title><source>Circulation</source><date><year>1975</year></date><fpage>146</fpage><lpage>151</lpage><volume>52</volume><person-group><name><surname>OLIVER</surname><given-names>W. J.</given-names></name><name><surname>COHEN</surname><given-names>E. L.</given-names></name><name><surname>NEEL</surname><given-names>J. V.</given-names></name></person-group></element-citation></ref><ref id="B16"><element-citation publication-type="book"><source>A Situação de Saúde dos Índios Yanomámi: Diagnóstico a partir da Casa do índio de Boa Vista, Roraima, 1987/1989</source><date><year>1989</year></date><fpage>16</fpage><person-group><name><surname>PITHAN</surname><given-names>O. A.</given-names></name><name><surname>PITHAN</surname><given-names>O. A.</given-names></name></person-group></element-citation></ref><ref id="B17"><element-citation publication-type="conference"><source>A Situação de Saúde dos Yanomámi de Roraima</source><date><year>1989</year></date><fpage>7</fpage><person-group><name><surname>PITHAN</surname><given-names>O. A.</given-names></name></person-group></element-citation></ref><ref id="B18"><element-citation publication-type="book"><source>Atención Primaria de Salud en el Alto Orinoco: Area de Influencia Yanomámi</source><fpage>28</fpage></element-citation></ref><ref id="B19"><element-citation publication-type="book"><source>Informe Anual de Actividade: Año 1986</source><date><year>1986</year></date><fpage>10</fpage></element-citation></ref><ref id="B20"><element-citation publication-type="book"><source>Informe Anual de Actividades: Año 1988</source><date><year>1990</year></date><fpage>6</fpage></element-citation></ref><ref id="B21"><element-citation publication-type="article"><article-title>Estimativa quantitativa da resposta à clortetraciclina em um caso grave de desinteria por Balatidium coli</article-title><source>Acta Amazonica</source><date><year>1976</year></date><fpage>47</fpage><lpage>49</lpage><volume>7</volume><person-group><name><surname>REES</surname><given-names>R. G. P.</given-names></name><name><surname>SHELLEY</surname><given-names>A. J.</given-names></name></person-group></element-citation></ref><ref id="B22"><element-citation publication-type="article"><article-title>Hepatitis - B Atingen in an Isolated Indian Population (Yanomámi Indians) From Southern Venezuela</article-title><source>Revista Brasileira de Pesquisas Médicas e Biológicas</source><date><year>1976</year></date><fpage>247</fpage><lpage>253</lpage><volume>9</volume><person-group><name><surname>SOYANO</surname><given-names>A.</given-names></name><name><surname>MALAVÊ</surname><given-names>R.</given-names></name><name><surname>WALDER</surname><given-names>R.</given-names></name><name><surname>LAYRISSE</surname><given-names>Z.</given-names></name><name><surname>LAYRISSE</surname><given-names>M.</given-names></name></person-group></element-citation></ref></ref-list></back></article></articles>