<articles xmlns:xsi="http://www.w3.org/2001/XMLSchema-instance" xsi:schemaLocation="https://raw.githubusercontent.com/scieloorg/articles_meta/master/tests/xsd/scielo_sci/ThomsonReuters_publishing.xsd" dtd-version="1.10"><article lang_id="es" article-type="research-article"><front><journal-meta><journal-id journal-id-type="publisher">csp</journal-id><journal-title-group><journal-title>Cadernos de Saúde Pública</journal-title><abbrev-journal-title>Cad. Saúde Pública</abbrev-journal-title></journal-title-group><issn>1678-4464</issn><collection>SciELO Public Health</collection><publisher><publisher-name>Escola Nacional de Saúde Pública Sergio Arouca, Fundação Oswaldo Cruz</publisher-name></publisher></journal-meta><article-meta><unique-article-id pub-id-type="publisher-id">S0102-311X1987000400005</unique-article-id><article-id pub-id-type="publisher-id">S0102-311X1987000400005</article-id><article-id pub-id-type="doi">10.1590/S0102-311X1987000400005</article-id><article-categories><subj-group><subject>Health Policy &amp; Services</subject></subj-group></article-categories><title-group><article-title lang_id="es">Los servicios de atención en el periodo neonatal en América Latina</article-title></title-group><contrib-group><contrib contrib-type="author"><name><surname>Suárez Ojeda</surname><given-names>E. N.</given-names></name><role>ND</role><xref ref-type="aff" rid="A01"/></contrib></contrib-group><aff id="A01"><institution>OMS</institution><country>Argentina</country></aff><pub-date><month>12</month><year>1987</year></pub-date><volume>3</volume><issue>4</issue><fpage>426</fpage><lpage>443</lpage><permissions><license license-type="open-access" href="http://creativecommons.org/licenses/by/4.0/"><license-p>This work is licensed under a Creative Commons Attribution 4.0 International License.</license-p></license></permissions><self-uri href="http://www.scielosp.org/scielo.php?script=sci_arttext&amp;pid=S0102-311X1987000400005&amp;lng=en&amp;tlng=en" content-type="full_text_page"/><self-uri href="http://www.scielosp.org/scielo.php?script=sci_issuetoc&amp;pid=0102-311X19870004&amp;lng=en" content-type="issue_page"/><self-uri href="http://www.scielosp.org/scielo.php?script=sci_serial&amp;pid=0102-311X&amp;lng=en" content-type="journal_page"/><abstract lang_id="es"><p>En este documento se aplica el instrumento conocido como Condiciones de Eficiencia de Servicios, a los servicios de Neonatología de seis partes de América Latina. Además, se aplica una lista de preguntas específicas sobre aspectos de la relación Madre-Hijo que incluyó veinte de los servicios tomados con las Condiciones de Eficiencia. Se concluye que la atención neonatal en A. Latina es dificitaria, ya que en promedio, está por debajo de la mitad de las condiciones aceptables del cuidado del Recién Nacido. Solo em dos de las seis partes los servicios sobrepasaban el 50%. Los aspectos más deprimidos se identificaron en Educación para la Salud y Programación y Administración. En contra de lo frecuentemente expresado, los aspectos más costosos de la atención neonatal (Equipo y Planta Física) estaban mejor cubiertos. Por ello, se recomenda que el énfasis debe ponerse en el mejoramiento de organización y en la promoción de cambios de actitud del personal En cuanto a relación Madre-Hijo, se advirtió que la mayoría de los servicios no han incorporado principios básicos de la misma en las prácticas de atención perinatal.</p></abstract><trans-abstract lang_id="en"><p>The thecnique known as Services' Efficiency Conditions is employed to Neo Natal Services in six areas of Latin America. Furthermore, a ist of specific questions about mother and child relationships is applied to twenty of the forementioned services. Neo Natal Care in Latin America is regarded as deficient, considering that, on average, the acceptable conditions for Newborn's Care is under 50%. This level is only exceed in two out of the six areas. The most depressed items are Health Education and Programming and Administration. Contrary to what is commoonly expressed, the most expensive costs of Neo Natal Care (Equipment and Physical Plant) were better covered. Therefore, it is recommended that the emphasis should be put on organizational improvement and attitudinal changes of the staff. Regarding to Mother and Child relationship, it is warned that most of the services have not embodied basic principles about it in their practices of Perinatal Care.</p></trans-abstract></article-meta></front><back><ref-list><ref id="B1"><element-citation publication-type="book"><source>Coverage of Maternity Care</source><date><year>1985</year></date></element-citation></ref></ref-list></back></article></articles>