<articles xmlns:xsi="http://www.w3.org/2001/XMLSchema-instance" xsi:schemaLocation="https://raw.githubusercontent.com/scieloorg/articles_meta/master/tests/xsd/scielo_sci/ThomsonReuters_publishing.xsd" dtd-version="1.10"><article lang_id="pt" article-type="research-article"><front><journal-meta><journal-id journal-id-type="publisher">csp</journal-id><journal-title-group><journal-title>Cadernos de Saúde Pública</journal-title><abbrev-journal-title>Cad. Saúde Pública</abbrev-journal-title></journal-title-group><issn>1678-4464</issn><collection>SciELO Public Health</collection><publisher><publisher-name>Escola Nacional de Saúde Pública Sergio Arouca, Fundação Oswaldo Cruz</publisher-name></publisher></journal-meta><article-meta><unique-article-id pub-id-type="publisher-id">S0102-311X1990000400004</unique-article-id><article-id pub-id-type="publisher-id">S0102-311X1990000400004</article-id><article-id pub-id-type="doi">10.1590/S0102-311X1990000400004</article-id><article-categories><subj-group><subject>Health Policy &amp; Services</subject></subj-group></article-categories><title-group><article-title lang_id="pt">Justiça social no domínio da saúde</article-title></title-group><contrib-group><contrib contrib-type="author"><name><surname>Pereira</surname><given-names>João</given-names></name><role>ND</role><xref ref-type="aff" rid="A01"/></contrib></contrib-group><aff id="A01"><institution>Escola Nacional de Saúde Pública</institution><country>Brazil</country></aff><pub-date><month>12</month><year>1990</year></pub-date><volume>6</volume><issue>4</issue><fpage>400</fpage><lpage>421</lpage><permissions><license license-type="open-access" href="http://creativecommons.org/licenses/by/4.0/"><license-p>This work is licensed under a Creative Commons Attribution 4.0 International License.</license-p></license></permissions><self-uri href="http://www.scielosp.org/scielo.php?script=sci_arttext&amp;pid=S0102-311X1990000400004&amp;lng=en&amp;tlng=en" content-type="full_text_page"/><self-uri href="http://www.scielosp.org/scielo.php?script=sci_issuetoc&amp;pid=0102-311X19900004&amp;lng=en" content-type="issue_page"/><self-uri href="http://www.scielosp.org/scielo.php?script=sci_serial&amp;pid=0102-311X&amp;lng=en" content-type="journal_page"/><abstract lang_id="pt"><p>No debate europeu sobre eqüidade na saúde uma questão fundamental tem recebido fraca atenção por parte dos investigadores. Trata-se da especificação dos objetivos de determinado sistema de saúde e da forma como podem ser interpretados para permitir a monitorização de políticas. Este artigo passa em revista atuais e potenciais contribuições para esta área de estudo. Adota como perspectiva que o significado de eqüidade na saúde depende, de forma crucial, da maneira como se define o conceito de justiça social, e que este, por sua vez, depende de juízos de valor ou pontos de vista da sociedade, tal como articulados por indivíduos, grupos ou governos. Esta abordagem permite-nos escolher racionalmente as regras de distribuição que melhor se adaptam ao conjunto de valores duma sociedade e, subseqüentemente, aplicá-las como escala de medição para avaliar o sucesso da política de saúde. Após uma exposição sumária da abordagem, a parte principal do artigo discute três teorias concorrentes da sociedade - a Libertária, a Liberal e a Socialista-Democrática - bem como as principais regras de distribuição delas decorrentes. Estas últimas, propostas na literatura econômica e filosófica, são analisadas criticamente. A parte final do artigo avança com algumas conclusões e caminhos para investigação futura.</p></abstract><trans-abstract lang_id="en"><p>In the European debate on equity in health and health care a crucial question has received scant consideration. It concerns the precise specification of a health system's objectives and the manner by which they can be suitably interpreted to permit monitoring of implemented policies. This article is an attempt to review actual and potential contributions to this area of study. It adopts the view that the meaning of equity in the health domain depends crucially on how social justice is defined and that this in turn depends on value judgements or the views of society held by individuals, groups or governments. Such an approach allows one to choose principles of distribution which are in agreement with a society's value set and subsequently to apply them as the correct yardstick for measuring the success of policy. Following an initial exposition of the approach, the main body of the article discusses the question of competing theories of society - Libertarian, Liberal and Democratic Socialist - and appraises the various distribution principles, to be found in the economic and philosophical literature, which they imply. The final section offers some brief conclusions and avenues for further research.</p></trans-abstract></article-meta></front><back><ref-list><ref id="B1"><element-citation publication-type="book"><source>Social Justice and Public Policy</source><date><year>1982</year></date><person-group><name><surname>ATKINSON</surname><given-names>A. B.</given-names></name><name><surname>ATKINSON</surname><given-names>A. B.</given-names></name></person-group></element-citation></ref></ref-list></back></article></articles>