<articles xmlns:xsi="http://www.w3.org/2001/XMLSchema-instance" xsi:schemaLocation="https://raw.githubusercontent.com/scieloorg/articles_meta/master/tests/xsd/scielo_sci/ThomsonReuters_publishing.xsd" dtd-version="1.10"><article lang_id="pt" article-type="research-article"><front><journal-meta><journal-id journal-id-type="publisher">csp</journal-id><journal-title-group><journal-title>Cadernos de Saúde Pública</journal-title><abbrev-journal-title>Cad. Saúde Pública</abbrev-journal-title></journal-title-group><issn>1678-4464</issn><collection>SciELO Brazil</collection><publisher><publisher-name>Escola Nacional de Saúde Pública Sergio Arouca, Fundação Oswaldo Cruz</publisher-name></publisher></journal-meta><article-meta><unique-article-id pub-id-type="publisher-id">S0102-311X1992000100009</unique-article-id><article-id pub-id-type="publisher-id">S0102-311X1992000100009</article-id><article-id pub-id-type="doi">10.1590/S0102-311X1992000100009</article-id><article-categories><subj-group><subject>Health Policy &amp; Services</subject></subj-group></article-categories><title-group><article-title lang_id="pt">Desnutrição em crianças de áreas faveladas: Manguinhos, Rio de Janeiro</article-title><trans-title-group lang_id="en"><trans-title>Undernutrition in children from areas of urban slums: Manguinhos, Rio de Janeiro</trans-title></trans-title-group></title-group><contrib-group><contrib contrib-type="author"><name><surname>Batista Filho</surname><given-names>Malaquias</given-names></name><role>ND</role><xref ref-type="aff" rid="A01"/></contrib><contrib contrib-type="author"><name><surname>Silva</surname><given-names>Denise O.</given-names></name><role>ND</role><xref ref-type="aff" rid="A02"/></contrib><contrib contrib-type="author"><name><surname>Sousa</surname><given-names>Helena</given-names></name><role>ND</role><xref ref-type="aff" rid="A02"/></contrib></contrib-group><aff id="A01"><institution>Instituto Materno Infantil de Pernambuco</institution><country>Brazil</country></aff><aff id="A02"><institution>Fundação Oswaldo Cruz</institution><country>Brazil</country></aff><pub-date><month>03</month><year>1992</year></pub-date><volume>8</volume><issue>1</issue><fpage>69</fpage><lpage>76</lpage><permissions><license license-type="open-access" href="http://creativecommons.org/licenses/by-nc/4.0/"><license-p>This work is licensed under a Creative Commons Attribution-NonCommercial 4.0 International License.</license-p></license></permissions><self-uri href="http://www.scielo.br/scielo.php?script=sci_arttext&amp;pid=S0102-311X1992000100009&amp;lng=en&amp;tlng=en" content-type="full_text_page"/><self-uri href="http://www.scielo.br/scielo.php?script=sci_issuetoc&amp;pid=0102-311X19920001&amp;lng=en" content-type="issue_page"/><self-uri href="http://www.scielosp.org/scielo.php?script=sci_serial&amp;pid=0102-311X&amp;lng=en" content-type="journal_page"/><abstract lang_id="pt"><p>Utilizando-se de dados de peso e altura coletados em um Dia Nacional de Vacinação, os autores estudaram o estado de nutrição de crianças residentes em cinco áreas faveladas na área de Manguinhos, no Rio de Janeiro. Mediante o emprego das classificações de Gomez (relação peso/idade), Ariza-Macias (relação peso/altura) e Seoane-Latham modificada (peso/altura e altura/idade), evidenciaram que a prevalência da desnutrição em crianças apresentou, provavelmente, um acentuado declínio nos últimos 13 anos. O grupo de crianças de seis a doze meses de vida constituiria, segundo o levantamento, a faixa etária mais exposta à desnutrição, em sua fase patogênica. A partir desta idade, os déficits antropométricos seriam do tipo seqüelas, refletindo a chamada desnutrição pregressa.</p></abstract><trans-abstract lang_id="en"><p>The authors studied the nutritional status of children from five slums in the Manguinhos area, Rio de Janeiro, using information on weight and heigth collected in one of the "National Vaccination Days". Using Gomez (weigth-for-age relationship), Ariza Macias (weight-for-height relationship) and Seoane-Latham's (height-for-age and weight-for-height relationship) modified classifications, they have shown that the prevalence of malnutrition in children probably presented an important decline in the last 13 years. The group of children aged 6 to 12 months would constitute the age-group most exposed to malnutrition, in its pathogenic phase. After this age, the anthropometric deficits would be mostly in the form of sequels reflecting the so-called previous malnutrition.</p></trans-abstract><kwd-group lang_id="pt" kwd-group-type="author-generated"><kwd>Desnutrição</kwd><kwd>Epidemiologia</kwd><kwd>Antropometria</kwd><kwd>Favelas</kwd></kwd-group><kwd-group lang_id="en" kwd-group-type="author-generated"><kwd>Undernutrition</kwd><kwd>Epidemiology</kwd><kwd>Anthropometry</kwd><kwd>Urbam Slums</kwd></kwd-group></article-meta></front><back><ref-list><ref id="B1"><element-citation publication-type="article"><article-title>Método para la evaluación del crecimiento de hombres y mujeres desde el nascimiento hasta los 20 años, para uso del nivel nacional e internacional</article-title><source>Archivos Latinoamericanos de Nutrición</source><date><year>1972</year></date><fpage>531</fpage><volume>22</volume><person-group><name><surname>ARIZA-MACIAS</surname><given-names>J.</given-names></name></person-group></element-citation></ref><ref id="B2"><element-citation publication-type="thesis"><source>Prevalência e Estágios da Desnutrição Protéico-Calórica em Crianças da Cidade de São Paulo, São Paulo</source><date><year>1976</year></date><person-group><name><surname>BATISTA FILHO</surname><given-names>M.</given-names></name><name><surname>BATISTA FILHO</surname><given-names>M.</given-names></name></person-group></element-citation></ref><ref id="B3"><element-citation publication-type="article"><article-title>Desnutrição energético-protéica em 3 capitais brasileiras: São Luís, Recife e São Paulo</article-title><source>Boletin de la Oficina Sanitária Panamericana</source><date><year>1981</year></date><fpage>48</fpage><lpage>57</lpage><volume>90</volume><person-group><name><surname>BATISTA FILHO</surname><given-names>M.</given-names></name><name><surname>LUCENA</surname><given-names>M. A. F.</given-names></name><name><surname>COELHO</surname><given-names>H. A. L.</given-names></name></person-group></element-citation></ref><ref id="B4"><element-citation publication-type="book"><source>Estudo Nacional de Despesas Familiares (Endef): Consumo alimentar e antropometria</source><date><year>1977</year></date></element-citation></ref><ref id="B5"><element-citation publication-type="book"><source>Perfil de Mães e Crianças no Brasil: Aspectos Nutricionais: 1974-75</source><date><year>1983</year></date></element-citation></ref><ref id="B6"><element-citation publication-type="article"><article-title>Mortality in Second and Third Degree Malnutrition</article-title><source>The Journal of Tropical Pediatrics</source><date><year>1956</year></date><fpage>77</fpage><lpage>83</lpage><volume>2</volume><person-group><name><surname>GOMEZ</surname><given-names>F.</given-names></name></person-group></element-citation></ref><ref id="B7"><element-citation publication-type="article"><article-title>Physical growth: NCHS percentiles</article-title><source>American Journal of Clinical Nutrition</source><date><year>1979</year></date><fpage>607</fpage><lpage>29</lpage><volume>32</volume><person-group><name><surname>HAMILL</surname><given-names>P. V.</given-names></name><name><surname>DRIZD</surname><given-names>T. A.</given-names></name><name><surname>JOHNSON</surname><given-names>C. L.</given-names></name><name><surname>REED</surname><given-names>R. B.</given-names></name><name><surname>ROCHE</surname><given-names>A. F.</given-names></name><name><surname>MOORE</surname><given-names>W. M.</given-names></name></person-group></element-citation></ref><ref id="B8"><element-citation publication-type="book"><source>Manual para avaliação antropométrica do estado nutricional de crianças até 7 anos de idade</source><date><year>1983</year></date><person-group><name><surname>HORNER</surname><given-names>R. M.</given-names></name><name><surname>LUSTOSA</surname><given-names>Q. O.</given-names></name><name><surname>HORNER</surname><given-names>R. M.</given-names></name><name><surname>LUSTOSA</surname><given-names>Q. O.</given-names></name></person-group></element-citation></ref><ref id="B9"><element-citation publication-type="book"><source>Pesquisa Nacional de Saúde e Nutrição: Resultados preliminares</source><date><year>1990</year></date></element-citation></ref><ref id="B10"><element-citation publication-type="book"><source>The assessment of the nutritional status of the community</source><date><year>1966</year></date><person-group><name><surname>JELLIFFE</surname><given-names>D. B.</given-names></name><name><surname>JELLIFFE</surname><given-names>D. B.</given-names></name></person-group></element-citation></ref><ref id="B11"><element-citation publication-type="article"><article-title>Nanismo por Deficiência Nutricional</article-title><source>Jornal de Pediatria</source><date><year>1974</year></date><fpage>58</fpage><lpage>64</lpage><volume>39</volume><person-group><name><surname>MARCONDES</surname><given-names>E.</given-names></name></person-group></element-citation></ref><ref id="B12"><element-citation publication-type="article"><article-title>Nutritional status of children of urban low income communities, Brazil (1986)</article-title><source>Revista de Saúde Pública</source><date><year>1989</year></date><fpage>89</fpage><lpage>97</lpage><volume>23</volume><person-group><name><surname>MOLINA</surname><given-names>M. C. B.</given-names></name><name><surname>GROSS</surname><given-names>R.</given-names></name><name><surname>SHELL</surname><given-names>E. B.</given-names></name><name><surname>COELHO</surname><given-names>H. A. L.</given-names></name><name><surname>STRACK</surname><given-names>U.</given-names></name><name><surname>BRUNKEN</surname><given-names>B.</given-names></name></person-group></element-citation></ref><ref id="B13"><element-citation publication-type="book"><source>Saúde e Nutrição das Crianças de São Paulo</source><date><year>1988</year></date><fpage>93</fpage><lpage>106</lpage><person-group><name><surname>MONTEIRO</surname><given-names>C. A.</given-names></name><name><surname>Monteiro</surname><given-names>C. A.</given-names></name><name><surname>Monteiro</surname><given-names>C. A.</given-names></name></person-group></element-citation></ref><ref id="B14"><element-citation publication-type="article"><article-title>Perfil intracomunitário da deficiência nutricional</article-title><source>Revista de Saúde Pública</source><date><year>1990</year></date><fpage>69</fpage><lpage>79</lpage><volume>24</volume><person-group><name><surname>REICHENHEIN</surname><given-names>M. E.</given-names></name><name><surname>HARPHAM</surname><given-names>T.</given-names></name></person-group></element-citation></ref><ref id="B15"><element-citation publication-type="article"><article-title>Nutritional anthropometry in the identification of malnutrition in childhood</article-title><source>Environmental Child Health</source><date><year>1971</year></date><fpage>98</fpage><lpage>105</lpage><volume>17</volume><person-group><name><surname>SEOANE</surname><given-names>N.</given-names></name><name><surname>LATHAM</surname><given-names>N. C.</given-names></name></person-group></element-citation></ref><ref id="B16"><element-citation publication-type="book"><source>Sistema de vigilância alimentar e nutricional: proposta básica para um projeto experimental</source><date><year>1987</year></date><person-group><name><surname>SILVA</surname><given-names>D. O.</given-names></name><name><surname>BATISTA FILHO</surname><given-names>M.</given-names></name><name><surname>SHIRAIWA</surname><given-names>T.</given-names></name><name><surname>SOUZA</surname><given-names>H.</given-names></name><name><surname>SILVA</surname><given-names>D. O.</given-names></name><name><surname>BATISTA FILHO</surname><given-names>M.</given-names></name><name><surname>SHIRAIWA</surname><given-names>T.</given-names></name><name><surname>SOUZA</surname><given-names>H.</given-names></name></person-group></element-citation></ref><ref id="B17"><element-citation publication-type="book"><source>A Desnutrição no Brasil: uma Análise de Estudo Nacional de Despesas Familiares (IBGE, 74-75) para o Nordeste, Estado de São Paulo e Estado do Rio de Janeiro</source><date><year>1983</year></date><person-group><name><surname>VIACAVA</surname><given-names>F.</given-names></name><name><surname>FIGUEIREDO</surname><given-names>C. M. P.</given-names></name><name><surname>OLIVEIRA</surname><given-names>W. A.</given-names></name><name><surname>VIACAVA</surname><given-names>F.</given-names></name><name><surname>FIGUEIREDO</surname><given-names>C. M. P.</given-names></name><name><surname>OLIVEIRA</surname><given-names>W. A.</given-names></name></person-group></element-citation></ref><ref id="B18"><element-citation publication-type="article"><article-title>Classification and definition of proteincalorie malnutrition</article-title><source>British Medical Journal</source><date><year>1972</year></date><fpage>566</fpage><lpage>69</lpage><volume>3</volume><person-group><name><surname>WATERLOW</surname><given-names>J. C.</given-names></name></person-group></element-citation></ref><ref id="B19"><element-citation publication-type="book"><source>Measuring change in nutritional status</source><date><year>1983</year></date></element-citation></ref><ref id="B20"><element-citation publication-type="article"><article-title>Working Group: Use and interpretation of anthropometric indicators of nutritional status</article-title><source>Bulletin of the World Health Organization</source><date><year>1986</year></date><fpage>924</fpage><lpage>41</lpage><volume>64</volume></element-citation></ref></ref-list></back></article></articles>