<articles xmlns:xsi="http://www.w3.org/2001/XMLSchema-instance" xsi:schemaLocation="https://raw.githubusercontent.com/scieloorg/articles_meta/master/tests/xsd/scielo_sci/ThomsonReuters_publishing.xsd" dtd-version="1.10"><article lang_id="en" article-type="research-article"><front><journal-meta><journal-id journal-id-type="publisher">csp</journal-id><journal-title-group><journal-title>Cadernos de Saúde Pública</journal-title><abbrev-journal-title>Cad. Saúde Pública</abbrev-journal-title></journal-title-group><issn>1678-4464</issn><collection>SciELO Brazil</collection><publisher><publisher-name>Escola Nacional de Saúde Pública Sergio Arouca, Fundação Oswaldo Cruz</publisher-name></publisher></journal-meta><article-meta><unique-article-id pub-id-type="publisher-id">S0102-311X1993000400010</unique-article-id><article-id pub-id-type="publisher-id">S0102-311X1993000400010</article-id><article-id pub-id-type="doi">10.1590/S0102-311X1993000400010</article-id><article-categories><subj-group><subject>Health Policy &amp; Services</subject></subj-group></article-categories><title-group><article-title lang_id="en">Social inequalities, labor, and health</article-title><trans-title-group lang_id="pt"><trans-title>Desigualdades sociais, trabalho e saúde</trans-title></trans-title-group></title-group><contrib-group><contrib contrib-type="author"><name><surname>Gomez</surname><given-names>Carlos M.</given-names></name><role>ND</role><xref ref-type="aff" rid="A01"/></contrib><contrib contrib-type="author"><name><surname>Carvalho</surname><given-names>Sônia Maria T. M. de</given-names></name><role>ND</role><xref ref-type="aff" rid="A01"/></contrib></contrib-group><aff id="A01"><institution>Fundação Oswaldo Cruz</institution><country>Brazil</country></aff><pub-date><month>12</month><year>1993</year></pub-date><volume>9</volume><issue>4</issue><fpage>498</fpage><lpage>503</lpage><permissions><license license-type="open-access" href="http://creativecommons.org/licenses/by-nc/4.0/"><license-p>This work is licensed under a Creative Commons Attribution-NonCommercial 4.0 International License.</license-p></license></permissions><self-uri href="http://www.scielo.br/scielo.php?script=sci_arttext&amp;pid=S0102-311X1993000400010&amp;lng=en&amp;tlng=en" content-type="full_text_page"/><self-uri href="http://www.scielo.br/scielo.php?script=sci_issuetoc&amp;pid=0102-311X19930004&amp;lng=en" content-type="issue_page"/><self-uri href="http://www.scielosp.org/scielo.php?script=sci_serial&amp;pid=0102-311X&amp;lng=en" content-type="journal_page"/><abstract lang_id="en"><p>This article presents a brief analysis of the social inequalities expressed in the relationship between health and labor. It focuses on the Brazilian context. It begins by approaching the conceptions present in the lines of investigation and intervention in this field of health. It considers an entire range of thinking, from the eminently biological and individual level to an understanding of the relationship between labor and health as a reflection of essentially social processes. The confrontation between conceptual advances, proposals for intervention, and the reality of health for Brazilian workers is the parameter for analyzing the activity of state institutions, companies, and workers' organizations. Based on the current situation outlined in this study, perspectives are identified for urgent and indispensable changes.</p></abstract><trans-abstract lang_id="pt"><p>O texto apresenta uma breve análise das desigualdades sociais expressas na saúde em sua relação com o trabalho, tendo por foco o contexto brasileiro. Aborda, inicialmente, as concepções presentes nas linhas de investigação e intervenção neste campo da saúde. Trata de captar todo um percurso, desde uma visão eminentemente biológica e individual até um entendimento da relação trabalho-saúde como reflexo de processos essencialmente sociais. O confronto entre os avanços conceituais, as propostas de intervenção e a realidade de saúde do trabalhador brasileiro consitui-se em parâmetro de análise da atuação das instituições do Estado, das empresas e das organizações dos trabalhadores. Com base na situação atual delineada através deste estudo, apontam-se perspectivas para as urgentes e indispensáveis transformações.</p></trans-abstract><kwd-group lang_id="en" kwd-group-type="author-generated"><kwd>Worker's Health</kwd><kwd>Occupational Health</kwd><kwd>Occupational Medicine</kwd><kwd>Work Environment</kwd><kwd>Work Accidents and Diseases</kwd></kwd-group><kwd-group lang_id="pt" kwd-group-type="author-generated"><kwd>Saúde do Trabalhador</kwd><kwd>Saúde Ocupacional</kwd><kwd>Medicina do Trabalho</kwd><kwd>Trabalho-Saúde</kwd><kwd>Ambiente de Trabalho</kwd><kwd>Acidentes e Doenças do Trabalho</kwd><kwd>Riscos Ocupacionais</kwd><kwd>Legislação Brasileira Sobre Saúde do Trabalhador</kwd></kwd-group></article-meta></front><back><ref-list><ref id="B1"><element-citation publication-type="book"><source>Tecnologia e Trabalho Industrial</source><person-group><name><surname>CARVALHO</surname><given-names>R. Q.</given-names></name><name><surname>CARVALHO</surname><given-names>R. Q.</given-names></name></person-group></element-citation></ref><ref id="B2"><element-citation publication-type="article"><article-title>Referencial de análise para o estudo da relação trabalho, mulher e saúde</article-title><source>Cadernos de Saúde Pública</source><fpage>201</fpage><lpage>214</lpage><volume>7</volume><person-group><name><surname>D`ACRI</surname><given-names>V.</given-names></name><name><surname>BRITO</surname><given-names>J</given-names></name></person-group></element-citation></ref><ref id="B3"><element-citation publication-type="book"><source>A Loucura do Trabalho: Estudo de psicopatologia do trabalho</source><person-group><name><surname>DEJOURS</surname><given-names>C.</given-names></name><name><surname>DEJOURS</surname><given-names>C.</given-names></name></person-group></element-citation></ref><ref id="B4"><element-citation publication-type="book"><source>Síntese de Indicadores da Pesquisa Básica da PNAD de 1981 a 1989</source></element-citation></ref><ref id="B5"><element-citation publication-type="article"><article-title>Processo de trabalho e saúde</article-title><source>Revista Saúde em Debate</source><fpage>8</fpage><lpage>22</lpage><volume>11</volume><person-group><name><surname>LAURELL</surname><given-names>A. C.</given-names></name></person-group></element-citation></ref><ref id="B6"><element-citation publication-type="book"><source>Processo de Produção e Saúde</source><person-group><name><surname>LAURELL</surname><given-names>A. C.</given-names></name><name><surname>NORIEGA</surname><given-names>M.</given-names></name><name><surname>LAURELL</surname><given-names>A. C.</given-names></name><name><surname>NORIEGA</surname><given-names>M.</given-names></name></person-group></element-citation></ref><ref id="B7"><element-citation publication-type="book"><source>As Doenças dos Trabalhadores</source><person-group><name><surname>RAMAZZINI</surname><given-names>B.</given-names></name><name><surname>RAMAZZINI</surname><given-names>B.</given-names></name></person-group></element-citation></ref></ref-list></back></article></articles>