<articles xmlns:xsi="http://www.w3.org/2001/XMLSchema-instance" xsi:schemaLocation="https://raw.githubusercontent.com/scieloorg/articles_meta/master/tests/xsd/scielo_sci/ThomsonReuters_publishing.xsd" dtd-version="1.10"><article lang_id="pt" article-type="research-article"><front><journal-meta><journal-id journal-id-type="publisher">csp</journal-id><journal-title-group><journal-title>Cadernos de Saúde Pública</journal-title><abbrev-journal-title>Cad. Saúde Pública</abbrev-journal-title></journal-title-group><issn>1678-4464</issn><collection>SciELO Brazil</collection><publisher><publisher-name>Escola Nacional de Saúde Pública Sergio Arouca, Fundação Oswaldo Cruz</publisher-name></publisher></journal-meta><article-meta><unique-article-id pub-id-type="publisher-id">S0102-311X1987000400009</unique-article-id><article-id pub-id-type="publisher-id">S0102-311X1987000400009</article-id><article-id pub-id-type="doi">10.1590/S0102-311X1987000400009</article-id><article-categories><subj-group><subject>Health Policy &amp; Services</subject></subj-group></article-categories><title-group><article-title lang_id="pt">Sobre a dispersão de Lutzomyia Intermedia (Diptera, Psychodidae)</article-title><trans-title-group lang_id="en"><trans-title>The dispersion of Lutzomyia intermedia (Diptera, Psychodidae)</trans-title></trans-title-group></title-group><contrib-group><contrib contrib-type="author"><name><surname>Aragão</surname><given-names>Mario B.</given-names></name><role>ND</role><xref ref-type="aff" rid="A01"/></contrib><contrib contrib-type="author"><name><surname>Lima</surname><given-names>Lais Clark</given-names></name><role>ND</role><xref ref-type="aff" rid="A02"/></contrib></contrib-group><aff id="A02"><institution>Fundação Oswaldo Cruz</institution><country>Brazil</country></aff><aff id="A01"><institution>Fundação Oswaldo Cruz</institution><country>Brazil</country></aff><pub-date><month>12</month><year>1987</year></pub-date><volume>3</volume><issue>4</issue><fpage>473</fpage><lpage>479</lpage><permissions><license license-type="open-access" href="http://creativecommons.org/licenses/by-nc/4.0/"><license-p>This work is licensed under a Creative Commons Attribution-NonCommercial 4.0 International License.</license-p></license></permissions><self-uri href="http://www.scielo.br/scielo.php?script=sci_arttext&amp;pid=S0102-311X1987000400009&amp;lng=en&amp;tlng=en" content-type="full_text_page"/><self-uri href="http://www.scielosp.org/scielo.php?script=sci_issuetoc&amp;pid=0102-311X19870004&amp;lng=en" content-type="issue_page"/><self-uri href="http://www.scielosp.org/scielo.php?script=sci_serial&amp;pid=0102-311X&amp;lng=en" content-type="journal_page"/><abstract lang_id="pt"><p>Utilizando um mapa de domínios morfoclimáticos e um de vegetação, foram estudadas as áreas de dispersão da espécie e obtidas as seguintes conclusões: 1 - Lutzomyia intermedia é um flebótomo que ocorre nas florestas que apresentam o seu máximo de desenvolvimento nas encostas úmidas, mas, que ocupam também áreas de relevo pouco movimentadas ou planas. 2 - No Brasil, essas encostas pertencem às serras do Mar e da Mantiqueira e, no noroeste da Argentina, situam-se na Cordilheira dos Andes. 3 - E provável que a espécie exista nas serras florestadas do interior do nordeste brasileiro.</p></abstract><trans-abstract lang_id="en"><p>Using vegetation and morphoclimactic domain maps the areas of dispersion of Lutzomyia intermedia were studied and the following conclusions were obtained: 1 - L. intermedia is a sandfly of the forests which have their maximum growth at the humid slopes although these forests can also be found in plains and areas with low hills. 2 - In Brazil these slopes are found at the Serras do Mar and Mantiqueira and in Argentina ath the Andes Mountains in the northwest of the country. 3 - This species probably occurs also in the forested mountainous areas of the northeastern region of Brazil.</p></trans-abstract></article-meta></front><back><ref-list><ref id="B1"><element-citation publication-type="article"><article-title>Províncias geológicas e domínios morfoclimátiticos no Brasil</article-title><source>Geomorfologia</source><date><year>1970</year></date><fpage>1</fpage><lpage>26</lpage><volume>20</volume><person-group><name><surname>AB' SÁBER</surname><given-names>A. N.</given-names></name></person-group></element-citation></ref><ref id="B2"><element-citation publication-type="article"><article-title>Aspectos climáticos do problema bromélia-malária</article-title><source>Rev. Bras. Malar. D. Trop.</source><date><year>1956</year></date><fpage>621</fpage><lpage>31</lpage><volume>8</volume><person-group><name><surname>ARAGÃO</surname><given-names>M. B.</given-names></name></person-group></element-citation></ref><ref id="B3"><element-citation publication-type="article"><article-title>Sobre a vegetação de zonas úmidas do Brasil</article-title><source>Rev. Brasil. Biol.</source><date><year>1961</year></date><fpage>317</fpage><lpage>24</lpage><volume>21</volume><person-group><name><surname>ARAGÃO</surname><given-names>M. B.</given-names></name></person-group></element-citation></ref><ref id="B4"><element-citation publication-type="conference"><source>Endemias rurais na Folha SA. 22 Belém, do Projeto RADAM</source><date><year>1976</year></date><person-group><name><surname>ARAGÃO</surname><given-names>M. B.</given-names></name><name><surname>ARAGÃO</surname><given-names>M. B.</given-names></name></person-group></element-citation></ref><ref id="B5"><element-citation publication-type="article"><article-title>Aspectos climáticos da doença de Chagas</article-title><source>Rev. Bras. Malar. D. Trop.</source><date><year>1956</year></date><fpage>633</fpage><lpage>41</lpage><volume>8</volume><person-group><name><surname>ARAGÃO</surname><given-names>M. B.</given-names></name><name><surname>DIAS</surname><given-names>E.</given-names></name></person-group></element-citation></ref><ref id="B6"><element-citation publication-type="article"><article-title>Estudos botânicos no Ceará</article-title><source>An. Acad. Bras. Ci.</source><date><year>1959</year></date><fpage>211</fpage><lpage>308</lpage><volume>31</volume><person-group><name><surname>DUCKF</surname><given-names>A.</given-names></name></person-group></element-citation></ref><ref id="B7"><element-citation publication-type="book"><source>As florestas da América do Sul</source><date><year>1972</year></date><person-group><name><surname>HUECK</surname><given-names>K.</given-names></name><name><surname>Reichardt</surname><given-names>Hans</given-names></name><name><surname>HUECK</surname><given-names>K.</given-names></name><name><surname>Reichardt</surname><given-names>Hans</given-names></name></person-group></element-citation></ref><ref id="B8"><element-citation publication-type="article"><article-title>O aspecto dinâmico do pinheiro brasileiro</article-title><source>Sellowia</source><date><year>1960</year></date><fpage>17</fpage><lpage>44</lpage><volume>12</volume><person-group><name><surname>KLEIN</surname><given-names>R. M.</given-names></name></person-group></element-citation></ref><ref id="B9"><element-citation publication-type="article"><article-title>Ruralização da Lutzomyia intermedia, um provável caso de pré-adaptacão</article-title><source>Rev. Saúde publ.</source><date><year>1986</year></date><fpage>102</fpage><lpage>4</lpage><volume>20</volume><person-group><name><surname>LIMA</surname><given-names>L. C.</given-names></name></person-group></element-citation></ref><ref id="B10"><element-citation publication-type="book"><source>American sand flies</source><date><year>1978</year></date><person-group><name><surname>MARTINS</surname><given-names>A. V.</given-names></name><name><surname>WILLIAMS</surname><given-names>P.</given-names></name><name><surname>FALCÃO</surname><given-names>A. L.</given-names></name><name><surname>MARTINS</surname><given-names>A. V.</given-names></name><name><surname>WILLIAMS</surname><given-names>P.</given-names></name><name><surname>FALCÃO</surname><given-names>A. L.</given-names></name></person-group></element-citation></ref><ref id="B11"><element-citation publication-type="article"><article-title>Contribuição para o conhecimento das orquídeas de Santa Catarina e sua dispersão geográfica</article-title><source>An. Bot. Herb. "Barbosa Rodrigues"</source><date><year>1951</year></date><fpage>41</fpage><lpage>53</lpage><volume>3</volume><person-group><name><surname>PABST</surname><given-names>G. F. J.</given-names></name></person-group></element-citation></ref><ref id="B12"><element-citation publication-type="article"><article-title>imigração da selva higrófila no Rio Grande do Sul</article-title><source>An. Bot. Herb. "Barbosa Rodrigues"</source><date><year>1951</year></date><fpage>55</fpage><lpage>91</lpage><volume>3</volume><person-group><name><surname>RAMBO</surname><given-names>B. A.</given-names></name></person-group></element-citation></ref><ref id="B13"><element-citation publication-type="book"><source>Bromeliáceas e a malária-bromélia endêmica</source><date><year>1983</year></date><person-group><name><surname>REITZ</surname><given-names>R.</given-names></name><name><surname>REITZ</surname><given-names>R.</given-names></name></person-group></element-citation></ref><ref id="B14"><element-citation publication-type="book"><source>World-atlas of epidemic diseases</source><date><year>1952</year></date><person-group><name><surname>RODENWALDT</surname><given-names>E.</given-names></name><name><surname>RODENWALDT</surname><given-names>E.</given-names></name></person-group></element-citation></ref></ref-list></back></article></articles>