<articles xmlns:xsi="http://www.w3.org/2001/XMLSchema-instance" xsi:schemaLocation="https://raw.githubusercontent.com/scieloorg/articles_meta/master/tests/xsd/scielo_sci/ThomsonReuters_publishing.xsd" dtd-version="1.10"><article lang_id="es" article-type="research-article"><front><journal-meta><journal-id journal-id-type="publisher">csp</journal-id><journal-title-group><journal-title>Cadernos de Saúde Pública</journal-title><abbrev-journal-title>Cad. Saúde Pública</abbrev-journal-title></journal-title-group><issn>1678-4464</issn><collection>SciELO Brazil</collection><publisher><publisher-name>Escola Nacional de Saúde Pública Sergio Arouca, Fundação Oswaldo Cruz</publisher-name></publisher></journal-meta><article-meta><unique-article-id pub-id-type="publisher-id">S0102-311X1993000300024</unique-article-id><article-id pub-id-type="publisher-id">S0102-311X1993000300024</article-id><article-id pub-id-type="doi">10.1590/S0102-311X1993000300024</article-id><article-categories><subj-group><subject>Health Policy &amp; Services</subject></subj-group></article-categories><title-group><article-title lang_id="es"/><trans-title-group lang_id="en"><trans-title>Feminist theory and medical sociology: issues for discussion</trans-title></trans-title-group><trans-title-group lang_id="pt"><trans-title>Teoría feminista y sociología médica: bases para una discusión</trans-title></trans-title-group></title-group><contrib-group><contrib contrib-type="author"><name><surname>Castro</surname><given-names>Roberto P.</given-names></name><role>ND</role><xref ref-type="aff" rid="A01"/></contrib><contrib contrib-type="author"><name><surname>Bronfman</surname><given-names>Mario P.</given-names></name><role>ND</role><xref ref-type="aff" rid="A02"/></contrib></contrib-group><aff id="A01"><institution>Instituto Nacional de Salud Pública</institution><country>Mexico</country></aff><aff id="A02"><institution>Colegio de México</institution><country>México</country></aff><pub-date><month>09</month><year>1993</year></pub-date><volume>9</volume><issue>3</issue><fpage>375</fpage><lpage>394</lpage><permissions><license license-type="open-access" href="http://creativecommons.org/licenses/by-nc/4.0/"><license-p>This work is licensed under a Creative Commons Attribution-NonCommercial 4.0 International License.</license-p></license></permissions><self-uri href="http://www.scielo.br/scielo.php?script=sci_arttext&amp;pid=S0102-311X1993000300024&amp;lng=en&amp;tlng=en" content-type="full_text_page"/><self-uri href="http://www.scielo.br/scielo.php?script=sci_issuetoc&amp;pid=0102-311X19930003&amp;lng=en" content-type="issue_page"/><self-uri href="http://www.scielosp.org/scielo.php?script=sci_serial&amp;pid=0102-311X&amp;lng=en" content-type="journal_page"/><abstract lang_id="es"><p>Se analiza la contribución de la teoría feminista a la sociología médica. En la primera parte se desarrollan los conceptos feministas más importantes: patriarcado, género, y sistema sexo/género. Se señala que cada concepto aclara aspectos sociales que han sido descuidados, aunque se reconoce que el concepto de patriarcado requiere aún de mayor desarrollo teórico. En la segunda parte se discuten los intentos del feminismo para desarrollar un nuevo conocimiento. Se discuten las ventajas de una ciencia feminista que problematice la dominación de género - que la ciencia común da por hecho -, y que permitiría una aproximación novedosa a la realidad social. Se enfatiza en la importancia de distinguir entre sexo y género, el aporte reciente de mayor relevancia para comprender la noción de ciencia feminista. Se señalan algunas de las aportaciones epistemológicas y metodológicas feministas. La tercera parte analiza las contribuciones más importantes de la teoría feminista en el campo de la sociología médica. Se indica como una de ellas a la problematización de los conceptos de "salud" y "enfermedad", así como la demostración de que son conceptos socialmente construidos como producto del orden patriarcal prevaleciente. Finalmente, se ilustra cómo el acercamiento feminista es útil para cuestionar las nociones y prácticas medicas, las que se basan en en la dominación de género y la reproducen.</p></abstract><trans-abstract lang_id="en"><p>The contribution of feminist theory to medical sociology is analyzed. The first part discusses the main feminist concepts: patriarchy, gender, and sex/gender system. The article points out that such concepts illuminate social aspects that have been neglected. It is acknowledged that the concept of patriarchy requires further theoretical development. The second part discusses the feminist attempt to develop new knowledge. A "Feminist Science" would problematize gender domination, which current science takes for granted, and would allow for a new approach to social reality. The author emphasizes the importance of distinguishing between "sex" and "gender", the latter being more relevant for a correct understanding of the notion of a feminist science. Some recent feminist epistemological and methodological developments are noted. The third part analyzes the most relevant contributions of feminist theory to medical sociology. It is shown that one such contribution is the problematization of the concepts of "health" and "disease", and the demonstration that these concepts are social constructs, a product of the prevailing patriarchal order. The author illustrates how the feminist approach challenges conventional medical notions and practices, which are based and reproduced on gender domination.</p></trans-abstract><kwd-group lang_id="en" kwd-group-type="author-generated"><kwd>Patriarchy</kwd><kwd>Gender</kwd><kwd>Feminist Theory</kwd><kwd>Feminist Epistemology</kwd><kwd>Medical Sociology</kwd></kwd-group><kwd-group lang_id="es" kwd-group-type="author-generated"><kwd>Patriarcado</kwd><kwd>Género</kwd><kwd>Teoría Feminista</kwd><kwd>Epistemología</kwd><kwd>Sociología Médica</kwd></kwd-group></article-meta></front><back><ref-list><ref id="B1"><element-citation publication-type="book"><source>An Introduction to Sociology</source><date><year>1990</year></date><person-group><name><surname>ABBOT</surname><given-names>P.</given-names></name><name><surname>WALLACE</surname><given-names>C.</given-names></name><name><surname>ABBOT</surname><given-names>P.</given-names></name><name><surname>WALLACE</surname><given-names>C.</given-names></name></person-group></element-citation></ref><ref id="B2"><element-citation publication-type="book"><source>Feminism &amp; Science</source><date><year>1989</year></date><fpage>86</fpage><lpage>103</lpage><person-group><name><surname>ALCOFF</surname><given-names>L.</given-names></name><name><surname>Tuana</surname><given-names>N.</given-names></name><name><surname>Tuana</surname><given-names>N.</given-names></name></person-group></element-citation></ref><ref id="B3"><element-citation publication-type="book"><source>Feminist Theories</source><date><year>1984</year></date><person-group><name><surname>BART</surname><given-names>P. B.</given-names></name><name><surname>BUDINGER</surname><given-names>J.</given-names></name><name><surname>BART</surname><given-names>P. B.</given-names></name><name><surname>BUDINGER</surname><given-names>J.</given-names></name></person-group></element-citation></ref><ref id="B4"><element-citation publication-type="book"><source>Hilos, Nudos y Colores en la Lucha Contra la Violencia hacia las Mujeres</source><date><year>1991</year></date><person-group><name><surname>BEDREGAL</surname><given-names>X.</given-names></name><name><surname>SAUCEDO</surname><given-names>I.</given-names></name><name><surname>RÍQUER</surname><given-names>F.</given-names></name><name><surname>BEDREGAL</surname><given-names>X.</given-names></name><name><surname>SAUCEDO</surname><given-names>I.</given-names></name><name><surname>RÍQUER</surname><given-names>F.</given-names></name></person-group></element-citation></ref><ref id="B5"><element-citation publication-type="book"><source>Women's Ways of Knowing: The Development of Self, Voice, and Mind</source><date><year>1986</year></date><person-group><name><surname>BELENKY</surname><given-names>M. F.</given-names></name><name><surname>CLINCHY</surname><given-names>B. M.</given-names></name><name><surname>GOLDGBERGER</surname><given-names>N. R.</given-names></name><name><surname>TARULE</surname><given-names>J. M.</given-names></name><name><surname>BELENKY</surname><given-names>M. F.</given-names></name><name><surname>CLINCHY</surname><given-names>B. M.</given-names></name><name><surname>GOLDGBERGER</surname><given-names>N. R.</given-names></name><name><surname>TARULE</surname><given-names>J. M.</given-names></name></person-group></element-citation></ref><ref id="B6"><element-citation publication-type="article"><article-title>La mortalidad en los años ochenta</article-title><source>Revista Mexicana de Sociología</source><date><year>1990</year></date><fpage>83</fpage><lpage>110</lpage><volume>52</volume><person-group><name><surname>CAMPOSORTEGA</surname><given-names>S.</given-names></name></person-group></element-citation></ref><ref id="B7"><element-citation publication-type="book"><source>Pensando Como Mujeres... (Propuestas Educativas en Salud del los "Colectivos" y "Redes" de Mujeres)</source><date><year>1989</year></date><person-group><name><surname>CARDACI</surname><given-names>D.</given-names></name><name><surname>CARDACI</surname><given-names>D.</given-names></name></person-group></element-citation></ref><ref id="B8"><element-citation publication-type="article"><article-title>The contribution of the social environment to the host resistance</article-title><source>American Journal of Epidemiology</source><date><year>1976</year></date><fpage>107</fpage><lpage>123</lpage><volume>102</volume><person-group><name><surname>CASSEL</surname><given-names>L.</given-names></name></person-group></element-citation></ref><ref id="B9"><element-citation publication-type="book"><source>Women and Madness</source><date><year>1972</year></date><person-group><name><surname>CHESLER</surname><given-names>P.</given-names></name><name><surname>CHESLER</surname><given-names>P.</given-names></name></person-group></element-citation></ref><ref id="B10"><element-citation publication-type="book"><source>Health, Illness, and Medicine in Canada</source><date><year>1990</year></date><person-group><name><surname>CLARKE</surname><given-names>J. N.</given-names></name><name><surname>CLARKE</surname><given-names>J. N.</given-names></name></person-group></element-citation></ref><ref id="B11"><element-citation publication-type="article"><article-title>Social support as a moderator of life stress</article-title><source>Psychosomatic Medicine</source><date><year>1976</year></date><fpage>300</fpage><lpage>314</lpage><volume>38</volume><person-group><name><surname>COBB</surname><given-names>S.</given-names></name></person-group></element-citation></ref><ref id="B12"><element-citation publication-type="article"><article-title>Gender, status, and professionalism</article-title><source>Sociology</source><date><year>1987</year></date><fpage>413</fpage><lpage>428</lpage><volume>21</volume><person-group><name><surname>CROPMTON</surname><given-names>R.</given-names></name></person-group></element-citation></ref><ref id="B13"><element-citation publication-type="book"><source>Women and Symbolic Interaction</source><date><year>1987</year></date><person-group><name><surname>DEEGAN</surname><given-names>M. J.</given-names></name><name><surname>HILL</surname><given-names>M.</given-names></name><name><surname>DEEGAN</surname><given-names>M. J.</given-names></name><name><surname>HILL</surname><given-names>M.</given-names></name></person-group></element-citation></ref><ref id="B14"><element-citation publication-type="conference"><source>Industrialización y Maternidad en el Noroeste de México: El Colegio de Sonora</source><date><year>1990</year></date><person-group><name><surname>DENMAN</surname><given-names>C.</given-names></name><name><surname>DENMAN</surname><given-names>C.</given-names></name></person-group></element-citation></ref><ref id="B15"><element-citation publication-type="book"><source>The Pursuit of attention</source><date><year>1983</year></date><person-group><name><surname>DERBER</surname><given-names>C.</given-names></name><name><surname>DERBER</surname><given-names>C.</given-names></name></person-group></element-citation></ref><ref id="B16"><element-citation publication-type="book"><source>The Effects of Feminist Approaches on Research Methodologies</source><date><year>1989</year></date><fpage>185</fpage><lpage>203</lpage><person-group><name><surname>DRISCOLL</surname><given-names>K.</given-names></name><name><surname>McFARLAND</surname><given-names>J.</given-names></name><name><surname>Tomm</surname><given-names>W.</given-names></name><name><surname>Tomm</surname><given-names>W.</given-names></name></person-group></element-citation></ref><ref id="B17"><element-citation publication-type="book"><source>Toward a Feminist Epistemology</source><date><year>1991</year></date><person-group><name><surname>DURAN</surname><given-names>J.</given-names></name><name><surname>DURAN</surname><given-names>J.</given-names></name></person-group></element-citation></ref><ref id="B18"><element-citation publication-type="book"><source>Witches, Midwives and Nurses</source><date><year>1976</year></date><person-group><name><surname>EHRENREICH</surname><given-names>B.</given-names></name><name><surname>ENGLISH</surname><given-names>D.</given-names></name><name><surname>EHRENREICH</surname><given-names>B.</given-names></name><name><surname>ENGLISH</surname><given-names>D.</given-names></name></person-group></element-citation></ref><ref id="B19"><element-citation publication-type="book"><source>Capitalist Patriarchy and the Case for Socialist Feminism</source><date><year>1979</year></date><person-group><name><surname>EISENSTEIN</surname><given-names>Z.</given-names></name><name><surname>EISENSTEIN</surname><given-names>Z.</given-names></name></person-group></element-citation></ref><ref id="B20"><element-citation publication-type="book"><source>The Origin of the Family, Private Property, and the State</source><date><year>1942</year></date><person-group><name><surname>ENGELS</surname><given-names>F.</given-names></name><name><surname>ENGELS</surname><given-names>F.</given-names></name></person-group></element-citation></ref><ref id="B21"><element-citation publication-type="book"><source>The Impact of Feminist Research in the Academy</source><date><year>1987</year></date><person-group><name><surname>FARNHAM</surname><given-names>C. (ed.)</given-names></name><name><surname>FARNHAM</surname><given-names>C. (ed.)</given-names></name></person-group></element-citation></ref><ref id="B22"><element-citation publication-type="article"><article-title>Doctor-Patient negotiation of cultural assumptioms</article-title><source>Sociology of Health and Illness</source><date><year>1985</year></date><fpage>342</fpage><lpage>374</lpage><volume>7</volume><person-group><name><surname>FISHER</surname><given-names>S.</given-names></name><name><surname>GROCE</surname><given-names>S. B.</given-names></name></person-group></element-citation></ref><ref id="B23"><element-citation publication-type="article"><article-title>Interaction: the work women do</article-title><source>Social Problems</source><date><year>1978</year></date><fpage>397</fpage><lpage>406</lpage><volume>25</volume><person-group><name><surname>FISHMAN</surname><given-names>P. M.</given-names></name></person-group></element-citation></ref><ref id="B24"><element-citation publication-type="article"><article-title>Conceptualizing patriarchy</article-title><source>Canadian Review of Sociology and Anthropology</source><date><year>1988</year></date><fpage>163</fpage><lpage>182</lpage><volume>25</volume><person-group><name><surname>FOX</surname><given-names>B. J.</given-names></name></person-group></element-citation></ref><ref id="B25"><element-citation publication-type="book"><source>Feminism as Critique. On the Politics of Gender</source><date><year>1987</year></date><fpage>41</fpage><lpage>58</lpage><person-group><name><surname>FRASER</surname><given-names>N.</given-names></name><name><surname>Benhabib</surname><given-names>S.</given-names></name><name><surname>Cornell</surname><given-names>D.</given-names></name><name><surname>Benhabib</surname><given-names>S.</given-names></name><name><surname>Cornell</surname><given-names>D.</given-names></name></person-group></element-citation></ref><ref id="B26"><element-citation publication-type="book"><source>Maternidad y Trabajo en México: Una Aproximación Microsocial</source><date><year>1991</year></date><person-group><name><surname>GARCIA</surname><given-names>B.</given-names></name><name><surname>OLIVEIRA</surname><given-names>O.</given-names></name><name><surname>GARCIA</surname><given-names>B.</given-names></name><name><surname>OLIVEIRA</surname><given-names>O.</given-names></name></person-group></element-citation></ref><ref id="B27"><element-citation publication-type="book"><source>Feminist Thought and the Structure of Knowledge</source><date><year>1988</year></date><fpage>87</fpage><lpage>104</lpage><person-group><name><surname>GERGEN</surname><given-names>M. M.</given-names></name><name><surname>Gergen</surname><given-names>M. M.</given-names></name><name><surname>Gergen</surname><given-names>M. M.</given-names></name></person-group></element-citation></ref><ref id="B28"><element-citation publication-type="book"><source>Discovering Reality. Feminist Perspectives on Epistemology, Metaphysics, Methodology, and Philosophy of Science</source><date><year>1983</year></date><fpage>311</fpage><lpage>324</lpage><person-group><name><surname>HARDING</surname><given-names>S.</given-names></name><name><surname>Harding</surname><given-names>S.</given-names></name><name><surname>Hintikka</surname><given-names>M. B.</given-names></name><name><surname>Harding</surname><given-names>S.</given-names></name><name><surname>Hintikka</surname><given-names>M. B.</given-names></name></person-group></element-citation></ref><ref id="B29"><element-citation publication-type="book"><source>Sex and Scientific Inquiry</source><date><year>1987</year></date><fpage>283</fpage><lpage>302</lpage><person-group><name><surname>HARDING</surname><given-names>S.</given-names></name><name><surname>Harding</surname><given-names>S.</given-names></name><name><surname>O'Barr</surname><given-names>J. F.</given-names></name><name><surname>Harding</surname><given-names>S.</given-names></name><name><surname>O'Barr</surname><given-names>J. F.</given-names></name></person-group></element-citation></ref><ref id="B30"><element-citation publication-type="book"><source>Feminism &amp; Science</source><date><year>1989</year></date><person-group><name><surname>HARDING</surname><given-names>S.</given-names></name><name><surname>Tuana</surname><given-names>N.</given-names></name><name><surname>Tuana</surname><given-names>N.</given-names></name></person-group></element-citation></ref><ref id="B31"><element-citation publication-type="article"><article-title>Notes on patriarchy, professionalization and the semi-professions</article-title><source>Sociology</source><date><year>1982</year></date><fpage>184</fpage><lpage>202</lpage><volume>16</volume><person-group><name><surname>HEARN</surname><given-names>J.</given-names></name></person-group></element-citation></ref><ref id="B32"><element-citation publication-type="book"><source>The Sociological Eye</source><date><year>1971</year></date><person-group><name><surname>HUGHES</surname><given-names>E. C.</given-names></name><name><surname>HUGHES</surname><given-names>E. C.</given-names></name></person-group></element-citation></ref><ref id="B33"><element-citation publication-type="book"><source>Relación entre Trabajo Femenino y Salud en la Infancia: El Caso de las Madres que Trabajan en la Producción Platanera de la Región Tapachula, Chis</source><date><year>1991</year></date><person-group><name><surname>IXTACUY</surname><given-names>O.</given-names></name><name><surname>MISAWA</surname><given-names>T.</given-names></name><name><surname>ORDOÑEZ</surname><given-names>C.</given-names></name><name><surname>IXTACUY</surname><given-names>O.</given-names></name><name><surname>MISAWA</surname><given-names>T.</given-names></name><name><surname>ORDOÑEZ</surname><given-names>C.</given-names></name></person-group></element-citation></ref><ref id="B34"><element-citation publication-type="book"><source>Feminism &amp; Science</source><date><year>1989</year></date><fpage>34</fpage><lpage>44</lpage><person-group><name><surname>KELLER</surname><given-names>E. F.</given-names></name><name><surname>Tuana</surname><given-names>N.</given-names></name><name><surname>Tuana</surname><given-names>N.</given-names></name></person-group></element-citation></ref><ref id="B35"><element-citation publication-type="book"><source>Feminist Theory: A Critique of Ideology</source><date><year>1982</year></date><fpage>223</fpage><lpage>246</lpage><person-group><name><surname>KELLER</surname><given-names>E. F.</given-names></name><name><surname>Keohane</surname><given-names>N. O.</given-names></name><name><surname>Rosaldo</surname><given-names>M. Z.</given-names></name><name><surname>Gelpi</surname><given-names>B. C.</given-names></name><name><surname>Keohane</surname><given-names>N. O.</given-names></name><name><surname>Rosaldo</surname><given-names>M. Z.</given-names></name><name><surname>Gelpi</surname><given-names>B. C.</given-names></name></person-group></element-citation></ref><ref id="B36"><element-citation publication-type="book"><source>Feminism within the Science &amp; Health Care Professions: Overcoming Resistance</source><date><year>1988</year></date><fpage>126</fpage><lpage>149</lpage><person-group><name><surname>KRONENFELD</surname><given-names>J. J.</given-names></name><name><surname>Rosser</surname><given-names>S. V.</given-names></name><name><surname>Rosser</surname><given-names>S. V.</given-names></name></person-group></element-citation></ref><ref id="B37"><element-citation publication-type="book"><source>La Estructura de las Revoluciones Científicas</source><date><year>1982</year></date><person-group><name><surname>KUHN</surname><given-names>T.</given-names></name><name><surname>KUHN</surname><given-names>T.</given-names></name></person-group></element-citation></ref><ref id="B38"><element-citation publication-type="article"><article-title>La antropolgía feminista y la categoría de género</article-title><source>Nueva Antropología</source><date><year>1986</year></date><fpage>173</fpage><lpage>198</lpage><volume>8</volume><person-group><name><surname>LAMAS</surname><given-names>M.</given-names></name></person-group></element-citation></ref><ref id="B39"><element-citation publication-type="book"><source>A Feminist Perspective in the Academy: The Difference It Makes</source><date><year>1981</year></date><person-group><name><surname>LANGLAND</surname><given-names>E.</given-names></name><name><surname>GLOVE</surname><given-names>W.</given-names></name><name><surname>LANGLAND</surname><given-names>E.</given-names></name><name><surname>GLOVE</surname><given-names>W.</given-names></name></person-group></element-citation></ref><ref id="B40"><element-citation publication-type="book"><source>The Creation of Patriarchy</source><date><year>1986</year></date><person-group><name><surname>LERNER</surname><given-names>G.</given-names></name><name><surname>LERNER</surname><given-names>G.</given-names></name></person-group></element-citation></ref><ref id="B41"><element-citation publication-type="book"><source>Feminism &amp; Science</source><date><year>1989</year></date><fpage>46</fpage><lpage>57</lpage><person-group><name><surname>LONGINO</surname><given-names>H. E.</given-names></name><name><surname>Tuana</surname><given-names>N.</given-names></name><name><surname>Tuana</surname><given-names>N.</given-names></name></person-group></element-citation></ref><ref id="B42"><element-citation publication-type="book"><source>Feminist Theory: A Critique of Ideology</source><date><year>1982</year></date><fpage>36</fpage><lpage>51</lpage><person-group><name><surname>MacKINNON</surname><given-names>C. A.</given-names></name><name><surname>Keohane</surname><given-names>N. O.</given-names></name><name><surname>Rosaldo</surname><given-names>M. Z.</given-names></name><name><surname>Gelpi</surname><given-names>B. C.</given-names></name><name><surname>Keohane</surname><given-names>N. O.</given-names></name><name><surname>Rosaldo</surname><given-names>M. Z.</given-names></name><name><surname>Gelpi</surname><given-names>B. C.</given-names></name></person-group></element-citation></ref><ref id="B43"><element-citation publication-type="article"><article-title>Feminist theory and critical theory</article-title><source>Canadian Review of Sociology and Anthropology</source><date><year>1988</year></date><fpage>208</fpage><lpage>230</lpage><volume>25</volume><person-group><name><surname>MARSHALL</surname><given-names>B. L.</given-names></name></person-group></element-citation></ref><ref id="B44"><element-citation publication-type="book"><source>Body/ Politics. Women and the Discourse of Science</source><date><year>1990</year></date><fpage>69</fpage><lpage>82</lpage><person-group><name><surname>MARTIN</surname><given-names>E.</given-names></name><name><surname>Jacobus</surname><given-names>M.</given-names></name><name><surname>Feller</surname><given-names>E. F.</given-names></name><name><surname>Shuttleworth</surname><given-names>S.</given-names></name><name><surname>Jacobus</surname><given-names>M.</given-names></name><name><surname>Feller</surname><given-names>E. F.</given-names></name><name><surname>Shuttleworth</surname><given-names>S.</given-names></name></person-group></element-citation></ref><ref id="B45"><element-citation publication-type="book"><source>The Woman in The Body: A Cultural Analysis of Reproduction</source><date><year>1987</year></date><person-group><name><surname>MARTIN</surname><given-names>E.</given-names></name></person-group></element-citation></ref><ref id="B46"><element-citation publication-type="article"><article-title>Gender and medical socialization</article-title><source>Journal of Health and Social Behaviour</source><date><year>1988</year></date><fpage>333</fpage><lpage>343</lpage><volume>29</volume><person-group><name><surname>MARTIN</surname><given-names>S. C.</given-names></name><name><surname>R. M. ARNOLD &amp; PARKER</surname><given-names>R. M.</given-names></name></person-group></element-citation></ref><ref id="B47"><element-citation publication-type="book"><source>El Capital</source><date><year>1978</year></date><fpage>Siglo XXI</fpage><volume>1</volume><person-group><name><surname>MARX</surname><given-names>K.</given-names></name><name><surname>MARX</surname><given-names>K.</given-names></name></person-group></element-citation></ref><ref id="B48"><element-citation publication-type="book"><source>The Effects of Feminist Approaches on Research Methodologies</source><date><year>1989</year></date><fpage>14</fpage><lpage>30</lpage><person-group><name><surname>McCORMACK</surname><given-names>T.</given-names></name><name><surname>Tomm</surname><given-names>W.</given-names></name><name><surname>Tomm</surname><given-names>W.</given-names></name></person-group></element-citation></ref><ref id="B49"><element-citation publication-type="book"><source>Feminist Research</source><date><year>1988</year></date><fpage>108</fpage><lpage>123</lpage><person-group><name><surname>MELAMED</surname><given-names>L.</given-names></name><name><surname>DEVINE</surname><given-names>I.</given-names></name><name><surname>Tancred-Sheriff</surname><given-names>P.</given-names></name><name><surname>Tancred-Sheriff</surname><given-names>P.</given-names></name></person-group></element-citation></ref><ref id="B50"><element-citation publication-type="book"><source>Trabajo Femenino y Salud de la Niñez en México. Proyecto de Investigación</source><date><year>1991</year></date><person-group><name><surname>MENDOZA</surname><given-names>D.</given-names></name><name><surname>RÁBAGO</surname><given-names>A.</given-names></name><name><surname>MENDOZA</surname><given-names>D.</given-names></name><name><surname>RÁBAGO</surname><given-names>A.</given-names></name></person-group></element-citation></ref><ref id="B51"><element-citation publication-type="book"><source>Patriarchy and Accumulation on a World Scale</source><date><year>1989</year></date><person-group><name><surname>MIES</surname><given-names>M.</given-names></name><name><surname>MIES</surname><given-names>M.</given-names></name></person-group></element-citation></ref><ref id="B52"><element-citation publication-type="book"><source>Sexual Politics</source><date><year>1970</year></date><person-group><name><surname>MILLET</surname><given-names>K.</given-names></name><name><surname>MILLET</surname><given-names>K.</given-names></name></person-group></element-citation></ref><ref id="B53"><element-citation publication-type="book"><source>Woman's Estate</source><date><year>1981</year></date><person-group><name><surname>MITCHELL</surname><given-names>J.</given-names></name><name><surname>MITCHELL</surname><given-names>J.</given-names></name></person-group></element-citation></ref><ref id="B54"><element-citation publication-type="article"><article-title>Women and mental health. In: Women's Health</article-title><source>Readings on Social</source><date><year>1988</year></date><fpage>Kendall/Hunt Publishing Co</fpage><volume>Economic, and Political Issues (N. Worcester &amp; M. H. Whatley, eds.), pp. 60-65, Dubuke, Iowa</volume><person-group><name><surname>MURPHY</surname><given-names>M.</given-names></name></person-group></element-citation></ref><ref id="B55"><element-citation publication-type="book"><source>The Structure of Science: Problems in the Logic of Scientific Explanation</source><date><year>1961</year></date><person-group><name><surname>NAGEL</surname><given-names>E.</given-names></name><name><surname>NAGEL</surname><given-names>E.</given-names></name></person-group></element-citation></ref><ref id="B56"><element-citation publication-type="book"><source>The Captured Womb: A History of the Medical Care of Pregnant Women</source><date><year>1984</year></date><person-group><name><surname>OAKLEY</surname><given-names>A.</given-names></name><name><surname>OAKLEY</surname><given-names>A.</given-names></name></person-group></element-citation></ref><ref id="B57"><element-citation publication-type="book"><source>Doing Feminist Research</source><date><year>1981</year></date><fpage>30</fpage><lpage>61</lpage><person-group><name><surname>OAKLEY</surname><given-names>A.</given-names></name><name><surname>Roberts</surname><given-names>H.</given-names></name><name><surname>Roberts</surname><given-names>H.</given-names></name></person-group></element-citation></ref><ref id="B58"><element-citation publication-type="book"><source>Woman, Culture and Society</source><date><year>1974</year></date><fpage>67</fpage><lpage>88</lpage><person-group><name><surname>ORTNER</surname><given-names>S.</given-names></name><name><surname>Rosaldo</surname><given-names>M.</given-names></name><name><surname>Lamphere</surname><given-names>L.</given-names></name><name><surname>Rosaldo</surname><given-names>M.</given-names></name><name><surname>Lamphere</surname><given-names>L.</given-names></name></person-group></element-citation></ref><ref id="B59"><element-citation publication-type="article"><article-title>Women and the illness role: re-thinking feminist theory</article-title><source>Canadian Review of Sociology and Anthropology</source><date><year>1988</year></date><fpage>628</fpage><lpage>648</lpage><volume>25</volume><person-group><name><surname>PIRIE</surname><given-names>M.</given-names></name></person-group></element-citation></ref><ref id="B60"><element-citation publication-type="article"><article-title>Maternidad en Buenos Aires: La experiencia popular</article-title><source>Estudios CEDES</source><date><year>1983</year></date><fpage>01</fpage><lpage>66</lpage><volume>4</volume><person-group><name><surname>RAMOS</surname><given-names>S.</given-names></name></person-group></element-citation></ref><ref id="B61"><element-citation publication-type="book"><source>Madres Trabajadoras y salud Infantil en el Sector Popular de la Ciudad de México: Una Aproximación Cualitativa</source><date><year>1991</year></date><person-group><name><surname>RÍQUER</surname><given-names>F.</given-names></name><name><surname>RÍQUER</surname><given-names>F.</given-names></name></person-group></element-citation></ref><ref id="B62"><element-citation publication-type="book"><source>Women, Health, and Reproduction</source><date><year>1981</year></date><fpage>188</fpage><lpage>201</lpage><person-group><name><surname>ROBERTS</surname><given-names>H.</given-names></name><name><surname>Roberts</surname><given-names>H.</given-names></name><name><surname>Roberts</surname><given-names>H.</given-names></name></person-group></element-citation></ref><ref id="B63"><element-citation publication-type="book"><source>Woman, Culture and Society</source><date><year>1974</year></date><person-group><name><surname>ROSALDO</surname><given-names>M.</given-names></name><name><surname>LAMPHERE</surname><given-names>L.</given-names></name><name><surname>ROSALDO</surname><given-names>M.</given-names></name><name><surname>LAMPHERE</surname><given-names>L.</given-names></name></person-group></element-citation></ref><ref id="B64"><element-citation publication-type="book"><source>Teaching Science and Health from a Feminist Perspective</source><date><year>1986</year></date><person-group><name><surname>ROSSER</surname><given-names>S. V.</given-names></name><name><surname>ROSSER</surname><given-names>S. V.</given-names></name></person-group></element-citation></ref><ref id="B65"><element-citation publication-type="book"><source>Feminism within the Science &amp; Health Care Professions: Overcoming Resistance</source><date><year>1988</year></date><fpage>23</fpage><lpage>31</lpage><person-group><name><surname>ROSSER</surname><given-names>S. V.</given-names></name><name><surname>Rosser</surname><given-names>S. V.</given-names></name><name><surname>Rosser</surname><given-names>S. V.</given-names></name></person-group></element-citation></ref><ref id="B66"><element-citation publication-type="book"><source>Feminism &amp; Science</source><date><year>1989</year></date><fpage>03</fpage><lpage>14</lpage><person-group><name><surname>ROSSER</surname><given-names>S. V.</given-names></name><name><surname>Tuana</surname><given-names>N.</given-names></name><name><surname>Tuana</surname><given-names>N.</given-names></name></person-group></element-citation></ref><ref id="B67"><element-citation publication-type="article"><article-title>Childbirth as negotiated reality</article-title><source>Symbolic Interaction</source><date><year>1989</year></date><fpage>124</fpage><lpage>137</lpage><volume>1</volume><person-group><name><surname>ROTHMAN</surname><given-names>B. K.</given-names></name></person-group></element-citation></ref><ref id="B68"><element-citation publication-type="article"><article-title>El tráfico de mujeres: notas sobre la `economía política' del sexo</article-title><source>Nueva Antropología</source><date><year>1986</year></date><fpage>95</fpage><lpage>145</lpage><volume>8</volume><person-group><name><surname>RUBIN</surname><given-names>G.</given-names></name></person-group></element-citation></ref><ref id="B69"><element-citation publication-type="book"><source>The Conceptual Practices of Power</source><date><year>1986</year></date><person-group><name><surname>SMITH</surname><given-names>D. E.</given-names></name><name><surname>SMITH</surname><given-names>D. E.</given-names></name></person-group></element-citation></ref><ref id="B70"><element-citation publication-type="book"><source>Women and Health: The Politics of Sex in Medicine</source><date><year>1983</year></date><fpage>177</fpage><lpage>209</lpage><person-group><name><surname>STARK</surname><given-names>E.</given-names></name><name><surname>FLITCRAFT</surname><given-names>A.</given-names></name><name><surname>FRAZIER</surname><given-names>W.</given-names></name><name><surname>Fee</surname><given-names>E.</given-names></name><name><surname>Fee</surname><given-names>E.</given-names></name></person-group></element-citation></ref><ref id="B71"><element-citation publication-type="book"><source>Feminist Research</source><date><year>1988</year></date><fpage>86</fpage><lpage>95</lpage><person-group><name><surname>STOPPARD</surname><given-names>J. M.</given-names></name><name><surname>ancred-Sheriff</surname><given-names>P.</given-names></name><name><surname>ancred-Sheriff</surname><given-names>P.</given-names></name></person-group></element-citation></ref><ref id="B72"><element-citation publication-type="book"><source>Political Issues in Nursing</source><date><year>1988</year></date><fpage>33</fpage><lpage>44</lpage><person-group><name><surname>STORCH</surname><given-names>J. L.</given-names></name><name><surname>STINSON</surname><given-names>S. M.</given-names></name><name><surname>White</surname><given-names>R.</given-names></name><name><surname>White</surname><given-names>R.</given-names></name></person-group></element-citation></ref><ref id="B73"><element-citation publication-type="book"><source>Intimate Adversaries: Cultural Conflict Between Doctors &amp; Women Patients</source><date><year>1989</year></date><person-group><name><surname>TOOD</surname><given-names>A. D.</given-names></name><name><surname>TOOD</surname><given-names>A. D.</given-names></name></person-group></element-citation></ref><ref id="B74"><element-citation publication-type="book"><source>Body/Politics. Women and the Discourse of Science</source><date><year>1990</year></date><fpage>113</fpage><lpage>138</lpage><person-group><name><surname>TREICHLER</surname><given-names>P.</given-names></name><name><surname>Jacobus</surname><given-names>M.</given-names></name><name><surname>Feller</surname><given-names>E. F.</given-names></name><name><surname>Shuttleworth</surname><given-names>S.</given-names></name><name><surname>Jacobus</surname><given-names>M.</given-names></name><name><surname>Feller</surname><given-names>E. F.</given-names></name><name><surname>Shuttleworth</surname><given-names>S.</given-names></name></person-group></element-citation></ref><ref id="B75"><element-citation publication-type="book"><source>Sociology of Health Care in Canada</source><date><year>1988</year></date><fpage>154</fpage><lpage>166</lpage><person-group><name><surname>TRYPUC</surname><given-names>J. M.</given-names></name><name><surname>Bolaria</surname><given-names>B. Singh</given-names></name><name><surname>Dickinson</surname><given-names>H. D.</given-names></name><name><surname>Bolaria</surname><given-names>B. Singh</given-names></name><name><surname>Dickinson</surname><given-names>H. D.</given-names></name></person-group></element-citation></ref><ref id="B76"><element-citation publication-type="book"><source>Venid Benditas de mi Padre. Las Pobladoras, Sus Rutinas y Sus Sueños</source><date><year>1988</year></date><person-group><name><surname>VALDES</surname><given-names>T.</given-names></name><name><surname>VALDES</surname><given-names>T.</given-names></name></person-group></element-citation></ref><ref id="B77"><element-citation publication-type="article"><article-title>The twain meet: empirical explanations of sex differences in health and mortality</article-title><source>Journal of Health and Social Behaviour</source><date><year>1989</year></date><fpage>282</fpage><lpage>304</lpage><volume>30</volume><person-group><name><surname>VERBRUGGE</surname><given-names>L. M.</given-names></name></person-group></element-citation></ref><ref id="B78"><element-citation publication-type="article"><article-title>Gender and health: An update on hypothesis and evidence</article-title><source>Journal of Health and Social Behavior</source><date><year>1985</year></date><fpage>156</fpage><lpage>182</lpage><volume>26</volume><person-group><name><surname>VERBRUGGE</surname><given-names>L. M.</given-names></name></person-group></element-citation></ref><ref id="B79"><element-citation publication-type="article"><article-title>When the doctor is a `Lady': power, status, and Gender in physician-patient encounters</article-title><source>Symbolic Interactionism</source><date><year>1984</year></date><fpage>87</fpage><lpage>106</lpage><volume>7</volume><person-group><name><surname>WEST</surname><given-names>C.</given-names></name></person-group></element-citation></ref></ref-list></back></article></articles>