<articles xmlns:xsi="http://www.w3.org/2001/XMLSchema-instance" xsi:schemaLocation="https://raw.githubusercontent.com/scieloorg/articles_meta/master/tests/xsd/scielo_sci/ThomsonReuters_publishing.xsd" dtd-version="1.10"><article lang_id="pt" article-type="research-article"><front><journal-meta><journal-id journal-id-type="publisher">csp</journal-id><journal-title-group><journal-title>Cadernos de Saúde Pública</journal-title><abbrev-journal-title>Cad. Saúde Pública</abbrev-journal-title></journal-title-group><issn>1678-4464</issn><collection>SciELO Brazil</collection><publisher><publisher-name>Escola Nacional de Saúde Pública Sergio Arouca, Fundação Oswaldo Cruz</publisher-name></publisher></journal-meta><article-meta><unique-article-id pub-id-type="publisher-id">S0102-311X1988000300006</unique-article-id><article-id pub-id-type="publisher-id">S0102-311X1988000300006</article-id><article-id pub-id-type="doi">10.1590/S0102-311X1988000300006</article-id><article-categories><subj-group><subject>Health Policy &amp; Services</subject></subj-group></article-categories><title-group><article-title lang_id="pt">Freud: um epidemiologista?</article-title></title-group><contrib-group><contrib contrib-type="author"><name><surname>Castiel</surname><given-names>Luís David</given-names></name><role>ND</role><xref ref-type="aff" rid="A01"/></contrib></contrib-group><aff id="A01"><institution>Fundação Oswaldo Cruz</institution><country>Brazil</country></aff><pub-date><month>09</month><year>1988</year></pub-date><volume>4</volume><issue>3</issue><fpage>316</fpage><lpage>325</lpage><permissions><license license-type="open-access" href="http://creativecommons.org/licenses/by-nc/4.0/"><license-p>This work is licensed under a Creative Commons Attribution-NonCommercial 4.0 International License.</license-p></license></permissions><self-uri href="http://www.scielo.br/scielo.php?script=sci_arttext&amp;pid=S0102-311X1988000300006&amp;lng=en&amp;tlng=en" content-type="full_text_page"/><self-uri href="http://www.scielo.br/scielo.php?script=sci_issuetoc&amp;pid=0102-311X19880003&amp;lng=en" content-type="issue_page"/><self-uri href="http://www.scielosp.org/scielo.php?script=sci_serial&amp;pid=0102-311X&amp;lng=en" content-type="journal_page"/><abstract lang_id="pt"><p>Apresenta-se uma abordagem do raciocínio causal de Freud para as origens da histeria. Para isto, utilizam-se alguns cânones do "Sistema de Lógica" de John Stuart Mill. Percebe-se que, mesmo sem evidências empíricas, a formulação freudiana pode ser incluída dentro da lógica de Mill para a elaboração de hipóteses causais na pesquisa epidemiológica.</p></abstract><trans-abstract lang_id="en"><p>An approach to Freud's causal thinking concerning the origins of hysteria is presented. It is used John Stuart Mill's canons from his "Sistem of Logic". Even without empirical evidence, Freud' s thinking can be regarded through Mill's logic to devise causal hypotheses in epidemiologic research.</p></trans-abstract></article-meta></front><back><ref-list><ref id="B1"><element-citation publication-type="book"><source>Estudio Comparativo de las Parálisis Motrices Orgánicas y Histéricas</source><date><year>1973</year></date><person-group><name><surname>FREUD</surname><given-names>S.</given-names></name><name><surname>FREUD</surname><given-names>S.</given-names></name></person-group></element-citation></ref><ref id="B2"><element-citation publication-type="book"><source>El Mecanismo Psíquico de tos Fenômenos Histéricos</source><date><year>1973</year></date><person-group><name><surname>FREUD</surname><given-names>S.</given-names></name></person-group></element-citation></ref><ref id="B3"><element-citation publication-type="book"><source>La Herencia y la Etiología de las Neurosis</source><date><year>1973</year></date><person-group><name><surname>FREUD</surname><given-names>S.</given-names></name></person-group></element-citation></ref><ref id="B4"><element-citation publication-type="book"><source>Nuevas Observaciones sobre las neuropsicosis de Defensa</source><date><year>1973</year></date><person-group><name><surname>FREUD</surname><given-names>S.</given-names></name></person-group></element-citation></ref><ref id="B5"><element-citation publication-type="book"><source>La Etiología de la Histeria</source><date><year>1973</year></date><person-group><name><surname>FREUD</surname><given-names>S.</given-names></name></person-group></element-citation></ref><ref id="B6"><element-citation publication-type="book"><source>Psicoterapia de la Histeria</source><date><year>1973</year></date><person-group><name><surname>FREUD</surname><given-names>S.</given-names></name></person-group></element-citation></ref><ref id="B7"><element-citation publication-type="book"><source>Escritos</source><date><year>1978</year></date><person-group><name><surname>LACAN</surname><given-names>J.</given-names></name><name><surname>LACAN</surname><given-names>J.</given-names></name></person-group></element-citation></ref><ref id="B8"><element-citation publication-type="book"><source>O Seminário - livro 11: Os Quatro Conceitos Fundamentais da Psicanálise</source><date><year>1985</year></date><person-group><name><surname>LACAN</surname><given-names>J.</given-names></name></person-group></element-citation></ref><ref id="B9"><element-citation publication-type="book"><source>Vocabulário da Psicanálise</source><date><year>1986</year></date><person-group><name><surname>LAPLANCHE</surname><given-names>J.</given-names></name><name><surname>PONTALIS</surname><given-names>J. B.</given-names></name><name><surname>LAPLANCHE</surname><given-names>J.</given-names></name><name><surname>PONTALIS</surname><given-names>J. B.</given-names></name></person-group></element-citation></ref><ref id="B10"><element-citation publication-type="book"><source>A Correspondência Completa de Sigmund Freud para Wilhelm Fliess (1887-1904)</source><date><year>1987</year></date><person-group><name><surname>MASSON</surname><given-names>J. M.</given-names></name><name><surname>MASSON</surname><given-names>J. M.</given-names></name></person-group></element-citation></ref><ref id="B11"><element-citation publication-type="book"><source>Causal Thinking in the Health Sciences</source><date><year>1973</year></date><person-group><name><surname>SUSSER</surname><given-names>M.</given-names></name><name><surname>SUSSER</surname><given-names>M.</given-names></name></person-group></element-citation></ref><ref id="B12"><element-citation publication-type="book"><source>El Magnífico Niño del Psicoanálisis</source><date><year>1985</year></date><person-group><name><surname>NASIO</surname><given-names>J. D.</given-names></name><name><surname>NASIO</surname><given-names>J. D.</given-names></name></person-group></element-citation></ref><ref id="B13"><element-citation publication-type="book"><source>A Miséria do Historicismo</source><date><year>1980</year></date><person-group><name><surname>POPPER</surname><given-names>K.</given-names></name><name><surname>POPPER</surname><given-names>K.</given-names></name></person-group></element-citation></ref><ref id="B14"><element-citation publication-type="book"><source>Modern Epidemiology</source><date><year>1986</year></date><person-group><name><surname>ROTHMANN</surname><given-names>K. J.</given-names></name><name><surname>ROTHMANN</surname><given-names>K. J.</given-names></name></person-group></element-citation></ref><ref id="B15"><element-citation publication-type="book"><source>Causal Thinking in the health Sciences</source><date><year>1973</year></date><person-group><name><surname>SUSSER</surname><given-names>M.</given-names></name><name><surname>SUSSER</surname><given-names>M.</given-names></name></person-group></element-citation></ref></ref-list></back></article></articles>