<articles xmlns:xsi="http://www.w3.org/2001/XMLSchema-instance" xsi:schemaLocation="https://raw.githubusercontent.com/scieloorg/articles_meta/master/tests/xsd/scielo_sci/ThomsonReuters_publishing.xsd" dtd-version="1.10"><article lang_id="pt" article-type="research-article"><front><journal-meta><journal-id journal-id-type="publisher">csp</journal-id><journal-title-group><journal-title>Cadernos de Saúde Pública</journal-title><abbrev-journal-title>Cad. Saúde Pública</abbrev-journal-title></journal-title-group><issn>1678-4464</issn><collection>SciELO Brazil</collection><publisher><publisher-name>Escola Nacional de Saúde Pública Sergio Arouca, Fundação Oswaldo Cruz</publisher-name></publisher></journal-meta><article-meta><unique-article-id pub-id-type="publisher-id">S0102-311X1992000300006</unique-article-id><article-id pub-id-type="publisher-id">S0102-311X1992000300006</article-id><article-id pub-id-type="doi">10.1590/S0102-311X1992000300006</article-id><article-categories><subj-group><subject>Health Policy &amp; Services</subject></subj-group></article-categories><title-group><article-title lang_id="pt">Contribuições para um programa de educação continuada em saúde coletiva</article-title><trans-title-group lang_id="en"><trans-title>Reflections on a continuing education program in public health</trans-title></trans-title-group></title-group><contrib-group><contrib contrib-type="author"><name><surname>Paim</surname><given-names>Jairnilson S.</given-names></name><role>ND</role><xref ref-type="aff" rid="A01"/></contrib><contrib contrib-type="author"><name><surname>Nunes</surname><given-names>Tânia Celeste M.</given-names></name><role>ND</role><xref ref-type="aff" rid="A02"/></contrib></contrib-group><aff id="A01"><institution>Universidade Federal da Bahia</institution><country>Brazil</country></aff><aff id="A02"><institution>Fundação Oswaldo Cruz</institution><country>Brazil</country></aff><pub-date><month>09</month><year>1992</year></pub-date><volume>8</volume><issue>3</issue><fpage>262</fpage><lpage>269</lpage><permissions><license license-type="open-access" href="http://creativecommons.org/licenses/by-nc/4.0/"><license-p>This work is licensed under a Creative Commons Attribution-NonCommercial 4.0 International License.</license-p></license></permissions><self-uri href="http://www.scielo.br/scielo.php?script=sci_arttext&amp;pid=S0102-311X1992000300006&amp;lng=en&amp;tlng=en" content-type="full_text_page"/><self-uri href="http://www.scielosp.org/scielo.php?script=sci_issuetoc&amp;pid=0102-311X19920003&amp;lng=en" content-type="issue_page"/><self-uri href="http://www.scielosp.org/scielo.php?script=sci_serial&amp;pid=0102-311X&amp;lng=en" content-type="journal_page"/><abstract lang_id="pt"><p>O presente trabalho constitui-se em um conjunto de reflexões para um Projeto de Educação Continuada dirigido a profissionais de saúde coletiva. A partir de reflexões sobre o tema que vêm sendo estimuladas pela Escola Nacional de Saúde Pública da Fiocruz, os autores sugerem um referencial teórico nos campos da saúde coletiva e da educação, apontando para a formulação de objetivos baseados em dados do contexto nacional, em fatores sócio-econômicos, nos determinantes das condições de saúde, nas políticas de saúde e trabalho e nas estruturas e objetivos das instituições onde estejam inseridas as clientelas eleitas pelo Programa. A estratégia aponta para cinco pontos fundamentais, recomendando a organização de um banco de dados de egressos, a articulação entre universidades e órgãos formadores de recursos humanos da área de saúde, a realização de oficinas e seminários, a análise de conjunturas locais com definição de seus prováveis cenários e a opção pelo nível local. O Programa elege o trabalho como eixo integrador de suas ações, superando o modo escolar de ensinar e aprender, oferecendo um processo educativo a partir de dados da realidade, organizado entre docentes das instituições acadêmicas e agentes das práticas de saúde, privilegiando o enfrentamento e a solução dos problemas dos serviços como referência para a aplicação dos conhecimentos produzidos e base de reflexão para a recriação das práticas de saúde em vigor.</p></abstract><trans-abstract lang_id="en"><p>This paper is a set of reflections for a Project on Continued Education aimed at professionals in collective health. From reflections on the subject that are being promoted by the National School of Public Health at the Oswaldo Cruz Foundation in Rio de Janeiro, the authors suggest a theoretical reference in the fields of collective health and education, pointing to the formulation of objectives based on data from the national context, socioeconomic factors, determinants of health conditions, health and labor policies, as well as structures and objectives of the home institutions of health professionals for whom the Program is designed. This strategy points to five major aspects and recommends the creation of a data bank on graduates, articulation between universities and agencies devoted to training human resources in health, development of workshops and seminars, and analysis of local conjunctures, with the definition of likely scenarios and choices at the local level. The issue of work is the integrating thrust of the Program's actions, going beyond the academic way of teaching and learning, and from data on reality providing an educational process organized between teachers of academic institutions and agents of health practices, favouring the confrontation and solution of problems in health services as the basis for the application of knowledge that has been generated and for the reflection towards the "re-creation" of current health practices.</p></trans-abstract><kwd-group lang_id="pt" kwd-group-type="author-generated"><kwd>Educação Continuada</kwd><kwd>Recursos Humanos</kwd><kwd>Educação em Serviços de Saúde</kwd></kwd-group><kwd-group lang_id="en" kwd-group-type="author-generated"><kwd>Continuing Education</kwd><kwd>Human Resources</kwd><kwd>Education and Health Services</kwd></kwd-group></article-meta></front><back><ref-list><ref id="B1"><element-citation publication-type="book"><source>Palavras de ordem geral</source><date><year>1969</year></date><fpage>7</fpage><person-group><name><surname>CABRAL</surname><given-names>A.</given-names></name><name><surname>CABRAL</surname><given-names>A.</given-names></name></person-group></element-citation></ref><ref id="B2"><element-citation publication-type="book"><source>Sistema Único de Saúde</source><date><year>1990</year></date><fpage>26</fpage></element-citation></ref><ref id="B3"><element-citation publication-type="thesis"><source>A prática e a formação do Sanitarista: O Caso de Alagoas. 1979-1986</source><date><year>1988</year></date><person-group><name><surname>COSTA</surname><given-names>M. G. S.</given-names></name><name><surname>COSTA</surname><given-names>M. G. S.</given-names></name></person-group></element-citation></ref><ref id="B4"><element-citation publication-type="article"><article-title>Organização Pan-americana da Saúde: Processo de educación permanente en Salud</article-title><source>Educación Médica y Salud</source><date><year>1987</year></date><fpage>11</fpage><lpage>29</lpage><volume>21</volume><person-group><name><surname>HADDAD</surname><given-names>J.</given-names></name><name><surname>MOJICA</surname><given-names>M. J.</given-names></name><name><surname>CHANG</surname><given-names>M.</given-names></name></person-group></element-citation></ref><ref id="B5"><element-citation publication-type="book"><source>Projeto de Educação Continuada: Reunião com equipe precursora - 1 a 2.10.90</source><date><year>1990</year></date><fpage>13</fpage></element-citation></ref><ref id="B6"><element-citation publication-type="article"><article-title>Organização Pan-americana da Saúde: La educación a distancia como opción metodológica para el desarollo de processos permanentes de educación para los recursos humanos en Salud</article-title><source>Educación Medica y Salud</source><date><year>1987</year></date><fpage>56</fpage><lpage>59</lpage><volume>21</volume><person-group><name><surname>MULLER</surname><given-names>A. K.</given-names></name></person-group></element-citation></ref><ref id="B7"><element-citation publication-type="book"><source>Saúde, Crise e Reformas</source><date><year>1986</year></date><fpage>105</fpage><lpage>129</lpage><person-group><name><surname>PAIM</surname><given-names>J.</given-names></name></person-group></element-citation></ref><ref id="B8"><element-citation publication-type="article"><article-title>Organização Pan-americana da Saúde: La facilitación pedagógica de los responsables de la educación permanente</article-title><source>Educación Médica y Salud</source><date><year>1989</year></date><fpage>283</fpage><lpage>295</lpage><volume>23</volume><person-group><name><surname>RODAS</surname><given-names>I.</given-names></name><name><surname>QUINONEZ</surname><given-names>J.</given-names></name><name><surname>LOPEZ</surname><given-names>M. T.</given-names></name><name><surname>MOLINA</surname><given-names>S.</given-names></name></person-group></element-citation></ref><ref id="B9"><element-citation publication-type="article"><article-title>Educação continuada nos serviços de saúde</article-title><source>Boletim da Associação Brasileira de Educação Médica</source><date><year>1990</year></date><fpage>2</fpage><volume>22</volume><person-group><name><surname>SANTANA</surname><given-names>J. P.</given-names></name></person-group></element-citation></ref><ref id="B10"><element-citation publication-type="book"><source>Educación Permanente de Personal de Salud en la Región de las Americas</source><date><year>1981</year></date><volume>4</volume><person-group><name><surname>SOUZA</surname><given-names>A. M. A.</given-names></name><name><surname>GALVÃO</surname><given-names>E. A.</given-names></name><name><surname>SANTOS</surname><given-names>I.</given-names></name></person-group></element-citation></ref><ref id="B11"><element-citation publication-type="book"><source>Educación Permanente de Personal de Salud en la Región de las Americas</source><date><year>1981</year></date><fpage>3</fpage><lpage>20</lpage><volume>4</volume><person-group><name><surname>SOUZA</surname><given-names>A. M. A.</given-names></name></person-group></element-citation></ref></ref-list></back></article></articles>