<articles xmlns:xsi="http://www.w3.org/2001/XMLSchema-instance" xsi:schemaLocation="https://raw.githubusercontent.com/scieloorg/articles_meta/master/tests/xsd/scielo_sci/ThomsonReuters_publishing.xsd" dtd-version="1.10"><article lang_id="pt" article-type="research-article"><front><journal-meta><journal-id journal-id-type="publisher">csp</journal-id><journal-title-group><journal-title>Cadernos de Saúde Pública</journal-title><abbrev-journal-title>Cad. Saúde Pública</abbrev-journal-title></journal-title-group><issn>1678-4464</issn><collection>SciELO Public Health</collection><publisher><publisher-name>Escola Nacional de Saúde Pública Sergio Arouca, Fundação Oswaldo Cruz</publisher-name></publisher></journal-meta><article-meta><unique-article-id pub-id-type="publisher-id">S0102-311X1989000200006</unique-article-id><article-id pub-id-type="publisher-id">S0102-311X1989000200006</article-id><article-id pub-id-type="doi">10.1590/S0102-311X1989000200006</article-id><article-categories><subj-group><subject>Health Policy &amp; Services</subject></subj-group></article-categories><title-group><article-title lang_id="pt">A prática de planejamento familiar em mulheres de baixa renda no município do Rio de Janeiro</article-title></title-group><contrib-group><contrib contrib-type="author"><name><surname>Costa</surname><given-names>Sarah Hawker</given-names></name><role>ND</role></contrib><contrib contrib-type="author"><name><surname>Martins</surname><given-names>Ignez Ramos</given-names></name><role>ND</role></contrib><contrib contrib-type="author"><name><surname>Pinto</surname><given-names>Cristiane Schuch</given-names></name><role>ND</role></contrib><contrib contrib-type="author"><name><surname>Freitas</surname><given-names>Sylvia Regina da Silva</given-names></name><role>ND</role></contrib></contrib-group><pub-date><month>04</month><year>1989</year></pub-date><volume>5</volume><issue>2</issue><fpage>187</fpage><lpage>206</lpage><permissions><license license-type="open-access" href="http://creativecommons.org/licenses/by/4.0/"><license-p>This work is licensed under a Creative Commons Attribution 4.0 International License.</license-p></license></permissions><self-uri href="http://www.scielosp.org/scielo.php?script=sci_arttext&amp;pid=S0102-311X1989000200006&amp;lng=en&amp;tlng=en" content-type="full_text_page"/><self-uri href="http://www.scielosp.org/scielo.php?script=sci_issuetoc&amp;pid=0102-311X19890002&amp;lng=en" content-type="issue_page"/><self-uri href="http://www.scielosp.org/scielo.php?script=sci_serial&amp;pid=0102-311X&amp;lng=en" content-type="journal_page"/><abstract lang_id="pt"><p>Este trabalho examina a prática contraceptiva e os problemas que as mulheres de baixa renda enfrentam no controle de sua fecundidade. A discussão é baseada nos dados de uma pesquisa coletados entre 1984 e 1985 em sete favelas situadas na Região Metropolitana do Rio de Janeiro. Apesar da ausência de um programa de planejamento familiar na área do estudo, foi encontrada uma alta prevalência de uso de contraceptivos entre as mulheres em união (67%). A análise revela porém, que a alta prevalência foi resultado quase que exclusivamente do uso de dois métodos femininos altamente eficazes contracepção oral e esterilização feminina. A forma como estes métodos vêm sendo utilizados está associada a altos riscos desnecessários à saúde da mulher. Foi concluído que é necessário que os cuidados de planejamento familiar façam parte de um programa integral à saúde da mulher, um programa que ofereça um amplo leque de métodos contraceptivos reversíveis e que dê ênfase às atividades de práticas educativas. De fato, esses princípios estão contidos no PAISM, mas a sua implementação efetiva depende não só de mudanças no setor saúde, mas principalmente de transformações amplas dentro da sociedade brasileira.</p></abstract><trans-abstract lang_id="en"><p>This paper examines contraceptive practice and the problems low income women face in controlling their fertility. The discussion is based on survey data collected between 1984 and 1985 in seven slum communities (favelas) situated in the metropolitan area of Rio de Janeiro, Brazil. Despite the absence of family planning care, in the study area, a contraceptive prevalence rates of 67% among women in union was observed. The analysis reveals, however, that high prevalence was achieved almost exclusively, through the use of two effective female methods oral contraception and female sterilization. Use of these methods was seen to be associated with unnecessarily high health risks. It is concluded that family planning care, as part of an integral health care programme for women is required, that places emphasis on health education activities and offers the full range of reversible contraceptives. Although PAISM contemplates such a programme, its effective implementation depends not only on changes within the health sector but more importantly on ample transformations within Brazilian society.</p></trans-abstract></article-meta></front><back><ref-list><ref id="B1"><element-citation publication-type="article"><article-title>Fertility and Family Planning in Brazil</article-title><source>International Family Planning Perspectives</source><date><year>1983</year></date><issue>4</issue><volume>9</volume><person-group><name><surname>MERRICK</surname><given-names>T. W.</given-names></name></person-group></element-citation></ref><ref id="B2"><element-citation publication-type="book"><source>Pesquisa Nacional sobre Saúde Materno-Infantil e Planejamento Familiar no Brasil</source></element-citation></ref><ref id="B3"><element-citation publication-type="article"><article-title>Prática Contraceptiva atual em alguns estados brasileiros</article-title><source>Anais Terceiro Encontro Nacional</source><date><year>1982</year></date><person-group><name><surname>THOMÉ</surname><given-names>A. M. T.</given-names></name><name><surname>RODRIGUES</surname><given-names>W.</given-names></name><name><surname>COSTA</surname><given-names>M.</given-names></name></person-group></element-citation></ref><ref id="B4"><element-citation publication-type="article"><article-title>Contraceptive prevalence in the slums of Rio de Janeiro</article-title><source>Studies in Family Planning</source><date><year>1986</year></date><fpage>4452</fpage><volume>17</volume><person-group><name><surname>WAWER</surname><given-names>M.</given-names></name><name><surname>LASSENER</surname><given-names>K. J.</given-names></name><name><surname>HANFF</surname><given-names>B. B. C.</given-names></name></person-group></element-citation></ref><ref id="B5"><element-citation publication-type="article"><article-title>Dados da Realidade Brasileira</article-title><source>Indicadores Sociais</source><date><year>1982</year></date></element-citation></ref><ref id="B6"><element-citation publication-type="book"><source>Assistência Integral à Saúde da Mulher: Subsídios para uma ação programática</source><date><year>1983</year></date></element-citation></ref><ref id="B7"><element-citation publication-type="book"><source>Family Planning Practice Among low Income Women in Rio de Janeiro: Final Report</source><date><year>1987</year></date><person-group><name><surname>COSTA</surname><given-names>S. H.</given-names></name><name><surname>MARTINS</surname><given-names>I. R.</given-names></name><name><surname>PINTO</surname><given-names>C. S.</given-names></name><name><surname>FREITAS</surname><given-names>S. R. S.</given-names></name><name><surname>COSTA</surname><given-names>S. H.</given-names></name><name><surname>MARTINS</surname><given-names>I. R.</given-names></name><name><surname>PINTO</surname><given-names>C. S.</given-names></name><name><surname>FREITAS</surname><given-names>S. R. S.</given-names></name></person-group></element-citation></ref><ref id="B8"><element-citation publication-type="book"><source>The World Fertility Survey: Current status and Findings</source><date><year>1979</year></date></element-citation></ref><ref id="B9"><element-citation publication-type="book"><source>Sobre o declínio da fecundidade e a anticoncepção em São Paulo: (Análise Preliminar)</source><date><year>1986</year></date><person-group><name><surname>BERQUO</surname><given-names>E. S.</given-names></name><name><surname>BERQUO</surname><given-names>E. S.</given-names></name></person-group></element-citation></ref><ref id="B10"><element-citation publication-type="article"><article-title>As Informações sobre fecundidade, mortalidade e anticoncepção nas PNADS</article-title><source>PNADS em Foco Ano 80</source><date><year>1988</year></date><person-group><name><surname>OLIVEIRA</surname><given-names>L. A. P.</given-names></name><name><surname>SIMÕES</surname><given-names>C. C. S</given-names></name></person-group></element-citation></ref><ref id="B11"><element-citation publication-type="article"><article-title>Anticoncepcionais orais e pressão arterial pesquisa epidemiológica de hipertensão arterial no Rio Grande do Sul</article-title><source>Cadernos de Saúde Pública. RJ</source><date><year>1985</year></date><fpage>177</fpage><lpage>191</lpage><issue>2</issue><volume>1</volume><person-group><name><surname>SZWARCWALD</surname><given-names>C. L.</given-names></name><name><surname>COSTA</surname><given-names>S. H.</given-names></name><name><surname>COSTA</surname><given-names>E. A.</given-names></name></person-group></element-citation></ref><ref id="B12"><element-citation publication-type="book"><source>Censo Nacional de Diabetes</source></element-citation></ref><ref id="B13"><element-citation publication-type="article"><article-title>Freqüência e adequação no uso de Métodos Contraceptivos por Mulheres de Campinas</article-title><source>Rev. Paul. Med.</source><date><year>1986</year></date><fpage>44</fpage><lpage>46</lpage><issue>1</issue><volume>104</volume><person-group><name><surname>FAUNDES</surname><given-names>A.</given-names></name><name><surname>DIAZ</surname><given-names>J. A.</given-names></name><name><surname>PINOTTI</surname><given-names>A. J.</given-names></name></person-group></element-citation></ref><ref id="B14"><element-citation publication-type="article"><article-title>Esterilização Feminina: liberdade e opressão</article-title><source>Revista Brasileira de Saúde Pública</source><date><year>1984</year></date><fpage>170</fpage><lpage>80</lpage><volume>18</volume><person-group><name><surname>BARROSO</surname><given-names>C.</given-names></name></person-group></element-citation></ref></ref-list></back></article></articles>