<articles xmlns:xsi="http://www.w3.org/2001/XMLSchema-instance" xsi:schemaLocation="https://raw.githubusercontent.com/scieloorg/articles_meta/master/tests/xsd/scielo_sci/ThomsonReuters_publishing.xsd" dtd-version="1.10"><article lang_id="pt" article-type="research-article"><front><journal-meta><journal-id journal-id-type="publisher">csp</journal-id><journal-title-group><journal-title>Cadernos de Saúde Pública</journal-title><abbrev-journal-title>Cad. Saúde Pública</abbrev-journal-title></journal-title-group><issn>1678-4464</issn><collection>SciELO Brazil</collection><publisher><publisher-name>Escola Nacional de Saúde Pública Sergio Arouca, Fundação Oswaldo Cruz</publisher-name></publisher></journal-meta><article-meta><unique-article-id pub-id-type="publisher-id">S0102-311X1990000300002</unique-article-id><article-id pub-id-type="publisher-id">S0102-311X1990000300002</article-id><article-id pub-id-type="doi">10.1590/S0102-311X1990000300002</article-id><article-categories><subj-group><subject>Health Policy &amp; Services</subject></subj-group></article-categories><title-group><article-title lang_id="pt">Gerência dos serviços de saúde</article-title></title-group><contrib-group><contrib contrib-type="author"><name><surname>Junqueira</surname><given-names>Luciano A. Prates</given-names></name><role>ND</role><xref ref-type="aff" rid="A01"/></contrib></contrib-group><aff id="A01"><institution>Pontifícia Universidade Católica de São Paulo</institution><country>Brazil</country></aff><pub-date><month>09</month><year>1990</year></pub-date><volume>6</volume><issue>3</issue><fpage>247</fpage><lpage>259</lpage><permissions><license license-type="open-access" href="http://creativecommons.org/licenses/by-nc/4.0/"><license-p>This work is licensed under a Creative Commons Attribution-NonCommercial 4.0 International License.</license-p></license></permissions><self-uri href="http://www.scielo.br/scielo.php?script=sci_arttext&amp;pid=S0102-311X1990000300002&amp;lng=en&amp;tlng=en" content-type="full_text_page"/><self-uri href="http://www.scielo.br/scielo.php?script=sci_issuetoc&amp;pid=0102-311X19900003&amp;lng=en" content-type="issue_page"/><self-uri href="http://www.scielosp.org/scielo.php?script=sci_serial&amp;pid=0102-311X&amp;lng=en" content-type="journal_page"/><abstract lang_id="pt"><p>E abordada a necessidade de mudar a prática dos serviços de saúde, superando os fatores que ocasionam seu baixo desempenho. Privilegia-se a gerência como fator determinante para atingir os objetivos organizacionais, mediante planejamento, coordenação, direção e controle. A gerência dos serviços de saúde requer conhecimentos e habilidades nas dimensões técnica, administrativa e psicossocial. O gerente deve mobilizar e comprometer seus funcionários na organização e produção dos serviços de saúde. Retoma-se a idéia de equipe de saúde, repensando o papel de cada profissional. Discute-se a lógica das organizações públicas onde ainda prevalece o interesse da burocracia em prejuízo de clientela. O gerente, como uma pessoa de decisão, necessita, para exercer seu papel de informações, de autonomia e de um referencial. Nesse sentido é apresentada a importância do modelo assistencial e da questão da descentralização.</p></abstract><trans-abstract lang_id="en"><p>This article focuses the necessity of a change in health services, overcoming the factors that are the cause of low performance. Special treatment is accorded to the management as a fundamental factor to reach the organizational objectives, through planning, coordination, direction and control. The management of health services requires knowledge and skill in the technical, administrative and psychosocial dimension. The manager must mobilize and engage his personnel in organization and production of health services. The idea of health team is reexamined, re-thinking the role of each professional. The logic of the public organizations where the interest of burocracy prevails over clientele interests is discussed. The manager as a decision-making person needs, to perform his functions, information, autonomy and references. In this sense it shows the importance of the health model and the question of decentralization.</p></trans-abstract></article-meta></front><back><ref-list><ref id="B1"><element-citation publication-type="book"><source>Análisis de las Organizaciones de Salud</source><date><year>1987</year></date><fpage>116</fpage><lpage>127</lpage><volume>4</volume><person-group><name><surname>ACUNÃ</surname><given-names>Eduardo A.</given-names></name></person-group></element-citation></ref><ref id="B2"><element-citation publication-type="book"><source>Trabalho e Capital Monopolista</source><date><year>1981</year></date><person-group><name><surname>BRAVERMAN</surname><given-names>H.</given-names></name><name><surname>BRAVERMAN</surname><given-names>H.</given-names></name></person-group></element-citation></ref><ref id="B3"><element-citation publication-type="book"><source>Reforma Sanitária: Itália e Brasil</source><date><year>1988</year></date><fpage>179</fpage><lpage>194</lpage><person-group><name><surname>CAMPOS</surname><given-names>Gastão W. de S.</given-names></name><name><surname>Berlinguer</surname><given-names>G.</given-names></name><name><surname>Berlinguer</surname><given-names>G.</given-names></name></person-group></element-citation></ref><ref id="B4"><element-citation publication-type="book"><source>Administração: Teoria, Processo e Prática</source><date><year>1985</year></date><person-group><name><surname>CHIAVENATO</surname><given-names>I.</given-names></name><name><surname>CHIAVENATO</surname><given-names>I.</given-names></name></person-group></element-citation></ref><ref id="B5"><element-citation publication-type="book"><source>Medición y Gestión de los Servidos Médicos y Sanitarios</source><date><year>1982</year></date><person-group><name><surname>EVANS</surname><given-names>John</given-names></name><name><surname>EVANS</surname><given-names>John</given-names></name></person-group></element-citation></ref><ref id="B6"><element-citation publication-type="book"><source>Administração Contemporânea: Teoria, prática e casos</source><date><year>1980</year></date><person-group><name><surname>HAMPTON</surname><given-names>D. R.</given-names></name><name><surname>HAMPTON</surname><given-names>D. R.</given-names></name></person-group></element-citation></ref><ref id="B7"><element-citation publication-type="article"><article-title>Organização e Prestação Pública dos Serviços de Saúde</article-title><source>Cadernos Fundap</source><date><month>04</month><year>1987</year></date><fpage>52</fpage><lpage>56</lpage><issue>13</issue><volume>7</volume><person-group><name><surname>JUNQUEIRA</surname><given-names>Luciano A. P.</given-names></name></person-group></element-citation></ref><ref id="B8"><element-citation publication-type="book"><source>Desenvolvimento de Recursos Humanos e Mudança Organizacional</source><date><year>1985</year></date><person-group><name><surname>MATTOS</surname><given-names>Ruy A.</given-names></name><name><surname>MATTOS</surname><given-names>Ruy A.</given-names></name></person-group></element-citation></ref><ref id="B9"><element-citation publication-type="book"><source>Gerência e Democracia nas Organizações</source><date><year>1988</year></date><person-group><name><surname>MATTOS</surname><given-names>Ruy A.</given-names></name></person-group></element-citation></ref><ref id="B10"><element-citation publication-type="book"><source>Propuesta de Apoyo al Desarrollo y Fortalecimiento de los Sistemas Locales de Salud y al Proceso de Descentralización en los paises de la Región de las Américas</source><date><month>08</month><year>1987</year></date></element-citation></ref></ref-list></back></article></articles>