<articles xmlns:xsi="http://www.w3.org/2001/XMLSchema-instance" xsi:schemaLocation="https://raw.githubusercontent.com/scieloorg/articles_meta/master/tests/xsd/scielo_sci/ThomsonReuters_publishing.xsd" dtd-version="1.10"><article lang_id="pt" article-type="research-article"><front><journal-meta><journal-id journal-id-type="publisher">csp</journal-id><journal-title-group><journal-title>Cadernos de Saúde Pública</journal-title><abbrev-journal-title>Cad. Saúde Pública</abbrev-journal-title></journal-title-group><issn>1678-4464</issn><collection>SciELO Brazil</collection><publisher><publisher-name>Escola Nacional de Saúde Pública Sergio Arouca, Fundação Oswaldo Cruz</publisher-name></publisher></journal-meta><article-meta><unique-article-id pub-id-type="publisher-id">S0102-311X1987000100006</unique-article-id><article-id pub-id-type="publisher-id">S0102-311X1987000100006</article-id><article-id pub-id-type="doi">10.1590/S0102-311X1987000100006</article-id><article-categories><subj-group><subject>Health Policy &amp; Services</subject></subj-group></article-categories><title-group><article-title lang_id="pt">Primeiras observações sobre o Aedes Albopictus no estado do Espírito Santo, Brasil</article-title><trans-title-group lang_id="en"><trans-title>First observations on Aedes albopictus in the State of Espirito Santo, Brasil</trans-title></trans-title-group></title-group><contrib-group><contrib contrib-type="author"><name><surname>Ferreira Neto</surname><given-names>Joaquim A.</given-names></name><role>ND</role><xref ref-type="aff" rid="A01"/></contrib><contrib contrib-type="author"><name><surname>Lima</surname><given-names>Milton Moura</given-names></name><role>ND</role><xref ref-type="aff" rid="A02"/></contrib><contrib contrib-type="author"><name><surname>Aragão</surname><given-names>Mario B.</given-names></name><role>ND</role><xref ref-type="aff" rid="A02"/></contrib></contrib-group><aff id="A01"><institution>SUCAM</institution></aff><aff id="A02"><institution>Fundação Oswaldo Cruz</institution><country>Brazil</country></aff><pub-date><month>03</month><year>1987</year></pub-date><volume>3</volume><issue>1</issue><fpage>56</fpage><lpage>61</lpage><permissions><license license-type="open-access" href="http://creativecommons.org/licenses/by-nc/4.0/"><license-p>This work is licensed under a Creative Commons Attribution-NonCommercial 4.0 International License.</license-p></license></permissions><self-uri href="http://www.scielo.br/scielo.php?script=sci_arttext&amp;pid=S0102-311X1987000100006&amp;lng=en&amp;tlng=en" content-type="full_text_page"/><self-uri href="http://www.scielosp.org/scielo.php?script=sci_issuetoc&amp;pid=0102-311X19870001&amp;lng=en" content-type="issue_page"/><self-uri href="http://www.scielosp.org/scielo.php?script=sci_serial&amp;pid=0102-311X&amp;lng=en" content-type="journal_page"/><abstract lang_id="pt"><p>Observações realizadas no Estado do Espírito Santo mostraram que o Aedes albopictus, ao ser introduzido no Brasil, não modificou, significativamente, o seu comportamento. Os criadouros são os mesmos utilizados na Ásia e situados, de preferência, em áreas abertas. Os mosquitos adultos se abrigam em vegetação baixa e freqüentam pouco o domicílio.</p></abstract><trans-abstract lang_id="en"><p>Observations performed at the State of Espirito Santo showed that Aedes albopictus did not change its behaviour to a significant extent after being introduced in Brazil. The breeding places are the same as those described in Asia and can be found more frequently in open areas. The adult mosquitoes rest in short vegetation and only sporadically penetrate into the human habitations.</p></trans-abstract></article-meta></front><back><ref-list><ref id="B1"><element-citation publication-type="article"><article-title>The distribution of mosquito breeding by type of container in Honolulu, T.H.</article-title><source>Proc. Hawn. Ent. Soc.</source><date><year>1947</year></date><fpage>43</fpage><lpage>9</lpage><volume>13</volume><person-group><name><surname>BONNET</surname><given-names>D.D.</given-names></name></person-group></element-citation></ref><ref id="B2"><element-citation publication-type="article"><article-title>Aedes albopictus infestation: United States, Brazil</article-title><source>MMWR</source><date><year>1986</year></date><fpage>493</fpage><lpage>5</lpage><volume>35</volume></element-citation></ref><ref id="B3"><element-citation publication-type="article"><article-title>Aedes aegypti (L.) and Aedes albopictus (Skuse) in Singapore City: 2. Larval habitats</article-title><source>Bull. Wld Hlth Org.</source><date><year>1971</year></date><fpage>629</fpage><lpage>33</lpage><volume>44</volume><person-group><name><surname>CHAN</surname><given-names>K.L.</given-names></name><name><surname>HO</surname><given-names>B.C.</given-names></name><name><surname>CHAN</surname><given-names>Y.C.</given-names></name></person-group></element-citation></ref><ref id="B4"><element-citation publication-type="article"><article-title>Identificação de Aedes (Stegomyia) albopictus (Skuse) no Brasil</article-title><source>Rev. Saúde publ., S. Paulo</source><date><year>1986</year></date><fpage>244</fpage><lpage>5</lpage><volume>20</volume><person-group><name><surname>FORATTINI</surname><given-names>O.P.</given-names></name></person-group></element-citation></ref><ref id="B5"><element-citation publication-type="article"><article-title>Observations on possible competitive displacement between populations of Aedes aegypti Lineaus and Aedes albopictus Skuse in Calcuta</article-title><source>Bull. Wld Hlth Org.</source><date><year>1967</year></date><fpage>437</fpage><lpage>46</lpage><volume>37</volume><person-group><name><surname>GILOTRA</surname><given-names>S.K.</given-names></name><name><surname>ROZEBOON</surname><given-names>L.E.</given-names></name><name><surname>BHATTACHARYA</surname><given-names>N.C.</given-names></name></person-group></element-citation></ref><ref id="B6"><element-citation publication-type="article"><article-title>Mosquito control problems in Japan</article-title><source>Mosq. News</source><date><year>1947</year></date><fpage>7</fpage><lpage>11</lpage><volume>7</volume><person-group><name><surname>GRAG</surname><given-names>H.F.</given-names></name></person-group></element-citation></ref><ref id="B7"><element-citation publication-type="article"><article-title>Variation in oviposition, hatch rate and setal morphology in laboratory strains of Aedes albopictus</article-title><source>Mosc. News</source><date><year>1982</year></date><fpage>196</fpage><lpage>211</lpage><volume>42</volume><person-group><name><surname>MOGI</surname><given-names>M.</given-names></name></person-group></element-citation></ref><ref id="B8"><element-citation publication-type="article"><article-title>Relative population densities of Aedes albopictus and A. guamensis on Guam</article-title><source>Bull. Wld Hlth Org.</source><date><year>1972</year></date><fpage>477</fpage><lpage>83</lpage><volume>46</volume><person-group><name><surname>ROZEBOOM</surname><given-names>L.E.</given-names></name><name><surname>BRIDGES</surname><given-names>J.R.</given-names></name></person-group></element-citation></ref><ref id="B9"><element-citation publication-type="article"><article-title>Entomological phases of the recent dengue epidemic in Honolulu</article-title><source>Publ. Health Rep.</source><date><year>1944</year></date><fpage>423</fpage><lpage>30</lpage><volume>59</volume><person-group><name><surname>USINGER</surname><given-names>R.I.</given-names></name></person-group></element-citation></ref></ref-list></back></article></articles>