<articles xmlns:xsi="http://www.w3.org/2001/XMLSchema-instance" xsi:schemaLocation="https://raw.githubusercontent.com/scieloorg/articles_meta/master/tests/xsd/scielo_sci/ThomsonReuters_publishing.xsd" dtd-version="1.10"><article lang_id="pt" article-type="research-article"><front><journal-meta><journal-id journal-id-type="publisher">csp</journal-id><journal-title-group><journal-title>Cadernos de Saúde Pública</journal-title><abbrev-journal-title>Cad. Saúde Pública</abbrev-journal-title></journal-title-group><issn>1678-4464</issn><collection>SciELO Brazil</collection><publisher><publisher-name>Escola Nacional de Saúde Pública Sergio Arouca, Fundação Oswaldo Cruz</publisher-name></publisher></journal-meta><article-meta><unique-article-id pub-id-type="publisher-id">S0102-311X1991000300010</unique-article-id><article-id pub-id-type="publisher-id">S0102-311X1991000300010</article-id><article-id pub-id-type="doi">10.1590/S0102-311X1991000300010</article-id><article-categories><subj-group><subject>Health Policy &amp; Services</subject></subj-group></article-categories><title-group><article-title lang_id="pt">A modernidade da gestão: proposta de um modelo de estrutura organizativa</article-title></title-group><contrib-group><contrib contrib-type="author"><name><surname>Cynamon</surname><given-names>Szachna Eliasz</given-names></name><role>ND</role><xref ref-type="aff" rid="A01"/></contrib><contrib contrib-type="author"><name><surname>Sayeg</surname><given-names>Mário Antônio</given-names></name><role>ND</role><xref ref-type="aff" rid="A02"/></contrib></contrib-group><aff id="A02"><institution>Fundação Oswaldo Cruz</institution><country>Brazil</country></aff><aff id="A01"><institution>Fundação Oswaldo Cruz</institution><country>Brazil</country></aff><pub-date><month>09</month><year>1991</year></pub-date><volume>7</volume><issue>3</issue><fpage>416</fpage><lpage>423</lpage><permissions><license license-type="open-access" href="http://creativecommons.org/licenses/by-nc/4.0/"><license-p>This work is licensed under a Creative Commons Attribution-NonCommercial 4.0 International License.</license-p></license></permissions><self-uri href="http://www.scielo.br/scielo.php?script=sci_arttext&amp;pid=S0102-311X1991000300010&amp;lng=en&amp;tlng=en" content-type="full_text_page"/><self-uri href="http://www.scielosp.org/scielo.php?script=sci_issuetoc&amp;pid=0102-311X19910003&amp;lng=en" content-type="issue_page"/><self-uri href="http://www.scielosp.org/scielo.php?script=sci_serial&amp;pid=0102-311X&amp;lng=en" content-type="journal_page"/></article-meta></front><back><ref-list><ref id="B1"><element-citation publication-type="book"><source>Teoria das Organizações: tradução de Hugo Warlich</source><date><year>1981</year></date><person-group><name><surname>MARCH</surname><given-names>J.G.</given-names></name><name><surname>SIMON</surname><given-names>A.A.</given-names></name><name><surname>MARCH</surname><given-names>J.G.</given-names></name><name><surname>SIMON</surname><given-names>A.A.</given-names></name></person-group></element-citation></ref><ref id="B2"><element-citation publication-type="article"><article-title>A gerência na década de 90</article-title><source>Revista de Administração Pública</source><date><month>01</month><year>1988</year></date><fpage>59 </fpage><lpage>85</lpage><issue>1</issue><volume>22</volume><person-group><name><surname>KLIKSBERG</surname><given-names>Bernardo</given-names></name></person-group></element-citation></ref><ref id="B3"><element-citation publication-type="article"><article-title>Para que modernizar a Organização Pública?</article-title><source>Revista de Administração Pública</source><date><day>22</day><month>07</month><year>1988</year></date><issue>3</issue><volume>22</volume><person-group><name><surname>MATOS</surname><given-names>R. de A.</given-names></name></person-group></element-citation></ref><ref id="B4"><element-citation publication-type="article"><article-title>Razão e intuição: recuperando o ilógico na teoria da decisão gerencial</article-title><source>Revista de Administração Pública</source><date><month>07</month><year>1988</year></date><fpage>77 </fpage><lpage> 94</lpage><issue>3</issue><volume>22</volume><person-group><name><surname>MOTTA</surname><given-names>P. R.</given-names></name></person-group></element-citation></ref><ref id="B5"><element-citation publication-type="book"><source>Flexibilidade Estrutural: a Implosão do Organograma e as Bases de Organização Atomizada e Holográfica</source><person-group><name><surname>MOTTA</surname><given-names>P.R.</given-names></name><name><surname>MOTTA</surname><given-names>P.R.</given-names></name></person-group></element-citation></ref></ref-list></back></article></articles>