<articles xmlns:xsi="http://www.w3.org/2001/XMLSchema-instance" xsi:schemaLocation="https://raw.githubusercontent.com/scieloorg/articles_meta/master/tests/xsd/scielo_sci/ThomsonReuters_publishing.xsd" dtd-version="1.10"><article lang_id="pt" article-type="research-article"><front><journal-meta><journal-id journal-id-type="publisher">csp</journal-id><journal-title-group><journal-title>Cadernos de Saúde Pública</journal-title><abbrev-journal-title>Cad. Saúde Pública</abbrev-journal-title></journal-title-group><issn>1678-4464</issn><collection>SciELO Brazil</collection><publisher><publisher-name>Escola Nacional de Saúde Pública Sergio Arouca, Fundação Oswaldo Cruz</publisher-name></publisher></journal-meta><article-meta><unique-article-id pub-id-type="publisher-id">S0102-311X1990000400006</unique-article-id><article-id pub-id-type="publisher-id">S0102-311X1990000400006</article-id><article-id pub-id-type="doi">10.1590/S0102-311X1990000400006</article-id><article-categories><subj-group><subject>Health Policy &amp; Services</subject></subj-group></article-categories><title-group><article-title lang_id="pt">O ensino da Biologia: suas relações com a experimentação animal e a defesa do meio ambiente</article-title></title-group><contrib-group><contrib contrib-type="author"><name><surname>Valadão</surname><given-names>Roxana</given-names></name><role>ND</role><xref ref-type="aff" rid="A01"/></contrib><contrib contrib-type="author"><name><surname>Milward-de-Andrade</surname><given-names>Roberto</given-names></name><role>ND</role><xref ref-type="aff" rid="A02"/></contrib></contrib-group><aff id="A01"><institution>Fundação Oswaldo Cruz</institution><country>Brazil</country></aff><aff id="A02"><institution>Fundação Oswaldo Cruz</institution><country>Brazil</country></aff><pub-date><month>12</month><year>1990</year></pub-date><volume>6</volume><issue>4</issue><fpage>444</fpage><lpage>454</lpage><permissions><license license-type="open-access" href="http://creativecommons.org/licenses/by-nc/4.0/"><license-p>This work is licensed under a Creative Commons Attribution-NonCommercial 4.0 International License.</license-p></license></permissions><self-uri href="http://www.scielo.br/scielo.php?script=sci_arttext&amp;pid=S0102-311X1990000400006&amp;lng=en&amp;tlng=en" content-type="full_text_page"/><self-uri href="http://www.scielosp.org/scielo.php?script=sci_issuetoc&amp;pid=0102-311X19900004&amp;lng=en" content-type="issue_page"/><self-uri href="http://www.scielosp.org/scielo.php?script=sci_serial&amp;pid=0102-311X&amp;lng=en" content-type="journal_page"/><abstract lang_id="pt"><p>Referindo-se à polêmica sobre a experimentação animal, este artigo questiona as relações desta com a formação profissional do pesquisador na instituição universitária. As considerações aqui tecidas baseiam-se em dados obtidos através de entrevistas a alunos e professores de cursos de Ciências Biológicas de duas diferentes universidades paulistas. Os dados evidenciam que a utilização de animais não é considerada como um problema ético para a maioria dos entrevistados e que existe um alto índice de desconhecimento das leis, princípios e técnicas preconizadas para a experimentação animal. Sugerem, também, que tal situação decorre da orientação classista e do predomínio da tendência tecnicista voltada para a profissionalização subordinada às demandas do mercado, no ensino universitário.</p></abstract><trans-abstract lang_id="en"><p>With reference to the controversy regarding animal experimentation, this article questions the relationship with the professional training in universities. The considerations voiced in the paper are based on data gathered from interviews with students and professors of Biological Science courses at two different universities in São Paulo. These data reveal that the use of animals is not seen as an ethical problem by most of the people interviewed and, also, that there exists a high degree of unfamiliarity with the laws, principles and techniques recommended for animal experimentation. It is also suggested that this situation springs from a class orientation and predominance of a technician tendency geared toward professionalization, which in turn is subordinated to market demands, in university teaching.</p></trans-abstract></article-meta></front><back><ref-list><ref id="B1"><element-citation publication-type="book"><source>Conversas com quem gosta de ensinar</source><date><year>1986</year></date><fpage>88</fpage><person-group><name><surname>ALVES</surname><given-names>R.</given-names></name><name><surname>ALVES</surname><given-names>R.</given-names></name></person-group></element-citation></ref><ref id="B2"><element-citation publication-type="article"><article-title>Of Pain and Progress</article-title><source>Newsweek</source><date><year>1989</year></date><fpage>32</fpage><lpage>6</lpage><issue>113</issue><volume>3</volume><person-group><name><surname>BECK</surname><given-names>M.</given-names></name></person-group></element-citation></ref><ref id="B3"><element-citation publication-type="article"><article-title>Ethics, ethical committees and animal experimentation</article-title><source>Nature</source><date><year>1984</year></date><fpage>503</fpage><lpage>6</lpage><issue>311</issue><volume>5986</volume><person-group><name><surname>BRITT</surname><given-names>D.</given-names></name></person-group></element-citation></ref><ref id="B4"><element-citation publication-type="article"><article-title>The price of doing business</article-title><source>Newsweek</source><date><year>1989</year></date><fpage>36</fpage><lpage>7</lpage><issue>113</issue><volume>3</volume><person-group><name><surname>COWLEY</surname><given-names>G.</given-names></name></person-group></element-citation></ref><ref id="B5"><element-citation publication-type="article"><article-title>New row erupts about lab animals</article-title><source>Nature</source><date><year>1981</year></date><fpage>597</fpage><issue>293</issue><volume>5834</volume><person-group><name><surname>DICKSON</surname><given-names>D.</given-names></name></person-group></element-citation></ref><ref id="B6"><element-citation publication-type="article"><article-title>EDITORIAL Protection for lab animals?</article-title><source>Nature</source><date><year>1981</year></date><fpage>173</fpage><lpage>4</lpage><issue>293</issue><volume>5829</volume></element-citation></ref><ref id="B7"><element-citation publication-type="article"><article-title>EDITORIAL Do laboratory animals have rights?</article-title><source>Nature</source><date><year>1983</year></date><fpage>287</fpage><issue>302</issue><volume>5906</volume></element-citation></ref><ref id="B8"><element-citation publication-type="book"><source>Universidade &amp; Poder</source><date><year>1980</year></date><person-group><name><surname>FÁVERO</surname><given-names>M.L.A.</given-names></name><name><surname>FÁVERO</surname><given-names>M.L.A.</given-names></name></person-group></element-citation></ref><ref id="B9"><element-citation publication-type="book"><source>Escola, Estado e Sociedade</source><date><year>1980</year></date><fpage>142</fpage><person-group><name><surname>FREITAG</surname><given-names>B.</given-names></name><name><surname>FREITAG</surname><given-names>B.</given-names></name></person-group></element-citation></ref><ref id="B10"><element-citation publication-type="book"><source>A Educação contra a Educação</source><date><year>1984</year></date><person-group><name><surname>GADOTTI</surname><given-names>M.</given-names></name><name><surname>GADOTTI</surname><given-names>M.</given-names></name></person-group></element-citation></ref><ref id="B11"><element-citation publication-type="article"><article-title>Proteção dos animais ganha cátedra em Cambridge</article-title><source>Jornal do Brasil</source><date><day>18</day><month>05</month><year>1986</year></date><fpage>17</fpage><person-group><name><surname>MENDONÇA</surname><given-names>C. de</given-names></name></person-group></element-citation></ref><ref id="B12"><element-citation publication-type="book"><source>O saber e o poder na Universidade: dominação ou serviço?</source><date><year>1982</year></date><person-group><name><surname>REZENDE</surname><given-names>A.M.</given-names></name><name><surname>REZENDE</surname><given-names>A.M.</given-names></name></person-group></element-citation></ref><ref id="B13"><element-citation publication-type="article"><article-title>Animal committees</article-title><source>Nature</source><date><year>1981</year></date><fpage>204</fpage><issue>294</issue><volume>5838</volume><person-group><name><surname>ROWSELL</surname><given-names>H.C.</given-names></name></person-group></element-citation></ref><ref id="B14"><element-citation publication-type="book"><source>Ensino público e algumas falas sobre a Universidade</source><date><year>1985</year></date><fpage>110</fpage><person-group><name><surname>SAVIANI</surname><given-names>D.</given-names></name><name><surname>SAVIANI</surname><given-names>D.</given-names></name></person-group></element-citation></ref><ref id="B15"><element-citation publication-type="article"><article-title>Trégua na guerra contra os animais</article-title><source>Folha de São Paulo</source><date><day>30</day><month>03</month><year>1986</year></date><fpage>64</fpage><person-group><name><surname>SEVCENKO</surname><given-names>N.</given-names></name></person-group></element-citation></ref><ref id="B16"><element-citation publication-type="article"><article-title>Animals rights and wrongs</article-title><source>Nature</source><date><year>1983</year></date><fpage>649</fpage><issue>5910</issue><volume>302</volume><person-group><name><surname>SHARPE</surname><given-names>R.</given-names></name></person-group></element-citation></ref><ref id="B17"><element-citation publication-type="article"><article-title>A disfunção da Universidade</article-title><source>Folha de São Paulo</source><date><day>02</day><month>04</month><year>1986</year></date><fpage>2</fpage><lpage>4</lpage><person-group><name><surname>SUBIRATS</surname><given-names>E.</given-names></name></person-group></element-citation></ref><ref id="B18"><element-citation publication-type="book"><source>Sociologia da Educação</source><date><year>1983</year></date><fpage>103</fpage><person-group><name><surname>TEDESCO</surname><given-names>J.C.</given-names></name><name><surname>TEDESCO</surname><given-names>J.C.</given-names></name></person-group></element-citation></ref><ref id="B19"><element-citation publication-type="article"><article-title>Uso de animais no ensino e pesquisa: aspectos de uma polêmica não-declarada no ambiente universitário</article-title><source>Ciência e Cultura</source><date><year>1986</year></date><fpage>133</fpage><volume>38</volume><person-group><name><surname>VALADÃO</surname><given-names>R.</given-names></name></person-group></element-citation></ref><ref id="B20"><element-citation publication-type="book"><source>O que é Universidade?</source><date><year>1985</year></date><fpage>83</fpage><person-group><name><surname>WANDERLEY</surname><given-names>L.W.W.</given-names></name><name><surname>WANDERLEY</surname><given-names>L.W.W.</given-names></name></person-group></element-citation></ref><ref id="B21"><element-citation publication-type="article"><article-title>European convention in sight?</article-title><source>Nature</source><date><year>1983</year></date><fpage>284</fpage><issue>5906</issue><volume>302</volume><person-group><name><surname>WENZ</surname><given-names>C.</given-names></name></person-group></element-citation></ref></ref-list></back></article></articles>