<articles xmlns:xsi="http://www.w3.org/2001/XMLSchema-instance" xsi:schemaLocation="https://raw.githubusercontent.com/scieloorg/articles_meta/master/tests/xsd/scielo_sci/ThomsonReuters_publishing.xsd" dtd-version="1.10"><article lang_id="pt" article-type="research-article"><front><journal-meta><journal-id journal-id-type="publisher">csp</journal-id><journal-title-group><journal-title>Cadernos de Saúde Pública</journal-title><abbrev-journal-title>Cad. Saúde Pública</abbrev-journal-title></journal-title-group><issn>1678-4464</issn><collection>SciELO Brazil</collection><publisher><publisher-name>Escola Nacional de Saúde Pública Sergio Arouca, Fundação Oswaldo Cruz</publisher-name></publisher></journal-meta><article-meta><unique-article-id pub-id-type="publisher-id">S0102-311X1992000100011</unique-article-id><article-id pub-id-type="publisher-id">S0102-311X1992000100011</article-id><article-id pub-id-type="doi">10.1590/S0102-311X1992000100011</article-id><article-categories><subj-group><subject>Health Policy &amp; Services</subject></subj-group></article-categories><title-group><article-title lang_id="pt">Epidemiologia da Esquistossomose Mansônica no Engenho Bela Rosa, município de São Lourenço da Mata, Pernambuco, Brasil</article-title><trans-title-group lang_id="en"><trans-title>Epidemiology of Mansonic Schistosomiasis in Bela Rosa Sugar Mill, municipality of São Lourenço da Mata, Pernambuco, Brazil</trans-title></trans-title-group></title-group><contrib-group><contrib contrib-type="author"><name><surname>Barbosa</surname><given-names>Constança S.</given-names></name><role>ND</role><xref ref-type="aff" rid="A01"/></contrib><contrib contrib-type="author"><name><surname>Silva</surname><given-names>Carlos B. da</given-names></name><role>ND</role><xref ref-type="aff" rid="A02"/></contrib></contrib-group><aff id="A01"><institution>Universidade Federal de Pernambuco</institution><country>Brazil</country></aff><aff id="A02"><institution>Fundação Nacional de Saúde</institution><country>Brazil</country></aff><pub-date><month>03</month><year>1992</year></pub-date><volume>8</volume><issue>1</issue><fpage>83</fpage><lpage>87</lpage><permissions><license license-type="open-access" href="http://creativecommons.org/licenses/by-nc/4.0/"><license-p>This work is licensed under a Creative Commons Attribution-NonCommercial 4.0 International License.</license-p></license></permissions><self-uri href="http://www.scielo.br/scielo.php?script=sci_arttext&amp;pid=S0102-311X1992000100011&amp;lng=en&amp;tlng=en" content-type="full_text_page"/><self-uri href="http://www.scielo.br/scielo.php?script=sci_issuetoc&amp;pid=0102-311X19920001&amp;lng=en" content-type="issue_page"/><self-uri href="http://www.scielosp.org/scielo.php?script=sci_serial&amp;pid=0102-311X&amp;lng=en" content-type="journal_page"/><abstract lang_id="pt"><p>Bela Rosa, um pequeno engenho localizado no município de São Lourenço da Mata, estado de Pernambuco, representa uma típica unidade produtora de açúcar situada na grande região da mata úmida do nordeste do Brasil. Os 370 habitantes do engenho vivem em níveis social e econômico muito baixos. A região é conhecida pelos seus elevados níveis de prevalência da esquistossomose e foi submetida nestes últimos anos a diferentes tipos de programas de controle da infecção. Utilizando dados de 1967 a 1986 e mais aqueles obtidos por um estudo epidemiológico transversal feito em 1989, os autores descrevem a tendência evolutiva da endemicidade da esquistossomose na área.</p></abstract><trans-abstract lang_id="en"><p>Bela Rosa, a small sugar mill located in the county of São Lourenço da Mata, state of Pernambuco, is a typical sugar production unit of the large sugar cane belt along the humid and hot coast of northeast Brazil. The Bela Rosa's 370 inhabitants are living under very low social and economic levels. Known by its high prevalence rates for the disease, the region has been subjected to different types of control programs recently. Using data from 1967 to 1986 plus those from an epidemiological cross-section survey carried out in 1989, the authors describe the evolutional tendency of schistosomiasis endemicity in the area.</p></trans-abstract><kwd-group lang_id="en" kwd-group-type="author-generated"><kwd>Schistosomiasis</kwd><kwd>Epidemiology</kwd><kwd>Prevalence Rates</kwd><kwd>Pernambuco</kwd><kwd>Brasil</kwd></kwd-group><kwd-group lang_id="pt" kwd-group-type="author-generated"><kwd>Esquistossomose</kwd><kwd>Epidemiologia</kwd><kwd>Taxas de Prevalência</kwd><kwd>Pernambuco</kwd><kwd>Brasil</kwd></kwd-group></article-meta></front><back><ref-list><ref id="B1"><element-citation publication-type="article"><article-title>Atuação dos serviços de saúde no controle das doenças endêmicas</article-title><source>A Saúde no Brasil</source><date><year>1983</year></date><fpage>198</fpage><lpage>20</lpage><volume>1</volume><person-group><name><surname>BARBOSA</surname><given-names>F. S.</given-names></name></person-group></element-citation></ref><ref id="B2"><element-citation publication-type="article"><article-title>A long term schistosomiasis control project with moluscicid in a rural area of Brazil</article-title><source>Annals of Tropical Medicine and Parasitology</source><date><year>1981</year></date><fpage>41</fpage><lpage>52</lpage><volume>75</volume><person-group><name><surname>BARBOSA</surname><given-names>F. S.</given-names></name><name><surname>COSTA</surname><given-names>D. P. P.</given-names></name></person-group></element-citation></ref><ref id="B3"><element-citation publication-type="article"><article-title>Nordeste do Brasil, III: Estado de Pernambuco (município de São Lourenço da Mata)</article-title><source>Revista da Sociedade Brasileira de Medicina Tropical</source><date><year>1970</year></date><fpage>269</fpage><lpage>80</lpage><volume>4</volume><person-group><name><surname>BARBOSA</surname><given-names>F. S.</given-names></name><name><surname>PESSOA</surname><given-names>D.</given-names></name><name><surname>PINTO</surname><given-names>R. F.</given-names></name><name><surname>BARBOSA</surname><given-names>J. M.</given-names></name><name><surname>RODRIGUES</surname><given-names>B. A.</given-names></name></person-group></element-citation></ref><ref id="B4"><element-citation publication-type="book"><source>Distribuição da esquistossomose mansônica no Brasil: Monografia da Divisão de Organização Sanitária</source><date><year>1950</year></date><person-group><name><surname>PELLON</surname><given-names>A. B.</given-names></name><name><surname>TEIXEIRA</surname><given-names>I.</given-names></name><name><surname>PELLON</surname><given-names>A. B.</given-names></name><name><surname>TEIXEIRA</surname><given-names>I.</given-names></name></person-group></element-citation></ref></ref-list></back></article></articles>