<articles xmlns:xsi="http://www.w3.org/2001/XMLSchema-instance" xsi:schemaLocation="https://raw.githubusercontent.com/scieloorg/articles_meta/master/tests/xsd/scielo_sci/ThomsonReuters_publishing.xsd" dtd-version="1.10"><article lang_id="en" article-type="research-article"><front><journal-meta><journal-id journal-id-type="publisher">csp</journal-id><journal-title-group><journal-title>Cadernos de Saúde Pública</journal-title><abbrev-journal-title>Cad. Saúde Pública</abbrev-journal-title></journal-title-group><issn>1678-4464</issn><collection>SciELO Brazil</collection><publisher><publisher-name>Escola Nacional de Saúde Pública Sergio Arouca, Fundação Oswaldo Cruz</publisher-name></publisher></journal-meta><article-meta><unique-article-id pub-id-type="publisher-id">S0102-311X1993000300016</unique-article-id><article-id pub-id-type="publisher-id">S0102-311X1993000300016</article-id><article-id pub-id-type="doi">10.1590/S0102-311X1993000300016</article-id><article-categories><subj-group><subject>Health Policy &amp; Services</subject></subj-group></article-categories><title-group><article-title lang_id="en">Anthropology in research on the quality of health services</article-title><trans-title-group lang_id="pt"><trans-title>Antropologia e pesquisa sobre qualidade dos serviços de saúde</trans-title></trans-title-group></title-group><contrib-group><contrib contrib-type="author"><name><surname>Atkinson</surname><given-names>Sarah J.</given-names></name><role>ND</role><xref ref-type="aff" rid="A01"/></contrib></contrib-group><aff id="A01"><institution>University of London</institution><country>United Kingdom</country></aff><pub-date><month>09</month><year>1993</year></pub-date><volume>9</volume><issue>3</issue><fpage>283</fpage><lpage>299</lpage><permissions><license license-type="open-access" href="http://creativecommons.org/licenses/by-nc/4.0/"><license-p>This work is licensed under a Creative Commons Attribution-NonCommercial 4.0 International License.</license-p></license></permissions><self-uri href="http://www.scielo.br/scielo.php?script=sci_arttext&amp;pid=S0102-311X1993000300016&amp;lng=en&amp;tlng=en" content-type="full_text_page"/><self-uri href="http://www.scielo.br/scielo.php?script=sci_issuetoc&amp;pid=0102-311X19930003&amp;lng=en" content-type="issue_page"/><self-uri href="http://www.scielosp.org/scielo.php?script=sci_serial&amp;pid=0102-311X&amp;lng=en" content-type="journal_page"/><abstract lang_id="en"><p>Current crisis in the health sector has increased research directed towards quality of health services. Public health research on quality of services commonly assessed adherence to predefined criteria for building structure, equipment and technical procedures. The paper explores the contribution anthropology can make to health services research by including a lay perspective in quality evaluation. Rapid approaches to the lay perspective assume that conflict between the providers and users of health services result only from the different explanatory models and are thus resolvable through training and education. The holistic approach of anthropology demonstrates that service quality must be located in the wider contexts of health service structure, and the socio-economic circumstances of user's lives as well as differences between medical and lay models of health.</p></abstract><trans-abstract lang_id="pt"><p>A presente crise no setor saúde causou uma expansao da pesquisa ligada à qualidade dos serviços de saúde. Pesquisas na área de saúde pública ligadas à qualidade dos serviços geralmente avaliavam o uso ou não de critérios predefinidos para edificações, equipamentos e procedimentos técnicos. Este trabalho enfoca a contribuição que a antropologia pode dar para a pesquisa em qualidade de serviços e inclui critérios populares na avaliação da qualidade. Métodos de avaliação rápida de critérios populares indicam que os conflitos entre os provedores e os usuários dos serviços de saúde são decorrentes apenas de divergências quanto a modelos explanatórios e, sendo assim, podem ser resolvidos através de treinamento e educação. A abordagem holística em Antropologia demonstra que a questão da qualidade de serviços deve ser vista dentro do contexto da estrutura dos serviços de saúde, das circunstâncias sócio-econômicas da vida dos usuários e das diferenças entre os modelos médicos e populares de saúde.</p></trans-abstract><kwd-group lang_id="pt" kwd-group-type="author-generated"><kwd>Antropologia</kwd><kwd>Avaliação</kwd><kwd>Serviços de Saúde</kwd></kwd-group><kwd-group lang_id="en" kwd-group-type="author-generated"><kwd>Anthropology</kwd><kwd>Evaluation</kwd><kwd>Health Services</kwd></kwd-group></article-meta></front><back><ref-list><ref id="B1"><element-citation publication-type="book"><source>Quality of Primary Health Care in Urban Brazil: A Case Study of Prenatal Care</source><date><year>1993</year></date><person-group><name><surname>ATKINSON</surname><given-names>S. J.</given-names></name><name><surname>CORREIA</surname><given-names>L.</given-names></name><name><surname>ATKINSON</surname><given-names>S. J.</given-names></name><name><surname>CORREIA</surname><given-names>L.</given-names></name></person-group></element-citation></ref><ref id="B2"><element-citation publication-type="article"><article-title>Towards a conceptual frame-work of lay evaluation of health care</article-title><source>Social Science and Medicine</source><date><year>1988</year></date><fpage>927</fpage><lpage>933</lpage><volume>27</volume><person-group><name><surname>CALNAN</surname><given-names>M.</given-names></name></person-group></element-citation></ref><ref id="B3"><element-citation publication-type="article"><article-title>Perinatal health services: an immodest proposal</article-title><source>British Medical Journal</source><date><year>1980</year></date><fpage>842</fpage><lpage>845</lpage><volume>22</volume><person-group><name><surname>CHALMERS</surname><given-names>I.</given-names></name><name><surname>OAKLEY</surname><given-names>A.</given-names></name><name><surname>MacFARLANE</surname><given-names>A.</given-names></name></person-group></element-citation></ref><ref id="B4"><element-citation publication-type="book"><source>Women in the Third World</source><date><year>1989</year></date><fpage>161</fpage><lpage>187</lpage><person-group><name><surname>CHANT</surname><given-names>S.</given-names></name><name><surname>Brydon</surname><given-names>L.</given-names></name><name><surname>Chant</surname><given-names>S.</given-names></name><name><surname>Brydon</surname><given-names>L.</given-names></name><name><surname>Chant</surname><given-names>S.</given-names></name></person-group></element-citation></ref><ref id="B5"><element-citation publication-type="article"><article-title>O que está em jogo no Caso Cytotec</article-title><source>Ciência Hoje</source><date><year>1991</year></date><fpage>60</fpage><lpage>62</lpage><volume>13</volume><person-group><name><surname>COELHO</surname><given-names>H. L. L.</given-names></name></person-group></element-citation></ref><ref id="B6"><element-citation publication-type="book"><source>Ethnography of Fertility and Birth</source><date><year>1982</year></date><fpage>205</fpage><lpage>230</lpage><person-group><name><surname>COMINSKY</surname><given-names>S.</given-names></name><name><surname>MacCormack</surname><given-names>C. P.</given-names></name><name><surname>MacCormack</surname><given-names>C. P.</given-names></name></person-group></element-citation></ref><ref id="B7"><element-citation publication-type="article"><article-title>Lay epidemiology and the prevention paradox: the implications of coronary candidacy for health education</article-title><source>Sociology of Health and Illness</source><date><year>1991</year></date><fpage>1</fpage><lpage>19</lpage><volume>13</volume><person-group><name><surname>DAVISON</surname><given-names>C.</given-names></name><name><surname>DAVEY SMITH</surname><given-names>G.</given-names></name><name><surname>FRANKEL</surname><given-names>S.</given-names></name></person-group></element-citation></ref><ref id="B8"><element-citation publication-type="article"><article-title>The quality of care: how can it be assessed</article-title><source>Journal of the American Medical Association</source><date><year>1988</year></date><fpage>1743</fpage><lpage>1748</lpage><volume>260</volume><person-group><name><surname>DONABEDIAN</surname><given-names>A.</given-names></name></person-group></element-citation></ref><ref id="B9"><element-citation publication-type="book"><source>Effectiveness and Satisfaction in Antenatal Care</source><date><year>1982</year></date><person-group><name><surname>ENKIN</surname><given-names>M.</given-names></name><name><surname>CHALMERS</surname><given-names>I.</given-names></name><name><surname>ENKIN</surname><given-names>M.</given-names></name><name><surname>CHALMERS</surname><given-names>I.</given-names></name></person-group></element-citation></ref><ref id="B10"><element-citation publication-type="article"><article-title>Problems in the conceptual framework of patient satisfaction research: an empirical exploration</article-title><source>Sociology of Health and Illness</source><date><year>1983</year></date><fpage>297</fpage><lpage>311</lpage><volume>5</volume><person-group><name><surname>FIZPATRICK</surname><given-names>R.</given-names></name><name><surname>HOPKINS</surname><given-names>A.</given-names></name></person-group></element-citation></ref><ref id="B11"><element-citation publication-type="article"><article-title>On the origin of humoral medicine in Latin America</article-title><source>Medical Anthropology Quarterly</source><date><year>1987</year></date><fpage>355</fpage><lpage>393</lpage><volume>1</volume><person-group><name><surname>FOSTER</surname><given-names>G. M.</given-names></name></person-group></element-citation></ref><ref id="B12"><element-citation publication-type="article"><article-title>The validating role of humoral theory in traditional spanish-american therapeutics</article-title><source>American Ethnologist</source><date><year>1988</year></date><fpage>120</fpage><lpage>135</lpage><volume>15</volume><person-group><name><surname>FOSTER</surname><given-names>G. M.</given-names></name></person-group></element-citation></ref><ref id="B13"><element-citation publication-type="article"><article-title>Access to health care in urban areas of developing societies</article-title><source>Journal of Health and Social Behavior</source><date><year>1989</year></date><fpage>398</fpage><lpage>411</lpage><volume>30</volume><person-group><name><surname>FOSU</surname><given-names>G. B.</given-names></name></person-group></element-citation></ref><ref id="B14"><element-citation publication-type="book"><source>Effectiveness and Satisfaction with Antenatal Care</source><date><year>1982</year></date><fpage>81</fpage><lpage>91</lpage><person-group><name><surname>GARCIA</surname><given-names>J.</given-names></name><name><surname>Enkin</surname><given-names>M.</given-names></name><name><surname>Chalmers</surname><given-names>I.</given-names></name><name><surname>Enkin</surname><given-names>M.</given-names></name><name><surname>Chalmers</surname><given-names>I.</given-names></name></person-group></element-citation></ref><ref id="B15"><element-citation publication-type="book"><source>Mulher, Trabalho e Amamentação</source><date><year>1991</year></date><person-group><name><surname>HARDY</surname><given-names>E. E.</given-names></name><name><surname>OSIS</surname><given-names>M. J. D.</given-names></name><name><surname>HARDY</surname><given-names>E. E.</given-names></name><name><surname>OSIS</surname><given-names>M. J. D.</given-names></name></person-group></element-citation></ref><ref id="B16"><element-citation publication-type="book"><source>Quality of Primary Curative Care in Dar-Es-Sa-laam</source><date><year>1991</year></date><person-group><name><surname>KANJI</surname><given-names>N.</given-names></name><name><surname>KILIMA</surname><given-names>P.</given-names></name><name><surname>MUNISHI</surname><given-names>G.</given-names></name><name><surname>KANJI</surname><given-names>N.</given-names></name><name><surname>KILIMA</surname><given-names>P.</given-names></name><name><surname>MUNISHI</surname><given-names>G.</given-names></name></person-group></element-citation></ref><ref id="B17"><element-citation publication-type="article"><article-title>Obstacles and opportunities: household economics of tzintzuntzan migrants in Mexico City</article-title><source>Urban Anthropology</source><date><year>1981</year></date><fpage>211</fpage><lpage>229</lpage><volume>10</volume><person-group><name><surname>KEMPER</surname><given-names>R. V.</given-names></name></person-group></element-citation></ref><ref id="B18"><element-citation publication-type="article"><article-title>Concepts and a model for the comparison of medical systems as cultural systems</article-title><source>Social Science and Medicine</source><date><year>1978</year></date><fpage>85</fpage><lpage>93</lpage><volume>12</volume><person-group><name><surname>KLEINMAN</surname><given-names>A.</given-names></name></person-group></element-citation></ref><ref id="B19"><element-citation publication-type="article"><article-title>Falling through the cracks: contradictions and barriers to care in a prenatal clinic</article-title><source>Medical Anthropology</source><date><year>1990</year></date><fpage>269</fpage><lpage>287</lpage><volume>12</volume><person-group><name><surname>LAZARUS</surname><given-names>E. S.</given-names></name></person-group></element-citation></ref><ref id="B20"><element-citation publication-type="article"><article-title>Malnutrition among children of adolescent mothers in a squatter community of Recife, Brazil</article-title><source>Journal of Tropical Pediatrics</source><date><year>1990</year></date><fpage>14</fpage><lpage>19</lpage><volume>36</volume><person-group><name><surname>LIMA</surname><given-names>M., FIGUEIRA, F.</given-names></name><name><surname>EBRAHIM</surname><given-names>G. J.</given-names></name></person-group></element-citation></ref><ref id="B21"><element-citation publication-type="article"><article-title>Selected references on the hot-cold theory of disease</article-title><source>Medical Anthropology Newsletter</source><date><year>1990</year></date><fpage>8</fpage><lpage>14</lpage><volume>6</volume><person-group><name><surname>LOGAN</surname><given-names>M. H.</given-names></name></person-group></element-citation></ref><ref id="B22"><element-citation publication-type="article"><article-title>Getting by with less: economic strategies of lower income households in Guadalajara</article-title><source>Urban Anthropology</source><date><year>1981</year></date><fpage>231</fpage><lpage>246</lpage><volume>10</volume><person-group><name><surname>LOGAN</surname><given-names>K.</given-names></name></person-group></element-citation></ref><ref id="B23"><element-citation publication-type="article"><article-title>Lay concepts affecting utilization of family planning services in Jamaica</article-title><source>Journal of Tropical Medicine and Hygiene</source><date><year>1985</year></date><fpage>281</fpage><lpage>285</lpage><volume>88</volume><person-group><name><surname>MacCORMACK</surname><given-names>C. P.</given-names></name></person-group></element-citation></ref><ref id="B24"><element-citation publication-type="conference"><source>Efeito do abortamento provocado sobre a fertilidade futura da mulher</source><date><year>1990</year></date><person-group><name><surname>MEDEIROS</surname><given-names>F. C.</given-names></name><name><surname>MEDEIROS</surname><given-names>F. C.</given-names></name></person-group></element-citation></ref><ref id="B25"><element-citation publication-type="article"><article-title>Women and Change in Latin America</article-title><source>Amherst</source><date><year>1986</year></date><fpage>Bergin and Garvey</fpage><volume>Mass</volume><person-group><name><surname>NASH</surname><given-names>J.</given-names></name><name><surname>SAFA</surname><given-names>H.</given-names></name></person-group></element-citation></ref><ref id="B26"><element-citation publication-type="article"><article-title>On the specificity of healing functions: a study of diagnosis in three faith healing institutions in Feisa/Bahia</article-title><source>Social Science and Medicine</source><date><year>1989</year></date><fpage>515</fpage><lpage>526</lpage><volume>29</volume><person-group><name><surname>NGOKWEY</surname><given-names>N.</given-names></name></person-group></element-citation></ref><ref id="B27"><element-citation publication-type="article"><article-title>Household survival in the face of poverty in Salvador, Brazil: towards an integrated model of household activities</article-title><source>Urban Anthropology</source><date><year>1989</year></date><fpage>299</fpage><lpage>321</lpage><volume>17</volume><person-group><name><surname>NORRIS</surname><given-names>W. P.</given-names></name></person-group></element-citation></ref><ref id="B28"><element-citation publication-type="book"><source>Pré-Natal de Baixo Risco. Normas e Manuais Técnicos</source><date><year>1986</year></date></element-citation></ref><ref id="B29"><element-citation publication-type="article"><article-title>Some implications for the study of the doctor-patient interaction: power, structure, and agency in the works of Howard Waitzkin and Arthur Kleinman</article-title><source>Social Science and Medicine</source><date><year>1986</year></date><fpage>199</fpage><lpage>204</lpage><volume>30</volume><person-group><name><surname>PAPPAS</surname><given-names>G.</given-names></name></person-group></element-citation></ref><ref id="B30"><element-citation publication-type="book"><source>The Maseru Hospital and Health Centre Outpatient Care Study: Research Findings and Planning Implications</source><date><year>1992</year></date><person-group><name><surname>PEPPERALL</surname><given-names>J.</given-names></name><name><surname>GARNER</surname><given-names>P.</given-names></name><name><surname>PEPPERALL</surname><given-names>J.</given-names></name><name><surname>GARNER</surname><given-names>P.</given-names></name></person-group></element-citation></ref><ref id="B31"><element-citation publication-type="book"><source>Antenatal Care and Maternal Health: How Effective Is It? A Review of the Evidence</source><date><year>1992</year></date><person-group><name><surname>ROONEY</surname><given-names>C.</given-names></name><name><surname>ROONEY</surname><given-names>C.</given-names></name></person-group></element-citation></ref><ref id="B32"><element-citation publication-type="article"><article-title>Why don't they want our health services?</article-title><source>Lancet</source><date><year>1992</year></date><fpage>412</fpage><lpage>413</lpage><volume>23</volume><person-group><name><surname>SCOTT-SAMUEL</surname><given-names>A.</given-names></name></person-group></element-citation></ref><ref id="B33"><element-citation publication-type="book"><source>The Invisible Adjustment: Poor Women and the Economic Crisis</source><date><year>1989</year></date></element-citation></ref><ref id="B34"><element-citation publication-type="article"><article-title>Qualita-tive Assessment of Attitudes Affecting Childbirth Choices of Jamaican Women MotherCare</article-title><source>Project. Working Paper for USAID</source><date><year>1990</year></date><person-group><name><surname>WEDDERBURN</surname><given-names>M.</given-names></name><name><surname>MOORE</surname><given-names>M.</given-names></name></person-group></element-citation></ref><ref id="B35"><element-citation publication-type="article"><article-title>Convergence and divergence: assessing criteria of consumer satisfaction across general practice, dental and hospital care settings</article-title><source>Social Science and Medicine</source><date><year>1991</year></date><fpage>707</fpage><lpage>916</lpage><volume>33</volume><person-group><name><surname>WILLIAMS</surname><given-names>S. J.</given-names></name><name><surname>CALNAN</surname><given-names>M.</given-names></name></person-group></element-citation></ref><ref id="B36"><element-citation publication-type="book"><source>Brazil: Women's Reproductive Health</source><date><year>1991</year></date></element-citation></ref><ref id="B37"><element-citation publication-type="article"><article-title>The creation of medical know-ledge: some problems in interpretation</article-title><source>Social Science and Medicine</source><date><year>1991</year></date><fpage>379</fpage><lpage>386</lpage><volume>15B</volume><person-group><name><surname>YOUNG</surname><given-names>A.</given-names></name></person-group></element-citation></ref></ref-list></back></article></articles>