<articles xmlns:xsi="http://www.w3.org/2001/XMLSchema-instance" xsi:schemaLocation="https://raw.githubusercontent.com/scieloorg/articles_meta/master/tests/xsd/scielo_sci/ThomsonReuters_publishing.xsd" dtd-version="1.10"><article lang_id="pt" article-type="research-article"><front><journal-meta><journal-id journal-id-type="publisher">csp</journal-id><journal-title-group><journal-title>Cadernos de Saúde Pública</journal-title><abbrev-journal-title>Cad. Saúde Pública</abbrev-journal-title></journal-title-group><issn>1678-4464</issn><collection>SciELO Brazil</collection><publisher><publisher-name>Escola Nacional de Saúde Pública Sergio Arouca, Fundação Oswaldo Cruz</publisher-name></publisher></journal-meta><article-meta><unique-article-id pub-id-type="publisher-id">S0102-311X1993000300020</unique-article-id><article-id pub-id-type="publisher-id">S0102-311X1993000300020</article-id><article-id pub-id-type="doi">10.1590/S0102-311X1993000300020</article-id><article-categories><subj-group><subject>Health Policy &amp; Services</subject></subj-group></article-categories><title-group><article-title lang_id="pt">A enfermidade sob o olhar da criança hospitalizada</article-title><trans-title-group lang_id="en"><trans-title>The children's sense of illness in the hospital</trans-title></trans-title-group></title-group><contrib-group><contrib contrib-type="author"><name><surname>Oliveira</surname><given-names>Helena de</given-names></name><role>ND</role><xref ref-type="aff" rid="A01"/></contrib></contrib-group><aff id="A01"><institution>Universidade Iguaçu</institution><country>Brazil</country></aff><pub-date><month>09</month><year>1993</year></pub-date><volume>9</volume><issue>3</issue><fpage>326</fpage><lpage>332</lpage><permissions><license license-type="open-access" href="http://creativecommons.org/licenses/by-nc/4.0/"><license-p>This work is licensed under a Creative Commons Attribution-NonCommercial 4.0 International License.</license-p></license></permissions><self-uri href="http://www.scielo.br/scielo.php?script=sci_arttext&amp;pid=S0102-311X1993000300020&amp;lng=en&amp;tlng=en" content-type="full_text_page"/><self-uri href="http://www.scielo.br/scielo.php?script=sci_issuetoc&amp;pid=0102-311X19930003&amp;lng=en" content-type="issue_page"/><self-uri href="http://www.scielosp.org/scielo.php?script=sci_serial&amp;pid=0102-311X&amp;lng=en" content-type="journal_page"/><abstract lang_id="pt"><p>No presente estudo, partimos dos pressupostos de que existe uma dimensão vivencial da enfermidade na infância e de que a criança doente é capaz de falar sobre ela, de alguma forma. O nosso objetivo é conhecer suas representações da doença, do tratamento médico, da hospitalização e da equipe de saúde. Para isso, durante o mês de julho de 1990, foram entrevistadas 15 crianças entre 5 e 11 anos de idade, hospitalizadas em três hospitais pediátricos da cidade do Rio de Janeiro. Utilizamos a metodologia qualitativa como forma de análise do material coletado, segundo recomendações de Minayo (1988) e Bardin (1977). Falando sobre sua doença, as crianças nos falam sobre a prática médica, a organização da família moderna e de si próprias, enquanto sujeitos do brincar.</p></abstract><trans-abstract lang_id="en"><p>In this study, we assume that illness has a meaning during childhood, and that children are capable of speaking about it. Our objective is to unveil their representations concerning disease, medical treatment, hospitalization, and health personnel. This study was carried out in three pediatric hospitals in the city of Rio de Janeiro during the month of July 1990. Fifteen hospitalized children from five to eleven years of age were interviewed and asked to talk about the questions described above. The methodological approach was qualitative, in accordance with Bardin (1977) and Minayo (1988). In speaking about their illnesses, the children refer to medical practice, contemporary family arrangements, and themselves as players or subjects.</p></trans-abstract><kwd-group lang_id="en" kwd-group-type="author-generated"><kwd>Hospitalization</kwd><kwd>Psychosocial Aspects</kwd><kwd>Pediatric Care</kwd><kwd>Child's Play</kwd></kwd-group><kwd-group lang_id="pt" kwd-group-type="author-generated"><kwd>Hospitalização</kwd><kwd>Aspectos Psicossociais</kwd><kwd>Pediatria</kwd><kwd>Brincadeiras Infantis</kwd></kwd-group></article-meta></front><back><ref-list><ref id="B1"><element-citation publication-type="book"><source>História Social da Criança e da Família</source><date><year>1981</year></date><person-group><name><surname>ARIÈS</surname><given-names>P.</given-names></name><name><surname>ARIÈS</surname><given-names>P.</given-names></name></person-group></element-citation></ref><ref id="B2"><element-citation publication-type="book"><source>Um Amor Conquistado: O Mito do Amor Materno</source><date><year>1985</year></date><person-group><name><surname>BADINTER</surname><given-names>E.</given-names></name><name><surname>BADINTER</surname><given-names>E.</given-names></name></person-group></element-citation></ref><ref id="B3"><element-citation publication-type="book"><source>Análise do Conteúdo</source><date><year>1977</year></date><person-group><name><surname>BARDIN</surname><given-names>L.</given-names></name><name><surname>BARDIN</surname><given-names>L.</given-names></name></person-group></element-citation></ref><ref id="B4"><element-citation publication-type="book"><source>Ordem Médica e Norma Familiar</source><date><year>1983</year></date><person-group><name><surname>COSTA</surname><given-names>J. F.</given-names></name><name><surname>COSTA</surname><given-names>J. F.</given-names></name></person-group></element-citation></ref><ref id="B5"><element-citation publication-type="book"><source>O Jogo e a Criança</source><date><year>1987</year></date><person-group><name><surname>CHATEAU</surname><given-names>J.</given-names></name><name><surname>CHATEAU</surname><given-names>J.</given-names></name></person-group></element-citation></ref><ref id="B6"><element-citation publication-type="book"><source>La Vie de l'Enfant a l'Hospital</source><date><year>1981</year></date><person-group><name><surname>DECELLE</surname><given-names>D.</given-names></name><name><surname>DECELLE</surname><given-names>D.</given-names></name></person-group></element-citation></ref><ref id="B7"><element-citation publication-type="book"><source>Historia Universal de la Medicina</source><date><year>1976</year></date><person-group><name><surname>ENTRALGO</surname><given-names>P. L.</given-names></name><name><surname>ENTRALGO</surname><given-names>P. L.</given-names></name></person-group></element-citation></ref><ref id="B8"><element-citation publication-type="book"><source>O Nascimento da Clínica</source><date><year>1980</year></date><person-group><name><surname>FOUCAULT</surname><given-names>M.</given-names></name><name><surname>FOUCAULT</surname><given-names>M.</given-names></name></person-group></element-citation></ref><ref id="B9"><element-citation publication-type="article"><article-title>Programa Mãe Participante - Relato de experiência em Enfermaria Geral</article-title><source>Jornal de Pediatria</source><date><year>1989</year></date><fpage>165</fpage><lpage>168</lpage><volume>65</volume><person-group><name><surname>JACOB</surname><given-names>C. M. A.</given-names></name><name><surname>OSELKA</surname><given-names>G. W.</given-names></name><name><surname>PASTORINO</surname><given-names>A. C.</given-names></name><name><surname>PETLIK</surname><given-names>M. E. I.</given-names></name><name><surname>FERRARI</surname><given-names>V. P. M.</given-names></name><name><surname>ISHIDA</surname><given-names>A. C. H.</given-names></name><name><surname>PATRAO</surname><given-names>M. C. L.</given-names></name><name><surname>SAKATA</surname><given-names>C. K.</given-names></name><name><surname>SIQUEIRA</surname><given-names>L. F. B.</given-names></name></person-group></element-citation></ref><ref id="B10"><element-citation publication-type="book"><source>The Hospitalized Child Communication Techniques for Health Personnel</source><date><year>1977</year></date><person-group><name><surname>KLINZING</surname><given-names>D. R.</given-names></name><name><surname>KLINZING</surname><given-names>D. G.</given-names></name><name><surname>KLINZING</surname><given-names>D. R.</given-names></name><name><surname>KLINZING</surname><given-names>D. G.</given-names></name></person-group></element-citation></ref><ref id="B11"><element-citation publication-type="book"><source>Quando Eu Voltar a Ser Criança</source><date><year>1981</year></date><person-group><name><surname>KORCZAK</surname><given-names>J.</given-names></name><name><surname>KORCZAK</surname><given-names>J.</given-names></name></person-group></element-citation></ref><ref id="B12"><element-citation publication-type="book"><source>Concepção Psicossomática: Visão Atual</source><date><year>1986</year></date><person-group><name><surname>MELLO-FILHO</surname><given-names>J.</given-names></name><name><surname>MELLO-FILHO</surname><given-names>J.</given-names></name></person-group></element-citation></ref><ref id="B13"><element-citation publication-type="book"><source>Childhood in Contemporary Cultures</source><date><year>1955</year></date><person-group><name><surname>MEAD</surname><given-names>M.</given-names></name><name><surname>WOLFENSTEIN</surname><given-names>M.</given-names></name><name><surname>MEAD</surname><given-names>M.</given-names></name><name><surname>WOLFENSTEIN</surname><given-names>M.</given-names></name></person-group></element-citation></ref><ref id="B14"><element-citation publication-type="thesis"><source>O Desafio do Conhecimento - Metodologia da Pesquisa Social (qualitativa) em Saúde</source><date><year>1988</year></date><person-group><name><surname>MINAYO</surname><given-names>M. C. S.</given-names></name><name><surname>MINAYO</surname><given-names>M. C. S.</given-names></name></person-group></element-citation></ref><ref id="B15"><element-citation publication-type="book"><source>The Effects of Hospitalization on Children</source><date><year>1973</year></date><person-group><name><surname>OREMLAND</surname><given-names>E. K.</given-names></name><name><surname>OREMLAND</surname><given-names>J. D.</given-names></name><name><surname>OREMLAND</surname><given-names>E. K.</given-names></name><name><surname>OREMLAND</surname><given-names>J. D.</given-names></name></person-group></element-citation></ref><ref id="B16"><element-citation publication-type="book"><source>Teoria e Prática do Amor à Criança: Introdução à Pediatria Social no Brasil</source><date><year>1985</year></date><person-group><name><surname>ORLANDI</surname><given-names>O.</given-names></name><name><surname>ORLANDI</surname><given-names>O.</given-names></name></person-group></element-citation></ref><ref id="B17"><element-citation publication-type="book"><source>Poemas: As Elegias de Duino e Sonetos a Orfeu</source><date><year>1983</year></date><person-group><name><surname>RILKE</surname><given-names>R. M.</given-names></name><name><surname>RILKE</surname><given-names>R. M.</given-names></name></person-group></element-citation></ref><ref id="B18"><element-citation publication-type="book"><source>The Therapeutic Use of Child Play</source><date><year>1979</year></date><person-group><name><surname>SHAEFER</surname><given-names>C.</given-names></name><name><surname>SHAEFER</surname><given-names>C.</given-names></name></person-group></element-citation></ref><ref id="B19"><element-citation publication-type="article"><article-title>The integration of a mental health program and a child psychiatric unit into a pediatric hospital</article-title><source>Pediatrics</source><date><year>1956</year></date><fpage>104</fpage><lpage>109</lpage><volume>17</volume><person-group><name><surname>TISZA</surname><given-names>V. B.</given-names></name><name><surname>RICHARDSON</surname><given-names>M.</given-names></name></person-group></element-citation></ref></ref-list></back></article></articles>