<articles xmlns:xsi="http://www.w3.org/2001/XMLSchema-instance" xsi:schemaLocation="https://raw.githubusercontent.com/scieloorg/articles_meta/master/tests/xsd/scielo_sci/ThomsonReuters_publishing.xsd" dtd-version="1.10"><article lang_id="pt" article-type="research-article"><front><journal-meta><journal-id journal-id-type="publisher">csp</journal-id><journal-title-group><journal-title>Cadernos de Saúde Pública</journal-title><abbrev-journal-title>Cad. Saúde Pública</abbrev-journal-title></journal-title-group><issn>1678-4464</issn><collection>SciELO Brazil</collection><publisher><publisher-name>Escola Nacional de Saúde Pública Sergio Arouca, Fundação Oswaldo Cruz</publisher-name></publisher></journal-meta><article-meta><unique-article-id pub-id-type="publisher-id">S0102-311X1991000400004</unique-article-id><article-id pub-id-type="publisher-id">S0102-311X1991000400004</article-id><article-id pub-id-type="doi">10.1590/S0102-311X1991000400004</article-id><article-categories><subj-group><subject>Health Policy &amp; Services</subject></subj-group></article-categories><title-group><article-title lang_id="pt">Oncocercose entre os índios Yanomámi</article-title><trans-title-group lang_id="en"><trans-title>Onchocerciasis among Yanomámi Indians</trans-title></trans-title-group></title-group><contrib-group><contrib contrib-type="author"><name><surname>Moraes</surname><given-names>Mário A. P.</given-names></name><role>ND</role><xref ref-type="aff" rid="A01"/></contrib></contrib-group><aff id="A01"><institution>Universidade de Brasília</institution><country>Brazil</country></aff><pub-date><month>12</month><year>1991</year></pub-date><volume>7</volume><issue>4</issue><fpage>503</fpage><lpage>514</lpage><permissions><license license-type="open-access" href="http://creativecommons.org/licenses/by-nc/4.0/"><license-p>This work is licensed under a Creative Commons Attribution-NonCommercial 4.0 International License.</license-p></license></permissions><self-uri href="http://www.scielo.br/scielo.php?script=sci_arttext&amp;pid=S0102-311X1991000400004&amp;lng=en&amp;tlng=en" content-type="full_text_page"/><self-uri href="http://www.scielo.br/scielo.php?script=sci_issuetoc&amp;pid=0102-311X19910004&amp;lng=en" content-type="issue_page"/><self-uri href="http://www.scielosp.org/scielo.php?script=sci_serial&amp;pid=0102-311X&amp;lng=en" content-type="journal_page"/><abstract lang_id="pt"><p>Apresentam-se os dados até agora obtidos sobre o foco brasileiro de oncocercose. Esse foco, localizado no extremo norte do país, envolve principalmente indígenas do grupo Yanomámi, antigos habitantes do local. Em algumas aldeias, a infecção é encontrada em cerca de 80% dos adultos. Aspectos interessantes, como a origem do foco, as características da doença nos indígenas e os principais vetores de Onchocerca volvulus, são abordados. Por fim, é feita uma análise a respeito do comportamento da endemia e da possível disseminação da doença para outras regiões do Brasil - em áreas de garimpo. Sugerem-se medidas de controle, entre elas o uso de larvicidas, método que poderia ser adotado em lugares restritos - com população já estabilizada -, dentro da zona onde mais forte é a prevalência.</p></abstract><trans-abstract lang_id="en"><p>The main features of the Brazilian focus of onchocerciasis are reported. This focus encompasses large areas of the states of Amazonas and Roraima, in the densely forested highlands of Northern Brazil. It is not clear how the local inhabitants, Indians of the group Yanomámi, an isolated group that has lived in the region for centuries, acquired the infection. However, in some of their villages the prevalence rate among adults is as high as 80%. Aspects of the focus, as its origins, manifestations of the illness among the Indians, and the distribution and importance of the recognized vectors of O. volvulus in the region, are reviewed. The author also makes some considerations on the behavior and probable future of the focus, including the possible dissemination of onchocerciasis to some other sites of Brazil. Gold miners that in recent years have invaded the Yanomámi territory and became infected in contact with the Indians will be the cause of this dissemination. Methods for controlling onchocerciasis are discussed and, besides the treatment of the infected Indians with Ivermectin, it is proposed the use of larvicides to eliminate the vectors. This method would be employed in some limited areas where the population is already stable and shows a very high prevalence rate.</p></trans-abstract></article-meta></front><back><ref-list><ref id="B1"><element-citation publication-type="article"><article-title>Onchocerca volvulus: 1ºcaso autóctone da Região Centro-Oeste</article-title><source>Revista da Sociedade Brasileira de Medicina Tropical</source><date><year>1986</year></date><fpage>105</fpage><lpage>107</lpage><volume>19</volume><person-group><name><surname>GERAIS</surname><given-names>B. B.</given-names></name><name><surname>RIBEIRO</surname><given-names>T. C.</given-names></name></person-group></element-citation></ref><ref id="B2"><element-citation publication-type="article"><article-title>Onchocerciasis in Brazil</article-title><source>Bulletin of the Pan American Health Organization</source><date><year>1973</year></date><fpage>50</fpage><lpage>60</lpage><volume>7</volume><person-group><name><surname>MORAES</surname><given-names>M. A. P.</given-names></name><name><surname>FRAIHA</surname><given-names>H.</given-names></name><name><surname>CHAVES</surname><given-names>G. M.</given-names></name></person-group></element-citation></ref><ref id="B3"><element-citation publication-type="article"><article-title>Novas observações sobre o foco de oncocercose da área do rio Toototobi, Estado do Amazonas, Brasil</article-title><source>Boletín de la Oficina Sanitária Panamericana</source><date><year>1978</year></date><fpage>510</fpage><lpage>519</lpage><volume>84</volume><person-group><name><surname>MORAES</surname><given-names>M. A. P.</given-names></name><name><surname>CALHEIROS</surname><given-names>L. B.</given-names></name><name><surname>PORTO</surname><given-names>M. A. S.</given-names></name><name><surname>NEVES</surname><given-names>R. N. A.</given-names></name><name><surname>SHELLEY</surname><given-names>A. J.</given-names></name></person-group></element-citation></ref><ref id="B4"><element-citation publication-type="article"><article-title>Estado atual do conhecimento sobre os focos brasileiros de oncocercose</article-title><source>Anais Brasileiros de Dermatologia</source><date><year>1979</year></date><fpage>73</fpage><lpage>85</lpage><volume>54</volume><person-group><name><surname>MORAES</surname><given-names>M. A. P.</given-names></name><name><surname>SHELLEY</surname><given-names>A. J.</given-names></name><name><surname>CALHEIROS</surname><given-names>L. B.</given-names></name><name><surname>PORTO</surname><given-names>M. A. S.</given-names></name></person-group></element-citation></ref><ref id="B5"><element-citation publication-type="article"><article-title>O foco brasileiro de oncocercose: novas observações feitas nas áreas dos rios Mucajaí e Catrimâni, Território de Roraima</article-title><source>Memórias do Instituto Oswaldo Cruz</source><date><year>1986</year></date><fpage>105</fpage><lpage>109</lpage><volume>81</volume><person-group><name><surname>MORAES</surname><given-names>M. A. P.</given-names></name><name><surname>SHELLEY</surname><given-names>A. J.</given-names></name><name><surname>LUNA DIAS</surname><given-names>A. P. A.</given-names></name></person-group></element-citation></ref><ref id="B6"><element-citation publication-type="article"><article-title>Discovery of a new onchocerciasis focus in Venezuela</article-title><source>Bulletin of the Pan American Health Organization</source><date><year>1977</year></date><fpage>41</fpage><lpage>64</lpage><volume>11</volume><person-group><name><surname>RASSI</surname><given-names>E.</given-names></name><name><surname>MONZÓN</surname><given-names>H.</given-names></name><name><surname>CASTILLO</surname><given-names>M.</given-names></name><name><surname>HERNANDEZ</surname><given-names>I.</given-names></name><name><surname>RAMÍREZ PÉREZ</surname><given-names>J.</given-names></name><name><surname>CONVIT</surname><given-names>J.</given-names></name></person-group></element-citation></ref><ref id="B7"><element-citation publication-type="article"><article-title>The status of Simulium oyapockense and S. limbatum as vectors of human onchocerciasis in Brazilian Amazonia</article-title><source>Journal of Medical and Veterinary Entomology</source><date><year>1987</year></date><fpage>219</fpage><lpage>234</lpage><volume>1</volume><person-group><name><surname>SHELLEY</surname><given-names>A. J.</given-names></name><name><surname>LUNA DIAS</surname><given-names>A. P. A.</given-names></name><name><surname>MORAES</surname><given-names>M. A. P.</given-names></name><name><surname>PROCUNIER</surname><given-names>W. S.</given-names></name></person-group></element-citation></ref></ref-list></back></article></articles>