<articles xmlns:xsi="http://www.w3.org/2001/XMLSchema-instance" xsi:schemaLocation="https://raw.githubusercontent.com/scieloorg/articles_meta/master/tests/xsd/scielo_sci/ThomsonReuters_publishing.xsd" dtd-version="1.10"><article lang_id="pt" article-type="research-article"><front><journal-meta><journal-id journal-id-type="publisher">csp</journal-id><journal-title-group><journal-title>Cadernos de Saúde Pública</journal-title><abbrev-journal-title>Cad. Saúde Pública</abbrev-journal-title></journal-title-group><issn>1678-4464</issn><collection>SciELO Public Health</collection><publisher><publisher-name>Escola Nacional de Saúde Pública Sergio Arouca, Fundação Oswaldo Cruz</publisher-name></publisher></journal-meta><article-meta><unique-article-id pub-id-type="publisher-id">S0102-311X1993000100007</unique-article-id><article-id pub-id-type="publisher-id">S0102-311X1993000100007</article-id><article-id pub-id-type="doi">10.1590/S0102-311X1993000100007</article-id><article-categories><subj-group><subject>Health Policy &amp; Services</subject></subj-group></article-categories><title-group><article-title lang_id="pt">Violência para todos</article-title><trans-title-group lang_id="en"><trans-title>Violence for all</trans-title></trans-title-group></title-group><contrib-group><contrib contrib-type="author"><name><surname>Minayo</surname><given-names>Maria Cecília de S.</given-names></name><role>ND</role><xref ref-type="aff" rid="A01"/></contrib><contrib contrib-type="author"><name><surname>Souza</surname><given-names>Edinilsa R. de</given-names></name><role>ND</role><xref ref-type="aff" rid="A02"/></contrib></contrib-group><aff id="A01"><institution>Escola Nacional de Saúde Pública</institution><country>Brazil</country></aff><aff id="A02"><institution>Escola Nacional de Saúde Pública</institution><country>Brazil</country></aff><pub-date><month>03</month><year>1993</year></pub-date><volume>9</volume><issue>1</issue><fpage>65</fpage><lpage>78</lpage><permissions><license license-type="open-access" href="http://creativecommons.org/licenses/by/4.0/"><license-p>This work is licensed under a Creative Commons Attribution 4.0 International License.</license-p></license></permissions><self-uri href="http://www.scielosp.org/scielo.php?script=sci_arttext&amp;pid=S0102-311X1993000100007&amp;lng=en&amp;tlng=en" content-type="full_text_page"/><self-uri href="http://www.scielosp.org/scielo.php?script=sci_issuetoc&amp;pid=0102-311X19930001&amp;lng=en" content-type="issue_page"/><self-uri href="http://www.scielosp.org/scielo.php?script=sci_serial&amp;pid=0102-311X&amp;lng=en" content-type="journal_page"/><abstract lang_id="pt"><p>Este artigo trata a problemática da violência social através do quadro de mortalidade por causas externas no Brasil, com ênfase na situação do município do Rio de Janeiro. São utilizados dados de mortalidade do Ministério da Saúde, consolidados pelo Departamento de Epidemiologia e Métodos Quantitativos em Saúde, da Escola Nacional de Saúde Pública, no período de 1980 a 1988. São apresentadas a mortalidade proporcional e as taxas de mortalidade por causas externas segundo sexo, idade, grupos específicos de causas externas, tipos de homicídios e acidentes de trânsito. Apesar de se tratar, basicamente, de um trabalho descritivo, faz-se aqui também uma reflexão sobre os homicídios, considerando-os como o fenômeno gerador de morte mais significativo na configuração da violência brasileira hoje.</p></abstract><trans-abstract lang_id="en"><p>This paper investigates the problem of social violence based on the situation for mortality from external causes in Brazil, particularly in the city of Rio de Janeiro. Mortality data from the Brazilian Ministry of Health (consolidated by the Department of Epidemiology of the National School of Public Health in the period 1980-1988) are used in this study. Proportional mortality and mortality rates from external causes are given according to sex, age, specific groups of external causes, types of homicides, and traffic accidents. Despite being basically a descriptive study, this paper also studies homicides as the most significant cause of death in the configuration of violence in Brazil today.</p></trans-abstract><kwd-group lang_id="en" kwd-group-type="author-generated"><kwd>Violence</kwd><kwd>Mortality</kwd><kwd>Epidemiology</kwd><kwd>Sociology</kwd></kwd-group><kwd-group lang_id="pt" kwd-group-type="author-generated"><kwd>Violência</kwd><kwd>Mortalidade</kwd><kwd>Epidemiologia</kwd><kwd>Sociologia</kwd></kwd-group></article-meta></front><back><ref-list><ref id="B1"><element-citation publication-type="book"><source>A Violência no Campo</source><fpage>132</fpage><lpage>147</lpage><person-group><name><surname>ALMEIDA</surname><given-names>A. W. B.</given-names></name></person-group></element-citation></ref></ref-list></back></article></articles>