<articles xmlns:xsi="http://www.w3.org/2001/XMLSchema-instance" xsi:schemaLocation="https://raw.githubusercontent.com/scieloorg/articles_meta/master/tests/xsd/scielo_sci/ThomsonReuters_publishing.xsd" dtd-version="1.10"><article lang_id="es" article-type="research-article"><front><journal-meta><journal-id journal-id-type="publisher">csp</journal-id><journal-title-group><journal-title>Cadernos de Saúde Pública</journal-title><abbrev-journal-title>Cad. Saúde Pública</abbrev-journal-title></journal-title-group><issn>1678-4464</issn><collection>SciELO Public Health</collection><publisher><publisher-name>Escola Nacional de Saúde Pública Sergio Arouca, Fundação Oswaldo Cruz</publisher-name></publisher></journal-meta><article-meta><unique-article-id pub-id-type="publisher-id">S0102-311X1991000300005</unique-article-id><article-id pub-id-type="publisher-id">S0102-311X1991000300005</article-id><article-id pub-id-type="doi">10.1590/S0102-311X1991000300005</article-id><article-categories><subj-group><subject>Health Policy &amp; Services</subject></subj-group></article-categories><title-group><article-title lang_id="es">Conocimientos, opiniones y hábito de fumar en profesores</article-title></title-group><contrib-group><contrib contrib-type="author"><name><surname>Mihoevic</surname><given-names>Drago Vrsalovic</given-names></name><role>ND</role><xref ref-type="aff" rid="A01"/></contrib><contrib contrib-type="author"><name><surname>Kasten</surname><given-names>Aída Kirschbaum</given-names></name><role>ND</role><xref ref-type="aff" rid="A02"/></contrib></contrib-group><aff id="A01"><institution>Instituto Profesional de Osorno</institution><country>Chile</country></aff><aff id="A02"><institution>Universidad de Chile</institution><country>Chile</country></aff><pub-date><month>09</month><year>1991</year></pub-date><volume>7</volume><issue>3</issue><fpage>347</fpage><lpage>362</lpage><permissions><license license-type="open-access" href="http://creativecommons.org/licenses/by/4.0/"><license-p>This work is licensed under a Creative Commons Attribution 4.0 International License.</license-p></license></permissions><self-uri href="http://www.scielosp.org/scielo.php?script=sci_arttext&amp;pid=S0102-311X1991000300005&amp;lng=en&amp;tlng=en" content-type="full_text_page"/><self-uri href="http://www.scielosp.org/scielo.php?script=sci_issuetoc&amp;pid=0102-311X19910003&amp;lng=en" content-type="issue_page"/><self-uri href="http://www.scielosp.org/scielo.php?script=sci_serial&amp;pid=0102-311X&amp;lng=en" content-type="journal_page"/><abstract lang_id="es"><p>Dada la trascendencia que tienen las actividades educativas en la prevención del hábito de fumar en niños y jóvenes, se realizó un estudio con la finalidad de conocer las tasas de prevalencia, conocimientos y opiniones que tienen los profesores sobre el tabaquismo. Para ello se aplicó un cuestionario a 746 profesores de la ciudad de Osorno, Chile. Los resultados indicaron una tasa de 42,6% de maestros fumadores; considerando la especialización, las mayores prevalencias se hallan en las profesoras de Biología y de Educación Física. Se establecen comparaciones con prevalencias de otros países. Se determinó que el nivel de conocimientos es independiente del hábito de fumar, en cambio, las opiniones expresadas sobre diversos aspectos vinculados al tabaquismo, están fuertemente asociadas a su hábito. Se concluye la necesidad de realizar una capacitación sistemática a los profesores en servicio y en los Centros de formación de maestros.</p></abstract><trans-abstract lang_id="en"><p>Due to the importance that educational activities have in preventing the habit of smoking in boys and young men, a research was carried out in order to know the rates of predominance, knowledge and opinions teachers have on smoking. For this purpose, an enquiry was applied to 746 teachers from Osorno, Chile. The results showed a rate of 42.6% of smokers; considering specialization, the major predominance is found in woman teachers of Biology and Physical Education. Comparisons with predominance in other countries are established. It was determined that the level of knowledge is independent from the habit of smoking; on the contrary, opinions about different aspects related to smoking, are closely connected to the habit. We conclude that it is necessary to carry on a systematic training with in service teachers and specially in Teacher's Training Colleges.</p></trans-abstract></article-meta></front><back><ref-list><ref id="B1"><element-citation publication-type="article"><article-title>Una estrategia de prevención primaria del tabaquismo en escolares</article-title><source>Archivos de Investigación</source><date><year>1985</year></date><fpage>7</fpage><lpage>10</lpage><issue>1</issue><volume>3</volume><person-group><name><surname>BEHN</surname><given-names>B. V.</given-names></name></person-group></element-citation></ref></ref-list></back></article></articles>