<articles xmlns:xsi="http://www.w3.org/2001/XMLSchema-instance" xsi:schemaLocation="https://raw.githubusercontent.com/scieloorg/articles_meta/master/tests/xsd/scielo_sci/ThomsonReuters_publishing.xsd" dtd-version="1.10"><article lang_id="pt" article-type="research-article"><front><journal-meta><journal-id journal-id-type="publisher">csp</journal-id><journal-title-group><journal-title>Cadernos de Saúde Pública</journal-title><abbrev-journal-title>Cad. Saúde Pública</abbrev-journal-title></journal-title-group><issn>1678-4464</issn><collection>SciELO Brazil</collection><publisher><publisher-name>Escola Nacional de Saúde Pública Sergio Arouca, Fundação Oswaldo Cruz</publisher-name></publisher></journal-meta><article-meta><unique-article-id pub-id-type="publisher-id">S0102-311X1988000100004</unique-article-id><article-id pub-id-type="publisher-id">S0102-311X1988000100004</article-id><article-id pub-id-type="doi">10.1590/S0102-311X1988000100004</article-id><article-categories><subj-group><subject>Health Policy &amp; Services</subject></subj-group></article-categories><title-group><article-title lang_id="pt">Importância dos carnívoros domésticos (cães e gatos) na epidemiologia da peste nos focos do nordeste do Brasil</article-title></title-group><contrib-group><contrib contrib-type="author"><name><surname>Almeida</surname><given-names>Alzira Maria Paiva de</given-names></name><role>ND</role><xref ref-type="aff" rid="A01"/></contrib><contrib contrib-type="author"><name><surname>Brasil</surname><given-names>Darci Pascoal</given-names></name><role>ND</role><xref ref-type="aff" rid="A01"/></contrib><contrib contrib-type="author"><name><surname>Melo</surname><given-names>Maria Eliane Bezerra de</given-names></name><role>ND</role><xref ref-type="aff" rid="A01"/></contrib><contrib contrib-type="author"><name><surname>Leal</surname><given-names>Nilma Cintra</given-names></name><role>ND</role><xref ref-type="aff" rid="A01"/></contrib><contrib contrib-type="author"><name><surname>Almeida</surname><given-names>Célio Rodrigues de</given-names></name><role>ND</role><xref ref-type="aff" rid="A01"/></contrib></contrib-group><aff id="A01"><institution>Fundação Oswaldo Cruz</institution><country>Brazil</country></aff><pub-date><month>03</month><year>1988</year></pub-date><volume>4</volume><issue>1</issue><fpage>49</fpage><lpage>55</lpage><permissions><license license-type="open-access" href="http://creativecommons.org/licenses/by-nc/4.0/"><license-p>This work is licensed under a Creative Commons Attribution-NonCommercial 4.0 International License.</license-p></license></permissions><self-uri href="http://www.scielo.br/scielo.php?script=sci_arttext&amp;pid=S0102-311X1988000100004&amp;lng=en&amp;tlng=en" content-type="full_text_page"/><self-uri href="http://www.scielo.br/scielo.php?script=sci_issuetoc&amp;pid=0102-311X19880001&amp;lng=en" content-type="issue_page"/><self-uri href="http://www.scielosp.org/scielo.php?script=sci_serial&amp;pid=0102-311X&amp;lng=en" content-type="journal_page"/><abstract lang_id="pt"><p>Soros de carnívoros domésticos (cães e gatos), roedores, e pacientes suspeitos de peste, obtidos durante dois surtos de peste humana e de roedores, um em 1982, no foco da Serra de Baturité/CE e o outro, em 1986, no Planalto da Borborema/PB e soros de carnívoros e de roedores do foco da Chapada do Araripe/PE, obtidos, em 1986, na ausência de casos humanos, foram analisados pelas micro técnicas de hemaglutinação passiva para anticorpos específicos, contra a fração antigênica purificada - F1A - de Yersinia pestis e inibição da hemaglutinação. Os altos percentuais de carnívoros, sorologicamente, positivos encontrados durante os surtos de peste humana, confirmam que esses animais estão implicados no ciclo epidemiológico da peste, nos focos do Nordeste do Brasil, e representam valiosos indicadores das atividades da infecção.</p></abstract><trans-abstract lang_id="en"><p>Blood sera were obtained from domestic carnivores (dogs and cats), rodents, and plague suspected humans during two Brazilian plague outbreaks that have occurred in Baturité Mountain focus, (Ceará state), in 1982 and Borborema Plateau focus, (Paraíba state), in 1986. Blood sera were also obtained from animals on Araripe Plateau focus, (Pernambuco state), during 1986, when human cases of plague had not been reported. The samples were analysed by passive haemagglutination test for antibodies against the fraction - F1A - of Yersinia pestis concomitant with the passive haemagglutination inhibition test. The high percentage of seropositive carnivores found during the plague outbreaks indicates that these animals may also be involved in the epidemiological cycle of plague in Brazil, and could represent a valuable indicator of the infection activity.</p></trans-abstract></article-meta></front><back><ref-list><ref id="B1"><element-citation publication-type="article"><article-title>Plague in Brazil during two years of bacteriological and serological surveillance</article-title><source>Rull. Wld. Hlth Org.</source><date><year>1981</year></date><volume>59</volume><person-group><name><surname>ALMEIDA</surname><given-names>C.R.</given-names></name></person-group></element-citation></ref><ref id="B2"><element-citation publication-type="conference"><source>Situação da peste no Brasil no ano de 1982</source><date><year>1983</year></date><person-group><name><surname>ALMEIDA</surname><given-names>C.R.</given-names></name><name><surname>ALMEIDA</surname><given-names>C.R.</given-names></name></person-group></element-citation></ref><ref id="B3"><element-citation publication-type="article"><article-title>Isolamento da Yersinia pestis nos focos pestosos do Nordeste do Brasil no período de 1966 a 1982</article-title><source>Rev. Inst. Med. trop. São Paulo</source><date><year>1985</year></date><fpage>167</fpage><lpage>228</lpage><volume>27</volume><person-group><name><surname>ALMEIDA</surname><given-names>A.M.P.</given-names></name></person-group></element-citation></ref><ref id="B4"><element-citation publication-type="article"><article-title>Detection of plague by testing serum of dogs on the Navajo Reservation</article-title><source>H.S.M.H.A. Health Rep.</source><date><year>1971</year></date><fpage>377</fpage><lpage>380</lpage><volume>86</volume><person-group><name><surname>ARCHIBALD</surname><given-names>W.S.</given-names></name><name><surname>KUNITZ</surname><given-names>S.J.</given-names></name></person-group></element-citation></ref><ref id="B5"><element-citation publication-type="article"><article-title>Studies on the immunization against plague. I: The isolation and characterization of the soluble antigen of Pasteurella pestis</article-title><source>J. Immunol.</source><date><year>1952</year></date><fpage>131</fpage><lpage>145</lpage><volume>68</volume><person-group><name><surname>BAKER.</surname><given-names>E.</given-names></name></person-group></element-citation></ref><ref id="B6"><element-citation publication-type="article"><article-title>Surveillance and control of bubonic plague in the United States</article-title><source>Symp. Zool. Soc. Lond.</source><date><year>1982</year></date><fpage>237</fpage><lpage>270</lpage><volume>50</volume><person-group><name><surname>BARNES</surname><given-names>A.M.</given-names></name></person-group></element-citation></ref><ref id="B7"><element-citation publication-type="article"><article-title>Epizootias felinas do Nordeste do Brasil. Adeno-mieloenterose específica por vírus filtrável</article-title><source>Brasil Médico</source><date><year>1940</year></date><fpage>113</fpage><lpage>118</lpage><volume>8</volume><person-group><name><surname>MACHIAVELLO</surname><given-names>A.</given-names></name><name><surname>COUTINHO</surname><given-names>A.B.</given-names></name></person-group></element-citation></ref><ref id="B8"><element-citation publication-type="article"><article-title>Human bubonic plague from exposure to a naturally infected wild carnivore</article-title><source>Am. J. Epidemiol.</source><date><year>1973</year></date><fpage>332</fpage><lpage>337</lpage><volume>97</volume><person-group><name><surname>POLAND</surname><given-names>J.D.</given-names></name></person-group></element-citation></ref><ref id="B9"><element-citation publication-type="book"><source>CRC Handbook Series in Zoonoses: Section A: Bacterial, Rickettsial, and Mycotic Diseases</source><date><year>1979</year></date><fpage>515</fpage><lpage>597</lpage><volume>1</volume><person-group><name><surname>POLAND</surname><given-names>J.D.</given-names></name><name><surname>BARNES</surname><given-names>A.</given-names></name><name><surname>STEELE</surname><given-names>J.H.</given-names></name><name><surname>STEELE</surname><given-names>J.H.</given-names></name></person-group></element-citation></ref><ref id="B10"><element-citation publication-type="article"><article-title>Plague</article-title><source>WHO Monogr. Ser.</source><fpage>1954</fpage><volume>22</volume><person-group><name><surname>POLLITZER</surname><given-names>R.</given-names></name></person-group></element-citation></ref><ref id="B11"><element-citation publication-type="article"><article-title>The role of domestic animals in the epidemiology of plague. I: Experimental Infection of dogs and cats</article-title><source>J. inf. Dis.</source><date><year>1971</year></date><fpage>522</fpage><lpage>526</lpage><issue>124</issue><person-group><name><surname>RUST</surname><given-names>J.H.</given-names></name></person-group></element-citation></ref><ref id="B12"><element-citation publication-type="article"><article-title>The role of domestic animals in the epidemiology of plague. II: Antibody to Yersinia pestis in sera of dogs and cats</article-title><source>J. inf. Dis.</source><date><year>1971</year></date><fpage>527</fpage><lpage>531</lpage><volume>124</volume><person-group><name><surname>RUST</surname><given-names>J.H.</given-names></name></person-group></element-citation></ref><ref id="B13"><element-citation publication-type="article"><article-title>Atividades do Laboratório de Peste da Delegacia Federal de Saúde da antiga 3ª Região com sede em Fortaleza</article-title><source>O Hospital</source><date><year>1941</year></date><fpage>957</fpage><lpage>993</lpage><volume>19</volume><person-group><name><surname>SILVA Jr.</surname><given-names>M.</given-names></name><name><surname>VALENÇA Jr.</surname><given-names>J.V.</given-names></name></person-group></element-citation></ref><ref id="B14"><element-citation publication-type="article"><article-title>Bubonic plague from direct exposure to a naturally infected wild coyote</article-title><source>Am. J. Trop. Med. Hyg.</source><date><year>1976</year></date><fpage>626</fpage><lpage>629</lpage><volume>25</volume><person-group><name><surname>von REYN</surname></name></person-group></element-citation></ref><ref id="B15"><element-citation publication-type="book"><source>Who Thecnical Report Series: Fourth Report</source><date><year>1970</year></date><fpage>23</fpage><lpage>25</lpage><volume>447</volume></element-citation></ref></ref-list></back></article></articles>