<articles xmlns:xsi="http://www.w3.org/2001/XMLSchema-instance" xsi:schemaLocation="https://raw.githubusercontent.com/scieloorg/articles_meta/master/tests/xsd/scielo_sci/ThomsonReuters_publishing.xsd" dtd-version="1.10"><article lang_id="pt" article-type="research-article"><front><journal-meta><journal-id journal-id-type="publisher">csp</journal-id><journal-title-group><journal-title>Cadernos de Saúde Pública</journal-title><abbrev-journal-title>Cad. Saúde Pública</abbrev-journal-title></journal-title-group><issn>1678-4464</issn><collection>SciELO Brazil</collection><publisher><publisher-name>Escola Nacional de Saúde Pública Sergio Arouca, Fundação Oswaldo Cruz</publisher-name></publisher></journal-meta><article-meta><unique-article-id pub-id-type="publisher-id">S0102-311X1985000100006</unique-article-id><article-id pub-id-type="publisher-id">S0102-311X1985000100006</article-id><article-id pub-id-type="doi">10.1590/S0102-311X1985000100006</article-id><article-categories><subj-group><subject>Health Policy &amp; Services</subject></subj-group></article-categories><title-group><article-title lang_id="pt">Avaliação da cobertura de vacinação em Teresina - Piauí (Brasil - 1983)</article-title></title-group><contrib-group><contrib contrib-type="author"><name><surname>Szwarcwald</surname><given-names>C.L.</given-names></name><role>ND</role><xref ref-type="aff" rid="A01"/></contrib><contrib contrib-type="author"><name><surname>Valente</surname><given-names>J.G.</given-names></name><role>ND</role><xref ref-type="aff" rid="A02"/></contrib></contrib-group><aff id="A01"><institution>Fundação Oswaldo Cruz</institution><country>Brazil</country></aff><aff id="A02"><institution>Secretaria de Estado de Saúde e Higiene</institution></aff><pub-date><month>03</month><year>1985</year></pub-date><volume>1</volume><issue>1</issue><fpage>41</fpage><lpage>49</lpage><permissions><license license-type="open-access" href="http://creativecommons.org/licenses/by-nc/4.0/"><license-p>This work is licensed under a Creative Commons Attribution-NonCommercial 4.0 International License.</license-p></license></permissions><self-uri href="http://www.scielo.br/scielo.php?script=sci_arttext&amp;pid=S0102-311X1985000100006&amp;lng=en&amp;tlng=en" content-type="full_text_page"/><self-uri href="http://www.scielosp.org/scielo.php?script=sci_issuetoc&amp;pid=0102-311X19850001&amp;lng=en" content-type="issue_page"/><self-uri href="http://www.scielosp.org/scielo.php?script=sci_serial&amp;pid=0102-311X&amp;lng=en" content-type="journal_page"/><abstract lang_id="pt"><p>O presente estudo avaliou a cobertura de vacinação antipólio, DPT, BCG e anti-sarampo em crianças de um ano de idade, na área urbana do municipio de Teresina (Piauí), em 1983. Dois métodos de amostragem, o de Henderson e Sundaresan¹ e uma modificação deste foram utilizados posteriormente comparados quanto aos resultados. A análise de alguns indicadores sociais, como escolaridade dos pais e número de moradores e de crianças do domicílio, nos permitiu estabelecer diferenças entre os grupos de crianças que completaram e as que não completaram o quadro de imunizações. Uma parte do trabalho dirigiu-se para a identificação dos principais motivos apontados pelas mães por não terem completado a vacinação de suas crianças.</p></abstract><trans-abstract lang_id="en"><p>The objective of the present study was to estimate the immunization coverage of polio, triplice, BCG and measles in children one year of age in the urban area of the municipality of Teresina (Piauí), in 1983. Two sampling methods were used. Henderson and Sundaresan¹ and an adaptation of the first and the results were later compared. An analysis was carried out to discriminate those children who had completed their vaccinations from those who had failed to do so, based on social indicators such as education of the parents and number of residents and children in each household. Part of the study focused on the principal motives given by the mother for not having vaccinated their children.</p></trans-abstract></article-meta></front><back><ref-list><ref id="B1"><element-citation publication-type="book"><source>Informes sobre a avaliação do programa de imunização do estado da Bahia</source><date><year>1983</year></date></element-citation></ref><ref id="B2"><element-citation publication-type="article"><source>BOLETIN INFORMATIVO PAI</source><date><year>1980</year></date><issue>3</issue><volume>2</volume></element-citation></ref><ref id="B3"><element-citation publication-type="article"><source>BOLETIN INFORMATIVO PAI</source><date><year>1983</year></date><issue>2</issue><volume>5</volume></element-citation></ref><ref id="B4"><element-citation publication-type="book"><source>Estatísticas de mortalidade: Brasil, 1980</source><date><year>1983</year></date></element-citation></ref><ref id="B5"><element-citation publication-type="book"><source>Sampling techniques</source><date><year>1963</year></date><person-group><name><surname>COCHRAN</surname><given-names>W.G.</given-names></name><name><surname>COCHRAN</surname><given-names>W.G.</given-names></name></person-group></element-citation></ref><ref id="B6"><element-citation publication-type="book"><source>Avaliação de cobertura vacinal em Araraquara (SP)</source><date><year>1982</year></date><person-group><name><surname>CUNHA</surname><given-names>C.C.L. de</given-names></name><name><surname>CUNHA</surname><given-names>C.C.L. de</given-names></name></person-group></element-citation></ref><ref id="B7"><element-citation publication-type="article"><article-title>Cluster sampling to asess immunization coverage: a review of experience with a simplified sampling method</article-title><source>Bull WHO</source><date><year>1982</year></date><fpage>253</fpage><lpage>60</lpage><issue>2</issue><volume>60</volume><person-group><name><surname>HENDERSON</surname><given-names>R.H.</given-names></name><name><surname>SUNDARESAN</surname><given-names>T.</given-names></name></person-group></element-citation></ref><ref id="B8"><element-citation publication-type="book"><source>Immunization of children: indications and contraindications for vaccines used in the expanded programme on immunization</source></element-citation></ref></ref-list></back></article></articles>