<articles xmlns:xsi="http://www.w3.org/2001/XMLSchema-instance" xsi:schemaLocation="https://raw.githubusercontent.com/scieloorg/articles_meta/master/tests/xsd/scielo_sci/ThomsonReuters_publishing.xsd" dtd-version="1.10"><article lang_id="pt" article-type="research-article"><front><journal-meta><journal-id journal-id-type="publisher">csp</journal-id><journal-title-group><journal-title>Cadernos de Saúde Pública</journal-title><abbrev-journal-title>Cad. Saúde Pública</abbrev-journal-title></journal-title-group><issn>1678-4464</issn><collection>SciELO Brazil</collection><publisher><publisher-name>Escola Nacional de Saúde Pública Sergio Arouca, Fundação Oswaldo Cruz</publisher-name></publisher></journal-meta><article-meta><unique-article-id pub-id-type="publisher-id">S0102-311X1985000200005</unique-article-id><article-id pub-id-type="publisher-id">S0102-311X1985000200005</article-id><article-id pub-id-type="doi">10.1590/S0102-311X1985000200005</article-id><article-categories><subj-group><subject>Health Policy &amp; Services</subject></subj-group></article-categories><title-group><article-title lang_id="pt">Anticoncepcionais orais e pressão arterial: pesquisa epidemiológica de hipertensão arterial no Rio Grande do Sul</article-title></title-group><contrib-group><contrib contrib-type="author"><name><surname>Szwarcwald</surname><given-names>Célia L.</given-names></name><role>ND</role><xref ref-type="aff" rid="A01"/></contrib><contrib contrib-type="author"><name><surname>Costa</surname><given-names>Sarah H.</given-names></name><role>ND</role><xref ref-type="aff" rid="A01"/></contrib><contrib contrib-type="author"><name><surname>Costa</surname><given-names>Eduardo de Azeredo</given-names></name><role>ND</role><xref ref-type="aff" rid="A02"/></contrib><contrib contrib-type="author"><name><surname>Klein</surname><given-names>Carlos Henrique</given-names></name><role>ND</role><xref ref-type="aff" rid="A01"/></contrib><contrib contrib-type="author"><name><surname>Leal</surname><given-names>Maria do Carmo</given-names></name><role>ND</role><xref ref-type="aff" rid="A01"/></contrib></contrib-group><aff id="A02"><institution>Fundação Oswaldo Cruz</institution><country>Brazil</country></aff><aff id="A01"><institution>Fundação Oswaldo Cruz</institution><country>Brazil</country></aff><pub-date><month>06</month><year>1985</year></pub-date><volume>1</volume><issue>2</issue><fpage>177</fpage><lpage>191</lpage><permissions><license license-type="open-access" href="http://creativecommons.org/licenses/by-nc/4.0/"><license-p>This work is licensed under a Creative Commons Attribution-NonCommercial 4.0 International License.</license-p></license></permissions><self-uri href="http://www.scielo.br/scielo.php?script=sci_arttext&amp;pid=S0102-311X1985000200005&amp;lng=en&amp;tlng=en" content-type="full_text_page"/><self-uri href="http://www.scielosp.org/scielo.php?script=sci_issuetoc&amp;pid=0102-311X19850002&amp;lng=en" content-type="issue_page"/><self-uri href="http://www.scielosp.org/scielo.php?script=sci_serial&amp;pid=0102-311X&amp;lng=en" content-type="journal_page"/><abstract lang_id="pt"><p>O presente trabalho teve por objetivo descrever a relação entre o uso de anticoncepcionais orais e a pressão arterial em mulheres residentes nas áreas urbana, rural e metropolitana no Rio Grande do Sul situado no extremo sul do Brasil Os dados utilizados nesta análise provêm de um inquérito de hipertensão arterial conduzido neste Estado, em 1978. Através de uma análise de covariâncias, controlando-se idade e índice de Quetelet, as médias de pressão sistólica e diastólica das mulheres usuárias e ex-usuárias de pílulas, foram comparadas com as médias de pressão das mulheres que nunca tomaram anticoncepcionais. Observou-se que, para a pressão sistólica, houve, sistematicamente, nos quatro estratos considerados na pesquisa (Interior Rural, Interior Urbano, Cinturão Metropolitano e Porto Alegre), uma diferença positiva para as mulheres que estão tomando pílula atualmente. Esta diferença mostrou-se significativa (p &lt; 1%) para as mulheres residentes no Cinturão Metropolitano que tomam anticoncepcionais há mais de dois anos. Para a pressão diastólica, foram observados pequenos efeitos que, embora positivos, não foram significativos. A metodologia da pesquisa permitiu, ainda, avaliar a associação entre o uso de anticoncepcionais orais e outros fatores de risco. Dentre as mulheres residentes na área metropolitana, foi no grupo das mulheres de escolaridade mais baixa que o efeito se mostrou mais intenso. No grupo de mulheres que apresentavam história de hipertensão na gravidez, assim como nas mulheres classificadas como hipertensas (critério 140/90), o efeito dos anticoncepcionais orais também mostrou-se de grande significância (p &lt; 1%), com alterações de mais de 10 mm Hg nas médias de pressão sistólica. Tais resultados sugerem que o uso da pílula tende a potencializar o aumento na pressão sistólica, em grupos de mulheres já habitualmente com níveis de pressão mais elevados.</p></abstract><trans-abstract lang_id="en"><p>The present paper describes the relationship between the use of oral contraceptives and arterial blood pressure among women residing in rural, urban and metropolitan areas of Rio Grande do Sul, the southernmost state of Brazil. The analysis is based on data from a cross-sectional survey of blood pressure carried out in Rio Grande do Sul, in 1978. In an analysis ofcovariance, controlling forage and Quetelet Index, the average systolic and diastolic pressures of oral contraceptive users or ex-users were compared to the average pressure of never-users. A positive difference in systolic pressure was observed systematically for all four study strata (Rural Interior, Urban Interior, Capital and its Metropolitan Belt), among women using oral contraceptives at the time of interview. The difference was found to be significant (p &lt; 1%) for women residing in the Metropolitan Belt using oral contraceptives for more than 2 y ears. The effect on diastolic pressure, although generally positive, were smaller and not significant. The research methodology allowed for the association between the use of oral contraceptives and other risk factors to be evaluated. The effect on blood pressure was found to be most intense for women of the lowest educational status residing in the Metropolitan belt. For the group of women with a history of hypertension during pregnancy or classified as hypertensive (criteria 140/90) the effect of oral contraceptives was also found to be highly significant (p &lt;1%) - an alteration of over IQmmHg on the average systolic pressure. These results suggest that the use of oral contraceptives brings about a greater increase in systolic pressure in groups of women with normally higher levels of pressure.</p></trans-abstract></article-meta></front><back><ref-list><ref id="B1"><element-citation publication-type="conference"><source>Algumas indicações sobre a recente queda da fecundidade no Brasil</source><date><month>04</month><year>1980</year></date><person-group><name><surname>BERQUÓ</surname><given-names>E.</given-names></name><name><surname>BERQUÓ</surname><given-names>E.</given-names></name></person-group></element-citation></ref><ref id="B2"><element-citation publication-type="article"><article-title>Oral contraceptives and hypertension: a epidemiological survey</article-title><source>Br. Heart J.</source><date><year>1972</year></date><fpage>1238</fpage><lpage>43</lpage><volume>34</volume><person-group><name><surname>CLEZY</surname><given-names>T.M.</given-names></name></person-group></element-citation></ref><ref id="B3"><element-citation publication-type="thesis"><source>A cross-sectional survey of blood pressure in Rio Grande do Sul, Brasil</source><date><year>1981</year></date><person-group><name><surname>COSTA</surname><given-names>E. A.</given-names></name><name><surname>COSTA</surname><given-names>E. A.</given-names></name></person-group></element-citation></ref><ref id="B4"><element-citation publication-type="article"><article-title>Oral contraceptives and blood pressure</article-title><source>Arch. Intern. Med.</source><date><year>1969</year></date><fpage>362</fpage><lpage>5</lpage><volume>123</volume><person-group><name><surname>KUNIN</surname><given-names>C.M.</given-names></name></person-group></element-citation></ref><ref id="B5"><element-citation publication-type="book"><source>The determinants of Brazil's recent rapid decline infertility</source><date><year>1983</year></date><person-group><name><surname>MERRICK</surname><given-names>T.</given-names></name><name><surname>BERQUÓ</surname><given-names>E.</given-names></name><name><surname>MERRICK</surname><given-names>T.</given-names></name><name><surname>BERQUÓ</surname><given-names>E.</given-names></name></person-group></element-citation></ref><ref id="B6"><element-citation publication-type="book"><source>Pharmacology of steroid contraceptive drugs</source><date><year>1977</year></date><fpage>277</fpage><lpage>88</lpage><person-group><name><surname>RAMCHARAN</surname><given-names>S.</given-names></name><name><surname>GARATTINI</surname><given-names>S.</given-names></name><name><surname>BERENDES</surname><given-names>H.W.</given-names></name><name><surname>GARATTINI</surname><given-names>S.</given-names></name><name><surname>BERENDES</surname><given-names>H.W.</given-names></name></person-group></element-citation></ref><ref id="B7"><element-citation publication-type="article"><article-title>Standardization of observers blood pressure measurement</article-title><source>Lancet</source><date><year>1975</year></date><fpage>673</fpage><volume>1</volume><person-group><name><surname>ROSE</surname><given-names>G.</given-names></name></person-group></element-citation></ref><ref id="B8"><element-citation publication-type="book"><source>Pesquisa sobre saúde materno-infantil e planejamento familiar, Brasil, Região Sul</source><date><year>1982</year></date><person-group><name><surname>RODRIGUES</surname><given-names>W.</given-names></name><name><surname>RODRIGUES</surname><given-names>W.</given-names></name></person-group></element-citation></ref><ref id="B9"><element-citation publication-type="book"><source>Pesquisa sobre saúde materno-infantil e planejamento familiar, Rio Grande do Norte</source><date><year>1980</year></date><person-group><name><surname>RODRIGUES</surname><given-names>W.</given-names></name><name><surname>RODRIGUES</surname><given-names>W.</given-names></name></person-group></element-citation></ref><ref id="B10"><element-citation publication-type="article"><article-title>A possible mechanism for hypertension induce by oral contraceptives</article-title><source>Arch. Intern. Med.</source><date><year>1970</year></date><fpage>621</fpage><lpage>6</lpage><volume>126</volume><person-group><name><surname>SARUTA</surname><given-names>T.</given-names></name></person-group></element-citation></ref><ref id="B11"><element-citation publication-type="article"><article-title>The effect of intrauterine devices, oral contraceptives, estrogens, and progrestogens on blood pressure</article-title><source>Am. J. Obstet. Ginecol</source><date><year>1972</year></date><fpage>912</fpage><lpage>9</lpage><issue>1</issue><volume>112</volume><person-group><name><surname>SPELLACY</surname><given-names>W.N.</given-names></name><name><surname>BIRK</surname><given-names>S.A.</given-names></name></person-group></element-citation></ref><ref id="B12"><element-citation publication-type="conference"><source>Anais</source><date><year>1982</year></date><person-group><name><surname>TAVARES</surname><given-names>T.</given-names></name></person-group></element-citation></ref><ref id="B13"><element-citation publication-type="article"><article-title>Alteration in blood pressure associated with combined alcohol and oral contraceptive use</article-title><source>J.Chron. Dis.</source><date><year>1982</year></date><fpage>251</fpage><lpage>7</lpage><volume>35</volume><person-group><name><surname>WALLACE</surname><given-names>R.B.</given-names></name></person-group></element-citation></ref><ref id="B14"><element-citation publication-type="article"><article-title>Blood pressure in women taking oral contraceptives</article-title><source>British Med. J.</source><date><year>1974</year></date><fpage>533</fpage><lpage>5</lpage><volume>1</volume><person-group><name><surname>WEIR</surname><given-names>R.J.</given-names></name></person-group></element-citation></ref><ref id="B15"><element-citation publication-type="article"><article-title>Oral contraceptive and hypertension</article-title><source>Lancet</source><date><year>1967</year></date><fpage>653</fpage><lpage>9</lpage><volume>2</volume><person-group><name><surname>WOOD</surname><given-names>J.W.</given-names></name></person-group></element-citation></ref></ref-list></back></article></articles>