<articles xmlns:xsi="http://www.w3.org/2001/XMLSchema-instance" xsi:schemaLocation="https://raw.githubusercontent.com/scieloorg/articles_meta/master/tests/xsd/scielo_sci/ThomsonReuters_publishing.xsd" dtd-version="1.10"><article lang_id="pt" article-type="research-article"><front><journal-meta><journal-id journal-id-type="publisher">csp</journal-id><journal-title-group><journal-title>Cadernos de Saúde Pública</journal-title><abbrev-journal-title>Cad. Saúde Pública</abbrev-journal-title></journal-title-group><issn>1678-4464</issn><collection>SciELO Public Health</collection><publisher><publisher-name>Escola Nacional de Saúde Pública Sergio Arouca, Fundação Oswaldo Cruz</publisher-name></publisher></journal-meta><article-meta><unique-article-id pub-id-type="publisher-id">S0102-311X1993000100004</unique-article-id><article-id pub-id-type="publisher-id">S0102-311X1993000100004</article-id><article-id pub-id-type="doi">10.1590/S0102-311X1993000100004</article-id><article-categories><subj-group><subject>Health Policy &amp; Services</subject></subj-group></article-categories><title-group><article-title lang_id="pt">Desenvolvimento dos sistemas de vigilância epidemiológica da varíola e da poliomelite: a transformação de conceitos em categorias operacionais</article-title><trans-title-group lang_id="en"><trans-title>The development of epidemiological surveillance systems for smallpox and poliomyelitis: changing concepts in operational categories</trans-title></trans-title-group></title-group><contrib-group><contrib contrib-type="author"><name><surname>Verani</surname><given-names>José Fernando de S.</given-names></name><role>ND</role><xref ref-type="aff" rid="A01"/></contrib><contrib contrib-type="author"><name><surname>Maranhão</surname><given-names>Eduardo P.</given-names></name><role>ND</role><xref ref-type="aff" rid="A01"/></contrib><contrib contrib-type="author"><name><surname>Laender</surname><given-names>Fernando</given-names></name><role>ND</role><xref ref-type="aff" rid="A01"/></contrib></contrib-group><aff id="A01"><institution>Escola Nacional de Saúde Pública</institution><country>Brasil</country></aff><pub-date><month>03</month><year>1993</year></pub-date><volume>9</volume><issue>1</issue><fpage>28</fpage><lpage>38</lpage><permissions><license license-type="open-access" href="http://creativecommons.org/licenses/by/4.0/"><license-p>This work is licensed under a Creative Commons Attribution 4.0 International License.</license-p></license></permissions><self-uri href="http://www.scielosp.org/scielo.php?script=sci_arttext&amp;pid=S0102-311X1993000100004&amp;lng=en&amp;tlng=en" content-type="full_text_page"/><self-uri href="http://www.scielosp.org/scielo.php?script=sci_issuetoc&amp;pid=0102-311X19930001&amp;lng=en" content-type="issue_page"/><self-uri href="http://www.scielosp.org/scielo.php?script=sci_serial&amp;pid=0102-311X&amp;lng=en" content-type="journal_page"/><abstract lang_id="pt"><p>O artigo descreve o processo através do qual alguns conceitos de vigilância epidemiológica são elaborados e transformados em categorias operacionais, constituindo, assim, o Sistema de Vigilância Epidemiológica de algumas doenças transmissíveis. A descrição do modo pelo qual alguns conceitos e categorias epidemiológicas foram sendo elaborados enfoca o Programa de Erradicação da Varíola e, mais recentemente, o Programa de Erradicação do Vírus Selvagem da Poliomielite. Conceitos como os de bloqueio e notificação cruzada, bem como as definições de casos, são descritos de modo a apresentar sua transformação em categorias operacionais no contexto de ações que, articuladas num sistema de vigilância epidemiológica, são capazes de controlar e erradicar algumas doenças imunopreveníveis, como a varíola, a poliomielite e o sarampo. Finalmente, vale ressaltar que a descrição de que trata este artigo baseia-se nas observações diretas dos autores enquanto participantes no Programa de Erradicação da Varíola em Bangladesh e na Somália, e no Programa de Erradicação da Poliomielite, na região das Américas.</p></abstract><trans-abstract lang_id="en"><p>This article describes the process by which some concepts of epidemiological surveillance are elaborated and turned into operational categories to comprise the so-called epidemiologial surveillance system for two specific diseases. The authors describe some epidemiological concepts and categories which were elaborated over the course of the smallpox eradication program and more recently in the poliomyelitis eradication program. Such concepts and categories as outbreak containment, cross-notification, and case definitions are described as they fit into a series of actions which make up the epidemiological surveillance system. Finally, it is worth noting that the description developed in this article is based on personal observations, since the authors participated in the smallpox eradication program in Bangladesh and Somalia as well as in the regional poliomyelitis eradication program in the Americas.</p></trans-abstract><kwd-group lang_id="en" kwd-group-type="author-generated"><kwd>Epidemiological Surveillance</kwd><kwd>Vaccination</kwd><kwd>Poliomyelitis</kwd><kwd>Smallpox</kwd><kwd>Mop Up</kwd><kwd>Epidemiology</kwd></kwd-group><kwd-group lang_id="pt" kwd-group-type="author-generated"><kwd>Vigilância Epidemiológica</kwd><kwd>Vacinação</kwd><kwd>Poliomelite</kwd><kwd>Varíola</kwd><kwd>Epidemiologia</kwd></kwd-group></article-meta></front><back><ref-list><ref id="B1"><element-citation publication-type="book"><source>Análisis de Sensibilidad y Especificidad de Criterios Operativos para el Tamizado de Casos de Parálisis Flaccida Aguda</source><person-group><name><surname>ANDRUS</surname><given-names>J.</given-names></name><name><surname>DE QUADROS</surname><given-names>C.</given-names></name><name><surname>OLIVE</surname><given-names>J.</given-names></name><name><surname>ANDRUS</surname><given-names>J.</given-names></name><name><surname>DE QUADROS</surname><given-names>C.</given-names></name><name><surname>OLIVE</surname><given-names>J.</given-names></name></person-group></element-citation></ref></ref-list></back></article></articles>