<articles xmlns:xsi="http://www.w3.org/2001/XMLSchema-instance" xsi:schemaLocation="https://raw.githubusercontent.com/scieloorg/articles_meta/master/tests/xsd/scielo_sci/ThomsonReuters_publishing.xsd" dtd-version="1.10"><article lang_id="pt" article-type="research-article"><front><journal-meta><journal-id journal-id-type="publisher">csp</journal-id><journal-title-group><journal-title>Cadernos de Saúde Pública</journal-title><abbrev-journal-title>Cad. Saúde Pública</abbrev-journal-title></journal-title-group><issn>1678-4464</issn><collection>SciELO Brazil</collection><publisher><publisher-name>Escola Nacional de Saúde Pública Sergio Arouca, Fundação Oswaldo Cruz</publisher-name></publisher></journal-meta><article-meta><unique-article-id pub-id-type="publisher-id">S0102-311X1992000100008</unique-article-id><article-id pub-id-type="publisher-id">S0102-311X1992000100008</article-id><article-id pub-id-type="doi">10.1590/S0102-311X1992000100008</article-id><article-categories><subj-group><subject>Health Policy &amp; Services</subject></subj-group></article-categories><title-group><article-title lang_id="pt">Reforma sanitária e informação em saúde: avaliação dos registros médicos em um distrito sanitário de Salvador, Bahia</article-title><trans-title-group lang_id="en"><trans-title>Health reform and health information: evaluation of medical records in a health district of Salvador, Bahia</trans-title></trans-title-group></title-group><contrib-group><contrib contrib-type="author"><name><surname>Modesto</surname><given-names>Márcia G.</given-names></name><role>ND</role><xref ref-type="aff" rid="A01"/></contrib><contrib contrib-type="author"><name><surname>Moreira</surname><given-names>Esdras C.</given-names></name><role>ND</role><xref ref-type="aff" rid="A01"/></contrib><contrib contrib-type="author"><name><surname>Almeida-Filho</surname><given-names>Naomar de</given-names></name><role>ND</role><xref ref-type="aff" rid="A01"/></contrib></contrib-group><aff id="A01"><institution>Universidade Federal da Bahia</institution><country>Brazil</country></aff><pub-date><month>03</month><year>1992</year></pub-date><volume>8</volume><issue>1</issue><fpage>62</fpage><lpage>68</lpage><permissions><license license-type="open-access" href="http://creativecommons.org/licenses/by-nc/4.0/"><license-p>This work is licensed under a Creative Commons Attribution-NonCommercial 4.0 International License.</license-p></license></permissions><self-uri href="http://www.scielo.br/scielo.php?script=sci_arttext&amp;pid=S0102-311X1992000100008&amp;lng=en&amp;tlng=en" content-type="full_text_page"/><self-uri href="http://www.scielo.br/scielo.php?script=sci_issuetoc&amp;pid=0102-311X19920001&amp;lng=en" content-type="issue_page"/><self-uri href="http://www.scielosp.org/scielo.php?script=sci_serial&amp;pid=0102-311X&amp;lng=en" content-type="journal_page"/><abstract lang_id="pt"><p>O presente estudo objetivou avaliar a qualidade dos registros médicos dos serviços de atenção primária à saúde no Distrito Sanitário de Itapagipe, em Salvador/Bahia, Brasil, antes e depois da reforma sanitária do Sistema Unificado e Descentralizado de Saúde (SUDS), iniciada em 1987. Foram analisados 961 prontuários novos para o ano de 1986 e 850 para o ano de 1989, em relação aos seguintes aspectos: padronização do prontuário, legibilidade e preenchimento dos itens básicos de uma anamnese de primeira consulta. Comparando-se os períodos pré e pós-reforma sanitária, observou-se uma melhoria em relação à padronização dos prontuários (de 49% para 94%) e ao registro de prescrição e de diagnósticos (30% dos prontuários sem registro de diagnóstico apresentavam registro de prescrição em 1986, passando a 7% em 1989). Entretanto, ocorreu um decréscimo na proporção de prontuários legíveis (de 76% para 71%) e um aumento importante na freqüência de prontuários em branco (de 6% para 19%), indicando que, apesar da melhoria no suprimento de recursos materiais, não se observou um avanço correspondente na qualidade da informação em saúde. Finalmente, apesar de uma acentuada melhoria na proporção de prontuários com qualidade satisfatória (de 5% para 24%), ainda se observou uma altíssima proporção (49%) de prontuários sem registro dos itens de exame físico.</p></abstract><trans-abstract lang_id="en"><p>This study aims at evaluating the quality of medical records in primary health services of the Health District of Itapagipe (Salvador/Bahia, Brazil), before and after the health reform of the Unified and Decentralized Health System (SUDS), initiated in 1987. Nine hundred and sixty one new records for 1986 and 850 for 1989 were evaluated with regard to: standardization of the record, legibility, and adequate entry of basic information from the medical history on the first visit. Comparing the pre - and post - health reform periods, improvement was observed in relation to standardization of records (from 49% to 94%) as well as the recording of prescriptions and diagnoses (30% of the records without diagnoses had prescriptions in 1986, dropping to 7% in 1989). However, the proportion of legible records decreased slightly (from 76 % to 71 %) and there was a marked increase in the frequency of blank records (from 6% to 19%), indicating that, despite a better supply of material resources, there was not a corresponding progress in the quality of health information. Finally, even considering a marked improvement in the proportion of records with satisfactory quality (from 5 to 24%), one can still find in 1989 a very high proportion (49%) of records without registration of items from clinical examination.</p></trans-abstract><kwd-group lang_id="en" kwd-group-type="author-generated"><kwd>Health Services Epidemiology</kwd><kwd>Health-services Evaluation</kwd><kwd>Health Information</kwd></kwd-group><kwd-group lang_id="pt" kwd-group-type="author-generated"><kwd>Epidemiologia de Serviços de Saúde</kwd><kwd>Avaliação de Serviços de Saúde</kwd><kwd>Informação em Saúde</kwd></kwd-group></article-meta></front><back><ref-list><ref id="B1"><element-citation publication-type="book"><source>Primary Care and Psychiatric Epidemiology</source><date><year>1991</year></date><fpage>133</fpage><lpage>141</lpage><person-group><name><surname>ALMEIDA FILHO</surname><given-names>N. M.</given-names></name><name><surname>SANTANA</surname><given-names>V.</given-names></name><name><surname>OLIVEIRA</surname><given-names>M. B.</given-names></name><name><surname>MOREIRA</surname><given-names>E. C.</given-names></name><name><surname>MODESTO</surname><given-names>M. G.</given-names></name><name><surname>Cooper</surname><given-names>B.</given-names></name><name><surname>Eastwood</surname><given-names>M.</given-names></name><name><surname>Cooper</surname><given-names>B.</given-names></name><name><surname>Eastwood</surname><given-names>M.</given-names></name></person-group></element-citation></ref><ref id="B2"><element-citation publication-type="book"><source>Sistema Unificado e Descentralizado de Saúde no Estado da Bahia</source><date><year>1987</year></date></element-citation></ref><ref id="B3"><element-citation publication-type="book"><source>Reforma Sanitária: Itália e Brasil</source><date><year>1988</year></date><fpage>179</fpage><lpage>194</lpage><person-group><name><surname>CAMPOS</surname><given-names>G. W. S.</given-names></name><name><surname>Berlinguer</surname><given-names>G.</given-names></name><name><surname>Teixeira</surname><given-names>S. F.</given-names></name><name><surname>Campos</surname><given-names>G. W. S.</given-names></name><name><surname>Berlinguer</surname><given-names>G.</given-names></name><name><surname>Teixeira</surname><given-names>S. F.</given-names></name><name><surname>Campos</surname><given-names>G. W. S.</given-names></name></person-group></element-citation></ref><ref id="B4"><element-citation publication-type="book"><source>A Reforma Sanitária: Bases estratégicas e operacionais para a descentralização e unificação do sistema de saúde</source><person-group><name><surname>CORDEIRO</surname><given-names>H.</given-names></name><name><surname>CORDEIRO</surname><given-names>H.</given-names></name></person-group></element-citation></ref><ref id="B5"><element-citation publication-type="book"><source>Censo Demográfico, 1980</source><date><year>1985</year></date></element-citation></ref><ref id="B6"><element-citation publication-type="article"><article-title>Avaliação dos serviços de saúde do município de Cáceres, MT (Brasil): Contribuições e programação local</article-title><source>Revista de Saúde Pública</source><date><year>1987</year></date><fpage>427</fpage><lpage>438</lpage><volume>21</volume><person-group><name><surname>LOTUFO</surname><given-names>M.</given-names></name><name><surname>DUARTE</surname><given-names>E. C.</given-names></name></person-group></element-citation></ref><ref id="B7"><element-citation publication-type="book"><source>O Sistema Unificado e Descentralizado de Saúde no Atual Contexto da Reforma Sanitária Brasileira</source><date><year>1987</year></date><person-group><name><surname>MENDES</surname><given-names>E. V.</given-names></name><name><surname>MENDES</surname><given-names>E. V.</given-names></name></person-group></element-citation></ref><ref id="B8"><element-citation publication-type="book"><source>Statistical Package For the Social Sciences</source><date><year>1979</year></date><person-group><name><surname>NIE</surname><given-names>N. H.</given-names></name><name><surname>HULL</surname><given-names>H.</given-names></name><name><surname>JENKINS</surname><given-names>J. G.</given-names></name><name><surname>BENT</surname><given-names>D. H.</given-names></name><name><surname>STEINBUNNER</surname><given-names>K.</given-names></name><name><surname>NIE</surname><given-names>N. H.</given-names></name><name><surname>HULL</surname><given-names>H.</given-names></name><name><surname>JENKINS</surname><given-names>J. G.</given-names></name><name><surname>BENT</surname><given-names>D. H.</given-names></name><name><surname>STEINBUNNER</surname><given-names>K.</given-names></name></person-group></element-citation></ref><ref id="B9"><element-citation publication-type="article"><article-title>Sistema Unificado e Descentralizado de Saúde - Suds/Bahia (Sesab/Inamps/Ufba/ Sucam/FSESP) Governo Democrático da Bahia: O que é Reforma Sanitária?</article-title><source>Revista Baiana de Saúde Pública</source><date><year>1987</year></date><fpage>232</fpage><lpage>243</lpage><volume>14</volume><person-group><name><surname>PAIM</surname><given-names>J.</given-names></name></person-group></element-citation></ref><ref id="B10"><element-citation publication-type="book"><source>Reforma Sanitária/Suds/Sus/ Distritos Sanitários, a equação da mudança da saúde na Bahia</source><date><year>1988</year></date><person-group><name><surname>TEIXEIRA</surname><given-names>C. F.</given-names></name><name><surname>TEIXEIRA</surname><given-names>C. F.</given-names></name></person-group></element-citation></ref></ref-list></back></article></articles>