<articles xmlns:xsi="http://www.w3.org/2001/XMLSchema-instance" xsi:schemaLocation="https://raw.githubusercontent.com/scieloorg/articles_meta/master/tests/xsd/scielo_sci/ThomsonReuters_publishing.xsd" dtd-version="1.10"><article lang_id="pt" article-type="research-article"><front><journal-meta><journal-id journal-id-type="publisher">csp</journal-id><journal-title-group><journal-title>Cadernos de Saúde Pública</journal-title><abbrev-journal-title>Cad. Saúde Pública</abbrev-journal-title></journal-title-group><issn>1678-4464</issn><collection>SciELO Brazil</collection><publisher><publisher-name>Escola Nacional de Saúde Pública Sergio Arouca, Fundação Oswaldo Cruz</publisher-name></publisher></journal-meta><article-meta><unique-article-id pub-id-type="publisher-id">S0102-311X1985000300006</unique-article-id><article-id pub-id-type="publisher-id">S0102-311X1985000300006</article-id><article-id pub-id-type="doi">10.1590/S0102-311X1985000300006</article-id><article-categories><subj-group><subject>Health Policy &amp; Services</subject></subj-group></article-categories><title-group><article-title lang_id="pt">Dados de epidemiologia descritiva de transtornos mentais em grupos populacionais do Brasil</article-title></title-group><contrib-group><contrib contrib-type="author"><name><surname>Morgado</surname><given-names>Anastácio Ferreira</given-names></name><role>ND</role><xref ref-type="aff" rid="A01"/></contrib><contrib contrib-type="author"><name><surname>Coutinho</surname><given-names>Evandroda Silva Freire</given-names></name><role>ND</role><xref ref-type="aff" rid="A01"/></contrib></contrib-group><aff id="A01"><institution>Fundação Oswaldo Cruz</institution><country>Brazil</country></aff><pub-date><month>09</month><year>1985</year></pub-date><volume>1</volume><issue>3</issue><fpage>327</fpage><lpage>347</lpage><permissions><license license-type="open-access" href="http://creativecommons.org/licenses/by-nc/4.0/"><license-p>This work is licensed under a Creative Commons Attribution-NonCommercial 4.0 International License.</license-p></license></permissions><self-uri href="http://www.scielo.br/scielo.php?script=sci_arttext&amp;pid=S0102-311X1985000300006&amp;lng=en&amp;tlng=en" content-type="full_text_page"/><self-uri href="http://www.scielo.br/scielo.php?script=sci_issuetoc&amp;pid=0102-311X19850003&amp;lng=en" content-type="issue_page"/><self-uri href="http://www.scielosp.org/scielo.php?script=sci_serial&amp;pid=0102-311X&amp;lng=en" content-type="journal_page"/><abstract lang_id="pt"><p>Neste trabalho são apresentados três tipos de dados sobre transtornos mentais: taxas de prevalência em amostras representativas, taxas de prevalência em estudos de famílias e o indicador de morbidade proporcional isto é, de proporções por diagnóstico entre pacientes internados em hospitais psiquiátricos do Brasil. Em relação a um inquérito epidemiológico, realizado em amostra representativa, a taxa de prevalência total foi de 20%, da qual 3,0%, 14,6%, 0,7%, 1,7% e 0,5% foram de alcoolismo, neuroses, psicoses, oligofrenia e síndrome orgânica do cérebro, respectivamente. A distribuição por sexo mostrou uma clara e esperada predominância de alcoolismo nos homens e de neuroses nas mulheres. Em um estudo voltado para a família de origem (pais e irmãos) de 150 grandes consumidores de drogas, a taxa de prevalência total entre 796 familiares foi de 23,2% As taxas específicas de problemas associados ao álcool, dependência de drogas, psicoses, neuroses, epilepsia, transtorno anti-social da personalidade e outros diagnósticos foram, respectivamente, de 8,4%; 5,3%; 3,1%; 4,0%; 0,8%; 0,9% e 0,8%. Os problemas associados ao álcool predominaram nos pais e neuroses nas mães, enquanto dependência de drogas predominou nos irmãos dos 150 consumidores-índice. O perfil da assistência psiquiátrica brasileira é parcialmente visto através do indicador de proporções de primeiras internações nos hospitais psiquiátricos nacionais. Esse indicador é distribuído por diagnóstico, em série histórica, desde 1940 até 1977. Tais dados mostram que as primeiras internações têm aumentado nas últimas quatro décadas, com maiores proporções dos diagnósticos de esquizofrenia e alcoolismo e dependência de drogas. Há, porém, diferença nas proporções de diagnóstico entre o hospital público e o particular-conveniado; tal diferença e o referido aumento de primeiras internações são de suma importância para os programas da área de Saúde Mental.</p></abstract><trans-abstract lang_id="en"><p>The authors present in this paper three types of data on mental disorders: prevalence rates in representative samples, prevalence rates (primary data) in a family study and the indicators of diagnostics' proportion among the patients admitted to Brazilian psychiatric hospitals. Concerning to one survey carried out over representative samples, the overall prevalence rate was 20%, of which, 3.0%, 14.6%, 0. 7%, 1.1%, and 0.5% were due respectively to alcoholism, neurosis, psychosis, mental deficiency, and organic brain syndrome. The sex distribution has shown an overt but expected excess of alcoholism among the males, and neurosis among the females. In one study related to the original family (parents and siblings) of 150 heavy drug abusers, the overall prevalence rate of mental disorders among 796 relatives of these 150 drug users was 23.2%, of which, 8.4%, 5.3%, 3.1%, 4.0%, 0.8%, 0.9%, and 0.8% were respectively due to alcohol related problems, drug addiction, psychosis, neurosis, epilepsy, antisocial personality and other diagnosis. The alcohol related problems were by far the most frequent among the fathers, drug addiction among the siblings, and neurosis among the mothers of those 150 index-patients. The characteristics of Brazil's psychiatric facilities are partially viewed by means of first admittion's indicator, at psychiatric wards. The proportion through the diagnosis is provided in a time-distribution table from 1940 to 1977. Such data shows that the first admittion rate has increased in the last four decades; the most frequent diagnosis have been schizophrenia, alcoholism and drug addiction. However, between the diagnostic profile of public hospitals and that of private ones, there is an outstanding difference. The former with an increased amount of serious disorders, while the latter shows a great number of lighters ones. Such findings are discussed with an aim of helping Mental Health Planning.</p></trans-abstract></article-meta></front><back><ref-list><ref id="B1"><element-citation publication-type="article"><article-title>Prevalência de desordens mentais em uma área industrial da região metropolitana de Salvador: aspectos metodológicos e achados preliminares</article-title><source>Universitas</source><date><year>1985</year></date><fpage>59</fpage><lpage>72</lpage><volume>32</volume><person-group><name><surname>ALMEIDA FILHO</surname><given-names>N.</given-names></name><name><surname>SANTANA</surname><given-names>V.S.</given-names></name><name><surname>COUTINHO</surname><given-names>D.M.</given-names></name><name><surname>AGUIAR</surname><given-names>W.</given-names></name><name><surname>ANTONISSEN</surname><given-names>D.</given-names></name></person-group></element-citation></ref><ref id="B2"><element-citation publication-type="article"><article-title>Atividades da seção de cooperação do SNDM: dados estatísticos</article-title><source>Arq. Serv. Nac. Doenç. Ment.</source><date><year>1955</year></date><fpage>247</fpage><lpage>51</lpage><issue>4</issue><volume>4</volume><person-group><name><surname>ARAÚJO</surname><given-names>D.</given-names></name></person-group></element-citation></ref><ref id="B3"><element-citation publication-type="article"><source>Neurobiol.</source><date><year>1984</year></date><fpage>243</fpage><lpage>60</lpage><issue>4</issue><volume>47</volume><person-group><name><surname>ASSUNÇÃO FILHO</surname><given-names>A.</given-names></name><name><surname>AMORIM</surname><given-names>E.M.S.</given-names></name><name><surname>CUNHA</surname><given-names>M.C.</given-names></name><name><surname>SOUGEY</surname><given-names>E.B.</given-names></name><name><surname>ASSUNÇÃO FILHO</surname><given-names>A.</given-names></name><name><surname>AMORIM</surname><given-names>E.M.S.</given-names></name><name><surname>CUNHA</surname><given-names>M.C.</given-names></name><name><surname>SOUGEY</surname><given-names>E.B.</given-names></name></person-group></element-citation></ref><ref id="B4"><element-citation publication-type="article"><article-title>Case identification in psychiatric epidemiology: methods and problems</article-title><source>Milb. Mem. Fund. Quart.</source><date><year>1962</year></date><fpage>253</fpage><lpage>88</lpage><volume>40</volume><person-group><name><surname>BLUM</surname><given-names>R.H.</given-names></name></person-group></element-citation></ref><ref id="B5"><element-citation publication-type="article"><article-title>Atividades do Serviço Nacional de Doenças Mentais em 1951, 1952 e 1953</article-title><source>Arq. Serv. Nac. D. Ment.</source><date><year>1955</year></date><fpage>192</fpage><lpage>246</lpage><issue>4</issue><volume>4</volume><person-group><name><surname>BOTELHO</surname><given-names>A.</given-names></name></person-group></element-citation></ref><ref id="B6"><element-citation publication-type="article"><article-title>Admisiones de primer ingreso a los servicios psiquiátricos en Brasil</article-title><source>Bol. Of. Sanit. Panam.</source><date><year>1982</year></date><fpage>103</fpage><lpage>17</lpage><issue>2</issue><volume>92</volume><person-group><name><surname>CAETANO</surname><given-names>R.</given-names></name></person-group></element-citation></ref><ref id="B7"><element-citation publication-type="article"><article-title>Contribuição para o estudo da incidência das doenças mentais na cidade de São Paulo</article-title><source>Bol. Centro Est. Franco da Rocha</source><date><year>1968</year></date><fpage>7</fpage><lpage>10</lpage><issue>3</issue><volume>4</volume><person-group><name><surname>CARDOSO</surname><given-names>W.</given-names></name><name><surname>OLIVEIRA NETO</surname><given-names>E.M.</given-names></name><name><surname>SOLINGER</surname><given-names>L.A.C.</given-names></name></person-group></element-citation></ref><ref id="B8"><element-citation publication-type="article"><article-title>Uma avaliação do sistema Ambulatório-Hospital Psiquiátrico do INPS no qüinqüênio 1971/75</article-title><source>R. Assoc. Bras. Psiquiat.</source><date><year>1980</year></date><fpage>19</fpage><lpage>64</lpage><issue>1</issue><volume>2</volume><person-group><name><surname>CERQUEIRA</surname><given-names>L.</given-names></name></person-group></element-citation></ref><ref id="B9"><element-citation publication-type="thesis"><source>Prevalência de doenças mentais em uma comunidade marginal: um estudo do Maciel, Salvador</source><date><year>1976</year></date><person-group><name><surname>COUTINHO</surname><given-names>D.M.</given-names></name><name><surname>COUTINHO</surname><given-names>D.M.</given-names></name></person-group></element-citation></ref><ref id="B10"><element-citation publication-type="article"><article-title>The problem of validity in field studies of psychological discorders</article-title><source>J. Abn. Psychol</source><date><year>1965</year></date><fpage>52</fpage><lpage>69</lpage><issue>1</issue><volume>70</volume><person-group><name><surname>DOHRENWEND</surname><given-names>B.P.</given-names></name><name><surname>DOHRENWEND</surname><given-names>B.S.</given-names></name></person-group></element-citation></ref><ref id="B11"><element-citation publication-type="article"><article-title>Prevalência dos distúrbios psiquiátrico-sociais no município de Fortaleza</article-title><source>R. Assoc. Bras. Psiquiat.</source><date><year>1977</year></date><fpage>27</fpage><lpage>31</lpage><issue>1</issue><volume>1</volume><person-group><name><surname>FROTA PINTO</surname><given-names>G.</given-names></name></person-group></element-citation></ref><ref id="B12"><element-citation publication-type="book"><source>A prospective study of the incidence of mental disorders</source><date><year>1966</year></date><fpage>175</fpage><person-group><name><surname>HAGNELL</surname><given-names>O.</given-names></name><name><surname>HAGNELL</surname><given-names>O.</given-names></name></person-group></element-citation></ref><ref id="B13"><element-citation publication-type="article"><article-title>Contribuição ao estudo da distribuição geográfica de psicopatas em Pernambuco</article-title><source>Neurobiol.</source><date><year>1951</year></date><fpage>207</fpage><lpage>15</lpage><issue>3</issue><volume>14</volume><person-group><name><surname>LIMA NETO</surname><given-names>L.I.A.</given-names></name></person-group></element-citation></ref><ref id="B14"><element-citation publication-type="book"><source>Epidemiologia das doenças mentais</source><date><year>1980</year></date><fpage>23</fpage><lpage>49</lpage><person-group><name><surname>MADALENA</surname><given-names>J.C.</given-names></name><name><surname>MADALENA</surname><given-names>J.C.</given-names></name><name><surname>MADALENA</surname><given-names>J.C.</given-names></name></person-group></element-citation></ref><ref id="B15"><element-citation publication-type="article"><article-title>Estimating the prevalence of mental illness</article-title><source>Am. Sociol. Rev.</source><date><year>1964</year></date><fpage>84</fpage><lpage>9</lpage><volume>29</volume><person-group><name><surname>MANIS</surname><given-names>J.G.</given-names></name><name><surname>BRAWER</surname><given-names>M.J.</given-names></name><name><surname>HUNT</surname><given-names>C.L.</given-names></name><name><surname>HERCHER</surname><given-names>L.C.</given-names></name></person-group></element-citation></ref><ref id="B16"><element-citation publication-type="article"><article-title>Estudo comparativo da incidência de psicopatas em famílias de pacientes psiquiátricos e da população geral</article-title><source>Neurobiol.</source><date><year>1971</year></date><fpage>187</fpage><lpage>90</lpage><issue>4</issue><volume>34</volume><person-group><name><surname>MEDEIROS</surname><given-names>T.A.</given-names></name><name><surname>OLIVEIRA</surname><given-names>M.G.L.</given-names></name><name><surname>BARROS</surname><given-names>J.F.S.</given-names></name></person-group></element-citation></ref><ref id="B17"><element-citation publication-type="thesis"><source>Dependência de drogas: descrição de uma pesquisa empírica e revisão de alguns aspectos relevantes para sua prevenção</source><date><year>1983</year></date><fpage>281</fpage><person-group><name><surname>MORGADO</surname><given-names>A.F.</given-names></name><name><surname>MORGADO</surname><given-names>A.F.</given-names></name></person-group></element-citation></ref><ref id="B18"><element-citation publication-type="book"><source>Pesquisa sobre epidemiologia psiquiátrica em Messejana</source><date><year>1981</year></date><fpage>121</fpage><person-group><name><surname>MOURA FÉ</surname><given-names>N.</given-names></name><name><surname>SAMPAIO</surname><given-names>J.J.C.</given-names></name><name><surname>MOURA FÉ</surname><given-names>N.</given-names></name><name><surname>SAMPAIO</surname><given-names>J.J.C.</given-names></name></person-group></element-citation></ref><ref id="B19"><element-citation publication-type="article"><article-title>Estudo estatístico das doenças mentais em 400 primeiros internados em casa de saúde particular</article-title><source>Neurobiol.</source><date><year>1977</year></date><fpage>497</fpage><lpage>504</lpage><issue>4</issue><volume>3</volume><person-group><name><surname>PERNAMBUCANO</surname><given-names>U.</given-names></name><name><surname>DI LASCIO</surname><given-names>A.</given-names></name></person-group></element-citation></ref><ref id="B20"><element-citation publication-type="article"><article-title>Alguns aspectos da incidência das moléstias mentais no Estado de São Paulo</article-title><source>Arq. Assist. Psicop. Est. S. Paulo</source><date><year>1943</year></date><fpage>299</fpage><lpage>333</lpage><issue>3</issue><volume>8</volume><person-group><name><surname>PINTO CESAR</surname><given-names>E.</given-names></name></person-group></element-citation></ref><ref id="B21"><element-citation publication-type="article"><article-title>Alcoholism: methodological considerations in the study of family illness</article-title><source>Am. J. Ortopsychiat.</source><date><year>1969</year></date><fpage>760</fpage><lpage>8</lpage><issue>5</issue><volume>39</volume><person-group><name><surname>RIMMER</surname><given-names>J.</given-names></name><name><surname>CHAMBERS</surname><given-names>D.S.</given-names></name></person-group></element-citation></ref><ref id="B22"><element-citation publication-type="book"><source>Estudo epidemiológico das doenças mentais em um bairro de Salvador</source><date><year>1982</year></date><fpage>139</fpage><person-group><name><surname>SANTANA</surname><given-names>V.S.</given-names></name><name><surname>SANTANA</surname><given-names>V.S.</given-names></name></person-group></element-citation></ref><ref id="B23"><element-citation publication-type="book"><source>Mental health in the metropolis: the midtown study</source><date><year>1962</year></date><volume>1</volume><person-group><name><surname>SROLE</surname><given-names>L.</given-names></name><name><surname>LANGNER</surname><given-names>T.S.</given-names></name><name><surname>MICHAEL</surname><given-names>S.T.</given-names></name><name><surname>OPLER</surname><given-names>M.K.</given-names></name><name><surname>RENNIE</surname><given-names>T.A.</given-names></name><name><surname>SROLE</surname><given-names>L.</given-names></name><name><surname>LANGNER</surname><given-names>T.S.</given-names></name><name><surname>MICHAEL</surname><given-names>S.T.</given-names></name><name><surname>OPLER</surname><given-names>M.K.</given-names></name><name><surname>RENNIE</surname><given-names>T.A.</given-names></name></person-group></element-citation></ref><ref id="B24"><element-citation publication-type="article"><article-title>Pesquisas sobre anormalidades psíquicas no Distrito Federal</article-title><source>Brasília Med.</source><date><year>1968</year></date><fpage>38</fpage><lpage>54</lpage><issue>3</issue><volume>2</volume><person-group><name><surname>VALENTE</surname><given-names>M.A.P.</given-names></name></person-group></element-citation></ref><ref id="B25"><element-citation publication-type="article"><article-title>Sex differences in rates of mental disorders</article-title><source>Int. J. Ment. Health</source><date><year>1982</year></date><fpage>9</fpage><lpage>45</lpage><issue>1</issue><volume>1</volume><person-group><name><surname>VON ZERSSEN</surname><given-names>D.</given-names></name><name><surname>WEYERER</surname><given-names>S.</given-names></name></person-group></element-citation></ref><ref id="B26"><element-citation publication-type="article"><article-title>Case Definition and case identification in Psichiatric epidemiology Psychol</article-title><source>Med.</source><date><year>1980</year></date><fpage>101</fpage><lpage>14</lpage><volume>10</volume><person-group><name><surname>WILLIANS</surname><given-names>P.</given-names></name><name><surname>TARNOPOLSKY</surname><given-names>A.</given-names></name><name><surname>HAND</surname><given-names>D.</given-names></name></person-group></element-citation></ref></ref-list></back></article></articles>