<articles xmlns:xsi="http://www.w3.org/2001/XMLSchema-instance" xsi:schemaLocation="https://raw.githubusercontent.com/scieloorg/articles_meta/master/tests/xsd/scielo_sci/ThomsonReuters_publishing.xsd" dtd-version="1.10"><article lang_id="pt" article-type="research-article"><front><journal-meta><journal-id journal-id-type="publisher">csp</journal-id><journal-title-group><journal-title>Cadernos de Saúde Pública</journal-title><abbrev-journal-title>Cad. Saúde Pública</abbrev-journal-title></journal-title-group><issn>1678-4464</issn><collection>SciELO Public Health</collection><publisher><publisher-name>Escola Nacional de Saúde Pública Sergio Arouca, Fundação Oswaldo Cruz</publisher-name></publisher></journal-meta><article-meta><unique-article-id pub-id-type="publisher-id">S0102-311X1991000200002</unique-article-id><article-id pub-id-type="publisher-id">S0102-311X1991000200002</article-id><article-id pub-id-type="doi">10.1590/S0102-311X1991000200002</article-id><article-categories><subj-group><subject>Health Policy &amp; Services</subject></subj-group></article-categories><title-group><article-title lang_id="pt">História da parturição no Brasil, século XIX</article-title></title-group><contrib-group><contrib contrib-type="author"><name><surname>Brenes</surname><given-names>Anayansi Correa</given-names></name><role>ND</role><xref ref-type="aff" rid="A01"/></contrib></contrib-group><aff id="A01"><institution>UFMG</institution><country>Brazil</country></aff><pub-date><month>06</month><year>1991</year></pub-date><volume>7</volume><issue>2</issue><fpage>135</fpage><lpage>149</lpage><permissions><license license-type="open-access" href="http://creativecommons.org/licenses/by/4.0/"><license-p>This work is licensed under a Creative Commons Attribution 4.0 International License.</license-p></license></permissions><self-uri href="http://www.scielosp.org/scielo.php?script=sci_arttext&amp;pid=S0102-311X1991000200002&amp;lng=en&amp;tlng=en" content-type="full_text_page"/><self-uri href="http://www.scielosp.org/scielo.php?script=sci_issuetoc&amp;pid=0102-311X19910002&amp;lng=en" content-type="issue_page"/><self-uri href="http://www.scielosp.org/scielo.php?script=sci_serial&amp;pid=0102-311X&amp;lng=en" content-type="journal_page"/><abstract lang_id="pt"><p>A presente pesquisa objetivou resgatar as particularidades da constituição da Arte Obstétrica no Brasil do século XIX, quando, por edital de Dom João VI, é incluída nas disciplinas que inauguram as escolas de medicina e cirurgia, na Bahia e Rio de Janeiro, em 1808. Para realizar a pesquisa foram revistas 83 teses médicas obstétricas - produzidas tanto na Bahia quanto no Rio de Janeiro - no século XIX. Verificou-se que, tradicionalmente, esta Arte era realizada por mulheres denominadas "aparadeiras" ou "comadres", que assistiam as mulheres, seja no trabalho de parto e nos cuidados pré e pós-parto, quanto em outras circunstâncias, tais como doenças venéreas e abortos. A entrada dos médicos-parteiros nesta prática inaugurou, não só o esquadrinhamento do corpo feminino, como a produção de um saber anatômico e fisiológico da mulher, a partir do olhar masculino.</p></abstract><trans-abstract lang_id="en"><p>This research aimed at recovering the peculiarities of the development of Obstetrical Art in Brazil during XIX century, starting in 1808, when a legal act signed by D. João VI included this discipline in the initial curriculum of the schools of medicine and surgery founded in Bahia and Rio de Janeiro. Research was undertaken through the review of 83 medical theses in the field of Obstetrics, produced in Bahia and Rio de Janeiro in XIX century. The data showed that Obstetrical Art was traditionally performed by women called "aparadeiras" (catchers) or "comadres", who cared for women before, during and after delivery, and provided assistance in other situations, like venereal diseases and abortion. The inclusion of physicians-obstetricians in this practice led not only to a scrutinizing of the female body, but also to the production of an anatomical and physiological knowledge of the female organism from a male standpoint.</p></trans-abstract></article-meta></front><back><ref-list><ref id="B1"><element-citation publication-type="book"><source>Obstetrícia normal</source><date><year>1971</year></date><person-group><name><surname>BRIQUET</surname><given-names>R.</given-names></name><name><surname>BRIQUET</surname><given-names>R.</given-names></name></person-group></element-citation></ref></ref-list></back></article></articles>