<articles xmlns:xsi="http://www.w3.org/2001/XMLSchema-instance" xsi:schemaLocation="https://raw.githubusercontent.com/scieloorg/articles_meta/master/tests/xsd/scielo_sci/ThomsonReuters_publishing.xsd" dtd-version="1.10"><article lang_id="pt" article-type="research-article"><front><journal-meta><journal-id journal-id-type="publisher">csp</journal-id><journal-title-group><journal-title>Cadernos de Saúde Pública</journal-title><abbrev-journal-title>Cad. Saúde Pública</abbrev-journal-title></journal-title-group><issn>1678-4464</issn><collection>SciELO Public Health</collection><publisher><publisher-name>Escola Nacional de Saúde Pública Sergio Arouca, Fundação Oswaldo Cruz</publisher-name></publisher></journal-meta><article-meta><unique-article-id pub-id-type="publisher-id">S0102-311X1985000400002</unique-article-id><article-id pub-id-type="publisher-id">S0102-311X1985000400002</article-id><article-id pub-id-type="doi">10.1590/S0102-311X1985000400002</article-id><article-categories><subj-group><subject>Health Policy &amp; Services</subject></subj-group></article-categories><title-group><article-title lang_id="pt">Política social e democracia: reflexões sobre o legado da seguridade social</article-title></title-group><contrib-group><contrib contrib-type="author"><name><surname>Teixeira</surname><given-names>Sonia Maria Fleury</given-names></name><role>ND</role><xref ref-type="aff" rid="A01"/><xref ref-type="aff" rid="A02"/></contrib></contrib-group><aff id="A01"><institution>Fundação Getúlio Vargas</institution></aff><aff id="A02"><institution>FIOCRUZ</institution></aff><pub-date><month>12</month><year>1985</year></pub-date><volume>1</volume><issue>4</issue><fpage>400</fpage><lpage>417</lpage><permissions><license license-type="open-access" href="http://creativecommons.org/licenses/by/4.0/"><license-p>This work is licensed under a Creative Commons Attribution 4.0 International License.</license-p></license></permissions><self-uri href="http://www.scielosp.org/scielo.php?script=sci_arttext&amp;pid=S0102-311X1985000400002&amp;lng=en&amp;tlng=en" content-type="full_text_page"/><self-uri href="http://www.scielosp.org/scielo.php?script=sci_issuetoc&amp;pid=0102-311X19850004&amp;lng=en" content-type="issue_page"/><self-uri href="http://www.scielosp.org/scielo.php?script=sci_serial&amp;pid=0102-311X&amp;lng=en" content-type="journal_page"/><abstract lang_id="pt"><p>O artigo procura abordar o campo das políticas sociais a partir do desenvolvimento da cidadania, compreendida como a pauta de direitos e deveres que se estabelece entre aqueles aos quais se atribui a condição de cidadão e seu Estado. Neste sentido, a autora procura demonstrar que as políticas sociais são intervenções estatais condicionadas pela demanda existente e pelo contexto histórico no qual emergem. Desta forma, podem assumir diferentes modalidades, como a assistência social, o seguro social e o Estado do Bem-Estar Social. O predomínio de uma ou outra destas modalidades em cada sociedade, configurou distintos padrões de intervenção estatal no trato das questões sociais nos países mais desenvolvidos, que se diferenciam em função da maior ou menor justiça e eqüidade dos sistemas prestadores de serviços sociais. Na América Latina, o desenvolvimento das políticas sociais enfrentou problemáticas específicas que são analisadas pela autora.</p></abstract><trans-abstract lang_id="en"><p>The article tends to approach the social political field from the citizenship development. As it is understood the roll of the rights and duties is established among the citizens whose condition is confered. In this way, the author tries to show that the social politics are state's interventions conditioned by the existent necessity and from the historical context in which they arise. Thus, they can assume different forms such as the social assistance, social security and the state social welfare. The predominancy of either one of these forms in each society has shaped different models of state's intervention refering to the social questions, in more developed countries which differ according to the major or minor justice and impartiality of the social services advantageous systems. In Latin America, the development of social policies faced specific problems that are analysed by the author.</p></trans-abstract></article-meta></front><back><ref-list><ref id="B1"><element-citation publication-type="book"><source>The politics of Social Welfare in Latin America</source><date><year>1982</year></date><person-group><name><surname>ABRANCHES</surname><given-names>S.</given-names></name><name><surname>ABRANCHES</surname><given-names>S.</given-names></name></person-group></element-citation></ref></ref-list></back></article></articles>