<articles xmlns:xsi="http://www.w3.org/2001/XMLSchema-instance" xsi:schemaLocation="https://raw.githubusercontent.com/scieloorg/articles_meta/master/tests/xsd/scielo_sci/ThomsonReuters_publishing.xsd" dtd-version="1.10"><article lang_id="pt" article-type="research-article"><front><journal-meta><journal-id journal-id-type="publisher">csp</journal-id><journal-title-group><journal-title>Cadernos de Saúde Pública</journal-title><abbrev-journal-title>Cad. Saúde Pública</abbrev-journal-title></journal-title-group><issn>1678-4464</issn><collection>SciELO Public Health</collection><publisher><publisher-name>Escola Nacional de Saúde Pública Sergio Arouca, Fundação Oswaldo Cruz</publisher-name></publisher></journal-meta><article-meta><unique-article-id pub-id-type="publisher-id">S0102-311X1988000100003</unique-article-id><article-id pub-id-type="publisher-id">S0102-311X1988000100003</article-id><article-id pub-id-type="doi">10.1590/S0102-311X1988000100003</article-id><article-categories><subj-group><subject>Health Policy &amp; Services</subject></subj-group></article-categories><title-group><article-title lang_id="pt">Proposições para o estudo da relação entre política, burocracia e administração no setor saúde brasileiro</article-title></title-group><contrib-group><contrib contrib-type="author"><name><surname>Labra</surname><given-names>Maria Eliana</given-names></name><role>ND</role><xref ref-type="aff" rid="A01"/></contrib></contrib-group><aff id="A01"><institution>FIOCRUZ</institution><country>Brazil</country></aff><pub-date><month>03</month><year>1988</year></pub-date><volume>4</volume><issue>1</issue><fpage>33</fpage><lpage>48</lpage><permissions><license license-type="open-access" href="http://creativecommons.org/licenses/by/4.0/"><license-p>This work is licensed under a Creative Commons Attribution 4.0 International License.</license-p></license></permissions><self-uri href="http://www.scielosp.org/scielo.php?script=sci_arttext&amp;pid=S0102-311X1988000100003&amp;lng=en&amp;tlng=en" content-type="full_text_page"/><self-uri href="http://www.scielo.br/scielo.php?script=sci_issuetoc&amp;pid=0102-311X19880001&amp;lng=en" content-type="issue_page"/><self-uri href="http://www.scielosp.org/scielo.php?script=sci_serial&amp;pid=0102-311X&amp;lng=en" content-type="journal_page"/><abstract lang_id="pt"><p>O artigo divide-se em três seções: Primeiro, discute a necessidade de considerar a dimensão política no diagnóstico institucional, na medida em que, na trajetória das decisões e ações governamentais, predomina a lógica da luta de interesses conflitantes em torno da conquista de espaços de poder na burocracia estatal, sobre a lógica neutra da racionalidade técnico-administrativa do planejamento. Segundo, examina o conceito de burocracia, tentando mostrar, à luz de diversas interpretações teóricas, as múltiplas possibilidades de análise que se abrem para o estudo da administração pública brasileira. Terceiro, enfoca a "'burocracia sanitária" como unidade de análise suscetível de ser pesquisada e entendida,utilizando-se o referencial teórico já discutido. Pondera-se, finalmente, a relevância da abordagem política da administração de saúde, tanto em relação à investigação e à docência quanto no desenho de planos tático-operacionais viabilizadores de Reforma Sanitária.</p></abstract><trans-abstract lang_id="en"><p>This article discusses: First, the importance of including the political dimension in the institutional diagnose, since the rationale of governmental decisions and actins is that of the conflictant interest e struggle for spaces of power in side the state bureaucracy rather than the logics of rational and neutral technical-administrative plans. Second reviews the concept o f bureaucracy from different theoretical approaches so as to show new analytical possibilities for public administration studies. Third, focuses "sanitary bureaucracy" as an analytical unity to be investigated and understood at the lights of the conceptual framework already discussed. Finally, points out the relevance of the approach not only for public health administration research and teaching but also for designing tactical-operational plans to viabilize the Brazilian Sanitary Reform.</p></trans-abstract></article-meta></front><back><ref-list><ref id="B1"><element-citation publication-type="book"><source>A alternativa: Para uma crítica do socialismo real</source><date><year>1980</year></date><person-group><name><surname>BAHRO</surname><given-names>Rudolf</given-names></name><name><surname>BAHRO</surname><given-names>Rudolf</given-names></name></person-group></element-citation></ref></ref-list></back></article></articles>