<articles xmlns:xsi="http://www.w3.org/2001/XMLSchema-instance" xsi:schemaLocation="https://raw.githubusercontent.com/scieloorg/articles_meta/master/tests/xsd/scielo_sci/ThomsonReuters_publishing.xsd" dtd-version="1.10"><article lang_id="pt" article-type="research-article"><front><journal-meta><journal-id journal-id-type="publisher">csp</journal-id><journal-title-group><journal-title>Cadernos de Saúde Pública</journal-title><abbrev-journal-title>Cad. Saúde Pública</abbrev-journal-title></journal-title-group><issn>1678-4464</issn><collection>SciELO Public Health</collection><publisher><publisher-name>Escola Nacional de Saúde Pública Sergio Arouca, Fundação Oswaldo Cruz</publisher-name></publisher></journal-meta><article-meta><unique-article-id pub-id-type="publisher-id">S0102-311X1990000100006</unique-article-id><article-id pub-id-type="publisher-id">S0102-311X1990000100006</article-id><article-id pub-id-type="doi">10.1590/S0102-311X1990000100006</article-id><article-categories><subj-group><subject>Health Policy &amp; Services</subject></subj-group></article-categories><title-group><article-title lang_id="pt">Avaliação da qualidade dos serviços de saúde: notas bibliográficas</article-title></title-group><contrib-group><contrib contrib-type="author"><name><surname>Reis</surname><given-names>Eduardo J. F. B. dos</given-names></name><role>ND</role><xref ref-type="aff" rid="A01"/></contrib><contrib contrib-type="author"><name><surname>Santos</surname><given-names>Fausto P. dos</given-names></name><role>ND</role><xref ref-type="aff" rid="A01"/></contrib><contrib contrib-type="author"><name><surname>Campos</surname><given-names>Francisco Eduardo de</given-names></name><role>ND</role><xref ref-type="aff" rid="A02"/></contrib><contrib contrib-type="author"><name><surname>Acúrcio</surname><given-names>Francisco de Assis</given-names></name><role>ND</role><xref ref-type="aff" rid="A01"/></contrib><contrib contrib-type="author"><name><surname>Leite</surname><given-names>Marcelo T. T.</given-names></name><role>ND</role><xref ref-type="aff" rid="A01"/></contrib><contrib contrib-type="author"><name><surname>Leite</surname><given-names>Maria Léa C.</given-names></name><role>ND</role><xref ref-type="aff" rid="A01"/></contrib><contrib contrib-type="author"><name><surname>Cherchiglia</surname><given-names>Mariangela L.</given-names></name><role>ND</role><xref ref-type="aff" rid="A01"/></contrib><contrib contrib-type="author"><name><surname>Santos</surname><given-names>Max A. dos</given-names></name><role>ND</role><xref ref-type="aff" rid="A01"/></contrib></contrib-group><aff id="A02"><institution>UFMG</institution><country>Brazil</country></aff><aff id="A01"><institution>Nescon</institution><country>Brazil</country></aff><pub-date><month>03</month><year>1990</year></pub-date><volume>6</volume><issue>1</issue><fpage>50</fpage><lpage>61</lpage><permissions><license license-type="open-access" href="http://creativecommons.org/licenses/by/4.0/"><license-p>This work is licensed under a Creative Commons Attribution 4.0 International License.</license-p></license></permissions><self-uri href="http://www.scielosp.org/scielo.php?script=sci_arttext&amp;pid=S0102-311X1990000100006&amp;lng=en&amp;tlng=en" content-type="full_text_page"/><self-uri href="http://www.scielosp.org/scielo.php?script=sci_issuetoc&amp;pid=0102-311X19900001&amp;lng=en" content-type="issue_page"/><self-uri href="http://www.scielosp.org/scielo.php?script=sci_serial&amp;pid=0102-311X&amp;lng=en" content-type="journal_page"/><abstract lang_id="pt"><p>No momento em que se discute a reorganização dos serviços de saúde no Brasil, a avaliação da qualidade destes serviços ganha importância. Nesta revisão, buscamos os antecedentes históricos da avaliação dos serviços de saúde e apresentamos as propostas contemporâneas de sistematização da avaliação de qualidade. Através da análise dos trabalhos revisados, identificamos duas grandes linhas metodológicas de acordo com seu objeto de estudo: Estudos Corporativos Racionalizadores e Estudos Antropossociais. A maioria destes se referenciam nos trabalhos desenvolvidos por Avedis Donabedian, autor que, nos últimos vinte anos, vem desenvolvendo estudos de avaliação dos serviços de saúde.</p></abstract><trans-abstract lang_id="en"><p>Quality assessment and evaluation becomes an issue of raising concern as the re-organization of health services in Brazil has been discussed. In this review, we search for the historical background of health services evaluation and present the contemporary proposals for a systematic quality evaluation. The analyses of the studies reviewed show two major methodological trends in this area: the Rationalizing-Corporative and the Antropological-Social Studies. Most of both types of studies derive from the work on health services evaluation developed during the last twenty years by Avedis Donabedian.</p></trans-abstract></article-meta></front><back><ref-list><ref id="B1"><element-citation publication-type="article"><article-title>The National Profile of Acess to Medical Care: Where do We Stand?</article-title><source>Am. J. Public Health</source><date><year>1984</year></date><fpage>1331</fpage><lpage>39</lpage><issue>12</issue><volume>74</volume><person-group><name><surname>ADAY</surname><given-names>Lu Ann</given-names></name><name><surname>ANDERSEN</surname><given-names>Ronald M.</given-names></name></person-group></element-citation></ref></ref-list></back></article></articles>