<articles xmlns:xsi="http://www.w3.org/2001/XMLSchema-instance" xsi:schemaLocation="https://raw.githubusercontent.com/scieloorg/articles_meta/master/tests/xsd/scielo_sci/ThomsonReuters_publishing.xsd" dtd-version="1.10"><article lang_id="pt" article-type="research-article"><front><journal-meta><journal-id journal-id-type="publisher">csp</journal-id><journal-title-group><journal-title>Cadernos de Saúde Pública</journal-title><abbrev-journal-title>Cad. Saúde Pública</abbrev-journal-title></journal-title-group><issn>1678-4464</issn><collection>SciELO Brazil</collection><publisher><publisher-name>Escola Nacional de Saúde Pública Sergio Arouca, Fundação Oswaldo Cruz</publisher-name></publisher></journal-meta><article-meta><unique-article-id pub-id-type="publisher-id">S0102-311X1990000200002</unique-article-id><article-id pub-id-type="publisher-id">S0102-311X1990000200002</article-id><article-id pub-id-type="doi">10.1590/S0102-311X1990000200002</article-id><article-categories><subj-group><subject>Health Policy &amp; Services</subject></subj-group></article-categories><title-group><article-title lang_id="pt">A acupuntura no ocidente</article-title></title-group><contrib-group><contrib contrib-type="author"><name><surname>Palmeira</surname><given-names>Guido</given-names></name><role>ND</role><xref ref-type="aff" rid="A01"/></contrib></contrib-group><aff id="A01"><institution>Fundação Oswaldo Cruz</institution><country>Brazil</country></aff><pub-date><month>06</month><year>1990</year></pub-date><volume>6</volume><issue>2</issue><fpage>117</fpage><lpage>128</lpage><permissions><license license-type="open-access" href="http://creativecommons.org/licenses/by-nc/4.0/"><license-p>This work is licensed under a Creative Commons Attribution-NonCommercial 4.0 International License.</license-p></license></permissions><self-uri href="http://www.scielo.br/scielo.php?script=sci_arttext&amp;pid=S0102-311X1990000200002&amp;lng=en&amp;tlng=en" content-type="full_text_page"/><self-uri href="http://www.scielo.br/scielo.php?script=sci_issuetoc&amp;pid=0102-311X19900002&amp;lng=en" content-type="issue_page"/><self-uri href="http://www.scielosp.org/scielo.php?script=sci_serial&amp;pid=0102-311X&amp;lng=en" content-type="journal_page"/><abstract lang_id="pt"><p>O reconhecimento da eficácia da acupuntura não depende da demonstração empírica de seus resultados. Problemas metodológicos e conceituais dificultam o estabelecimento de seu valor terapêutico, com base na ciência ocidental moderna. Por outro lado, o crescimento da demanda e da oferta de terapias alternativas (entre elas a acupuntura) implica uma certa legitimação, que depende mais do reconhecimento da utilidade dessas práticas, do que da demonstração de sua cientificidade. A crise da "medicina científica' e de seu paradigma mecanicista pode ser um dos fatores responsáveis pela maior aceitação da acupuntura no Ocidente. Se isto é verdade, os estudos científicos sobre acupuntura serão de pouca utilidade, enquanto persistirem em negar a possibilidade de uma medicina que tem a sua lógica própria, diferente daquela da ciência ocidental. Talvez a maior colaboração que o Oriente possa trazer à medicina ocidental não esteja na sua técnica, mas no seu saber. No entanto, é apenas através da compreensão da cultura e da civilização chinesas, da aceitação de que Yin e Yang se organizam em um sistema coerente, que o saber tradicional pode ser realmente apreendido.</p></abstract><trans-abstract lang_id="en"><p>The recognition of acupuncture's effectiveness doesn't depend on the empirical demonstration of its results. There are methodological and conceptual barriers to the establishment of its therapeutical value, on a scientific basis. On the other hand, the increase of demand and supply of alternative therapies implies in a certain legitimation, which depends rather on the recognition of the utility of these practices, than on the demonstration of its scientific status. The crisis of the "scientific medicine" and its mechanistic paradigm may be one of the factors influencing the acceptation of acupuncture in the West. If this is true, scientific studies on acupuncture won't be very useful unless they admit the possibility of a medicine which has its own logic, different from the western science. Perhaps the greatest contribution brought by the East to the western medicine is its knowledge, and not its technique. But it's only through the understanding of the chinese culture and civilization, the acceptance that Yin and Yang form a coherent system, that the tradicional knowledge can be really seized.</p></trans-abstract></article-meta></front><back><ref-list><ref id="B1"><element-citation publication-type="book"><source>Uma ciência exata</source><date><month>12</month><year>1979</year></date><person-group><name><surname>BLAND</surname><given-names>J.</given-names></name><name><surname>BLAND</surname><given-names>J.</given-names></name></person-group></element-citation></ref><ref id="B2"><element-citation publication-type="article"><article-title>Integration of traditional chinese medicine with western medicine: right or wrong?</article-title><source>Soc. Sci. Med.</source><date><year>1988</year></date><issue>5</issue><volume>27</volume><person-group><name><surname>FENG</surname><given-names>Cai Jing</given-names></name></person-group></element-citation></ref><ref id="B3"><element-citation publication-type="book"><source>O ponto de mutação</source><date><year>1986</year></date><person-group><name><surname>CAPRA</surname><given-names>F.</given-names></name><name><surname>CAPRA</surname><given-names>F.</given-names></name></person-group></element-citation></ref><ref id="B4"><element-citation publication-type="book"><source>Curso rápido de acupuntura</source><date><year>1982</year></date><person-group><name><surname>CINTRACT</surname><given-names>M.</given-names></name><name><surname>CINTRACT</surname><given-names>M.</given-names></name></person-group></element-citation></ref><ref id="B5"><element-citation publication-type="book"><source>La pensée chinoise</source><date><year>1968</year></date><person-group><name><surname>GRANET</surname><given-names>M.</given-names></name><name><surname>GRANET</surname><given-names>M.</given-names></name></person-group></element-citation></ref><ref id="B6"><element-citation publication-type="book"><source>Novas esperanças</source><date><month>12</month><year>1979</year></date><person-group><name><surname>MING</surname><given-names>Huan Xing</given-names></name><name><surname>MING</surname><given-names>Huan Xing</given-names></name></person-group></element-citation></ref><ref id="B7"><element-citation publication-type="book"><source>O assunto da moda</source><date><month>12</month><year>1979</year></date><person-group><name><surname>KAO</surname><given-names>F.</given-names></name><name><surname>KAO</surname><given-names>F.</given-names></name></person-group></element-citation></ref><ref id="B8"><element-citation publication-type="article"><article-title>Can we assess the effects of acupuncture?</article-title><source>British Medical Journal</source><date><month>05</month><year>1984</year></date><issue>19</issue><volume>288</volume><person-group><name><surname>LEWITH</surname><given-names>G. T.</given-names></name></person-group></element-citation></ref><ref id="B9"><element-citation publication-type="article"><article-title>Problems in the evaluation of alternative medicine</article-title><source>Soc. Sci. Med.</source><date><year>1987</year></date><issue>6</issue><volume>25</volume><person-group><name><surname>PATEL</surname><given-names>M.S.</given-names></name></person-group></element-citation></ref><ref id="B10"><element-citation publication-type="article"><article-title>O paradigma mecanicista da medicina ocidental moderna: uma perspectiva antropológica</article-title><source>Rev. Saúde Pública</source><date><year>1986</year></date><issue>4</issue><volume>20</volume><person-group><name><surname>QUEIROZ</surname><given-names>M. S.</given-names></name></person-group></element-citation></ref><ref id="B11"><element-citation publication-type="book"><source>I Ching: o livro das mutações</source><person-group><name><surname>WILHELM</surname><given-names>R.</given-names></name><name><surname>WILHELM</surname><given-names>R.</given-names></name></person-group></element-citation></ref><ref id="B12"><element-citation publication-type="article"><article-title>Lecciones que se derivan de las grandes campañas de erradicación</article-title><source>Foro Mundial de la Salud</source><date><year>1981</year></date><issue>4</issue><volume>2</volume><person-group><name><surname>YEKUTIEL</surname><given-names>P.</given-names></name></person-group></element-citation></ref></ref-list></back></article></articles>