<articles xmlns:xsi="http://www.w3.org/2001/XMLSchema-instance" xsi:schemaLocation="https://raw.githubusercontent.com/scieloorg/articles_meta/master/tests/xsd/scielo_sci/ThomsonReuters_publishing.xsd" dtd-version="1.10"><article lang_id="pt" article-type="editorial"><front><journal-meta><journal-id journal-id-type="publisher">csp</journal-id><journal-title-group><journal-title>Cadernos de Saúde Pública</journal-title><abbrev-journal-title>Cad. Saúde Pública</abbrev-journal-title></journal-title-group><issn>1678-4464</issn><collection>SciELO Brazil</collection><publisher><publisher-name>Escola Nacional de Saúde Pública Sergio Arouca, Fundação Oswaldo Cruz</publisher-name></publisher></journal-meta><article-meta><unique-article-id pub-id-type="publisher-id">S0102-311X1988000100002</unique-article-id><article-id pub-id-type="publisher-id">S0102-311X1988000100002</article-id><article-id pub-id-type="doi">10.1590/S0102-311X1988000100002</article-id><article-categories><subj-group><subject>Health Policy &amp; Services</subject></subj-group></article-categories><title-group><article-title lang_id="pt">Oferta tecnológica para o desenvolvimento em saúde: o caso da FIOCRUZ</article-title></title-group><contrib-group><contrib contrib-type="author"><name><surname>Marques</surname><given-names>Marilia Bernardes</given-names></name><role>ND</role><xref ref-type="aff" rid="A01"/></contrib><contrib contrib-type="author"><name><surname>Possas</surname><given-names>Cristina de Albuquerque</given-names></name><role>ND</role><xref ref-type="aff" rid="A01"/></contrib><contrib contrib-type="author"><name><surname>Gadelha</surname><given-names>Carlos A.G.</given-names></name><role>ND</role><xref ref-type="aff" rid="A01"/></contrib><contrib contrib-type="author"><name><surname>Emerick</surname><given-names>Maria Celeste</given-names></name><role>ND</role><xref ref-type="aff" rid="A01"/></contrib><contrib contrib-type="author"><name><surname>Bortoletto</surname><given-names>Maria Elide</given-names></name><role>ND</role><xref ref-type="aff" rid="A02"/></contrib></contrib-group><aff id="A02"><institution>Superintendência de Informação Científica</institution></aff><aff id="A01"><institution>Núcleo de Estudos Especiais da Presidência</institution></aff><pub-date><month>03</month><year>1988</year></pub-date><volume>4</volume><issue>1</issue><fpage>9</fpage><lpage>32</lpage><permissions><license license-type="open-access" href="http://creativecommons.org/licenses/by-nc/4.0/"><license-p>This work is licensed under a Creative Commons Attribution-NonCommercial 4.0 International License.</license-p></license></permissions><self-uri href="http://www.scielo.br/scielo.php?script=sci_arttext&amp;pid=S0102-311X1988000100002&amp;lng=en&amp;tlng=en" content-type="full_text_page"/><self-uri href="http://www.scielo.br/scielo.php?script=sci_issuetoc&amp;pid=0102-311X19880001&amp;lng=en" content-type="issue_page"/><self-uri href="http://www.scielosp.org/scielo.php?script=sci_serial&amp;pid=0102-311X&amp;lng=en" content-type="journal_page"/><abstract lang_id="pt"><p>O presente trabalho apresenta a proposta metodológica e os resultados consolidados do levantamento realizado, de modo descontínuo, ao longo de período de 6 meses (outubro de 86 a março de 87) da oferta tecnológica da FIOCRUZ. As definições conceituais e os procedimentos utilizados são apresentados de modo detalhado, por tratar-se de trabalho inédito na área de saúde. Também são apresentadas as 76 ofertas mapeadas, tecendo-se breves comentários, sobre sua relevância para o quadro sanitário nacional, bem como sobre a importância da pesquisa para as atividades de gestão tecnológica em saúde.</p></abstract><trans-abstract lang_id="en"><p>The present work presents the methodological proposal and the consolidated results of the survey done, in a discontinue manner, during 6 months (from October 86 to march 87) of the FIOCRUZ technological supply. The conceptuals definitions and the procedures utilized are presented in a detailed manner, due to the fact that is an unplublished work in the health area. It also presents 76 listed supplies doing short comments about its importance to the national sanitary chart, and also about the importance of the research to the activities o f technological management in health.</p></trans-abstract></article-meta></front><back><ref-list><ref id="B1"><element-citation publication-type="book"><source>Ofertas Tecnológicas do Rio de Janeiro, 1986</source></element-citation></ref><ref id="B2"><element-citation publication-type="book"><source>Brasil: Indicadores de Mortalidade</source></element-citation></ref><ref id="B3"><element-citation publication-type="book"><source>Anuário Estatístico do Brasil</source><date><year>1985</year></date></element-citation></ref><ref id="B4"><element-citation publication-type="book"><source>Indicadores Sociais, Tabelas Selecionadas</source><date><year>1984</year></date><volume>2</volume></element-citation></ref><ref id="B5"><element-citation publication-type="book"><source>Biotecnologia em Saúde no Brasil: Limitações e Perspectivas</source></element-citation></ref><ref id="B6"><element-citation publication-type="book"><source>Relatório Anual de Atividades: 1985 e 1986</source></element-citation></ref></ref-list></back></article></articles>