<articles xmlns:xsi="http://www.w3.org/2001/XMLSchema-instance" xsi:schemaLocation="https://raw.githubusercontent.com/scieloorg/articles_meta/master/tests/xsd/scielo_sci/ThomsonReuters_publishing.xsd" dtd-version="1.10"><article lang_id="pt" article-type="research-article"><front><journal-meta><journal-id journal-id-type="publisher">csp</journal-id><journal-title-group><journal-title>Cadernos de Saúde Pública</journal-title><abbrev-journal-title>Cad. Saúde Pública</abbrev-journal-title></journal-title-group><issn>1678-4464</issn><collection>SciELO Public Health</collection><publisher><publisher-name>Escola Nacional de Saúde Pública Sergio Arouca, Fundação Oswaldo Cruz</publisher-name></publisher></journal-meta><article-meta><unique-article-id pub-id-type="publisher-id">S0102-311X1989000100006</unique-article-id><article-id pub-id-type="publisher-id">S0102-311X1989000100006</article-id><article-id pub-id-type="doi">10.1590/S0102-311X1989000100006</article-id><article-categories><subj-group><subject>Health Policy &amp; Services</subject></subj-group></article-categories><title-group><article-title lang_id="pt">A programação local de saúde, os Distritos Sanitários e a necessidade de um enfoque estratégico</article-title></title-group><contrib-group><contrib contrib-type="author"><name><surname>Uribe Rivera</surname><given-names>Francisco Javier</given-names></name><role>ND</role><xref ref-type="aff" rid="A01"/></contrib></contrib-group><aff id="A01"><institution>Fundação Oswaldo Cruz</institution></aff><pub-date><month>01</month><year>1989</year></pub-date><volume>5</volume><issue>1</issue><fpage>60</fpage><lpage>81</lpage><permissions><license license-type="open-access" href="http://creativecommons.org/licenses/by/4.0/"><license-p>This work is licensed under a Creative Commons Attribution 4.0 International License.</license-p></license></permissions><self-uri href="http://www.scielosp.org/scielo.php?script=sci_arttext&amp;pid=S0102-311X1989000100006&amp;lng=en&amp;tlng=en" content-type="full_text_page"/><self-uri href="http://www.scielosp.org/scielo.php?script=sci_issuetoc&amp;pid=0102-311X19890001&amp;lng=en" content-type="issue_page"/><self-uri href="http://www.scielosp.org/scielo.php?script=sci_serial&amp;pid=0102-311X&amp;lng=en" content-type="journal_page"/><abstract lang_id="pt"><p>O presente trabalho faz uma análise crítica de várias formas ou metodologias de programação sanitária tais como o método CENDES/OPS e o enfoque baseado na análise ampla do risco. A alternativa sobre a qual se fixa é um tipo de programação, ainda não completamente elaborada, que tem como fundamentos teóricos a planificação situacional e o enfoque da epidemiologia social.</p></abstract><trans-abstract lang_id="en"><p>This article makes a critical analysis of the various forms or methodologies of the sanitary programme such as the CENDES/OPS method and the approach based on the full analysis of rise. The alternative choice is a kind of programme which has not been completely elaborated and which has its basis situational planning and the social epidemiological approach.</p></trans-abstract></article-meta></front><back><ref-list><ref id="B1"><element-citation publication-type="book"><source>Programación de la Salud: Problemas Conceptuales y Metodológicos</source><volume>111</volume></element-citation></ref></ref-list></back></article></articles>