<articles xmlns:xsi="http://www.w3.org/2001/XMLSchema-instance" xsi:schemaLocation="https://raw.githubusercontent.com/scieloorg/articles_meta/master/tests/xsd/scielo_sci/ThomsonReuters_publishing.xsd" dtd-version="1.10"><article lang_id="pt" article-type="research-article"><front><journal-meta><journal-id journal-id-type="publisher">csp</journal-id><journal-title-group><journal-title>Cadernos de Saúde Pública</journal-title><abbrev-journal-title>Cad. Saúde Pública</abbrev-journal-title></journal-title-group><issn>1678-4464</issn><collection>SciELO Brazil</collection><publisher><publisher-name>Escola Nacional de Saúde Pública Sergio Arouca, Fundação Oswaldo Cruz</publisher-name></publisher></journal-meta><article-meta><unique-article-id pub-id-type="publisher-id">S0102-311X1986000100004</unique-article-id><article-id pub-id-type="publisher-id">S0102-311X1986000100004</article-id><article-id pub-id-type="doi">10.1590/S0102-311X1986000100004</article-id><article-categories><subj-group><subject>Health Policy &amp; Services</subject></subj-group></article-categories><title-group><article-title lang_id="pt">Isolamento do Histoplasma capsulatum de animais silvestres no município do Rio de Janeiro</article-title></title-group><contrib-group><contrib contrib-type="author"><name><surname>Zancopé-Oliveira</surname><given-names>Rosely Maria</given-names></name><role>ND</role><xref ref-type="aff" rid="A01"/></contrib><contrib contrib-type="author"><name><surname>Wanke</surname><given-names>Bodo</given-names></name><role>ND</role><xref ref-type="aff" rid="A01"/></contrib></contrib-group><aff id="A01"><institution>Fundação Oswaldo Cruz</institution><country>Brazil</country></aff><pub-date><month>03</month><year>1986</year></pub-date><volume>2</volume><issue>1</issue><fpage>42</fpage><lpage>52</lpage><permissions><license license-type="open-access" href="http://creativecommons.org/licenses/by-nc/4.0/"><license-p>This work is licensed under a Creative Commons Attribution-NonCommercial 4.0 International License.</license-p></license></permissions><self-uri href="http://www.scielo.br/scielo.php?script=sci_arttext&amp;pid=S0102-311X1986000100004&amp;lng=en&amp;tlng=en" content-type="full_text_page"/><self-uri href="http://www.scielosp.org/scielo.php?script=sci_issuetoc&amp;pid=0102-311X19860001&amp;lng=en" content-type="issue_page"/><self-uri href="http://www.scielosp.org/scielo.php?script=sci_serial&amp;pid=0102-311X&amp;lng=en" content-type="journal_page"/><abstract lang_id="pt"><p>Em um estudo realizado em 103 animais silvestres capturados em Rio da Prata, região periurbana do município do Rio de Janeiro, Histoplasma capsulatum foi isolado de fígado e baço de um roedor Rattus rattus e de dois marsupials Metachirus opossum. Pela primeira vez se descreve a infecção naturalmente adquirida nesta espécie marsupial, popularmente conhecida como cuíca. Os animais infectados não apresentaram sintomas clínicos e alterações histopatológicas.</p></abstract><trans-abstract lang_id="en"><p>In a survey of 103 sylvatic animals captured from Rio da Prata a rural area situated near the city of Rio de Janeiro, Histoplasma capsulatum was isolated from liver and spleen of one rat Rattus rattus and two marsupials Metachirus opossum, commonly known as cuíca. The infected animals did not show any clinical symptoms or histopathological alterations. The fungus has not preiously been reported in the marsupial's specie.</p></trans-abstract></article-meta></front><back><ref-list><ref id="B1"><element-citation publication-type="article"><article-title>Comparative ecology of respiratory mycotic disease agents</article-title><source>Bacteriol. Rev.</source><date><year>1967</year></date><fpage>6</fpage><lpage>24</lpage><volume>31</volume><person-group><name><surname>AJELLO</surname><given-names>L.</given-names></name></person-group></element-citation></ref><ref id="B2"><element-citation publication-type="article"><article-title>Histoplasmosis: animal reservoirs and other sources in nature of the pathogenic fungus, Histoplasma</article-title><source>Am. J. Publ. Health</source><date><year>1950</year></date><fpage>436</fpage><lpage>40</lpage><volume>40</volume><person-group><name><surname>EMMONS</surname><given-names>C.W.</given-names></name></person-group></element-citation></ref><ref id="B3"><element-citation publication-type="thesis"><source>A importância das técnicas de imunoprecipitação na triagem e no diagnóstico da paracoccidioidomicose, histoplasmose e aspergilose: Estudo em população hospitalar do Rio de Janeiro, 1984</source><person-group><name><surname>FERREIRA DA CRUZ</surname><given-names>M.F.</given-names></name><name><surname>FERREIRA DA CRUZ</surname><given-names>M.F.</given-names></name></person-group></element-citation></ref><ref id="B4"><element-citation publication-type="article"><article-title>Comparative study of a new Chrysosporium species with Histoplasma capsulatum</article-title><source>Sabouraudia</source><date><year>1980</year></date><fpage>105</fpage><lpage>14</lpage><volume>18</volume><person-group><name><surname>GAUR</surname><given-names>P.K.</given-names></name><name><surname>LICHTWARDT</surname><given-names>R.W.</given-names></name></person-group></element-citation></ref><ref id="B5"><element-citation publication-type="article"><article-title>The role of bats in the propagation and spread of histoplasmosis: a review</article-title><source>J. Wildl. Dis.</source><date><year>1981</year></date><fpage>191</fpage><lpage>6</lpage><volume>17</volume><person-group><name><surname>HOFF</surname><given-names>G.L.</given-names></name><name><surname>BIGLER</surname><given-names>W.J.</given-names></name></person-group></element-citation></ref><ref id="B6"><element-citation publication-type="book"><source>THE BIOLOGY of marsupials</source><date><year>1977</year></date><fpage>95</fpage><lpage>153</lpage><person-group><name><surname>HUNSAKER II</surname><given-names>D.</given-names></name></person-group></element-citation></ref><ref id="B7"><element-citation publication-type="article"><article-title>Epidemiologic studies on histoplasmosis in Wild-life</article-title><source>Environmental Research</source><date><year>1967</year></date><fpage>129</fpage><lpage>44</lpage><volume>1</volume><person-group><name><surname>MENGES</surname><given-names>R.W.</given-names></name></person-group></element-citation></ref><ref id="B8"><element-citation publication-type="article"><article-title>A review and recent findings on histoplasmosis in animals</article-title><source>Vet. Med.</source><date><year>1963</year></date><fpage>331</fpage><lpage>8</lpage><volume>58</volume><person-group><name><surname>MENGES</surname><given-names>R.W.</given-names></name></person-group></element-citation></ref><ref id="B9"><element-citation publication-type="book"><source>Os roedores do Brasil</source><date><year>1952</year></date><fpage>214</fpage><person-group><name><surname>MOOJEN</surname><given-names>J.</given-names></name><name><surname>MOOJEN</surname><given-names>J.</given-names></name></person-group></element-citation></ref><ref id="B10"><element-citation publication-type="article"><article-title>Distribution of Histoplasma capsulatum in Amazonian wildlife</article-title><source>Mycopathologia</source><date><year>1985</year></date><fpage>165</fpage><lpage>8</lpage><volume>89</volume><person-group><name><surname>NAIFF</surname><given-names>R.D.</given-names></name></person-group></element-citation></ref><ref id="B11"><element-citation publication-type="article"><article-title>Antigen-antibody reaction in gels</article-title><source>Acta Pathol. Microbiol. Scand.</source><date><year>1949</year></date><fpage>507</fpage><lpage>17</lpage><volume>26</volume><person-group><name><surname>OUCHTERLONY</surname><given-names>O.</given-names></name></person-group></element-citation></ref><ref id="B12"><element-citation publication-type="article"><article-title>Permanent stained mycological preparation obtained by slide culture</article-title><source>Mycologia</source><date><year>1950</year></date><fpage>265</fpage><lpage>70</lpage><volume>42</volume><person-group><name><surname>RIDDEL</surname><given-names>R.W.</given-names></name></person-group></element-citation></ref><ref id="B13"><element-citation publication-type="book"><source>Dissection Guides: III - The rat with notes on the mouse</source><date><year>1972</year></date><fpage>64</fpage><person-group><name><surname>ROWETT</surname><given-names>H.G.Q.</given-names></name><name><surname>ROWETT</surname><given-names>H.G.Q.</given-names></name></person-group></element-citation></ref><ref id="B14"><element-citation publication-type="article"><article-title>Histoplasma capsulatum recovered from bat tissues</article-title><source>Science</source><date><year>1962</year></date><fpage>1135</fpage><volume>135</volume><person-group><name><surname>SHACKLETTE</surname><given-names>M.H.</given-names></name></person-group></element-citation></ref><ref id="B15"><element-citation publication-type="article"><article-title>Naturally acquired histoplasmosis in the mammals of the Panama Canal Zone</article-title><source>Am. J. Trop. Med. Hyg.</source><date><year>1962</year></date><fpage>796</fpage><lpage>9</lpage><volume>11</volume><person-group><name><surname>TAYLOR</surname><given-names>R.L.</given-names></name><name><surname>SHACKLETTE</surname><given-names>M.H.</given-names></name></person-group></element-citation></ref><ref id="B16"><element-citation publication-type="thesis"><source>Histoplasmose: Estudo epidemiológico, clínico e experimental</source><date><year>1985</year></date><person-group><name><surname>WANKE</surname><given-names>B.</given-names></name><name><surname>WANKE</surname><given-names>B.</given-names></name></person-group></element-citation></ref><ref id="B17"><element-citation publication-type="thesis"><source>Histoplasmose: Estudo epidemiológico em área periurbana do município do Rio de Janeiro</source><date><year>1985</year></date><person-group><name><surname>ZANCOPÉ-OLIVEIRA</surname><given-names>R.M.</given-names></name><name><surname>ZANCOPÉ-OLIVEIRA</surname><given-names>R.M.</given-names></name></person-group></element-citation></ref></ref-list></back></article></articles>