<articles xmlns:xsi="http://www.w3.org/2001/XMLSchema-instance" xsi:schemaLocation="https://raw.githubusercontent.com/scieloorg/articles_meta/master/tests/xsd/scielo_sci/ThomsonReuters_publishing.xsd" dtd-version="1.10"><article lang_id="pt" article-type="research-article"><front><journal-meta><journal-id journal-id-type="publisher">csp</journal-id><journal-title-group><journal-title>Cadernos de Saúde Pública</journal-title><abbrev-journal-title>Cad. Saúde Pública</abbrev-journal-title></journal-title-group><issn>1678-4464</issn><collection>SciELO Brazil</collection><publisher><publisher-name>Escola Nacional de Saúde Pública Sergio Arouca, Fundação Oswaldo Cruz</publisher-name></publisher></journal-meta><article-meta><unique-article-id pub-id-type="publisher-id">S0102-311X1993000400002</unique-article-id><article-id pub-id-type="publisher-id">S0102-311X1993000400002</article-id><article-id pub-id-type="doi">10.1590/S0102-311X1993000400002</article-id><article-categories><subj-group><subject>Health Policy &amp; Services</subject></subj-group></article-categories><title-group><article-title lang_id="pt">Caracterização da demanda de pacientes com carcinoma de colo uterino no Hospital das Clínicas da Universidade Federal de Uberlândia, Minas Gerais, Brasil, 1984-1988</article-title><trans-title-group lang_id="en"><trans-title>Characterization of uterine cervical carcinoma cases in the Hospital das Clínicas, Universidade Federal de Uberlândia, Minas Gerais, Brazil, from 1984 to 1988</trans-title></trans-title-group></title-group><contrib-group><contrib contrib-type="author"><name><surname>Pioli</surname><given-names>Eliane Regina</given-names></name><role>ND</role></contrib><contrib contrib-type="author"><name><surname>Oliveira</surname><given-names>Neide M. de</given-names></name><role>ND</role><xref ref-type="aff" rid="A01"/></contrib><contrib contrib-type="author"><name><surname>Rezende</surname><given-names>Alonso G. de</given-names></name><role>ND</role><xref ref-type="aff" rid="A02"/></contrib></contrib-group><aff id="A02"><institution>Faculdade de Medicina de São José do Rio Preto</institution><country>Brazil</country></aff><aff id="A01"><institution>Universidade Federal de Uberlândia</institution><country>Brazil</country></aff><pub-date><month>12</month><year>1993</year></pub-date><volume>9</volume><issue>4</issue><fpage>421</fpage><lpage>427</lpage><permissions><license license-type="open-access" href="http://creativecommons.org/licenses/by-nc/4.0/"><license-p>This work is licensed under a Creative Commons Attribution-NonCommercial 4.0 International License.</license-p></license></permissions><self-uri href="http://www.scielo.br/scielo.php?script=sci_arttext&amp;pid=S0102-311X1993000400002&amp;lng=en&amp;tlng=en" content-type="full_text_page"/><self-uri href="http://www.scielo.br/scielo.php?script=sci_issuetoc&amp;pid=0102-311X19930004&amp;lng=en" content-type="issue_page"/><self-uri href="http://www.scielosp.org/scielo.php?script=sci_serial&amp;pid=0102-311X&amp;lng=en" content-type="journal_page"/><abstract lang_id="pt"><p>Foi realizado um estudo retrospectivo de 180 casos de carcinoma de colo uterino internados no Hospital das Clínicas da Universidade Federal de Uberlândia, no período de 1984 a 1988, segundo variáveis pessoais e de tempo. Encontrou-se um aumento gradativo com o tempo e uma maior freqüência entre 35 e 60 anos de idade. Aproximadamente 51% das pacientes eram provenientes de outras cidades e estados. Verificou-se uma maior freqüência em multíparas e em mulheres que iniciaram sua vida sexual antes dos 20 anos. Grande parte das mulheres (45%) ainda não tinha tido a menopausa. As manifestações clínicas mais freqüentes foram sangramento genital irregular e dor em baixo ventre. A citopatologia evidenciou Papanicolaou de graus III em 60,5% dos casos. A proporção de carcinoma in situ (20,6%) foi pequena em relação aos estágios mais avançados IIb (31,6%), Ib (14,5%), e IIIa, IIIb e IV (18,9%), os quais, havendo uma orientação mais sistematizada de prevenção, podem ser encontrados com menor freqüência. A relação carcinoma invasor/carcinoma in situ foi de 2,52 no período de 1984 a 1986, aumentando para 4,75 entre 1987 e 1988, o que indica não terem sido atingidos níveis satisfatórios de prevenção da doença na cidade e na região no período estudado.</p></abstract><trans-abstract lang_id="en"><p>This is a retrospective survey of 180 cases of uterine cervical carcinoma in women admitted to the Hospital de Clínicas da Universidade Federal de Uberlândia, from 1984 to 1988, with regard to personal and temporal factors. There was a gradual increase in frequency over time and a greater frequency among women from 35 to 60 years of age. Half of the women came from other cities and states. The conditions was more frequent in multiparous women and in women who initiated sexual intercourse before the age of 20. A major proportion of women (45.0 %) had not reached menopause. Genital bleeding and abdominal pain were the most frequent clinical manifestations. Cytopathological study revealed a percentage of 60.5 % of stages III and IV. There was a low frequency of in situ cancer (20.6 %), when compared to the frequency of more advanced stages (71.6 %). The proportion of advanced stages as compared to in situ cancer increased over time, which may indicate that an optimal level of prevention was far reality in this region during the study period.</p></trans-abstract><kwd-group lang_id="en" kwd-group-type="author-generated"><kwd>Cancer</kwd><kwd>Cervical Carcinoma</kwd><kwd>Women Health</kwd><kwd>Epidemiology</kwd></kwd-group><kwd-group lang_id="pt" kwd-group-type="author-generated"><kwd>Câncer</kwd><kwd>Carcinoma de Colo Uterino</kwd><kwd>Saúde da Mulher</kwd><kwd>Epidemiologia</kwd></kwd-group></article-meta></front><back><ref-list><ref id="B1"><element-citation publication-type="article"><article-title>Epidemiología descritiva del cancer de mama y de cuello de útero in Costa Rica</article-title><source>Boletin de la Oficina Sanitaria Panamericana</source><fpage>483</fpage><lpage>493</lpage><volume>105</volume><person-group><name><surname>BIXBY</surname><given-names>L. B.</given-names></name><name><surname>VASQUEZ</surname><given-names>C. G.</given-names></name></person-group></element-citation></ref><ref id="B2"><element-citation publication-type="article"><article-title>Epidemiologia do câncer de colo do útero</article-title><source>Jornal Brasileiro de Ginecologia</source><fpage>33</fpage><lpage>37</lpage><volume>93</volume><person-group><name><surname>CHAVES</surname><given-names>E.</given-names></name></person-group></element-citation></ref><ref id="B3"><element-citation publication-type="article"><article-title>Does screening by "pap" smears help prevent cervical cancer?</article-title><source>The Lancet</source><fpage>1</fpage><lpage>4</lpage><volume>7</volume><person-group><name><surname>CLARKE</surname><given-names>E. A.</given-names></name><name><surname>ANDERSON</surname><given-names>T. W.</given-names></name></person-group></element-citation></ref></ref-list></back></article></articles>