<articles xmlns:xsi="http://www.w3.org/2001/XMLSchema-instance" xsi:schemaLocation="https://raw.githubusercontent.com/scieloorg/articles_meta/master/tests/xsd/scielo_sci/ThomsonReuters_publishing.xsd" dtd-version="1.10"><article lang_id="pt" article-type="research-article"><front><journal-meta><journal-id journal-id-type="publisher">csp</journal-id><journal-title-group><journal-title>Cadernos de Saúde Pública</journal-title><abbrev-journal-title>Cad. Saúde Pública</abbrev-journal-title></journal-title-group><issn>1678-4464</issn><collection>SciELO Brazil</collection><publisher><publisher-name>Escola Nacional de Saúde Pública Sergio Arouca, Fundação Oswaldo Cruz</publisher-name></publisher></journal-meta><article-meta><unique-article-id pub-id-type="publisher-id">S0102-311X1992000100007</unique-article-id><article-id pub-id-type="publisher-id">S0102-311X1992000100007</article-id><article-id pub-id-type="doi">10.1590/S0102-311X1992000100007</article-id><article-categories><subj-group><subject>Health Policy &amp; Services</subject></subj-group></article-categories><title-group><article-title lang_id="pt">Formação de recursos humanos de nível médio em saúde no Rio de Janeiro: a experiência da Escola Técnica em Saúde Enfermeira Izabel dos Santos</article-title><trans-title-group lang_id="en"><trans-title>Middle-Level health personnel training in Rio de Janeiro: the Izabel dos Santos Technical School experience</trans-title></trans-title-group></title-group><contrib-group><contrib contrib-type="author"><name><surname>Dal Poz</surname><given-names>Mário Roberto</given-names></name><role>ND</role><xref ref-type="aff" rid="A01"/></contrib><contrib contrib-type="author"><name><surname>Romano</surname><given-names>Regina Aurora T.</given-names></name><role>ND</role><xref ref-type="aff" rid="A02"/></contrib><contrib contrib-type="author"><name><surname>Torres</surname><given-names>Milta B.</given-names></name><role>ND</role><xref ref-type="aff" rid="A02"/></contrib><contrib contrib-type="author"><name><surname>Cortez</surname><given-names>Mariliza V.</given-names></name><role>ND</role><xref ref-type="aff" rid="A02"/></contrib></contrib-group><aff id="A01"><institution>Universidade do Estado do Rio de Janeiro</institution><country>Brazil</country></aff><aff id="A02"><institution>Escola de Formação Técnica em Saúde, SES/RJ</institution><country>Brasil</country></aff><pub-date><month>03</month><year>1992</year></pub-date><volume>8</volume><issue>1</issue><fpage>57</fpage><lpage>61</lpage><permissions><license license-type="open-access" href="http://creativecommons.org/licenses/by-nc/4.0/"><license-p>This work is licensed under a Creative Commons Attribution-NonCommercial 4.0 International License.</license-p></license></permissions><self-uri href="http://www.scielo.br/scielo.php?script=sci_arttext&amp;pid=S0102-311X1992000100007&amp;lng=en&amp;tlng=en" content-type="full_text_page"/><self-uri href="http://www.scielo.br/scielo.php?script=sci_issuetoc&amp;pid=0102-311X19920001&amp;lng=en" content-type="issue_page"/><self-uri href="http://www.scielosp.org/scielo.php?script=sci_serial&amp;pid=0102-311X&amp;lng=en" content-type="journal_page"/><abstract lang_id="pt"><p>No Estado do Rio de Janeiro, assim como no resto do país, os serviços de saúde empregam grande quantidade de servidores não habilitados, dificultando uma assistência à saúde de qualidade. Para reverter essa situação, os autores propõem a formação técnica, a nível de lº e 2º graus, dos servidores nas habilitações de saúde aprovadas pelo Conselho Federal de Educação e analisam a experiência da Escola Técnica Enfermeira Izabel dos Santos, da Secretaria de Estado de Saúde do Rio de Janeiro. O processo pedagógico tem por base a problematização da realidade. Concebida como escola aberta, já implantou 8 núcleos descentralizados, com um total de 225 alunos-servidores.</p></abstract><trans-abstract lang_id="en"><p>As occurs throughout the country, there is a large number of non-qualified personnel employed in health services in Rio de Janeiro, jeopardizing the quality of health care. In order to change this situation, the authors suggest the technical qualification, at elementary and high school levels, in health skills approved by the Federal Council of Education and discuss the experience of the Izabel dos Santos Technical school, of the State Secretariat of Health. Created as an "Open School", its pedagogical process is based on the "problematization" of reality. The Izabel dos Santos School includes 8 units wich are already operating with 225 students/health workers.</p></trans-abstract><kwd-group lang_id="en" kwd-group-type="author-generated"><kwd>Health Personnel</kwd><kwd>Teaching for Health</kwd><kwd>Learning</kwd></kwd-group><kwd-group lang_id="pt" kwd-group-type="author-generated"><kwd>Recursos Humanos em Saúde</kwd><kwd>Ensino-Aprendizagem em Saúde</kwd></kwd-group></article-meta></front><back><ref-list><ref id="B1"><element-citation publication-type="book"><source>Constituição da República Federativa do Brasil: de 5 de outubro de 1988</source><date><year>1989</year></date></element-citation></ref><ref id="B2"><element-citation publication-type="book"><source>Projeto de Formação de Pessoal de Nível Médio em Larga Escala: Acordo Mec/MPAS/MS/Opas</source><date><year>1987</year></date></element-citation></ref><ref id="B3"><element-citation publication-type="book"><source>O Exercício da enfermagem nas Instituições de Saúde no Brasil: 1982/1983</source><date><year>1985</year></date><volume>l</volume></element-citation></ref><ref id="B4"><element-citation publication-type="book"><source>Estatística de Saúde: Assistência Médico-Sanitária</source><date><year>1987</year></date><volume>12</volume></element-citation></ref><ref id="B5"><element-citation publication-type="book"><source>Capacitação Pedagógica para instrutor/supervisor: área da saúde</source><date><year>1989</year></date><person-group><name><surname>LUCHESI</surname><given-names>G</given-names></name><name><surname>HOLANDA</surname><given-names>H.</given-names></name><name><surname>SANTOS</surname><given-names>I.</given-names></name><name><surname>LUCHESI</surname><given-names>G</given-names></name><name><surname>HOLANDA</surname><given-names>H.</given-names></name><name><surname>SANTOS</surname><given-names>I.</given-names></name></person-group></element-citation></ref><ref id="B6"><element-citation publication-type="book"><source>Assembléia Legislativa: Constituição do Estado do Rio de Janeiro. Diário Oficial do Estado do Rio de Janeiro</source><date><year>1989</year></date></element-citation></ref><ref id="B7"><element-citation publication-type="book"><source>Poder Executivo: Decreto Nº 13.802. Cria a Escola de Formação Técnica em Saúde e dá outras providências</source><date><year>1989</year></date></element-citation></ref><ref id="B8"><element-citation publication-type="book"><source>Secretaria de Estado de Saúde: Resolução nº 542</source><date><year>1989</year></date></element-citation></ref><ref id="B9"><element-citation publication-type="book"><source>Conselho Estadual de Educação. Parecer Nº 150: Aprova Regimento Escolar e autoriza cursos da Escola Técnica em Saúde</source><date><year>1990</year></date></element-citation></ref><ref id="B10"><element-citation publication-type="book"><source>Secretaria de Estado de Saúde: Resolução Nº 567</source><date><year>1990</year></date></element-citation></ref><ref id="B11"><element-citation publication-type="article"><article-title>Subsídios para a formulação de uma política de profissionalização para o pessoal de enfermagem, sem qualificação específica, empregado no setor saúde: Brasil</article-title><source>Educación Médica y Salud</source><date><year>1988</year></date><fpage>191</fpage><lpage>199</lpage><volume>22</volume><person-group><name><surname>SANTOS</surname><given-names>I. dos</given-names></name><name><surname>SOUZA</surname><given-names>A. M. A.</given-names></name><name><surname>GALVÃO</surname><given-names>E. A.</given-names></name></person-group></element-citation></ref></ref-list></back></article></articles>