<articles xmlns:xsi="http://www.w3.org/2001/XMLSchema-instance" xsi:schemaLocation="https://raw.githubusercontent.com/scieloorg/articles_meta/master/tests/xsd/scielo_sci/ThomsonReuters_publishing.xsd" dtd-version="1.10"><article lang_id="pt" article-type="research-article"><front><journal-meta><journal-id journal-id-type="publisher">csp</journal-id><journal-title-group><journal-title>Cadernos de Saúde Pública</journal-title><abbrev-journal-title>Cad. Saúde Pública</abbrev-journal-title></journal-title-group><issn>1678-4464</issn><collection>SciELO Public Health</collection><publisher><publisher-name>Escola Nacional de Saúde Pública Sergio Arouca, Fundação Oswaldo Cruz</publisher-name></publisher></journal-meta><article-meta><unique-article-id pub-id-type="publisher-id">S0102-311X1993000200004</unique-article-id><article-id pub-id-type="publisher-id">S0102-311X1993000200004</article-id><article-id pub-id-type="doi">10.1590/S0102-311X1993000200004</article-id><article-categories><subj-group><subject>Health Policy &amp; Services</subject></subj-group></article-categories><title-group><article-title lang_id="pt">Sistema de informação para a ação: subsídios para a atuação prática dos programas de saúde dos trabalhadores a nível local</article-title><trans-title-group lang_id="en"><trans-title>Action-oriented information systems: subsidies for activities by workers' health programs at the local level</trans-title></trans-title-group></title-group><contrib-group><contrib contrib-type="author"><name><surname>Wünsch Filho</surname><given-names>Victor</given-names></name><role>ND</role><xref ref-type="aff" rid="A01"/></contrib><contrib contrib-type="author"><name><surname>Settimi</surname><given-names>Maria M.</given-names></name><role>ND</role><xref ref-type="aff" rid="A01"/></contrib><contrib contrib-type="author"><name><surname>Ferreira</surname><given-names>Clara S. W.</given-names></name><role>ND</role><xref ref-type="aff" rid="A01"/></contrib><contrib contrib-type="author"><name><surname>Carmo</surname><given-names>José Carlos do</given-names></name><role>ND</role><xref ref-type="aff" rid="A01"/></contrib><contrib contrib-type="author"><name><surname>Santos</surname><given-names>Ubiratan P.</given-names></name><role>ND</role><xref ref-type="aff" rid="A01"/></contrib><contrib contrib-type="author"><name><surname>Martarello</surname><given-names>Norton A.</given-names></name><role>ND</role><xref ref-type="aff" rid="A01"/></contrib><contrib contrib-type="author"><name><surname>Costa</surname><given-names>Danilo F.</given-names></name><role>ND</role><xref ref-type="aff" rid="A01"/></contrib></contrib-group><aff id="A01"><institution>Programa de Saúde dos Trabalhadores</institution><country>Brazil</country></aff><pub-date><month>06</month><year>1993</year></pub-date><volume>9</volume><issue>2</issue><fpage>136</fpage><lpage>148</lpage><permissions><license license-type="open-access" href="http://creativecommons.org/licenses/by/4.0/"><license-p>This work is licensed under a Creative Commons Attribution 4.0 International License.</license-p></license></permissions><self-uri href="http://www.scielosp.org/scielo.php?script=sci_arttext&amp;pid=S0102-311X1993000200004&amp;lng=en&amp;tlng=en" content-type="full_text_page"/><self-uri href="http://www.scielo.br/scielo.php?script=sci_issuetoc&amp;pid=0102-311X19930002&amp;lng=en" content-type="issue_page"/><self-uri href="http://www.scielosp.org/scielo.php?script=sci_serial&amp;pid=0102-311X&amp;lng=en" content-type="journal_page"/><abstract lang_id="pt"><p>Nas últimas décadas o Brasil transformou-se em uma sociedade industrializada. A partir da perspectiva epidemiológica e considerando as mudanças que estão ocorrendo a população brasileira, particularmente nos aspectos da transição demográfica, discute-se neste trabalho a necessidade de repensar a abrangência e prioridade do sistema de vigilância epidemiológica no país. O estudo avalia o sistema de informação para a ação de acidentes do trabalho a nível local, implantado no Programa de Saúde dos Trabalhadores do SUDS-R-6 (Mandaqui), tendo por base os dados de uma empresa metalúrgica da região que o sistema identificava como apresentando um processo de produção com alto risco de acidentes. A participação dos trabalhadores acidentados na discussão sobre os riscos ambientais e processo de trabalho, permitiu esclarecer a multicausalidade envolvida nos acidentes ocorridos nesta empresa. É destacada a importância da participação dos trabalhadores organizados - através de seus sindicatos, nas ações de controle dos acidentes. Embora, nem sempre essa participação organizada seja possível, o setor saúde deve buscar formas de atuação que resgatem a experiência concreta dos trabalhadores.</p></abstract><trans-abstract lang_id="en"><p>Over the course of recent decades, Brazil has become an industrialized society. From an epidemiological perspective and considering changes that have been occurring in the Brazilian population, particularly concerning demographic and epidemiological transitions, this paper discusses the need to adapt the epidemiological surveillance system in order to incorporate the surveillance of non-transmissible diseases. The authors analyze the information system for work-related accidents in the Workers' Health Program, under SUDS (the Unified Decentralized Health System) for the Mandaqui Region (in the Northern part of the city of São Paulo), based on data from a local metalworking industry identified by the information system as a high-risk site for work-related accidents. The article also focuses on the importance of organized workers participating in actions to control work-related accidents. Although such participation is not always possible, the health sector must incorporate the workers' own concrete experience in order to develop more effective actions to prevent accidents at the workplace.</p></trans-abstract><kwd-group lang_id="en" kwd-group-type="author-generated"><kwd>Occupational Health Program</kwd><kwd>Epidemiologic Surveillanc</kwd><kwd>Accidents Occupational</kwd></kwd-group><kwd-group lang_id="pt" kwd-group-type="author-generated"><kwd>Programa de Saúde Ocupacional</kwd><kwd>Vigilância Epidemiológica</kwd><kwd>Acidentes do Trabalho</kwd></kwd-group></article-meta></front><back><ref-list><ref id="B1"><element-citation publication-type="article"><article-title>Editorial</article-title><source>Revista Brasileira de Saúde Ocupacional</source><date><year>1989</year></date><fpage>1</fpage><volume>67</volume></element-citation></ref></ref-list></back></article></articles>