<articles xmlns:xsi="http://www.w3.org/2001/XMLSchema-instance" xsi:schemaLocation="https://raw.githubusercontent.com/scieloorg/articles_meta/master/tests/xsd/scielo_sci/ThomsonReuters_publishing.xsd" dtd-version="1.10"><article lang_id="pt" article-type="research-article"><front><journal-meta><journal-id journal-id-type="publisher">csp</journal-id><journal-title-group><journal-title>Cadernos de Saúde Pública</journal-title><abbrev-journal-title>Cad. Saúde Pública</abbrev-journal-title></journal-title-group><issn>1678-4464</issn><collection>SciELO Brazil</collection><publisher><publisher-name>Escola Nacional de Saúde Pública Sergio Arouca, Fundação Oswaldo Cruz</publisher-name></publisher></journal-meta><article-meta><unique-article-id pub-id-type="publisher-id">S0102-311X1990000100009</unique-article-id><article-id pub-id-type="publisher-id">S0102-311X1990000100009</article-id><article-id pub-id-type="doi">10.1590/S0102-311X1990000100009</article-id><article-categories><subj-group><subject>Health Policy &amp; Services</subject></subj-group></article-categories><title-group><article-title lang_id="pt">Flebótomos da área do reservatório da hidroelétrica de Itaipu, estado do Paraná, Brasil: Diptera, Psychodidae</article-title></title-group><contrib-group><contrib contrib-type="author"><name><surname>Consolim</surname><given-names>José</given-names></name><role>ND</role><xref ref-type="aff" rid="A01"/></contrib><contrib contrib-type="author"><name><surname>Luz</surname><given-names>Ennio</given-names></name><role>ND</role><xref ref-type="aff" rid="A02"/></contrib><contrib contrib-type="author"><name><surname>Torres</surname><given-names>Pedro Barroso</given-names></name><role>ND</role><xref ref-type="aff" rid="A03"/></contrib></contrib-group><aff id="A02"><institution>Universidade Federal do Paraná</institution><country>Brazil</country></aff><aff id="A03"><institution>Sucam</institution></aff><aff id="A01"><institution>Itaipu Binacional</institution></aff><pub-date><month>03</month><year>1990</year></pub-date><volume>6</volume><issue>1</issue><fpage>86</fpage><lpage>89</lpage><permissions><license license-type="open-access" href="http://creativecommons.org/licenses/by-nc/4.0/"><license-p>This work is licensed under a Creative Commons Attribution-NonCommercial 4.0 International License.</license-p></license></permissions><self-uri href="http://www.scielo.br/scielo.php?script=sci_arttext&amp;pid=S0102-311X1990000100009&amp;lng=en&amp;tlng=en" content-type="full_text_page"/><self-uri href="http://www.scielosp.org/scielo.php?script=sci_issuetoc&amp;pid=0102-311X19900001&amp;lng=en" content-type="issue_page"/><self-uri href="http://www.scielosp.org/scielo.php?script=sci_serial&amp;pid=0102-311X&amp;lng=en" content-type="journal_page"/><abstract lang_id="pt"><p>Durante os anos de 1979 a 1986 foram feitas capturas intra e extra domiciliares e também com isca humana, em diversas localidades de 6 municípios situados ao longo da margem brasileira do reservatório da hidroelétrica de Itaipu. Foram coletadas 8 espécies de Lutzomyia, sendo que duas, já incriminadas como transmissoras da leishmaniose tegumentar, L. intermedia e L. whitmani, são abundantes na área.</p></abstract><trans-abstract lang_id="en"><p>Sand-flies from Itaipu Hydroelectric plant, State of Paraná, Brazil (Diptera, Psychodidae). During the years 1979 to 1986 captures were made, both inside and outside the houses and using human baits, in several localities of 6 municipalities along the Brazilian side of the reservoirs of the hydroelectric of Itaipu. Eight species of Lutzomyia were obtained, two of them L. intermedia and L. whitmani known as vectors of cutaneous leishmaniasis, found to be frequent in the area.</p></trans-abstract></article-meta></front><back><ref-list><ref id="B1"><element-citation publication-type="book"><source>Geografia do Brasil: Região Sul</source><date><year>1977</year></date></element-citation></ref><ref id="B2"><element-citation publication-type="article"><article-title>Observações sobre abrigos e criadouros de flebótomos no Noroeste do Estado do Ceará</article-title><source>Rev. Bras. Malar. D. Trop.</source><date><year>1957</year></date><fpage>225</fpage><lpage>246</lpage><volume>9</volume><person-group><name><surname>DEANE</surname><given-names>L. M.</given-names></name><name><surname>DEANE</surname><given-names>M. P.</given-names></name></person-group></element-citation></ref><ref id="B3"><element-citation publication-type="book"><source>Entomologia médica</source><date><year>1973</year></date><volume>4</volume><person-group><name><surname>FORATTINI</surname><given-names>O. P.</given-names></name><name><surname>FORATTINI</surname><given-names>O. P.</given-names></name></person-group></element-citation></ref><ref id="B4"><element-citation publication-type="book"><source>American Sand Flies</source><date><year>1978</year></date><person-group><name><surname>MARTINS</surname><given-names>A. V.</given-names></name><name><surname>WILLIAMS</surname><given-names>P.</given-names></name><name><surname>FALCÃO</surname><given-names>A. L.</given-names></name><name><surname>MARTINS</surname><given-names>A. V.</given-names></name><name><surname>WILLIAMS</surname><given-names>P.</given-names></name><name><surname>FALCÃO</surname><given-names>A. L.</given-names></name></person-group></element-citation></ref></ref-list></back></article></articles>