<articles xmlns:xsi="http://www.w3.org/2001/XMLSchema-instance" xsi:schemaLocation="https://raw.githubusercontent.com/scieloorg/articles_meta/master/tests/xsd/scielo_sci/ThomsonReuters_publishing.xsd" dtd-version="1.10"><article lang_id="pt" article-type="research-article"><front><journal-meta><journal-id journal-id-type="publisher">csp</journal-id><journal-title-group><journal-title>Cadernos de Saúde Pública</journal-title><abbrev-journal-title>Cad. Saúde Pública</abbrev-journal-title></journal-title-group><issn>1678-4464</issn><collection>SciELO Brazil</collection><publisher><publisher-name>Escola Nacional de Saúde Pública Sergio Arouca, Fundação Oswaldo Cruz</publisher-name></publisher></journal-meta><article-meta><unique-article-id pub-id-type="publisher-id">S0102-311X1992000100003</unique-article-id><article-id pub-id-type="publisher-id">S0102-311X1992000100003</article-id><article-id pub-id-type="doi">10.1590/S0102-311X1992000100003</article-id><article-categories><subj-group><subject>Health Policy &amp; Services</subject></subj-group></article-categories><title-group><article-title lang_id="pt">Alcoolismo e problemas relacionados: dificuldades na implementação de estudos de prevalência</article-title><trans-title-group lang_id="en"><trans-title>Prevalence of alcoholism and related problems: some difficulties in conducting surveys</trans-title></trans-title-group></title-group><contrib-group><contrib contrib-type="author"><name><surname>Coutinho</surname><given-names>Evandro da S. F.</given-names></name><role>ND</role><xref ref-type="aff" rid="A01"/></contrib></contrib-group><aff id="A01"><institution>Fundação Oswaldo Cruz</institution><country>Brazil</country></aff><pub-date><month>03</month><year>1992</year></pub-date><volume>8</volume><issue>1</issue><fpage>22</fpage><lpage>29</lpage><permissions><license license-type="open-access" href="http://creativecommons.org/licenses/by-nc/4.0/"><license-p>This work is licensed under a Creative Commons Attribution-NonCommercial 4.0 International License.</license-p></license></permissions><self-uri href="http://www.scielo.br/scielo.php?script=sci_arttext&amp;pid=S0102-311X1992000100003&amp;lng=en&amp;tlng=en" content-type="full_text_page"/><self-uri href="http://www.scielo.br/scielo.php?script=sci_issuetoc&amp;pid=0102-311X19920001&amp;lng=en" content-type="issue_page"/><self-uri href="http://www.scielosp.org/scielo.php?script=sci_serial&amp;pid=0102-311X&amp;lng=en" content-type="journal_page"/><abstract lang_id="pt"><p>No artigo, são apresentadas algumas dificuldades metodológicas no estudo da prevalência do alcoolismo e dos problemas relacionados com o consumo abusivo de bebidas alcoólicas. Abordam-se questões como a definição de alcoolista e os obstáculos para a sua identificação através de instrumentos utilizados em estudos populacionais. Discutem-se ainda as vantagens e desvantagens dos diferentes deliamentos de pesquisa para estimar a prevalência do alcoolismo e dos problemas associados ao álcool.</p></abstract><trans-abstract lang_id="en"><p>This paper presents some methodological difficulties in studying the prevalence of alcoholism and alcohol abuse. It discusses the definition of alcoholic and his identification by instruments used in surveys. The advantages and disadvantages of different types of research desings for estimating the prevalence of alcoholism and alcohol-related problems are also discussed.</p></trans-abstract><kwd-group lang_id="pt" kwd-group-type="author-generated"><kwd>Alcoolismo</kwd><kwd>Prevalência</kwd><kwd>Epidemiologia</kwd></kwd-group><kwd-group lang_id="en" kwd-group-type="author-generated"><kwd>Alcoholism</kwd><kwd>Prevalence</kwd><kwd>Surveys</kwd><kwd>Epidemiology</kwd></kwd-group></article-meta></front><back><ref-list><ref id="B1"><element-citation publication-type="book"><source>Epidemiologia Sem Números</source><date><year>1988</year></date><person-group><name><surname>ALMEIDA FILHO</surname><given-names>N.</given-names></name><name><surname>ALMEIDA FILHO</surname><given-names>N.</given-names></name></person-group></element-citation></ref><ref id="B2"><element-citation publication-type="article"><article-title>O Alcoolismo e o Hospital Geral: Estudo de Prevalência junto à Demanda Ambulatorial</article-title><source>Jornal Brasileiro de Psiquiatria</source><date><year>1990</year></date><fpage>27</fpage><lpage>31</lpage><volume>39</volume><person-group><name><surname>ALMEIDA</surname><given-names>L. M.</given-names></name><name><surname>COUTINHO</surname><given-names>E. da S. F.</given-names></name></person-group></element-citation></ref><ref id="B3"><element-citation publication-type="article"><article-title>Comparison of CAGE Questionnaire and Computer-Assisted Laboratory Profiles in Screening for Covert Alcoholism</article-title><source>Lancet</source><date><year>1990</year></date><fpage>482</fpage><lpage>485</lpage><volume>25</volume><person-group><name><surname>BERESFORD</surname><given-names>T.</given-names></name><name><surname>BLOW</surname><given-names>F.</given-names></name><name><surname>HILL</surname><given-names>E.</given-names></name><name><surname>SINGER</surname><given-names>K.</given-names></name><name><surname>LUCEY</surname><given-names>M.</given-names></name></person-group></element-citation></ref><ref id="B4"><element-citation publication-type="article"><article-title>Different Definitions of Alcoholism, I: impact of seven definitions on prevalence rates in a community survey</article-title><source>American Journal of Psychiatry</source><date><year>1983</year></date><fpage>1309</fpage><lpage>1313</lpage><volume>140</volume><person-group><name><surname>BOYD</surname><given-names>J.</given-names></name><name><surname>WEISSMAN</surname><given-names>M.</given-names></name><name><surname>THOMPSON</surname><given-names>W.</given-names></name><name><surname>MYERS</surname><given-names>J.</given-names></name></person-group></element-citation></ref><ref id="B5"><element-citation publication-type="article"><article-title>Manifestations of Alcohol-Related Problems in Latin America: a review</article-title><source>Bulletin of the Pan American Health Organization</source><date><year>1984</year></date><fpage>258</fpage><lpage>280</lpage><volume>8</volume><person-group><name><surname>CAETANO</surname><given-names>R.</given-names></name></person-group></element-citation></ref><ref id="B6"><element-citation publication-type="article"><article-title>Epidemiologia Descritiva do Alcoolismo em Grupos Populacionais do Brasil</article-title><source>Cadernos de Saúde Pública</source><date><year>1986</year></date><fpage>191</fpage><lpage>211</lpage><volume>2</volume><person-group><name><surname>CARDIM</surname><given-names>M.</given-names></name><name><surname>ASSIS</surname><given-names>S.</given-names></name><name><surname>SHERZE</surname><given-names>M.</given-names></name><name><surname>IGUCHI</surname><given-names>T.</given-names></name><name><surname>MORGADO</surname><given-names>A.</given-names></name></person-group></element-citation></ref><ref id="B7"><element-citation publication-type="article"><article-title>Prevalence and Recognition of Alcohol Abuse in a Primary Care Population</article-title><source>American Journal of Medicine</source><date><year>1988</year></date><fpage>466</fpage><lpage>471</lpage><volume>85</volume><person-group><name><surname>CLEARY</surname><given-names>P.</given-names></name><name><surname>MILLER</surname><given-names>M.</given-names></name><name><surname>DELBANCO</surname><given-names>T.</given-names></name><name><surname>BUSH</surname><given-names>B.</given-names></name><name><surname>WARBURG</surname><given-names>M.</given-names></name><name><surname>ARONSON</surname><given-names>M.</given-names></name></person-group></element-citation></ref><ref id="B8"><element-citation publication-type="book"><source>Epidemiological Psychiatry</source><date><year>1973</year></date><person-group><name><surname>COOPER</surname><given-names>B.</given-names></name><name><surname>MORGAN</surname><given-names>H.</given-names></name><name><surname>COOPER</surname><given-names>B.</given-names></name><name><surname>MORGAN</surname><given-names>H.</given-names></name></person-group></element-citation></ref><ref id="B9"><element-citation publication-type="article"><article-title>Alcohol Dependence Among General Medical Inpatients</article-title><source>British Journal on Addiction</source><date><year>1981</year></date><fpage>237</fpage><lpage>246</lpage><volume>81</volume><person-group><name><surname>CORRIGAN</surname></name><name><surname>WEBB</surname></name><name><surname>UNWIN</surname></name></person-group></element-citation></ref><ref id="B10"><element-citation publication-type="article"><article-title>Fontes de Discordância em Diagnósticos Psiquiátricos em Hospitais do Rio de Janeiro, Brasil</article-title><source>Boletin de la Oficina Sanitaria Panamericana</source><fpage>396</fpage><lpage>406</lpage><volume>106</volume><person-group><name><surname>COUTINHO</surname><given-names>E. da S. F.</given-names></name><name><surname>KLEIN</surname><given-names>C. H.</given-names></name></person-group></element-citation></ref><ref id="B11"><element-citation publication-type="book"><source>Estudo de Prevalência de Alcoolismo em uma Região Administrativa do Rio de Janeiro, Brasil</source><date><year>1989</year></date><person-group><name><surname>COUTINHO</surname><given-names>E. da S. F.</given-names></name><name><surname>ALMEIDA</surname><given-names>L. M.</given-names></name><name><surname>COUTINHO</surname><given-names>E. da S. F.</given-names></name><name><surname>ALMEIDA</surname><given-names>L. M.</given-names></name></person-group></element-citation></ref><ref id="B12"><element-citation publication-type="article"><article-title>Perspectives on the Past and Future of Psychiatric Epidemiology: The 1981 Rema Lapouse Lecture</article-title><source>American Journal of Public Health</source><date><year>1982</year></date><fpage>1271</fpage><lpage>1279</lpage><volume>72</volume><person-group><name><surname>DOHORENWEND</surname><given-names>B.</given-names></name><name><surname>DOHORENWEND</surname><given-names>P.</given-names></name></person-group></element-citation></ref><ref id="B13"><element-citation publication-type="book"><source>Sociology of Mental Disorders</source><date><year>1986</year></date><person-group><name><surname>EATON</surname><given-names>W.</given-names></name><name><surname>EATON</surname><given-names>W.</given-names></name></person-group></element-citation></ref><ref id="B14"><element-citation publication-type="book"><source>Alcohol y Salud</source><date><year>1987</year></date><person-group><name><surname>EVANS</surname><given-names>R.</given-names></name><name><surname>EVANS</surname><given-names>R.</given-names></name></person-group></element-citation></ref><ref id="B15"><element-citation publication-type="article"><article-title>The Disease Concept of Alcoholism: a review</article-title><source>Drug and Alcohol Dependence</source><date><year>1985</year></date><fpage>193</fpage><lpage>214</lpage><volume>16</volume><person-group><name><surname>HILL</surname><given-names>S.</given-names></name></person-group></element-citation></ref><ref id="B16"><element-citation publication-type="book"><source>Programa Nacional de Controle dos Problemas Relacionados com o Consumo de Álcool-PRONAL</source><date><year>1988</year></date></element-citation></ref><ref id="B17"><element-citation publication-type="book"><source>Psychiatric Epidemiology</source><date><year>1987</year></date><fpage>407</fpage><person-group><name><surname>POIKOLAINEN</surname><given-names>K.</given-names></name><name><surname>Cooper</surname><given-names>B.</given-names></name><name><surname>Cooper</surname><given-names>B.</given-names></name></person-group></element-citation></ref><ref id="B18"><element-citation publication-type="article"><article-title>Alcoholism: methodological considerations in the study of family illness</article-title><source>American Journal of Orthopsychiatry</source><date><year>1969</year></date><fpage>760</fpage><lpage>768</lpage><volume>39</volume><person-group><name><surname>RIMMER</surname><given-names>J.</given-names></name><name><surname>CHAMBERS</surname><given-names>D.</given-names></name></person-group></element-citation></ref><ref id="B19"><element-citation publication-type="book"><source>Modern Epidemiology</source><date><year>1986</year></date><person-group><name><surname>ROTHMAN</surname><given-names>K.</given-names></name><name><surname>ROTHMAN</surname><given-names>K.</given-names></name></person-group></element-citation></ref><ref id="B20"><element-citation publication-type="article"><article-title>Alcohol and Related Problems in a General Hospital and a General Practice: screening and the preventive paradox</article-title><source>Medical Journal of Australia</source><date><year>1988</year></date><fpage>355</fpage><lpage>360</lpage><volume>149</volume><person-group><name><surname>RYDER</surname><given-names>D.</given-names></name><name><surname>LENTON</surname><given-names>S.</given-names></name><name><surname>HARRISON</surname><given-names>S.</given-names></name><name><surname>DORRICOT</surname><given-names>J.</given-names></name></person-group></element-citation></ref><ref id="B21"><element-citation publication-type="book"><source>Alcoolismo Hoje</source><date><year>1987</year></date><fpage>163</fpage><person-group><name><surname>SANTANA</surname><given-names>V.</given-names></name><name><surname>ALMEIDA FILHO</surname><given-names>N.</given-names></name><name><surname>Ramos</surname><given-names>S. P.</given-names></name><name><surname>Ramos</surname><given-names>S. P.</given-names></name></person-group></element-citation></ref><ref id="B22"><element-citation publication-type="book"><source>Alcohol Patterns &amp; Problems</source><date><year>1985</year></date><fpage>274</fpage><person-group><name><surname>SCHUCKIT</surname><given-names>M.</given-names></name><name><surname>Schuckit</surname><given-names>M.</given-names></name><name><surname>Schuckit</surname><given-names>M.</given-names></name></person-group></element-citation></ref><ref id="B23"><element-citation publication-type="article"><article-title>Diagnosis of Alcoholism</article-title><source>Medical Clinics of North America</source><date><year>1971</year></date><fpage>1133</fpage><lpage>1153</lpage><volume>72</volume><person-group><name><surname>SCHUCKIT</surname><given-names>M.</given-names></name><name><surname>IRWIN</surname><given-names>M.</given-names></name></person-group></element-citation></ref><ref id="B24"><element-citation publication-type="article"><article-title>The Michigan Alcoholism Screening Test: the quest for a new instrument</article-title><source>American Journal of Psychiatry</source><date><year>1971</year></date><fpage>89</fpage><lpage>94</lpage><volume>127</volume><person-group><name><surname>SELZER</surname><given-names>M.</given-names></name></person-group></element-citation></ref><ref id="B25"><element-citation publication-type="article"><article-title>Óbitos Devidos a Drogas Ilícitas: Estudo de 12 Anos na População do Rio de Janeiro</article-title><source>Jornal Brasileiro de Psiquiatria</source><date><year>1986</year></date><fpage>357</fpage><lpage>364</lpage><volume>35</volume><person-group><name><surname>SOUZA</surname><given-names>E.</given-names></name><name><surname>IGUCHI</surname><given-names>T.</given-names></name><name><surname>SOCHATCHEVSKI</surname><given-names>F.</given-names></name><name><surname>MORGADO</surname><given-names>A.</given-names></name></person-group></element-citation></ref><ref id="B26"><element-citation publication-type="article"><article-title>A Re-Analysis of Reliability of Psychiatric Diagnosis</article-title><source>British Journal of Psychiatry</source><date><year>1974</year></date><fpage>341</fpage><lpage>347</lpage><volume>125</volume><person-group><name><surname>SPITZER</surname><given-names>R.</given-names></name><name><surname>FLEISS</surname><given-names>J</given-names></name></person-group></element-citation></ref><ref id="B27"><element-citation publication-type="article"><article-title>Epidemiology in the United States After the World War II: the evolution of technic</article-title><source>Epidemiologic Reviews</source><date><year>1985</year></date><fpage>147</fpage><lpage>177</lpage><volume>7</volume><person-group><name><surname>SUSSER</surname><given-names>M.</given-names></name></person-group></element-citation></ref><ref id="B28"><element-citation publication-type="article"><article-title>Use of Hospital Admissions in Epidemiologic Studies of Mental Disease</article-title><source>Archives of General Psychiatry</source><date><year>1965</year></date><fpage>420</fpage><lpage>426</lpage><volume>12</volume><person-group><name><surname>TERRIS</surname><given-names>M.</given-names></name></person-group></element-citation></ref><ref id="B29"><element-citation publication-type="article"><article-title>Case Definition and Case Identification in Psychiatric Epidemiology</article-title><source>Psychological Medicine</source><date><year>1980</year></date><fpage>101</fpage><lpage>114</lpage><volume>10</volume><person-group><name><surname>WILLIAMS</surname><given-names>P.</given-names></name><name><surname>TARNOPOLSKI</surname><given-names>A.</given-names></name><name><surname>HAND</surname><given-names>D.</given-names></name></person-group></element-citation></ref></ref-list></back></article></articles>