<articles xmlns:xsi="http://www.w3.org/2001/XMLSchema-instance" xsi:schemaLocation="https://raw.githubusercontent.com/scieloorg/articles_meta/master/tests/xsd/scielo_sci/ThomsonReuters_publishing.xsd" dtd-version="1.10"><article lang_id="pt" article-type="research-article"><front><journal-meta><journal-id journal-id-type="publisher">csp</journal-id><journal-title-group><journal-title>Cadernos de Saúde Pública</journal-title><abbrev-journal-title>Cad. Saúde Pública</abbrev-journal-title></journal-title-group><issn>1678-4464</issn><collection>SciELO Brazil</collection><publisher><publisher-name>Escola Nacional de Saúde Pública Sergio Arouca, Fundação Oswaldo Cruz</publisher-name></publisher></journal-meta><article-meta><unique-article-id pub-id-type="publisher-id">S0102-311X1985000100007</unique-article-id><article-id pub-id-type="publisher-id">S0102-311X1985000100007</article-id><article-id pub-id-type="doi">10.1590/S0102-311X1985000100007</article-id><article-categories><subj-group><subject>Health Policy &amp; Services</subject></subj-group></article-categories><title-group><article-title lang_id="pt">Distribuição etária do sarampo e vacinação: considerações sobre alguns dados do município do Rio de Janeiro</article-title></title-group><contrib-group><contrib contrib-type="author"><name><surname>Barata</surname><given-names>Paulo C.R.</given-names></name><role>ND</role><xref ref-type="aff" rid="A01"/></contrib><contrib contrib-type="author"><name><surname>Leal</surname><given-names>Maria do Carmo</given-names></name><role>ND</role><xref ref-type="aff" rid="A01"/></contrib></contrib-group><aff id="A01"><institution>Fundação Oswaldo Cruz</institution><country>Brazil</country></aff><pub-date><month>03</month><year>1985</year></pub-date><volume>1</volume><issue>1</issue><fpage>50</fpage><lpage>57</lpage><permissions><license license-type="open-access" href="http://creativecommons.org/licenses/by-nc/4.0/"><license-p>This work is licensed under a Creative Commons Attribution-NonCommercial 4.0 International License.</license-p></license></permissions><self-uri href="http://www.scielo.br/scielo.php?script=sci_arttext&amp;pid=S0102-311X1985000100007&amp;lng=en&amp;tlng=en" content-type="full_text_page"/><self-uri href="http://www.scielosp.org/scielo.php?script=sci_issuetoc&amp;pid=0102-311X19850001&amp;lng=en" content-type="issue_page"/><self-uri href="http://www.scielosp.org/scielo.php?script=sci_serial&amp;pid=0102-311X&amp;lng=en" content-type="journal_page"/><abstract lang_id="pt"><p>São apresentados alguns dados sobre a distribuição etária dos casos notificados de sarampo no Município do Rio de Janeiro entre 1964 e 1982, observando-se a modificação ocorrida nesta distribuição entre o período pré-vacinação e o período pós-vacinação. Estes dados são comparados com dados de alguns outros países e é feita uma breve discussão sobre a influência da vacinação na epidemiologia do sarampo.</p></abstract><trans-abstract lang_id="en"><p>Some data are presented on the age distribution of the reported cases of measles in the Município do Rio de Janeiro, Brazil, between 1964 and 1982, focusing on changes in this distribution between the prevaccination and postvaccination years. These data are compared with those of some other countries and a short discussion is made about the influence of vaccination on the epidemiology of measles.</p></trans-abstract></article-meta></front><back><ref-list><ref id="B1"><element-citation publication-type="article"><article-title>The role of herd immunity in control of measles</article-title><source>Yale J. Biol. Med.</source><date><year>1982</year></date><fpage>351</fpage><lpage>60</lpage><volume>55</volume><person-group><name><surname>BLACK</surname><given-names>F.L.</given-names></name></person-group></element-citation></ref><ref id="B2"><element-citation publication-type="article"><article-title>Measles in England and Wales: II. The impact of the measles vaccination programme on the distribution of immunity in the population</article-title><source>Int. J. Epidemiol.</source><date><year>1982</year></date><fpage>15</fpage><lpage>25</lpage><volume>11</volume><person-group><name><surname>FINE</surname><given-names>P.E.M.</given-names></name><name><surname>CLARKSON</surname><given-names>J.A.</given-names></name></person-group></element-citation></ref><ref id="B3"><element-citation publication-type="article"><article-title>Measles in England and Wales: III. Assessing published predictions of the impact of vaccination on incidence</article-title><source>Int. J. Epidemiol</source><date><year>1983</year></date><fpage>332</fpage><lpage>9</lpage><volume>12</volume><person-group><name><surname>FINE</surname><given-names>P.E.M.</given-names></name><name><surname>CLARKSON</surname><given-names>J.A.</given-names></name></person-group></element-citation></ref><ref id="B4"><element-citation publication-type="book"><source>Censo demográfico; Guanabara: 8º recenseamento geral do Brasil - 1970</source><date><year>1973</year></date><volume>1</volume></element-citation></ref><ref id="B5"><element-citation publication-type="book"><source>Censo demográfico; Rio de Janeiro: dados gerais; migração - instrução, fecundidade, mortalidade: 9º recenseamento geral do Brasil - 1980</source><date><year>1983</year></date><volume>1</volume></element-citation></ref><ref id="B6"><element-citation publication-type="article"><article-title>Current features of measles in the United States: feasibility of measles elimination</article-title><source>Epidemiol Rev.</source><date><year>1980</year></date><fpage>153</fpage><lpage>70</lpage><volume>2</volume><person-group><name><surname>HINMAN</surname><given-names>A.R.</given-names></name></person-group></element-citation></ref><ref id="B7"><element-citation publication-type="article"><article-title>Elimination of indigenous measles from the United States</article-title><source>Rev. infect. Dis.</source><date><year>1983</year></date><fpage>538</fpage><lpage>45</lpage><volume>5</volume><person-group><name><surname>HINMAN</surname><given-names>A.R.</given-names></name></person-group></element-citation></ref><ref id="B8"><element-citation publication-type="article"><article-title>Impact of measles in the United States</article-title><source>Rev. Infect. Dis.</source><date><year>1983</year></date><fpage>439</fpage><lpage>44</lpage><volume>5</volume><person-group><name><surname>HINMAN</surname><given-names>A.R.</given-names></name></person-group></element-citation></ref><ref id="B9"><element-citation publication-type="article"><article-title>Epidemic measles in young adults</article-title><source>Ann. Intern. Med.</source><date><year>1979</year></date><fpage>873</fpage><lpage>6</lpage><volume>90</volume><person-group><name><surname>KRAUSE</surname><given-names>P.G.</given-names></name></person-group></element-citation></ref><ref id="B10"><element-citation publication-type="article"><article-title>Present status of measles and rubella immunization in the United States: A medical progress report</article-title><source>J. Pediatr.</source><date><year>1977</year></date><fpage>1</fpage><lpage>12</lpage><volume>90</volume><person-group><name><surname>KRUGMAN</surname><given-names>S.</given-names></name></person-group></element-citation></ref><ref id="B11"><element-citation publication-type="article"><article-title>A seroepidemiologic study of a measles epidemic in a highly immunized population</article-title><source>Am. J. Epidemiol.</source><date><year>1972</year></date><fpage>238</fpage><lpage>46</lpage><volume>95</volume><person-group><name><surname>LINNEMAN</surname><given-names>C.C.Jr.</given-names></name></person-group></element-citation></ref><ref id="B12"><element-citation publication-type="article"><article-title>Vaccination programmes and herd immunity</article-title><source>Nature</source><date><year>1982</year></date><fpage>481</fpage><lpage>3</lpage><volume>300</volume><person-group><name><surname>MAY</surname><given-names>R.M.</given-names></name></person-group></element-citation></ref><ref id="B13"><element-citation publication-type="article"><article-title>Frequency of complications of measles, 1963</article-title><source>Br. Med. J.</source><date><year>1964</year></date><fpage>75</fpage><lpage>8</lpage><volume>2</volume><person-group><name><surname>MILLER</surname><given-names>D.L.</given-names></name></person-group></element-citation></ref><ref id="B14"><element-citation publication-type="article"><article-title>Current status of measles in the United States, 1973-1977</article-title><source>J. Infect. Dis.</source><date><year>1978</year></date><fpage>847</fpage><lpage>53</lpage><volume>137</volume><person-group><name><surname>ORENSTEIN</surname><given-names>W.A.</given-names></name></person-group></element-citation></ref><ref id="B15"><element-citation publication-type="book"><source>Conceitos básicos de estatística, demografia e mortalidade</source><date><year>1976</year></date><person-group><name><surname>RUIZ</surname><given-names>F.</given-names></name><name><surname>RUIZ</surname><given-names>F.</given-names></name></person-group></element-citation></ref><ref id="B16"><element-citation publication-type="article"><article-title>Measles as a cause of fetal defects: A retrospective study of ten measles epidemics in Greenland</article-title><source>Acta Paediatr., Scand.</source><date><year>1977</year></date><fpage>367</fpage><lpage>72</lpage><volume>66</volume><person-group><name><surname>SAND JESPERSEN</surname><given-names>C.</given-names></name></person-group></element-citation></ref><ref id="B17"><element-citation publication-type="article"><article-title>Control of measles in Czechoslovakia (CSSR)</article-title><source>Rev. Infect. Dis.</source><date><year>1983</year></date><fpage>564</fpage><lpage>7</lpage><volume>5</volume><person-group><name><surname>SEJDA</surname><given-names>J.</given-names></name></person-group></element-citation></ref><ref id="B18"><element-citation publication-type="article"><article-title>Low birth weight and maternal virus diseases, a prospective study of rubella, measles, mumps, chickenpox and hepatitis</article-title><source>JAMA</source><date><year>1966</year></date><fpage>88</fpage><lpage>92</lpage><volume>797</volume><person-group><name><surname>SIEGEL</surname><given-names>M.</given-names></name><name><surname>FUERST</surname><given-names>H.T.</given-names></name></person-group></element-citation></ref><ref id="B19"><element-citation publication-type="article"><article-title>Follow-up surveillance for anti-body in human subjects following live attenuated measles, mumps and rubella virus vaccines</article-title><source>Proc. Soc. Exp. Biol. Med.</source><date><year>1979</year></date><fpage>328</fpage><lpage>32</lpage><volume>162</volume><person-group><name><surname>WEIBEL</surname><given-names>R.E.</given-names></name></person-group></element-citation></ref><ref id="B20"><element-citation publication-type="article"><article-title>A measles outbreak among adolescents</article-title><source>J. Pediatr.</source><date><year>1977</year></date><fpage>17</fpage><lpage>20</lpage><volume>90</volume><person-group><name><surname>WEINER</surname><given-names>L.B.</given-names></name></person-group></element-citation></ref></ref-list></back></article></articles>