<articles xmlns:xsi="http://www.w3.org/2001/XMLSchema-instance" xsi:schemaLocation="https://raw.githubusercontent.com/scieloorg/articles_meta/master/tests/xsd/scielo_sci/ThomsonReuters_publishing.xsd" dtd-version="1.10"><article lang_id="pt" article-type="research-article"><front><journal-meta><journal-id journal-id-type="publisher">csp</journal-id><journal-title-group><journal-title>Cadernos de Saúde Pública</journal-title><abbrev-journal-title>Cad. Saúde Pública</abbrev-journal-title></journal-title-group><issn>1678-4464</issn><collection>SciELO Brazil</collection><publisher><publisher-name>Escola Nacional de Saúde Pública Sergio Arouca, Fundação Oswaldo Cruz</publisher-name></publisher></journal-meta><article-meta><unique-article-id pub-id-type="publisher-id">S0102-311X1992000100010</unique-article-id><article-id pub-id-type="publisher-id">S0102-311X1992000100010</article-id><article-id pub-id-type="doi">10.1590/S0102-311X1992000100010</article-id><article-categories><subj-group><subject>Health Policy &amp; Services</subject></subj-group></article-categories><title-group><article-title lang_id="pt">Helmintoses intestinais: o processo de comunicação e informação no Programa de Educação e Saúde em Verminose</article-title><trans-title-group lang_id="en"><trans-title>Intestinal Helminthiasis: the process of communication and information in a Health Education Program on Intestinal Worms</trans-title></trans-title-group></title-group><contrib-group><contrib contrib-type="author"><name><surname>Mello</surname><given-names>Dalva A.</given-names></name><role>ND</role><xref ref-type="aff" rid="A01"/></contrib><contrib contrib-type="author"><name><surname>Pedrazzani</surname><given-names>Elisete S.</given-names></name><role>ND</role><xref ref-type="aff" rid="A02"/></contrib><contrib contrib-type="author"><name><surname>Pizzigatti</surname><given-names>Clemência P.</given-names></name><role>ND</role><xref ref-type="aff" rid="A02"/></contrib></contrib-group><aff id="A02"><institution>Universidade Federal de São Carlos</institution><country>Brazil</country></aff><aff id="A01"><institution>Universidade de Brasília</institution><country>Brasil</country></aff><pub-date><month>03</month><year>1992</year></pub-date><volume>8</volume><issue>1</issue><fpage>77</fpage><lpage>82</lpage><permissions><license license-type="open-access" href="http://creativecommons.org/licenses/by-nc/4.0/"><license-p>This work is licensed under a Creative Commons Attribution-NonCommercial 4.0 International License.</license-p></license></permissions><self-uri href="http://www.scielo.br/scielo.php?script=sci_arttext&amp;pid=S0102-311X1992000100010&amp;lng=en&amp;tlng=en" content-type="full_text_page"/><self-uri href="http://www.scielo.br/scielo.php?script=sci_issuetoc&amp;pid=0102-311X19920001&amp;lng=en" content-type="issue_page"/><self-uri href="http://www.scielosp.org/scielo.php?script=sci_serial&amp;pid=0102-311X&amp;lng=en" content-type="journal_page"/><abstract lang_id="pt"><p>No trabalho sobre intervenção em helmintoses intestinais, no subdistrito de Santa Eudóxia (São Carlos, São Paulo), foi conduzido um processo de comunicação com o objetivo de ilustrar, demonstrar e consolidar a informação sobre o programa junto à comunidade. A comunicação desenvolveu-se ao longo da seqüência de eventos que ocorreram durante o desenvolvimento do trabalho de intervenção, veiculando e disseminando informação associada à participação da comunidade.</p></abstract><trans-abstract lang_id="en"><p>This paper provides a framework for analysis of the effectiveness of the communication process used in the Health Promotion Program implemmented in two schools in the town of Santa Eudóxia (state of São Paulo), as well as in one of the Education and Health workshops. The materials were produced in cooperation with the local community and include folders, manuals, murals, panels and illustrative drawings. One of the most significant aspects of the communication process was the identification of the mother as the principal health promoter in the family. The results showed that the techniques and methods were appropriate to the needs of the people and may be used as a pedagogic instrument in developing health programs.</p></trans-abstract><kwd-group lang_id="en" kwd-group-type="author-generated"><kwd>Helminthiasis</kwd><kwd>Helminthiasis Prevention</kwd><kwd>Health Education</kwd><kwd>Communication in Health</kwd></kwd-group><kwd-group lang_id="pt" kwd-group-type="author-generated"><kwd>Helmintoses</kwd><kwd>Prevenção de Helmintoses</kwd><kwd>Educação em Saúde</kwd><kwd>Comunicação em Saúde</kwd></kwd-group></article-meta></front><back><ref-list><ref id="B1"><element-citation publication-type="article"><article-title>Helmintoses Intestinais: I. Conhecimentos, atitudes e percepção da população</article-title><source>Revista de Saúde Pública</source><date><year>1988</year></date><fpage>140</fpage><lpage>149</lpage><volume>22</volume><person-group><name><surname>MELLO</surname><given-names>D. A.</given-names></name><name><surname>PRIPAS</surname><given-names>S.</given-names></name><name><surname>SANTORO</surname><given-names>M. C.</given-names></name><name><surname>FUCCI</surname><given-names>M.</given-names></name><name><surname>PEDRAZZANI</surname><given-names>E. S.</given-names></name></person-group></element-citation></ref><ref id="B2"><element-citation publication-type="article"><article-title>Helmintoses Intestinais: II. Prevalência e correlação com renda, tamanho da família, anemia e estado nutricional</article-title><source>Revista de Saúde Pública</source><date><year>1988</year></date><fpage>384</fpage><volume>22</volume><person-group><name><surname>PEDRAZZANI</surname><given-names>E. S.</given-names></name><name><surname>MELLO</surname><given-names>D. A.</given-names></name><name><surname>SANTORO</surname><given-names>M. C.</given-names></name><name><surname>PRIPAS</surname><given-names>S.</given-names></name><name><surname>FUCCI</surname><given-names>M.</given-names></name><name><surname>BARBOSA</surname><given-names>C. A. de A.</given-names></name></person-group></element-citation></ref><ref id="B3"><element-citation publication-type="article"><article-title>Helmintoses Intestinais: III. Programa de educação e saúde em verminose</article-title><source>Revista de Saúde Pública</source><date><year>1989</year></date><fpage>189</fpage><lpage>195</lpage><volume>23</volume><person-group><name><surname>PEDRAZZANI</surname><given-names>E. S.</given-names></name><name><surname>MELLO</surname><given-names>D. A.</given-names></name><name><surname>PRIPAS</surname><given-names>S.</given-names></name><name><surname>SANTORO</surname><given-names>M. C.</given-names></name><name><surname>PIZZIGGATTI</surname><given-names>C.</given-names></name><name><surname>FUCCI</surname><given-names>M.</given-names></name></person-group></element-citation></ref><ref id="B4"><element-citation publication-type="article"><article-title>Educação em saúde para alunos de primeiro grau: Avaliação de material para ensino e profilaxia da esquistossomose</article-title><source>Revista de Saúde Pública</source><date><year>1987</year></date><fpage>387</fpage><lpage>404</lpage><volume>21</volume><person-group><name><surname>SCHALL</surname><given-names>V. T.</given-names></name><name><surname>JURBERG</surname><given-names>P.</given-names></name><name><surname>ALMEIDA</surname><given-names>E. M.</given-names></name><name><surname>CRAIG</surname><given-names>C.</given-names></name><name><surname>CAVALCANTE</surname><given-names>F.</given-names></name><name><surname>BAGNO</surname><given-names>S.</given-names></name></person-group></element-citation></ref></ref-list></back></article></articles>