<articles xmlns:xsi="http://www.w3.org/2001/XMLSchema-instance" xsi:schemaLocation="https://raw.githubusercontent.com/scieloorg/articles_meta/master/tests/xsd/scielo_sci/ThomsonReuters_publishing.xsd" dtd-version="1.10"><article lang_id="pt" article-type="research-article"><front><journal-meta><journal-id journal-id-type="publisher">csp</journal-id><journal-title-group><journal-title>Cadernos de Saúde Pública</journal-title><abbrev-journal-title>Cad. Saúde Pública</abbrev-journal-title></journal-title-group><issn>1678-4464</issn><collection>SciELO Brazil</collection><publisher><publisher-name>Escola Nacional de Saúde Pública Sergio Arouca, Fundação Oswaldo Cruz</publisher-name></publisher></journal-meta><article-meta><unique-article-id pub-id-type="publisher-id">S0102-311X1988000400005</unique-article-id><article-id pub-id-type="publisher-id">S0102-311X1988000400005</article-id><article-id pub-id-type="doi">10.1590/S0102-311X1988000400005</article-id><article-categories><subj-group><subject>Health Policy &amp; Services</subject></subj-group></article-categories><title-group><article-title lang_id="pt">Comentários sobre a tendência secular da tuberculose</article-title></title-group><contrib-group><contrib contrib-type="author"><name><surname>Costa</surname><given-names>Dina Czeresnia</given-names></name><role>ND</role><xref ref-type="aff" rid="A01"/></contrib></contrib-group><aff id="A01"><institution>Fundação Oswaldo Cruz</institution><country>Brazil</country></aff><pub-date><month>12</month><year>1988</year></pub-date><volume>4</volume><issue>4</issue><fpage>398</fpage><lpage>406</lpage><permissions><license license-type="open-access" href="http://creativecommons.org/licenses/by-nc/4.0/"><license-p>This work is licensed under a Creative Commons Attribution-NonCommercial 4.0 International License.</license-p></license></permissions><self-uri href="http://www.scielo.br/scielo.php?script=sci_arttext&amp;pid=S0102-311X1988000400005&amp;lng=en&amp;tlng=en" content-type="full_text_page"/><self-uri href="http://www.scielo.br/scielo.php?script=sci_issuetoc&amp;pid=0102-311X19880004&amp;lng=en" content-type="issue_page"/><self-uri href="http://www.scielosp.org/scielo.php?script=sci_serial&amp;pid=0102-311X&amp;lng=en" content-type="journal_page"/><trans-abstract lang_id="en"><p>Este trabalho busca revisar uma discussão realizada por vários autores sobre a tendência secular da mortalidade por tuberculose em diferentes formações sociais. Observamos entre os autores uma concordância: 1º) em relação à influência da melhoria do padrão de vida das populações na queda da mortalidade pela doença; 2º) a respeito da aceleração desta queda, a partir da introdução de quimioterapia eficaz. Vários autores consideram também a hipótese de ter ocorrido uma epidemia da doença no início do século XIX em espaços como a Inglaterra e a cidade do Rio de Janeiro via condicionantes sociais obviamente distintos e outros que não trabalham com esta hipótese na tentativa de explicar as flutuações na "tendência secular" da enfermidade.</p></trans-abstract></article-meta></front><back><ref-list><ref id="B1"><element-citation publication-type="book"><source>Medicina e Política</source><date><year>1978</year></date><fpage>52</fpage><person-group><name><surname>BERLINGUER</surname><given-names>G.</given-names></name><name><surname>BERLINGUER</surname><given-names>G.</given-names></name></person-group></element-citation></ref><ref id="B2"><element-citation publication-type="book"><source>The Evolution and Eradication of Infections Diseases</source><date><year>1963</year></date><person-group><name><surname>COCKBURN</surname><given-names>A. M. D.</given-names></name><name><surname>COCKBURN</surname><given-names>A. M. D.</given-names></name></person-group></element-citation></ref><ref id="B3"><element-citation publication-type="book"><source>The White Plague: Tuberculosis Man and Society</source><date><year>1952</year></date><person-group><name><surname>DUBOS</surname><given-names>R. &amp; J.</given-names></name><name><surname>DUBOS</surname><given-names>R. &amp; J.</given-names></name></person-group></element-citation></ref><ref id="B4"><element-citation publication-type="article"><article-title>The Areana of Tuberculosis III: Epidemiologic History of Tuberculosis in the United States</article-title><source>Am. Rev. Tuber. Pulm. Dis.</source><date><month>09</month><year>1958</year></date><fpage>426</fpage><lpage>453</lpage><issue>3</issue><volume>78</volume><person-group><name><surname>GRIGG</surname><given-names>E. R. N.</given-names></name></person-group></element-citation></ref><ref id="B5"><element-citation publication-type="book"><source>Textos de Apoio: Epidemiologia 1</source><date><year>1985</year></date><fpage>211</fpage><lpage>33</lpage><person-group><name><surname>GUIMARÃES</surname><given-names>R.</given-names></name></person-group></element-citation></ref><ref id="B6"><element-citation publication-type="book"><source>Os Trabalhadores</source><date><year>1981</year></date><person-group><name><surname>HOBSBAWN</surname><given-names>J. E.</given-names></name><name><surname>HOBSBAWN</surname><given-names>J. E.</given-names></name></person-group></element-citation></ref><ref id="B7"><element-citation publication-type="book"><source>Medicina Social Aspectos Históricos e Teóricos</source><date><year>1983</year></date><person-group><name><surname>LAURELL</surname><given-names>A. C.</given-names></name><name><surname>NUNES</surname><given-names>E. D.</given-names></name><name><surname>NUNES</surname><given-names>E. D.</given-names></name></person-group></element-citation></ref><ref id="B8"><element-citation publication-type="book"><source>Introducción a la Medicina Social</source><date><year>1981</year></date><fpage>2224</fpage><person-group><name><surname>MCKEOWN</surname><given-names>T.</given-names></name><name><surname>LOWE</surname><given-names>C. R.</given-names></name><name><surname>MCKEOWN</surname><given-names>T.</given-names></name><name><surname>LOWE</surname><given-names>C. R.</given-names></name></person-group></element-citation></ref><ref id="B9"><element-citation publication-type="book"><source>The Role of Medicine: Dream, Mirage or Nemesis?</source><date><year>1979</year></date><fpage>48</fpage><person-group><name><surname>MCKEOWN</surname><given-names>T.</given-names></name><name><surname>MCKEOWN</surname><given-names>T.</given-names></name></person-group></element-citation></ref><ref id="B10"><element-citation publication-type="article"><article-title>Mortalidade por Tuberculose e Condições de Vida: O Caso do Rio de Janeiro</article-title><source>Saúde em Debate</source><date><year>1981</year></date><fpage>27</fpage><lpage>34</lpage><volume>12</volume><person-group><name><surname>RUFFINO</surname><given-names>A. N.</given-names></name><name><surname>PEREIRA</surname><given-names>J. C.</given-names></name></person-group></element-citation></ref></ref-list></back></article></articles>