<articles xmlns:xsi="http://www.w3.org/2001/XMLSchema-instance" xsi:schemaLocation="https://raw.githubusercontent.com/scieloorg/articles_meta/master/tests/xsd/scielo_sci/ThomsonReuters_publishing.xsd" dtd-version="1.10"><article lang_id="pt" article-type="research-article"><front><journal-meta><journal-id journal-id-type="publisher">csp</journal-id><journal-title-group><journal-title>Cadernos de Saúde Pública</journal-title><abbrev-journal-title>Cad. Saúde Pública</abbrev-journal-title></journal-title-group><issn>1678-4464</issn><collection>SciELO Public Health</collection><publisher><publisher-name>Escola Nacional de Saúde Pública Sergio Arouca, Fundação Oswaldo Cruz</publisher-name></publisher></journal-meta><article-meta><unique-article-id pub-id-type="publisher-id">S0102-311X1992000400009</unique-article-id><article-id pub-id-type="publisher-id">S0102-311X1992000400009</article-id><article-id pub-id-type="doi">10.1590/S0102-311X1992000400009</article-id><article-categories><subj-group><subject>Health Policy &amp; Services</subject></subj-group></article-categories><title-group><article-title lang_id="pt">Mortalidade materna: avaliação da situação no Rio de Janeiro, no período de 1977 a 1987</article-title><trans-title-group lang_id="en"><trans-title>Maternal mortality: evaluation of the situation in Rio de Janeiro from 1977 to 1987</trans-title></trans-title-group></title-group><contrib-group><contrib contrib-type="author"><name><surname>Silva</surname><given-names>Kátia S. da</given-names></name><role>ND</role><xref ref-type="aff" rid="A01"/></contrib></contrib-group><aff id="A01"><institution>Secretaria de Saúde do Estado do Rio de Janeiro</institution><country>Brazil</country></aff><pub-date><month>12</month><year>1992</year></pub-date><volume>8</volume><issue>4</issue><fpage>442</fpage><lpage>453</lpage><permissions><license license-type="open-access" href="http://creativecommons.org/licenses/by/4.0/"><license-p>This work is licensed under a Creative Commons Attribution 4.0 International License.</license-p></license></permissions><self-uri href="http://www.scielosp.org/scielo.php?script=sci_arttext&amp;pid=S0102-311X1992000400009&amp;lng=en&amp;tlng=en" content-type="full_text_page"/><self-uri href="http://www.scielosp.org/scielo.php?script=sci_issuetoc&amp;pid=0102-311X19920004&amp;lng=en" content-type="issue_page"/><self-uri href="http://www.scielosp.org/scielo.php?script=sci_serial&amp;pid=0102-311X&amp;lng=en" content-type="journal_page"/><abstract lang_id="pt"><p>O objetivo deste estudo é identificar o perfil epidemiológico da mortalidade materna no estado do Rio de Janeiro, no período de 1977 a 1988, contribuindo, assim, para o planejamento de ações que tenham repercussão na redução da morbi-mortalidade materna. A taxa de mortalidade materna e a sua tendência temporal, sua distribuição por idade, por grupo de causas e por local de ocorrência (estado, capital e demais municípios) foram comparadas com as de outros estados e países, buscando-se identificar fatores de risco. Apesar do sub-registro existente, a taxa de mortalidade materna no estado apresentou-se entre 5 e 11,1 por 10.000 nascidos vivos, com uma tendência decrescente, embora tenha se estabilizado nos últimos anos. A capital apresentou melhores resultados que os demais municípios em praticamente todos os indicadores trabalhados. As principais causas de óbito foram a hipertensão arterial (36,5%), as hemorragias (21,5%) e o aborto (11,6%). As faixas etárias de 10 a 14 anos e 40 a 49 anos foram as de maior risco, com taxas de mortalidade materna de 54,8 e 32,0 por 10.000 nascidos vivos, respectivamente. O investimento na melhoria da qualidade de assistência à saúde da mulher no pré-natal, no parto e no puerpério é uma ação viável e de grande impacto neste quadro, dependendo apenas da vontade política das autoridades.</p></abstract><trans-abstract lang_id="en"><p>The aim of this study is, first, to trace the epidemiological profile of maternal mortality in the State of Rio de Janeiro (Brazil) during the period from 1977 to 1987 and, second, to contribute to the planning of strategies for reducing maternal morbi-mortality in that context. With the purpose of identifying risk factors, the maternal mortality rate, its prospective trends, and its distribution according to age group, causes and location are compared to the same factors in other States of Brazil and other countries. In the State of Rio de Janeiro, the maternal mortality rate is 5.0 to 11.1 per 10,000 live births with a decreasing trend at present, despite having stabilized in the last few years. The main causes of death - hypertensive disease in pregnancy, haemorrhage and abortion - and the risk groups involved are identified and analysed. Within this framework, it is suggested that investments in the improvement of women's health services in general, health care during pregnancy and childbirth and puerperal care would represent not only a feasible but also a highly effective focus of action, depending solely on political decision by policy-makers.</p></trans-abstract><kwd-group lang_id="en" kwd-group-type="author-generated"><kwd>Mortality</kwd><kwd>Maternal Mortality</kwd><kwd>Women's Health</kwd></kwd-group><kwd-group lang_id="pt" kwd-group-type="author-generated"><kwd>Mortalidade</kwd><kwd>Mortalidade Materna</kwd><kwd>Saúde da Mulher</kwd></kwd-group></article-meta></front><back><ref-list><ref id="B1"><element-citation publication-type="book"><source>Preventing Maternal Deaths</source><date><year>1989</year></date><person-group><name><surname>ARMSTRONG</surname><given-names>S.</given-names></name><name><surname>ROYSTON</surname><given-names>E.</given-names></name><name><surname>ARMSTRONG</surname><given-names>S.</given-names></name><name><surname>ROYSTON</surname><given-names>E.</given-names></name></person-group></element-citation></ref></ref-list></back></article></articles>