<articles xmlns:xsi="http://www.w3.org/2001/XMLSchema-instance" xsi:schemaLocation="https://raw.githubusercontent.com/scieloorg/articles_meta/master/tests/xsd/scielo_sci/ThomsonReuters_publishing.xsd" dtd-version="1.10"><article lang_id="en" article-type="research-article"><front><journal-meta><journal-id journal-id-type="publisher">csp</journal-id><journal-title-group><journal-title>Cadernos de Saúde Pública</journal-title><abbrev-journal-title>Cad. Saúde Pública</abbrev-journal-title></journal-title-group><issn>1678-4464</issn><collection>SciELO Brazil</collection><publisher><publisher-name>Escola Nacional de Saúde Pública Sergio Arouca, Fundação Oswaldo Cruz</publisher-name></publisher></journal-meta><article-meta><unique-article-id pub-id-type="publisher-id">S0102-311X1992000200007</unique-article-id><article-id pub-id-type="publisher-id">S0102-311X1992000200007</article-id><article-id pub-id-type="doi">10.1590/S0102-311X1992000200007</article-id><article-categories><subj-group><subject>Health Policy &amp; Services</subject></subj-group></article-categories><title-group><article-title lang_id="en">Dynamics of snail populations of Biomphalaria glabrata and B. straminea under semi-natural conditions</article-title><trans-title-group lang_id="pt"><trans-title>Dinâmica das populações dos caramujos Biomphalaria glabrata e B. straminea em condições semi-naturais</trans-title></trans-title-group></title-group><contrib-group><contrib contrib-type="author"><name><surname>Barbosa</surname><given-names>Frederico S.</given-names></name><role>ND</role><xref ref-type="aff" rid="A01"/></contrib><contrib contrib-type="author"><name><surname>Sanches</surname><given-names>Odécio</given-names></name><role>ND</role><xref ref-type="aff" rid="A01"/></contrib><contrib contrib-type="author"><name><surname>Barbosa</surname><given-names>Constança S.</given-names></name><role>ND</role><xref ref-type="aff" rid="A02"/></contrib><contrib contrib-type="author"><name><surname>Arruda</surname><given-names>Francisco</given-names></name><role>ND</role><xref ref-type="aff" rid="A02"/></contrib></contrib-group><aff id="A01"><institution>Fundação Oswaldo Cruz</institution><country>Brazil</country></aff><aff id="A02"><institution>Universidade Federal de Pernambuco</institution><country>Brazil</country></aff><pub-date><month>06</month><year>1992</year></pub-date><volume>8</volume><issue>2</issue><fpage>157</fpage><lpage>167</lpage><permissions><license license-type="open-access" href="http://creativecommons.org/licenses/by-nc/4.0/"><license-p>This work is licensed under a Creative Commons Attribution-NonCommercial 4.0 International License.</license-p></license></permissions><self-uri href="http://www.scielo.br/scielo.php?script=sci_arttext&amp;pid=S0102-311X1992000200007&amp;lng=en&amp;tlng=en" content-type="full_text_page"/><self-uri href="http://www.scielosp.org/scielo.php?script=sci_issuetoc&amp;pid=0102-311X19920002&amp;lng=en" content-type="issue_page"/><self-uri href="http://www.scielosp.org/scielo.php?script=sci_serial&amp;pid=0102-311X&amp;lng=en" content-type="journal_page"/><abstract lang_id="en"><p>Growth curves and mortality rates for populations of Biomphalaria glabrata and B. straminea bred under semi-natural conditions are reponed. Snail populations of the above species were maintained for 220 weeks in indoor cement channels. Data were recorded at 20 week intervals. Crude densities are significantly different for each of the studied populations. B. glabrata showed the lower figure while B. straminea R3 strain showed the best performance. The latter is able to live in half the volume of water needed for B. glabrata when both are submitted to population pressure.</p></abstract><trans-abstract lang_id="pt"><p>Curvas de crescimento e taxas de mortalidade para populações de Biomphalaria glabrata e B. straminea, criadas em condições semi-naturais, são descritas no presente trabalho. As populações dos caramujos foram observadas durante 220 semanas em canaletas de cimento montadas no laboratório. Dados foram coletados a cada intervalo de 20 semanas. As densidades brutas de crescimento foram significantemente diferentes para cada população estudada. B. glabrata mostrou crescimento inferior às duas cepas de B. straminea. A cepa R3 desta última espécie mostrou o melhor desempenho, sendo capaz de viver em metade do volume de água necessária a B. glabrata quando ambas estão submetidas a pressão populacional.</p></trans-abstract><kwd-group lang_id="en" kwd-group-type="author-generated"><kwd>Snail Population Dynamics</kwd><kwd>Competitive Displacement</kwd><kwd>Biomphalaria</kwd><kwd>Brazil</kwd></kwd-group><kwd-group lang_id="pt" kwd-group-type="author-generated"><kwd>Dinâmica de Populações de Caramujos</kwd><kwd>Deslocamento Competitivo</kwd><kwd>Biomphalaria</kwd><kwd>Brasil</kwd></kwd-group></article-meta></front><back><ref-list><ref id="B1"><element-citation publication-type="book"><source>Statistical Methods in Medical Research: Blackwell Scientific Publications</source><date><year>1974</year></date><person-group><name><surname>ARMITAGE</surname><given-names>P.</given-names></name><name><surname>ARMITAGE</surname><given-names>P.</given-names></name></person-group></element-citation></ref><ref id="B2"><element-citation publication-type="thesis"><source>Interações entre especies de Biomphalaria, moluscos transmissores da esquistossomose no nordeste do Brasil</source><date><year>1989</year></date><person-group><name><surname>BARBOSA-FIGUEIREDO</surname><given-names>C.</given-names></name><name><surname>BARBOSA-FIGUEIREDO</surname><given-names>C.</given-names></name></person-group></element-citation></ref><ref id="B3"><element-citation publication-type="article"><article-title>Possible competitive displacement and evidence of hybridization, between two Brazilian species of planorbid snails</article-title><source>Malacologia</source><date><year>1973</year></date><fpage>401</fpage><lpage>408</lpage><volume>14</volume><person-group><name><surname>BARBOSA</surname><given-names>F. S.</given-names></name></person-group></element-citation></ref><ref id="B4"><element-citation publication-type="article"><article-title>Competitive displacement of Biomphalaria glabrata by B. straminea</article-title><source>Memórias do Instituto Oswaldo Cruz</source><date><year>1987</year></date><fpage>139</fpage><lpage>141</lpage><volume>82</volume><person-group><name><surname>BARBOSA</surname><given-names>F. S.</given-names></name></person-group></element-citation></ref><ref id="B5"><element-citation publication-type="article"><article-title>New field observations on the competitive displacement between two species of planorbid snail inhabiting north eastern Brazil</article-title><source>Memórias do Instituto Oswaldo Cruz</source><date><year>1981</year></date><fpage>361</fpage><lpage>366</lpage><volume>78</volume><person-group><name><surname>BARBOSA</surname><given-names>F. S.</given-names></name><name><surname>PEREIRA DA COSTA</surname><given-names>D. P.</given-names></name><name><surname>ARRUDA</surname><given-names>F.</given-names></name></person-group></element-citation></ref><ref id="B6"><element-citation publication-type="article"><article-title>Competitive interactions between species of freshwater snails: I. Laboratory, la. General methodology</article-title><source>Memórias do Instituto Osvaldo Cruz</source><date><year>1983</year></date><fpage>335</fpage><lpage>341</lpage><volume>78</volume><person-group><name><surname>BARBOSA</surname><given-names>F. S.</given-names></name></person-group></element-citation></ref><ref id="B7"><element-citation publication-type="article"><article-title>Competitive interactions between species of freshwater snails: I. Laboratory studies, Ib. Comparative studies of the dispersal and the vagility capabilities of Biomphalaria glabrata and B. straminea</article-title><source>Memorias do Instituto Oswaldo Cruz</source><date><year>1984</year></date><fpage>163</fpage><lpage>167</lpage><volume>79</volume><person-group><name><surname>BARBOSA</surname><given-names>F. S.</given-names></name></person-group></element-citation></ref><ref id="B8"><element-citation publication-type="article"><article-title>Competitive interactions bet ween species of freshwater snails: I Laboratory studies. Ic. Comparative survival of Biomphalaria glabrata and B. straminea kept out of water</article-title><source>Memorias do Instituto Oswaldo Cruz</source><date><year>1985</year></date><fpage>155</fpage><lpage>157</lpage><volume>80</volume><person-group><name><surname>BARBOSA</surname><given-names>F. S.</given-names></name></person-group></element-citation></ref><ref id="B9"><element-citation publication-type="article"><article-title>Biological Control for Fresh water snails: Letters to the Editor</article-title><source>Parasitology Today</source><date><year>1991</year></date><fpage>124</fpage><volume>7</volume><person-group><name><surname>COIMBRA Jr.</surname><given-names>C. E. A.</given-names></name></person-group></element-citation></ref><ref id="B10"><element-citation publication-type="article"><article-title>Faune malacologique dulciaquicole et vecteurs de la schistosomose intestinale en Martinique</article-title><source>Annales de Parasitologie</source><date><year>1979</year></date><fpage>193</fpage><lpage>205</lpage><volume>54</volume><person-group><name><surname>GUYARD</surname><given-names>A.</given-names></name><name><surname>POINTIER</surname><given-names>J. P.</given-names></name></person-group></element-citation></ref><ref id="B11"><element-citation publication-type="article"><article-title>Community structure, population control and competition</article-title><source>The American Naturalist</source><date><year>1960</year></date><fpage>421</fpage><lpage>425</lpage><volume>94</volume><person-group><name><surname>HAIRSTON</surname><given-names>N. G.</given-names></name><name><surname>SMITH</surname><given-names>F. E.</given-names></name><name><surname>SLOBODKIN</surname><given-names>L. B.</given-names></name></person-group></element-citation></ref><ref id="B12"><element-citation publication-type="article"><article-title>Biological Methods for the Control of Freshwater Snails</article-title><source>Parasitology Today</source><date><year>1990</year></date><fpage>237</fpage><lpage>241</lpage><volume>6</volume><person-group><name><surname>MADSEN</surname><given-names>H.</given-names></name></person-group></element-citation></ref><ref id="B13"><element-citation publication-type="article"><article-title>Competitive interaction between two snail hosts of Schistosoma mansoni: laboratory studies of Biomphalaria glabrata and B. straminea</article-title><source>Revista do Instituto de Medicina Tropical de São Paulo</source><date><year>1979</year></date><fpage>246</fpage><lpage>253</lpage><volume>21</volume><person-group><name><surname>MICHELSON</surname><given-names>E. H.</given-names></name><name><surname>DUBOIS</surname><given-names>L.</given-names></name></person-group></element-citation></ref><ref id="B14"><element-citation publication-type="book"><source>Report on a informal consultation on the detection, isolation, identification and ecology of biological agents of disease vectors</source><date><year>1987</year></date></element-citation></ref><ref id="B15"><element-citation publication-type="article"><article-title>Distribution of the schistosomose vector snail Biomphalaria straminea (Pulmonata, Planorbidae) in Hong Kong</article-title><source>The Journal of Mollusc an Studies</source><date><year>1990</year></date><fpage>47</fpage><lpage>55</lpage><volume>56</volume><person-group><name><surname>YIPP</surname><given-names>M. W.</given-names></name></person-group></element-citation></ref></ref-list></back></article></articles>