<articles xmlns:xsi="http://www.w3.org/2001/XMLSchema-instance" xsi:schemaLocation="https://raw.githubusercontent.com/scieloorg/articles_meta/master/tests/xsd/scielo_sci/ThomsonReuters_publishing.xsd" dtd-version="1.10"><article lang_id="pt" article-type="research-article"><front><journal-meta><journal-id journal-id-type="publisher">csp</journal-id><journal-title-group><journal-title>Cadernos de Saúde Pública</journal-title><abbrev-journal-title>Cad. Saúde Pública</abbrev-journal-title></journal-title-group><issn>1678-4464</issn><collection>SciELO Brazil</collection><publisher><publisher-name>Escola Nacional de Saúde Pública Sergio Arouca, Fundação Oswaldo Cruz</publisher-name></publisher></journal-meta><article-meta><unique-article-id pub-id-type="publisher-id">S0102-311X1987000300008</unique-article-id><article-id pub-id-type="publisher-id">S0102-311X1987000300008</article-id><article-id pub-id-type="doi">10.1590/S0102-311X1987000300008</article-id><article-categories><subj-group><subject>Health Policy &amp; Services</subject></subj-group></article-categories><title-group><article-title lang_id="pt">Pensando a fotografia como fonte histórica</article-title></title-group><contrib-group><contrib contrib-type="author"><name><surname>Albuquerque</surname><given-names>Marli Brito M.</given-names></name><role>ND</role><xref ref-type="aff" rid="A01"/></contrib><contrib contrib-type="author"><name><surname>Klein</surname><given-names>Lisabel Espellet</given-names></name><role>ND</role><xref ref-type="aff" rid="A01"/></contrib></contrib-group><aff id="A01"><institution>Fundação Oswaldo Cruz</institution><country>Brazil</country></aff><pub-date><month>09</month><year>1987</year></pub-date><volume>3</volume><issue>3</issue><fpage>297</fpage><lpage>305</lpage><permissions><license license-type="open-access" href="http://creativecommons.org/licenses/by-nc/4.0/"><license-p>This work is licensed under a Creative Commons Attribution-NonCommercial 4.0 International License.</license-p></license></permissions><self-uri href="http://www.scielo.br/scielo.php?script=sci_arttext&amp;pid=S0102-311X1987000300008&amp;lng=en&amp;tlng=en" content-type="full_text_page"/><self-uri href="http://www.scielo.br/scielo.php?script=sci_issuetoc&amp;pid=0102-311X19870003&amp;lng=en" content-type="issue_page"/><self-uri href="http://www.scielosp.org/scielo.php?script=sci_serial&amp;pid=0102-311X&amp;lng=en" content-type="journal_page"/><abstract lang_id="pt"><p>O presente artigo procura levantar algumas questões que consideramos pertinentes para quem se propõe a trabalhar com fotografias, como fonte histórica. Para tanto, sugere possíveis "leituras" que uma série fotográfica pode proporcionar ao pesquisador que a ela se dedique. Procuramos encarar a fotografia como um documento, rico em informações e significados, que nos coloca direto com um momento, um personagem e uma época.</p></abstract><trans-abstract lang_id="en"><p>This article intends to instigate some questions that we consider relevant to people who work with photography as a historical source of information. Therefore it suggests various appreciation to searchers as it is usual when someone looks at a series of photos. We try to face photography as a document rich on information and meanings that puts us in direct contact with a moment, a character and epoch.</p></trans-abstract></article-meta></front><back><ref-list><ref id="B1"><element-citation publication-type="book"><source>Fotografia. Ciclo de Palestras sobre fotografia</source><date><year>1983</year></date></element-citation></ref><ref id="B2"><element-citation publication-type="book"><source>A fotografia como fonte histórica: introdução à pesquisa e interpretação das imagens do passado</source><date><year>1980</year></date><person-group><name><surname>KOSSOY</surname><given-names>Boris</given-names></name><name><surname>KOSSOY</surname><given-names>Boris</given-names></name></person-group></element-citation></ref><ref id="B3"><element-citation publication-type="book"><source>Ensaios sobre Fotografia</source><date><year>1983</year></date><person-group><name><surname>SONTAG</surname><given-names>Susan</given-names></name><name><surname>SONTAG</surname><given-names>Susan</given-names></name></person-group></element-citation></ref><ref id="B4"><element-citation publication-type="book"><source>A Escola de Manguinhos: contribuição para o estudo do desenvolvimento da medicina experimental no Brasil</source><volume>MCMLXXIV</volume><person-group><name><surname>FONSECA</surname><given-names>Olympio Filho da</given-names></name><name><surname>FONSECA</surname><given-names>Olympio Filho da</given-names></name></person-group></element-citation></ref></ref-list></back></article></articles>