<articles xmlns:xsi="http://www.w3.org/2001/XMLSchema-instance" xsi:schemaLocation="https://raw.githubusercontent.com/scieloorg/articles_meta/master/tests/xsd/scielo_sci/ThomsonReuters_publishing.xsd" dtd-version="1.10"><article lang_id="pt" article-type="research-article"><front><journal-meta><journal-id journal-id-type="publisher">csp</journal-id><journal-title-group><journal-title>Cadernos de Saúde Pública</journal-title><abbrev-journal-title>Cad. Saúde Pública</abbrev-journal-title></journal-title-group><issn>1678-4464</issn><collection>SciELO Brazil</collection><publisher><publisher-name>Escola Nacional de Saúde Pública Sergio Arouca, Fundação Oswaldo Cruz</publisher-name></publisher></journal-meta><article-meta><unique-article-id pub-id-type="publisher-id">S0102-311X1988000300004</unique-article-id><article-id pub-id-type="publisher-id">S0102-311X1988000300004</article-id><article-id pub-id-type="doi">10.1590/S0102-311X1988000300004</article-id><article-categories><subj-group><subject>Health Policy &amp; Services</subject></subj-group></article-categories><title-group><article-title lang_id="pt">Criadouros de Aedes aegypti encontrados em alguns bairros da cidade do Rio de Janeiro, RJ, Brasil, em 1984-85</article-title></title-group><contrib-group><contrib contrib-type="author"><name><surname>Lima</surname><given-names>Milton Moura</given-names></name><role>ND</role><xref ref-type="aff" rid="A01"/></contrib><contrib contrib-type="author"><name><surname>Aragão</surname><given-names>Mario B.</given-names></name><role>ND</role><xref ref-type="aff" rid="A02"/></contrib><contrib contrib-type="author"><name><surname>Amaral</surname><given-names>Ronaldo dos Santos</given-names></name><role>ND</role><xref ref-type="aff" rid="A03"/></contrib></contrib-group><aff id="A01"><institution>Organização Pan-Americana da Saúde</institution><country>Brazil</country></aff><aff id="A03"><institution>Superintendência de Campanhas de Saúde Pública</institution></aff><aff id="A02"><institution>Fundação Oswaldo Cruz</institution><country>Brazil</country></aff><pub-date><month>09</month><year>1988</year></pub-date><volume>4</volume><issue>3</issue><fpage>293</fpage><lpage>300</lpage><permissions><license license-type="open-access" href="http://creativecommons.org/licenses/by-nc/4.0/"><license-p>This work is licensed under a Creative Commons Attribution-NonCommercial 4.0 International License.</license-p></license></permissions><self-uri href="http://www.scielo.br/scielo.php?script=sci_arttext&amp;pid=S0102-311X1988000300004&amp;lng=en&amp;tlng=en" content-type="full_text_page"/><self-uri href="http://www.scielo.br/scielo.php?script=sci_issuetoc&amp;pid=0102-311X19880003&amp;lng=en" content-type="issue_page"/><self-uri href="http://www.scielosp.org/scielo.php?script=sci_serial&amp;pid=0102-311X&amp;lng=en" content-type="journal_page"/><abstract lang_id="pt"><p>Foi feito um levantamento dos criadouros de Aedes aegypti em parte da cidade do Rio de Janeiro. Na apresentação dos dados, alguns bairros foram divididos em duas áreas, com base na topografia e nas condições econômicas da população, elementos que tem grande influência na distribuição dos tipos de criadouros. Nos bairros de melhor padrão, predominam os focos em jarras, geralmente, com plantas. Nos mais pobres elas cedem lugar aos depósitos grandes, para armazenamento de água. Esses, nas encostas e nos morros constituem a maioria dos focos de A. aegypti. Os materiais descartáveis só têm importância, como criadouro, nas áreas de classe média, onde chegam a atingir 40% dos depósitos positivos. Depois de comentar os achados e apresentar algumas recmendações, os autores mostram-se otimistas e concluem que o controle do A. aegypti, na cidade do Rio de Janeiro, depende apenas de uma decisão política.</p></abstract><trans-abstract lang_id="en"><p>Data on the breeding sites of Aedes aegypti were gathered during a survey of the premise index in some districts of the city of Rio de Janeiro. Some of these districts were divided in two areas, taking into consideration the topography as well as the economic situation of the population. These two factors determined to a great extent the distribution of the containers where the larvae were found. At the residential districts of higher income the breeding-places were mostly jars, usually containing plants. At the lower income districts larvae were found usually in great storage deposits of water, at the slopes and hills. Disposable material is an important breeding site of the midlle class districts, were they constitute 30% of the breeding-places. The authors make comments on the findings and also some recommendations, concluding that the control of A. aegypti in Rio de Janeiro is possible and depends only on a political decision.</p></trans-abstract><kwd-group lang_id="en" kwd-group-type="author-generated"><kwd>Aedes aegypti</kwd><kwd>breeding-places</kwd><kwd>Rio de Janeiro</kwd></kwd-group><kwd-group lang_id="pt" kwd-group-type="author-generated"><kwd>Aedes aegypti</kwd><kwd>criadouros</kwd><kwd>Rio de Janeiro</kwd></kwd-group></article-meta></front><back><ref-list><ref id="B1"><element-citation publication-type="article"><article-title>The distribution of mosquito breeding by type of container in Honolulu, T. H.</article-title><source>Proc. Hawaian Entomol. Soc.</source><date><year>1947</year></date><fpage>43</fpage><lpage>9</lpage><volume>13</volume><person-group><name><surname>BONNET</surname><given-names>D. D.</given-names></name></person-group></element-citation></ref><ref id="B2"><element-citation publication-type="book"><source>Instruções para guardas e guardas chefes: Combate ao " Aedes aegypti"</source><date><year>1983</year></date></element-citation></ref><ref id="B3"><element-citation publication-type="article"><article-title>Coastal survey of Aedes aegypti- breeding in British Guiana</article-title><source>Am. trop. Med. Parasit.</source><date><year>1963</year></date><fpage>446</fpage><lpage>51</lpage><volume>57</volume><person-group><name><surname>BURTON</surname><given-names>G. J.</given-names></name></person-group></element-citation></ref><ref id="B4"><element-citation publication-type="book"><source>Aedes Aegypti (L.) The yellow fever mosquito</source><date><year>1960</year></date><person-group><name><surname>CHRISTOPHERS</surname><given-names>S. C.</given-names></name><name><surname>CHRISTOPHERS</surname><given-names>S. C.</given-names></name></person-group></element-citation></ref><ref id="B5"><element-citation publication-type="book"><source>Oswaldo Cruz Monumenta Historica: (I) Os serviços de saúde pública no Brail (1808 -1907)</source><date><year>1978</year></date><person-group><name><surname>FALCÃO</surname><given-names>E. C.</given-names></name><name><surname>FALCÃO</surname><given-names>E. C.</given-names></name></person-group></element-citation></ref><ref id="B6"><element-citation publication-type="book"><source>A febre amarela no Brasil</source><date><year>1930</year></date><person-group><name><surname>FRAGA</surname><given-names>C.</given-names></name><name><surname>FRAGA</surname><given-names>C.</given-names></name></person-group></element-citation></ref><ref id="B7"><element-citation publication-type="article"><article-title>The mosquitoes of the Kaimosi forest, Kenya Colony, with special reference to yellow fever</article-title><source>Bull. Ent. Res.</source><date><year>1941</year></date><fpage>472</fpage><lpage>94</lpage><volume>36</volume><person-group><name><surname>GARNHAM</surname><given-names>P. C. C.</given-names></name></person-group></element-citation></ref><ref id="B8"><element-citation publication-type="article"><article-title>Genetical aspects of the Aedes aegypti problem: I Taxonomy and bionomics</article-title><source>Ann. trop. Med. Parasit.</source><date><year>1957</year></date><fpage>392</fpage><lpage>408</lpage><volume>51</volume><person-group><name><surname>MATTINGLY</surname><given-names>P. F.</given-names></name></person-group></element-citation></ref><ref id="B9"><element-citation publication-type="book"><source>A polícia de focos de mosquitos na prophylaxia da febre-amarela</source><date><year>1930</year></date><person-group><name><surname>PAOLIELLO</surname><given-names>A.</given-names></name><name><surname>PAOLIELLO</surname><given-names>A.</given-names></name></person-group></element-citation></ref><ref id="B10"><element-citation publication-type="article"><article-title>Bases tecnicas y normas de evaluación de la campana contra el Aedes aegypti</article-title><source>Bol. Ofic. Sanit. Panam.</source><date><year>1954</year></date><fpage>537</fpage><lpage>57</lpage><volume>36</volume><person-group><name><surname>SEVERO</surname><given-names>O. P.</given-names></name><name><surname>GUTIERREZ</surname><given-names>R. I.</given-names></name></person-group></element-citation></ref><ref id="B11"><element-citation publication-type="article"><article-title>The environment and behavior of some brasilian mosquitoes</article-title><source>Proc. Ent. Soc. Wash.</source><date><year>1931</year></date><fpage>127</fpage><volume>33</volume><person-group><name><surname>SHANNON</surname><given-names>R. C.</given-names></name></person-group></element-citation></ref><ref id="B12"><element-citation publication-type="article"><article-title>Larval habitat of Aedes aegypti (L.) in the United States</article-title><source>Mosq. News</source><date><year>1964</year></date><fpage>426</fpage><lpage>32</lpage><volume>24</volume><person-group><name><surname>TINKER</surname><given-names>M. E.</given-names></name></person-group></element-citation></ref></ref-list></back></article></articles>