<articles xmlns:xsi="http://www.w3.org/2001/XMLSchema-instance" xsi:schemaLocation="https://raw.githubusercontent.com/scieloorg/articles_meta/master/tests/xsd/scielo_sci/ThomsonReuters_publishing.xsd" dtd-version="1.10"><article lang_id="pt" article-type="research-article"><front><journal-meta><journal-id journal-id-type="publisher">csp</journal-id><journal-title-group><journal-title>Cadernos de Saúde Pública</journal-title><abbrev-journal-title>Cad. Saúde Pública</abbrev-journal-title></journal-title-group><issn>1678-4464</issn><collection>SciELO Brazil</collection><publisher><publisher-name>Escola Nacional de Saúde Pública Sergio Arouca, Fundação Oswaldo Cruz</publisher-name></publisher></journal-meta><article-meta><unique-article-id pub-id-type="publisher-id">S0102-311X1993000200010</unique-article-id><article-id pub-id-type="publisher-id">S0102-311X1993000200010</article-id><article-id pub-id-type="doi">10.1590/S0102-311X1993000200010</article-id><article-categories><subj-group><subject>Health Policy &amp; Services</subject></subj-group></article-categories><title-group><article-title lang_id="pt">Prevalência de tabagismo entre escolares em município de área metropolitana da região sul, Brasil, 1991</article-title><trans-title-group lang_id="en"><trans-title>Smoking prevalence among students from a metropolitan area in the southern region of Brazil, 1991</trans-title></trans-title-group></title-group><contrib-group><contrib contrib-type="author"><name><surname>Bordin</surname><given-names>Ronaldo</given-names></name><role>ND</role><xref ref-type="aff" rid="A01"/></contrib><contrib contrib-type="author"><name><surname>Nipper</surname><given-names>Vera B.</given-names></name><role>ND</role></contrib><contrib contrib-type="author"><name><surname>Silva</surname><given-names>Jacqueline O.</given-names></name><role>ND</role><xref ref-type="aff" rid="A01"/></contrib><contrib contrib-type="author"><name><surname>Bortolomiol</surname><given-names>Luciana</given-names></name><role>ND</role><xref ref-type="aff" rid="A01"/></contrib></contrib-group><aff id="A01"><institution>Universidade Federal do Rio Grande do Sul</institution><country>Brazil</country></aff><pub-date><month>06</month><year>1993</year></pub-date><volume>9</volume><issue>2</issue><fpage>185</fpage><lpage>189</lpage><permissions><license license-type="open-access" href="http://creativecommons.org/licenses/by-nc/4.0/"><license-p>This work is licensed under a Creative Commons Attribution-NonCommercial 4.0 International License.</license-p></license></permissions><self-uri href="http://www.scielo.br/scielo.php?script=sci_arttext&amp;pid=S0102-311X1993000200010&amp;lng=en&amp;tlng=en" content-type="full_text_page"/><self-uri href="http://www.scielo.br/scielo.php?script=sci_issuetoc&amp;pid=0102-311X19930002&amp;lng=en" content-type="issue_page"/><self-uri href="http://www.scielosp.org/scielo.php?script=sci_serial&amp;pid=0102-311X&amp;lng=en" content-type="journal_page"/><abstract lang_id="pt"><p>Em 1991, foi realizado um estudo de prevalência sobre o hábito de fumar entre 864 alunos da 6ª à 8ª série do 1º grau de oito escolas municipais de Sapiranga, Rio Grande do Sul. A coleta de dados foi feita através de um questionário aplicado e recolhido por professoras treinadas, em sala de aula. Entre os escolares, 3,2% eram fumantes, embora 20,3% tenham sido expostos pelo menos uma vez ao tabaco. A idade média de início do hábito foi de 14,7 anos no sexo masculino e 15,0 no sexo feminino. A prevalência mostrou uma tendência a aumentar junto com a idade e com o ano escolar. Quanto ao sexo, o número de fumantes foi significativamente maior no sexo masculino (p &lt; 0,05). O hábito de fumar do irmão mais velho e do pai parece reforçar a adesão do escolar ao mesmo.</p></abstract><trans-abstract lang_id="en"><p>A prevalence study on smoking habits was carried out in 1991, among 864 school children from eight municipal schools in Sapiranga, in the State of Rio Grande do Sul, Brazil, from the 6th through 8th grade of primary school. Data was collected in class, using a questionnaire applyed by trained teachers. Among students, 3.2% were smokers, although 20.3% had been exposed to tobacco. Males had begun the smoking habit at a mean age of 14.7 years and females at about 15 years old. The prevalence showed an increasing trend by age and individual school grade. As for gender, male smokers outnumbered females (p &lt; 0,05). Smoking by older brothers and fathers seems to be positively associated with acquisition of the habit by school children.</p></trans-abstract><kwd-group lang_id="en" kwd-group-type="author-generated"><kwd>Smoking</kwd><kwd>Cross Sectional</kwd><kwd>Students</kwd></kwd-group><kwd-group lang_id="pt" kwd-group-type="author-generated"><kwd>Fumo</kwd><kwd>Estudos de Prevalência</kwd><kwd>Estudantes</kwd></kwd-group></article-meta></front><back><ref-list><ref id="B1"><element-citation publication-type="article"><article-title>O uso de tabaco por estudantes de primeiro e segundo graus de dez capitais brasileiras: possíveis contribuições de estatística multivariada para a compreensão do fenômeno</article-title><source>Revista de Saúde Pública</source><date><year>1989</year></date><fpage>401</fpage><lpage>409</lpage><volume>23</volume><person-group><name><surname>BARBOSA</surname><given-names>M. T. S.</given-names></name><name><surname>CARLINI-COTRIM</surname><given-names>B.</given-names></name><name><surname>SILVA-FILHO</surname><given-names>A. R.</given-names></name></person-group></element-citation></ref><ref id="B2"><element-citation publication-type="article"><article-title>Hábito de fumar em adolescentes escolares de Salvador, Bahia</article-title><source>Revista Baiana de Saúde Pública</source><date><year>1987</year></date><fpage>212</fpage><lpage>216</lpage><volume>14</volume><person-group><name><surname>CARVALHO</surname><given-names>F. M.</given-names></name></person-group></element-citation></ref><ref id="B3"><element-citation publication-type="article"><article-title>Mortality in relation to smoking: ten years' observation of British doctors</article-title><source>British Medical Journal</source><date><year>1964</year></date><fpage>1399</fpage><volume>1</volume><person-group><name><surname>DOLL</surname><given-names>H.</given-names></name><name><surname>HILL</surname><given-names>A. B.</given-names></name></person-group></element-citation></ref><ref id="B4"><element-citation publication-type="article"><article-title>Mortality in relation to smoking: 20 years' observation on male British doctors</article-title><source>British Medical Journal</source><date><year>1976</year></date><fpage>1525</fpage><volume>2</volume><person-group><name><surname>DOLL</surname><given-names>H.</given-names></name><name><surname>PETO</surname><given-names>R.</given-names></name></person-group></element-citation></ref><ref id="B5"><element-citation publication-type="article"><article-title>O estudante de medicina e o fumo</article-title><source>Revista da Associação Médica do Rio Grande do Sul</source><date><year>1981</year></date><fpage>8</fpage><lpage>13</lpage><volume>25</volume><person-group><name><surname>GADIA</surname><given-names>C.</given-names></name><name><surname>SALTZ</surname><given-names>R.</given-names></name><name><surname>BARTCZAK</surname><given-names>M.</given-names></name><name><surname>GONZALES</surname><given-names>M. C.</given-names></name></person-group></element-citation></ref><ref id="B6"><element-citation publication-type="article"><article-title>Epidemiologia do tabagismo no Brasil</article-title><source>Jornal Brasileiro de Medicina</source><date><year>1991</year></date><fpage>50</fpage><lpage>71</lpage><volume>60</volume><person-group><name><surname>HIJJAR</surname><given-names>M. A.</given-names></name><name><surname>SILVA</surname><given-names>V. L. C.</given-names></name></person-group></element-citation></ref><ref id="B7"><element-citation publication-type="article"><article-title>Health effects of active and passive smoking - smoking health</article-title><source>Excerpta Médica</source><date><year>1987</year></date><fpage>75</fpage><lpage>86</lpage><person-group><name><surname>HIRAYAMA</surname><given-names>T.</given-names></name></person-group></element-citation></ref><ref id="B8"><element-citation publication-type="article"><article-title>O hábito de fumar entre estudantes de medicina da UFPEL: prevalência, sintomatologia respiratória e relação com o tabagismo dos pais</article-title><source>Revista da Associação Médica do Rio Grande de Sul</source><date><year>1988</year></date><fpage>15</fpage><lpage>17</lpage><volume>32</volume><person-group><name><surname>HORTA</surname><given-names>B. L.</given-names></name><name><surname>RAMOS</surname><given-names>E. O.</given-names></name><name><surname>VICTORA</surname><given-names>C. G.</given-names></name></person-group></element-citation></ref><ref id="B9"><element-citation publication-type="article"><article-title>O uso de fumo durante o ciclo gravídico: Considerações fisiopatológicas e correlação preliminar com população de 1559 pacientes</article-title><source>Jornal Brasileiro de Medicina</source><date><year>1984</year></date><fpage>42</fpage><lpage>45</lpage><volume>46</volume><person-group><name><surname>MADDI</surname><given-names>J. M.</given-names></name><name><surname>COELHO</surname><given-names>C. P.</given-names></name><name><surname>LUNARDI</surname><given-names>P.</given-names></name></person-group></element-citation></ref><ref id="B10"><element-citation publication-type="book"><source>Tabagismo e Saúde. Informação para Profissionais de Saúde</source><date><year>1987</year></date><person-group><name><surname>ROSEMBERG</surname><given-names>J.</given-names></name><name><surname>ROSEMBERG</surname><given-names>J.</given-names></name></person-group></element-citation></ref><ref id="B11"><element-citation publication-type="article"><article-title>Tabagismo entre estudantes da Faculdade de Ciências Médicas de Sorocaba: Tabagismo nos acadêmicos de medicina e nos médicos</article-title><source>Jornal de Pneumologia</source><date><year>1990</year></date><fpage>13</fpage><lpage>22</lpage><volume>16</volume><person-group><name><surname>ROSEMBERG</surname><given-names>J.</given-names></name><name><surname>PERON</surname><given-names>S.</given-names></name></person-group></element-citation></ref><ref id="B12"><element-citation publication-type="article"><article-title>Estudo da freqüência do hábito de fumar durante a gestação. Ribeirão Preto - SP</article-title><source>Revista de Ciências Biomédicas</source><date><year>1985</year></date><fpage>61</fpage><lpage>69</lpage><volume>6</volume><person-group><name><surname>SIMÕES</surname><given-names>M. J. S.</given-names></name></person-group></element-citation></ref><ref id="B13"><element-citation publication-type="article"><article-title>Estado nutricional e hábito de fumar maternos, crescimento intra-uterino e pós-natal</article-title><source>Revista de Saúde Pública</source><date><year>1985</year></date><fpage>37</fpage><lpage>50</lpage><volume>19</volume><person-group><name><surname>SIQUEIRA</surname><given-names>A. A. F.</given-names></name><name><surname>SANTOS</surname><given-names>J. L. F.</given-names></name><name><surname>SAQUETO</surname><given-names>C. G.</given-names></name><name><surname>LUZ</surname><given-names>E. T.</given-names></name><name><surname>ARAÚJO</surname><given-names>M. C. A.</given-names></name></person-group></element-citation></ref><ref id="B14"><element-citation publication-type="article"><article-title>Levantamento epidemiológico sobre o vício de fumar entre estudantes de medicina no estado de São Paulo</article-title><source>Revista da Associação Médica Brasileira</source><date><year>1985</year></date><fpage>13</fpage><lpage>16</lpage><volume>31</volume><person-group><name><surname>SZEGO</surname><given-names>T.</given-names></name><name><surname>BECHARA</surname><given-names>M. J.</given-names></name><name><surname>GAMA-RODRIGUES</surname><given-names>J.</given-names></name></person-group></element-citation></ref></ref-list></back></article></articles>