<articles xmlns:xsi="http://www.w3.org/2001/XMLSchema-instance" xsi:schemaLocation="https://raw.githubusercontent.com/scieloorg/articles_meta/master/tests/xsd/scielo_sci/ThomsonReuters_publishing.xsd" dtd-version="1.10"><article lang_id="en" article-type="research-article"><front><journal-meta><journal-id journal-id-type="publisher">csp</journal-id><journal-title-group><journal-title>Cadernos de Saúde Pública</journal-title><abbrev-journal-title>Cad. Saúde Pública</abbrev-journal-title></journal-title-group><issn>1678-4464</issn><collection>SciELO Brazil</collection><publisher><publisher-name>Escola Nacional de Saúde Pública Sergio Arouca, Fundação Oswaldo Cruz</publisher-name></publisher></journal-meta><article-meta><unique-article-id pub-id-type="publisher-id">S0102-311X1992000300004</unique-article-id><article-id pub-id-type="publisher-id">S0102-311X1992000300004</article-id><article-id pub-id-type="doi">10.1590/S0102-311X1992000300004</article-id><article-categories><subj-group><subject>Health Policy &amp; Services</subject></subj-group></article-categories><title-group><article-title lang_id="en">Environment, arbovirus transmission and control of epidemics</article-title><trans-title-group lang_id="pt"><trans-title>Ambiente, transmissão de arbovírus e controle de epidemias</trans-title></trans-title-group></title-group><contrib-group><contrib contrib-type="author"><name><surname>Cordellier</surname><given-names>Roger</given-names></name><role>ND</role><xref ref-type="aff" rid="A01"/></contrib><contrib contrib-type="author"><name><surname>Degallier</surname><given-names>Nicolas</given-names></name><role>ND</role><xref ref-type="aff" rid="A02"/></contrib></contrib-group><aff id="A02"><institution>Instituto Evandro Chagas</institution><country>Brazil</country></aff><aff id="A01"><institution>ORSTOM</institution></aff><pub-date><month>09</month><year>1992</year></pub-date><volume>8</volume><issue>3</issue><fpage>249</fpage><lpage>253</lpage><permissions><license license-type="open-access" href="http://creativecommons.org/licenses/by-nc/4.0/"><license-p>This work is licensed under a Creative Commons Attribution-NonCommercial 4.0 International License.</license-p></license></permissions><self-uri href="http://www.scielo.br/scielo.php?script=sci_arttext&amp;pid=S0102-311X1992000300004&amp;lng=en&amp;tlng=en" content-type="full_text_page"/><self-uri href="http://www.scielosp.org/scielo.php?script=sci_issuetoc&amp;pid=0102-311X19920003&amp;lng=en" content-type="issue_page"/><self-uri href="http://www.scielosp.org/scielo.php?script=sci_serial&amp;pid=0102-311X&amp;lng=en" content-type="journal_page"/><abstract lang_id="en"><p>In order to illustrate the relationships between the biotopes (or phytogeographical zones), arbovirus vectors and vertebrate hosts (including man), and epidemiology, current knowledge on the transmission of Yellow Fever virus in West Africa is reported. A dynamic scheme has been devised to integrate the observed geographical distribution of cases and the timing of their occurrence. Two principal areas, endemicity and epidetnicity, were defined according to the presence or absence of sylvatic monkey-mosquito transmission. The intensity and potential of contacts between humans and vectors depends on the degree of man-made changes in the environment, often increasing the extension of ecotone areas where the mosquitoes are easily biting at the ground level. Prevention and/or control of arbovirus diseases require detailed eco-epidemiological studies to determine: (1) the effective role of each potential vector in each phytogeographical region; (2) the risk factors for the people living in or near areas with a sylvatic transmission cycle; (3) the priorities - vaccination and/or control - for preventing the expansion of natural foci.</p></abstract><trans-abstract lang_id="pt"><p>Para ilustrar as relações existentes entre os biótopos (ou zonas fitogeográficas), os vetores e hospedeiros vertebrados (incluindo o homem) de arbovírus e a epidemiologia, o conhecimento atual sobre a transmissão do vírus de febre amarela na África Ocidental é apresentado e discutido. Um modelo dinâmico foi desenvolvido para integrar a distribuição geográfica dos casos observados e o momento de sua ocorrência. Duas áreas principais, endemicidade e epidemicidade, foram definidas de acordo com a presença ou ausência de transmissão silvática macaco-mosquito. A intensidade e o potencial dos contatos entre homem e vetores depende do grau das alterações ambientais produzidas pelas atividades humanas, geralmente aumentando a extensão das áreas de ecótono onde os mosquitos estão ativos ao nível do solo. A prevenção e/ou controle de arboviroses requer estudos eco-epidemiológicos detalhados para que se conheça (1) o papel de cada vetor potencial em cada região fitogeográfica; (2) os fatores de risco para as pessoas vivendo nas proximidades ou nas áreas de transmissão silvestre; (3) quais são as prioridades (vacinação e/ou controle) para prevenir a expansão dos focos naturais.</p></trans-abstract><kwd-group lang_id="en" kwd-group-type="author-generated"><kwd>Yellow Fever</kwd><kwd>Vectors</kwd><kwd>Vertebrate Hosts</kwd><kwd>Epidemiology</kwd><kwd>Control</kwd></kwd-group><kwd-group lang_id="pt" kwd-group-type="author-generated"><kwd>Febre Amarela</kwd><kwd>Vetores</kwd><kwd>Hospedeiros Vertebrados</kwd><kwd>Epidemiologia</kwd><kwd>Controle</kwd></kwd-group></article-meta></front><back><ref-list><ref id="B1"><element-citation publication-type="article"><article-title>L'épidémiologie de la fièvre jaune en Afrique de l'Quest</article-title><source>Bulletin de L'Organization Mondiale de la Santé</source><date><year>1991</year></date><fpage>73</fpage><lpage>84</lpage><volume>69</volume><person-group><name><surname>CORDELLIER</surname><given-names>R.</given-names></name></person-group></element-citation></ref><ref id="B2"><element-citation publication-type="article"><article-title>Estimation du taux de survie, de la densité relative et du taux d'infection d'une population d'Haemagogus janthinomys Dyar (Diptera, Culicidae) ayant fourni des souches de fièvre jaune en Amazonie brésilienne</article-title><source>Bulletin de la Societé de Pathologie Exotique</source><date><year>1991</year></date><fpage>386</fpage><lpage>397</lpage><volume>84</volume><person-group><name><surname>DEGALLIER</surname><given-names>N.</given-names></name><name><surname>TRAVASSOS DA ROSA</surname><given-names>A. P. A.</given-names></name><name><surname>VASCONCELOS</surname><given-names>P. F. C.</given-names></name><name><surname>GUERREIRO</surname><given-names>S. C.</given-names></name><name><surname>TRAVASSOS DA ROSA</surname><given-names>J. F. S.</given-names></name><name><surname>HERVÉ</surname><given-names>J. P.</given-names></name></person-group></element-citation></ref><ref id="B3"><element-citation publication-type="article"><article-title>La fièvre jaune en Afrique de 1'ouest: une dynamique spatiale</article-title><source>Orstom Actualités</source><date><year>1986</year></date><fpage>I</fpage><lpage>IV</lpage><person-group><name><surname>GERMAIN</surname><given-names>M.</given-names></name></person-group></element-citation></ref><ref id="B4"><element-citation publication-type="article"><article-title>Recent advances in research regarding sylvatic yellow fever in west and central Africa</article-title><source>Bulletin de L'Institut Pasteur</source><date><year>1982</year></date><fpage>315</fpage><lpage>330</lpage><volume>80</volume><person-group><name><surname>GERMAIN</surname><given-names>M.</given-names></name><name><surname>CORNET</surname><given-names>M.</given-names></name><name><surname>MOUCHET</surname><given-names>J.</given-names></name><name><surname>MONATH</surname><given-names>T. P.</given-names></name><name><surname>HERVÉ</surname><given-names>J. P.</given-names></name><name><surname>SALAUM</surname><given-names>J. J.</given-names></name><name><surname>CORDELLIER</surname><given-names>R.</given-names></name><name><surname>SALUZZO</surname><given-names>J. F.</given-names></name><name><surname>CAMICAS</surname><given-names>J. L.</given-names></name><name><surname>HERVY</surname><given-names>J. P.</given-names></name><name><surname>ROBERT</surname><given-names>V.</given-names></name><name><surname>DEUBEL</surname><given-names>V.</given-names></name><name><surname>GONZALEZ</surname><given-names>J. P.</given-names></name><name><surname>DIGOUTTE</surname><given-names>J. P.</given-names></name><name><surname>DARWISH</surname><given-names>D. O.</given-names></name></person-group></element-citation></ref><ref id="B5"><element-citation publication-type="article"><article-title>Ecologia da Febre amarela no Brasil</article-title><source>Revista da Fundação SESP</source><date><year>1983</year></date><fpage>11</fpage><lpage>19</lpage><volume>28</volume><person-group><name><surname>HERVÉ</surname><given-names>J. P.</given-names></name><name><surname>TRAVASSOS DA ROSA</surname><given-names>A. P. A.</given-names></name></person-group></element-citation></ref><ref id="B6"><element-citation publication-type="book"><source>Instituto Evandro Chagas: 50 anos de contribuição às ciências biológicas e à medicina tropical</source><date><year>1986</year></date><fpage>409</fpage><lpage>437</lpage><volume>1</volume><person-group><name><surname>HERVÉ</surname><given-names>J. P.</given-names></name><name><surname>DÉGALLIER</surname><given-names>N.</given-names></name><name><surname>TRAVASSOS DA ROSA</surname><given-names>A. P. A.</given-names></name><name><surname>PINHEIRO</surname><given-names>F. P.</given-names></name><name><surname>SÁ FILHO</surname><given-names>G. C.</given-names></name></person-group></element-citation></ref><ref id="B7"><element-citation publication-type="book"><source>Instituto Evandro Chagas: 50 anos de contribuição às ciências biológicas e à medicina tropical</source><date><year>1986</year></date><fpage>375</fpage><lpage>408</lpage><volume>1</volume><person-group><name><surname>PINHEIRO</surname><given-names>F. P.</given-names></name><name><surname>TRAVASSOS DA ROSA</surname><given-names>A. P. A.</given-names></name><name><surname>FREITAS</surname><given-names>R. B.</given-names></name><name><surname>TRAVASSOS DA ROSA</surname><given-names>J. F. S.</given-names></name><name><surname>VASCONCELLOS</surname><given-names>P. F. C.</given-names></name></person-group></element-citation></ref><ref id="B8"><element-citation publication-type="article"><article-title>Febre amarela silvestre no Estado do Pará - Brasil</article-title><source>Boletim Epidemiológico</source><date><year>1984</year></date><fpage>97</fpage><lpage>104</lpage><volume>15</volume><person-group><name><surname>TRAVASSOS DA ROSA</surname><given-names>A. P. A.</given-names></name><name><surname>VASCONCELOS</surname><given-names>P. C.</given-names></name><name><surname>HERVÉ</surname><given-names>J. P.</given-names></name><name><surname>TRAVASSOS DA ROSA</surname><given-names>J. F. S.</given-names></name></person-group></element-citation></ref></ref-list></back></article></articles>