<articles xmlns:xsi="http://www.w3.org/2001/XMLSchema-instance" xsi:schemaLocation="https://raw.githubusercontent.com/scieloorg/articles_meta/master/tests/xsd/scielo_sci/ThomsonReuters_publishing.xsd" dtd-version="1.10"><article lang_id="pt" article-type="research-article"><front><journal-meta><journal-id journal-id-type="publisher">csp</journal-id><journal-title-group><journal-title>Cadernos de Saúde Pública</journal-title><abbrev-journal-title>Cad. Saúde Pública</abbrev-journal-title></journal-title-group><issn>1678-4464</issn><collection>SciELO Public Health</collection><publisher><publisher-name>Escola Nacional de Saúde Pública Sergio Arouca, Fundação Oswaldo Cruz</publisher-name></publisher></journal-meta><article-meta><unique-article-id pub-id-type="publisher-id">S0102-311X1993000400009</unique-article-id><article-id pub-id-type="publisher-id">S0102-311X1993000400009</article-id><article-id pub-id-type="doi">10.1590/S0102-311X1993000400009</article-id><article-categories><subj-group><subject>Health Policy &amp; Services</subject></subj-group></article-categories><title-group><article-title lang_id="pt">Urbanização, favelas e endemias: a produção da filariose no Recife, Brasil</article-title><trans-title-group lang_id="en"><trans-title>Urbanization, slums, and endemics: the production of filariasis in Recife, Brazil</trans-title></trans-title-group></title-group><contrib-group><contrib contrib-type="author"><name><surname>Albuquerque</surname><given-names>Maria de Fátima P. M.</given-names></name><role>ND</role><xref ref-type="aff" rid="A01"/></contrib></contrib-group><aff id="A01"><institution>Centro de Pesquisas Aggeu Magalhães</institution><country>Brazil</country></aff><pub-date><month>12</month><year>1993</year></pub-date><volume>9</volume><issue>4</issue><fpage>487</fpage><lpage>497</lpage><permissions><license license-type="open-access" href="http://creativecommons.org/licenses/by/4.0/"><license-p>This work is licensed under a Creative Commons Attribution 4.0 International License.</license-p></license></permissions><self-uri href="http://www.scielosp.org/scielo.php?script=sci_arttext&amp;pid=S0102-311X1993000400009&amp;lng=en&amp;tlng=en" content-type="full_text_page"/><self-uri href="http://www.scielo.br/scielo.php?script=sci_issuetoc&amp;pid=0102-311X19930004&amp;lng=en" content-type="issue_page"/><self-uri href="http://www.scielosp.org/scielo.php?script=sci_serial&amp;pid=0102-311X&amp;lng=en" content-type="journal_page"/><abstract lang_id="pt"><p>Neste artigo discutimos a ocorrência da filariose como um problema de saúde pública na cidade do Recife, capital do Estado de Pernambuco, que apresenta ainda hoje, em algumas áreas, níveis de prevalência preocupantes. Procura-se mostrar o papel da evolução urbana da cidade, caracterizada por um crescimento desordenado e pela formação de um número crescente de favelas, na criação de condições propícias para a transmissão desta parasitose. Identificamos categorias de análise, ligadas à organização social do espaço urbano, que devem ser incluídas como "mediadoras" em um modelo compreensivo da transmissão da filariose. Os aglomerados de habitações inadequadas, construídas em favelas superpovoadas, sem saneamento básico e sem sistema de drenagem de águas, propiciam as condições adequadas à proliferação dos mosquitos vetores da infecção e à manutenção da endemia.</p></abstract><trans-abstract lang_id="en"><p>In this article the filariasis endemic is discussed as a public health problem in the city of Recife, capital of the state of Pernambuco, Brazil. Prevalence figures for this parasitic disease in some urban settings are cause for concern. The urban development process, characterized by disordered growth of cities and an increase in the number of slums, is pointed out as an important factor for the maintenance of conditions favouring disease transmission. Some analytical categories linked to urban social organization are identified and included in a comprehensive filariasis transmission model. Clusters of inadequate houses built in overcrowded slums without basic sanitation or a proper drainage system produce adequate conditions for proliferation of infection vectors and maintenance of the endemic.</p></trans-abstract><kwd-group lang_id="en" kwd-group-type="author-generated"><kwd>Filariasis</kwd><kwd>Endemics</kwd><kwd>Urbanization and Diseases</kwd><kwd>Recife</kwd><kwd>Brazil</kwd></kwd-group><kwd-group lang_id="pt" kwd-group-type="author-generated"><kwd>Filariose</kwd><kwd>Endemias</kwd><kwd>Urbanização e Doenças, Recife, Brasil</kwd></kwd-group></article-meta></front><back><ref-list><ref id="B1"><element-citation publication-type="article"><article-title>Filariose (W. bancrofti) no grupo residencial do IAPB no bairro dos Afogados (Recife)</article-title><source>Publicações Avulsas do Instituto Aggeu Magalhães</source><fpage>157</fpage><lpage>162</lpage><volume>1</volume><person-group><name><surname>AZEVEDO</surname><given-names>R.</given-names></name><name><surname>DOBBIN</surname><given-names>J. E</given-names></name></person-group></element-citation></ref></ref-list></back></article></articles>