<articles xmlns:xsi="http://www.w3.org/2001/XMLSchema-instance" xsi:schemaLocation="https://raw.githubusercontent.com/scieloorg/articles_meta/master/tests/xsd/scielo_sci/ThomsonReuters_publishing.xsd" dtd-version="1.10"><article lang_id="pt" article-type="research-article"><front><journal-meta><journal-id journal-id-type="publisher">csp</journal-id><journal-title-group><journal-title>Cadernos de Saúde Pública</journal-title><abbrev-journal-title>Cad. Saúde Pública</abbrev-journal-title></journal-title-group><issn>1678-4464</issn><collection>SciELO Brazil</collection><publisher><publisher-name>Escola Nacional de Saúde Pública Sergio Arouca, Fundação Oswaldo Cruz</publisher-name></publisher></journal-meta><article-meta><unique-article-id pub-id-type="publisher-id">S0102-311X1991000100002</unique-article-id><article-id pub-id-type="publisher-id">S0102-311X1991000100002</article-id><article-id pub-id-type="doi">10.1590/S0102-311X1991000100002</article-id><article-categories><subj-group><subject>Health Policy &amp; Services</subject></subj-group></article-categories><title-group><article-title lang_id="pt">O que a epidemiologia pode ainda fazer de relevante?</article-title></title-group><contrib-group><contrib contrib-type="author"><name><surname>Cardim</surname><given-names>Marisa de Souza</given-names></name><role>ND</role><xref ref-type="aff" rid="A01"/></contrib><contrib contrib-type="author"><name><surname>Azevedo</surname><given-names>Belarmino Alves de</given-names></name><role>ND</role><xref ref-type="aff" rid="A02"/></contrib><contrib contrib-type="author"><name><surname>Morgado</surname><given-names>Anastácio Ferreira</given-names></name><role>ND</role><xref ref-type="aff" rid="A03"/></contrib></contrib-group><aff id="A02"><institution>Fundação Oswaldo Cruz</institution><country>Brazil</country></aff><aff id="A03"><institution>Fundação Oswaldo Cruz</institution><country>Brazil</country></aff><aff id="A01"><institution>Fundação Oswaldo Cruz</institution><country>Brazil</country></aff><pub-date><month>03</month><year>1991</year></pub-date><volume>7</volume><issue>1</issue><fpage>6</fpage><lpage>16</lpage><permissions><license license-type="open-access" href="http://creativecommons.org/licenses/by-nc/4.0/"><license-p>This work is licensed under a Creative Commons Attribution-NonCommercial 4.0 International License.</license-p></license></permissions><self-uri href="http://www.scielo.br/scielo.php?script=sci_arttext&amp;pid=S0102-311X1991000100002&amp;lng=en&amp;tlng=en" content-type="full_text_page"/><self-uri href="http://www.scielo.br/scielo.php?script=sci_issuetoc&amp;pid=0102-311X19910001&amp;lng=en" content-type="issue_page"/><self-uri href="http://www.scielosp.org/scielo.php?script=sci_serial&amp;pid=0102-311X&amp;lng=en" content-type="journal_page"/><abstract lang_id="pt"><p>Trata-se de uma sucinta revisão de alguns aspectos da epidemiologia ainda mal conhecidos, - por serem polêmicos ou cujo desenvolvimento é recente ou apenas se esboça. Enquanto método, haveria duas epidemiologias: uma em que se esmera cada vez mais no rigor metodológico e análise sofisticada dos dados em computador; a outra contenta-se com métodos simples, alia-se fortemente com as ciências sociais, a economia e as ciências do comportamento, - com o objetivo de achar soluções para os problemas de saúde. A importância das conseqüências dos fatores sócio-econômicos sobre a saúde foi avaliada a partir de publicações das pesquisas epidemiológica e clínica; aquela importância aumentou no primeiro tipo de pesquisa e tende a desaparecer no segundo. A questão de avaliar o estado de saúde de populações ficou sem avançar, pois, sem operacionalizar indicadores de saúde positiva, de fato avalia-se estado de doença. Enfim, reconheceu-se o advento algo original de um desdobramento promissor da epidemiologia: o estudo das representações da Antropologia, tais como mitos, crenças, comportamento e instituições.</p></abstract><trans-abstract lang_id="en"><p>Some new approaches on the use of epidemiology were concisely reviewed in this paper. Firstly, the importance of the health consequences of socio-economic factors, which have increased in epidemiologic research, and decreased too much in studies from the clinical research area. The population's health state evaluation was then discussed, when was remarked that without operational indicators of positive health that evaluation is necessarily limited. Attention was also paid to progress in methods, from which two epidemiologic approaches have been developed. In one of them rigour in methods and in data analysis by computer are endlessly searched for, while health solve-problem is focused in the other. Therefore, epidemiology cannot be separated from social, economic and behavior sciences, which altogether may achieve that goal.</p></trans-abstract></article-meta></front><back><ref-list><ref id="B1"><element-citation publication-type="article"><source>Cad. Saúde Pública</source><date><year>1989</year></date><fpage>316, 325</fpage><volume>4</volume><person-group><name><surname>CASTIEL</surname><given-names>L.D.</given-names></name></person-group></element-citation></ref><ref id="B2"><element-citation publication-type="article"><article-title>Clinical research in General Medical Journals</article-title><source>New Eng. J. Med.</source><date><year>1979</year></date><fpage>180</fpage><lpage>183</lpage><volume>302</volume><person-group><name><surname>FLETCHER</surname><given-names>R.H.</given-names></name><name><surname>FLETCHER</surname><given-names>S. W.</given-names></name></person-group></element-citation></ref><ref id="B3"><element-citation publication-type="article"><article-title>Get Obscur Objet de l'Épidémiologie</article-title><source>Sciences Sociales et Santé</source><date><year>1982</year></date><fpage>55</fpage><lpage>110</lpage><volume>1</volume><person-group><name><surname>GOLDBERG</surname><given-names>M.</given-names></name></person-group></element-citation></ref><ref id="B4"><element-citation publication-type="article"><article-title>Sickness and stress in operational Flying</article-title><source>Brit J. Soc. Med.</source><date><year>1948</year></date><fpage>123</fpage><lpage>131</lpage><volume>2</volume><person-group><name><surname>REID</surname><given-names>D. D.</given-names></name></person-group></element-citation></ref><ref id="B5"><element-citation publication-type="article"><article-title>The Potential Contribution of Social Research to Control of Malaria in Brazil</article-title><source>Mem. Inst. Oswaldo Cruz</source><date><year>1986</year></date><fpage>31</fpage><lpage>37</lpage><volume>81</volume><person-group><name><surname>SAWYER</surname><given-names>D.</given-names></name></person-group></element-citation></ref><ref id="B6"><element-citation publication-type="article"><article-title>Anthropology and Epidemiology: Towards an Epidemiology of Representations</article-title><source>Man</source><date><year>1985</year></date><fpage>73</fpage><lpage>89</lpage><volume>20</volume><person-group><name><surname>SPERBER</surname><given-names>D.</given-names></name></person-group></element-citation></ref><ref id="B7"><element-citation publication-type="article"><article-title>Epidemiology as a Guide to Health Policy</article-title><source>Ann. Rev. Publ. Health</source><date><year>1980</year></date><fpage>323</fpage><lpage>344</lpage><volume>1</volume><person-group><name><surname>TERRIS</surname><given-names>M.</given-names></name></person-group></element-citation></ref><ref id="B8"><element-citation publication-type="article"><article-title>On the New Clinical fashion in epidemiology</article-title><source>Epidem. Injection</source><date><year>1989</year></date><fpage>191</fpage><lpage>198</lpage><volume>102</volume><person-group><name><surname>VANDENBROUCKE</surname><given-names>J.P.</given-names></name></person-group></element-citation></ref></ref-list></back></article></articles>