<articles xmlns:xsi="http://www.w3.org/2001/XMLSchema-instance" xsi:schemaLocation="https://raw.githubusercontent.com/scieloorg/articles_meta/master/tests/xsd/scielo_sci/ThomsonReuters_publishing.xsd" dtd-version="1.10"><article lang_id="pt" article-type="research-article"><front><journal-meta><journal-id journal-id-type="publisher">csp</journal-id><journal-title-group><journal-title>Cadernos de Saúde Pública</journal-title><abbrev-journal-title>Cad. Saúde Pública</abbrev-journal-title></journal-title-group><issn>1678-4464</issn><collection>SciELO Brazil</collection><publisher><publisher-name>Escola Nacional de Saúde Pública Sergio Arouca, Fundação Oswaldo Cruz</publisher-name></publisher></journal-meta><article-meta><unique-article-id pub-id-type="publisher-id">S0102-311X1990000300011</unique-article-id><article-id pub-id-type="publisher-id">S0102-311X1990000300011</article-id><article-id pub-id-type="doi">10.1590/S0102-311X1990000300011</article-id><article-categories><subj-group><subject>Health Policy &amp; Services</subject></subj-group></article-categories><title-group><article-title lang_id="pt">A erradicação da Poliomielite no contexto dos programas de imunização</article-title></title-group><contrib-group><contrib contrib-type="author"><name><surname>Verani</surname><given-names>José Fernando</given-names></name><role>ND</role><xref ref-type="aff" rid="A01"/></contrib><contrib contrib-type="author"><name><surname>Pinto</surname><given-names>Cristiane Schuch</given-names></name><role>ED</role><xref ref-type="aff" rid="A02"/></contrib><contrib contrib-type="author"><name><surname>Verani</surname><given-names>José Fernando</given-names></name><role>ED</role><xref ref-type="aff" rid="A02"/></contrib></contrib-group><aff id="A02"><institution>Fundação Oswaldo Cruz</institution><country>Brazil</country></aff><aff id="A01"><institution>Fundação Oswaldo Cruz</institution><country>Brazil</country></aff><pub-date><month>09</month><year>1990</year></pub-date><volume>6</volume><issue>3</issue><fpage>340</fpage><lpage>358</lpage><permissions><license license-type="open-access" href="http://creativecommons.org/licenses/by-nc/4.0/"><license-p>This work is licensed under a Creative Commons Attribution-NonCommercial 4.0 International License.</license-p></license></permissions><self-uri href="http://www.scielo.br/scielo.php?script=sci_arttext&amp;pid=S0102-311X1990000300011&amp;lng=en&amp;tlng=en" content-type="full_text_page"/><self-uri href="http://www.scielo.br/scielo.php?script=sci_issuetoc&amp;pid=0102-311X19900003&amp;lng=en" content-type="issue_page"/><self-uri href="http://www.scielosp.org/scielo.php?script=sci_serial&amp;pid=0102-311X&amp;lng=en" content-type="journal_page"/><abstract lang_id="pt"><p>Este debate foi organizado pelo Departamento de Epidemiologia da Escola Nacional de Saúde Pública e realizado em 28 de junho de 1989. Foram debatidos os principais fatores e razões que conduziram à resolução da Assembléia Mundial de Saúde de erradicar a poliomielite do planeta. Primeiramente, foi discutido, à luz das estratégias de dias nacionais de vacinação e da vacinação rotineira, o tremendo declínio na incidência de casos paralíticos devidos a infecção por poliovírus selvagem, como resultado da aceleração das coberturas vacinais nas Américas. Em segundo lugar, a vigilância epidemiológica, a melhoria da vacina OPV e métodos de mobilização social foram considerados fatores-chaves para se chegar à erradicação. Em terceiro lugar, foram discutidos os impactos das imunizações no estado nutricional das crianças, em certas áreas do Brasil. As discussões consideraram, também, a situação do Programa de Imunizações e perspectivas da erradicação da pólio em várias regiões do globo. Durante o debate, os pontos considerados chaves foram abordados, tendo em vista a experiência adquirida no programa global de erradicação da varíola. Finalmente, debateu-se sobre a importância da erradicação de doenças e seu impacto sobre as condições de saúde da população.</p></abstract><trans-abstract lang_id="en"><p>This debate was organized at the Epidemiology Department of the National School of Public Health (Brazil) and took place on June 28, 1989. The main reasons and factors which led the World Health Assembly Resolution to eradicate poliomyelitis from the globe were discussed. First, it was discussed the tremendous decline in roparalytic cases due to wild poliovirus infections as a result of the immunization coverage acceleration in the Americas through the national immunization days strategy as complementary to routine immunizations. Second, epidemiological surveillance improvements in the OPV and in the social mobilization methods were considered to be key factors for the eradication to be achieved. Third, it was also discussed the impacts of immunizations on the nutritional status of children in some Brazilian areas. The discussion also considered the situation of the EPI and the perspectives for polio eradication in various regions of the globe. The main issues raised at the debate were discussed under the lights of the experience learned from the global smallpox eradication program. Finally, a discussion was held on the importance of disease eradication and its impacts on people's health conditions.</p></trans-abstract></article-meta></front><back><ref-list><ref id="B1"><element-citation publication-type="book"><source>Smallpox and its Eradication</source><date><year>1988</year></date><person-group><name><surname>FENNER</surname><given-names>F.</given-names></name><name><surname>HENDERSON</surname><given-names>D. A.</given-names></name><name><surname>ARITA</surname><given-names>I.</given-names></name><name><surname>JEZEK</surname><given-names>Z.</given-names></name><name><surname>LADNYL</surname><given-names>I. D.</given-names></name><name><surname>FENNER</surname><given-names>F.</given-names></name><name><surname>HENDERSON</surname><given-names>D. A.</given-names></name><name><surname>ARITA</surname><given-names>I.</given-names></name><name><surname>JEZEK</surname><given-names>Z.</given-names></name><name><surname>LADNYL</surname><given-names>I. D.</given-names></name></person-group></element-citation></ref><ref id="B2"><element-citation publication-type="article"><article-title>Smallpox: Epitaph for a Killer?</article-title><source>National Geographic Magazine</source><date><month>12</month><year>1978</year></date><issue>6</issue><volume>154</volume><person-group><name><surname>HENDERSON</surname><given-names>D.A.</given-names></name></person-group></element-citation></ref><ref id="B3"><element-citation publication-type="book"><source>The Eradication of Smallpox from Bangladesh</source><date><year>1980</year></date><person-group><name><surname>JOARDER</surname><given-names>A.K.</given-names></name><name><surname>TARANTOLA</surname><given-names>D.</given-names></name><name><surname>TULLOCH</surname><given-names>J.</given-names></name><name><surname>JOARDER</surname><given-names>A.K.</given-names></name><name><surname>TARANTOLA</surname><given-names>D.</given-names></name><name><surname>TULLOCH</surname><given-names>J.</given-names></name></person-group></element-citation></ref><ref id="B4"><element-citation publication-type="article"><article-title>Randomized Trial of Alternative Formulation of Oral polio Vaccine in Brazil</article-title><source>The Lancet</source><date><day>27</day><month>02</month><year>1988</year></date></element-citation></ref><ref id="B5"><element-citation publication-type="book"><source>La Variole est Morte</source><date><month>05</month><year>1980</year></date></element-citation></ref><ref id="B6"><element-citation publication-type="article"><article-title>Una Imagen Del Pasado"?</article-title><source>Revista Salud Mundial</source><date><month>12</month><year>1989</year></date></element-citation></ref><ref id="B7"><element-citation publication-type="book"><source>Simposio Internacional sobre el Control de la Poliomielitis</source><date><year>1985</year></date><volume>484</volume></element-citation></ref><ref id="B8"><element-citation publication-type="conference"><date><day>04</day><month>11</month><year>1988</year></date></element-citation></ref><ref id="B9"><element-citation publication-type="book"><source>The Eradication of Smallpox</source><date><year>1980</year></date></element-citation></ref></ref-list></back></article></articles>