<articles xmlns:xsi="http://www.w3.org/2001/XMLSchema-instance" xsi:schemaLocation="https://raw.githubusercontent.com/scieloorg/articles_meta/master/tests/xsd/scielo_sci/ThomsonReuters_publishing.xsd" dtd-version="1.10"><article lang_id="pt" article-type="research-article"><front><journal-meta><journal-id journal-id-type="publisher">csp</journal-id><journal-title-group><journal-title>Cadernos de Saúde Pública</journal-title><abbrev-journal-title>Cad. Saúde Pública</abbrev-journal-title></journal-title-group><issn>1678-4464</issn><collection>SciELO Brazil</collection><publisher><publisher-name>Escola Nacional de Saúde Pública Sergio Arouca, Fundação Oswaldo Cruz</publisher-name></publisher></journal-meta><article-meta><unique-article-id pub-id-type="publisher-id">S0102-311X1990000300007</unique-article-id><article-id pub-id-type="publisher-id">S0102-311X1990000300007</article-id><article-id pub-id-type="doi">10.1590/S0102-311X1990000300007</article-id><article-categories><subj-group><subject>Health Policy &amp; Services</subject></subj-group></article-categories><title-group><article-title lang_id="pt">Inquérito de morbi-mortalidade de tétano neonatal no município de Nonoai, RS, 1988</article-title></title-group><contrib-group><contrib contrib-type="author"><name><surname>Danilevicz</surname><given-names>Nelson</given-names></name><role>COORD</role></contrib><contrib contrib-type="author"><name><surname>Meneghel</surname><given-names>Stela N.</given-names></name><role>COORD</role></contrib><contrib contrib-type="author"><name><surname>Kmetzseh</surname><given-names>Claudete</given-names></name><role>ND</role><xref ref-type="aff" rid="A02"/></contrib><contrib contrib-type="author"><name><surname>Mühlen</surname><given-names>Denise von</given-names></name><role>ND</role><xref ref-type="aff" rid="A02"/></contrib><contrib contrib-type="author"><name><surname>Korndörfer</surname><given-names>Elena M.</given-names></name><role>ND</role><xref ref-type="aff" rid="A02"/></contrib><contrib contrib-type="author"><name><surname>Gomes</surname><given-names>Eliana P.</given-names></name><role>ND</role><xref ref-type="aff" rid="A02"/></contrib><contrib contrib-type="author"><name><surname>Hunter</surname><given-names>Ervin</given-names></name><role>ND</role><xref ref-type="aff" rid="A02"/></contrib><contrib contrib-type="author"><name><surname>Silva</surname><given-names>Guaraci</given-names></name><role>ND</role><xref ref-type="aff" rid="A02"/></contrib><contrib contrib-type="author"><name><surname>Bortoluz</surname><given-names>Ines</given-names></name><role>ND</role><xref ref-type="aff" rid="A02"/></contrib><contrib contrib-type="author"><name><surname>Sgardela</surname><given-names>Maria Tereza</given-names></name><role>ND</role><xref ref-type="aff" rid="A02"/></contrib><contrib contrib-type="author"><name><surname>Schermann</surname><given-names>Maria Tereza</given-names></name><role>ND</role><xref ref-type="aff" rid="A02"/></contrib><contrib contrib-type="author"><name><surname>Loureiro</surname><given-names>Regina</given-names></name><role>ND</role><xref ref-type="aff" rid="A02"/></contrib></contrib-group><aff id="A02"><institution>Secretaria de Saúde e do Meio Ambiente do RS</institution></aff><pub-date><month>09</month><year>1990</year></pub-date><volume>6</volume><issue>3</issue><fpage>306</fpage><lpage>318</lpage><permissions><license license-type="open-access" href="http://creativecommons.org/licenses/by-nc/4.0/"><license-p>This work is licensed under a Creative Commons Attribution-NonCommercial 4.0 International License.</license-p></license></permissions><self-uri href="http://www.scielo.br/scielo.php?script=sci_arttext&amp;pid=S0102-311X1990000300007&amp;lng=en&amp;tlng=en" content-type="full_text_page"/><self-uri href="http://www.scielo.br/scielo.php?script=sci_issuetoc&amp;pid=0102-311X19900003&amp;lng=en" content-type="issue_page"/><self-uri href="http://www.scielosp.org/scielo.php?script=sci_serial&amp;pid=0102-311X&amp;lng=en" content-type="journal_page"/><abstract lang_id="pt"><p>Realizou-se um inquérito de morbi-mortalidade no município de Nonoai, RS, cujo objetivo foi o de verificar a existência de sub-registro de mortalidade infantil e subnotificação de casos de tétano neonatal. Encontraram-se nove óbitos em menores de um ano: coeficiente de mortalidade infantil 52,6/1000 menores de um ano. Nenhum destes óbitos é conhecido pelo serviço. Confirmou-se a existência de dois casos de tétano neonatal - incidência 0,88% - ambos notificados à Secretaria da Saúde.</p></abstract><trans-abstract lang_id="en"><p>A field inquiry of morbi-mortality was conducted in the district of Nonoai, RS, aimed to verify the lack of infantile mortality registries and the subnotiftcation of neonatal tetanus. Nine deaths occurred in children aged less than 1 year old (infantile mortality coefficient of 52,6/1000). None of them was known by the Regional Health Service. Two cases of neonatal tetanus were confirmed - incidence= 0,88% - both not notified to the Health State Secretary.</p></trans-abstract></article-meta></front><back><ref-list><ref id="B1"><element-citation publication-type="book"><source>Estudo sobre conhecimento e importância das vacinas por parte da população de Porto Alegre</source><date><year>1985</year></date><person-group><name><surname>FLORES</surname><given-names>D.</given-names></name><name><surname>PINTO</surname><given-names>J.P.</given-names></name><name><surname>SGARDELA</surname><given-names>M.T.</given-names></name><name><surname>FLORES</surname><given-names>D.</given-names></name><name><surname>PINTO</surname><given-names>J.P.</given-names></name><name><surname>SGARDELA</surname><given-names>M.T.</given-names></name></person-group></element-citation></ref><ref id="B2"><element-citation publication-type="book"><source>Como trabalhar com o povo?</source><date><month>04</month><year>1983</year></date><person-group><name><surname>FREIRE</surname><given-names>P.</given-names></name><name><surname>FREIRE</surname><given-names>P.</given-names></name></person-group></element-citation></ref><ref id="B3"><element-citation publication-type="book"><source>Estatísticas do Registro Civil</source><date><year>1985</year></date><volume>11</volume></element-citation></ref><ref id="B4"><element-citation publication-type="book"><source>Neonatal tetanus: Guidelines on the community based survey on neonatal tetanus mortality</source><date><year>1986</year></date><person-group><name><surname>GALASKA</surname><given-names>A.</given-names></name><name><surname>STROH</surname><given-names>G.</given-names></name><name><surname>GALASKA</surname><given-names>A.</given-names></name><name><surname>STROH</surname><given-names>G.</given-names></name></person-group></element-citation></ref><ref id="B5"><element-citation publication-type="book"><source>Levantamento de cobertura vacinal em Porto Alegre</source><date><year>1983</year></date><person-group><name><surname>MENEGHEL</surname><given-names>S.N.</given-names></name><name><surname>MENEGHEL</surname><given-names>S.N.</given-names></name></person-group></element-citation></ref><ref id="B6"><element-citation publication-type="article"><article-title>Vigilância Epidemiológica do tétano no Rio Grande do Sul</article-title><source>Bol. Ofic. Sanit. Panam.</source><date><month>08</month><year>1988</year></date><fpage>139</fpage><lpage>149</lpage><issue>2</issue><volume>105</volume><person-group><name><surname>MENEGHEL</surname><given-names>S. N.</given-names></name></person-group></element-citation></ref><ref id="B7"><element-citation publication-type="book"><source>Guia de Vigilância Epidemiológica</source><date><year>1985</year></date></element-citation></ref><ref id="B8"><element-citation publication-type="book"><source>Vigilância Epidemiológica do tétano no Brasil</source><date><year>1987</year></date></element-citation></ref><ref id="B9"><element-citation publication-type="book"><source>Plan Decenal de Salud para las Américas</source><date><year>1973</year></date></element-citation></ref><ref id="B10"><element-citation publication-type="conference"><source>Anais</source><person-group><name><surname>POSSOLI</surname><given-names>S.</given-names></name><name><surname>FARACO</surname><given-names>C.</given-names></name></person-group></element-citation></ref><ref id="B11"><element-citation publication-type="article"><article-title>Use of tetanus toxoid for the prevention of neonatal tetanus: Immunization acceptance among pregnant Women in rural Bangladesh</article-title><source>Bull WHO</source><date><year>1982</year></date><fpage>269</fpage><lpage>277</lpage><issue>2</issue><volume>60</volume><person-group><name><surname>RAHMAN</surname><given-names>M.</given-names></name></person-group></element-citation></ref><ref id="B12"><element-citation publication-type="book"><source>O que é questão agrária</source><date><year>1986</year></date><person-group><name><surname>SILVA</surname><given-names>José F. G. da</given-names></name><name><surname>SILVA</surname><given-names>José F. G. da</given-names></name></person-group></element-citation></ref><ref id="B13"><element-citation publication-type="article"><article-title>Mortalidade infantil e estrutura agrária no Rio Grande do Sul</article-title><source>Ciência e Cultura</source><date><year>1980</year></date><issue>9</issue><volume>32</volume><person-group><name><surname>VICTORA</surname><given-names>C.</given-names></name><name><surname>BLANK</surname><given-names>N.</given-names></name></person-group></element-citation></ref><ref id="B14"><element-citation publication-type="book"><source>Weekly Epidemiológical Record.</source><date><year>1987</year></date><fpage>329</fpage><volume>62</volume></element-citation></ref></ref-list></back></article></articles>