<articles xmlns:xsi="http://www.w3.org/2001/XMLSchema-instance" xsi:schemaLocation="https://raw.githubusercontent.com/scieloorg/articles_meta/master/tests/xsd/scielo_sci/ThomsonReuters_publishing.xsd" dtd-version="1.10"><article lang_id="pt" article-type="research-article"><front><journal-meta><journal-id journal-id-type="publisher">csp</journal-id><journal-title-group><journal-title>Cadernos de Saúde Pública</journal-title><abbrev-journal-title>Cad. Saúde Pública</abbrev-journal-title></journal-title-group><issn>1678-4464</issn><collection>SciELO Brazil</collection><publisher><publisher-name>Escola Nacional de Saúde Pública Sergio Arouca, Fundação Oswaldo Cruz</publisher-name></publisher></journal-meta><article-meta><unique-article-id pub-id-type="publisher-id">S0102-311X1986000300003</unique-article-id><article-id pub-id-type="publisher-id">S0102-311X1986000300003</article-id><article-id pub-id-type="doi">10.1590/S0102-311X1986000300003</article-id><article-categories><subj-group><subject>Health Policy &amp; Services</subject></subj-group></article-categories><title-group><article-title lang_id="pt">Acerca do saber e da prática de enfermagem</article-title></title-group><contrib-group><contrib contrib-type="author"><name><surname>Rocha</surname><given-names>Juan Stuardo Yazlle</given-names></name><role>ND</role><xref ref-type="aff" rid="A01"/></contrib></contrib-group><aff id="A01"><institution>Universidade de São Paulo</institution><country>Brazil</country></aff><pub-date><month>09</month><year>1986</year></pub-date><volume>2</volume><issue>3</issue><fpage>297</fpage><lpage>303</lpage><permissions><license license-type="open-access" href="http://creativecommons.org/licenses/by-nc/4.0/"><license-p>This work is licensed under a Creative Commons Attribution-NonCommercial 4.0 International License.</license-p></license></permissions><self-uri href="http://www.scielo.br/scielo.php?script=sci_arttext&amp;pid=S0102-311X1986000300003&amp;lng=en&amp;tlng=en" content-type="full_text_page"/><self-uri href="http://www.scielosp.org/scielo.php?script=sci_issuetoc&amp;pid=0102-311X19860003&amp;lng=en" content-type="issue_page"/><self-uri href="http://www.scielosp.org/scielo.php?script=sci_serial&amp;pid=0102-311X&amp;lng=en" content-type="journal_page"/><abstract lang_id="pt"><p>O estudo do Saber e da Prática da Enfermagem, desde uma perspectiva histórico-social, permite compreender a inserção e significado social da profissão como também os seus conflitos e contradições. De prática autônoma a Enfermagem evoluiu para uma prática subordinada dentro do modelo médico de assistência à saúde instituído após a Revolução Industrial Ao carecer de objeto e projeto específicos, carece também de um saber autônomo. A crise na profissão configura-se pela dissociação entre prática, saber e domínio institucional. As intensas transformações em desenvolvimento no setor saúde permitem a discussão de diferentes perspectivas que se abrem à Enfermagem profissional.</p></abstract><trans-abstract lang_id="en"><p>From an historic and social approach, the study of the knowledge and practising of nursering allows us to understand the social insertion and meaning of this profession, as well as its conflicts and contradictions. It evolved from an autonomous practising to a subordination to the health care medical model developed since the Industrial Revolution. In the absence of a specific object or program, nursering lacks also for an autonomous knowledge. Profession crisis is present in the dissociation among practising, knowledge and institutional control Health sector's continuous changes enable to study different and new perspectives related to professional nursering.</p></trans-abstract></article-meta></front><back><ref-list><ref id="B1"><element-citation publication-type="thesis"><source>Estudo do saber de enfermagem e sua dimensão prático</source><date><year>1984</year></date><person-group><name><surname>ALMEIDA</surname><given-names>M.C.P.</given-names></name><name><surname>ALMEIDA</surname><given-names>M.C.P.</given-names></name></person-group></element-citation></ref><ref id="B2"><element-citation publication-type="thesis"><source>Medicina e história: raízes sociais do trabalho médico</source><date><year>1979</year></date><person-group><name><surname>GONÇALVES</surname><given-names>R.B.M.</given-names></name><name><surname>GONÇALVES</surname><given-names>R.B.M.</given-names></name></person-group></element-citation></ref></ref-list></back></article></articles>