<articles xmlns:xsi="http://www.w3.org/2001/XMLSchema-instance" xsi:schemaLocation="https://raw.githubusercontent.com/scieloorg/articles_meta/master/tests/xsd/scielo_sci/ThomsonReuters_publishing.xsd" dtd-version="1.10"><article lang_id="pt" article-type="research-article"><front><journal-meta><journal-id journal-id-type="publisher">csp</journal-id><journal-title-group><journal-title>Cadernos de Saúde Pública</journal-title><abbrev-journal-title>Cad. Saúde Pública</abbrev-journal-title></journal-title-group><issn>1678-4464</issn><collection>SciELO Public Health</collection><publisher><publisher-name>Escola Nacional de Saúde Pública Sergio Arouca, Fundação Oswaldo Cruz</publisher-name></publisher></journal-meta><article-meta><unique-article-id pub-id-type="publisher-id">S0102-311X1992000400011</unique-article-id><article-id pub-id-type="publisher-id">S0102-311X1992000400011</article-id><article-id pub-id-type="doi">10.1590/S0102-311X1992000400011</article-id><article-categories><subj-group><subject>Health Policy &amp; Services</subject></subj-group></article-categories><title-group><article-title lang_id="pt">Controle da anemia ferropriva em pré-escolares por meio da fortificação de alimento com concentrado de Hemoglobina Bovina (estudo preliminar)</article-title><trans-title-group lang_id="en"><trans-title>Iron deficiency anemia control in pre-school children by food fortification with Bovine Hemoglobin (preliminary study)</trans-title></trans-title-group></title-group><contrib-group><contrib contrib-type="author"><name><surname>Nogueira</surname><given-names>Nadir N.</given-names></name><role>ND</role><xref ref-type="aff" rid="A01"/></contrib><contrib contrib-type="author"><name><surname>Colli</surname><given-names>Célia</given-names></name><role>ND</role><xref ref-type="aff" rid="A02"/></contrib><contrib contrib-type="author"><name><surname>Cozzolino</surname><given-names>Silvia M. F.</given-names></name><role>ND</role><xref ref-type="aff" rid="A02"/></contrib></contrib-group><aff id="A01"><institution>Universidade Federal do Piauí</institution><country>Brazil</country></aff><aff id="A02"><institution>Universidade de São Paulo</institution><country>Brazil</country></aff><pub-date><month>12</month><year>1992</year></pub-date><volume>8</volume><issue>4</issue><fpage>459</fpage><lpage>465</lpage><permissions><license license-type="open-access" href="http://creativecommons.org/licenses/by/4.0/"><license-p>This work is licensed under a Creative Commons Attribution 4.0 International License.</license-p></license></permissions><self-uri href="http://www.scielosp.org/scielo.php?script=sci_arttext&amp;pid=S0102-311X1992000400011&amp;lng=en&amp;tlng=en" content-type="full_text_page"/><self-uri href="http://www.scielosp.org/scielo.php?script=sci_issuetoc&amp;pid=0102-311X19920004&amp;lng=en" content-type="issue_page"/><self-uri href="http://www.scielosp.org/scielo.php?script=sci_serial&amp;pid=0102-311X&amp;lng=en" content-type="journal_page"/><abstract lang_id="pt"><p>O efeito da introdução de biscoitos fortificados com ferro hemínico no estado de nutrição de ferro de pré-escolares foi avaliado em um estudo piloto que inclui 16 crianças, com idade entre 2 e 4 anos, de uma creche pública do estado do Piauí. A fonte de ferro utilizada foi o sangue bovino seco pelo processo de leito de jorro, uma alternativa para a secagem em spray, adaptada para a secagem de sangue. À primeira tomada de amostra, detectou-se anemia (Hb &lt; 11 g/dL) em 12 crianças (75%). O valor médio de Hb foi de 9,4 2,6 g/dL. Os biscoitos fortificados com 3% de concentrado de hemoglobina bovina foram introduzidos na dieta oferecida (5 biscoitos (4mg Fe)/d) durante 3 meses. Após esse período, houve aumento da concentração de hemoglobina em todas as crianças e ausência de anemia (Hb = 13,2 0,2 g/dL). Os resultados obtidos apontam para a utilização do sangue total seco como uma fonte de ferro hemínico possível de ser utilizada na fortificação de alimentos, principalmente dirigidos a grupos de risco de anemia por deficiência de ferro, como é o caso dos pré-escolares.</p></abstract><trans-abstract lang_id="en"><p>The effect of hemoglobin-fortified cookies on hemoglobin (Hb) levels of 16 children (2 to 4 years of age) were evaluated The children were attending a day nursery managed under the Social Welfare Service of the State of Piauí (northeast Brazil). All children were iron deficient according to the average transferrin saturation of 7.1 + 3,7 %, and 12 (75%) of them were anemic (Hb &lt; 11 g/dL). The average Hb concentration was 9.4 + 2,6 g/dL. Cookies fortified with 3% bovine concentrate (dried by the sponted bed technique) were offered to the children over the course of 90 days (5 cookies (4mg Fe)/child/d), with total iron intake of approximately 8 mg Fe/d. After the experimental period the levels of Hb in all children had risen to levels above 11.0 g/dL (average 13,2 + 0,2 g/dL). The results demonstrate the possibility of using dried Hb concentrate in food-fortification programs aimed at meeting daily iron requirements for pre-school and school children in Brazil.</p></trans-abstract><kwd-group lang_id="en" kwd-group-type="author-generated"><kwd>Fortification</kwd><kwd>Iron</kwd><kwd>Anemia</kwd><kwd>Pre-School Children</kwd><kwd>Bovine Hemoglobin</kwd></kwd-group><kwd-group lang_id="pt" kwd-group-type="author-generated"><kwd>Fortificação</kwd><kwd>Ferro</kwd><kwd>Anemia</kwd><kwd>Pré-Escolares</kwd><kwd>Hemoglobina Bovina</kwd></kwd-group></article-meta></front><back><ref-list><ref id="B1"><element-citation publication-type="article"><article-title>Use of a bovine heme iron concentrate in the fortification of biscuits</article-title><source>Journal of Food Science</source><date><year>1985</year></date><fpage>795</fpage><lpage>799</lpage><volume>50</volume><person-group><name><surname>ASENJO</surname><given-names>J. A.</given-names></name><name><surname>AMAR</surname><given-names>M.</given-names></name><name><surname>CARTAGENA</surname><given-names>N.</given-names></name><name><surname>KING</surname><given-names>J.</given-names></name><name><surname>HICHE</surname><given-names>E.</given-names></name><name><surname>STEKEL</surname><given-names>A.</given-names></name></person-group></element-citation></ref></ref-list></back></article></articles>