<articles xmlns:xsi="http://www.w3.org/2001/XMLSchema-instance" xsi:schemaLocation="https://raw.githubusercontent.com/scieloorg/articles_meta/master/tests/xsd/scielo_sci/ThomsonReuters_publishing.xsd" dtd-version="1.10"><article lang_id="pt" article-type="research-article"><front><journal-meta><journal-id journal-id-type="publisher">csp</journal-id><journal-title-group><journal-title>Cadernos de Saúde Pública</journal-title><abbrev-journal-title>Cad. Saúde Pública</abbrev-journal-title></journal-title-group><issn>1678-4464</issn><collection>SciELO Brazil</collection><publisher><publisher-name>Escola Nacional de Saúde Pública Sergio Arouca, Fundação Oswaldo Cruz</publisher-name></publisher></journal-meta><article-meta><unique-article-id pub-id-type="publisher-id">S0102-311X1987000400008</unique-article-id><article-id pub-id-type="publisher-id">S0102-311X1987000400008</article-id><article-id pub-id-type="doi">10.1590/S0102-311X1987000400008</article-id><article-categories><subj-group><subject>Health Policy &amp; Services</subject></subj-group></article-categories><title-group><article-title lang_id="pt">As endemias rurais na Folha SA.22 Belém, do projeto RADAM</article-title></title-group><contrib-group><contrib contrib-type="author"><name><surname>Aragão</surname><given-names>Mario B.</given-names></name><role>ND</role><xref ref-type="aff" rid="A01"/></contrib></contrib-group><aff id="A01"><institution>Fundação Oswaldo Cruz</institution><country>Brazil</country></aff><pub-date><month>12</month><year>1987</year></pub-date><volume>3</volume><issue>4</issue><fpage>469</fpage><lpage>472</lpage><permissions><license license-type="open-access" href="http://creativecommons.org/licenses/by-nc/4.0/"><license-p>This work is licensed under a Creative Commons Attribution-NonCommercial 4.0 International License.</license-p></license></permissions><self-uri href="http://www.scielo.br/scielo.php?script=sci_arttext&amp;pid=S0102-311X1987000400008&amp;lng=en&amp;tlng=en" content-type="full_text_page"/><self-uri href="http://www.scielosp.org/scielo.php?script=sci_issuetoc&amp;pid=0102-311X19870004&amp;lng=en" content-type="issue_page"/><self-uri href="http://www.scielosp.org/scielo.php?script=sci_serial&amp;pid=0102-311X&amp;lng=en" content-type="journal_page"/><abstract lang_id="pt"><p>Utilizando dados sobre as endemias rurais ou seus vetores e os mapas geológico, geomorfológico e de vegetação, foi possível separar áreas onde essas endemias podem ou não ocorrer. A malária não ocorre num tipo de chapada e noutro de várzea. Só estará livre de leishmaniose muco-cutânea a floresta da placínie aluvial. Já a cutânea difusa é restrita a algumas matas de várzea. Os caramujos hospedeiros intermediários da esquitossomose poderão aparecer, depois do desmatamento, em todas as áreas não sujeitas a inundação. A febre amarela tem ocorrido em todas as florestas e até nas matas ciliares das zonas campestres.</p></abstract><trans-abstract lang_id="en"><p>Using data from endemic diseases from rural areas and their vectors and geologic, geomorphological and vegetation maps it was possible to plot areas where these diseases are possible to occur. Malaria is not found in one type of plateau and in another type of floodplain. Only the floodplains are free of muco-cutaneous leishmaniasis and the diffuse cutaneous form is restricted to some floodplains forest. Snail intermediate host of schistosomiasis can appear, after deforestation, in all areas presently not periodically flooded. Yellow fever has been found in all forest types, including the gallery forest of grasland zones.</p></trans-abstract><kwd-group lang_id="en" kwd-group-type="author-generated"><kwd>RADAM Project</kwd><kwd>Brazil, Amazon</kwd><kwd>Malaria</kwd><kwd>Leishmaniasis</kwd><kwd>Schistosomiasis</kwd><kwd>Yellow fever</kwd></kwd-group><kwd-group lang_id="pt" kwd-group-type="author-generated"><kwd>Projeto RADAM</kwd><kwd>Brasil, Amazônia</kwd><kwd>Malária</kwd><kwd>Leishmaniose</kwd><kwd>Esquistossomose</kwd><kwd>Febre amarela</kwd></kwd-group></article-meta></front><back><ref-list><ref id="B1"><element-citation publication-type="article"><article-title>Caracterização zoogeográfica da Província Amazônica: I - Expedições científicas na Amazônia Brasileira</article-title><source>An. Acad. brasil. Ciênc.</source><date><year>1974</year></date><fpage>133</fpage><lpage>58</lpage><volume>46</volume><person-group><name><surname>AVILA-PIRES</surname><given-names>F. D.</given-names></name></person-group></element-citation></ref><ref id="B2"><element-citation publication-type="book"><source>Projeto Radam. Folha SA. 22 Belém: geologia, geomorfologia, solos, vegetação e uso potencial da térra</source><date><year>1974</year></date></element-citation></ref><ref id="B3"><element-citation publication-type="article"><article-title>Notas sobre a distribuição e a biologia dos anofelinos das regiões nordestina e amazônica do Brasil</article-title><source>Rev. Serv. Esp. Saúde Publ.</source><date><year>1948</year></date><fpage>827 966</fpage><volume>1</volume><person-group><name><surname>DEANE</surname><given-names>L. M.</given-names></name><name><surname>CAUSEY</surname><given-names>O. R.</given-names></name><name><surname>DEANE</surname><given-names>M. P.</given-names></name></person-group></element-citation></ref><ref id="B4"><element-citation publication-type="article"><article-title>50 anos de parasitologia</article-title><source>Ciência Hoje</source><date><year>1987</year></date><fpage>62</fpage><lpage>70</lpage><volume>6</volume><person-group><name><surname>DEANE</surname><given-names>L. M.</given-names></name><name><surname>DEANE</surname><given-names>M. P.</given-names></name></person-group></element-citation></ref><ref id="B5"><element-citation publication-type="book"><source>Oswaldo Gonçalves Cruz: Opera Omnia</source><date><year>1972</year></date><person-group><name><surname>Bustamante</surname><given-names>E.</given-names></name><name><surname>Bustamante</surname><given-names>E.</given-names></name></person-group></element-citation></ref><ref id="B6"><element-citation publication-type="book"><source>Profeto Radam. Folha SA. 22 Belém</source><date><year>1974</year></date><person-group><name><surname>JAPIASSÚ</surname><given-names>A. M. S.</given-names></name><name><surname>GOES-FILHO</surname><given-names>L.</given-names></name></person-group></element-citation></ref><ref id="B7"><element-citation publication-type="article"><article-title>Leishmanias and Leishmaniasis of the New World, with particular reference to Brasil</article-title><source>Bull. Pan Amer. Hilth Org.</source><date><year>1973</year></date><fpage>1</fpage><lpage>19</lpage><volume>7</volume><person-group><name><surname>LAISON</surname><given-names>R.</given-names></name><name><surname>SHAW</surname><given-names>J. J.</given-names></name></person-group></element-citation></ref><ref id="B8"><element-citation publication-type="article"><article-title>Moluscos planorbídeos da Amazônia</article-title><source>Atas do Simpósio da Biota Amazônica</source><date><year>1967</year></date><fpage>187</fpage><lpage>94</lpage><volume>3</volume><person-group><name><surname>PARAENSE</surname><given-names>W. L.</given-names></name></person-group></element-citation></ref></ref-list></back></article></articles>