<articles xmlns:xsi="http://www.w3.org/2001/XMLSchema-instance" xsi:schemaLocation="https://raw.githubusercontent.com/scieloorg/articles_meta/master/tests/xsd/scielo_sci/ThomsonReuters_publishing.xsd" dtd-version="1.10"><article lang_id="pt" article-type="research-article"><front><journal-meta><journal-id journal-id-type="publisher">csp</journal-id><journal-title-group><journal-title>Cadernos de Saúde Pública</journal-title><abbrev-journal-title>Cad. Saúde Pública</abbrev-journal-title></journal-title-group><issn>1678-4464</issn><collection>SciELO Public Health</collection><publisher><publisher-name>Escola Nacional de Saúde Pública Sergio Arouca, Fundação Oswaldo Cruz</publisher-name></publisher></journal-meta><article-meta><unique-article-id pub-id-type="publisher-id">S0102-311X1987000400006</unique-article-id><article-id pub-id-type="publisher-id">S0102-311X1987000400006</article-id><article-id pub-id-type="doi">10.1590/S0102-311X1987000400006</article-id><article-categories><subj-group><subject>Health Policy &amp; Services</subject></subj-group></article-categories><title-group><article-title lang_id="pt">Por um modelo de formulação de políticas de saúde baseado no enfoque estratégico da planificação</article-title></title-group><contrib-group><contrib contrib-type="author"><name><surname>Uribe Rivera</surname><given-names>Francisco Javier</given-names></name><role>ND</role><xref ref-type="aff" rid="A01"/></contrib></contrib-group><aff id="A01"><institution>FIOCRUZ</institution></aff><pub-date><month>12</month><year>1987</year></pub-date><volume>3</volume><issue>4</issue><fpage>444</fpage><lpage>462</lpage><permissions><license license-type="open-access" href="http://creativecommons.org/licenses/by/4.0/"><license-p>This work is licensed under a Creative Commons Attribution 4.0 International License.</license-p></license></permissions><self-uri href="http://www.scielosp.org/scielo.php?script=sci_arttext&amp;pid=S0102-311X1987000400006&amp;lng=en&amp;tlng=en" content-type="full_text_page"/><self-uri href="http://www.scielosp.org/scielo.php?script=sci_issuetoc&amp;pid=0102-311X19870004&amp;lng=en" content-type="issue_page"/><self-uri href="http://www.scielosp.org/scielo.php?script=sci_serial&amp;pid=0102-311X&amp;lng=en" content-type="journal_page"/><abstract lang_id="pt"><p>O artigo desenvolve, inicialmente, uma análise das premissas teóricas do planejamento estratégico, em contraposição à lógica do enfoque normativo do planejamento. Em um segundo momento, o autor discute um modelo de formulação de políticas de saúde, baseado nas premissas do enfoque estratégico.</p></abstract></article-meta></front><back><ref-list><ref id="B1"><element-citation publication-type="book"><source>Estratégia y Plan Siglo XXI</source><date><year>1978</year></date><volume>II</volume><person-group><name><surname>MATUS</surname><given-names>Carlos</given-names></name><name><surname>MATUS</surname><given-names>Carlos</given-names></name></person-group></element-citation></ref></ref-list></back></article></articles>