<articles xmlns:xsi="http://www.w3.org/2001/XMLSchema-instance" xsi:schemaLocation="https://raw.githubusercontent.com/scieloorg/articles_meta/master/tests/xsd/scielo_sci/ThomsonReuters_publishing.xsd" dtd-version="1.10"><article lang_id="pt" article-type="research-article"><front><journal-meta><journal-id journal-id-type="publisher">csp</journal-id><journal-title-group><journal-title>Cadernos de Saúde Pública</journal-title><abbrev-journal-title>Cad. Saúde Pública</abbrev-journal-title></journal-title-group><issn>1678-4464</issn><collection>SciELO Brazil</collection><publisher><publisher-name>Escola Nacional de Saúde Pública Sergio Arouca, Fundação Oswaldo Cruz</publisher-name></publisher></journal-meta><article-meta><unique-article-id pub-id-type="publisher-id">S0102-311X1990000300006</unique-article-id><article-id pub-id-type="publisher-id">S0102-311X1990000300006</article-id><article-id pub-id-type="doi">10.1590/S0102-311X1990000300006</article-id><article-categories><subj-group><subject>Health Policy &amp; Services</subject></subj-group></article-categories><title-group><article-title lang_id="pt">Avaliação de dados nosológicos em prontuários ambulatoriais</article-title></title-group><contrib-group><contrib contrib-type="author"><name><surname>Mendonça</surname><given-names>Maria Cristina L. G. de</given-names></name><role>ND</role><xref ref-type="aff" rid="A01"/></contrib><contrib contrib-type="author"><name><surname>Souza</surname><given-names>Maria Suzana de L.</given-names></name><role>ND</role><xref ref-type="aff" rid="A02"/></contrib><contrib contrib-type="author"><name><surname>Nehmy</surname><given-names>Rosa Maria Q.</given-names></name><role>ND</role><xref ref-type="aff" rid="A03"/></contrib><contrib contrib-type="author"><name><surname>Cunha</surname><given-names>Eli G. A.</given-names></name><role>ND</role><xref ref-type="aff" rid="A01"/></contrib><contrib contrib-type="author"><name><surname>Bichuetti</surname><given-names>Jorge A. N.</given-names></name><role>ND</role><xref ref-type="aff" rid="A03"/></contrib><contrib contrib-type="author"><name><surname>Santos</surname><given-names>Alaneir F. dos</given-names></name><role>ND</role><xref ref-type="aff" rid="A03"/></contrib></contrib-group><aff id="A01"><institution>Universidade Federal de Minas Gerais</institution><country>Brazil</country></aff><aff id="A03"><institution>Universidade Federal de Minas Gerais</institution><country>Brazil</country></aff><aff id="A02"><institution>Universidade Federal de Minas Gerais</institution><country>Brazil</country></aff><pub-date><month>09</month><year>1990</year></pub-date><volume>6</volume><issue>3</issue><fpage>293</fpage><lpage>305</lpage><permissions><license license-type="open-access" href="http://creativecommons.org/licenses/by-nc/4.0/"><license-p>This work is licensed under a Creative Commons Attribution-NonCommercial 4.0 International License.</license-p></license></permissions><self-uri href="http://www.scielo.br/scielo.php?script=sci_arttext&amp;pid=S0102-311X1990000300006&amp;lng=en&amp;tlng=en" content-type="full_text_page"/><self-uri href="http://www.scielo.br/scielo.php?script=sci_issuetoc&amp;pid=0102-311X19900003&amp;lng=en" content-type="issue_page"/><self-uri href="http://www.scielosp.org/scielo.php?script=sci_serial&amp;pid=0102-311X&amp;lng=en" content-type="journal_page"/><abstract lang_id="pt"><p>A Medicina Social tem enfrentado inúmeras dificuldades na construção de metodologias que permitam uma correlação entre o marco teórico desenhado e a realidade sensível. Nas investigações em Saúde Coletiva, os dados nosológicos se constituem numa questão da maior importância, pois estes representam as informações básicas sobre as quais se construirão os estudos epidemiológicos, o planejamento e a organização dos serviços de saúde. O estudo se propõe a analisar: (a) os alcances e limites da qualidade dos dados nosológicos contidos em prontuários de pacientes ambulatoriais; (b) os sistemas classificatórios de doença utilizados na organização destes dados. Foram selecionados, por amostra aleatória, 340 prontuários de pacientes de ambulatório do Hospital das Clínicas da Universidade Federal de Minas Gerais, registrados no período de 01/07/87 a 30/06/88. Analisou-se a presença da hipótese diagnóstica (HD) na folha de anamnese e exame físico, a legibilidade e a apresentação deste dado. A descrição das HDs encontradas foram agrupadas segundo o padrão da Classificação Internacional das Doenças (CID - 9). As HDs que não se enquadravam na CID foram, também, analisadas. O estudo concluiu que: (a) os dados nosológicos registrados seguem a lógica da CID. Esta tem um padrão no qual enquadra-se o raciocínio clínico, refletindo a concepção hegemônica da medicina científica. Apesar de buscar em suas contínuas revisões um maior grau de especificidade, a CID incorporou mecanismos que refletem suas limitações: a existência da categoria de Sinais, Sintomas e Estados Maldefinidos e a presença, em todas as categorias, de um dígito que expressa a não-especificidade. No estudo realizado, em 83% dos prontuários, as HDs eram codificáveis pela CID, apesar de seu uso não estar normatizado; 6% das HDs encontravam-se na categoria de Sinais, Sintomas e Estados Mórbidos Maldefinidos e 38% não possuíam o grau de especificidade pretendido pela CID; (b) a análise das HDs não-classificáveis evidenciou que a CID não incorpora a caracterização de aspectos normais, típicos da Pediatria; as conclusões nosológicas analíticas, presentes na Psiquiatria, e a dimensão da doença; (c) nenhum dos sistemas classificatórios alternativos analisados responde aos limites da CID.</p></abstract><trans-abstract lang_id="en"><p>The Social Medicine has faced several difficulties in elaborating methodologies that allow a correlation between the theoretical mark designed and the sensitive reality. Within the investigations in collective health, the nosologic data represent a question of great importance since they constitute the basic information upon which the epidemiologic studies, planning and the organization of health services are based. This study aims at analysing: (a) the spectrum and limits of the nosologic data quality, as registered in medical records at outpatient clinics; (b) the classificatory systems used in the organization of such data. 340 medical records were randomly selected from outpatient clinics at the University Hospital - UFMG from July 1, 87 thru June 30, 88. The registration of the diagnostic hypothesis (DH) and its readibility and presentation were analysed. The DH's were grouped according to the ICD (ICD-9). Those DH's not classifiable by the ICD were also analysed. The study concluded: (a) the nosologic data registered follow the ICD logic; i.e., standard characteristics which follow the clinical reasoning, reflecting the hegemonic conception of the scientific medicine. Despite the continuing revisions, searching for greater specificity, the ICD has incorporated mechanisms which reflect its limitations: the existence of the category Ill Defined Signs, Symptoms, and Morbid States and the presence of a digit in every category that expresses the non-specificity. In the present study, 83% of the records had DH's coded by ICD; 6% of the DH's were in the category Ill Defined Signs, Symptoms, and Morbid States, and 38% did not attain the specificity intended by the ICD; (b) the analysis of those DH's not classifiable, showed that the ICD has not incorporated the characterization of the normal parameters of pediatrics; the analytical nosological conclusions present in psychiatry and the social dimension of disease; (c) none of the alternative classificatory systems analysed answers the limits of ICD.</p></trans-abstract></article-meta></front><back><ref-list><ref id="B1"><element-citation publication-type="book"><source>Epidemiologia, economia, medicina e política</source><date><year>1979</year></date><person-group><name><surname>BREILH</surname><given-names>J.</given-names></name><name><surname>BREILH</surname><given-names>J.</given-names></name></person-group></element-citation></ref><ref id="B2"><element-citation publication-type="book"><source>Saúde na sociedade</source><date><year>1986</year></date><person-group><name><surname>BREILH</surname><given-names>J.</given-names></name><name><surname>GRANDA</surname><given-names>E.</given-names></name><name><surname>BREILH</surname><given-names>J.</given-names></name><name><surname>GRANDA</surname><given-names>E.</given-names></name></person-group></element-citation></ref><ref id="B3"><element-citation publication-type="book"><source>Estúdio sobre salud y educación médica, modelo global para el sector salud</source><date><year>1970</year></date><person-group><name><surname>CHORNY</surname><given-names>A. H.</given-names></name><name><surname>CHORNY</surname><given-names>A. H.</given-names></name></person-group></element-citation></ref><ref id="B4"><element-citation publication-type="book"><source>El nascimiento de la clínica</source><date><year>1966</year></date><person-group><name><surname>FOUCAULT</surname><given-names>M.</given-names></name><name><surname>FOUCAULT</surname><given-names>M.</given-names></name></person-group></element-citation></ref><ref id="B5"><element-citation publication-type="article"><article-title>Enfermedad y desarrollo</article-title><source>Revista Mexicana de Ciencias Políticas</source><date><year>1976</year></date><fpage>131 </fpage><lpage> 8</lpage><issue>83</issue><volume>22</volume><person-group><name><surname>LAURELL</surname><given-names>A. C.</given-names></name></person-group></element-citation></ref><ref id="B6"><element-citation publication-type="book"><source>El desgaste obrero en México</source><date><year>1983</year></date><person-group><name><surname>LAURELL</surname><given-names>A. C.</given-names></name><name><surname>MARQUEZ</surname><given-names>M.</given-names></name><name><surname>LAURELL</surname><given-names>A. C.</given-names></name><name><surname>MARQUEZ</surname><given-names>M.</given-names></name></person-group></element-citation></ref><ref id="B7"><element-citation publication-type="book"><source>Utilização da CID na prática e na pesquisa clínica</source><date><year>1983</year></date><person-group><name><surname>LEBRÃO</surname><given-names>M. C.</given-names></name><name><surname>LEBRÃO</surname><given-names>M. C.</given-names></name></person-group></element-citation></ref><ref id="B8"><element-citation publication-type="book"><source>Estudo sobre os registros de dados nosológicos, demográficos e administrativos em prontuários de pacientes ambulatoriais - HC/UFMG</source><date><year>1988</year></date></element-citation></ref><ref id="B9"><element-citation publication-type="book"><source>Manual de classificação estatística internacional de doenças, lesões e causas de óbito: 9ª Revisão (1975)</source><date><year>1978</year></date></element-citation></ref><ref id="B10"><element-citation publication-type="book"><source>Classificação Internacional de Assistência Primária (Ciap)</source></element-citation></ref></ref-list></back></article></articles>