<articles xmlns:xsi="http://www.w3.org/2001/XMLSchema-instance" xsi:schemaLocation="https://raw.githubusercontent.com/scieloorg/articles_meta/master/tests/xsd/scielo_sci/ThomsonReuters_publishing.xsd" dtd-version="1.10"><article lang_id="pt" article-type="research-article"><front><journal-meta><journal-id journal-id-type="publisher">csp</journal-id><journal-title-group><journal-title>Cadernos de Saúde Pública</journal-title><abbrev-journal-title>Cad. Saúde Pública</abbrev-journal-title></journal-title-group><issn>1678-4464</issn><collection>SciELO Brazil</collection><publisher><publisher-name>Escola Nacional de Saúde Pública Sergio Arouca, Fundação Oswaldo Cruz</publisher-name></publisher></journal-meta><article-meta><unique-article-id pub-id-type="publisher-id">S0102-311X1993000200013</unique-article-id><article-id pub-id-type="publisher-id">S0102-311X1993000200013</article-id><article-id pub-id-type="doi">10.1590/S0102-311X1993000200013</article-id><article-categories><subj-group><subject>Health Policy &amp; Services</subject></subj-group></article-categories><title-group><article-title lang_id="pt">Reorganização dos serviços de saúde: algumas considerações acerca da relação entre a descentralização, autonomia local e a participação do cidadão</article-title><trans-title-group lang_id="en"><trans-title>The reorganization of health services: reflections on the relationship between decentralization, local autonomy and citizens' participation</trans-title></trans-title-group></title-group><contrib-group><contrib contrib-type="author"><name><surname>Gawryszewski</surname><given-names>Virginia</given-names></name><role>ND</role></contrib></contrib-group><aff id="A01"><institution>Fundação Oswaldo Cruz</institution><country>Brazil</country></aff><pub-date><month>06</month><year>1993</year></pub-date><volume>9</volume><issue>2</issue><fpage>210</fpage><lpage>215</lpage><permissions><license license-type="open-access" href="http://creativecommons.org/licenses/by-nc/4.0/"><license-p>This work is licensed under a Creative Commons Attribution-NonCommercial 4.0 International License.</license-p></license></permissions><self-uri href="http://www.scielo.br/scielo.php?script=sci_arttext&amp;pid=S0102-311X1993000200013&amp;lng=en&amp;tlng=en" content-type="full_text_page"/><self-uri href="http://www.scielo.br/scielo.php?script=sci_issuetoc&amp;pid=0102-311X19930002&amp;lng=en" content-type="issue_page"/><self-uri href="http://www.scielosp.org/scielo.php?script=sci_serial&amp;pid=0102-311X&amp;lng=en" content-type="journal_page"/><abstract lang_id="pt"><p>Neste artigo são feitas algumas considerações históricas e teóricas acerca das categorias "descentralização", "autonomia local" e "participação do cidadão" no estudo do processo de reorganização dos serviços de saúde. Considera-se a necessidade de aprofundarem-se os estudos, no sentido de estabelecer os determinantes e os limites de uma descentralização dos serviços de saúde associada a uma maior autonomia local e a uma maior participação do cidadão. São sugeridas algumas hipóteses e a forma como desenvolvê-las.</p></abstract><trans-abstract lang_id="en"><p>This paper discusses certain historical and theoretical aspects pertaining to the concepts of decentralization, local autonomy, and citizens' participation in studies on the reorganization of health services. Further studies should be undertaken to identify determinants of and limits to the reorganization of health services, greater local autonomy and citizens' participation. Various hypotheses and future courses of study are proposed.</p></trans-abstract><kwd-group lang_id="en" kwd-group-type="author-generated"><kwd>Reorganization of Health Services</kwd><kwd>Decentralization of Health Services</kwd></kwd-group><kwd-group lang_id="pt" kwd-group-type="author-generated"><kwd>Reorganização de Serviços de Saúde</kwd><kwd>Descentralização de Serviços</kwd></kwd-group></article-meta></front><back><ref-list><ref id="B1"><element-citation publication-type="book"><source>As Mudanças Constitucionais e o Financiamento dos Programas Sociais</source><date><year>1989</year></date><person-group><name><surname>AZEREDO</surname><given-names>B.</given-names></name><name><surname>AZEREDO</surname><given-names>B.</given-names></name></person-group></element-citation></ref><ref id="B2"><element-citation publication-type="article"><article-title>Políticas neoliberales en salud: la discussión de una alternativa</article-title><source>Divulgação em Saúde para Debate</source><date><year>1990</year></date><fpage>33</fpage><lpage>37</lpage><volume>2</volume><person-group><name><surname>BELMARTINO</surname><given-names>S.</given-names></name></person-group></element-citation></ref><ref id="B3"><element-citation publication-type="book"><source>Gramsci e la Concezione della Società Civile</source><date><year>1977</year></date><person-group><name><surname>BOBBIO</surname><given-names>N.</given-names></name><name><surname>BOBBIO</surname><given-names>N.</given-names></name></person-group></element-citation></ref><ref id="B4"><element-citation publication-type="book"><source>Saúde e Trabalho no Brasil</source><date><year>1982</year></date><fpage>105</fpage><lpage>128</lpage><person-group><name><surname>BOHADANA</surname><given-names>E.</given-names></name><name><surname>Pego</surname><given-names>R. A.</given-names></name><name><surname>Pego</surname><given-names>R. A.</given-names></name></person-group></element-citation></ref><ref id="B5"><element-citation publication-type="book"><source>Dicionário de Ciências Sociais</source><date><year>1986</year></date><fpage>104</fpage><person-group><name><surname>BONNER</surname><given-names>H.</given-names></name><name><surname>Silva</surname><given-names>B.</given-names></name><name><surname>Silva</surname><given-names>B.</given-names></name></person-group></element-citation></ref><ref id="B6"><element-citation publication-type="book"><source>Demandas Populares, Políticas Públicas e Saúde</source><date><year>1989</year></date><fpage>45</fpage><lpage>65</lpage><volume>I</volume><person-group><name><surname>COSTA</surname><given-names>N. R.</given-names></name><name><surname>Costa</surname><given-names>N. R.</given-names></name><name><surname>Minayo</surname><given-names>M. C. S.</given-names></name><name><surname>Ramos</surname><given-names>C. L.</given-names></name><name><surname>Stotz</surname><given-names>E. N.</given-names></name><name><surname>Costa</surname><given-names>N. R.</given-names></name><name><surname>Minayo</surname><given-names>M. C. S.</given-names></name><name><surname>Ramos</surname><given-names>C. L.</given-names></name><name><surname>Stotz</surname><given-names>E. N.</given-names></name></person-group></element-citation></ref><ref id="B7"><element-citation publication-type="book"><source>Gramsci</source><date><year>1981</year></date><person-group><name><surname>COUTINHO</surname><given-names>C. N.</given-names></name><name><surname>COUTINHO</surname><given-names>C. N.</given-names></name></person-group></element-citation></ref><ref id="B8"><element-citation publication-type="book"><source>Reforma Sanitária: em Busca de uma Teoria</source><date><year>1989</year></date><fpage>47</fpage><lpage>60</lpage><person-group><name><surname>COUTINHO</surname><given-names>C. N.</given-names></name><name><surname>Teixeira</surname><given-names>S. F.</given-names></name><name><surname>Teixeira</surname><given-names>S. F.</given-names></name></person-group></element-citation></ref><ref id="B9"><element-citation publication-type="book"><source>Adeus ao Proletariado: para Além do Socialismo</source><date><year>1987</year></date><person-group><name><surname>GORZ</surname><given-names>A.</given-names></name><name><surname>GORZ</surname><given-names>A.</given-names></name></person-group></element-citation></ref><ref id="B10"><element-citation publication-type="book"><source>Dicionário de Ciências Sociais</source><date><year>1986</year></date><fpage>104</fpage><person-group><name><surname>HODARA</surname><given-names>J.</given-names></name><name><surname>Silva</surname><given-names>B.</given-names></name><name><surname>Silva</surname><given-names>B.</given-names></name></person-group></element-citation></ref><ref id="B11"><element-citation publication-type="book"><source>Contribuição para a Crítica da Economia Política</source><date><year>1973</year></date><person-group><name><surname>MARX</surname><given-names>K.</given-names></name><name><surname>MARX</surname><given-names>K.</given-names></name></person-group></element-citation></ref><ref id="B12"><element-citation publication-type="book"><source>A Política Social em Tempo de Crise: Articulação Institucional e Descentralização</source><date><year>1989</year></date></element-citation></ref><ref id="B13"><element-citation publication-type="article"><article-title>A Constituinte de 89 a 89</article-title><source>Revista Isto é</source><date><year>1989</year></date><fpage>138</fpage><lpage>149</lpage><volume>9</volume><person-group><name><surname>RODOTÁ</surname><given-names>S.</given-names></name></person-group></element-citation></ref><ref id="B14"><element-citation publication-type="undefined"><person-group><name><surname>SANTOS</surname><given-names>N. R.</given-names></name><name><surname>BALLONE</surname><given-names>G. T.</given-names></name><name><surname>SANTOS</surname><given-names>N. R.</given-names></name><name><surname>BALLONE</surname><given-names>G. T.</given-names></name></person-group></element-citation></ref><ref id="B15"><element-citation publication-type="article"><article-title>Movimentos de Saúde: Dificuldades à sua apreensão</article-title><source>Saúde em Debate</source><date><month>06</month><year>1989</year></date><fpage>48</fpage><lpage>51</lpage><volume>29</volume><person-group><name><surname>SOUZA</surname><given-names>L. R.</given-names></name></person-group></element-citation></ref><ref id="B16"><element-citation publication-type="book"><source>I Consigli di Quartiere: Decentramento e Partecipazione Democratica</source><date><year>1980</year></date><fpage>9</fpage><lpage>42</lpage><person-group><name><surname>STEFANINI</surname><given-names>M.</given-names></name><name><surname>Morales</surname><given-names>G.</given-names></name><name><surname>Longo</surname><given-names>G.</given-names></name><name><surname>Stefanini</surname><given-names>M.</given-names></name><name><surname>Morales</surname><given-names>G.</given-names></name><name><surname>Longo</surname><given-names>G.</given-names></name><name><surname>Stefanini</surname><given-names>M.</given-names></name></person-group></element-citation></ref><ref id="B17"><element-citation publication-type="article"><article-title>Descentralização dos serviços de saúde: dimensões analíticas</article-title><source>Revista de Administração Pública</source><date><year>1990</year></date><fpage>79</fpage><lpage>99</lpage><volume>24</volume><person-group><name><surname>TEIXEIRA</surname><given-names>S. M. F.</given-names></name></person-group></element-citation></ref></ref-list></back></article></articles>