<articles xmlns:xsi="http://www.w3.org/2001/XMLSchema-instance" xsi:schemaLocation="https://raw.githubusercontent.com/scieloorg/articles_meta/master/tests/xsd/scielo_sci/ThomsonReuters_publishing.xsd" dtd-version="1.10"><article lang_id="pt" article-type="research-article"><front><journal-meta><journal-id journal-id-type="publisher">csp</journal-id><journal-title-group><journal-title>Cadernos de Saúde Pública</journal-title><abbrev-journal-title>Cad. Saúde Pública</abbrev-journal-title></journal-title-group><issn>1678-4464</issn><collection>SciELO Brazil</collection><publisher><publisher-name>Escola Nacional de Saúde Pública Sergio Arouca, Fundação Oswaldo Cruz</publisher-name></publisher></journal-meta><article-meta><unique-article-id pub-id-type="publisher-id">S0102-311X1989000200004</unique-article-id><article-id pub-id-type="publisher-id">S0102-311X1989000200004</article-id><article-id pub-id-type="doi">10.1590/S0102-311X1989000200004</article-id><article-categories><subj-group><subject>Health Policy &amp; Services</subject></subj-group></article-categories><title-group><article-title lang_id="pt">A vigilância epidemiológica e a infecção pelo HIV</article-title></title-group><contrib-group><contrib contrib-type="author"><name><surname>Carvalho</surname><given-names>Marilia Sá</given-names></name><role>ND</role><xref ref-type="aff" rid="A01"/></contrib></contrib-group><aff id="A01"><institution>Fundação Oswaldo Cruz</institution><country>Brazil</country></aff><pub-date><month>04</month><year>1989</year></pub-date><volume>5</volume><issue>2</issue><fpage>160</fpage><lpage>168</lpage><permissions><license license-type="open-access" href="http://creativecommons.org/licenses/by-nc/4.0/"><license-p>This work is licensed under a Creative Commons Attribution-NonCommercial 4.0 International License.</license-p></license></permissions><self-uri href="http://www.scielo.br/scielo.php?script=sci_arttext&amp;pid=S0102-311X1989000200004&amp;lng=en&amp;tlng=en" content-type="full_text_page"/><self-uri href="http://www.scielosp.org/scielo.php?script=sci_issuetoc&amp;pid=0102-311X19890002&amp;lng=en" content-type="issue_page"/><self-uri href="http://www.scielosp.org/scielo.php?script=sci_serial&amp;pid=0102-311X&amp;lng=en" content-type="journal_page"/><abstract lang_id="pt"><p>Este artigo discute três métodos de obtenção da informação necessária à vigilância epidemiológica da AIDS: Inquéritos soroepidemiológicos em grupos populacionais determinados, utilização de serviços-sentinela e notificação compulsória dos soropositivos. De acordo com a experiência da equipe do Programa de Prevenção e Controle da AIDS da Secretaria Estatual de Saúde do Rio de Janeiro, quase toda a informação existente atualmente baseia-se na notificação de casos confirmados da doença. No sentido de monitorar os níveis e tendências da infecção pelo HIV, este trabalho sugere a utilização dos três métodos de vigilância discutidos, garantindo a maior efetividade do programa de prevenção e controle de AIDS.</p></abstract><trans-abstract lang_id="en"><p>This paper discusses three methods for obtaining information for the epidemiological surveillance of AIDS: seroepidemiological surveys among selected population groups sentinel surveillance approaches and compulsory notification of seropositives. As the experience of the AIDS Programme team of the State Secretariate of Health, Rio de Janeiro has shown, almost all available information focusses on the notification of confirmed cases. In attempt to monitor the levels and trends of HIV infection, this paper suggests that the three methods of surveillance should be used to ensure greater effectiveness in the prevention and control of AIDS.</p></trans-abstract></article-meta></front><back><ref-list><ref id="B1"><element-citation publication-type="article"><article-title>Padrão Epidemiológico da AIDS no Brasil</article-title><source>Boletim epidemiológico AIDS</source><date><year>1988</year></date><issue>2</issue><volume>II</volume><person-group><name><surname>CASTILHO</surname><given-names>Euclides C.</given-names></name></person-group></element-citation></ref><ref id="B2"><element-citation publication-type="article"><article-title>Prevention of AIDS and HIV Infection: Needs and Priorities for Epidemiologic Reserarch</article-title><source>Am J Public Health</source><date><month>04</month><year>1988</year></date><fpage>381</fpage><lpage>386</lpage><issue>4</issue><volume>78</volume><person-group><name><surname>CURRAN</surname><given-names>J.W.</given-names></name><name><surname>Allen</surname><given-names>J.R.</given-names></name></person-group></element-citation></ref><ref id="B3"><element-citation publication-type="article"><article-title>Monitoring the Levels and Trends of HIV Infection: the Public Health Servive's HIV Surveillance Program</article-title><source>Public Health Rep</source><date><month>06</month><year>1988</year></date><fpage>213</fpage><lpage>220</lpage><issue>3</issue><volume>103</volume><person-group><name><surname>DONDERO</surname><given-names>T.J.</given-names></name><name><surname>Pappaioanou</surname><given-names>M.</given-names></name><name><surname>Curran</surname><given-names>J. W.</given-names></name></person-group></element-citation></ref><ref id="B4"><element-citation publication-type="article"><article-title>The impact of AIDS on State and Local Health Departments: Issues and a Few Answers</article-title><source>Am J Public Health</source><date><month>04</month><year>1988</year></date><fpage>387</fpage><lpage>393</lpage><issue>4</issue><volume>78</volume><person-group><name><surname>JUDSON</surname><given-names>F. N.</given-names></name><name><surname>Vernon</surname><given-names>T. M.</given-names></name></person-group></element-citation></ref><ref id="B5"><element-citation publication-type="book"><source>Boletim Epidemiológico AIDS</source><date><year>1988</year></date><volume>II</volume></element-citation></ref><ref id="B6"><element-citation publication-type="book"><source>EPIDEMIOLÓGICO AIDS</source><date><month>12</month><year>1988</year></date><volume>II</volume></element-citation></ref><ref id="B7"><element-citation publication-type="book"><source>Programa Nacional De Controle de Doenças Sexualmente Transmissíveis e AIDS: Recomendações para a prevenção e controle da infecção pelo vírus HIV (SIDA-AIDS)</source><date><year>1987</year></date></element-citation></ref><ref id="B8"><element-citation publication-type="article"><article-title>Programa Global de SIDA-AIDS</article-title><source>Ação em SIDA-AIDS</source><date><month>08</month><year>1988</year></date><fpage>5</fpage><issue>l</issue></element-citation></ref><ref id="B9"><element-citation publication-type="book"><source>Programa de Prevenção e Controle de DST-AIDS: Dados de outubro de 1988, Rio de Janeiro</source></element-citation></ref></ref-list></back></article></articles>