<articles xmlns:xsi="http://www.w3.org/2001/XMLSchema-instance" xsi:schemaLocation="https://raw.githubusercontent.com/scieloorg/articles_meta/master/tests/xsd/scielo_sci/ThomsonReuters_publishing.xsd" dtd-version="1.10"><article lang_id="pt" article-type="research-article"><front><journal-meta><journal-id journal-id-type="publisher">csp</journal-id><journal-title-group><journal-title>Cadernos de Saúde Pública</journal-title><abbrev-journal-title>Cad. Saúde Pública</abbrev-journal-title></journal-title-group><issn>1678-4464</issn><collection>SciELO Brazil</collection><publisher><publisher-name>Escola Nacional de Saúde Pública Sergio Arouca, Fundação Oswaldo Cruz</publisher-name></publisher></journal-meta><article-meta><unique-article-id pub-id-type="publisher-id">S0102-311X1987000200002</unique-article-id><article-id pub-id-type="publisher-id">S0102-311X1987000200002</article-id><article-id pub-id-type="doi">10.1590/S0102-311X1987000200002</article-id><article-categories><subj-group><subject>Health Policy &amp; Services</subject></subj-group></article-categories><title-group><article-title lang_id="pt">Tratamento focal e perifocal contra Aëdes aegypti</article-title></title-group><contrib-group><contrib contrib-type="author"><name><surname>Lima</surname><given-names>Milton Moura</given-names></name><role>ND</role><xref ref-type="aff" rid="A01"/></contrib><contrib contrib-type="author"><name><surname>Aragão</surname><given-names>Mario B.</given-names></name><role>ND</role><xref ref-type="aff" rid="A02"/></contrib></contrib-group><aff id="A02"><institution>Fundação Oswaldo Cruz</institution><country>Brazil</country></aff><aff id="A01"><institution>Organização Pan-Americana da Saúde</institution><country>Brazil</country></aff><pub-date><month>06</month><year>1987</year></pub-date><volume>3</volume><issue>2</issue><fpage>142</fpage><lpage>147</lpage><permissions><license license-type="open-access" href="http://creativecommons.org/licenses/by-nc/4.0/"><license-p>This work is licensed under a Creative Commons Attribution-NonCommercial 4.0 International License.</license-p></license></permissions><self-uri href="http://www.scielo.br/scielo.php?script=sci_arttext&amp;pid=S0102-311X1987000200002&amp;lng=en&amp;tlng=en" content-type="full_text_page"/><self-uri href="http://www.scielo.br/scielo.php?script=sci_issuetoc&amp;pid=0102-311X19870002&amp;lng=en" content-type="issue_page"/><self-uri href="http://www.scielosp.org/scielo.php?script=sci_serial&amp;pid=0102-311X&amp;lng=en" content-type="journal_page"/><abstract lang_id="pt"><p>Em quatro bairros da cidade do Rio de Janeiro, foram feitos ensaios de tratamento focal com abate granulado a 1 ppm e perifocal com pó molhável de Sumition a 2,5%. Esses tratamentos foram feitos tanto isoladamente quanto em conjunto e, também, associados à aplicação de inseticida a ultrabaixo volume. Os índices prediais, levantados um mês depois de terminado o trabalho, mostraram que o tratamento focal dispensa qualquer medida auxiliar. O tratamento perifocal mostrou-se inócuo e incapaz de impedir o aparecimento de larvas de Aëdes aegypti e de outros insetos, em pneus pintados, na face externa, com Sumition e com Malation.</p></abstract><trans-abstract lang_id="en"><p>In four districts of the city of Rio dc Janeiro focal treatment essays with granulated Abate at 1 ppm and perifocal treatment essays with wettable powder of Sumithion at 2,5% were performed. These were made either alone or in combination as well as associated to insecticides applied at ultra low volume. The premise indices obtained one month after the treatments indicates that the focal treatment alone is effective, no other addicional methods being necessary. The perifocal treatment is not effective and did not prevent the development of Aedes aegypti larvae and other insects in tires which had their external surface painted with Sumithion and Malathion.</p></trans-abstract></article-meta></front><back><ref-list><ref id="B1"><element-citation publication-type="book"><source>Abate larvicide</source></element-citation></ref><ref id="B2"><element-citation publication-type="article"><article-title>Evaluation of five formulations of Abate against Aedes aegypti</article-title><source>Mosq. News</source><date><year>1966</year></date><fpage>580</fpage><lpage>2</lpage><volume>26</volume><person-group><name><surname>BROOKS</surname><given-names>G.D.</given-names></name><name><surname>SHOOF</surname><given-names>H.F.</given-names></name><name><surname>SMITH</surname><given-names>E.A.</given-names></name></person-group></element-citation></ref><ref id="B3"><element-citation publication-type="article"><article-title>Field study of the safety of Abate for treating potable water and observations on the effectiveness of a control programme involving both Abate and Malathion</article-title><source>Bull. Wld Hlth Org.</source><date><year>1968</year></date><fpage>439</fpage><lpage>45</lpage><volume>38</volume><person-group><name><surname>LAWS</surname><given-names>E.R.</given-names></name></person-group></element-citation></ref><ref id="B4"><element-citation publication-type="book"><source>Os serviços de saúde pública no Brasil (1808-1907): Esboço histórico</source><date><year>1978</year></date><person-group><name><surname>FALCÃO</surname><given-names>E.C.</given-names></name><name><surname>FALCÃO</surname><given-names>E.C.</given-names></name></person-group></element-citation></ref><ref id="B5"><element-citation publication-type="book"><source>História da febre-amarela no Brasil</source><date><year>1969</year></date><person-group><name><surname>FRANCO</surname><given-names>O.</given-names></name><name><surname>FRANCO</surname><given-names>O.</given-names></name></person-group></element-citation></ref></ref-list></back></article></articles>