<articles xmlns:xsi="http://www.w3.org/2001/XMLSchema-instance" xsi:schemaLocation="https://raw.githubusercontent.com/scieloorg/articles_meta/master/tests/xsd/scielo_sci/ThomsonReuters_publishing.xsd" dtd-version="1.10"><article lang_id="en" article-type="research-article"><front><journal-meta><journal-id journal-id-type="publisher">csp</journal-id><journal-title-group><journal-title>Cadernos de Saúde Pública</journal-title><abbrev-journal-title>Cad. Saúde Pública</abbrev-journal-title></journal-title-group><issn>1678-4464</issn><collection>SciELO Public Health</collection><publisher><publisher-name>Escola Nacional de Saúde Pública Sergio Arouca, Fundação Oswaldo Cruz</publisher-name></publisher></journal-meta><article-meta><unique-article-id pub-id-type="publisher-id">S0102-311X1993000400006</unique-article-id><article-id pub-id-type="publisher-id">S0102-311X1993000400006</article-id><article-id pub-id-type="doi">10.1590/S0102-311X1993000400006</article-id><article-categories><subj-group><subject>Health Policy &amp; Services</subject></subj-group></article-categories><title-group><article-title lang_id="en">Bancroftian filariasis in Belém, Pará State: possibilities for eradication by introducing modern methods of control for Culex quinquefasciatus</article-title><trans-title-group lang_id="pt"><trans-title>A filariose bancroftiana em Belém, Pará: possibilidades atuais de erradicação mediante a integração à campanha de novos métodos de controle da população de Culex quinquefasciatus</trans-title></trans-title-group></title-group><contrib-group><contrib contrib-type="author"><name><surname>Fraiha Neto</surname><given-names>Habib</given-names></name><role>ND</role><xref ref-type="aff" rid="A01"/></contrib></contrib-group><aff id="A01"><institution>Fundação Nacional de Saúde</institution><country>Brazil</country></aff><pub-date><month>12</month><year>1993</year></pub-date><volume>9</volume><issue>4</issue><fpage>458</fpage><lpage>465</lpage><permissions><license license-type="open-access" href="http://creativecommons.org/licenses/by/4.0/"><license-p>This work is licensed under a Creative Commons Attribution 4.0 International License.</license-p></license></permissions><self-uri href="http://www.scielosp.org/scielo.php?script=sci_arttext&amp;pid=S0102-311X1993000400006&amp;lng=en&amp;tlng=en" content-type="full_text_page"/><self-uri href="http://www.scielo.br/scielo.php?script=sci_issuetoc&amp;pid=0102-311X19930004&amp;lng=en" content-type="issue_page"/><self-uri href="http://www.scielosp.org/scielo.php?script=sci_serial&amp;pid=0102-311X&amp;lng=en" content-type="journal_page"/><abstract lang_id="en"><p>For the past four decades, Belém has been considered to be the largest focus of Bancroftian filariasis in the Amazon region and one of the most important ones in Brazil. In 1952, practically one-fifth of the population was infected and it was estimated that there were 2,500 cases of Bancroftian elephantiasis. The major factor considered to be responsible for this situation was the high density of the main vector species: it was calculated that in April 1943 there was a mean of 67 infected mosquitoes per house. A control campaign was initiated in 1952, involving treatment of patients with diethylcarbamazine, as well as control of the vector. In 1956, vector control was discontinued because of a lack of efficient insecticides and financial limitations. Even so, the campaign was very successful and the incidence was reduced from 19.9% to 0.03%. Total eradication could be achieved if new methods of vector control were introduced, such as the use of Reiter's expanded polystyrene balls in cesspits and pit latrines, biological control using pathogenic bacteria, and improvement of basic sanitation.</p></abstract><trans-abstract lang_id="pt"><p>Há mais de quatro décadas Belém é considerada o maior foco de bancroftose da região amazônica e um dos mais importantes do Brasil. Em 1952, praticamente um quinto de sua população apresentava microfilárias no sangue, estimando-se em 2.500 os casos de elefantíase. O fator considerado o maior condicionante de tão extraordinária freqüência era a alta densidade local do principal vetor, Culex quinquefasciatus. Em abril de 1943 calculava-se uma média de 67 fêmeas da espécie infectadas por domicílio. Uma campanha de controle foi deflagrada em 1952, incluindo busca ativa e tratamento dos casos com dietilcarbamazina, além medidas de combate ao vetor. Estas foram abandonadas em 1956, por força da ineficácia ou do alto custo dos inseticidas. Ainda assim, a campanha foi muito bem sucedida, reduzindo a incidência de 19,9 para 0,03%. Hoje, a erradicação poderia ser de pronto lograda, se novos métodos de combate ao vetor fossem adotados, tais como o emprego das bolinhas expandidas de poliestireno nas fossas sépticas e privadas estanques não-inundáveis e o controle biológico com microrganismos entomopatogênicos nos criadouros naturais, sobretudo se acompanhados de um incremento de obras de saneamento.</p></trans-abstract><kwd-group lang_id="pt" kwd-group-type="author-generated"><kwd>Filariose</kwd><kwd>Bancroftose</kwd><kwd>Culex quinquefasciatus</kwd><kwd>Controle</kwd><kwd>Amazônia</kwd></kwd-group><kwd-group lang_id="en" kwd-group-type="author-generated"><kwd>Bancroftian filariasis</kwd><kwd>Culex quinquefasciatus</kwd><kwd>Vector Control</kwd><kwd>Amazonia</kwd></kwd-group></article-meta></front><back><ref-list><ref id="B1"><element-citation publication-type="article"><article-title>Studies on the incidence and transmission of filaria Wuchereria bancrofti in Belém, Brazil</article-title><source>The American Journal of Hygiene</source><fpage>143</fpage><lpage>149</lpage><volume>41</volume><person-group><name><surname>CAUSEY</surname><given-names>O. R.</given-names></name><name><surname>DEANE</surname><given-names>M. P.</given-names></name><name><surname>COSTA</surname><given-names>O.</given-names></name><name><surname>DEANE</surname><given-names>L. M.</given-names></name></person-group></element-citation></ref></ref-list></back></article></articles>