<articles xmlns:xsi="http://www.w3.org/2001/XMLSchema-instance" xsi:schemaLocation="https://raw.githubusercontent.com/scieloorg/articles_meta/master/tests/xsd/scielo_sci/ThomsonReuters_publishing.xsd" dtd-version="1.10"><article lang_id="pt" article-type="research-article"><front><journal-meta><journal-id journal-id-type="publisher">csp</journal-id><journal-title-group><journal-title>Cadernos de Saúde Pública</journal-title><abbrev-journal-title>Cad. Saúde Pública</abbrev-journal-title></journal-title-group><issn>1678-4464</issn><collection>SciELO Brazil</collection><publisher><publisher-name>Escola Nacional de Saúde Pública Sergio Arouca, Fundação Oswaldo Cruz</publisher-name></publisher></journal-meta><article-meta><unique-article-id pub-id-type="publisher-id">S0102-311X1992000100013</unique-article-id><article-id pub-id-type="publisher-id">S0102-311X1992000100013</article-id><article-id pub-id-type="doi">10.1590/S0102-311X1992000100013</article-id><article-categories><subj-group><subject>Health Policy &amp; Services</subject></subj-group></article-categories><title-group><article-title lang_id="pt">Sistema de vigilância alimentar e nutricional: frustrações, desafios e perspectivas</article-title><trans-title-group lang_id="en"><trans-title>Food and nutritional surveillance system: frustrations, challenges and perspectives</trans-title></trans-title-group></title-group><contrib-group><contrib contrib-type="author"><name><surname>Arruda</surname><given-names>Bertoldo K. G. de</given-names></name><role>ND</role><xref ref-type="aff" rid="A01"/></contrib></contrib-group><aff id="A01"><institution>Instituto Materno Infantil de Pernambuco</institution><country>Brazil</country></aff><pub-date><month>03</month><year>1992</year></pub-date><volume>8</volume><issue>1</issue><fpage>96</fpage><lpage>101</lpage><permissions><license license-type="open-access" href="http://creativecommons.org/licenses/by-nc/4.0/"><license-p>This work is licensed under a Creative Commons Attribution-NonCommercial 4.0 International License.</license-p></license></permissions><self-uri href="http://www.scielo.br/scielo.php?script=sci_arttext&amp;pid=S0102-311X1992000100013&amp;lng=en&amp;tlng=en" content-type="full_text_page"/><self-uri href="http://www.scielo.br/scielo.php?script=sci_issuetoc&amp;pid=0102-311X19920001&amp;lng=en" content-type="issue_page"/><self-uri href="http://www.scielosp.org/scielo.php?script=sci_serial&amp;pid=0102-311X&amp;lng=en" content-type="journal_page"/><abstract lang_id="pt"><p>O autor refere o valor da vigilância alimentar e nutricional, as frustrações decorrentes da sua implementação, os desafios que se apresentam ao desenvolviemnto do Sisvan, analisando-os em várias dimensões - política, técnica, organizacional, operacional e social - e as perspectivas surgidas com a valorização, ultimamente, dos aspectos nutricionais como referencial obrigatório das políticas sociais e econômicas. Um ponto enfatizado é ser a vigilância uma atividade de natureza eminentemente local, que encontra respaldo nas propostas de descentralização, que se concretizam na municipalização dos serviços de saúde.</p></abstract><trans-abstract lang_id="en"><p>The author reports the importance of food and nutritional surveillance, the frustations experienced during its implementation, and challenges faced in the development of Sisvan, analysing their varions dimensions - political, technical, organizational, operational and social - as well as recent perspectives generated by the recognition of nutritional aspects as a mandatory reference for social and economic policies. Emphasis is given to surveillance as a basically local activity in nature, supported by decentralization proposals which are materialized in the municipalization of health services.</p></trans-abstract><kwd-group lang_id="pt" kwd-group-type="author-generated"><kwd>Vigilância Alimentar e Nutricional</kwd><kwd>Avaliação Nutricional</kwd></kwd-group><kwd-group lang_id="en" kwd-group-type="author-generated"><kwd>Nutritional Surveillance</kwd><kwd>Food Surveillance</kwd></kwd-group></article-meta></front><back><ref-list><ref id="B1"><element-citation publication-type="article"><article-title>A comunidade e os problemas nutricionais: é importante saber onde estão e quantos são os desnutridos?</article-title><source>Revista do Instituto Materno Infantil de Pernambuco</source><date><year>1987</year></date><volume>1</volume><person-group><name><surname>ARRUDA</surname><given-names>B. K. G.</given-names></name></person-group></element-citation></ref><ref id="B2"><element-citation publication-type="article"><article-title>Nutrição para todos: o que pode fazer o setor saúde?</article-title><source>Revista do Instituto Materno Infantil de Pernambuco</source><date><year>1987</year></date><volume>1</volume><person-group><name><surname>ARRUDA</surname><given-names>B. K. G.</given-names></name></person-group></element-citation></ref><ref id="B3"><element-citation publication-type="book"><source>Análise de Mortalidade: delineamentos básicos</source><date><year>1991</year></date><person-group><name><surname>BECKER</surname><given-names>R. A.</given-names></name><name><surname>BECKER</surname><given-names>R. A.</given-names></name></person-group></element-citation></ref><ref id="B4"><element-citation publication-type="book"><source>Acesso à informação: limites culturais do desenvolvimento</source><date><year>1990</year></date><volume>26</volume><person-group><name><surname>CADERMARTORI</surname><given-names>L.</given-names></name><name><surname>CADERMARTORI</surname><given-names>L.</given-names></name></person-group></element-citation></ref><ref id="B5"><element-citation publication-type="book"><source>O Mapa da Pobreza no Brasil</source><date><year>1991</year></date><person-group><name><surname>MONTEIRO</surname><given-names>C. A.</given-names></name><name><surname>MONTEIRO</surname><given-names>C. A.</given-names></name></person-group></element-citation></ref><ref id="B6"><element-citation publication-type="book"><source>Relatório preliminar da PNSN</source><date><year>1990</year></date></element-citation></ref><ref id="B7"><element-citation publication-type="book"><source>Desarrollo y fortalecimiento de los sistemas locales de salud en la transformacion de los sistemas nacionales de salud: la participacion social</source><date><year>1990</year></date></element-citation></ref><ref id="B8"><element-citation publication-type="book"><source>Quem se beneficia dos programas de suplementação alimentar</source><date><year>1990</year></date><volume>205</volume><person-group><name><surname>PELIANO</surname><given-names>A. M.</given-names></name><name><surname>PELIANO</surname><given-names>A. M.</given-names></name></person-group></element-citation></ref></ref-list></back></article></articles>