<articles xmlns:xsi="http://www.w3.org/2001/XMLSchema-instance" xsi:schemaLocation="https://raw.githubusercontent.com/scieloorg/articles_meta/master/tests/xsd/scielo_sci/ThomsonReuters_publishing.xsd" dtd-version="1.10"><article lang_id="pt" article-type="research-article"><front><journal-meta><journal-id journal-id-type="publisher">csp</journal-id><journal-title-group><journal-title>Cadernos de Saúde Pública</journal-title><abbrev-journal-title>Cad. Saúde Pública</abbrev-journal-title></journal-title-group><issn>1678-4464</issn><collection>SciELO Public Health</collection><publisher><publisher-name>Escola Nacional de Saúde Pública Sergio Arouca, Fundação Oswaldo Cruz</publisher-name></publisher></journal-meta><article-meta><unique-article-id pub-id-type="publisher-id">S0102-311X1985000300004</unique-article-id><article-id pub-id-type="publisher-id">S0102-311X1985000300004</article-id><article-id pub-id-type="doi">10.1590/S0102-311X1985000300004</article-id><article-categories><subj-group><subject>Health Policy &amp; Services</subject></subj-group></article-categories><title-group><article-title lang_id="pt">Meio urbano e doenças cardiovasculares</article-title></title-group><contrib-group><contrib contrib-type="author"><name><surname>Costa</surname><given-names>Eduardo de Azeredo</given-names></name><role>ND</role><xref ref-type="aff" rid="A01"/></contrib><contrib contrib-type="author"><name><surname>Klein</surname><given-names>Carlos Henrique</given-names></name><role>ND</role><xref ref-type="aff" rid="A02"/></contrib></contrib-group><aff id="A01"><institution>FIOCRUZ</institution></aff><aff id="A02"><institution>FIOCRUZ</institution></aff><pub-date><month>09</month><year>1985</year></pub-date><volume>1</volume><issue>3</issue><fpage>305</fpage><lpage>312</lpage><permissions><license license-type="open-access" href="http://creativecommons.org/licenses/by/4.0/"><license-p>This work is licensed under a Creative Commons Attribution 4.0 International License.</license-p></license></permissions><self-uri href="http://www.scielosp.org/scielo.php?script=sci_arttext&amp;pid=S0102-311X1985000300004&amp;lng=en&amp;tlng=en" content-type="full_text_page"/><self-uri href="http://www.scielo.br/scielo.php?script=sci_issuetoc&amp;pid=0102-311X19850003&amp;lng=en" content-type="issue_page"/><self-uri href="http://www.scielosp.org/scielo.php?script=sci_serial&amp;pid=0102-311X&amp;lng=en" content-type="journal_page"/><abstract lang_id="pt"><p>São discutidas quatro crenças muito comuns em relação às doenças cardiovasculares, especialmente as de que são danos resultantes da urbanização e que são próprias das pessoas ricas. Porém, baseados na análise dos resultados obtidos pelo grupo de estudos dos autores em pesquisas sobre hipertensão arterial, feitas no Rio Grande do Sul e em Volta Redonda, conclui-se que é a maior ou menor proporção de pessoas assalariadas nos setores secundário e terciário que determina o nível de hipertensão em uma população. E que é a concentração de riquezas, a facilidade de acesso aos bens materiais e/ou a submissão e a repressão na vida social dos indivíduos que influenciam decisivamente a pressão arterial de cada um.</p></abstract><trans-abstract lang_id="en"><p>It is discussed four very frequent beliefs regarding cardiovascular diseases, especially that they are harmful consequences from urbanization and they are specifically linked to rich people. However, our data showed that the size of the proportions of persons employed in secondary or tertiary sectors of the economy will determine hypertension levels in a given population. These findings were the result of analyses of studies carried out by the authors in Rio Grande do Sul and Volta Redonda. Moreover, concentration of wealth, easy access to goods and/or submission and repression in one's social life have a strong influence in everyone's blood pressure.</p></trans-abstract></article-meta></front><back><ref-list><ref id="B1"><element-citation publication-type="thesis"><source>Hipertensão arterial em grupos sócio-ocupacionais de Volta Redonda-RJ</source><date><year>1984</year></date><person-group><name><surname>ARAÚJO</surname><given-names>J.W.G.</given-names></name><name><surname>ARAÚJO</surname><given-names>J.W.G.</given-names></name></person-group></element-citation></ref><ref id="B2"><element-citation publication-type="book"><source>Epidemiology in medical practice</source><date><year>1976</year></date><person-group><name><surname>BARKER</surname><given-names>D.J.P.</given-names></name><name><surname>ROSE</surname><given-names>G.</given-names></name><name><surname>BARKER</surname><given-names>D.J.P.</given-names></name><name><surname>ROSE</surname><given-names>G.</given-names></name></person-group></element-citation></ref><ref id="B3"><element-citation publication-type="thesis"><source>A cross-sectional survey of blood pressure in Rio Grande do Sul - Brazil</source><date><year>1981</year></date><person-group><name><surname>COSTA</surname><given-names>E.A.</given-names></name><name><surname>COSTA</surname><given-names>E.A.</given-names></name></person-group></element-citation></ref><ref id="B4"><element-citation publication-type="article"><article-title>The recent decrease in CHD mortality</article-title><source>Prev. Med.</source><date><year>1978</year></date><fpage>115</fpage><volume>4</volume><person-group><name><surname>GORDON</surname><given-names>R.</given-names></name><name><surname>THOM</surname><given-names>T.</given-names></name></person-group></element-citation></ref><ref id="B5"><element-citation publication-type="thesis"><source>Hipertensão arterial nos estratos geo-econômicos do Rio Grande do Sul</source><date><year>1984</year></date><person-group><name><surname>KLEIN</surname><given-names>C.H.</given-names></name><name><surname>KLEIN</surname><given-names>C.H.</given-names></name></person-group></element-citation></ref><ref id="B6"><element-citation publication-type="article"><article-title>Fumo, bebida alcoólica, migração, instrução, ocupação, agregação familiar e pressão arterial em Volta Redonda</article-title><source>Cad. Saúde Públ</source><date><year>1985</year></date><fpage>160</fpage><issue>2</issue><volume>1</volume><person-group><name><surname>KLEIN</surname><given-names>C.H.</given-names></name><name><surname>ARAÚJO</surname><given-names>J.W.G.</given-names></name></person-group></element-citation></ref><ref id="B7"><element-citation publication-type="thesis"><source>Migrações internas e pressão arterial no Rio Grande do Sul</source><date><year>1981</year></date><person-group><name><surname>LEAL</surname><given-names>M.C.</given-names></name><name><surname>LEAL</surname><given-names>M.C.</given-names></name></person-group></element-citation></ref><ref id="B8"><element-citation publication-type="article"><article-title>Employment grade and coronary heart disease in british civil servants</article-title><source>J. Epidemiol. &amp; Comm. Health</source><date><year>1978</year></date><fpage>244</fpage><volume>32</volume><person-group><name><surname>MARMOT</surname><given-names>M.G.</given-names></name><name><surname>ROSE</surname><given-names>G.</given-names></name><name><surname>SHIPLEY</surname><given-names>M.</given-names></name><name><surname>HAMILTON</surname><given-names>P.J.S.</given-names></name></person-group></element-citation></ref><ref id="B9"><element-citation publication-type="book"><source>Patterns of urban mortality</source><date><year>1968</year></date><person-group><name><surname>PUFFER</surname><given-names>R.R.</given-names></name><name><surname>GRIFFITH</surname><given-names>G.W.</given-names></name><name><surname>PUFFER</surname><given-names>R.R.</given-names></name><name><surname>GRIFFITH</surname><given-names>G.W.</given-names></name></person-group></element-citation></ref><ref id="B10"><element-citation publication-type="article"><article-title>Social class and coronary heart disease</article-title><source>Br. Heart J.</source><date><year>1981</year></date><fpage>13</fpage><volume>45</volume><person-group><name><surname>ROSE</surname><given-names>G.</given-names></name><name><surname>MARMOT</surname><given-names>M.</given-names></name></person-group></element-citation></ref><ref id="B11"><element-citation publication-type="article"><article-title>Cardiovascular disease in the tropics: II: Blood pressure and hypertension</article-title><source>Br. Heart J.</source><date><year>1972</year></date><fpage>805</fpage><volume>3</volume><person-group><name><surname>SHAPER</surname><given-names>A.G.</given-names></name></person-group></element-citation></ref><ref id="B12"><element-citation publication-type="article"><article-title>The rise and fall of ischaemic heart disease</article-title><source>Sci.Am.</source><date><year>1980</year></date><fpage>43</fpage><volume>243</volume><person-group><name><surname>STALLONES</surname><given-names>R.A.</given-names></name></person-group></element-citation></ref><ref id="B13"><element-citation publication-type="article"><article-title>Epidemiologic studies on cardiovascular-renal disease - I and: II: Analysis of mortality by age-race-sex-occupation and by place of residence including urban-rural comparison</article-title><source>J. Chron. Dis.</source><date><year>1960</year></date><fpage>440</fpage><volume>12</volume><person-group><name><surname>STAMLER</surname><given-names>J.</given-names></name><name><surname>KJELSBERG</surname><given-names>M.</given-names></name><name><surname>HALL</surname><given-names>Y.</given-names></name><name><surname>SCOTH</surname><given-names>N.</given-names></name></person-group></element-citation></ref></ref-list></back></article></articles>