<articles xmlns:xsi="http://www.w3.org/2001/XMLSchema-instance" xsi:schemaLocation="https://raw.githubusercontent.com/scieloorg/articles_meta/master/tests/xsd/scielo_sci/ThomsonReuters_publishing.xsd" dtd-version="1.10"><article lang_id="pt" article-type="research-article"><front><journal-meta><journal-id journal-id-type="publisher">csp</journal-id><journal-title-group><journal-title>Cadernos de Saúde Pública</journal-title><abbrev-journal-title>Cad. Saúde Pública</abbrev-journal-title></journal-title-group><issn>1678-4464</issn><collection>SciELO Public Health</collection><publisher><publisher-name>Escola Nacional de Saúde Pública Sergio Arouca, Fundação Oswaldo Cruz</publisher-name></publisher></journal-meta><article-meta><unique-article-id pub-id-type="publisher-id">S0102-311X1986000200002</unique-article-id><article-id pub-id-type="publisher-id">S0102-311X1986000200002</article-id><article-id pub-id-type="doi">10.1590/S0102-311X1986000200002</article-id><article-categories><subj-group><subject>Health Policy &amp; Services</subject></subj-group></article-categories><title-group><article-title lang_id="pt">Desbravamento, agricultura e doença: a doença de Chagas no Estado de São Paulo</article-title></title-group><contrib-group><contrib contrib-type="author"><name><surname>Silva</surname><given-names>Luiz Jacintho da</given-names></name><role>ND</role><xref ref-type="aff" rid="A01"/></contrib></contrib-group><aff id="A01"><institution>UNICAMP</institution><country>Brazil</country></aff><pub-date><month>06</month><year>1986</year></pub-date><volume>2</volume><issue>2</issue><fpage>124</fpage><lpage>140</lpage><permissions><license license-type="open-access" href="http://creativecommons.org/licenses/by/4.0/"><license-p>This work is licensed under a Creative Commons Attribution 4.0 International License.</license-p></license></permissions><self-uri href="http://www.scielosp.org/scielo.php?script=sci_arttext&amp;pid=S0102-311X1986000200002&amp;lng=en&amp;tlng=en" content-type="full_text_page"/><self-uri href="http://www.scielosp.org/scielo.php?script=sci_issuetoc&amp;pid=0102-311X19860002&amp;lng=en" content-type="issue_page"/><self-uri href="http://www.scielosp.org/scielo.php?script=sci_serial&amp;pid=0102-311X&amp;lng=en" content-type="journal_page"/><abstract lang_id="pt"><p>Faz-se uma reconstrução do processo de surgimento, disseminação e desaparecimento da endemia chagásica no Estado de São Paulo, interpretando-se as informações epidemiológicas existentes, dentro de uma perspectiva histórico-materialista. Parte-se dos conceitos clássicos que procuram explicar a distribuição da doença, demonstrando sua insuficiência. Com a incorporação de conceitos e métodos de análise utilizados em Geografia, chega-se a uma compreensão do que foi o processo de evolução da doença em São Paulo, e quais os seus determinantes, mostrando que se tratou de um processo peculiar ao Centro-Sul brasileiro, num período histórico bem determinado. A doença de Chagas, ainda que uma endemia de expressão nacional, não pode ser vista como um todo indistinto, existindo diferentes padrões epidemiológicos em períodos históricos diferentes.</p></abstract><trans-abstract lang_id="en"><p>A reconstruction of the emergence, distribution and disappearence of Chagas' disease in the State of São Paulo (Brazil) is undertaken by interpretating existing epidemiological data through historical-materialism. Classical concepts concerning the distribution of the disease are shown inadequate to explain the epidemiology of Chagas'disease in São Paulo. By incorporating an analitical methodology and concepts used in geographical studies, an understanding of the evolution of the disease is achieved. The process is demonstrated peculiar to Central-South Brazil in a particular historical period. Chagas'disease, inasmuch as parasitosis of national expression, must be seen as having distinct epidemiological patterns occuring in differente historical periods.</p></trans-abstract></article-meta></front><back><ref-list><ref id="B1"><element-citation publication-type="article"><article-title>Sobre a dispersão do Triatoma infestans</article-title><source>R. Soc. bras. Med. Trop.</source><date><year>1971</year></date><fpage>183</fpage><lpage>91</lpage><volume>5</volume><person-group><name><surname>ARAGÃO</surname><given-names>M.B.</given-names></name></person-group></element-citation></ref></ref-list></back></article></articles>