<articles xmlns:xsi="http://www.w3.org/2001/XMLSchema-instance" xsi:schemaLocation="https://raw.githubusercontent.com/scieloorg/articles_meta/master/tests/xsd/scielo_sci/ThomsonReuters_publishing.xsd" dtd-version="1.10"><article lang_id="pt" article-type="research-article"><front><journal-meta><journal-id journal-id-type="publisher">csp</journal-id><journal-title-group><journal-title>Cadernos de Saúde Pública</journal-title><abbrev-journal-title>Cad. Saúde Pública</abbrev-journal-title></journal-title-group><issn>1678-4464</issn><collection>SciELO Brazil</collection><publisher><publisher-name>Escola Nacional de Saúde Pública Sergio Arouca, Fundação Oswaldo Cruz</publisher-name></publisher></journal-meta><article-meta><unique-article-id pub-id-type="publisher-id">S0102-311X1993000200005</unique-article-id><article-id pub-id-type="publisher-id">S0102-311X1993000200005</article-id><article-id pub-id-type="doi">10.1590/S0102-311X1993000200005</article-id><article-categories><subj-group><subject>Health Policy &amp; Services</subject></subj-group></article-categories><title-group><article-title lang_id="pt">Medindo o impacto da promoção do aleitamento materno em serviços de atenção primária à saúde em Pelotas, Rio Grande do Sul, Brasil</article-title><trans-title-group lang_id="en"><trans-title>Measuring the impact of promoting breastfeeding in primary health care services in Pelotas, Rio Grande do Sul, Brazil</trans-title></trans-title-group></title-group><contrib-group><contrib contrib-type="author"><name><surname>Neutzling</surname><given-names>Marilda B.</given-names></name><role>ND</role></contrib><contrib contrib-type="author"><name><surname>Vieira</surname><given-names>Maria de Fátima</given-names></name><role>ND</role><xref ref-type="aff" rid="A01"/></contrib><contrib contrib-type="author"><name><surname>César</surname><given-names>Juraci A.</given-names></name><role>ND</role><xref ref-type="aff" rid="A02"/></contrib><contrib contrib-type="author"><name><surname>Gigante</surname><given-names>Denise P.</given-names></name><role>ND</role><xref ref-type="aff" rid="A01"/></contrib><contrib contrib-type="author"><name><surname>Martins</surname><given-names>Eliana B.</given-names></name><role>ND</role><xref ref-type="aff" rid="A01"/></contrib><contrib contrib-type="author"><name><surname>Facchini</surname><given-names>Luiz A.</given-names></name><role>ND</role><xref ref-type="aff" rid="A02"/></contrib></contrib-group><aff id="A02"><institution>Universidade Federal de Pelotas</institution><country>Brazil</country></aff><aff id="A01"><institution>Universidade Federal de Pelotas</institution><country>Brazil</country></aff><pub-date><month>06</month><year>1993</year></pub-date><volume>9</volume><issue>2</issue><fpage>149</fpage><lpage>154</lpage><permissions><license license-type="open-access" href="http://creativecommons.org/licenses/by-nc/4.0/"><license-p>This work is licensed under a Creative Commons Attribution-NonCommercial 4.0 International License.</license-p></license></permissions><self-uri href="http://www.scielo.br/scielo.php?script=sci_arttext&amp;pid=S0102-311X1993000200005&amp;lng=en&amp;tlng=en" content-type="full_text_page"/><self-uri href="http://www.scielo.br/scielo.php?script=sci_issuetoc&amp;pid=0102-311X19930002&amp;lng=en" content-type="issue_page"/><self-uri href="http://www.scielosp.org/scielo.php?script=sci_serial&amp;pid=0102-311X&amp;lng=en" content-type="journal_page"/><abstract lang_id="pt"><p>Através da aplicação de um questionário padronizado a todas as mães que procuraram os serviços de puericultura das unidades sanitárias (US) da Universidade Federal de Pelotas (UFPel), RS, em setembro de 1990, buscou-se conhecer o impacto dos grupos de gestantes na promoção do aleitamento materno. Os resultados obtidos para 347 crianças revelaram que quase metade delas pertencia a famílias com renda inferior a dois salários mínimos mensais; 1/4 de suas mães apresentavam escolaridade inferior a quatro anos, sendo estas as que mais frequentaram os grupos. Apesar da maioria das mães ter feito pré-natal e pouco menos da metade ter participado dos grupos de gestantes, 1/3 das crianças estavam desmamadas aos três meses de idade e cerca de 80% delas haviam recebido chás nos primeiros meses. Os dados obtidos revelam um serviço com sérias deficiências em incentivar o aleitamento e em retardar a introdução de outros alimentos na dieta infantil. Espera-se, a partir dos dados obtidos, poder contribuir para a reestruturação dos programas existentes, bem como poder demonstrar que, a partir de recursos mínimos e de uma metodologia relativamente simples, é possível avaliar a qualidade dos serviços oferecidos à população.</p></abstract><trans-abstract lang_id="en"><p>All mothers with children enrolled in the Program for Child Growth and Development at primary care units belonging to the Federal University of Pelotas (UFPel) in the state of Rio Grande do Sul, Brazil, were interviewed with a standardized questionnaire. This research aimed to assess the impact of the "Groups of Expecting Mothers" in the promotion of breastfeeding. The family income of almost half of the 347 children studied was two times the minimum wage. About 1/4 of the children's mothers had spent less than four years in school, and these were the mothers who attended the Groups most frequently. Most of the mothers received prenatal care and nearly half of then participated in the Groups. In contrast, 1/3 of the children were weaned at the age of three months and almost 80% received tea in the early months of life. The results show that the Groups of Expecting Mothers suffer serious limitations in promoting breastfeeding and in postponing the introduction of foods other than breast milk in the children's diet. Data obtained in this study are intended to help strengthen action under current programs and to show that with minimum resources and a rather simple methodology it is possible to assess the quality of health services available to the population.</p></trans-abstract><kwd-group lang_id="en" kwd-group-type="author-generated"><kwd>Breastfeeding</kwd><kwd>Child Health</kwd><kwd>Pregnancy</kwd><kwd>Community Health</kwd></kwd-group><kwd-group lang_id="pt" kwd-group-type="author-generated"><kwd>Aleitamento Materno</kwd><kwd>Saúde Infantil</kwd><kwd>Gravidez</kwd><kwd>Saúde Comunitária</kwd></kwd-group></article-meta></front><back><ref-list><ref id="B1"><element-citation publication-type="book"><source>Epidemiologia da Saúde Infantil: um Manual para Diagnósticos Comunitários</source><date><year>1991</year></date><person-group><name><surname>BARROS</surname><given-names>F. C.</given-names></name><name><surname>VICTORA</surname><given-names>C. G.</given-names></name><name><surname>BARROS</surname><given-names>F. C.</given-names></name><name><surname>VICTORA</surname><given-names>C. G.</given-names></name></person-group></element-citation></ref><ref id="B2"><element-citation publication-type="book"><source>Boletin Sobre Alimentación y Nutrición Materna. Madre e Niños</source><date><year>1990</year></date></element-citation></ref><ref id="B3"><element-citation publication-type="book"><source>Situação Mundial da Infância - 1991</source><date><year>1992</year></date><person-group><name><surname>GRANT</surname><given-names>J.</given-names></name><name><surname>GRANT</surname><given-names>J.</given-names></name></person-group></element-citation></ref><ref id="B4"><element-citation publication-type="article"><article-title>Avaliação do conhecimento das puérperas</article-title><source>Jornal de Pediatria</source><date><year>1992</year></date><fpage>123</fpage><lpage>134</lpage><volume>68</volume><person-group><name><surname>GOMES</surname><given-names>A. C. S.</given-names></name></person-group></element-citation></ref><ref id="B5"><element-citation publication-type="book"><source>Human Milk on the Modern World</source><date><year>1978</year></date><person-group><name><surname>JELLIFFE</surname><given-names>D. B.</given-names></name><name><surname>JELLIFFE</surname><given-names>E. P. F.</given-names></name><name><surname>JELLIFFE</surname><given-names>D. B.</given-names></name><name><surname>JELLIFFE</surname><given-names>E. P. F.</given-names></name></person-group></element-citation></ref><ref id="B6"><element-citation publication-type="book"><source>Essentials of Medical Statistics</source><date><year>1978</year></date><person-group><name><surname>KIRKWOOD</surname><given-names>B. R.</given-names></name><name><surname>KIRKWOOD</surname><given-names>B. R.</given-names></name></person-group></element-citation></ref><ref id="B7"><element-citation publication-type="article"><article-title>Amamentação materna e doenças infecciosas nos países em desenvolvimento</article-title><source>Jornal de Pediatria</source><date><year>1982</year></date><fpage>35</fpage><lpage>44</lpage><volume>53</volume><person-group><name><surname>MANCIAX</surname><given-names>M.</given-names></name></person-group></element-citation></ref><ref id="B8"><element-citation publication-type="book"><source>Como e Porque Amamentar</source><date><year>1987</year></date><person-group><name><surname>MARTINS FILHO</surname><given-names>J.</given-names></name><name><surname>MARTINS FILHO</surname><given-names>J.</given-names></name></person-group></element-citation></ref><ref id="B9"><element-citation publication-type="book"><source>Saúde e Nutrição das Crianças de São Paulo: Diagnósticos, Contrastes Sociais e Tendências</source><date><year>1988</year></date><person-group><name><surname>MONTEIRO</surname><given-names>C. A.</given-names></name><name><surname>MONTEIRO</surname><given-names>C. A.</given-names></name></person-group></element-citation></ref><ref id="B10"><element-citation publication-type="article"><article-title>Aleitamento natural em diferentes classes de renda no município de São Paulo</article-title><source>Archivos Latinoamericanos de Nutrición</source><date><year>1980</year></date><fpage>401</fpage><lpage>416</lpage><volume>30</volume><person-group><name><surname>SIGULEM</surname><given-names>D. M.</given-names></name><name><surname>TUDISCO</surname><given-names>E. S.</given-names></name></person-group></element-citation></ref><ref id="B11"><element-citation publication-type="article"><article-title>Determinantes do êxito do aleitamento natural</article-title><source>Jornal de Pediatria</source><date><year>1991</year></date><fpage>42</fpage><lpage>50</lpage><volume>67</volume><person-group><name><surname>SOUZA</surname><given-names>L. S. F.</given-names></name><name><surname>SOUZA</surname><given-names>E. L. S.</given-names></name><name><surname>BARRETTO</surname><given-names>M. R. R.</given-names></name><name><surname>RAMOS</surname><given-names>R. T. T.</given-names></name><name><surname>MACEDO</surname><given-names>J. J. B.</given-names></name><name><surname>SERRA</surname><given-names>C. R.</given-names></name><name><surname>FERNANDES</surname><given-names>C. E.</given-names></name></person-group></element-citation></ref><ref id="B12"><element-citation publication-type="book"><source>Epidemiologia da Desigualdade: Um Estudo Longitudinal de 6000 Crianças Brasileiras</source><date><year>1988</year></date><person-group><name><surname>VICTORA</surname><given-names>C. G.</given-names></name><name><surname>BARROS</surname><given-names>F. C.</given-names></name><name><surname>VAUGHAN</surname><given-names>J. P.</given-names></name><name><surname>VICTORA</surname><given-names>C. G.</given-names></name><name><surname>BARROS</surname><given-names>F. C.</given-names></name><name><surname>VAUGHAN</surname><given-names>J. P.</given-names></name></person-group></element-citation></ref><ref id="B13"><element-citation publication-type="article"><article-title>Prevalência de aleitamento materno em recém-nascidos de baixo peso</article-title><source>Revista de Saúde Pública</source><date><year>1991</year></date><fpage>381</fpage><lpage>387</lpage><volume>25</volume><person-group><name><surname>XAVIER</surname><given-names>C. C.</given-names></name><name><surname>JORGE</surname><given-names>S. M.</given-names></name><name><surname>GONÇALVES</surname><given-names>A. L.</given-names></name></person-group></element-citation></ref></ref-list></back></article></articles>