<articles xmlns:xsi="http://www.w3.org/2001/XMLSchema-instance" xsi:schemaLocation="https://raw.githubusercontent.com/scieloorg/articles_meta/master/tests/xsd/scielo_sci/ThomsonReuters_publishing.xsd" dtd-version="1.10"><article lang_id="pt" article-type="research-article"><front><journal-meta><journal-id journal-id-type="publisher">csp</journal-id><journal-title-group><journal-title>Cadernos de Saúde Pública</journal-title><abbrev-journal-title>Cad. Saúde Pública</abbrev-journal-title></journal-title-group><issn>1678-4464</issn><collection>SciELO Public Health</collection><publisher><publisher-name>Escola Nacional de Saúde Pública Sergio Arouca, Fundação Oswaldo Cruz</publisher-name></publisher></journal-meta><article-meta><unique-article-id pub-id-type="publisher-id">S0102-311X1991000100006</unique-article-id><article-id pub-id-type="publisher-id">S0102-311X1991000100006</article-id><article-id pub-id-type="doi">10.1590/S0102-311X1991000100006</article-id><article-categories><subj-group><subject>Health Policy &amp; Services</subject></subj-group></article-categories><title-group><article-title lang_id="pt">Contribuição ao estudo da infecção de morcegos por hemoflagelados do gênero Trypanosoma Gruby, 1843</article-title></title-group><contrib-group><contrib contrib-type="author"><name><surname>Fabián</surname><given-names>Marta E.</given-names></name><role>ND</role><xref ref-type="aff" rid="A01"/></contrib></contrib-group><aff id="A01"><institution>Fundação Zoobotânica do RS</institution><country>Brazil</country></aff><pub-date><month>03</month><year>1991</year></pub-date><volume>7</volume><issue>1</issue><fpage>69</fpage><lpage>81</lpage><permissions><license license-type="open-access" href="http://creativecommons.org/licenses/by/4.0/"><license-p>This work is licensed under a Creative Commons Attribution 4.0 International License.</license-p></license></permissions><self-uri href="http://www.scielosp.org/scielo.php?script=sci_arttext&amp;pid=S0102-311X1991000100006&amp;lng=en&amp;tlng=en" content-type="full_text_page"/><self-uri href="http://www.scielo.br/scielo.php?script=sci_issuetoc&amp;pid=0102-311X19910001&amp;lng=en" content-type="issue_page"/><self-uri href="http://www.scielosp.org/scielo.php?script=sci_serial&amp;pid=0102-311X&amp;lng=en" content-type="journal_page"/><abstract lang_id="pt"><p>O presente estudo foi realizado no período de julho de 1983 a dezembro de 1984, nos municípios cearenses de Russas, Palhano, Limoeiro do Norte, Morada Nova, Canindé, Quixadá e Pereiro, os quais correspondem a parte da área endêmica da tripanossomíase americana. Do total de 15 espécies de morcegos coletadas, apenas Artibeus planirostris, Phyllostomus hastatus e Phyllostomus discolor foram encontradas infectadas por tripanossomos. Os tripanossomos isolados de A. planirostris e de alguns exemplares de P. hastatus assemelham-se, por sua forma, dimensões e comportamento, a Trypanosoma cruzi. No caso das amostras isoladas de P. discolor e de alguns exemplares de P. hastatus, a forma e dimensões dos tripanossomos e o fato de não infectarem camundongos permitem identificá-los como Trypanosoma cruzi var. marinkellei.</p></abstract><trans-abstract lang_id="en"><p>The present research was carried out in seven different counties of Ceará State, Brazil, namely Palhano, Russas, Limoeiro do Norte, Morada Nova, Canindé, Quixadá and Pereiro, from July 1983 to December 1984. Fifteen species of bats were sampled but only Artibeus planirostris, Phyllostomus hastatus and Phyllostomus discolor infected by trypanosoma were studied. The isolated trypanosomes from studied A. planirostris and some specimens of P. hastatus are similar in shape and dimensions to Trypanosoma cruzi. In the case of strains isolated from P. discolor and also from some specimens of P. hastatus, the shape and dimensions of trypanosomes allied to the characteristic that they did not infect mice, made us to compare them with Trypanosoma cruzi var. marinkellei.</p></trans-abstract></article-meta></front><back><ref-list><ref id="B1"><element-citation publication-type="article"><article-title>Estudo sobre a epidemiologia da doença de Chagas no Ceará. V. Quirópteros infectados com tripanossomos tipo cruzi</article-title><source>Revta Soc. bras. med. trop.</source><date><year>1976</year></date><fpage>311</fpage><lpage>312</lpage><issue>6</issue><volume>10</volume><person-group><name><surname>ALENCAR</surname><given-names>J. E.</given-names></name><name><surname>BARROS</surname><given-names>N. N.</given-names></name><name><surname>PICCININI</surname><given-names>R. S.</given-names></name><name><surname>PINTO</surname><given-names>V. M.</given-names></name><name><surname>TOMÉ</surname><given-names>G. S.</given-names></name></person-group></element-citation></ref></ref-list></back></article></articles>