<articles xmlns:xsi="http://www.w3.org/2001/XMLSchema-instance" xsi:schemaLocation="https://raw.githubusercontent.com/scieloorg/articles_meta/master/tests/xsd/scielo_sci/ThomsonReuters_publishing.xsd" dtd-version="1.10"><article lang_id="pt" article-type="research-article"><front><journal-meta><journal-id journal-id-type="publisher">csp</journal-id><journal-title-group><journal-title>Cadernos de Saúde Pública</journal-title><abbrev-journal-title>Cad. Saúde Pública</abbrev-journal-title></journal-title-group><issn>1678-4464</issn><collection>SciELO Public Health</collection><publisher><publisher-name>Escola Nacional de Saúde Pública Sergio Arouca, Fundação Oswaldo Cruz</publisher-name></publisher></journal-meta><article-meta><unique-article-id pub-id-type="publisher-id">S0102-311X1993000100005</unique-article-id><article-id pub-id-type="publisher-id">S0102-311X1993000100005</article-id><article-id pub-id-type="doi">10.1590/S0102-311X1993000100005</article-id><article-categories><subj-group><subject>Health Policy &amp; Services</subject></subj-group></article-categories><title-group><article-title lang_id="pt">Descobrindo percursos para a pesquisa em saúde no trato com o movimento social</article-title><trans-title-group lang_id="en"><trans-title>Discovering pathways for health research in dealing with the social movement</trans-title></trans-title-group></title-group><contrib-group><contrib contrib-type="author"><name><surname>Smeke</surname><given-names>Elizabeth de L. M.</given-names></name><role>ND</role><xref ref-type="aff" rid="A01"/></contrib></contrib-group><aff id="A01"><institution>Pontifícia Universidade Católica de Campinas</institution><country>Brazil</country></aff><pub-date><month>03</month><year>1993</year></pub-date><volume>9</volume><issue>1</issue><fpage>39</fpage><lpage>47</lpage><permissions><license license-type="open-access" href="http://creativecommons.org/licenses/by/4.0/"><license-p>This work is licensed under a Creative Commons Attribution 4.0 International License.</license-p></license></permissions><self-uri href="http://www.scielosp.org/scielo.php?script=sci_arttext&amp;pid=S0102-311X1993000100005&amp;lng=en&amp;tlng=en" content-type="full_text_page"/><self-uri href="http://www.scielosp.org/scielo.php?script=sci_issuetoc&amp;pid=0102-311X19930001&amp;lng=en" content-type="issue_page"/><self-uri href="http://www.scielosp.org/scielo.php?script=sci_serial&amp;pid=0102-311X&amp;lng=en" content-type="journal_page"/><abstract lang_id="pt"><p>O presente artigo trata da metodologia de trabalhos científicos em saúde nos quais o pesquisador é parte importante do objeto de investigação. A concretização de uma reforma sanitária neste país depende do envolvimento e compromisso dos usuários na garantia dos seus direitos. Muitas experiências com essa preocupação vêm acontecendo no Brasil. Entretanto, não há uma metodologia pre-definida que trate das relações entre trabalhos institucionais em saúde e o Movimento Social. Assim, o trabalho tem por objetivo contribuir para a discussão de possíveis caminhos para a abordagem dos mecanismos internos envolvidos nas relações saúde/usuários, com vistas a colaborar com o processo de desenvolvimento de cidadanias. Ele se realiza a partir de uma pesquisa teórica sobre metodologia participante e pesquisa-ação, em que tomam importância: a definição do caráter do objeto; o posicionamento pessoal; a explicitação de subjetividades; levantamento documental e entrevistas para um estudo de caso; e retorno às teorias. Finalmente, conclui-se que esta metodologia permite compreender alguns mecanismos que explicam as relações entre análises macro e microestruturais, além do amadurecimento dos agentes de pesquisa.</p></abstract><trans-abstract lang_id="en"><p>This article is about methodology for scientific research in health, where the researcher is an important part of the object of investigation. The implementation of a broad-based Health Reform in Brazil depends on the involvement of users. It is important to guarantee these social rights. Many experiences sharing this concern are going on in this country. Still, research on the relationship between institutional work in health and the Social Movement lacks a predefined methodology. Therefore, the main objectives of this study are the following: to contribute to the discussion of possible ways of approaching the mechanisms of relationships between health and users of health services, and to collaborate with the development of the citizenship process. This work was done through theoretical research on participatory methodology and "action-based research". The following aspects are particularly important: definition of the object of study, self-positioning by the researcher, subjective explanations, documentary surveys and interviews for case studies, and feedback to theory. Finally, the author concludes that this methodology allows for an understanding of some mechanisms that explain the relationship between macro- and micro-structural analyses. In addition, one also observes a maturation process in the research protagonists.</p></trans-abstract><kwd-group lang_id="pt" kwd-group-type="author-generated"><kwd>Educação em Saúde</kwd><kwd>Participação Popular em Saúde</kwd><kwd>Movimento Social e Saúde</kwd><kwd>Pesquisa Social em Saúde</kwd></kwd-group><kwd-group lang_id="en" kwd-group-type="author-generated"><kwd>Health Education</kwd><kwd>Popular Participation in Health</kwd><kwd>Social Movement &amp; Health</kwd><kwd>Social Research in Health</kwd></kwd-group></article-meta></front><back><ref-list><ref id="B1"><element-citation publication-type="book"><source>A Aventura Sociológica Objetividade, Paixão, Improviso e Método na Pesquisa Social</source><fpage>125</fpage><lpage>151</lpage><person-group><name><surname>AGUIAR</surname><given-names>N.</given-names></name></person-group></element-citation></ref></ref-list></back></article></articles>