<articles xmlns:xsi="http://www.w3.org/2001/XMLSchema-instance" xsi:schemaLocation="https://raw.githubusercontent.com/scieloorg/articles_meta/master/tests/xsd/scielo_sci/ThomsonReuters_publishing.xsd" dtd-version="1.10"><article lang_id="pt" article-type="research-article"><front><journal-meta><journal-id journal-id-type="publisher">csp</journal-id><journal-title-group><journal-title>Cadernos de Saúde Pública</journal-title><abbrev-journal-title>Cad. Saúde Pública</abbrev-journal-title></journal-title-group><issn>1678-4464</issn><collection>SciELO Brazil</collection><publisher><publisher-name>Escola Nacional de Saúde Pública Sergio Arouca, Fundação Oswaldo Cruz</publisher-name></publisher></journal-meta><article-meta><unique-article-id pub-id-type="publisher-id">S0102-311X1987000400004</unique-article-id><article-id pub-id-type="publisher-id">S0102-311X1987000400004</article-id><article-id pub-id-type="doi">10.1590/S0102-311X1987000400004</article-id><article-categories><subj-group><subject>Health Policy &amp; Services</subject></subj-group></article-categories><title-group><article-title lang_id="pt">A dinâmica internacional do financiamento das políticas sociais</article-title></title-group><contrib-group><contrib contrib-type="author"><name><surname>Medici</surname><given-names>André Cezar</given-names></name><role>ND</role><xref ref-type="aff" rid="A01"/></contrib></contrib-group><aff id="A01"><institution>Fundação Oswaldo Cruz</institution><country>Brazil</country></aff><pub-date><month>12</month><year>1987</year></pub-date><volume>3</volume><issue>4</issue><fpage>402</fpage><lpage>425</lpage><permissions><license license-type="open-access" href="http://creativecommons.org/licenses/by-nc/4.0/"><license-p>This work is licensed under a Creative Commons Attribution-NonCommercial 4.0 International License.</license-p></license></permissions><self-uri href="http://www.scielo.br/scielo.php?script=sci_arttext&amp;pid=S0102-311X1987000400004&amp;lng=en&amp;tlng=en" content-type="full_text_page"/><self-uri href="http://www.scielosp.org/scielo.php?script=sci_issuetoc&amp;pid=0102-311X19870004&amp;lng=en" content-type="issue_page"/><self-uri href="http://www.scielosp.org/scielo.php?script=sci_serial&amp;pid=0102-311X&amp;lng=en" content-type="journal_page"/><abstract lang_id="pt"><p>Este trabalho procura analisar as tendências internacionais dos aspectos ligados ao financiamento das políticas sociais. Em primeiro lugar, ele descreve rapidamente alguns aspectos históricos e ideológicos das políticas sociais no desenvolvimento do modo de produção capitalista. Na segunda parte, é estudado o financiamento das políticas sociais na fase monopolista do capitalismo. A terceira parte procura mostrar algumas tendências das políticas sociais nos países subdesenvolvidos, ressaltando o papel do Estado na implementação destas políticas. Por fim, a última parte analisa as implicações da crise econômica dos anos setenta e oitenta, no financiamento das políticas sociais.</p></abstract><trans-abstract lang_id="en"><p>This study intends to analyse the international trends on social policy financial subjects. Firstly, in briefly describes somes historical and ideological aspects of the social policy in the development of the capitalist mode of production. On the second part is studied the financing of the social policy in the monopolist phase of the capitalism. The third part intends to show some trends of the social policy in underdeveloped countries, standing out the role of the state in the implementation of that policies. Finnaly, the last part analyses some implications of the economic crises of seventies and eighties in financing of the social policy.</p></trans-abstract></article-meta></front><back><ref-list><ref id="B1"><element-citation publication-type="book"><source>Medicina Social: Aspectos históricos e teóricos</source><date><year>1983</year></date><fpage>83</fpage><lpage>94</lpage><person-group><name><surname>STERN</surname><given-names>Benhard J</given-names></name><name><surname>Nunes</surname><given-names>Everardo Duarte</given-names></name><name><surname>Nunes</surname><given-names>Everardo Duarte</given-names></name></person-group></element-citation></ref><ref id="B2"><element-citation publication-type="book"><source>Medicina Social: Aspectos históricos e teóricos</source><date><year>1983</year></date><fpage>25</fpage><lpage>82</lpage><person-group><name><surname>ROSEN</surname><given-names>George</given-names></name><name><surname>Nunes</surname><given-names>Everardo Duarte</given-names></name><name><surname>Nunes</surname><given-names>Everardo Duarte</given-names></name></person-group></element-citation></ref><ref id="B3"><element-citation publication-type="book"><source>The Political Economy of the Welfare State</source><date><year>1979</year></date><person-group><name><surname>GOUCH</surname><given-names>Ian</given-names></name><name><surname>GOUCH</surname><given-names>Ian</given-names></name></person-group></element-citation></ref><ref id="B4"><element-citation publication-type="book"><source>pontamentos para a Análise do Financiamento das Políticas Nacional de Saúde</source><date><year>1984</year></date><person-group><name><surname>VIEIRA</surname><given-names>Cesar</given-names></name><name><surname>VIEIRA</surname><given-names>Cesar</given-names></name></person-group></element-citation></ref><ref id="B5"><element-citation publication-type="book"><source>Economia e Saúde: Proposta de constituição de um núcleo de Investigações</source><date><year>1983</year></date></element-citation></ref><ref id="B6"><element-citation publication-type="book"><source>Medicines and the Third World poor</source><date><year>1982</year></date><person-group><name><surname>MELROSE</surname><given-names>Diana</given-names></name><name><surname>MELROSE</surname><given-names>Diana</given-names></name></person-group></element-citation></ref><ref id="B7"><element-citation publication-type="book"><source>El Costo de la Seguridad Social</source><date><year>1981</year></date><person-group><name><surname>OIT</surname></name><name><surname>OIT</surname></name></person-group></element-citation></ref><ref id="B8"><element-citation publication-type="thesis"><source>Considerações sobre a Formação do Capitalismo</source><date><year>1977</year></date><person-group><name><surname>OLIVEIRA</surname><given-names>Carlos Alonso Barbosa</given-names></name><name><surname>OLIVEIRA</surname><given-names>Carlos Alonso Barbosa</given-names></name></person-group></element-citation></ref><ref id="B9"><element-citation publication-type="thesis"><source>O Capitalismo Tardio</source><date><year>1975</year></date><person-group><name><surname>CARDOSO DE MELLO</surname><given-names>João Manuel</given-names></name><name><surname>CARDOSO DE MELLO</surname><given-names>João Manuel</given-names></name></person-group></element-citation></ref><ref id="B10"><element-citation publication-type="book"><source>Saúde e Previdência: Estudos de Política Social</source><date><year>1981</year></date><person-group><name><surname>BRAGA</surname><given-names>José Carlos de Souza</given-names></name><name><surname>GOES DE PAULA</surname><given-names>Sergio</given-names></name><name><surname>BRAGA</surname><given-names>José Carlos de Souza</given-names></name><name><surname>GOES DE PAULA</surname><given-names>Sergio</given-names></name></person-group></element-citation></ref><ref id="B11"><element-citation publication-type="book"><source>Programa de Investigação em Serviços de Saúde - PISS: Termo de Referência</source><date><year>1982</year></date></element-citation></ref><ref id="B12"><element-citation publication-type="book"><source>Desenvolvimento Capitalista no Brasil: Ensaios sobre crise</source><date><year>1982</year></date><person-group><name><surname>COUTINHO</surname><given-names>Luciano G.</given-names></name><name><surname>BELLUZZO</surname><given-names>L. G. M.</given-names></name></person-group></element-citation></ref><ref id="B13"><element-citation publication-type="article"><article-title>UMA NOVA GUERRA NO FRONT INTERNO</article-title><source>Revista Senhor</source><date><day>28</day><month>11</month><year>1984</year></date><fpage>12</fpage><lpage>14</lpage><issue>193</issue></element-citation></ref><ref id="B14"><element-citation publication-type="article"><article-title>RECUPERAÇÃO MUNDIAL: AGORA A FASE MAIS DIFÍCIL</article-title><source>Revista Senhor</source><date><day>28</day><month>11</month><year>1984</year></date><fpage>19</fpage><lpage>20</lpage><issue>193</issue></element-citation></ref><ref id="B15"><element-citation publication-type="book"><source>Gastos e Financiamento do Sistema de Saúde no Brasil</source><date><year>1984</year></date><person-group><name><surname>VIANNA</surname><given-names>Solon M.</given-names></name><name><surname>VIANNA</surname><given-names>Solon M.</given-names></name></person-group></element-citation></ref><ref id="B16"><element-citation publication-type="undefined"><date><day>14</day><month>11</month><year>1984</year></date></element-citation></ref></ref-list></back></article></articles>