<articles xmlns:xsi="http://www.w3.org/2001/XMLSchema-instance" xsi:schemaLocation="https://raw.githubusercontent.com/scieloorg/articles_meta/master/tests/xsd/scielo_sci/ThomsonReuters_publishing.xsd" dtd-version="1.10"><article lang_id="pt" article-type="research-article"><front><journal-meta><journal-id journal-id-type="publisher">csp</journal-id><journal-title-group><journal-title>Cadernos de Saúde Pública</journal-title><abbrev-journal-title>Cad. Saúde Pública</abbrev-journal-title></journal-title-group><issn>1678-4464</issn><collection>SciELO Brazil</collection><publisher><publisher-name>Escola Nacional de Saúde Pública Sergio Arouca, Fundação Oswaldo Cruz</publisher-name></publisher></journal-meta><article-meta><unique-article-id pub-id-type="publisher-id">S0102-311X1992000200013</unique-article-id><article-id pub-id-type="publisher-id">S0102-311X1992000200013</article-id><article-id pub-id-type="doi">10.1590/S0102-311X1992000200013</article-id><article-categories><subj-group><subject>Health Policy &amp; Services</subject></subj-group></article-categories><title-group><article-title lang_id="pt">Ciência auto-sustentada: o caso da Esquistossomose</article-title><trans-title-group lang_id="en"><trans-title>Self-sustained science: the case of Schistosomiasis</trans-title></trans-title-group></title-group><contrib-group><contrib contrib-type="author"><name><surname>Kloetzel</surname><given-names>Kurt</given-names></name><role>ND</role><xref ref-type="aff" rid="A01"/></contrib></contrib-group><aff id="A01"><institution>Universidade Federal de Pelotas</institution><country>Brasil</country></aff><pub-date><month>06</month><year>1992</year></pub-date><volume>8</volume><issue>2</issue><fpage>204</fpage><lpage>206</lpage><permissions><license license-type="open-access" href="http://creativecommons.org/licenses/by-nc/4.0/"><license-p>This work is licensed under a Creative Commons Attribution-NonCommercial 4.0 International License.</license-p></license></permissions><self-uri href="http://www.scielo.br/scielo.php?script=sci_arttext&amp;pid=S0102-311X1992000200013&amp;lng=en&amp;tlng=en" content-type="full_text_page"/><self-uri href="http://www.scielosp.org/scielo.php?script=sci_issuetoc&amp;pid=0102-311X19920002&amp;lng=en" content-type="issue_page"/><self-uri href="http://www.scielosp.org/scielo.php?script=sci_serial&amp;pid=0102-311X&amp;lng=en" content-type="journal_page"/><abstract lang_id="pt"><p>O autor revê criticamente os principais pontos das estratégias de controle da esquistossomose adotadas no Brasil nas últimas décadas, discutindo o programa PECE e questões referentes a quimioterapia, saneamento e vacinas. O autor também discute o papel das políticas públicas em geral e, em particular, das políticas científicas na manutenção da endemia no país.</p></abstract><trans-abstract lang_id="en"><p>The author critically reviews the main points of the schistosomiasis control strategies adopted in Brazil during the recent decades, discussing the PECE program and various issues related to chemotherapy, sanitation, and vaccines. The author also discusses the role of public policies in general and, particularly, of scientific policies in the maintenance of the disease in the country.</p></trans-abstract><kwd-group lang_id="en" kwd-group-type="author-generated"><kwd>Schistosomiasis</kwd><kwd>Control</kwd><kwd>Sanitation</kwd><kwd>Health Policy</kwd><kwd>Scientific Policy</kwd></kwd-group><kwd-group lang_id="pt" kwd-group-type="author-generated"><kwd>Esquistossomose</kwd><kwd>Controle</kwd><kwd>Saneamento</kwd><kwd>Política de Saúde</kwd><kwd>Política Científica</kwd></kwd-group></article-meta></front></article></articles>