<articles xmlns:xsi="http://www.w3.org/2001/XMLSchema-instance" xsi:schemaLocation="https://raw.githubusercontent.com/scieloorg/articles_meta/master/tests/xsd/scielo_sci/ThomsonReuters_publishing.xsd" dtd-version="1.10"><article lang_id="pt" article-type="research-article"><front><journal-meta><journal-id journal-id-type="publisher">csp</journal-id><journal-title-group><journal-title>Cadernos de Saúde Pública</journal-title><abbrev-journal-title>Cad. Saúde Pública</abbrev-journal-title></journal-title-group><issn>1678-4464</issn><collection>SciELO Brazil</collection><publisher><publisher-name>Escola Nacional de Saúde Pública Sergio Arouca, Fundação Oswaldo Cruz</publisher-name></publisher></journal-meta><article-meta><unique-article-id pub-id-type="publisher-id">S0102-311X1985000300003</unique-article-id><article-id pub-id-type="publisher-id">S0102-311X1985000300003</article-id><article-id pub-id-type="doi">10.1590/S0102-311X1985000300003</article-id><article-categories><subj-group><subject>Health Policy &amp; Services</subject></subj-group></article-categories><title-group><article-title lang_id="pt">O desafio da alimentação e nutrição</article-title></title-group><contrib-group><contrib contrib-type="author"><name><surname>Arruda</surname><given-names>Bertoldo Kruse Grande de</given-names></name><role>ND</role><xref ref-type="aff" rid="A01"/></contrib></contrib-group><aff id="A01"><institution>Universidade Federal de Pernambuco</institution></aff><pub-date><month>09</month><year>1985</year></pub-date><volume>1</volume><issue>3</issue><fpage>296</fpage><lpage>304</lpage><permissions><license license-type="open-access" href="http://creativecommons.org/licenses/by-nc/4.0/"><license-p>This work is licensed under a Creative Commons Attribution-NonCommercial 4.0 International License.</license-p></license></permissions><self-uri href="http://www.scielo.br/scielo.php?script=sci_arttext&amp;pid=S0102-311X1985000300003&amp;lng=en&amp;tlng=en" content-type="full_text_page"/><self-uri href="http://www.scielo.br/scielo.php?script=sci_issuetoc&amp;pid=0102-311X19850003&amp;lng=en" content-type="issue_page"/><self-uri href="http://www.scielosp.org/scielo.php?script=sci_serial&amp;pid=0102-311X&amp;lng=en" content-type="journal_page"/><abstract lang_id="pt"><p>A política alimentar e nutricional brasileira deve ser considerada em três níveis de atuação: - a nível de produção, o apoio técnico, creditício e de mercado a cinco produtos essenciais - o feijão, o arroz, o milho, a farinha de mandioca e o leite; - a nível de consumo, a estratégia é privilegiar a formação de estoques reguladores de alimentos básicos, a adequada armazenagem, a distribuição e comercialização que beneficie os segmentos populacionais de menor renda. Complementarmente, fortalecer e ampliar os programas institucionais dirigidos a clientelas específicas - gestantes, nutrizes, pré-escolares, escolares e trabalhadores. É defendido o subsídio para alimentos em áreas de alta densidade de pobreza, comercializados através da rede de mercado varejista; - a nível de aproveitamento biológico, é indispensável o controle das intercorrências patológicas que podem transtornar os processos digestivos e metabólicos, reduzindo ou mesmo impedindo o aproveitamento da energia e nutrientes dos alimentos consumidos. A prioridade deve ser o combate ao sinergismo carência nutritiva/infecções.</p></abstract><trans-abstract lang_id="en"><p>The Brazilian food and nutritional consider three levels of performance: 1) At a production level - The technical support, credit facilities and marketing to five essential products: beans, rice, corn, manioc flour and milk; 2) At a consumption level - The strategy is to develop the building up of regulating stocks of basic food, the adequate storage, the distribution and commercialization that benefits the populational segments of lowest income. Together with the strengthening and amplification of the institutional programs directed to specific customers: pregnant women, breast feeding women, pre-school children, school children and workers. It is protected the subsidy for food in areas of high poverty density, distributed through the network of retail market; 3) At a biological utilization - Is indispensable the control of pathological variations which may disturb the digestive and metabolic processes reducing or even blocking the utilization of energy and nutrients from the food eaten up. The priority must be the fight against the synergism nutritional deficiency/infections.</p></trans-abstract></article-meta></front></article></articles>