<articles xmlns:xsi="http://www.w3.org/2001/XMLSchema-instance" xsi:schemaLocation="https://raw.githubusercontent.com/scieloorg/articles_meta/master/tests/xsd/scielo_sci/ThomsonReuters_publishing.xsd" dtd-version="1.10"><article lang_id="pt" article-type="research-article"><front><journal-meta><journal-id journal-id-type="publisher">csp</journal-id><journal-title-group><journal-title>Cadernos de Saúde Pública</journal-title><abbrev-journal-title>Cad. Saúde Pública</abbrev-journal-title></journal-title-group><issn>1678-4464</issn><collection>SciELO Brazil</collection><publisher><publisher-name>Escola Nacional de Saúde Pública Sergio Arouca, Fundação Oswaldo Cruz</publisher-name></publisher></journal-meta><article-meta><unique-article-id pub-id-type="publisher-id">S0102-311X1993000100003</unique-article-id><article-id pub-id-type="publisher-id">S0102-311X1993000100003</article-id><article-id pub-id-type="doi">10.1590/S0102-311X1993000100003</article-id><article-categories><subj-group><subject>Health Policy &amp; Services</subject></subj-group></article-categories><title-group><article-title lang_id="pt">A quem interessa a relação médico paciente ?</article-title><trans-title-group lang_id="en"><trans-title>Who cares how doctors and patients relate ?</trans-title></trans-title-group></title-group><contrib-group><contrib contrib-type="author"><name><surname>Fernandes</surname><given-names>João Claudio Lara</given-names></name><role>ND</role><xref ref-type="aff" rid="A01"/></contrib></contrib-group><aff id="A01"><institution>Posto de Saúde da Associação dos Moradores e Amigos do Bairro Barcellos</institution><country>Brasil</country></aff><pub-date><month>03</month><year>1993</year></pub-date><volume>9</volume><issue>1</issue><fpage>21</fpage><lpage>27</lpage><permissions><license license-type="open-access" href="http://creativecommons.org/licenses/by-nc/4.0/"><license-p>This work is licensed under a Creative Commons Attribution-NonCommercial 4.0 International License.</license-p></license></permissions><self-uri href="http://www.scielo.br/scielo.php?script=sci_arttext&amp;pid=S0102-311X1993000100003&amp;lng=en&amp;tlng=en" content-type="full_text_page"/><self-uri href="http://www.scielosp.org/scielo.php?script=sci_issuetoc&amp;pid=0102-311X19930001&amp;lng=en" content-type="issue_page"/><self-uri href="http://www.scielosp.org/scielo.php?script=sci_serial&amp;pid=0102-311X&amp;lng=en" content-type="journal_page"/><abstract lang_id="pt"><p>A relação médico-paciente é parte integrante do cotidiano de milhares de profissionais. Para evitar uma abordagem idealista ou meramente afetiva desta questão, é necessário investigar como ela está relacionada ao conhecimento médico e à relação mais geral entre medicina e sociedade. Na verdade, longe de ser aleatória, esta relação, da forma como foi estabelecida, pode ser vista como um instrumento de difusão e manutenção do poder do Estado e da instituição médica sobre a sociedade. Para modificar esta prática, o autor propõe duas abordagens, relativas a campos distintos da prática médica: os campos hospitalar e extra-hospitalar. Na área extra-hospitalar, a humanização da prática médica dependeria, basicamente, de uma formação profissional abrangente, de modo a adaptar o médico às demandas inerentes a esta área, onde o raciocínio fisio-patológico mostra-se freqüentemente limitado. No campo hospitalar, a humanização do ato médico dependeria mais diretamente da atuação integrada de uma equipe multi-profissional.</p></abstract><trans-abstract lang_id="en"><p>The relationship between doctors and their patients is part of everyday life for thousands of professionals. In order to avoid an idealistic or merely emotional approach to this question, it is necessary to investigate how it is related to medical science and to the overall relationship between medicine and society. Indeed, far from being aleatory, the doctor-patient relationship as it has been practiced can be understood as a tool for maintaining the power of both the medical establishment and the state over society. To change this practice, the author proposes two different approaches to specific fields of medical practice: the hospital and non-hospital fields. In the field outside hospitals, the humanization of medical practice depends basically on broadened training for professionals in order to prepare them to deal with this work's inherent demands, where a physiopathological approach is often insufficient. Inside hospitals, a more humanistic relationship depends more directly on the action of a multiprofessional health team.</p></trans-abstract><kwd-group lang_id="en" kwd-group-type="author-generated"><kwd>Doctor Patient Relationship</kwd><kwd>Primary Health Care</kwd><kwd>Multiprofessional Health Team</kwd></kwd-group><kwd-group lang_id="pt" kwd-group-type="author-generated"><kwd>Relação Médico-Paciente</kwd><kwd>Atenção Primária à Saúde</kwd><kwd>Equipe Multiprofissional de Saúde</kwd></kwd-group></article-meta></front><back><ref-list><ref id="B1"><element-citation publication-type="thesis"><source>Medicina Hospitalar Medicina Extra-hospitalar: Duas Medicinas?</source><person-group><name><surname>ALMEIDA</surname><given-names>E. L. V.</given-names></name><name><surname>ALMEIDA</surname><given-names>E. L. V.</given-names></name></person-group></element-citation></ref><ref id="B2"><element-citation publication-type="book"><source>O Médico, seu Paciente e a Doença</source><person-group><name><surname>BALINT</surname><given-names>M.</given-names></name><name><surname>BALINT</surname><given-names>M.</given-names></name></person-group></element-citation></ref><ref id="B3"><element-citation publication-type="book"><source>Enfermidade e Loucura</source><person-group><name><surname>BIRMAN</surname><given-names>J.</given-names></name><name><surname>BIRMAN</surname><given-names>J.</given-names></name></person-group></element-citation></ref><ref id="B4"><element-citation publication-type="book"><source>As Classes Sociais e o Corpo</source><person-group><name><surname>BOLTANSKI</surname><given-names>L.</given-names></name><name><surname>BOLTANSKI</surname><given-names>L.</given-names></name></person-group></element-citation></ref><ref id="B5"><element-citation publication-type="book"><source>A Saúde Pública e a Defesa da Vida</source><person-group><name><surname>CAMPOS</surname><given-names>G. W. S.</given-names></name><name><surname>CAMPOS</surname><given-names>G. W. S.</given-names></name></person-group></element-citation></ref><ref id="B6"><element-citation publication-type="book"><source>O Normal e o Patológico</source><person-group><name><surname>CANGUILHEM</surname><given-names>G.</given-names></name><name><surname>CANGUILHEM</surname><given-names>G.</given-names></name></person-group></element-citation></ref><ref id="B7"><element-citation publication-type="book"><source>A Ordem Médica</source><person-group><name><surname>CLAVREUL</surname><given-names>J.</given-names></name><name><surname>CLAVREUL</surname><given-names>J.</given-names></name></person-group></element-citation></ref><ref id="B8"><element-citation publication-type="book"><source>O Nascimento da Clínica</source><person-group><name><surname>FOUCAULT</surname><given-names>M.</given-names></name><name><surname>FOUCAULT</surname><given-names>M.</given-names></name></person-group></element-citation></ref><ref id="B9"><element-citation publication-type="book"><source>Os Intelectuais e a Organização da Cultura</source><person-group><name><surname>GRAMSCI</surname><given-names>A.</given-names></name><name><surname>GRAMSCI</surname><given-names>A.</given-names></name></person-group></element-citation></ref><ref id="B10"><element-citation publication-type="book"><source>As Instituições Médicas no Brasil</source><person-group><name><surname>LUZ</surname><given-names>M. T.</given-names></name><name><surname>LUZ</surname><given-names>M. T.</given-names></name></person-group></element-citation></ref><ref id="B11"><element-citation publication-type="article"><article-title>Why health improves: defining the issues concerning "comprehensive primary health care" and "selective primary health care</article-title><source>Social Science and Medicine</source><fpage>559</fpage><lpage>566</lpage><volume>23</volume><person-group><name><surname>RIFKIN</surname><given-names>S. B.</given-names></name><name><surname>WALT</surname><given-names>G.</given-names></name></person-group></element-citation></ref></ref-list></back></article></articles>