<articles xmlns:xsi="http://www.w3.org/2001/XMLSchema-instance" xsi:schemaLocation="https://raw.githubusercontent.com/scieloorg/articles_meta/master/tests/xsd/scielo_sci/ThomsonReuters_publishing.xsd" dtd-version="1.10"><article lang_id="pt" article-type="research-article"><front><journal-meta><journal-id journal-id-type="publisher">csp</journal-id><journal-title-group><journal-title>Cadernos de Saúde Pública</journal-title><abbrev-journal-title>Cad. Saúde Pública</abbrev-journal-title></journal-title-group><issn>1678-4464</issn><collection>SciELO Brazil</collection><publisher><publisher-name>Escola Nacional de Saúde Pública Sergio Arouca, Fundação Oswaldo Cruz</publisher-name></publisher></journal-meta><article-meta><unique-article-id pub-id-type="publisher-id">S0102-311X1992000200012</unique-article-id><article-id pub-id-type="publisher-id">S0102-311X1992000200012</article-id><article-id pub-id-type="doi">10.1590/S0102-311X1992000200012</article-id><article-categories><subj-group><subject>Health Policy &amp; Services</subject></subj-group></article-categories><title-group><article-title lang_id="pt">Rumos da educação em saúde no Brasil e sua relação com a educação ambiental</article-title><trans-title-group lang_id="en"><trans-title>Trends in health education in Brazil and relationships with environmental education</trans-title></trans-title-group></title-group><contrib-group><contrib contrib-type="author"><name><surname>Mohr</surname><given-names>Adriana</given-names></name><role>ND</role><xref ref-type="aff" rid="A01"/></contrib><contrib contrib-type="author"><name><surname>Schall</surname><given-names>Virgínia T.</given-names></name><role>ND</role><xref ref-type="aff" rid="A02"/></contrib></contrib-group><aff id="A01"><institution>Fundação Oswaldo Cruz</institution><country>Brazil</country></aff><aff id="A02"><institution>Fundação Oswaldo Cruz</institution><country>Brazil</country></aff><pub-date><month>06</month><year>1992</year></pub-date><volume>8</volume><issue>2</issue><fpage>199</fpage><lpage>203</lpage><permissions><license license-type="open-access" href="http://creativecommons.org/licenses/by-nc/4.0/"><license-p>This work is licensed under a Creative Commons Attribution-NonCommercial 4.0 International License.</license-p></license></permissions><self-uri href="http://www.scielo.br/scielo.php?script=sci_arttext&amp;pid=S0102-311X1992000200012&amp;lng=en&amp;tlng=en" content-type="full_text_page"/><self-uri href="http://www.scielosp.org/scielo.php?script=sci_issuetoc&amp;pid=0102-311X19920002&amp;lng=en" content-type="issue_page"/><self-uri href="http://www.scielosp.org/scielo.php?script=sci_serial&amp;pid=0102-311X&amp;lng=en" content-type="journal_page"/><abstract lang_id="pt"><p>No presente trabalho são apresentados, brevemente, alguns antecedentes históricos da educação em saúde no Brasil, desde o final do século passado até os dias atuais, e as diversas características de enfoque que tal campo possuiu ao longo do tempo. Discorre-se sobre o atual quadro do ensino de saúde nas escolas brasileiras de lº grau, salientando-se e constatando-se o despreparo dos professores nesta área de conhecimento, a falta de qualidade da maioria dos livros didáticos disponíveis, a escassez de material alternativo a ele, as condições desfavoráveis de regime de trabalho dos professores e as péssimas condições físicas que apresentam, via de regra, as escolas de 1º grau. Conclui-se apontando algumas idéias-chave para o desenvolvimento da educação em saúde, levando em conta uma abordagem ambiental ampla.</p></abstract><trans-abstract lang_id="en"><p>A brief survey of the historical development of health education in Brazilian elementary schools leads to a critical evaluation of modern practices. The authors point to deficiencies in school facilities, in the quality of the available textbooks and in the training of school teachers. Some guidelines for future action are presented and briefly discussed.</p></trans-abstract><kwd-group lang_id="pt" kwd-group-type="author-generated"><kwd>Educação</kwd><kwd>Saúde</kwd><kwd>Educação em Saúde</kwd><kwd>Educação Ambiental</kwd><kwd>Ensino de lº Grau</kwd></kwd-group><kwd-group lang_id="en" kwd-group-type="author-generated"><kwd>Education</kwd><kwd>Health</kwd><kwd>Health Education</kwd><kwd>Environmental Education</kwd><kwd>Elementary Education</kwd></kwd-group></article-meta></front><back><ref-list><ref id="B1"><element-citation publication-type="article"><article-title>A saúde na sala de aula: uma análise nos livros didáticos</article-title><source>Cadernos CEDES</source><date><year>1987</year></date><fpage>38</fpage><lpage>53</lpage><volume>18</volume><person-group><name><surname>ALVES</surname><given-names>N. C.</given-names></name></person-group></element-citation></ref><ref id="B2"><element-citation publication-type="article"><article-title>Mais que uma alternativa ao livro didático</article-title><source>Passando a Limpo</source><date><year>1992</year></date><fpage>13</fpage><volume>1</volume><person-group><name><surname>BARBIERI</surname><given-names>M. R.</given-names></name></person-group></element-citation></ref><ref id="B3"><element-citation publication-type="article"><article-title>Educação para a saúde na escola</article-title><source>Revista da Fundação SESP</source><date><year>1979</year></date><fpage>35</fpage><lpage>49</lpage><volume>24</volume><person-group><name><surname>BASTOS</surname><given-names>N. C. B.</given-names></name></person-group></element-citation></ref><ref id="B4"><element-citation publication-type="article"><article-title>Ensino da saúde: interesses na área de saúde de escolares adolescentes</article-title><source>Cadernos de Pesquisa</source><date><year>1984</year></date><fpage>40</fpage><lpage>52</lpage><volume>50</volume><person-group><name><surname>CANDEIAS</surname><given-names>N. M. F.</given-names></name></person-group></element-citation></ref><ref id="B5"><element-citation publication-type="article"><article-title>Identifying educational needs of schoolchildren in a secondary school in São Paulo</article-title><source>International Journal of Health Education</source><date><year>1980</year></date><fpage>42</fpage><lpage>48</lpage><volume>23</volume><person-group><name><surname>CANDEIAS</surname><given-names>N. M. F.</given-names></name><name><surname>MARCONDES</surname><given-names>R. S.</given-names></name></person-group></element-citation></ref><ref id="B6"><element-citation publication-type="book"><source>Perspectivas e Dilemas da Educação Popular</source><date><year>1984</year></date><fpage>315</fpage><lpage>324</lpage><person-group><name><surname>CANESQUI</surname><given-names>A. M.</given-names></name><name><surname>Paiva</surname><given-names>V.</given-names></name><name><surname>Paiva</surname><given-names>V.</given-names></name></person-group></element-citation></ref><ref id="B7"><element-citation publication-type="article"><article-title>Parecer nº 2.264/74: Ens. (lº e 2º Graus)</article-title><source>Documenta</source><date><year>1974</year></date><fpage>63</fpage><lpage>81</lpage><volume>165</volume></element-citation></ref><ref id="B8"><element-citation publication-type="article"><article-title>Educación para la salud en la adolescencia: Relato de una experiencia</article-title><source>Boletin de la Oficina Sanitaria Panamericana</source><date><year>1984</year></date><fpage>240</fpage><lpage>250</lpage><volume>97</volume><person-group><name><surname>FERRAROTI</surname><given-names>N. G.</given-names></name></person-group></element-citation></ref><ref id="B9"><element-citation publication-type="article"><article-title>O livro didático de história do Brasil: algumas questões</article-title><source>Cadernos de Pesquisa</source><date><year>1982</year></date><fpage>22</fpage><lpage>27</lpage><volume>41</volume><person-group><name><surname>FRANCO</surname><given-names>M. L. P. B.</given-names></name></person-group></element-citation></ref><ref id="B10"><element-citation publication-type="book"><source>Saúde escolar e educação</source><date><year>1985</year></date><person-group><name><surname>LIMA</surname><given-names>G. Z.</given-names></name><name><surname>LIMA</surname><given-names>G. Z.</given-names></name></person-group></element-citation></ref><ref id="B11"><element-citation publication-type="article"><article-title>A questão do social na epidemiologia e controle da esquistossomose mansonica 1</article-title><source>Memórias do Instituto Oswaldo Cruz</source><date><year>1989</year></date><fpage>124</fpage><lpage>133</lpage><volume>84</volume><person-group><name><surname>LOUREIRO</surname><given-names>S.</given-names></name></person-group></element-citation></ref><ref id="B12"><element-citation publication-type="book"><source>As instituições médicas no Brasil: instituição e estratégia de hegemonia</source><date><year>1981</year></date><person-group><name><surname>LUZ</surname><given-names>M. T.</given-names></name><name><surname>LUZ</surname><given-names>M. T.</given-names></name></person-group></element-citation></ref><ref id="B13"><element-citation publication-type="article"><article-title>Educação sanitária: uma visão crítica</article-title><source>Cadernos do CEDES</source><date><year>1987</year></date><fpage>28</fpage><lpage>64</lpage><volume>4</volume><person-group><name><surname>MELO</surname><given-names>J. A. C.</given-names></name></person-group></element-citation></ref><ref id="B14"><element-citation publication-type="article"><article-title>Ensino da saúde no currículo de lº grau: subtema nutrição</article-title><source>Ciência e Cultura</source><date><year>1990</year></date><fpage>283</fpage><lpage>287</lpage><volume>42</volume><person-group><name><surname>MOURA</surname><given-names>E. C.</given-names></name></person-group></element-citation></ref><ref id="B15"><element-citation publication-type="book"><source>Clima e Saúde</source><date><year>1975</year></date><person-group><name><surname>PEIXOTO</surname><given-names>A.</given-names></name><name><surname>PEIXOTO</surname><given-names>A.</given-names></name></person-group></element-citation></ref><ref id="B16"><element-citation publication-type="article"><article-title>O livro didático na área de comunicação e expressão: algumas idéias</article-title><source>Leitura: Teoria e Prática</source><date><year>1984</year></date><fpage>26</fpage><lpage>32</lpage><volume>3</volume><person-group><name><surname>PONDÉ</surname><given-names>G.</given-names></name><name><surname>ALVES</surname><given-names>N.</given-names></name><name><surname>ROLLIN</surname><given-names>W.</given-names></name></person-group></element-citation></ref><ref id="B17"><element-citation publication-type="article"><article-title>Conhecimentos sobre helmintoses intestinais de crianças de uma escola de Minas Gerais</article-title><source>Ciencia e Cultura</source><date><year>1990</year></date><fpage>188</fpage><lpage>194</lpage><volume>42</volume><person-group><name><surname>SANTOS</surname><given-names>M. G. S.</given-names></name><name><surname>MASSARA</surname><given-names>C. L.</given-names></name><name><surname>MORAIS</surname><given-names>G. S.</given-names></name></person-group></element-citation></ref><ref id="B18"><element-citation publication-type="article"><article-title>Avaliação do conhecimento sobre doenças parasitárias entre professores e alunos do lº grau</article-title><source>Ciência e Cultura</source><date><year>1987</year></date><fpage>160</fpage><volume>39</volume><person-group><name><surname>SCHALL</surname><given-names>V. T.</given-names></name><name><surname>BUROCHOVITCH</surname><given-names>E.</given-names></name><name><surname>FÉLIX-SOUZA</surname><given-names>I. C.</given-names></name><name><surname>VASCONCELOS</surname><given-names>M. C.</given-names></name><name><surname>ROZEMBERG</surname><given-names>B.</given-names></name></person-group></element-citation></ref><ref id="B19"><element-citation publication-type="article"><article-title>Educação em saúde para alunos do 1ºgrau: Avaliação de material para ensino e profilaxia da esquistossomose</article-title><source>Revista de Saúde Pública</source><date><year>1987</year></date><fpage>387</fpage><lpage>404</lpage><volume>21</volume><person-group><name><surname>SCHALL</surname><given-names>V. T.</given-names></name><name><surname>JURBERG</surname><given-names>P.</given-names></name><name><surname>ALMEIDA</surname><given-names>E. M.</given-names></name><name><surname>CASZ</surname><given-names>C.</given-names></name><name><surname>CAVALCANTE</surname><given-names>F. G.</given-names></name><name><surname>BASNO</surname><given-names>S.</given-names></name></person-group></element-citation></ref><ref id="B20"><element-citation publication-type="book"><source>Proceedings of the Second International Seminar: Misconceptions and Educational Strategies in Science and Mathematics</source><date><year>1987</year></date><fpage>388</fpage><lpage>403</lpage><volume>II</volume><person-group><name><surname>SCHALL</surname><given-names>V. T.</given-names></name><name><surname>JURBERG</surname><given-names>P.</given-names></name><name><surname>BORUCHOVITCH</surname><given-names>E.</given-names></name><name><surname>FÉLIX-SOUZA</surname><given-names>I. C.</given-names></name><name><surname>ROZEMBERG</surname><given-names>B.</given-names></name><name><surname>VASCONCELOS</surname><given-names>M. C.</given-names></name><name><surname>Novak</surname><given-names>J. D.</given-names></name><name><surname>Novak</surname><given-names>J. D.</given-names></name></person-group></element-citation></ref><ref id="B21"><element-citation publication-type="book"><source>Conferência Internacional de Meio Ambiente, Desenvolvimento e Saúde (CIMADES): Carta da Saúde, Agenda Sanitária e Relatórios Finais</source><date><year>1992</year></date><fpage>25</fpage><lpage>29</lpage><person-group><name><surname>SCHALL</surname><given-names>V. T.</given-names></name><name><surname>MOHR</surname><given-names>A.</given-names></name><name><surname>BARBIERI</surname><given-names>M. R.</given-names></name><name><surname>CARVALHO</surname><given-names>C. P.</given-names></name><name><surname>BENDAIT</surname><given-names>M. M.</given-names></name></person-group></element-citation></ref><ref id="B22"><element-citation publication-type="article"><article-title>O corpo humano no livro didático ou de como o corpo didático deixou de ser humano</article-title><source>Educação em Revista</source><date><year>1988</year></date><fpage>12</fpage><lpage>18</lpage><volume>8</volume><person-group><name><surname>VARGAS</surname><given-names>C. D.</given-names></name><name><surname>MINTZ</surname><given-names>V.</given-names></name><name><surname>MEYER</surname><given-names>M. A. A.</given-names></name></person-group></element-citation></ref></ref-list></back></article></articles>