<articles xmlns:xsi="http://www.w3.org/2001/XMLSchema-instance" xsi:schemaLocation="https://raw.githubusercontent.com/scieloorg/articles_meta/master/tests/xsd/scielo_sci/ThomsonReuters_publishing.xsd" dtd-version="1.10"><article lang_id="pt" article-type="research-article"><front><journal-meta><journal-id journal-id-type="publisher">csp</journal-id><journal-title-group><journal-title>Cadernos de Saúde Pública</journal-title><abbrev-journal-title>Cad. Saúde Pública</abbrev-journal-title></journal-title-group><issn>1678-4464</issn><collection>SciELO Brazil</collection><publisher><publisher-name>Escola Nacional de Saúde Pública Sergio Arouca, Fundação Oswaldo Cruz</publisher-name></publisher></journal-meta><article-meta><unique-article-id pub-id-type="publisher-id">S0102-311X1993000200011</unique-article-id><article-id pub-id-type="publisher-id">S0102-311X1993000200011</article-id><article-id pub-id-type="doi">10.1590/S0102-311X1993000200011</article-id><article-categories><subj-group><subject>Health Policy &amp; Services</subject></subj-group></article-categories><title-group><article-title lang_id="pt">Os inquéritos de saúde sob a perspectiva do planejamento</article-title><trans-title-group lang_id="en"><trans-title>Health surveys from a planning perspective</trans-title></trans-title-group></title-group><contrib-group><contrib contrib-type="author"><name><surname>Campos</surname><given-names>C. E. A.</given-names></name><role>ND</role><xref ref-type="aff" rid="A01"/></contrib></contrib-group><aff id="A01"><institution>Universidade Federal do Rio de Janeiro</institution><country>Brazil</country></aff><pub-date><month>06</month><year>1993</year></pub-date><volume>9</volume><issue>2</issue><fpage>190</fpage><lpage>200</lpage><permissions><license license-type="open-access" href="http://creativecommons.org/licenses/by-nc/4.0/"><license-p>This work is licensed under a Creative Commons Attribution-NonCommercial 4.0 International License.</license-p></license></permissions><self-uri href="http://www.scielo.br/scielo.php?script=sci_arttext&amp;pid=S0102-311X1993000200011&amp;lng=en&amp;tlng=en" content-type="full_text_page"/><self-uri href="http://www.scielo.br/scielo.php?script=sci_issuetoc&amp;pid=0102-311X19930002&amp;lng=en" content-type="issue_page"/><self-uri href="http://www.scielosp.org/scielo.php?script=sci_serial&amp;pid=0102-311X&amp;lng=en" content-type="journal_page"/><abstract lang_id="pt"><p>Este trabalho discute a importância dos inquéritos de saúde no acompanhamento do processo de distritalização do sistema de saúde. Os principais conceitos que embasam os inquéritos e a bibliografia acerca dos usos que foram feitos dos inquéritos de saúde são revisados. A despeito dos autores dedicados a este tema afirmarem a importância dos inquéritos para o planejamento dos serviços de saúde, este trabalho encontrou evidências de que, na prática, são muito raros os relatos de sua aplicabilidade. Os principais problemas metodológicos são também discutidos. A proposta da realização de inquéritos de demanda mais ágeis e de menor complexidade metodológica poderia ser, para alguns autores, a saída para a sua utilização no planejamento em saúde.</p></abstract><trans-abstract lang_id="en"><p>This study examines the importance of household surveys for evaluating the implementation of district-based health systems for the delivery of health services. The concepts underlying health surveys and the literature on health surveys in the Third World are reviewed, and significant methodological problems are also discussed. Although many authors dealing with this issue consider household health surveys of capital importance for the planning of health services, that was not the situation encountered by the author, who rarely found examples of the applicability of such studies. The potential use of less complex and quicker studies was a solution proposed by some authors to increase the presence of surveys in health planning. Finally, national health surveys are also analyzed.</p></trans-abstract><kwd-group lang_id="pt" kwd-group-type="author-generated"><kwd>Saúde Pública</kwd><kwd>Planejamento em Saúde</kwd><kwd>Serviços de Saúde</kwd><kwd>Nível de Saúde</kwd></kwd-group><kwd-group lang_id="en" kwd-group-type="author-generated"><kwd>Public Health</kwd><kwd>Health Planning</kwd><kwd>Health Services</kwd><kwd>Health Status</kwd></kwd-group></article-meta></front><back><ref-list><ref id="B1"><element-citation publication-type="book"><source>Salud para todos en el año 2000. Implicaciones para la planificación y administración de los sistemas de salud</source><date><year>1987</year></date><person-group><name><surname>BARRENECHEA</surname><given-names>J. J.</given-names></name><name><surname>URIBE</surname><given-names>E. T.</given-names></name><name><surname>BARRENECHEA</surname><given-names>J. J.</given-names></name><name><surname>URIBE</surname><given-names>E. T.</given-names></name></person-group></element-citation></ref><ref id="B2"><element-citation publication-type="article"><article-title>Microcomputer applications in health population surveys: experience and potential in developing countries</article-title><source>World Health Statistics Quartely</source><date><year>1985</year></date><fpage>91</fpage><lpage>99</lpage><volume>38</volume><person-group><name><surname>BERTRAND</surname><given-names>W. E.</given-names></name></person-group></element-citation></ref><ref id="B3"><element-citation publication-type="thesis"><source>Padrões de Utilização de Serviços de Saúde, Inquérito Domiciliar no Município de Nova Iguaçu</source><date><year>1979</year></date><person-group><name><surname>BUSS</surname><given-names>P. M.</given-names></name><name><surname>BUSS</surname><given-names>P. M.</given-names></name></person-group></element-citation></ref><ref id="B4"><element-citation publication-type="book"><source>Planejamento sem Normas</source><date><year>1989</year></date><fpage>9</fpage><lpage>32</lpage><person-group><name><surname>CAMPOS</surname><given-names>G. W. S.</given-names></name><name><surname>Campos</surname><given-names>G. W. S.</given-names></name><name><surname>Campos</surname><given-names>G. W. S.</given-names></name></person-group></element-citation></ref><ref id="B5"><element-citation publication-type="book"><source>Health Surveys in Practice and in Potential: a Critical Review of their Scope and Methods</source><date><year>1983</year></date><person-group><name><surname>CARTWRIGHT</surname><given-names>A.</given-names></name><name><surname>CARTWRIGHT</surname><given-names>A.</given-names></name></person-group></element-citation></ref><ref id="B6"><element-citation publication-type="book"><source>La Formación en Epidemiologia para el Desarrolo de los Servicios de Salud</source><date><year>1987</year></date><fpage>30</fpage><lpage>40</lpage><person-group><name><surname>CASTELLANOS</surname><given-names>P. L.</given-names></name></person-group></element-citation></ref><ref id="B7"><element-citation publication-type="article"><article-title>O epidemiologista e os serviços de saúde coletiva no Brasil</article-title><source>Cadernos de Saúde Pública</source><date><year>1989</year></date><fpage>17</fpage><lpage>23</lpage><volume>5</volume><person-group><name><surname>CASTIEL</surname><given-names>L. D.</given-names></name></person-group></element-citation></ref><ref id="B8"><element-citation publication-type="book"><source>Report on Sanitary Condition of the Labouring Population of Great Britain, 280</source><date><year>1842</year></date><person-group><name><surname>CHADWICK</surname><given-names>E.</given-names></name><name><surname>CHADWICK</surname><given-names>E.</given-names></name></person-group></element-citation></ref><ref id="B9"><element-citation publication-type="article"><article-title>Equity and the NHS: self-reported morbidity, access and primary care</article-title><source>British Medical Journal</source><date><year>1980</year></date><fpage>1111</fpage><lpage>1115</lpage><volume>281</volume><person-group><name><surname>COLLINS</surname><given-names>E.</given-names></name><name><surname>KLEIN</surname><given-names>R.</given-names></name></person-group></element-citation></ref><ref id="B10"><element-citation publication-type="book"><source>A Epidemiologia na Administração dos Serviços de Saúde</source><date><year>1988</year></date><person-group><name><surname>DEVER</surname><given-names>A. G. E.</given-names></name><name><surname>DEVER</surname><given-names>A. G. E.</given-names></name></person-group></element-citation></ref><ref id="B11"><element-citation publication-type="book"><source>Inequalities in health: Report of a research working group</source><date><year>1980</year></date></element-citation></ref><ref id="B12"><element-citation publication-type="article"><article-title>Social class differences in sickness and general practice consultations</article-title><source>Health Trends</source><date><year>1978</year></date><fpage>29</fpage><lpage>32</lpage><volume>8</volume><person-group><name><surname>FORSTER</surname><given-names>D. P.</given-names></name></person-group></element-citation></ref><ref id="B13"><element-citation publication-type="article"><article-title>El concepto y la medición de accesibilidad</article-title><source>Salud Publica de Mexico</source><date><year>1985</year></date><fpage>438</fpage><lpage>453</lpage><volume>sep-oct</volume><person-group><name><surname>FRENK</surname><given-names>J. M.</given-names></name></person-group></element-citation></ref><ref id="B14"><element-citation publication-type="article"><article-title>Indicadores de saúde e sanimetria</article-title><source>Aspectos conceituais de estudos recentes sobre medição de saúde de uma população. Revue d'Epidemiologie et Santé Publique</source><date><year>1979</year></date><fpage>1,2</fpage><volume>27</volume><person-group><name><surname>GOLDBERG</surname><given-names>M.</given-names></name><name><surname>DAB</surname><given-names>W.</given-names></name><name><surname>CHAPERON</surname><given-names>J. &amp; FUHRER, R.</given-names></name><name><surname>GREMY</surname><given-names>F.</given-names></name></person-group></element-citation></ref><ref id="B15"><element-citation publication-type="book"><source>Health Care an International Study, Report of the WHO/International Collaborative Study of Medical Care Utilization</source><date><year>1974</year></date><person-group><name><surname>KOHN</surname><given-names>R.</given-names></name><name><surname>WHITE</surname><given-names>K. L.</given-names></name><name><surname>KOHN</surname><given-names>R.</given-names></name><name><surname>WHITE</surname><given-names>K. L.</given-names></name></person-group></element-citation></ref><ref id="B16"><element-citation publication-type="article"><article-title>Health interview surveys in developing coutries: a review of the methods and results</article-title><source>International Journal of Epidemiology</source><date><year>1983</year></date><fpage>465</fpage><lpage>481</lpage><volume>12</volume><person-group><name><surname>KROEGER</surname><given-names>A.</given-names></name></person-group></element-citation></ref><ref id="B17"><element-citation publication-type="article"><article-title>Response errors and other problems of health interview surveys in developing countries</article-title><source>World Health Statistics Quarterly</source><date><year>1985</year></date><fpage>15</fpage><lpage>33</lpage><volume>38</volume><person-group><name><surname>KROEGER</surname><given-names>A.</given-names></name></person-group></element-citation></ref><ref id="B18"><element-citation publication-type="article"><article-title>National health interview surveys</article-title><source>Public Health Papers</source><date><year>1965</year></date><fpage>79</fpage><lpage>111</lpage><volume>27</volume><person-group><name><surname>LINDER</surname><given-names>F. E.</given-names></name></person-group></element-citation></ref><ref id="B19"><element-citation publication-type="article"><article-title>Some problems in the analysis of morbidity data</article-title><source>Journal of Chronic Diseases</source><date><year>1965</year></date><fpage>569</fpage><lpage>580</lpage><volume>18</volume><person-group><name><surname>MECHANIC</surname><given-names>D.</given-names></name><name><surname>NEWTON</surname><given-names>M.</given-names></name></person-group></element-citation></ref><ref id="B20"><element-citation publication-type="book"><source>Sistemas Locais de Saúde</source><date><year>1988</year></date><person-group><name><surname>MENDES</surname><given-names>E. V.</given-names></name><name><surname>MENDES</surname><given-names>E. V.</given-names></name></person-group></element-citation></ref><ref id="B21"><element-citation publication-type="book"><source>Invisible Needs: Past House-hold Health Surveys in Third World Countries</source><date><year>1987</year></date><person-group><name><surname>NORDBERG</surname><given-names>E.</given-names></name><name><surname>NORDBERG</surname><given-names>E.</given-names></name></person-group></element-citation></ref><ref id="B22"><element-citation publication-type="article"><article-title>Household health surveys in developing countries: could more use be made of them planning?</article-title><source>Health Policy and Planning</source><date><year>1988</year></date><fpage>32</fpage><lpage>39</lpage><volume>3</volume><person-group><name><surname>NORDBERG</surname><given-names>E.</given-names></name></person-group></element-citation></ref><ref id="B23"><element-citation publication-type="article"><article-title>Health status and use of services among families with and without health insurance</article-title><source>Medical Care</source><date><year>1992</year></date><fpage>941</fpage><lpage>949</lpage><volume>30</volume><person-group><name><surname>PATRICK</surname><given-names>D.</given-names></name><name><surname>MADDEN</surname><given-names>C. L.</given-names></name><name><surname>MARTIN</surname><given-names>D.</given-names></name><name><surname>DIERH</surname><given-names>P.</given-names></name><name><surname>CHEADRE</surname><given-names>A.</given-names></name><name><surname>SKILLMAN</surname><given-names>S.</given-names></name></person-group></element-citation></ref><ref id="B24"><element-citation publication-type="article"><article-title>A systems approach to health and health policy</article-title><source>Medical Care</source><date><year>1992</year></date><fpage>373</fpage><lpage>379</lpage><volume>10</volume><person-group><name><surname>PUROLA</surname><given-names>T.</given-names></name></person-group></element-citation></ref><ref id="B25"><element-citation publication-type="article"><article-title>Pesquisa em serviços de saúde: uma necessidade urgente</article-title><source>Cadernos de Saúde Pública</source><date><year>1989</year></date><fpage>7</fpage><lpage>16</lpage><volume>5</volume><person-group><name><surname>RODRIGUES FILHO</surname><given-names>J.</given-names></name></person-group></element-citation></ref><ref id="B26"><element-citation publication-type="article"><article-title>Social class inequality in acess to primary care: a critique of recent research</article-title><source>British Medical Journal</source><date><year>1981</year></date><fpage>510</fpage><lpage>511</lpage><volume>283</volume><person-group><name><surname>SCOTT-SAMUEL</surname><given-names>A.</given-names></name></person-group></element-citation></ref><ref id="B27"><element-citation publication-type="book"><source>Sickness in the population of England and Wales 1944-1947: General Register Office, Studies on Medical and Population Subjects No 2</source><date><year>1949</year></date><person-group><name><surname>STOCKS</surname><given-names>P.</given-names></name><name><surname>STOCKS</surname><given-names>P.</given-names></name></person-group></element-citation></ref><ref id="B28"><element-citation publication-type="article"><article-title>A study of illness in a general population group</article-title><source>Public Health Reports</source><date><year>1926</year></date><fpage>12</fpage><volume>11</volume><person-group><name><surname>SYDENSTRICKER</surname><given-names>E.</given-names></name></person-group></element-citation></ref><ref id="B29"><element-citation publication-type="book"><source>Reforma Sanitária, Itália e Brasil</source><date><year>1988</year></date><fpage>195</fpage><lpage>207</lpage><person-group><name><surname>TEIXEIRA</surname><given-names>S. M. F.</given-names></name><name><surname>Berlinger</surname><given-names>G.</given-names></name><name><surname>Berlinger</surname><given-names>G.</given-names></name></person-group></element-citation></ref><ref id="B30"><element-citation publication-type="article"><article-title>Health surveys in developing countries: the objectives and design of an international programme</article-title><source>Social Science and Medicine</source><date><year>1988</year></date><fpage>359</fpage><lpage>368</lpage><volume>27</volume><person-group><name><surname>TIMAEUS</surname><given-names>I.</given-names></name><name><surname>HARPHAM</surname><given-names>T.</given-names></name><name><surname>PRICE</surname><given-names>M.</given-names></name><name><surname>GILSON</surname><given-names>L.</given-names></name></person-group></element-citation></ref><ref id="B31"><element-citation publication-type="article"><article-title>A new look at healt information</article-title><source>World Health Forum</source><date><year>1983</year></date><fpage>368</fpage><lpage>373</lpage><volume>4</volume><person-group><name><surname>WHITE</surname><given-names>K. L.</given-names></name></person-group></element-citation></ref><ref id="B32"><element-citation publication-type="article"><article-title>Health surveys: who, why and what?</article-title><source>World Health Statistics Quarterly</source><date><year>1985</year></date><fpage>2</fpage><lpage>14</lpage><volume>38</volume><person-group><name><surname>WHITE</surname><given-names>K. L.</given-names></name></person-group></element-citation></ref></ref-list></back></article></articles>