<articles xmlns:xsi="http://www.w3.org/2001/XMLSchema-instance" xsi:schemaLocation="https://raw.githubusercontent.com/scieloorg/articles_meta/master/tests/xsd/scielo_sci/ThomsonReuters_publishing.xsd" dtd-version="1.10"><article lang_id="pt" article-type="research-article"><front><journal-meta><journal-id journal-id-type="publisher">csp</journal-id><journal-title-group><journal-title>Cadernos de Saúde Pública</journal-title><abbrev-journal-title>Cad. Saúde Pública</abbrev-journal-title></journal-title-group><issn>1678-4464</issn><collection>SciELO Brazil</collection><publisher><publisher-name>Escola Nacional de Saúde Pública Sergio Arouca, Fundação Oswaldo Cruz</publisher-name></publisher></journal-meta><article-meta><unique-article-id pub-id-type="publisher-id">S0102-311X1991000100005</unique-article-id><article-id pub-id-type="publisher-id">S0102-311X1991000100005</article-id><article-id pub-id-type="doi">10.1590/S0102-311X1991000100005</article-id><article-categories><subj-group><subject>Health Policy &amp; Services</subject></subj-group></article-categories><title-group><article-title lang_id="pt">Opinião sobre AIDS e possíveis mudanças de comportamento de heterossexuais masculinos</article-title></title-group><contrib-group><contrib contrib-type="author"><name><surname>Andrade</surname><given-names>Sônia Maria Oliveira de</given-names></name><role>ND</role><xref ref-type="aff" rid="A01"/></contrib></contrib-group><aff id="A01"><institution>Programa de Saúde Mental da Secretaria de Estado da Saúde de Mato Grosso do Sul</institution></aff><pub-date><month>03</month><year>1991</year></pub-date><volume>7</volume><issue>1</issue><fpage>45</fpage><lpage>68</lpage><permissions><license license-type="open-access" href="http://creativecommons.org/licenses/by-nc/4.0/"><license-p>This work is licensed under a Creative Commons Attribution-NonCommercial 4.0 International License.</license-p></license></permissions><self-uri href="http://www.scielo.br/scielo.php?script=sci_arttext&amp;pid=S0102-311X1991000100005&amp;lng=en&amp;tlng=en" content-type="full_text_page"/><self-uri href="http://www.scielo.br/scielo.php?script=sci_issuetoc&amp;pid=0102-311X19910001&amp;lng=en" content-type="issue_page"/><self-uri href="http://www.scielosp.org/scielo.php?script=sci_serial&amp;pid=0102-311X&amp;lng=en" content-type="journal_page"/><abstract lang_id="pt"><p>O presente trabalho foi realizado com o objetivo de conhecer a opinião de uma amostra da população masculina, não-pertencente aos grupos de risco, a respeito da AIDS e as mudanças de comportamento sexual e social dela decorrentes, considerando-se as campanhas educativas, em Campo Grande, Mato Grosso do Sul. A coleta de dados foi feita através de questionários aplicados no período de 2 de janeiro a 14 de fevereiro de 1989, em 100 sujeitos. Após o levantamento, foram selecionados 98 questionários de elementos, cujo critério de escolha foi o de não se encontrarem enquadrados nos grupos clássicos de risco. Da análise dos dados conclui-se que, apesar de 60% dos entrevistados afirmarem haver modificado seus hábitos sexuais devido à AIDS, mais da metade dessa população optou por medidas ineficazes à prevenção da AIDS. Ficou evidenciado, ainda, que existem hábitos sociais e culturais arraigados que vêm de encontro a medidas tais como: o uso de preservativos e/ou restrição à multiplicidade de parceiras, fato este que, associado à baixa eficácia das campanhas educativas atuais, apresentou-se como responsável pelas insuficientes medidas preventivas individuais. Como conclusão do trabalho, foi ressaltada a importância da reestruturação no conteúdo e na forma das campanhas educativas, a partir de pesquisas estratificadas que respaldem cientificamente a educação sanitária da população.</p></abstract><trans-abstract lang_id="en"><p>Taking into account the educational campaigns implemented in Campo Grande (Mato Grosso do Sul State, Brazil), the purpose of this study was to learn the perceptions of a non-risk of AIDS sample of 100 males about the disease and how it has changed their sexual and social behaviors. Data was collected during January 2 and February 14, 1989 and 98 questionnaires were used for the analyses. Sixty per cent of the respondents declared that they have changed their sexual habits, although more than 50% selected inefficient prevention methods. The study indicates that there are social and cultural patterns which strongly determine rejection of effective prevention methods, such as: use of condoms or reduced numbers of partners. The conclusions emphasize the importance of redesigning the contents and formats of AIDS educational programs for the population based on scientific research.</p></trans-abstract></article-meta></front><back><ref-list><ref id="B1"><element-citation publication-type="book"><source>Psicologia da Comunidade</source><date><year>1978</year></date><person-group><name><surname>BANDER</surname><given-names>Mike P.</given-names></name><name><surname>BANDER</surname><given-names>Mike P.</given-names></name></person-group></element-citation></ref><ref id="B2"><element-citation publication-type="book"><source>Fundamentos de Metodologia</source><date><year>1986</year></date><person-group><name><surname>BARROS</surname><given-names>Aidil J. P.</given-names></name><name><surname>LEHFELD</surname><given-names>Neide A. S.</given-names></name><name><surname>BARROS</surname><given-names>Aidil J. P.</given-names></name><name><surname>LEHFELD</surname><given-names>Neide A. S.</given-names></name></person-group></element-citation></ref><ref id="B3"><element-citation publication-type="book"><source>A Indústria da Saúde no Brasil</source><date><year>1985</year></date><person-group><name><surname>CORDEIRO</surname><given-names>Hésio</given-names></name><name><surname>CORDEIRO</surname><given-names>Hésio</given-names></name></person-group></element-citation></ref><ref id="B4"><element-citation publication-type="book"><source>Sexualidade em Macho, Masculino, Homem</source><date><year>1986</year></date><person-group><name><surname>COSTA</surname><given-names>Moacir</given-names></name><name><surname>COSTA</surname><given-names>Moacir</given-names></name></person-group></element-citation></ref><ref id="B5"><element-citation publication-type="book"><source>A Dialética da Natureza</source><date><year>1985</year></date><person-group><name><surname>ENGELS</surname><given-names>Friedrich</given-names></name><name><surname>ENGELS</surname><given-names>Friedrich</given-names></name></person-group></element-citation></ref><ref id="B6"><element-citation publication-type="book"><source>A Origem da Família, da Propriedade Privada e do Estado</source><date><year>1978</year></date><person-group><name><surname>ENGELS</surname><given-names>Friedrich</given-names></name><name><surname>ENGELS</surname><given-names>Friedrich</given-names></name></person-group></element-citation></ref><ref id="B7"><element-citation publication-type="book"><source>Identidade: a face oculta dos movimentos sociais</source><date><year>1984</year></date><person-group><name><surname>EVERS</surname><given-names>T.</given-names></name><name><surname>EVERS</surname><given-names>T.</given-names></name></person-group></element-citation></ref><ref id="B8"><element-citation publication-type="book"><source>Psicologia do Desenvolvimento</source><date><year>1972</year></date><person-group><name><surname>FITZGERALD</surname><given-names>Hiram</given-names></name><name><surname>STRONNEM</surname><given-names>Ellen</given-names></name><name><surname>FITZGERALD</surname><given-names>Hiram</given-names></name><name><surname>STRONNEM</surname><given-names>Ellen</given-names></name></person-group></element-citation></ref><ref id="B9"><element-citation publication-type="book"><source>Machismo em Macho, Masculino, Homem</source><date><year>1986</year></date><person-group><name><surname>GABEIRA</surname><given-names>Fernando</given-names></name><name><surname>GABEIRA</surname><given-names>Fernando</given-names></name></person-group></element-citation></ref><ref id="B10"><element-citation publication-type="book"><source>Métodos em Pesquisa Social</source><date><year>1974</year></date><person-group><name><surname>GOODE</surname><given-names>William J.</given-names></name><name><surname>HATT</surname><given-names>Paul K.</given-names></name><name><surname>GOODE</surname><given-names>William J.</given-names></name><name><surname>HATT</surname><given-names>Paul K.</given-names></name></person-group></element-citation></ref><ref id="B11"><element-citation publication-type="book"><source>Psicologia Social e Marxismo</source><date><year>1984</year></date><person-group><name><surname>HIEBSCH</surname><given-names>Hans</given-names></name><name><surname>VORWERG</surname><given-names>Manfred</given-names></name><name><surname>HIEBSCH</surname><given-names>Hans</given-names></name><name><surname>VORWERG</surname><given-names>Manfred</given-names></name></person-group></element-citation></ref><ref id="B12"><element-citation publication-type="book"><source>O que é dialética</source><date><year>1984</year></date><person-group><name><surname>KONDER</surname><given-names>Leandro</given-names></name><name><surname>KONDER</surname><given-names>Leandro</given-names></name></person-group></element-citation></ref><ref id="B13"><element-citation publication-type="book"><source>O Homem em Movimento</source><date><year>1987</year></date><person-group><name><surname>LANE</surname><given-names>Silvia M. T.</given-names></name><name><surname>CODO</surname><given-names>Wanderley</given-names></name><name><surname>LANE</surname><given-names>Silvia M. T.</given-names></name><name><surname>CODO</surname><given-names>Wanderley</given-names></name></person-group></element-citation></ref><ref id="B14"><element-citation publication-type="book"><source>AIDS: Boletim Epidemiológico</source><date><month>02</month><year>1990</year></date><volume>02</volume></element-citation></ref><ref id="B15"><element-citation publication-type="book"><source>Boletim do Serviço Técnico de Terminologia da Organização Mundial da Saúde</source><date><month>12</month><year>1986</year></date><volume>7</volume></element-citation></ref><ref id="B16"><element-citation publication-type="book"><source>Guia para Controle de Doenças Sexualmente Transmissíveis</source><date><year>1984</year></date></element-citation></ref><ref id="B17"><element-citation publication-type="book"><source>Recomendações para Prevenção e Controle da Infecção pelo Vírus HIV (SIDA/AIDS)</source><date><year>1978</year></date></element-citation></ref><ref id="B18"><element-citation publication-type="book"><source>Vigilância Epidemiológica: Abordagem de conceitos básicos relativos à Vigilância</source><date><year>1988</year></date></element-citation></ref><ref id="B19"><element-citation publication-type="book"><source>Psicopatologia e Propedêutica</source><date><year>1984</year></date><person-group><name><surname>MIRANDA SÁ</surname><given-names>Luis S.</given-names></name><name><surname>MIRANDA SÁ</surname><given-names>Luis S.</given-names></name></person-group></element-citation></ref><ref id="B20"><element-citation publication-type="book"><source>Sexo: O Macho e o Poder</source><date><year>1984</year></date><person-group><name><surname>MORAES</surname><given-names>Maurilton</given-names></name><name><surname>MORAES</surname><given-names>Maurilton</given-names></name></person-group></element-citation></ref><ref id="B21"><element-citation publication-type="book"><source>A representação social da Psicanálise</source><date><year>1978</year></date><person-group><name><surname>MOSCOVICI</surname><given-names>S.</given-names></name><name><surname>MOSCOVICI</surname><given-names>S.</given-names></name></person-group></element-citation></ref><ref id="B22"><element-citation publication-type="book"><source>Personalidad, Actividad y Colectividad</source><date><year>1984</year></date><person-group><name><surname>PETROVSKI</surname><given-names>A. V.</given-names></name><name><surname>PETROVSKI</surname><given-names>A. V.</given-names></name></person-group></element-citation></ref><ref id="B23"><element-citation publication-type="book"><source>A Metodologia Científica</source><date><year>1986</year></date><person-group><name><surname>RUIZ</surname><given-names>João A.</given-names></name><name><surname>RUIZ</surname><given-names>João A.</given-names></name></person-group></element-citation></ref><ref id="B24"><element-citation publication-type="book"><source>Do Mágico ao Social</source><date><year>1987</year></date><person-group><name><surname>SCLIAR</surname><given-names>Moacyr</given-names></name><name><surname>SCLIAR</surname><given-names>Moacyr</given-names></name></person-group></element-citation></ref><ref id="B25"><element-citation publication-type="book"><source>SIDA/AIDS e o Terceiro Mundo</source><date><year>1987</year></date></element-citation></ref></ref-list></back></article></articles>