<articles xmlns:xsi="http://www.w3.org/2001/XMLSchema-instance" xsi:schemaLocation="https://raw.githubusercontent.com/scieloorg/articles_meta/master/tests/xsd/scielo_sci/ThomsonReuters_publishing.xsd" dtd-version="1.10"><article lang_id="pt" article-type="research-article"><front><journal-meta><journal-id journal-id-type="publisher">csp</journal-id><journal-title-group><journal-title>Cadernos de Saúde Pública</journal-title><abbrev-journal-title>Cad. Saúde Pública</abbrev-journal-title></journal-title-group><issn>1678-4464</issn><collection>SciELO Public Health</collection><publisher><publisher-name>Escola Nacional de Saúde Pública Sergio Arouca, Fundação Oswaldo Cruz</publisher-name></publisher></journal-meta><article-meta><unique-article-id pub-id-type="publisher-id">S0102-311X1990000300004</unique-article-id><article-id pub-id-type="publisher-id">S0102-311X1990000300004</article-id><article-id pub-id-type="doi">10.1590/S0102-311X1990000300004</article-id><article-categories><subj-group><subject>Health Policy &amp; Services</subject></subj-group></article-categories><title-group><article-title lang_id="pt">Os programas especiais e o novo modelo assistêncial</article-title></title-group><contrib-group><contrib contrib-type="author"><name><surname>Teixeira</surname><given-names>Maria da Glória Lima Cruz</given-names></name><role>ND</role><xref ref-type="aff" rid="A01"/></contrib><contrib contrib-type="author"><name><surname>Paim</surname><given-names>Jairnilson Silva</given-names></name><role>ND</role><xref ref-type="aff" rid="A02"/></contrib></contrib-group><aff id="A02"><institution>Universidade Federal da Bahia</institution></aff><aff id="A01"><institution>Universidade Federal da Bahia</institution></aff><pub-date><month>09</month><year>1990</year></pub-date><volume>6</volume><issue>3</issue><fpage>264</fpage><lpage>277</lpage><permissions><license license-type="open-access" href="http://creativecommons.org/licenses/by/4.0/"><license-p>This work is licensed under a Creative Commons Attribution 4.0 International License.</license-p></license></permissions><self-uri href="http://www.scielosp.org/scielo.php?script=sci_arttext&amp;pid=S0102-311X1990000300004&amp;lng=en&amp;tlng=en" content-type="full_text_page"/><self-uri href="http://www.scielo.br/scielo.php?script=sci_issuetoc&amp;pid=0102-311X19900003&amp;lng=en" content-type="issue_page"/><self-uri href="http://www.scielosp.org/scielo.php?script=sci_serial&amp;pid=0102-311X&amp;lng=en" content-type="journal_page"/><abstract lang_id="pt"><p>Os autores comentam a necessidade de traduzir para a organização dos serviços de saúde os princípios delineados pela VIII Conferência Nacional de Saúde. Reafirmam que o modelo assistencial proposto pelas Ações Integradas de Saúde (AIS) e assumido pelo Sistema Unificado e Descentralizado de Saúde (SUDS) implica a modificação progressiva dos Programas Especiais de saúde pública. Descrevem os esforços empreendidos pela Secretaria da Saúde do Estado da Bahia, durante a implantação do SUDS, visando a compatibilização desses programas com o novo modelo assistencial. Analisam as resistências observadas, as tentativas de superação, e a transição (não concluída) do modelo assistencial e propõem um esquema de organização interna das unidades de saúde que contemple a demanda espontânea e a oferta organizada para problemas prioritários. Concluem que certos Programas Especiais podem continuar existindo por força do seu conteúdo técnico-científico desde que se adaptem às diretrizes políticas e aos princípios da Reforma Sanitária.</p></abstract><trans-abstract lang_id="en"><p>The authors comment on the need to translate into operational instructions the principles and concepts that guided the VIII National Conference in Health convened by the Ministry of Health of Brazil, to make possible the reorganization of the health system. It is emphasized that the model for organizing the primary health care proposed by the Integrated Health Actions (AIS) and assumed by the Unified and Decentralized Health System (SUDS), implies a progressive redefinition of the especial programs in public health. The authors describe the efforts of the Health Department of the State of Bahia (SESAB) during the implementation of the SUDS to make compatible the operations of the especial programs with the primary health care model. The resistance observed to the new directions and the attempts to overcome it, are analysed, as well as the transition (unfinished) to the proposed health care model. It is proposed an alternative model for the internal organization of health care units which take into consideration the emerging demands and also the available offers to deal with priority health problems. As conclusion, the authors state that some special programs can continue to be developed within a unified and decentralized health care model, due to their technical and scientifical value, since these programs are adequated to the political principles of the Health System Reform in Brazil.</p></trans-abstract></article-meta></front><back><ref-list><ref id="B1"><element-citation publication-type="conference"><source>Anais</source><date><year>1980</year></date><fpage>235</fpage></element-citation></ref></ref-list></back></article></articles>