<articles xmlns:xsi="http://www.w3.org/2001/XMLSchema-instance" xsi:schemaLocation="https://raw.githubusercontent.com/scieloorg/articles_meta/master/tests/xsd/scielo_sci/ThomsonReuters_publishing.xsd" dtd-version="1.10"><article lang_id="pt" article-type="research-article"><front><journal-meta><journal-id journal-id-type="publisher">csp</journal-id><journal-title-group><journal-title>Cadernos de Saúde Pública</journal-title><abbrev-journal-title>Cad. Saúde Pública</abbrev-journal-title></journal-title-group><issn>1678-4464</issn><collection>SciELO Brazil</collection><publisher><publisher-name>Escola Nacional de Saúde Pública Sergio Arouca, Fundação Oswaldo Cruz</publisher-name></publisher></journal-meta><article-meta><unique-article-id pub-id-type="publisher-id">S0102-311X1985000300002</unique-article-id><article-id pub-id-type="publisher-id">S0102-311X1985000300002</article-id><article-id pub-id-type="doi">10.1590/S0102-311X1985000300002</article-id><article-categories><subj-group><subject>Health Policy &amp; Services</subject></subj-group></article-categories><title-group><article-title lang_id="pt">Educação, participação, urbanização: uma contribuição à análise histórica das propostas institucionais para as favelas do Rio de Janeiro, 1941-1980</article-title></title-group><contrib-group><contrib contrib-type="author"><name><surname>Valla</surname><given-names>Victor Vincent</given-names></name><role>ND</role><xref ref-type="aff" rid="A01"/></contrib></contrib-group><aff id="A01"><institution>Fundação Oswaldo Cruz</institution><country>Brazil</country></aff><pub-date><month>09</month><year>1985</year></pub-date><volume>1</volume><issue>3</issue><fpage>282</fpage><lpage>296</lpage><permissions><license license-type="open-access" href="http://creativecommons.org/licenses/by-nc/4.0/"><license-p>This work is licensed under a Creative Commons Attribution-NonCommercial 4.0 International License.</license-p></license></permissions><self-uri href="http://www.scielo.br/scielo.php?script=sci_arttext&amp;pid=S0102-311X1985000300002&amp;lng=en&amp;tlng=en" content-type="full_text_page"/><self-uri href="http://www.scielo.br/scielo.php?script=sci_issuetoc&amp;pid=0102-311X19850003&amp;lng=en" content-type="issue_page"/><self-uri href="http://www.scielosp.org/scielo.php?script=sci_serial&amp;pid=0102-311X&amp;lng=en" content-type="journal_page"/><abstract lang_id="pt"><p>Por quase meio século, instituições governamentais e religiosas vêm implementando programas técnico-administrativos e educacionais nas favelas do Rio de Janeiro. A análise que se desenvolve desses programas mostra que, embora os contextos históricos possam variar, há fortes semelhanças na maneira em que estas instituições se vêem e na maneira que vêem suas relações com as populações das favelas. A análise é desenvolvida utilizando-se categorias tais como urbanização, participação, responsabilidade, moral e cidadania.</p></abstract><trans-abstract lang_id="en"><p>For almost half a century, governmental and religious institutions have been implementing technical-administrative and educational programs in the favelas of Rio de Janeiro. An analysis of these programs demonstrates that, although the historical contexts may vary, there is a striking similarity in the way these institutions view themselves and their relations with the favela populations. The analysis is developed utilizing categories such as urbanization, participation, responsability, moral and citizenship.</p></trans-abstract></article-meta></front><back><ref-list><ref id="B1"><element-citation publication-type="article"><article-title>AÇÃO comunitária</article-title><source>Jornal do Brasil</source><date><day>19</day><month>06</month><year>1969</year></date></element-citation></ref><ref id="B2"><element-citation publication-type="article"><article-title>CONTINUA recolhimento de lixo na favela da Rocinha</article-title><source>O Globo</source><date><day>04</day><month>05</month><year>1979</year></date></element-citation></ref><ref id="B3"><element-citation publication-type="conference"><source>CRUZADA São Sebastião: duas experiências de promoção humana</source><date><month>10</month><year>1965</year></date></element-citation></ref><ref id="B4"><element-citation publication-type="book"><source>Como trabalha a Fundação Leão XIII: Notas e relatórios de 1947 a 1954</source><date><year>1955</year></date><fpage>516</fpage></element-citation></ref><ref id="B5"><element-citation publication-type="book"><source>Estatutos da Fundação Leão XIII: artigo 1º</source><date><day>02</day><month>02</month><year>1947</year></date></element-citation></ref><ref id="B6"><element-citation publication-type="article"><article-title>KLABIN inaugura esquema de coleta de lixo nas favelas</article-title><source>Jornal do Brasil</source><date><day>11</day><month>04</month><year>1979</year></date></element-citation></ref><ref id="B7"><element-citation publication-type="article"><article-title>Acabar com as favelas: parques proletários provisórios uma intervenção na prática</article-title><source>R. Arquit.</source><date><month>08</month><year>1978</year></date><fpage>18</fpage><volume>2</volume><person-group><name><surname>KLEIMAN</surname><given-names>Mauro</given-names></name></person-group></element-citation></ref><ref id="B8"><element-citation publication-type="article"><article-title>Favelas do Rio de Janeiro: evolução, sentido</article-title><source>Cadernos do CENPHA</source><date><year>1969</year></date><fpage>35</fpage><volume>5</volume><person-group><name><surname>PARISSE</surname><given-names>Luciano</given-names></name></person-group></element-citation></ref><ref id="B9"><element-citation publication-type="book"><source>Proposta para ação nas favelas cariocas</source><date><year>1980</year></date><fpage>60</fpage></element-citation></ref><ref id="B10"><element-citation publication-type="article"><article-title>Aspectos humanos da favela carioca</article-title><source>O Estado de São Paulo</source><date><day>10</day><month>04</month><year>1960</year></date><fpage>38</fpage><issue>4</issue></element-citation></ref></ref-list></back></article></articles>