<articles xmlns:xsi="http://www.w3.org/2001/XMLSchema-instance" xsi:schemaLocation="https://raw.githubusercontent.com/scieloorg/articles_meta/master/tests/xsd/scielo_sci/ThomsonReuters_publishing.xsd" dtd-version="1.10"><article lang_id="pt" article-type="research-article"><front><journal-meta><journal-id journal-id-type="publisher">csp</journal-id><journal-title-group><journal-title>Cadernos de Saúde Pública</journal-title><abbrev-journal-title>Cad. Saúde Pública</abbrev-journal-title></journal-title-group><issn>1678-4464</issn><collection>SciELO Public Health</collection><publisher><publisher-name>Escola Nacional de Saúde Pública Sergio Arouca, Fundação Oswaldo Cruz</publisher-name></publisher></journal-meta><article-meta><unique-article-id pub-id-type="publisher-id">S0102-311X1986000200004</unique-article-id><article-id pub-id-type="publisher-id">S0102-311X1986000200004</article-id><article-id pub-id-type="doi">10.1590/S0102-311X1986000200004</article-id><article-categories><subj-group><subject>Health Policy &amp; Services</subject></subj-group></article-categories><title-group><article-title lang_id="pt">Medicina caseira em sete localidades da região de Bauru, SP</article-title></title-group><contrib-group><contrib contrib-type="author"><name><surname>Annichino</surname><given-names>G.P.</given-names></name><role>ND</role><xref ref-type="aff" rid="A01"/></contrib><contrib contrib-type="author"><name><surname>Imamura</surname><given-names>C.R. de A.</given-names></name><role>ND</role><xref ref-type="aff" rid="A01"/></contrib><contrib contrib-type="author"><name><surname>Mauad</surname><given-names>M.A.</given-names></name><role>ND</role><xref ref-type="aff" rid="A01"/></contrib><contrib contrib-type="author"><name><surname>Medeiros</surname><given-names>L.A.</given-names></name><role>ND</role><xref ref-type="aff" rid="A01"/></contrib><contrib contrib-type="author"><name><surname>Morita</surname><given-names>I.</given-names></name><role>ND</role><xref ref-type="aff" rid="A02"/></contrib><contrib contrib-type="author"><name><surname>Towata</surname><given-names>E.A.</given-names></name><role>ND</role><xref ref-type="aff" rid="A01"/></contrib></contrib-group><aff id="A01"><institution>UNESP</institution><country>Brazil</country></aff><aff id="A02"><institution>UNESP</institution><country>Brazil</country></aff><pub-date><month>06</month><year>1986</year></pub-date><volume>2</volume><issue>2</issue><fpage>150</fpage><lpage>166</lpage><permissions><license license-type="open-access" href="http://creativecommons.org/licenses/by/4.0/"><license-p>This work is licensed under a Creative Commons Attribution 4.0 International License.</license-p></license></permissions><self-uri href="http://www.scielosp.org/scielo.php?script=sci_arttext&amp;pid=S0102-311X1986000200004&amp;lng=en&amp;tlng=en" content-type="full_text_page"/><self-uri href="http://www.scielosp.org/scielo.php?script=sci_issuetoc&amp;pid=0102-311X19860002&amp;lng=en" content-type="issue_page"/><self-uri href="http://www.scielosp.org/scielo.php?script=sci_serial&amp;pid=0102-311X&amp;lng=en" content-type="journal_page"/><abstract lang_id="pt"><p>Este trabalho foi realizado nas localidades de Duartina, Piratininga, Presidente Alves, Bocaina, Boracéia, Dois Córregos e Potunduva (Região de Bauru), em 1981. O objetivo foi avaliar o conhecimento e o uso de plantas medicinais, pela população. Foram entrevistadas 372 pessoas, das quais, a maioria pertencia ao estrato social baixo. Mais de 95% das pessoas conheciam plantas medicinais, com grande utilização de duas a quatro variedades. O não-uso representou, no total, apenas 10,8%. O local de obtenção mais freqüente foi quintal, seguindo-se a farmácia. Citaram-se 118 plantas diferentes para uso medicinal Destas, em apenas 9,3% não se encontrou, na literatura, o nome científico correspondente e, em 17,0%, a indicação do valor medicinal O uso mencionado pelos entrevistados foi coincidente com os da literatura em quase 70% das vezes, em pelo menos um sintoma ou doença. Discutiram-se as razões do recente incremento da medicina caseira; alguns aspectos referentes à industrialização e comercialização de plantas medicinais e sublinhou-se a necessidade de promoção de pesquisas farmacológicas para o melhor conhecimento do valor terapêutico da flora medicinal brasileira.</p></abstract><trans-abstract lang_id="en"><p>The knowledge and the use of medicinal plants (MP) were investigated in 372 people interviewed in the Bauru (São Paulo) area in 1981. The majority of the people was from a low social status. More than 95% of the people interviewed know MP, with a high use of 2 to 4 varieties. Only 10,8% did not use these plants. The MP are obtained at the house yard (first choice) or at the pharmacy (second choice). Almost 118 different MP were cited. From these only 9,3% did not have a correspondent scientific name and 17% did not have pharmacological properties described in the medical literature. Almost 70% of our observations are in accordance with the literature considering at least one symptom or one disease. The authors also discuss the reasons of the increment of domestic medicine, and some aspects of the industrial production and trade of drugs made of medicinal plants. They emphasize the necessity of pharmacological research in order to provide knowledge on the therapeutic use of the brazilian medicinal flora.</p></trans-abstract></article-meta></front><back><ref-list><ref id="B1"><element-citation publication-type="article"><article-title>Um rumo para a medicina tradicional</article-title><source>Saúde Mundo</source><date><year>1983</year></date><volume>3</volume><person-group><name><surname>AKERELE</surname><given-names>O.</given-names></name></person-group></element-citation></ref></ref-list></back></article></articles>