<articles xmlns:xsi="http://www.w3.org/2001/XMLSchema-instance" xsi:schemaLocation="https://raw.githubusercontent.com/scieloorg/articles_meta/master/tests/xsd/scielo_sci/ThomsonReuters_publishing.xsd" dtd-version="1.10"><article lang_id="pt" article-type="research-article"><front><journal-meta><journal-id journal-id-type="publisher">csp</journal-id><journal-title-group><journal-title>Cadernos de Saúde Pública</journal-title><abbrev-journal-title>Cad. Saúde Pública</abbrev-journal-title></journal-title-group><issn>1678-4464</issn><collection>SciELO Brazil</collection><publisher><publisher-name>Escola Nacional de Saúde Pública Sergio Arouca, Fundação Oswaldo Cruz</publisher-name></publisher></journal-meta><article-meta><unique-article-id pub-id-type="publisher-id">S0102-311X1991000400009</unique-article-id><article-id pub-id-type="publisher-id">S0102-311X1991000400009</article-id><article-id pub-id-type="doi">10.1590/S0102-311X1991000400009</article-id><article-categories><subj-group><subject>Health Policy &amp; Services</subject></subj-group></article-categories><title-group><article-title lang_id="pt">Epidemia de suicídio entre os Guaraní-Kaiwá: indagando suas causas e avançando a hipótese do recuo impossível</article-title><trans-title-group lang_id="en"><trans-title>The Guaraní-Kaiwá suicide epidemic: investigating its causes and suggesting the impossible return hypothesis</trans-title></trans-title-group></title-group><contrib-group><contrib contrib-type="author"><name><surname>Morgado</surname><given-names>Anastácio F.</given-names></name><role>ND</role><xref ref-type="aff" rid="A02"/></contrib></contrib-group><aff id="A02"><institution>Fundação Oswaldo Cruz</institution><country>Brazil</country></aff><pub-date><month>12</month><year>1991</year></pub-date><volume>7</volume><issue>4</issue><fpage>585</fpage><lpage>598</lpage><permissions><license license-type="open-access" href="http://creativecommons.org/licenses/by-nc/4.0/"><license-p>This work is licensed under a Creative Commons Attribution-NonCommercial 4.0 International License.</license-p></license></permissions><self-uri href="http://www.scielo.br/scielo.php?script=sci_arttext&amp;pid=S0102-311X1991000400009&amp;lng=en&amp;tlng=en" content-type="full_text_page"/><self-uri href="http://www.scielo.br/scielo.php?script=sci_issuetoc&amp;pid=0102-311X19910004&amp;lng=en" content-type="issue_page"/><self-uri href="http://www.scielosp.org/scielo.php?script=sci_serial&amp;pid=0102-311X&amp;lng=en" content-type="journal_page"/><abstract lang_id="pt"><p>O suicídio de seis jovens Guaraní-Kaiwá num período de duas semanas é por si só suficiente para preencher qualquer critério de epidemia. Em uma população de aproximadamente 7.500 indígenas, há informações de que foram registrados 52 suicídios de 1987 até agosto de 1991; a epidemia é mais dramática entre o subgrupo Kaiwá: 14 de seus membros suicidaram-se no ano de 1990, e uns tantos outros suicídios já ocorreram no 1º semestre de 1991. Predomina entre jovens de 12 a 20 anos de idade, atingindo igualmente rapazes e moças. Para explicar uma epidemia desse tipo, propõe-se a hipótese do recuo impossível, onde se verifica o esgotamento de qualquer possibilidade de recuar no espaço, diante da "civilização ocidental", e, simultaneamente, seus valores de dignidade humana são aviltados. Não há mais uma só opção de ir para uma floresta e foram virtualmente capturados pela cidade (a aldeia dos Kaiwá fica no perímetro urbano de Dourados), mas sem chances de qualquer inserção ocupacional - só restando-lhes alguma forma de prostituição. Em tal situação de desvalia extrema, a auto-imolação é a última forma de ainda sobreviver a sua cultura. Houve epidemias de suicídio em indígenas de outros países, mas esses encontravam-se também em limite de recuo e sem chances de inserção na civilização ocidental. No Brasil e no exterior, outras tribos indígenas foram urbanizadas, sem tragédias como a experimentada pelos Kaiwá, porque tiveram alguma inserção socialmente condigna.</p></abstract><trans-abstract lang_id="en"><p>The suicide of six young Guaraní-Kaiwá Indians within the timespan of two weeks is enough to fulfill any criteria to define an epidemic. In a total population of 7,500 individuals, the available data account for 52 cases of suicide between 1987 and August 1991. The epidemic is more dramatic among the Kaiwá subgroup among which 14 individuals died in 1990 and a number of suicides were reported for the first semester of 1991. For both sexes, most deaths were observed in the age group 12-20 years. The author advances the hypothesis of the impossible return according to which, under extreme pressure exerted by western society, they see no possibility of returning to their traditional way of living. Under circumstances of extreme self-devaluation, suicide becomes the last alternative for the survival of their culture. Suicide epidemics have been reported among Amerindians in other countries suffering from the same kind of pressure. In Brazil and also in other countries, other tribes have been urbanized and yet did not experience the tragedy which the Kaiwá are going through because they had some kind of acceptable insertion in the national society.</p></trans-abstract></article-meta></front><back><ref-list><ref id="B1"><element-citation publication-type="article"><article-title>Suicide among American Indian Adolescents: An Overview</article-title><source>Suicide and Life-Threatening Behavior</source><date><year>1987</year></date><fpage>218</fpage><lpage>232</lpage><volume>17</volume><person-group><name><surname>BERLIN</surname><given-names>I. N.</given-names></name></person-group></element-citation></ref><ref id="B2"><element-citation publication-type="article"><article-title>Adolescent suicide at an Indian Reservation</article-title><source>American Journal of Orthopsychiatry</source><date><year>1974</year></date><fpage>43</fpage><lpage>49</lpage><volume>44</volume><person-group><name><surname>DIZMANG</surname><given-names>L. H.</given-names></name><name><surname>WATSON</surname><given-names>J.</given-names></name><name><surname>MAY</surname><given-names>P. A.</given-names></name><name><surname>BOPP</surname><given-names>J.</given-names></name></person-group></element-citation></ref><ref id="B3"><element-citation publication-type="article"><article-title>Por que os Guaraní-Kaiwá estão se matando ?</article-title><source>Tempo e Presença</source><date><year>1991</year></date><fpage>32</fpage><lpage>37</lpage><volume>258</volume><person-group><name><surname>GRUMBER</surname><given-names>G.</given-names></name></person-group></element-citation></ref><ref id="B4"><element-citation publication-type="thesis"><source>Estudo do Perfil da Malária em Comunidades Yanomámi da região Amazônica</source><date><year>1991</year></date><fpage>118</fpage><person-group><name><surname>HERNANDEZ</surname><given-names>T. J. M.</given-names></name><name><surname>HERNANDEZ</surname><given-names>T. J. M.</given-names></name></person-group></element-citation></ref><ref id="B5"><element-citation publication-type="article"><article-title>Accidental and Intentional Deaths Among British Columbia Native Indians</article-title><source>Canadian Journal of Public Health</source><date><year>1987</year></date><fpage>271</fpage><lpage>274</lpage><volume>78</volume><person-group><name><surname>HISLOP</surname><given-names>T. G.</given-names></name><name><surname>THRELFALL</surname><given-names>W. J.</given-names></name><name><surname>GALLAGHER</surname><given-names>R. P.</given-names></name><name><surname>BAND</surname><given-names>P. R.</given-names></name></person-group></element-citation></ref><ref id="B6"><element-citation publication-type="book"><source>Morte e Vida Kaiwá</source><date><day>24</day><month>10</month><year>1990</year></date><fpage>38</fpage><lpage>42</lpage></element-citation></ref><ref id="B7"><element-citation publication-type="article"><article-title>Death styles among Canada's Indians</article-title><source>Social Science and Medicine</source><date><year>1982</year></date><fpage>1345</fpage><lpage>1352</lpage><volume>16</volume><person-group><name><surname>JARVIS</surname><given-names>G. K.</given-names></name><name><surname>BOLDT</surname><given-names>M.</given-names></name></person-group></element-citation></ref><ref id="B8"><element-citation publication-type="article"><article-title>Indian Reservations, Anomie, and Social Pathologies</article-title><source>Southwestern Journal of Anthropology</source><date><year>1971</year></date><fpage>97</fpage><lpage>127</lpage><volume>27</volume><person-group><name><surname>LEVY</surname><given-names>J. E.</given-names></name><name><surname>KUNITZ</surname><given-names>S. J.</given-names></name></person-group></element-citation></ref><ref id="B9"><element-citation publication-type="article"><article-title>Plano para uma campanha de defesa do índio brasileiro contra a tuberculose</article-title><source>Revista Brasileira de Tuberculose</source><date><year>1952</year></date><fpage>3</fpage><lpage>28</lpage><volume>20</volume><person-group><name><surname>NUTELS</surname><given-names>N.</given-names></name></person-group></element-citation></ref><ref id="B10"><element-citation publication-type="article"><article-title>Suicides and Homicides Among Indians</article-title><source>Public Health Reports</source><date><year>1970</year></date><fpage>75</fpage><lpage>8O</lpage><volume>85</volume><person-group><name><surname>OGDEN</surname><given-names>M.</given-names></name><name><surname>SPECTOR</surname><given-names>M. I.</given-names></name><name><surname>HILL</surname><given-names>C. A.</given-names></name></person-group></element-citation></ref><ref id="B11"><element-citation publication-type="article"><article-title>A Situação de Suicídio dos Índios Yanomámi: Diagnóstico a Partir da Casa do Índio de Boa Vista, Roraima, 1987-1989</article-title><source>Cadernos de Saúde Pública</source><date><year>1991</year></date><fpage>563</fpage><lpage>580</lpage><volume>7</volume><person-group><name><surname>PITHAN</surname><given-names>O. A.</given-names></name><name><surname>CONFALONIERI</surname><given-names>U.E.C.</given-names></name><name><surname>MORGADO</surname><given-names>A. F.</given-names></name></person-group></element-citation></ref><ref id="B12"><element-citation publication-type="article"><article-title>La Violence Instituée: A propos de Jonestown et d' ailleurs</article-title><source>Annals of Medical Psychology</source><date><year>1979</year></date><fpage>763</fpage><lpage>769</lpage><volume>137</volume><person-group><name><surname>REVERZKY</surname><given-names>J. F.</given-names></name><name><surname>SOUBRIER</surname><given-names>J. P.</given-names></name></person-group></element-citation></ref><ref id="B13"><element-citation publication-type="book"><source>História do Brazil: tomo 4</source><date><year>1862</year></date><person-group><name><surname>SOUTHEY</surname><given-names>R.</given-names></name><name><surname>SOUTHEY</surname><given-names>R.</given-names></name></person-group></element-citation></ref><ref id="B14"><element-citation publication-type="article"><article-title>Anthropology and Psychology: Towards an Epidemiology of Representations</article-title><source>Man</source><date><year>1985</year></date><fpage>73</fpage><lpage>78</lpage><volume>20</volume><person-group><name><surname>SPERBER</surname><given-names>D.</given-names></name></person-group></element-citation></ref><ref id="B15"><element-citation publication-type="article"><article-title>Fatores Culturais Associados á Doença da Reclusão do Alto Xingu (Brasil Central)</article-title><source>Cadernos de Saúde Pública</source><date><year>1991</year></date><fpage>515</fpage><lpage>537</lpage><volume>7</volume><person-group><name><surname>VERANI</surname><given-names>C.</given-names></name><name><surname>MORGADO</surname><given-names>A. F.</given-names></name></person-group></element-citation></ref><ref id="B16"><element-citation publication-type="article"><article-title>A Suicide Epidemic on an Indian Reserve</article-title><source>Journal of the Canadian Psychiatric Association</source><date><year>1977</year></date><fpage>423</fpage><lpage>426</lpage><volume>22</volume><person-group><name><surname>WARD</surname><given-names>J. A.</given-names></name><name><surname>FOX</surname><given-names>J.</given-names></name></person-group></element-citation></ref></ref-list></back></article></articles>