<articles xmlns:xsi="http://www.w3.org/2001/XMLSchema-instance" xsi:schemaLocation="https://raw.githubusercontent.com/scieloorg/articles_meta/master/tests/xsd/scielo_sci/ThomsonReuters_publishing.xsd" dtd-version="1.10"><article lang_id="pt" article-type="research-article"><front><journal-meta><journal-id journal-id-type="publisher">csp</journal-id><journal-title-group><journal-title>Cadernos de Saúde Pública</journal-title><abbrev-journal-title>Cad. Saúde Pública</abbrev-journal-title></journal-title-group><issn>1678-4464</issn><collection>SciELO Brazil</collection><publisher><publisher-name>Escola Nacional de Saúde Pública Sergio Arouca, Fundação Oswaldo Cruz</publisher-name></publisher></journal-meta><article-meta><unique-article-id pub-id-type="publisher-id">S0102-311X1993000300015</unique-article-id><article-id pub-id-type="publisher-id">S0102-311X1993000300015</article-id><article-id pub-id-type="doi">10.1590/S0102-311X1993000300015</article-id><article-categories><subj-group><subject>Health Policy &amp; Services</subject></subj-group></article-categories><title-group><article-title lang_id="pt">Estratégias de consumo em saúde entre famílias trabalhadoras</article-title><trans-title-group lang_id="en"><trans-title>Strategies for consumption of health care by working-class families</trans-title></trans-title-group></title-group><contrib-group><contrib contrib-type="author"><name><surname>Queiroz</surname><given-names>Marcos S.</given-names></name><role>ND</role><xref ref-type="aff" rid="A01"/></contrib></contrib-group><aff id="A01"><institution>Universidade Estadual de Campinas</institution><country>Brazil</country></aff><pub-date><month>09</month><year>1993</year></pub-date><volume>9</volume><issue>3</issue><fpage>272</fpage><lpage>282</lpage><permissions><license license-type="open-access" href="http://creativecommons.org/licenses/by-nc/4.0/"><license-p>This work is licensed under a Creative Commons Attribution-NonCommercial 4.0 International License.</license-p></license></permissions><self-uri href="http://www.scielo.br/scielo.php?script=sci_arttext&amp;pid=S0102-311X1993000300015&amp;lng=en&amp;tlng=en" content-type="full_text_page"/><self-uri href="http://www.scielo.br/scielo.php?script=sci_issuetoc&amp;pid=0102-311X19930003&amp;lng=en" content-type="issue_page"/><self-uri href="http://www.scielosp.org/scielo.php?script=sci_serial&amp;pid=0102-311X&amp;lng=en" content-type="journal_page"/><abstract lang_id="pt"><p>O presente artigo analisa as representações e as práticas sobre saúde e doença entre famílias operárias do município de Paulínea, São Paulo. Ênfase especial é colocada no relacionamento desta população com a medicina posta em prática pela rede pública de atenção à saúde, recentemente implantada no município e considerada modelo no contexto brasileiro pelos técnicos do setor. As práticas relacionadas com as medicinas caseira e religiosa e com os farmacêuticos, bem como o problema da automedicação, são também focalizadas como elementos importantes disponíveis à população estudada.</p></abstract><trans-abstract lang_id="en"><p>This article analyzes representations and practices regarding health and illness among working-class families in Paulínea, São Paulo. Special emphasis is placed on the relationship with the medicine employed by doctors in the network of public health care services recently implemented in the town and considered by health care experts to be a model in the Brazilian context. The study also focuses on practices related to traditional household or religious medicine and medication by pharmacists as important elements available to the families studied.</p></trans-abstract><kwd-group lang_id="en" kwd-group-type="author-generated"><kwd>Health and Disease Representations</kwd><kwd>Primary Health Care</kwd><kwd>Worker's Health</kwd><kwd>Health Services</kwd></kwd-group><kwd-group lang_id="pt" kwd-group-type="author-generated"><kwd>Representações sobre Saúde e Doença</kwd><kwd>Cuidados Primários de Saúde</kwd><kwd>Saúde Do Trabalhador</kwd><kwd>Serviços de Saúde</kwd></kwd-group></article-meta></front><back><ref-list><ref id="B1"><element-citation publication-type="book"><source>Asian Medical Systems</source><date><year>1976</year></date><person-group><name><surname>BEALS</surname><given-names>A. R.</given-names></name><name><surname>Leslie</surname><given-names>C.</given-names></name><name><surname>Leslie</surname><given-names>C.</given-names></name></person-group></element-citation></ref><ref id="B2"><element-citation publication-type="book"><source>As Classes Sociais e o Corpo</source><date><year>1979</year></date><person-group><name><surname>BOLTANSKI</surname><given-names>L.</given-names></name><name><surname>BOLTANSKI</surname><given-names>L.</given-names></name></person-group></element-citation></ref><ref id="B3"><element-citation publication-type="book"><source>A Economia das Trocas Simbólicas</source><date><year>1975</year></date><person-group><name><surname>BOURDIEU</surname><given-names>P.</given-names></name><name><surname>BOURDIEU</surname><given-names>P.</given-names></name></person-group></element-citation></ref><ref id="B4"><element-citation publication-type="article"><article-title>Diseases etiologies in non-western medical systems</article-title><source>American Anthropology</source><date><year>1976</year></date><fpage>78</fpage><lpage>94</lpage><volume>78</volume><person-group><name><surname>FOSTER</surname><given-names>G. M.</given-names></name></person-group></element-citation></ref><ref id="B5"><element-citation publication-type="book"><source>A Questão dos Remédios no Brasil</source><date><year>1980</year></date><person-group><name><surname>GIOVANI</surname><given-names>G.</given-names></name><name><surname>GIOVANI</surname><given-names>G.</given-names></name></person-group></element-citation></ref><ref id="B6"><element-citation publication-type="article"><article-title>Pharmaceuticals in two brazilian villages: lay practices and perceptions</article-title><source>Social Sciences and Medicine</source><date><year>1988</year></date><fpage>1415</fpage><lpage>1427</lpage><volume>27</volume><person-group><name><surname>HAAK</surname><given-names>H.</given-names></name></person-group></element-citation></ref><ref id="B7"><element-citation publication-type="article"><article-title>The image of health: variations in perception by social class in a french population</article-title><source>Sociology of Health and Illness</source><date><year>1984</year></date><fpage>147</fpage><lpage>158</lpage><volume>6</volume><person-group><name><surname>D'HAUTAND</surname><given-names>A.</given-names></name><name><surname>FIELDMAN</surname><given-names>M. G.</given-names></name></person-group></element-citation></ref><ref id="B8"><element-citation publication-type="book"><source>Da Doença à Desordem: a Magia da Umbanda</source><date><year>1984</year></date><person-group><name><surname>MONTERO</surname><given-names>P.</given-names></name><name><surname>MONTERO</surname><given-names>P.</given-names></name></person-group></element-citation></ref><ref id="B9"><element-citation publication-type="article"><article-title>Hot and cold classification in traditional Iguape medicine</article-title><source>Ethnology</source><date><year>1984</year></date><fpage>63</fpage><lpage>72</lpage><volume>23</volume><person-group><name><surname>QUEIROZ</surname><given-names>M.S.</given-names></name></person-group></element-citation></ref><ref id="B10"><element-citation publication-type="book"><source>Representações Sobre Saúde e Doença: Agentes de Cura e Pacientes no Contexto do SUDS</source><date><year>1991</year></date><person-group><name><surname>QUEIROZ</surname><given-names>M.S.</given-names></name></person-group></element-citation></ref><ref id="B11"><element-citation publication-type="book"><source>The Sociology of Religion</source><date><year>1969</year></date><person-group><name><surname>WEBER</surname><given-names>M.</given-names></name><name><surname>WEBER</surname><given-names>M.</given-names></name></person-group></element-citation></ref></ref-list></back></article></articles>