<articles xmlns:xsi="http://www.w3.org/2001/XMLSchema-instance" xsi:schemaLocation="https://raw.githubusercontent.com/scieloorg/articles_meta/master/tests/xsd/scielo_sci/ThomsonReuters_publishing.xsd" dtd-version="1.10"><article lang_id="pt" article-type="research-article"><front><journal-meta><journal-id journal-id-type="publisher">csp</journal-id><journal-title-group><journal-title>Cadernos de Saúde Pública</journal-title><abbrev-journal-title>Cad. Saúde Pública</abbrev-journal-title></journal-title-group><issn>1678-4464</issn><collection>SciELO Brazil</collection><publisher><publisher-name>Escola Nacional de Saúde Pública Sergio Arouca, Fundação Oswaldo Cruz</publisher-name></publisher></journal-meta><article-meta><unique-article-id pub-id-type="publisher-id">S0102-311X1985000100005</unique-article-id><article-id pub-id-type="publisher-id">S0102-311X1985000100005</article-id><article-id pub-id-type="doi">10.1590/S0102-311X1985000100005</article-id><article-categories><subj-group><subject>Health Policy &amp; Services</subject></subj-group></article-categories><title-group><article-title lang_id="pt">Solução para remoção de lixo nas favelas: um projeto de estudo</article-title></title-group><contrib-group><contrib contrib-type="author"><name><surname>Cynamon</surname><given-names>Szachna Eliasz</given-names></name><role>ND</role><xref ref-type="aff" rid="A01"/></contrib><contrib contrib-type="author"><name><surname>Monteiro</surname><given-names>Teófilo Carlos do Nascimento</given-names></name><role>ND</role><xref ref-type="aff" rid="A02"/></contrib></contrib-group><aff id="A01"><institution>Universidade do Estado do Rio de Janeiro</institution><country>Brazil</country></aff><aff id="A02"><institution>Fiocruz</institution></aff><pub-date><month>03</month><year>1985</year></pub-date><volume>1</volume><issue>1</issue><fpage>35</fpage><lpage>40</lpage><permissions><license license-type="open-access" href="http://creativecommons.org/licenses/by-nc/4.0/"><license-p>This work is licensed under a Creative Commons Attribution-NonCommercial 4.0 International License.</license-p></license></permissions><self-uri href="http://www.scielo.br/scielo.php?script=sci_arttext&amp;pid=S0102-311X1985000100005&amp;lng=en&amp;tlng=en" content-type="full_text_page"/><self-uri href="http://www.scielosp.org/scielo.php?script=sci_issuetoc&amp;pid=0102-311X19850001&amp;lng=en" content-type="issue_page"/><self-uri href="http://www.scielosp.org/scielo.php?script=sci_serial&amp;pid=0102-311X&amp;lng=en" content-type="journal_page"/><abstract lang_id="pt"><p>As áreas carentes na sua forma atual têm como conseqüência problemas humanos, sociais e de degradação ambiental. Cada área requer uma solução própria, mas para cada área favelada é necessário uma solução global. O lixo constitui-se num problema social, econômico, sanitário e ambiental. A solução do lixo deve ser inserida numa solução geral, mas admite uma solução passo a passo. São analisadas as soluções que foram tentadas por diversas entidades do Rio de Janeiro e, finalmente, proposta uma mais realista, de baixo custo, através do uso de latões distribuídos em locais de coletas estrategicamente localizados, com a previsão de remoção dos latões por carrinhos de mão especialmente desenhados até pontos de coleta, pelos caminhões de lixo da cidade.</p></abstract><trans-abstract lang_id="en"><p>Slum areas in the way they present themselves result in human, social, and environment degradation. Each slum area demands its own and proper solution, but for each and every one slum area by itself the solution has to be a global one. Refuse is one of the problems which results in social, economical, sanitary and physical environment problems. The solution of the refuse problems has to be inserted in a general solution, but admit a tentative step-by-step solution. The authors analyse solutions which have been tryed by several agencies in Rio de Janeiro and finaly propose one more reliable tentative low cost solution, with the use of small refuse colection cans located in special joining points not far from the refuse production points. With special designed hand cars, the full cans are to be transported to assembly points where normal refuse collecting trucks may handle them.</p></trans-abstract></article-meta></front><back><ref-list><ref id="B1"><element-citation publication-type="book"><source>Populações de baixa renda: problemas de limpeza pública COMLURB</source><date><month>08</month><year>1981</year></date><person-group><name><surname>CAMARGO</surname><given-names>H.S.</given-names></name><name><surname>CAMARGO</surname><given-names>H.S.</given-names></name></person-group></element-citation></ref><ref id="B2"><element-citation publication-type="book"><source>Relatório de atividades do Projeto de desenvolvimento</source></element-citation></ref><ref id="B3"><element-citation publication-type="book"><source>Manual de Saneamento</source><date><year>1975</year></date></element-citation></ref><ref id="B4"><element-citation publication-type="book"><source>Relatórios preliminares das condições gerais de saneamento básico da favela do Amorim</source><date><year>1982</year></date><person-group><name><surname>GOLDBERG</surname><given-names>N. R.</given-names></name><name><surname>GOLDBERG</surname><given-names>N. R.</given-names></name></person-group></element-citation></ref><ref id="B5"><element-citation publication-type="book"><source>Integração da favela ao sistema de limpeza urbana do município do Rio de Janeiro</source><date><month>11</month><year>1981</year></date><person-group><name><surname>SOUZA</surname><given-names>C.S.M.</given-names></name><name><surname>SOUZA</surname><given-names>C.S.M.</given-names></name></person-group></element-citation></ref></ref-list></back></article></articles>