<articles xmlns:xsi="http://www.w3.org/2001/XMLSchema-instance" xsi:schemaLocation="https://raw.githubusercontent.com/scieloorg/articles_meta/master/tests/xsd/scielo_sci/ThomsonReuters_publishing.xsd" dtd-version="1.10"><article lang_id="en" article-type="research-article"><front><journal-meta><journal-id journal-id-type="publisher">csp</journal-id><journal-title-group><journal-title>Cadernos de Saúde Pública</journal-title><abbrev-journal-title>Cad. Saúde Pública</abbrev-journal-title></journal-title-group><issn>1678-4464</issn><collection>SciELO Brazil</collection><publisher><publisher-name>Escola Nacional de Saúde Pública Sergio Arouca, Fundação Oswaldo Cruz</publisher-name></publisher></journal-meta><article-meta><unique-article-id pub-id-type="publisher-id">S0102-311X1993000400012</unique-article-id><article-id pub-id-type="publisher-id">S0102-311X1993000400012</article-id><article-id pub-id-type="doi">10.1590/S0102-311X1993000400012</article-id><article-categories><subj-group><subject>Health Policy &amp; Services</subject></subj-group></article-categories><title-group><article-title lang_id="en">Observations on medically important arthropods in Brazil</article-title><trans-title-group lang_id="pt"><trans-title>Algumas considerações sobre artrópodes de interesse clínico no Brasil</trans-title></trans-title-group></title-group><contrib-group><contrib contrib-type="author"><name><surname>Marsden</surname><given-names>Philip D.</given-names></name><role>ND</role><xref ref-type="aff" rid="A01"/></contrib></contrib-group><aff id="A01"><institution>Universidade de Brasília</institution><country>Brazil</country></aff><pub-date><month>12</month><year>1993</year></pub-date><volume>9</volume><issue>4</issue><fpage>508</fpage><lpage>513</lpage><permissions><license license-type="open-access" href="http://creativecommons.org/licenses/by-nc/4.0/"><license-p>This work is licensed under a Creative Commons Attribution-NonCommercial 4.0 International License.</license-p></license></permissions><self-uri href="http://www.scielo.br/scielo.php?script=sci_arttext&amp;pid=S0102-311X1993000400012&amp;lng=en&amp;tlng=en" content-type="full_text_page"/><self-uri href="http://www.scielo.br/scielo.php?script=sci_issuetoc&amp;pid=0102-311X19930004&amp;lng=en" content-type="issue_page"/><self-uri href="http://www.scielosp.org/scielo.php?script=sci_serial&amp;pid=0102-311X&amp;lng=en" content-type="journal_page"/><abstract lang_id="en"><p>A brief review of some medically important arthropods in Brazil is presented. It is sufficient to show that we must expand our training of biologists in this field if endemic diseases are to be controlled in the next decade.</p></abstract><trans-abstract lang_id="pt"><p>O autor faz uma breve revisão de alguns artrópodes de interesse clínico no Brasil. É suficiente demonstrar que é necessário expandir os programas de capacitação de biólogos nesse campo para poder controlar as doenças endêmicas durante a próxima década.</p></trans-abstract><kwd-group lang_id="en" kwd-group-type="author-generated"><kwd>Arthropods</kwd><kwd>Medical Importance</kwd><kwd>Endemic Disease Control</kwd><kwd>Human Resources</kwd></kwd-group><kwd-group lang_id="pt" kwd-group-type="author-generated"><kwd>Artrópodes</kwd><kwd>Importância Clínica</kwd><kwd>Controle de Endemias</kwd><kwd>Recursos Humanos</kwd></kwd-group></article-meta></front><back><ref-list><ref id="B1"><element-citation publication-type="article"><article-title>Pyrethroid insecticides in public health</article-title><source>Parasitology Today</source><fpage>510</fpage><lpage>511</lpage><volume>4</volume><person-group><name><surname>ANONYMOUS</surname></name></person-group></element-citation></ref><ref id="B2"><element-citation publication-type="undefined"><person-group><name><surname>COX</surname><given-names>F. E. G.</given-names></name></person-group></element-citation></ref><ref id="B3"><element-citation publication-type="article"><article-title>An outbreak of human Leishmania (viannia) braziliensis infection</article-title><source>Memórias do Instituto Oswaldo Cruz</source><fpage>169</fpage><lpage>174</lpage><volume>86</volume><person-group><name><surname>FRANÇA</surname><given-names>F.</given-names></name><name><surname>LAGO</surname><given-names>E. L.</given-names></name><name><surname>TADA</surname><given-names>S.</given-names></name><name><surname>COSTA</surname><given-names>J. M. L.</given-names></name><name><surname>VALE</surname><given-names>K.</given-names></name><name><surname>OLIVEIRA</surname><given-names>J.</given-names></name><name><surname>COSTA</surname><given-names>M. A.</given-names></name><name><surname>OSKAI</surname><given-names>M.</given-names></name><name><surname>CHEEVER</surname><given-names>L.</given-names></name><name><surname>NETTO</surname><given-names>E. M.</given-names></name><name><surname>BARRETO</surname><given-names>A. C.</given-names></name><name><surname>JOHNSON</surname><given-names>W. D.</given-names></name><name><surname>MARSDEN</surname><given-names>P. D.</given-names></name></person-group></element-citation></ref><ref id="B4"><element-citation publication-type="article"><article-title>Epidemiological Vigilance with community participation in the control of vectors of Chagas' disease in Goiás, Central Brazil</article-title><source>Revista Argentina de Microbiologia</source><fpage>106</fpage><lpage>117</lpage><volume>20</volume><person-group><name><surname>GARCIA-ZAPATA</surname><given-names>M. T.</given-names></name><name><surname>MARSDEN</surname><given-names>P. D.</given-names></name><name><surname>VIRGENS</surname><given-names>D.</given-names></name><name><surname>SOARES</surname><given-names>V. A.</given-names></name></person-group></element-citation></ref><ref id="B5"><element-citation publication-type="article"><article-title>The number of Dermatobia hominis lesions in zebu cow hides of different colours</article-title><source>Transactions of the Royal Society of Tropical Medicine and Hygiene</source><fpage>458</fpage><lpage>459</lpage><volume>73</volume><person-group><name><surname>MARSDEN</surname><given-names>P. D.</given-names></name><name><surname>SHELLEY</surname><given-names>A. J.</given-names></name><name><surname>ARMITAGE</surname><given-names>P.</given-names></name></person-group></element-citation></ref><ref id="B6"><element-citation publication-type="book"><source>Scabies Oxford War Manuals</source><person-group><name><surname>MELLANBY</surname><given-names>K.</given-names></name><name><surname>MELLANBY</surname><given-names>K.</given-names></name></person-group></element-citation></ref><ref id="B7"><element-citation publication-type="article"><article-title>Infectious disease in Brazil today</article-title><source>Canadian Journal of Public Health</source><fpage>204</fpage><lpage>209</lpage><volume>68</volume><person-group><name><surname>PRATA</surname><given-names>A.</given-names></name><name><surname>MARSDEN</surname><given-names>P. D.</given-names></name></person-group></element-citation></ref><ref id="B8"><element-citation publication-type="article"><article-title>A case of xenodiagnosis</article-title><source>Revista do Instituto Medicina Tropical de São Paulo</source><fpage>229</fpage><lpage>232</lpage><volume>23</volume><person-group><name><surname>TORNO</surname><given-names>C. O.</given-names></name><name><surname>SOARES</surname><given-names>V.</given-names></name><name><surname>CUBA</surname><given-names>C. C.</given-names></name><name><surname>BARRETO</surname><given-names>A. C.</given-names></name><name><surname>ALVARENGA</surname><given-names>N. J.</given-names></name><name><surname>MARSDEN</surname><given-names>P. D.</given-names></name></person-group></element-citation></ref><ref id="B9"><element-citation publication-type="article"><article-title>National reporting of leishmaniasis: The Brazilian experience</article-title><source>Parasitology Today</source><fpage>339</fpage><lpage>340</lpage><volume>6</volume><person-group><name><surname>VIEIRA</surname><given-names>J. B.</given-names></name><name><surname>LACERDA</surname><given-names>M. M.</given-names></name><name><surname>MARSDEN</surname><given-names>P. D.</given-names></name></person-group></element-citation></ref></ref-list></back></article></articles>