<articles xmlns:xsi="http://www.w3.org/2001/XMLSchema-instance" xsi:schemaLocation="https://raw.githubusercontent.com/scieloorg/articles_meta/master/tests/xsd/scielo_sci/ThomsonReuters_publishing.xsd" dtd-version="1.10"><article lang_id="pt" article-type="research-article"><front><journal-meta><journal-id journal-id-type="publisher">csp</journal-id><journal-title-group><journal-title>Cadernos de Saúde Pública</journal-title><abbrev-journal-title>Cad. Saúde Pública</abbrev-journal-title></journal-title-group><issn>1678-4464</issn><collection>SciELO Brazil</collection><publisher><publisher-name>Escola Nacional de Saúde Pública Sergio Arouca, Fundação Oswaldo Cruz</publisher-name></publisher></journal-meta><article-meta><unique-article-id pub-id-type="publisher-id">S0102-311X1990000300003</unique-article-id><article-id pub-id-type="publisher-id">S0102-311X1990000300003</article-id><article-id pub-id-type="doi">10.1590/S0102-311X1990000300003</article-id><article-categories><subj-group><subject>Health Policy &amp; Services</subject></subj-group></article-categories><title-group><article-title lang_id="pt">Perícia em sistemas prediais de água</article-title></title-group><contrib-group><contrib contrib-type="author"><name><surname>Cynamon</surname><given-names>Szachna Eliasz</given-names></name><role>ND</role><xref ref-type="aff" rid="A01"/></contrib></contrib-group><aff id="A01"><institution>Fundação Oswaldo Cruz</institution><country>Brazil</country></aff><pub-date><month>09</month><year>1990</year></pub-date><volume>6</volume><issue>3</issue><fpage>260</fpage><lpage>263</lpage><permissions><license license-type="open-access" href="http://creativecommons.org/licenses/by-nc/4.0/"><license-p>This work is licensed under a Creative Commons Attribution-NonCommercial 4.0 International License.</license-p></license></permissions><self-uri href="http://www.scielo.br/scielo.php?script=sci_arttext&amp;pid=S0102-311X1990000300003&amp;lng=en&amp;tlng=en" content-type="full_text_page"/><self-uri href="http://www.scielo.br/scielo.php?script=sci_issuetoc&amp;pid=0102-311X19900003&amp;lng=en" content-type="issue_page"/><self-uri href="http://www.scielosp.org/scielo.php?script=sci_serial&amp;pid=0102-311X&amp;lng=en" content-type="journal_page"/><abstract lang_id="pt"><p>O autor apresenta método de perícia de abastecimento de água por ele usado com bons resultados. Procura mostrar as diferenças do método com as formas usuais da análise, baseadas exclusivamente em resultados de laboratório. Advoga a necessidade de perícia no local associada a coleta e análise de amostras e sua comparação com os resultados de amostras-testemunho.</p></abstract><trans-abstract lang_id="en"><p>The author presents a method of assessment for building water systems used, with good results. He pointed out the diferences between this method and the usual ones based exclusively on the results of laboratory analyses mainly, coli index. This work asks for the necessity of local observations, associated with sampling and analyses of the samples togheter with a comparison of the analyses of testimony samples.</p></trans-abstract></article-meta></front><back><ref-list><ref id="B1"><element-citation publication-type="book"><source>Standard Methods for examination of Water and Waste Water. AW. WA</source><date><year>1985</year></date></element-citation></ref></ref-list></back></article></articles>