<articles xmlns:xsi="http://www.w3.org/2001/XMLSchema-instance" xsi:schemaLocation="https://raw.githubusercontent.com/scieloorg/articles_meta/master/tests/xsd/scielo_sci/ThomsonReuters_publishing.xsd" dtd-version="1.10"><article lang_id="pt" article-type="research-article"><front><journal-meta><journal-id journal-id-type="publisher">csp</journal-id><journal-title-group><journal-title>Cadernos de Saúde Pública</journal-title><abbrev-journal-title>Cad. Saúde Pública</abbrev-journal-title></journal-title-group><issn>1678-4464</issn><collection>SciELO Brazil</collection><publisher><publisher-name>Escola Nacional de Saúde Pública Sergio Arouca, Fundação Oswaldo Cruz</publisher-name></publisher></journal-meta><article-meta><unique-article-id pub-id-type="publisher-id">S0102-311X1992000400003</unique-article-id><article-id pub-id-type="publisher-id">S0102-311X1992000400003</article-id><article-id pub-id-type="doi">10.1590/S0102-311X1992000400003</article-id><article-categories><subj-group><subject>Health Policy &amp; Services</subject></subj-group></article-categories><title-group><article-title lang_id="pt">Controle social e políticas de saúde</article-title><trans-title-group lang_id="en"><trans-title>Social control over health policies</trans-title></trans-title-group></title-group><contrib-group><contrib contrib-type="author"><name><surname>Sposati</surname><given-names>Aldaíza</given-names></name><role>ND</role><xref ref-type="aff" rid="A01"/></contrib><contrib contrib-type="author"><name><surname>Lobo</surname><given-names>Elza</given-names></name><role>ND</role><xref ref-type="aff" rid="A02"/></contrib></contrib-group><aff id="A01"><institution>Pontifícia Universidade Católica de São Paulo</institution><country>Brazil</country></aff><aff id="A02"><institution>Secretaria da Saúde do Estado de São Paulo</institution><country>Brazil</country></aff><pub-date><month>12</month><year>1992</year></pub-date><volume>8</volume><issue>4</issue><fpage>366</fpage><lpage>378</lpage><permissions><license license-type="open-access" href="http://creativecommons.org/licenses/by-nc/4.0/"><license-p>This work is licensed under a Creative Commons Attribution-NonCommercial 4.0 International License.</license-p></license></permissions><self-uri href="http://www.scielo.br/scielo.php?script=sci_arttext&amp;pid=S0102-311X1992000400003&amp;lng=en&amp;tlng=en" content-type="full_text_page"/><self-uri href="http://www.scielosp.org/scielo.php?script=sci_issuetoc&amp;pid=0102-311X19920004&amp;lng=en" content-type="issue_page"/><self-uri href="http://www.scielosp.org/scielo.php?script=sci_serial&amp;pid=0102-311X&amp;lng=en" content-type="journal_page"/><abstract lang_id="pt"><p>Na história de democratização das políticas de saúde, um dos campos que construiu visibilidade aos movimentos de saúde, quer pela denúncia das "ausências e omissões" dos serviços instalados, quer pela luta no sentido de construir um espaço regular para o exercício do controle nos serviços e nas burocracias da gestão da saúde, foi o controle social da coisa pública. No início da década de 80, a experiência marcante na região leste da cidade de São Paulo foi a de criar os conselhos de saúde como representação popular no controle do Estado. Nesta reflexão, as autoras não pretendem discutir a composição da representação, mas sim avançar para novos problemas. Na conjuntura pós Constituição de 1988, vivemos um novo momento democrático. As leis, a princípio, amparam a participação da população nas políticas de saúde e são defensoras dos direitos sociais. Como, então, é entendido o campo do controle social? Este restringe-se aos serviços de saúde ou é mais ampliado, englobando a política de saúde? Como é que as leis passam da sua formulação para a sua aplicação? Busca-se, no texto, mapear questões que se colocam quando o controle social se orienta para constituir uma pressão pela mudança/alteração da situação.</p></abstract><trans-abstract lang_id="en"><p>As the democratization of health policies develops, social control over public interests has been of help in providing health movements with prominence, not only by denouncing cases of "negligence and omission" by established services, but also by struggling to create regular, favourable conditions by which to exercise control over services and governmental management of public health policies. In the early 1980s, a remarkable experience occurred in the "Zona Leste" or eastern burrough of the city of São Paulo, consisting of the emergence of Health Councils as a means of popular representation in the control over the state. Through their analysis of these issues, the authors' intent is to proceed to new problems rather than discussing the make-up of that representation. Within the political context in the aftermath of the 1988 Constitution, as we are experiencing a new democratic moment and legislation which (in principle) supports people's participation in health policies and defends social rights, then how is the field of social control to be understood? Is it limited to health services or extended to health policy? How do laws move from elaboration to practice? The text aims to follow issues which arise as social control pushes current conditions towards change.</p></trans-abstract><kwd-group lang_id="en" kwd-group-type="author-generated"><kwd>Social Control</kwd><kwd>Health Rights</kwd><kwd>Popular Representation</kwd><kwd>Legal Rights</kwd><kwd>No Alter</kwd></kwd-group><kwd-group lang_id="pt" kwd-group-type="author-generated"><kwd>Controle Social</kwd><kwd>Direito à Saúde</kwd><kwd>Representação Popular</kwd><kwd>Dispositivos Constitucionais</kwd><kwd>Alteridade Negada</kwd></kwd-group></article-meta></front><back><ref-list><ref id="B1"><element-citation publication-type="book"><source>Conferência Nacional de Saúde: 8º Relatório Final</source><date><year>1986</year></date></element-citation></ref><ref id="B2"><element-citation publication-type="book"><source>Constituição, 1988: Constituição da República Federativa do Brasil</source><date><year>1988</year></date></element-citation></ref><ref id="B3"><element-citation publication-type="book"><source>Lei nº 8080 de 19 de setembro de 1990. Dispõe sobre as condições para a promoção, proteção e recuperação da saúde, a organização e o funcionamento dos serviços correspondentes e dá outras providências: Lei que se refere à organização enquanto atribuições e competências das várias instâncias no Sistema Único de Saúde</source><date><year>1990</year></date></element-citation></ref><ref id="B4"><element-citation publication-type="book"><source>Condições políticas, projetos políticos e construção de estratégia em saúde</source><date><year>1991</year></date><person-group><name><surname>COHN</surname><given-names>A.</given-names></name><name><surname>COHN</surname><given-names>A.</given-names></name></person-group></element-citation></ref><ref id="B5"><element-citation publication-type="book"><source>Pesquisa "Cidadania e Políticas Públicas"</source><date><year>1982</year></date><person-group><name><surname>COHN</surname><given-names>A.</given-names></name></person-group></element-citation></ref><ref id="B6"><element-citation publication-type="book"><source>A Saúde como Direito e como Serviço</source><date><year>1991</year></date><person-group><name><surname>COHN</surname><given-names>A.</given-names></name><name><surname>NUNES</surname><given-names>E.</given-names></name><name><surname>JACOBI</surname><given-names>P.</given-names></name><name><surname>KARSCH</surname><given-names>U.</given-names></name><name><surname>COHN</surname><given-names>A.</given-names></name><name><surname>NUNES</surname><given-names>E.</given-names></name><name><surname>JACOBI</surname><given-names>P.</given-names></name><name><surname>KARSCH</surname><given-names>U.</given-names></name></person-group></element-citation></ref><ref id="B7"><element-citation publication-type="book"><source>Mecanismos de controle social no Código de Defesa do Consumidor</source><date><year>1991</year></date><person-group><name><surname>LAZZARINI</surname><given-names>M.</given-names></name><name><surname>LAZZARINI</surname><given-names>M.</given-names></name></person-group></element-citation></ref><ref id="B8"><element-citation publication-type="book"><source>Classes e movimentos Sociais na América Latina</source><date><year>1990</year></date><person-group><name><surname>OLIVEIRA</surname><given-names>F.</given-names></name><name><surname>Laranjeiras</surname><given-names>S.</given-names></name><name><surname>Laranjeiras</surname><given-names>S.</given-names></name></person-group></element-citation></ref><ref id="B9"><element-citation publication-type="book"><source>Constituição, 1989: Constituição do Estado de São Paulo, 1989</source><date><year>1987</year></date></element-citation></ref><ref id="B10"><element-citation publication-type="book"><source>Demandas Populares, Políticas Públicas e Saúde</source><date><year>1989</year></date><fpage>91</fpage><lpage>115</lpage><volume>I</volume><person-group><name><surname>VALLA</surname><given-names>V. V.</given-names></name><name><surname>SIQUEIRA</surname><given-names>S. A. V.</given-names></name><name><surname>Costa</surname><given-names>N. R.</given-names></name><name><surname>Minayo</surname><given-names>M. C. S.</given-names></name><name><surname>Ramos</surname><given-names>C. L.</given-names></name><name><surname>Stotz</surname><given-names>E. N.</given-names></name><name><surname>Costa</surname><given-names>N. R.</given-names></name><name><surname>Minayo</surname><given-names>M. C. S.</given-names></name><name><surname>Ramos</surname><given-names>C. L.</given-names></name><name><surname>Stotz</surname><given-names>E. N.</given-names></name></person-group></element-citation></ref></ref-list></back></article></articles>