<articles xmlns:xsi="http://www.w3.org/2001/XMLSchema-instance" xsi:schemaLocation="https://raw.githubusercontent.com/scieloorg/articles_meta/master/tests/xsd/scielo_sci/ThomsonReuters_publishing.xsd" dtd-version="1.10"><article lang_id="pt" article-type="research-article"><front><journal-meta><journal-id journal-id-type="publisher">csp</journal-id><journal-title-group><journal-title>Cadernos de Saúde Pública</journal-title><abbrev-journal-title>Cad. Saúde Pública</abbrev-journal-title></journal-title-group><issn>1678-4464</issn><collection>SciELO Public Health</collection><publisher><publisher-name>Escola Nacional de Saúde Pública Sergio Arouca, Fundação Oswaldo Cruz</publisher-name></publisher></journal-meta><article-meta><unique-article-id pub-id-type="publisher-id">S0102-311X1991000400006</unique-article-id><article-id pub-id-type="publisher-id">S0102-311X1991000400006</article-id><article-id pub-id-type="doi">10.1590/S0102-311X1991000400006</article-id><article-categories><subj-group><subject>Health Policy &amp; Services</subject></subj-group></article-categories><title-group><article-title lang_id="pt">Avaliação do estado nutricional num contexto de mudança sócio-econômica: o grupo indígena Suruí do estado de Rondônia, Brasil</article-title><trans-title-group lang_id="en"><trans-title>An assessment of the nutritional status in a context of socioeconomic change: the Suruí indians from the state of Rondônia, Brazil</trans-title></trans-title-group></title-group><contrib-group><contrib contrib-type="author"><name><surname>Coimbra Jr.</surname><given-names>Carlos E.A.</given-names></name><role>ND</role><xref ref-type="aff" rid="A01"/></contrib><contrib contrib-type="author"><name><surname>Santos</surname><given-names>Ricardo V.</given-names></name><role>ND</role><xref ref-type="aff" rid="A01"/></contrib></contrib-group><aff id="A01"><institution>Fundação Oswaldo Cruz</institution><country>Brazil</country></aff><pub-date><month>12</month><year>1991</year></pub-date><volume>7</volume><issue>4</issue><fpage>538</fpage><lpage>562</lpage><permissions><license license-type="open-access" href="http://creativecommons.org/licenses/by/4.0/"><license-p>This work is licensed under a Creative Commons Attribution 4.0 International License.</license-p></license></permissions><self-uri href="http://www.scielosp.org/scielo.php?script=sci_arttext&amp;pid=S0102-311X1991000400006&amp;lng=en&amp;tlng=en" content-type="full_text_page"/><self-uri href="http://www.scielo.br/scielo.php?script=sci_issuetoc&amp;pid=0102-311X19910004&amp;lng=en" content-type="issue_page"/><self-uri href="http://www.scielosp.org/scielo.php?script=sci_serial&amp;pid=0102-311X&amp;lng=en" content-type="journal_page"/><abstract lang_id="pt"><p>O presente trabalho discute os resultados de uma avaliação nutricional, realizada com 147 crianças de 0-8,9 anos da comunidade indígena Suruí, Parque Indígena Aripuanã, Rondônia. Os dados incluem antropometria, dosagem de níveis de hemoglobina e exame coproparasitológico. A reserva Suruí localiza-se em uma região de intensa colonização e fluxo migratório. O grupo foi contactado pela Funai em 1969 e, nos últimos anos, envolveu-se ativamente no mercado regional, o que resultou em parcial abandono das atividades de subsistência tradicionais. Comparados com a população-referência do NCHS, os resultados indicam elevadas prevalências de baixa altura para idade (46,3%), peso para idade (31,9%) e peso para altura (6,6%). São também altas as prevalências de anemia (71,2%) e parasitismo intestinal (&gt;75%). Os autores argumentam que a precariedade do estado nutricional das crianças Suruí reflete carências alimentares, devido à redução da capacidade de produção de alimentos e inadequadas condições sanitárias presentes nas diversas aldeias.</p></abstract><trans-abstract lang_id="en"><p>This paper details the results of a nutritional assessment conducted with 147 Suruí Amerindian children 0-8.9 years of age from the Aripuanã Indian Park, Rondônia, Brazil. The data include anthropometry, hemoglobin concentration levels, and stool examinations. The Suruí reservation is located in an area which experienced intensive government-oriented colonization and immigration over the past three decades. The group was contacted by the Brazilian Indian Foundation (FUNAI) in 1969 and, recently, became more involved in the regional market economy, which led to partial abandonment of traditional subsistence strategies. Compared to international reference curves (NCHS), the results indicate high levels of low height for age (46.3%), weight for age (31.9%) and weight for height (6.6%). Anemia (71.2%) and intestinal parasitism (over 75%) are also common. The authors argue that the precarious nutritional status of the Suruí children reflects nutritional problems due to a reduction in the Suruí food production system as well as inadequate sanitary conditions of the various villages.</p></trans-abstract></article-meta></front><back><ref-list><ref id="B1"><element-citation publication-type="article"><article-title>Índices antropométricos e estado nutricional de escolares de baixa renda de um município do Estado do Rio de Janeiro (Brasil): um estudo piloto</article-title><source>Revista de Saúde Pública</source><date><year>1989</year></date><fpage>221</fpage><lpage>229</lpage><volume>23</volume><person-group><name><surname>ANJOS</surname><given-names>L. A.</given-names></name></person-group></element-citation></ref></ref-list></back></article></articles>