<articles xmlns:xsi="http://www.w3.org/2001/XMLSchema-instance" xsi:schemaLocation="https://raw.githubusercontent.com/scieloorg/articles_meta/master/tests/xsd/scielo_sci/ThomsonReuters_publishing.xsd" dtd-version="1.10"><article lang_id="pt" article-type="research-article"><front><journal-meta><journal-id journal-id-type="publisher">csp</journal-id><journal-title-group><journal-title>Cadernos de Saúde Pública</journal-title><abbrev-journal-title>Cad. Saúde Pública</abbrev-journal-title></journal-title-group><issn>1678-4464</issn><collection>SciELO Brazil</collection><publisher><publisher-name>Escola Nacional de Saúde Pública Sergio Arouca, Fundação Oswaldo Cruz</publisher-name></publisher></journal-meta><article-meta><unique-article-id pub-id-type="publisher-id">S0102-311X1992000100004</unique-article-id><article-id pub-id-type="publisher-id">S0102-311X1992000100004</article-id><article-id pub-id-type="doi">10.1590/S0102-311X1992000100004</article-id><article-categories><subj-group><subject>Health Policy &amp; Services</subject></subj-group></article-categories><title-group><article-title lang_id="pt">Educação, saúde e cidadania: investigação científica e assessoria popular</article-title><trans-title-group lang_id="en"><trans-title>Education, health and citizenship: scientific investigation and popular consultancy</trans-title></trans-title-group></title-group><contrib-group><contrib contrib-type="author"><name><surname>Valla</surname><given-names>Victor V.</given-names></name><role>ND</role><xref ref-type="aff" rid="A01"/></contrib></contrib-group><aff id="A01"><institution>Fundação Oswaldo Cruz</institution><country>Brazil</country></aff><pub-date><month>03</month><year>1992</year></pub-date><volume>8</volume><issue>1</issue><fpage>30</fpage><lpage>40</lpage><permissions><license license-type="open-access" href="http://creativecommons.org/licenses/by-nc/4.0/"><license-p>This work is licensed under a Creative Commons Attribution-NonCommercial 4.0 International License.</license-p></license></permissions><self-uri href="http://www.scielo.br/scielo.php?script=sci_arttext&amp;pid=S0102-311X1992000100004&amp;lng=en&amp;tlng=en" content-type="full_text_page"/><self-uri href="http://www.scielo.br/scielo.php?script=sci_issuetoc&amp;pid=0102-311X19920001&amp;lng=en" content-type="issue_page"/><self-uri href="http://www.scielosp.org/scielo.php?script=sci_serial&amp;pid=0102-311X&amp;lng=en" content-type="journal_page"/><abstract lang_id="pt"><p>O autor relaciona a educação e saúde com a cidadania através da discussão dos serviços básicos e os impostos pagos pela população. As contradições decorrentes da distribuição desigual das verbas públicas, privilegiando a infra-estrutura industrial sobre o consumo coletivo, apontam à necessidade dos setores populares organizados da sociedade civil pressionarem os governos para uma política alternativa. O autor propõe que profissionais das universidades públicas, como forma de serviço público, ofereçam aos setores populares da sociedade civil subsídios técnicos para suas reivindicações, através dos resultados das suas investigações. Alguns resultados relativos ao centro municipal de saúde e sua relação com os usuários, tanto quanto a questão do meio ambiente com os agravos à saúde dos moradores das favelas do Rio de Janeiro, são exemplificados. O texto inclui uma discussão sobre a capacitação mútua dos setores populares organizados e profissionais da rede de serviços e/ou da universidade pública. Para isso, apresenta-se a experiência do Nesc/DCS/Ensp/Fiocruz das Oficinas de Educação e Saúde, onde lideranças populares e profissionais debatem as contradições inerentes ao serviço público com relação à eficiência e à eficácia. É proposto o diagnóstico participativo como forma dos profissionais/entidades populares lidarem com a precariedade de informações disponíveis sobre os agravos à saúde da população.</p></abstract><trans-abstract lang_id="en"><p>The author relates education and health with citizenship through the discussion of basic services and the taxes the population pays. The contradictions resulting from the unequal distribution of the public money, favoring industrial infrastructure over collective consumption, point towards the need for organized popular sectors of the civil society to pressure governments for alternative policies. The author proposes that professionals from public universities offer, in the spirit of public service, the results of their research as technical support for the demands of these organized sectors. Research results relative to the municipal health center's policy towards the public together with other results relative to environment and health risks to Rio de Janeiro favela residents are exemplified. The text includes a discussion about mutual training of organized popular sectors and professionals from the public service network and/or public universities. The Nesc/DCS/Ensp/Fiocruz experience of Education and Health Workshops is presented, calling attention to the debate between popular leaders and education and health professionals about the inherent contradictions between efficiency and efficacy of the public services. A proposal is made to undertake a participative diagnosis as a way for professionals/popular entities to deal with the precarious quality and quantity of information about health risks to the population.</p></trans-abstract><kwd-group lang_id="pt" kwd-group-type="author-generated"><kwd>Educação e Saúde</kwd><kwd>Cidadania</kwd><kwd>Participação Popular</kwd><kwd>Verba Pública</kwd><kwd>Assessoria Popular</kwd></kwd-group><kwd-group lang_id="en" kwd-group-type="author-generated"><kwd>Health and Education</kwd><kwd>Citizenship</kwd><kwd>Popular Participation</kwd><kwd>Public Money</kwd><kwd>Popular Consultancy</kwd></kwd-group></article-meta></front><back><ref-list><ref id="B1"><element-citation publication-type="book"><source>Medicina e política</source><date><year>1987</year></date><person-group><name><surname>BERLINGUER</surname><given-names>G.</given-names></name><name><surname>BERLINGUER</surname><given-names>G.</given-names></name></person-group></element-citation></ref><ref id="B2"><element-citation publication-type="article"><article-title>Health education: can the reformers be reformed?</article-title><source>International Journal of Health Services</source><date><year>1978</year></date><fpage>3</fpage><lpage>25</lpage><volume>1</volume><person-group><name><surname>BROWN</surname><given-names>E. R.</given-names></name><name><surname>MARGO</surname><given-names>G. E.</given-names></name></person-group></element-citation></ref><ref id="B3"><element-citation publication-type="book"><source>Vigilância epidemiológica: a busca do controle das formas de viver, adoecer e morrer</source><date><year>1990</year></date><volume>2</volume><person-group><name><surname>CARVALHO</surname><given-names>M. A. P.</given-names></name><name><surname>CARVALHO</surname><given-names>M. A. P.</given-names></name></person-group></element-citation></ref><ref id="B4"><element-citation publication-type="article"><article-title>Pesquisa urbana e projeto popular</article-title><source>Espaço e Debate</source><date><year>1989</year></date><fpage>22</fpage><lpage>39</lpage><volume>26</volume><person-group><name><surname>CORRAGIO</surname><given-names>J. L.</given-names></name></person-group></element-citation></ref><ref id="B5"><element-citation publication-type="undefined"><date><year>1990</year></date><person-group><name><surname>GOMES</surname><given-names>M. L.</given-names></name><name><surname>GOMES</surname><given-names>M. L.</given-names></name></person-group></element-citation></ref><ref id="B6"><element-citation publication-type="undefined"><date><year>1988</year></date></element-citation></ref><ref id="B7"><element-citation publication-type="undefined"><date><year>1988</year></date></element-citation></ref><ref id="B8"><element-citation publication-type="undefined"><person-group><name><surname>LICHAT</surname><given-names>M. F.</given-names></name></person-group></element-citation></ref><ref id="B9"><element-citation publication-type="book"><source>Anais da Conferência Nacional de Saúde</source><date><year>1987</year></date><fpage>241</fpage><person-group><name><surname>POSSAS</surname><given-names>A. C.</given-names></name></person-group></element-citation></ref><ref id="B10"><element-citation publication-type="article"><article-title>Lendo o mundo no plural</article-title><source>Tempo e Presença</source><date><year>1990</year></date><fpage>23</fpage><lpage>24</lpage><volume>250</volume><person-group><name><surname>RIOS</surname><given-names>R. M.</given-names></name></person-group></element-citation></ref><ref id="B11"><element-citation publication-type="book"><source>Mesa Redonda patrocinada pelo Programa de Apoio à Reforma Sanitária</source><date><year>1990</year></date></element-citation></ref><ref id="B12"><element-citation publication-type="book"><source>Oficina de estudos sobre educação e saúde: uma proposta de trabalho</source><date><year>1990</year></date><volume>2</volume><person-group><name><surname>SIQUEIRA</surname><given-names>S. A. V.</given-names></name><name><surname>BRANDÃO</surname><given-names>E. R.</given-names></name><name><surname>SIQUEIRA</surname><given-names>S. A. V.</given-names></name><name><surname>BRANDÃO</surname><given-names>E. R.</given-names></name></person-group></element-citation></ref><ref id="B13"><element-citation publication-type="book"><source>Enfoques sobre educação e saúde: notas para reflexão</source><date><year>1989</year></date><volume>l</volume><person-group><name><surname>STOTZ</surname><given-names>E. N.</given-names></name><name><surname>STOTZ</surname><given-names>E. N.</given-names></name></person-group></element-citation></ref><ref id="B14"><element-citation publication-type="book"><source>Demandas populares, políticas públicas e saúde</source><date><year>1989</year></date><fpage>17</fpage><lpage>74</lpage><volume>2</volume><person-group><name><surname>STOTZ</surname><given-names>E. N.</given-names></name><name><surname>NETO</surname><given-names>O. C.</given-names></name><name><surname>Costa</surname><given-names>N. R.</given-names></name><name><surname>Costa</surname><given-names>N. R.</given-names></name></person-group></element-citation></ref><ref id="B15"><element-citation publication-type="article"><article-title>Educação popular: libertação das classes populares ou socialização da verba pública?</article-title><source>Educação e Sociedade</source><date><year>1988</year></date><fpage>73</fpage><lpage>86</lpage><volume>29</volume><person-group><name><surname>VALLA</surname><given-names>V. V.</given-names></name></person-group></element-citation></ref><ref id="B16"><element-citation publication-type="book"><source>Participação popular e saúde: a questão da capacitação técnica no Brasil</source><date><year>1989</year></date><volume>l</volume><person-group><name><surname>VALLA</surname><given-names>V. V.</given-names></name></person-group></element-citation></ref><ref id="B17"><element-citation publication-type="book"><source>Saúde em estado de choque</source><date><year>1987</year></date><fpage>21</fpage><lpage>35</lpage><person-group><name><surname>VALLA</surname><given-names>V. V.</given-names></name><name><surname>CARDOSO DE MELO</surname><given-names>J. A.</given-names></name><name><surname>Minayo</surname><given-names>M. C. de S.</given-names></name><name><surname>Minayo</surname><given-names>M. C. de S.</given-names></name></person-group></element-citation></ref><ref id="B18"><element-citation publication-type="book"><source>Educação, saúde e cidadania: Relatório final apresentado à Finep</source><date><year>1988</year></date><person-group><name><surname>VALLA</surname><given-names>V. V.</given-names></name><name><surname>STOTZ</surname><given-names>E. N.</given-names></name><name><surname>CARVALHO</surname><given-names>M. A. P.</given-names></name><name><surname>HOLANDA</surname><given-names>E.</given-names></name><name><surname>SIQUEIRA</surname><given-names>S. V. de</given-names></name><name><surname>VALLA</surname><given-names>V. V.</given-names></name><name><surname>STOTZ</surname><given-names>E. N.</given-names></name><name><surname>CARVALHO</surname><given-names>M. A. P.</given-names></name><name><surname>HOLANDA</surname><given-names>E.</given-names></name><name><surname>SIQUEIRA</surname><given-names>S. V. de</given-names></name></person-group></element-citation></ref><ref id="B19"><element-citation publication-type="book"><source>Demandas populares, políticas públicas e saúde</source><date><year>1989</year></date><fpage>103</fpage><lpage>144</lpage><person-group><name><surname>VALLA</surname><given-names>V. V.</given-names></name><name><surname>HOLLANDA</surname><given-names>E.</given-names></name><name><surname>Costa</surname><given-names>N. R.</given-names></name><name><surname>Costa</surname><given-names>N. R.</given-names></name></person-group></element-citation></ref><ref id="B20"><element-citation publication-type="book"><source>Demandas populares, políticas públicas e saúde</source><date><year>1989</year></date><fpage>91</fpage><lpage>116</lpage><volume>1</volume><person-group><name><surname>VALLA</surname><given-names>V. V.</given-names></name><name><surname>SIQUEIRA</surname><given-names>S. A. V.</given-names></name><name><surname>Costa</surname><given-names>N. R.</given-names></name><name><surname>Costa</surname><given-names>N. R.</given-names></name></person-group></element-citation></ref><ref id="B21"><element-citation publication-type="book"><source>Participação popular e saúde</source><date><year>1989</year></date><person-group><name><surname>VALLA</surname><given-names>V. V.</given-names></name><name><surname>STOTZ</surname><given-names>E. N.</given-names></name><name><surname>VALLA</surname><given-names>V. V.</given-names></name><name><surname>STOTZ</surname><given-names>E. N.</given-names></name></person-group></element-citation></ref></ref-list></back></article></articles>