<articles xmlns:xsi="http://www.w3.org/2001/XMLSchema-instance" xsi:schemaLocation="https://raw.githubusercontent.com/scieloorg/articles_meta/master/tests/xsd/scielo_sci/ThomsonReuters_publishing.xsd" dtd-version="1.10"><article lang_id="pt" article-type="research-article"><front><journal-meta><journal-id journal-id-type="publisher">csp</journal-id><journal-title-group><journal-title>Cadernos de Saúde Pública</journal-title><abbrev-journal-title>Cad. Saúde Pública</abbrev-journal-title></journal-title-group><issn>1678-4464</issn><collection>SciELO Public Health</collection><publisher><publisher-name>Escola Nacional de Saúde Pública Sergio Arouca, Fundação Oswaldo Cruz</publisher-name></publisher></journal-meta><article-meta><unique-article-id pub-id-type="publisher-id">S0102-311X1988000300002</unique-article-id><article-id pub-id-type="publisher-id">S0102-311X1988000300002</article-id><article-id pub-id-type="doi">10.1590/S0102-311X1988000300002</article-id><article-categories><subj-group><subject>Health Policy &amp; Services</subject></subj-group></article-categories><title-group><article-title lang_id="pt">Aspectos particulares do comportamento epidemiológico da esquistossomose mansônica no Estado de São Paulo, Brasil</article-title></title-group><contrib-group><contrib contrib-type="author"><name><surname>Chieffi</surname><given-names>Pedro Paulo</given-names></name><role>ND</role><xref ref-type="aff" rid="A01"/><xref ref-type="aff" rid="A02"/></contrib><contrib contrib-type="author"><name><surname>Waldman</surname><given-names>Eliseu Alves</given-names></name><role>ND</role><xref ref-type="aff" rid="A01"/><xref ref-type="aff" rid="A03"/></contrib></contrib-group><aff id="A01"><institution>Instituto Adolfo Lutz</institution><country>Brazil</country></aff><aff id="A02"><institution>Santa Casa de Misericórdia de São Paulo</institution><country>Brazil</country></aff><aff id="A03"><institution>Universidade de São Paulo</institution><country>Brazil</country></aff><pub-date><month>09</month><year>1988</year></pub-date><volume>4</volume><issue>3</issue><fpage>257</fpage><lpage>275</lpage><permissions><license license-type="open-access" href="http://creativecommons.org/licenses/by/4.0/"><license-p>This work is licensed under a Creative Commons Attribution 4.0 International License.</license-p></license></permissions><self-uri href="http://www.scielosp.org/scielo.php?script=sci_arttext&amp;pid=S0102-311X1988000300002&amp;lng=en&amp;tlng=en" content-type="full_text_page"/><self-uri href="http://www.scielo.br/scielo.php?script=sci_issuetoc&amp;pid=0102-311X19880003&amp;lng=en" content-type="issue_page"/><self-uri href="http://www.scielosp.org/scielo.php?script=sci_serial&amp;pid=0102-311X&amp;lng=en" content-type="journal_page"/><abstract lang_id="pt"><p>São apresentadas hipóteses relativas ao processo de expansão das áreas de transmissão da esquistossomose mansônica em território brasileiro, relacionando-as a etapas da história econômica do país que, em determinados momentos, provocaram importantes movimentos migratórios. O mesmo se faz com referência à introdução e espraiamento das áreas de transmissão da esquistossomose mansônica no Estado de São Paulo, procurando-se salientar algumas características particulares de seu comportamento em território paulista, com maior tendência à urbanização, à quase inexistência de formas graves e aspectos particulares das fontes de infecção e das espécies mais prevalentes de hospedeiros intermediários, em diferentes regiões do Estado. Com base nessas características propõe-se a divisão do Estado de São Paulo em três áreas distintas quanto ao comportamento da esquistossomose, providência que pode constituir subsídio para a elaboração de programa de controle da endemia.</p></abstract><trans-abstract lang_id="en"><p>Assumptions on the process of mansoni schistosomiasis transmission areas in Brazilian territory are presented, linking them to the country economical history stages which, at determined time, caused important migratory movements. The same is considered concerning the inserting and spreading of mansoni schistosomiasis transmission areas in São Paulo State, attempting to emphasize some peculiar features of the conduct in its territory, which presents major trend for urbanization, to nearly non-existence of severe forms and peculiar aspects of infection sources and the most prevalent intermediate hosts species in different State regions. Based on these features, it is proposed to divide the São Paulo State territory in three areas regarding to schistosomiasis behaviour, as this measure might constitute subsidies for development of endemic control programmes.</p></trans-abstract></article-meta></front><back><ref-list><ref id="B1"><element-citation publication-type="conference"><source>Anais</source><date><year>1977</year></date><fpage>267</fpage><lpage>84</lpage><person-group><name><surname>ALMEIDA MACHADO</surname><given-names>P.</given-names></name></person-group></element-citation></ref></ref-list></back></article></articles>