<articles xmlns:xsi="http://www.w3.org/2001/XMLSchema-instance" xsi:schemaLocation="https://raw.githubusercontent.com/scieloorg/articles_meta/master/tests/xsd/scielo_sci/ThomsonReuters_publishing.xsd" dtd-version="1.10"><article lang_id="pt" article-type="research-article"><front><journal-meta><journal-id journal-id-type="publisher">csp</journal-id><journal-title-group><journal-title>Cadernos de Saúde Pública</journal-title><abbrev-journal-title>Cad. Saúde Pública</abbrev-journal-title></journal-title-group><issn>1678-4464</issn><collection>SciELO Brazil</collection><publisher><publisher-name>Escola Nacional de Saúde Pública Sergio Arouca, Fundação Oswaldo Cruz</publisher-name></publisher></journal-meta><article-meta><unique-article-id pub-id-type="publisher-id">S0102-311X1985000300007</unique-article-id><article-id pub-id-type="publisher-id">S0102-311X1985000300007</article-id><article-id pub-id-type="doi">10.1590/S0102-311X1985000300007</article-id><article-categories><subj-group><subject>Health Policy &amp; Services</subject></subj-group></article-categories><title-group><article-title lang_id="pt">Mortalidade perinatal e infantil em Pelotas, Rio Grande do Sul: nossas estatísticas são confiáveis?</article-title></title-group><contrib-group><contrib contrib-type="author"><name><surname>Barros</surname><given-names>Fernando C.</given-names></name><role>ND</role><xref ref-type="aff" rid="A01"/></contrib><contrib contrib-type="author"><name><surname>Victoria</surname><given-names>Cesar G.</given-names></name><role>ND</role><xref ref-type="aff" rid="A02"/></contrib><contrib contrib-type="author"><name><surname>Teixeira</surname><given-names>Ana Maria Borges</given-names></name><role>ND</role></contrib><contrib contrib-type="author"><name><surname>Puerto Filho</surname><given-names>Miguel</given-names></name><role>ND</role><xref ref-type="aff" rid="A02"/></contrib></contrib-group><aff id="A01"><institution>Universidade Católica de Pelotas</institution><country>Brazil</country></aff><aff id="A02"><institution>Universidade Federal de Pelotas</institution><country>Brazil</country></aff><pub-date><month>09</month><year>1985</year></pub-date><volume>1</volume><issue>3</issue><fpage>348</fpage><lpage>358</lpage><permissions><license license-type="open-access" href="http://creativecommons.org/licenses/by-nc/4.0/"><license-p>This work is licensed under a Creative Commons Attribution-NonCommercial 4.0 International License.</license-p></license></permissions><self-uri href="http://www.scielo.br/scielo.php?script=sci_arttext&amp;pid=S0102-311X1985000300007&amp;lng=en&amp;tlng=en" content-type="full_text_page"/><self-uri href="http://www.scielo.br/scielo.php?script=sci_issuetoc&amp;pid=0102-311X19850003&amp;lng=en" content-type="issue_page"/><self-uri href="http://www.scielosp.org/scielo.php?script=sci_serial&amp;pid=0102-311X&amp;lng=en" content-type="journal_page"/><abstract lang_id="pt"><p>Uma coorte de 6.011 crianças vem sendo acompanhada desde o nascimento em Pelotas, RS. A última avaliação foi realizada quando as crianças tinham 20 meses, em média. Este acompanhamento foi feito através de um censo da cidade, quando todas as 68.600 residências foram visitadas, tendo sido localizadas 87,3% das crianças da coorte. Concomitantemente, todos os óbitos foram monitorizados através de visitas domiciliares, revisão periódica de atestados de óbito na Secretaria da Saúde e revisão de prontuários hospitalares. Com o uso dessa metodologia, foi possível detectar 42,1% de sub-registros de mortes perinatais, com 47,8% para óbitos fetais. Com relação à mortalidade infantil, a proporção de sub-registros foi de 24%.</p></abstract><trans-abstract lang_id="en"><p>A cohort of 6,011 children is being followed up from birth in Pelotas, RS, Brazil. More than 87% of these children were seen when aged 12-27months (mean = 20 months), when all 68,600 urban households were visited. Deaths were monitored through home visits, the review of hospital casenotes and of death certificates at the Secretariat of Health, and these findings were compared with official statistics. Approximately 42% of perinatal deaths failed to be registered, the corresponding figures being 48% for fetal and 24% for infant deaths. On the other hand, less than 5% of all births failed to be registered. The implications of these findings for health policy-makers are discussed.</p></trans-abstract></article-meta></front><back><ref-list><ref id="B1"><element-citation publication-type="thesis"><source>The epidemiology of perinatal health in Southern Brazil: a study of perinatal mortality, low birth weight and utilisation of health care</source><date><year>1985</year></date><person-group><name><surname>BARROS</surname><given-names>F.C.</given-names></name><name><surname>BARROS</surname><given-names>F.C.</given-names></name></person-group></element-citation></ref><ref id="B2"><element-citation publication-type="article"><article-title>Saúde perinatal em Pelotas, RS, Brasil: fatores sociais e biológicos</article-title><source>R. Saúde públ</source><date><year>1984</year></date><fpage>301</fpage><lpage>12</lpage><volume>18</volume><person-group><name><surname>BARROS</surname><given-names>F.C.</given-names></name></person-group></element-citation></ref><ref id="B3"><element-citation publication-type="book"><source>SAREC Report: birth weight distribution and indicator of social development</source><date><year>1979</year></date><fpage>33</fpage><lpage>9</lpage><person-group><name><surname>MAHNER</surname><given-names>J.</given-names></name><name><surname>STERKY</surname><given-names>G.</given-names></name><name><surname>MELLANDER</surname><given-names>L.</given-names></name><name><surname>STERKY</surname><given-names>G.</given-names></name><name><surname>MELLANDER</surname><given-names>L.</given-names></name></person-group></element-citation></ref><ref id="B4"><element-citation publication-type="book"><source>Statistical package for the social sciences</source><date><year>1975</year></date><person-group><name><surname>NIE</surname><given-names>N.H.</given-names></name><name><surname>NIE</surname><given-names>N.H.</given-names></name></person-group></element-citation></ref><ref id="B5"><element-citation publication-type="book"><source>Saúde no Rio Grande do Sul 1970/1982</source><date><year>1983</year></date></element-citation></ref><ref id="B6"><element-citation publication-type="book"><source>Sub-registro de nascimentos e óbitos no Rio Grande do Sul em 1974</source><date><year>1976</year></date></element-citation></ref><ref id="B7"><element-citation publication-type="book"><source>Certificate of cause of perinatal death</source><date><year>1975</year></date><person-group><name><surname>ROMENSKY</surname><given-names>A. A.</given-names></name><name><surname>INGNAT'EVA</surname><given-names>R.K.</given-names></name><name><surname>ROMENSKY</surname><given-names>A. A.</given-names></name><name><surname>INGNAT'EVA</surname><given-names>R.K.</given-names></name></person-group></element-citation></ref><ref id="B8"><element-citation publication-type="article"><article-title>Better perinatal health: Sweden</article-title><source>Lancet</source><date><year>1979</year></date><fpage>1170</fpage><lpage>2</lpage><volume>2</volume><person-group><name><surname>ROOTH</surname><given-names>G.</given-names></name></person-group></element-citation></ref><ref id="B9"><element-citation publication-type="book"><source>SAS user's guide: basics</source><date><year>1982</year></date></element-citation></ref><ref id="B10"><element-citation publication-type="article"><article-title>Estudo longitudinal das crianças nascidas em 1982 em Pelotas, RS: metodologia e resultados preliminares</article-title><source>R. Saúde públ</source><date><year>1985</year></date><fpage>59</fpage><lpage>68</lpage><volume>19</volume><person-group><name><surname>VICTORIA</surname><given-names>C.G.</given-names></name></person-group></element-citation></ref></ref-list></back></article></articles>