<articles xmlns:xsi="http://www.w3.org/2001/XMLSchema-instance" xsi:schemaLocation="https://raw.githubusercontent.com/scieloorg/articles_meta/master/tests/xsd/scielo_sci/ThomsonReuters_publishing.xsd" dtd-version="1.10"><article lang_id="pt" article-type="research-article"><front><journal-meta><journal-id journal-id-type="publisher">csp</journal-id><journal-title-group><journal-title>Cadernos de Saúde Pública</journal-title><abbrev-journal-title>Cad. Saúde Pública</abbrev-journal-title></journal-title-group><issn>1678-4464</issn><collection>SciELO Brazil</collection><publisher><publisher-name>Escola Nacional de Saúde Pública Sergio Arouca, Fundação Oswaldo Cruz</publisher-name></publisher></journal-meta><article-meta><unique-article-id pub-id-type="publisher-id">S0102-311X1992000400010</unique-article-id><article-id pub-id-type="publisher-id">S0102-311X1992000400010</article-id><article-id pub-id-type="doi">10.1590/S0102-311X1992000400010</article-id><article-categories><subj-group><subject>Health Policy &amp; Services</subject></subj-group></article-categories><title-group><article-title lang_id="pt">Complicações pós-aborto provocado: fatores associados</article-title><trans-title-group lang_id="en"><trans-title>Factors associated with complications following induced abortion</trans-title></trans-title-group></title-group><contrib-group><contrib contrib-type="author"><name><surname>Hardy</surname><given-names>Ellen</given-names></name><role>ND</role><xref ref-type="aff" rid="A01"/></contrib><contrib contrib-type="author"><name><surname>Alves</surname><given-names>Graciana</given-names></name><role>ND</role><xref ref-type="aff" rid="A02"/></contrib></contrib-group><aff id="A01"><institution>Universidade Estadual de Campinas</institution><country>Brazil</country></aff><aff id="A02"><institution>Universidade Estadual de Campinas</institution><country>Brazil</country></aff><pub-date><month>12</month><year>1992</year></pub-date><volume>8</volume><issue>4</issue><fpage>454</fpage><lpage>458</lpage><permissions><license license-type="open-access" href="http://creativecommons.org/licenses/by-nc/4.0/"><license-p>This work is licensed under a Creative Commons Attribution-NonCommercial 4.0 International License.</license-p></license></permissions><self-uri href="http://www.scielo.br/scielo.php?script=sci_arttext&amp;pid=S0102-311X1992000400010&amp;lng=en&amp;tlng=en" content-type="full_text_page"/><self-uri href="http://www.scielosp.org/scielo.php?script=sci_issuetoc&amp;pid=0102-311X19920004&amp;lng=en" content-type="issue_page"/><self-uri href="http://www.scielosp.org/scielo.php?script=sci_serial&amp;pid=0102-311X&amp;lng=en" content-type="journal_page"/><abstract lang_id="pt"><p>O aborto provocado expõe a mulher a riscos e complicações. Estes diminuem quando o aborto é feito em boas condições. As complicações resultantes de abortos mal feitos podem levar à morte ou afetar as gestações futuras, aumentando, por exemplo, a gravidez ectópica e o abortamento espontâneo. O objetivo do presente trabalho é apresentar dados brasileiros sobre a relação entre complicações do aborto provocado e as condições de sua prática. A pesquisa foi desenvolvida em 1990 em uma universidade brasileira. Os dados foram obtidos através de um questionário distribuído a todas as funcionárias e alunas da graduação. Foram respondidos 42% dos questionários das alunas e 27% dos das funcionárias; 82 alunas e 264 funcionárias tinham feito pelo menos um aborto provocado; 15 e 50, respectivamente, tiveram problemas de saúde (complicações) após o último aborto. As mulheres que tiveram o aborto realizado por médico, em clínica ou hospital, e praticado por métodos mais modernos apresentaram menos complicações. As mulheres mais jovens não foram significativamente diferentes das outras com relação à freqüência das complicações. Entretanto, esse grupo esteve representado principalmente por alunas com maior nível de educação e, geralmente, mais recursos econômicos.</p></abstract><trans-abstract lang_id="en"><p>Illegal induced abortion exposes women to risks and complications. These decrease when the abortion is carried out safely. Complications resulting from unsafe abortions can cause death or may effect future pregnancies, increasing ectopic pregnancy and spontaneous abortion, for example. The purpose of this paper is to present Brazilian data on the association between complications caused by illegal induced abortions and the conditions in which they are performed. The study was done in 1990 in a Brazilian university. Data was obtained through a questionnaire distributed to all the female employees and graduate students. Forty-two percent of the students and 27% of the employees responded; 82 students and 264 employees had had at least one illegal abortion; 15 and 50, respectively, had suffered health problems (complications) after the last one. The women whose abortions had been done by physicians, in a clinic or hospital, and using modern techniques presented fewer complications. Younger women were not significantly different from the others when frequency of complications was studied. However, this group was composed mainly of students with a higher level of education and more economic resources.</p></trans-abstract><kwd-group lang_id="en" kwd-group-type="author-generated"><kwd>Induced Abortion</kwd><kwd>Complications</kwd><kwd>Unsafe Abortion</kwd></kwd-group><kwd-group lang_id="pt" kwd-group-type="author-generated"><kwd>Aborto Provocado</kwd><kwd>Complicações</kwd><kwd>Aborto Ilegal</kwd></kwd-group></article-meta></front><back><ref-list><ref id="B1"><element-citation publication-type="book"><source>O que é aborto?</source><date><year>1980</year></date><person-group><name><surname>BARROSO</surname><given-names>C. L. M.</given-names></name><name><surname>CUNHA</surname><given-names>M. C.</given-names></name><name><surname>BARROSO</surname><given-names>C. L. M.</given-names></name><name><surname>CUNHA</surname><given-names>M. C.</given-names></name></person-group></element-citation></ref><ref id="B2"><element-citation publication-type="book"><source>The analysis of binary data</source><date><year>1970</year></date><person-group><name><surname>COX</surname><given-names>D. R.</given-names></name><name><surname>COX</surname><given-names>D. R.</given-names></name></person-group></element-citation></ref><ref id="B3"><element-citation publication-type="article"><article-title>Aborto provocado: diferenças entre pensamento e ação</article-title><source>Revista Brasileira de Ginecologia e Obstetrícia</source><date><year>1991</year></date><fpage>111</fpage><volume>2</volume><person-group><name><surname>HARDY</surname><given-names>E.</given-names></name><name><surname>REBELLO</surname><given-names>I.</given-names></name><name><surname>RODRIGUES</surname><given-names>T.</given-names></name><name><surname>MORAES</surname><given-names>T. M.</given-names></name></person-group></element-citation></ref><ref id="B4"><element-citation publication-type="conference"><source>Tratamento do aborto incompleto: prevenção e controle das complicações imediatas</source><date><year>1988</year></date><person-group><name><surname>LADIPO</surname><given-names>A.</given-names></name><name><surname>LADIPO</surname><given-names>A.</given-names></name></person-group></element-citation></ref><ref id="B5"><element-citation publication-type="conference"><source>Morbidade e mortalidade por aborto</source><date><day>27</day><month>10</month><year>1991</year></date><person-group><name><surname>SCHOR</surname><given-names>N.</given-names></name><name><surname>SCHOR</surname><given-names>N.</given-names></name></person-group></element-citation></ref><ref id="B6"><element-citation publication-type="book"><source>Induced abortion: World Review, 1986</source><date><year>1986</year></date><person-group><name><surname>TIETZE</surname><given-names>C.</given-names></name><name><surname>HENSHAW</surname><given-names>S. K.</given-names></name><name><surname>TIETZE</surname><given-names>C.</given-names></name><name><surname>HENSHAW</surname><given-names>S. K.</given-names></name></person-group></element-citation></ref><ref id="B7"><element-citation publication-type="book"><source>Aborto: um direito ou um crime?</source><date><year>1987</year></date><person-group><name><surname>VERARDO</surname><given-names>M. T.</given-names></name><name><surname>VERARDO</surname><given-names>M. T.</given-names></name></person-group></element-citation></ref></ref-list></back></article></articles>